class,source_path,source_name,adaptive_threshold,background_median,background_mad,raw_nonblack_ratio,largest_component_frac,nonblack_ratio,mean_nonblack,std_nonblack,entropy,lap_var,top_border,bottom_border,rejected,reject_reason,selection_score,selected,selection_rank
positive,/mnt/MammoDiffusion/MammoDiffusion/experiments/diffusers/03_sd21_vae_finetuned/generated_images/final/positive/eval_pos_0000.png,eval_pos_0000.png,112.8956,99.0,1.0,0.4432563781738281,0.9570556899059356,0.449981689453125,147.12577144794847,31.447267305982063,6.0788109710365,155.1209259033203,0.0,0.0,False,,-28.97789641610639,False,
positive,/mnt/MammoDiffusion/MammoDiffusion/experiments/diffusers/03_sd21_vae_finetuned/generated_images/final/positive/eval_pos_0001.png,eval_pos_0001.png,103.8956,90.0,1.0,0.5418243408203125,0.9994226815736855,0.5364608764648438,151.509528550096,23.09351503847817,5.466685078657254,31.453086853027344,0.0,0.0,False,,-7.307104910120902,True,617.0
positive,/mnt/MammoDiffusion/MammoDiffusion/experiments/diffusers/03_sd21_vae_finetuned/generated_images/final/positive/eval_pos_0002.png,eval_pos_0002.png,74.7912,52.0,2.0,0.8468170166015625,0.9991215741391427,0.8444290161132812,130.41079318040133,34.686133513798396,7.0967679105416215,431.09039306640625,0.0,0.0,False,,-8.867261492899754,False,
positive,/mnt/MammoDiffusion/MammoDiffusion/experiments/diffusers/03_sd21_vae_finetuned/generated_images/final/positive/eval_pos_0003.png,eval_pos_0003.png,126.8956,113.0,1.0,0.2720222473144531,0.9831718296428221,0.2750205993652344,158.43792218600458,28.843645100636927,5.02174133081947,52.862464904785156,0.0,0.0,False,,-14.631549414412405,False,
positive,/mnt/MammoDiffusion/MammoDiffusion/experiments/diffusers/03_sd21_vae_finetuned/generated_images/final/positive/eval_pos_0004.png,eval_pos_0004.png,131.8956,118.0,1.0,0.20901107788085938,0.9575842747896552,0.19502639770507812,167.216293398533,27.54669180483729,5.114017719326926,215.9494171142578,0.0,0.0,False,,-29.627910269901914,False,
positive,/mnt/MammoDiffusion/MammoDiffusion/experiments/diffusers/03_sd21_vae_finetuned/generated_images/final/positive/eval_pos_0005.png,eval_pos_0005.png,220.0,208.0,33.0,0.3646736145019531,0.9711392616923126,0.3468589782714844,241.5104204471719,10.541335496574483,6.348014086343159,355.5838317871094,0.0,0.0,False,,-25.59245153187146,False,
positive,/mnt/MammoDiffusion/MammoDiffusion/experiments/diffusers/03_sd21_vae_finetuned/generated_images/final/positive/eval_pos_0006.png,eval_pos_0006.png,96.8956,83.0,1.0,0.31969451904296875,0.9794286805240675,0.3656654357910156,139.69486839771744,42.140740334619785,5.604055352908695,206.1256103515625,0.0,0.0,False,,-15.227462665377884,False,
positive,/mnt/MammoDiffusion/MammoDiffusion/experiments/diffusers/03_sd21_vae_finetuned/generated_images/final/positive/eval_pos_0007.png,eval_pos_0007.png,144.8956,131.0,1.0,0.305389404296875,0.9670480663535526,0.30236053466796875,171.3968358103505,21.52857573418421,4.692373929736948,146.52346801757812,0.0,0.0,False,,-23.87225269454487,False,
positive,/mnt/MammoDiffusion/MammoDiffusion/experiments/diffusers/03_sd21_vae_finetuned/generated_images/final/positive/eval_pos_0008.png,eval_pos_0008.png,139.8956,126.0,1.0,0.15079879760742188,0.9895272064961675,0.145355224609375,178.60466092798657,26.98146375221191,3.6986368362582023,17.943817138671875,0.0,0.0,False,,-11.754233557006902,False,
positive,/mnt/MammoDiffusion/MammoDiffusion/experiments/diffusers/03_sd21_vae_finetuned/generated_images/final/positive/eval_pos_0009.png,eval_pos_0009.png,86.8956,73.0,1.0,0.43045806884765625,0.9973325534818596,0.4234771728515625,165.31469570857206,24.399891236117252,5.443967543422744,171.1761016845703,0.0,0.0,False,,-6.844087719647879,True,405.0
positive,/mnt/MammoDiffusion/MammoDiffusion/experiments/diffusers/03_sd21_vae_finetuned/generated_images/final/positive/eval_pos_0010.png,eval_pos_0010.png,58.8956,45.0,1.0,0.7126693725585938,0.9980623267067048,0.7052040100097656,160.10431395883484,19.4354525433819,5.949357505692808,150.4472198486328,0.0,0.0,False,,-9.053426258879716,False,
positive,/mnt/MammoDiffusion/MammoDiffusion/experiments/diffusers/03_sd21_vae_finetuned/generated_images/final/positive/eval_pos_0011.png,eval_pos_0011.png,220.0,236.0,9.0,0.4058341979980469,0.9771306644608834,0.388885498046875,244.86796672683042,10.324345865774742,5.8830893565937625,365.362060546875,0.0,0.0,False,,-21.630195043250378,False,
positive,/mnt/MammoDiffusion/MammoDiffusion/experiments/diffusers/03_sd21_vae_finetuned/generated_images/final/positive/eval_pos_0012.png,eval_pos_0012.png,67.8956,54.0,1.0,0.7678375244140625,1.0,0.7621002197265625,159.25142656922614,17.309347737223828,5.692808923884137,22.152664184570312,0.0,0.0,False,,-10.028366168161345,False,
positive,/mnt/MammoDiffusion/MammoDiffusion/experiments/diffusers/03_sd21_vae_finetuned/generated_images/final/positive/eval_pos_0013.png,eval_pos_0013.png,146.8956,133.0,1.0,0.3554229736328125,0.9921864937964195,0.347930908203125,176.51849618454523,23.744930258352934,4.85135539293188,25.250473022460938,0.0,0.0,False,,-9.913221825351926,False,
positive,/mnt/MammoDiffusion/MammoDiffusion/experiments/diffusers/03_sd21_vae_finetuned/generated_images/final/positive/eval_pos_0014.png,eval_pos_0014.png,80.8956,67.0,1.0,0.3972358703613281,0.9849231271546964,0.4701728820800781,121.71405969834406,47.191578517004196,5.980267140770512,289.38897705078125,0.0,0.0,False,,-12.459135309168506,False,
positive,/mnt/MammoDiffusion/MammoDiffusion/experiments/diffusers/03_sd21_vae_finetuned/generated_images/final/positive/eval_pos_0015.png,eval_pos_0015.png,106.8956,93.0,1.0,0.4735145568847656,0.9929508817439922,0.4658851623535156,146.30440763455036,31.470490145742367,5.305602627694098,45.390846252441406,0.0,0.0,False,,-8.501417766135193,True,1264.0
positive,/mnt/MammoDiffusion/MammoDiffusion/experiments/diffusers/03_sd21_vae_finetuned/generated_images/final/positive/eval_pos_0016.png,eval_pos_0016.png,37.8956,24.0,1.0,0.4711875915527344,0.9989556262599276,0.4673919677734375,116.83507720936306,52.33748797334725,6.050312427904512,372.98114013671875,0.0,0.0,False,,-5.307478904779168,True,33.0
positive,/mnt/MammoDiffusion/MammoDiffusion/experiments/diffusers/03_sd21_vae_finetuned/generated_images/final/positive/eval_pos_0017.png,eval_pos_0017.png,220.0,226.0,4.0,0.37107086181640625,0.9772909513333471,0.3557891845703125,229.17261011279325,15.826091659945533,6.469742842353247,551.2758178710938,0.0,0.0,False,,-21.245385339288852,False,
positive,/mnt/MammoDiffusion/MammoDiffusion/experiments/diffusers/03_sd21_vae_finetuned/generated_images/final/positive/eval_pos_0018.png,eval_pos_0018.png,137.8956,124.0,1.0,0.3309669494628906,0.9590484203732091,0.3343505859375,163.03778751369111,24.118134387839458,4.999031899894583,38.25757598876953,0.0,0.0,False,,-28.09548564306194,False,
positive,/mnt/MammoDiffusion/MammoDiffusion/experiments/diffusers/03_sd21_vae_finetuned/generated_images/final/positive/eval_pos_0019.png,eval_pos_0019.png,95.8956,82.0,1.0,0.3880767822265625,0.9881354932567924,0.4560890197753906,129.67028546097808,36.318242983460614,5.750198153389884,124.76214599609375,0.0,0.0,False,,-10.598808081974038,False,
positive,/mnt/MammoDiffusion/MammoDiffusion/experiments/diffusers/03_sd21_vae_finetuned/generated_images/final/positive/eval_pos_0020.png,eval_pos_0020.png,124.8956,111.0,1.0,0.6064186096191406,0.9858651686806862,0.5967674255371094,154.3194024507955,20.225897693648264,5.561876273334397,156.0572509765625,0.0,0.0,False,,-14.473272210164833,False,
positive,/mnt/MammoDiffusion/MammoDiffusion/experiments/diffusers/03_sd21_vae_finetuned/generated_images/final/positive/eval_pos_0021.png,eval_pos_0021.png,205.0,199.0,3.0,0.03534698486328125,0.08094107489747464,0.002002716064453125,209.24380952380952,3.4088937965415953,6.2751897285706875,428.623779296875,0.0,0.0,True,too_empty,,False,
positive,/mnt/MammoDiffusion/MammoDiffusion/experiments/diffusers/03_sd21_vae_finetuned/generated_images/final/positive/eval_pos_0022.png,eval_pos_0022.png,160.85160000000002,58.0,11.0,0.09191131591796875,0.8543205777371959,0.07782363891601562,191.30596539385326,19.620026806561206,6.961888694938221,167.13511657714844,0.0,0.0,True,too_empty,,False,
positive,/mnt/MammoDiffusion/MammoDiffusion/experiments/diffusers/03_sd21_vae_finetuned/generated_images/final/positive/eval_pos_0023.png,eval_pos_0023.png,220.0,218.0,31.0,0.20676422119140625,0.8327183498763884,0.16423797607421875,247.51172945603196,17.28382233836225,7.054930313055404,333.895751953125,0.0,0.0,False,,-104.11060508958708,False,
positive,/mnt/MammoDiffusion/MammoDiffusion/experiments/diffusers/03_sd21_vae_finetuned/generated_images/final/positive/eval_pos_0024.png,eval_pos_0024.png,220.0,255.0,0.0,0.16396331787109375,0.5709366711646736,0.08837890625,254.86723066298342,1.4954696999906647,6.005113206612024,467.15447998046875,0.0,0.0,True,too_empty,,False,
positive,/mnt/MammoDiffusion/MammoDiffusion/experiments/diffusers/03_sd21_vae_finetuned/generated_images/final/positive/eval_pos_0025.png,eval_pos_0025.png,106.8956,93.0,1.0,0.6741256713867188,0.9978383639470795,0.6674537658691406,146.70040978687652,20.486821936717323,5.756049461443514,72.92106628417969,0.0,0.0,False,,-8.344475942639189,True,1172.0
positive,/mnt/MammoDiffusion/MammoDiffusion/experiments/diffusers/03_sd21_vae_finetuned/generated_images/final/positive/eval_pos_0026.png,eval_pos_0026.png,95.8956,82.0,1.0,0.615936279296875,0.9978942674528068,0.60882568359375,160.68128446115287,21.714785524619735,5.886903975743744,159.0065155029297,0.0,0.0,False,,-8.281461972096112,True,1145.0
positive,/mnt/MammoDiffusion/MammoDiffusion/experiments/diffusers/03_sd21_vae_finetuned/generated_images/final/positive/eval_pos_0027.png,eval_pos_0027.png,116.7912,94.0,2.0,0.5357170104980469,0.9470217538362944,0.5707778930664062,142.97108122919812,30.812075932788474,6.693952478480455,252.0396270751953,0.0,0.0,False,,-35.768267274239086,False,
positive,/mnt/MammoDiffusion/MammoDiffusion/experiments/diffusers/03_sd21_vae_finetuned/generated_images/final/positive/eval_pos_0028.png,eval_pos_0028.png,127.8956,114.0,1.0,0.3348045349121094,0.9949753324142332,0.33029937744140625,161.80754394474857,23.260089657330653,4.800958779834242,33.06824493408203,0.0,0.0,False,,-8.009129668430297,True,986.0
positive,/mnt/MammoDiffusion/MammoDiffusion/experiments/diffusers/03_sd21_vae_finetuned/generated_images/final/positive/eval_pos_0029.png,eval_pos_0029.png,58.8956,45.0,1.0,0.6273841857910156,0.9977381205727662,0.6199913024902344,159.2129984556412,19.483527876294797,5.733019175799226,193.4603271484375,0.0,0.0,False,,-8.36207944102384,True,1184.0
positive,/mnt/MammoDiffusion/MammoDiffusion/experiments/diffusers/03_sd21_vae_finetuned/generated_images/final/positive/eval_pos_0030.png,eval_pos_0030.png,199.0,193.0,3.0,0.034984588623046875,0.35535928470177736,0.008056640625,215.77746212121212,9.964458791811861,6.385123639091634,293.92071533203125,0.0,0.0,True,too_empty,,False,
positive,/mnt/MammoDiffusion/MammoDiffusion/experiments/diffusers/03_sd21_vae_finetuned/generated_images/final/positive/eval_pos_0031.png,eval_pos_0031.png,220.0,138.0,55.0,0.10892486572265625,0.7022133501435875,0.07351303100585938,254.81204919308806,0.9677279786062247,6.378019033806382,214.54212951660156,0.0,0.0,True,too_empty,,False,
positive,/mnt/MammoDiffusion/MammoDiffusion/experiments/diffusers/03_sd21_vae_finetuned/generated_images/final/positive/eval_pos_0032.png,eval_pos_0032.png,101.8956,88.0,1.0,0.724639892578125,0.9964360918088019,0.7232704162597656,137.68135716583774,22.52615389992308,6.1296492429367175,68.99552917480469,0.0,0.0,False,,-9.452825095392907,False,
positive,/mnt/MammoDiffusion/MammoDiffusion/experiments/diffusers/03_sd21_vae_finetuned/generated_images/final/positive/eval_pos_0033.png,eval_pos_0033.png,214.0,204.0,6.0,0.032573699951171875,0.0514111722684155,0.001598358154296875,246.27684964200478,11.541963020285618,6.057242550006277,359.5650634765625,0.0,0.0,True,too_empty,,False,
positive,/mnt/MammoDiffusion/MammoDiffusion/experiments/diffusers/03_sd21_vae_finetuned/generated_images/final/positive/eval_pos_0034.png,eval_pos_0034.png,86.8956,73.0,1.0,0.4732551574707031,1.0,0.4677886962890625,154.27360798512575,27.853016941947196,5.173113984447087,35.01799774169922,0.0,0.0,False,,-6.6193280198614595,True,332.0
positive,/mnt/MammoDiffusion/MammoDiffusion/experiments/diffusers/03_sd21_vae_finetuned/generated_images/final/positive/eval_pos_0035.png,eval_pos_0035.png,94.7912,72.0,2.0,0.810455322265625,0.9972370749708175,0.8026962280273438,130.29784908422124,25.12869921247518,6.343140046099821,58.458831787109375,0.0,0.0,False,,-9.357635498577725,False,
positive,/mnt/MammoDiffusion/MammoDiffusion/experiments/diffusers/03_sd21_vae_finetuned/generated_images/final/positive/eval_pos_0036.png,eval_pos_0036.png,94.8956,81.0,1.0,0.3820762634277344,0.9629588953563833,0.4351387023925781,132.424401020435,38.96704788681835,5.775596277971594,170.40887451171875,0.0,0.0,False,,-24.302400284756175,False,
positive,/mnt/MammoDiffusion/MammoDiffusion/experiments/diffusers/03_sd21_vae_finetuned/generated_images/final/positive/eval_pos_0037.png,eval_pos_0037.png,109.8956,96.0,1.0,0.4162788391113281,1.0,0.4107933044433594,157.24436561516245,25.85841225530322,5.0313793970850105,32.516624450683594,0.0,0.0,False,,-6.330041599097928,True,226.0
positive,/mnt/MammoDiffusion/MammoDiffusion/experiments/diffusers/03_sd21_vae_finetuned/generated_images/final/positive/eval_pos_0038.png,eval_pos_0038.png,123.8956,110.0,1.0,0.7607345581054688,0.9746316855713011,0.750885009765625,149.9245478561268,20.616082756964765,6.080594974080464,85.16909790039062,0.0,0.0,False,,-22.186301930400994,False,
positive,/mnt/MammoDiffusion/MammoDiffusion/experiments/diffusers/03_sd21_vae_finetuned/generated_images/final/positive/eval_pos_0039.png,eval_pos_0039.png,21.8956,8.0,1.0,0.4645881652832031,0.9991789077831331,0.46051025390625,105.93365639496355,54.756275127049676,5.953668637046331,473.605712890625,0.0,0.0,False,,-5.003603334904873,True,13.0
positive,/mnt/MammoDiffusion/MammoDiffusion/experiments/diffusers/03_sd21_vae_finetuned/generated_images/final/positive/eval_pos_0040.png,eval_pos_0040.png,16.8956,3.0,1.0,0.7457962036132812,0.9996010352623449,0.7416725158691406,89.19242381380995,51.52275697701877,6.775788291230544,451.5992126464844,0.0,0.0,False,,-7.231193067053775,True,579.0
positive,/mnt/MammoDiffusion/MammoDiffusion/experiments/diffusers/03_sd21_vae_finetuned/generated_images/final/positive/eval_pos_0041.png,eval_pos_0041.png,68.8956,55.0,1.0,0.7024345397949219,0.9843161959172148,0.7826156616210938,111.56923931798906,44.5445861138693,7.109462646956656,474.8047790527344,0.0,0.0,False,,-15.290300875702085,False,
positive,/mnt/MammoDiffusion/MammoDiffusion/experiments/diffusers/03_sd21_vae_finetuned/generated_images/final/positive/eval_pos_0042.png,eval_pos_0042.png,127.8956,114.0,1.0,0.3194580078125,0.9848227932747421,0.31627655029296875,163.15278012302497,29.368452723428426,5.161017256581909,40.898582458496094,0.0,0.0,False,,-13.69564812227317,False,
positive,/mnt/MammoDiffusion/MammoDiffusion/experiments/diffusers/03_sd21_vae_finetuned/generated_images/final/positive/eval_pos_0043.png,eval_pos_0043.png,105.8956,92.0,1.0,0.20703125,0.9620798938679245,0.20415878295898438,166.05356976027204,39.912754826285195,4.687408290216782,179.0165557861328,0.0,0.0,False,,-25.786655507215922,False,
positive,/mnt/MammoDiffusion/MammoDiffusion/experiments/diffusers/03_sd21_vae_finetuned/generated_images/final/positive/eval_pos_0044.png,eval_pos_0044.png,77.8956,64.0,1.0,0.2716407775878906,0.9254588605372916,0.24603271484375,133.99975192259984,51.80234377495382,5.1957823717646425,306.78411865234375,0.0,0.0,False,,-45.98206811542221,False,
positive,/mnt/MammoDiffusion/MammoDiffusion/experiments/diffusers/03_sd21_vae_finetuned/generated_images/final/positive/eval_pos_0045.png,eval_pos_0045.png,101.8956,88.0,1.0,0.511199951171875,0.9995298788132052,0.5058097839355469,151.5736415400279,22.394138960056083,5.061675117865614,24.225502014160156,0.0,0.0,False,,-6.821129437129079,True,393.0
positive,/mnt/MammoDiffusion/MammoDiffusion/experiments/diffusers/03_sd21_vae_finetuned/generated_images/final/positive/eval_pos_0046.png,eval_pos_0046.png,87.8956,74.0,1.0,0.3233604431152344,0.9666851487017354,0.29296112060546875,148.29127060600536,43.69154658630055,5.938963254584262,362.1131591796875,0.0,0.0,False,,-23.303383286852515,False,
positive,/mnt/MammoDiffusion/MammoDiffusion/experiments/diffusers/03_sd21_vae_finetuned/generated_images/final/positive/eval_pos_0047.png,eval_pos_0047.png,92.8956,79.0,1.0,0.33184051513671875,0.9413265892631337,0.31656646728515625,140.72603812691298,41.893340645236755,5.9304625090748155,254.6527557373047,0.0,0.0,False,,-36.99005399233041,False,
positive,/mnt/MammoDiffusion/MammoDiffusion/experiments/diffusers/03_sd21_vae_finetuned/generated_images/final/positive/eval_pos_0048.png,eval_pos_0048.png,86.8956,73.0,1.0,0.4403190612792969,0.8873400504214786,0.4266395568847656,127.40933110397796,40.973474225371596,6.3815239615655965,297.57672119140625,0.0,0.0,False,,-66.46741198753048,False,
positive,/mnt/MammoDiffusion/MammoDiffusion/experiments/diffusers/03_sd21_vae_finetuned/generated_images/final/positive/eval_pos_0049.png,eval_pos_0049.png,30.8956,17.0,1.0,0.5921058654785156,1.0,0.5862274169921875,158.71950076784924,22.983442390532332,5.794576651559969,70.48990631103516,0.0,0.0,False,,-8.466283208727525,True,1244.0
positive,/mnt/MammoDiffusion/MammoDiffusion/experiments/diffusers/03_sd21_vae_finetuned/generated_images/final/positive/eval_pos_0050.png,eval_pos_0050.png,124.8956,111.0,1.0,0.4746131896972656,0.9964956557383637,0.46846771240234375,164.66951126166475,21.56660693746825,5.337017493283941,121.04521179199219,0.0,0.0,False,,-7.748849993528227,True,833.0
positive,/mnt/MammoDiffusion/MammoDiffusion/experiments/diffusers/03_sd21_vae_finetuned/generated_images/final/positive/eval_pos_0051.png,eval_pos_0051.png,220.0,255.0,0.0,0.24890899658203125,0.9873716475095785,0.23669052124023438,254.90157461279352,0.9501569025588531,6.077848473285819,629.9859619140625,0.0,0.0,True,low_contrast,,False,
positive,/mnt/MammoDiffusion/MammoDiffusion/experiments/diffusers/03_sd21_vae_finetuned/generated_images/final/positive/eval_pos_0052.png,eval_pos_0052.png,100.8956,87.0,1.0,0.69085693359375,1.0,0.6846961975097656,155.68859930134994,23.699446085218916,5.946432074843521,33.92369842529297,0.0,0.0,False,,-9.181762311311756,False,
positive,/mnt/MammoDiffusion/MammoDiffusion/experiments/diffusers/03_sd21_vae_finetuned/generated_images/final/positive/eval_pos_0053.png,eval_pos_0053.png,98.8956,85.0,1.0,0.5152091979980469,0.9979490444916667,0.5110740661621094,145.44715805187536,30.667425463389538,5.811080644388732,47.857017517089844,0.0,0.0,False,,-6.556494909677029,True,307.0
positive,/mnt/MammoDiffusion/MammoDiffusion/experiments/diffusers/03_sd21_vae_finetuned/generated_images/final/positive/eval_pos_0054.png,eval_pos_0054.png,10.0,0.0,0.0,0.8917884826660156,0.9992257578803732,0.8862724304199219,99.67100817368323,48.95737447511083,7.0698889560675555,508.6860656738281,0.0,0.0,False,,-8.35634726418873,True,1180.0
positive,/mnt/MammoDiffusion/MammoDiffusion/experiments/diffusers/03_sd21_vae_finetuned/generated_images/final/positive/eval_pos_0055.png,eval_pos_0055.png,128.8956,115.0,1.0,0.3036308288574219,0.992914127771845,0.2968864440917969,171.03532193197734,23.521649947256375,4.670069580434328,148.50360107421875,0.0,0.0,False,,-9.371213306204902,False,
positive,/mnt/MammoDiffusion/MammoDiffusion/experiments/diffusers/03_sd21_vae_finetuned/generated_images/final/positive/eval_pos_0056.png,eval_pos_0056.png,122.8956,109.0,1.0,0.5244064331054688,0.989626827671492,0.5564422607421875,148.9011503551156,25.385919462369614,5.932474095981041,244.53396606445312,0.0,0.0,False,,-11.839029939680383,False,
positive,/mnt/MammoDiffusion/MammoDiffusion/experiments/diffusers/03_sd21_vae_finetuned/generated_images/final/positive/eval_pos_0057.png,eval_pos_0057.png,132.8956,119.0,1.0,0.33921051025390625,0.9857740491666854,0.32651519775390625,161.66921746851415,26.73705092590139,5.265890668865865,55.207923889160156,0.0,0.0,False,,-13.324621145937133,False,
positive,/mnt/MammoDiffusion/MammoDiffusion/experiments/diffusers/03_sd21_vae_finetuned/generated_images/final/positive/eval_pos_0058.png,eval_pos_0058.png,54.8956,41.0,1.0,0.4705047607421875,0.9974217609858926,0.4632110595703125,166.2056692031492,21.740041935100454,5.665399633122648,225.55795288085938,0.0,0.0,False,,-7.428714986281377,True,664.0
positive,/mnt/MammoDiffusion/MammoDiffusion/experiments/diffusers/03_sd21_vae_finetuned/generated_images/final/positive/eval_pos_0059.png,eval_pos_0059.png,10.0,0.0,0.0,0.66510009765625,0.998256400844269,0.6577262878417969,151.7670964336877,22.803499128500835,5.27467720494395,230.5262451171875,0.0,0.0,False,,-7.3695785746762645,True,638.0
positive,/mnt/MammoDiffusion/MammoDiffusion/experiments/diffusers/03_sd21_vae_finetuned/generated_images/final/positive/eval_pos_0060.png,eval_pos_0060.png,137.8956,124.0,1.0,0.2846260070800781,0.8736815300282793,0.26294708251953125,166.57394458145944,26.072457486398765,5.417269752419454,129.88754272460938,0.0,0.0,False,,-76.24497891468744,False,
positive,/mnt/MammoDiffusion/MammoDiffusion/experiments/diffusers/03_sd21_vae_finetuned/generated_images/final/positive/eval_pos_0061.png,eval_pos_0061.png,98.8956,85.0,1.0,0.478973388671875,1.0,0.4735107421875,155.79762019850477,25.99547527795757,5.409256372759186,39.06089782714844,0.0,0.0,False,,-7.063329751665705,True,497.0
positive,/mnt/MammoDiffusion/MammoDiffusion/experiments/diffusers/03_sd21_vae_finetuned/generated_images/final/positive/eval_pos_0062.png,eval_pos_0062.png,104.8956,91.0,1.0,0.46984100341796875,0.9967361122387672,0.4634666442871094,158.82321906251286,27.07820699753974,5.4445261333057235,152.3511199951172,0.0,0.0,False,,-7.08118727565136,True,502.0
positive,/mnt/MammoDiffusion/MammoDiffusion/experiments/diffusers/03_sd21_vae_finetuned/generated_images/final/positive/eval_pos_0063.png,eval_pos_0063.png,46.8956,33.0,1.0,0.5428504943847656,0.9988124099645128,0.5562667846679688,111.60861872694106,52.33316861630133,6.485174560529593,456.56988525390625,0.0,0.0,False,,-5.992771278726549,True,146.0
positive,/mnt/MammoDiffusion/MammoDiffusion/experiments/diffusers/03_sd21_vae_finetuned/generated_images/final/positive/eval_pos_0064.png,eval_pos_0064.png,17.8956,4.0,1.0,0.6185951232910156,0.9983226546456916,0.6116104125976562,156.4921786315724,21.956330542580513,5.84051118742203,305.5435791015625,0.0,0.0,False,,-7.691137480241133,True,803.0
positive,/mnt/MammoDiffusion/MammoDiffusion/experiments/diffusers/03_sd21_vae_finetuned/generated_images/final/positive/eval_pos_0065.png,eval_pos_0065.png,210.0,195.0,12.0,0.041412353515625,0.035924834193072956,0.00142669677734375,218.14973262032086,4.397864994067942,6.315828716986821,276.4515075683594,0.0,0.0,True,too_empty,,False,
positive,/mnt/MammoDiffusion/MammoDiffusion/experiments/diffusers/03_sd21_vae_finetuned/generated_images/final/positive/eval_pos_0066.png,eval_pos_0066.png,91.8956,78.0,1.0,0.37652587890625,0.9961095801588589,0.43343353271484375,130.43062963158542,39.02267057415398,5.683693893125887,135.48899841308594,0.0,0.0,False,,-5.772075676701736,True,101.0
positive,/mnt/MammoDiffusion/MammoDiffusion/experiments/diffusers/03_sd21_vae_finetuned/generated_images/final/positive/eval_pos_0067.png,eval_pos_0067.png,64.8956,51.0,1.0,0.5251350402832031,1.0,0.519683837890625,156.32597333959717,24.776230646049516,5.710502676178355,44.2220458984375,0.0,0.0,False,,-7.767373120424118,True,847.0
positive,/mnt/MammoDiffusion/MammoDiffusion/experiments/diffusers/03_sd21_vae_finetuned/generated_images/final/positive/eval_pos_0068.png,eval_pos_0068.png,144.8956,131.0,1.0,0.23848724365234375,0.957836143190761,0.1377105712890625,160.17548476454294,13.640573443905383,4.671470820755884,26.653366088867188,0.0,0.0,False,,-30.438452469752818,False,
positive,/mnt/MammoDiffusion/MammoDiffusion/experiments/diffusers/03_sd21_vae_finetuned/generated_images/final/positive/eval_pos_0069.png,eval_pos_0069.png,106.8956,93.0,1.0,0.4096183776855469,0.9979977463004871,0.3991889953613281,150.04362368006116,25.968234040938093,5.082311488151348,30.12097930908203,0.0,0.0,False,,-5.59665011103698,True,67.0
positive,/mnt/MammoDiffusion/MammoDiffusion/experiments/diffusers/03_sd21_vae_finetuned/generated_images/final/positive/eval_pos_0070.png,eval_pos_0070.png,122.0,117.0,0.0,0.4114494323730469,0.9883088105767716,0.4046516418457031,146.81763247452324,18.981357940002276,5.004274220338081,30.557823181152344,0.0,0.0,False,,-11.284873088282737,False,
positive,/mnt/MammoDiffusion/MammoDiffusion/experiments/diffusers/03_sd21_vae_finetuned/generated_images/final/positive/eval_pos_0071.png,eval_pos_0071.png,118.8956,105.0,1.0,0.5775680541992188,0.9980515963700249,0.5725021362304688,159.27600980823306,24.165681918989996,5.895658261237582,152.09857177734375,0.0,0.0,False,,-7.75031593804756,True,836.0
positive,/mnt/MammoDiffusion/MammoDiffusion/experiments/diffusers/03_sd21_vae_finetuned/generated_images/final/positive/eval_pos_0072.png,eval_pos_0072.png,10.0,0.0,0.0,0.9362449645996094,1.0,0.9252967834472656,134.33984441027206,22.478306873416475,6.115808024265288,33.75769805908203,0.0,0.0,False,,-10.405180611397084,False,
positive,/mnt/MammoDiffusion/MammoDiffusion/experiments/diffusers/03_sd21_vae_finetuned/generated_images/final/positive/eval_pos_0073.png,eval_pos_0073.png,42.0,37.0,0.0,0.6988563537597656,0.9974345118203504,0.6910247802734375,151.33118223772826,24.983669714905755,5.875601180699063,237.57362365722656,0.0,0.0,False,,-8.466605021279973,True,1246.0
positive,/mnt/MammoDiffusion/MammoDiffusion/experiments/diffusers/03_sd21_vae_finetuned/generated_images/final/positive/eval_pos_0074.png,eval_pos_0074.png,100.8956,87.0,1.0,0.344024658203125,0.9431052071320856,0.32822418212890625,131.07439390065318,34.0272460869704,6.291150978540815,66.105224609375,0.0,0.0,False,,-36.55159129342634,False,
positive,/mnt/MammoDiffusion/MammoDiffusion/experiments/diffusers/03_sd21_vae_finetuned/generated_images/final/positive/eval_pos_0075.png,eval_pos_0075.png,123.8956,110.0,1.0,0.3722648620605469,0.993441749413344,0.36792755126953125,163.90809745982375,27.26487501909713,4.843946070247105,119.27259063720703,0.0,0.0,False,,-8.324479768866883,True,1159.0
positive,/mnt/MammoDiffusion/MammoDiffusion/experiments/diffusers/03_sd21_vae_finetuned/generated_images/final/positive/eval_pos_0076.png,eval_pos_0076.png,51.8956,38.0,1.0,0.5557441711425781,0.9984487078285341,0.564666748046875,110.83621574879749,48.36494103771583,6.4082897449402445,548.9185180664062,0.0,0.0,False,,-5.438995630460847,True,51.0
positive,/mnt/MammoDiffusion/MammoDiffusion/experiments/diffusers/03_sd21_vae_finetuned/generated_images/final/positive/eval_pos_0077.png,eval_pos_0077.png,15.8956,2.0,1.0,0.7597694396972656,0.9983029487520648,0.7522392272949219,149.6578665787672,24.01568453535659,6.148856390945142,234.60116577148438,0.0,0.0,False,,-8.687314065583688,True,1347.0
positive,/mnt/MammoDiffusion/MammoDiffusion/experiments/diffusers/03_sd21_vae_finetuned/generated_images/final/positive/eval_pos_0078.png,eval_pos_0078.png,121.8956,108.0,1.0,0.451934814453125,0.9958049159295024,0.4444313049316406,168.8905283035063,22.72860156710098,5.456289308686454,159.53988647460938,0.0,0.0,False,,-8.087317976352098,True,1036.0
positive,/mnt/MammoDiffusion/MammoDiffusion/experiments/diffusers/03_sd21_vae_finetuned/generated_images/final/positive/eval_pos_0079.png,eval_pos_0079.png,142.8956,129.0,1.0,0.2607879638671875,0.9912088233573225,0.26398468017578125,165.8565937400653,21.124119976671857,4.720845793576114,29.08721160888672,0.0,0.0,False,,-10.748093576322326,False,
positive,/mnt/MammoDiffusion/MammoDiffusion/experiments/diffusers/03_sd21_vae_finetuned/generated_images/final/positive/eval_pos_0080.png,eval_pos_0080.png,28.8956,15.0,1.0,0.7946052551269531,0.9994095083556968,0.7924766540527344,95.50466201027231,49.423358743368155,7.099269704868438,614.6986083984375,0.0,0.0,False,,-7.629885347808541,True,774.0
positive,/mnt/MammoDiffusion/MammoDiffusion/experiments/diffusers/03_sd21_vae_finetuned/generated_images/final/positive/eval_pos_0081.png,eval_pos_0081.png,33.8956,20.0,1.0,0.760711669921875,0.9995185942953424,0.7565155029296875,113.12895580790254,46.14495449002401,6.969598744097076,451.24969482421875,0.0,0.0,False,,-7.82851212317878,True,882.0
positive,/mnt/MammoDiffusion/MammoDiffusion/experiments/diffusers/03_sd21_vae_finetuned/generated_images/final/positive/eval_pos_0082.png,eval_pos_0082.png,115.0,110.0,0.0,0.3127021789550781,1.0,0.3074455261230469,166.5034927725045,28.85002147787687,4.08031173904064,15.792091369628906,0.0,0.0,False,,-6.071197079801765,True,162.0
positive,/mnt/MammoDiffusion/MammoDiffusion/experiments/diffusers/03_sd21_vae_finetuned/generated_images/final/positive/eval_pos_0083.png,eval_pos_0083.png,208.0,189.0,5.0,0.0482635498046875,0.8022447043945621,0.04045867919921875,219.61531208749764,9.197410008748957,7.02647808051161,511.082763671875,0.0,0.0,True,too_empty,,False,
positive,/mnt/MammoDiffusion/MammoDiffusion/experiments/diffusers/03_sd21_vae_finetuned/generated_images/final/positive/eval_pos_0084.png,eval_pos_0084.png,52.8956,39.0,1.0,0.7336463928222656,1.0,0.7275810241699219,118.19286849017726,30.08187905521609,6.352773260458006,62.9375,0.0,0.0,False,,-8.239282834912045,True,1117.0
positive,/mnt/MammoDiffusion/MammoDiffusion/experiments/diffusers/03_sd21_vae_finetuned/generated_images/final/positive/eval_pos_0085.png,eval_pos_0085.png,113.8956,100.0,1.0,0.47525787353515625,0.9999598670797681,0.4740028381347656,152.96324553143887,24.854452930350984,5.232114116275744,30.58856964111328,0.0,0.0,False,,-6.874229274370791,True,416.0
positive,/mnt/MammoDiffusion/MammoDiffusion/experiments/diffusers/03_sd21_vae_finetuned/generated_images/final/positive/eval_pos_0086.png,eval_pos_0086.png,91.8956,78.0,1.0,0.5997200012207031,0.9994211674607062,0.5936317443847656,153.38303655770255,25.796432739585892,5.978505381591281,44.886138916015625,0.0,0.0,False,,-8.045910863500916,True,1012.0
positive,/mnt/MammoDiffusion/MammoDiffusion/experiments/diffusers/03_sd21_vae_finetuned/generated_images/final/positive/eval_pos_0087.png,eval_pos_0087.png,144.8956,131.0,1.0,0.3417167663574219,0.9771598254055079,0.3541603088378906,157.108314214625,12.322507608168959,4.85814858583612,17.268463134765625,0.0,0.0,False,,-18.444577263487304,False,
positive,/mnt/MammoDiffusion/MammoDiffusion/experiments/diffusers/03_sd21_vae_finetuned/generated_images/final/positive/eval_pos_0088.png,eval_pos_0088.png,103.0,98.0,0.0,0.6235275268554688,0.999375971221261,0.6184158325195312,151.8504139062635,21.089093643188203,5.386546926277527,28.00041961669922,0.0,0.0,False,,-7.9110351802305905,True,927.0
positive,/mnt/MammoDiffusion/MammoDiffusion/experiments/diffusers/03_sd21_vae_finetuned/generated_images/final/positive/eval_pos_0089.png,eval_pos_0089.png,83.8956,70.0,1.0,0.7294082641601562,0.9982532294336071,0.7231025695800781,133.9698613082081,28.833659984072703,6.418121730451144,262.5724182128906,0.0,0.0,False,,-7.929786327629926,True,939.0
positive,/mnt/MammoDiffusion/MammoDiffusion/experiments/diffusers/03_sd21_vae_finetuned/generated_images/final/positive/eval_pos_0090.png,eval_pos_0090.png,117.8956,104.0,1.0,0.7355422973632812,0.991079670985074,0.7486190795898438,144.10691682887804,21.82547848779271,6.1113826910616025,69.1260986328125,0.0,0.0,False,,-12.825466321222187,False,
positive,/mnt/MammoDiffusion/MammoDiffusion/experiments/diffusers/03_sd21_vae_finetuned/generated_images/final/positive/eval_pos_0091.png,eval_pos_0091.png,92.8956,79.0,1.0,0.5584220886230469,0.9878472815209001,0.6342887878417969,129.25029018192754,37.02200889370981,6.407301368691696,269.9190673828125,0.0,0.0,False,,-12.366573807533863,False,
positive,/mnt/MammoDiffusion/MammoDiffusion/experiments/diffusers/03_sd21_vae_finetuned/generated_images/final/positive/eval_pos_0092.png,eval_pos_0092.png,86.8956,73.0,1.0,0.6342697143554688,0.9907199133938774,0.68475341796875,124.53974284695606,35.146558836706156,6.71443202907646,259.5946350097656,0.0,0.0,False,,-11.415707650362531,False,
positive,/mnt/MammoDiffusion/MammoDiffusion/experiments/diffusers/03_sd21_vae_finetuned/generated_images/final/positive/eval_pos_0093.png,eval_pos_0093.png,35.8956,22.0,1.0,0.83294677734375,0.9993496739210083,0.8344650268554688,100.31685942857143,50.488430834227024,7.222602935906689,615.7510375976562,0.0,0.0,False,,-8.222250739658207,True,1100.0
positive,/mnt/MammoDiffusion/MammoDiffusion/experiments/diffusers/03_sd21_vae_finetuned/generated_images/final/positive/eval_pos_0094.png,eval_pos_0094.png,74.7912,52.0,2.0,0.35666656494140625,0.9936790091766668,0.3983154296875,125.45785128715906,49.243239433048146,6.0064311948909985,333.4801025390625,0.0,0.0,False,,-7.401134269344141,True,647.0
positive,/mnt/MammoDiffusion/MammoDiffusion/experiments/diffusers/03_sd21_vae_finetuned/generated_images/final/positive/eval_pos_0095.png,eval_pos_0095.png,111.8956,98.0,1.0,0.20169830322265625,0.9089155350455801,0.17739486694335938,151.67954755607164,40.33958294383128,5.585791979763808,200.14280700683594,0.0,0.0,False,,-55.87675487028546,False,
positive,/mnt/MammoDiffusion/MammoDiffusion/experiments/diffusers/03_sd21_vae_finetuned/generated_images/final/positive/eval_pos_0096.png,eval_pos_0096.png,21.8956,8.0,1.0,0.3980865478515625,0.9990704894783242,0.39395904541015625,101.42406607665046,53.28182697898903,5.391853017017312,336.373046875,0.0,0.0,False,,-3.984360583442799,True,1.0
positive,/mnt/MammoDiffusion/MammoDiffusion/experiments/diffusers/03_sd21_vae_finetuned/generated_images/final/positive/eval_pos_0097.png,eval_pos_0097.png,67.8956,54.0,1.0,0.4356880187988281,0.9968917723901832,0.4285697937011719,168.6896579347913,22.894172283523297,5.354323853033094,157.07977294921875,0.0,0.0,False,,-7.261636646999274,True,590.0
positive,/mnt/MammoDiffusion/MammoDiffusion/experiments/diffusers/03_sd21_vae_finetuned/generated_images/final/positive/eval_pos_0098.png,eval_pos_0098.png,148.8956,135.0,1.0,0.25727081298828125,0.9885382995759319,0.2644805908203125,171.74545664339698,21.64585695269297,4.629637808267075,22.327064514160156,0.0,0.0,False,,-12.28906306747204,False,
positive,/mnt/MammoDiffusion/MammoDiffusion/experiments/diffusers/03_sd21_vae_finetuned/generated_images/final/positive/eval_pos_0099.png,eval_pos_0099.png,10.0,0.0,0.0,0.7125740051269531,0.999229109675209,0.7096672058105469,85.18785174832692,53.318673689794295,6.242555970426217,523.9968872070312,0.0,0.0,False,,-6.1987633253929095,True,195.0
positive,/mnt/MammoDiffusion/MammoDiffusion/experiments/diffusers/03_sd21_vae_finetuned/generated_images/final/positive/gen_0100.png,gen_0100.png,62.8956,49.0,1.0,0.8436775207519531,0.9985757240069632,0.8347129821777344,122.43378196193132,28.77918204718583,6.6374907734824635,211.64512634277344,0.0,0.0,False,,-8.489798504731832,True,1257.0
positive,/mnt/MammoDiffusion/MammoDiffusion/experiments/diffusers/03_sd21_vae_finetuned/generated_images/final/positive/gen_0101.png,gen_0101.png,99.0,94.0,0.0,0.5216445922851562,0.9968116069208606,0.5176239013671875,143.70311440615512,27.06128521473415,4.988842169845526,24.07563018798828,0.0,0.0,False,,-6.652687291513565,True,341.0
positive,/mnt/MammoDiffusion/MammoDiffusion/experiments/diffusers/03_sd21_vae_finetuned/generated_images/final/positive/gen_0102.png,gen_0102.png,92.0,87.0,0.0,0.5709724426269531,0.9965325333885634,0.5632514953613281,157.50899744671628,22.478137249984005,5.124516402580708,157.95518493652344,0.0,0.0,False,,-7.829523598416776,True,884.0
positive,/mnt/MammoDiffusion/MammoDiffusion/experiments/diffusers/03_sd21_vae_finetuned/generated_images/final/positive/gen_0103.png,gen_0103.png,19.8956,6.0,1.0,0.7977638244628906,0.9985606969860708,0.7893905639648438,148.29943363584525,22.144449152465363,6.2876273855981575,247.6407470703125,0.0,0.0,False,,-9.045550717851741,False,
positive,/mnt/MammoDiffusion/MammoDiffusion/experiments/diffusers/03_sd21_vae_finetuned/generated_images/final/positive/gen_0104.png,gen_0104.png,68.8956,55.0,1.0,0.4844398498535156,0.9937476868803793,0.5574493408203125,112.11100922453672,45.24329792306346,6.286111995228447,346.81268310546875,0.0,0.0,False,,-7.947581308123793,True,950.0
positive,/mnt/MammoDiffusion/MammoDiffusion/experiments/diffusers/03_sd21_vae_finetuned/generated_images/final/positive/gen_0105.png,gen_0105.png,88.8956,75.0,1.0,0.5221023559570312,0.996580597080356,0.5112991333007812,155.9207439903308,23.242264347269842,5.626826429280705,97.46619415283203,0.0,0.0,False,,-7.919470204775632,True,932.0
positive,/mnt/MammoDiffusion/MammoDiffusion/experiments/diffusers/03_sd21_vae_finetuned/generated_images/final/positive/gen_0106.png,gen_0106.png,61.0,56.0,0.0,0.6589126586914062,0.9983616048167661,0.6569366455078125,118.09378556662718,37.796904619598685,6.086713839043995,248.42892456054688,0.0,0.0,False,,-5.996370706837686,True,147.0
positive,/mnt/MammoDiffusion/MammoDiffusion/experiments/diffusers/03_sd21_vae_finetuned/generated_images/final/positive/gen_0107.png,gen_0107.png,161.7472,50.0,12.0,0.09196090698242188,0.9056705521217904,0.08098220825195312,190.73686937679588,16.131671441983915,7.001862673723384,130.92385864257812,0.0,0.0,True,too_empty,,False,
positive,/mnt/MammoDiffusion/MammoDiffusion/experiments/diffusers/03_sd21_vae_finetuned/generated_images/final/positive/gen_0108.png,gen_0108.png,105.8956,92.0,1.0,0.49925994873046875,0.995858738672657,0.5092658996582031,144.38000464415998,29.183835411909474,5.841376028358873,56.938270568847656,0.0,0.0,False,,-7.795731124705754,True,861.0
positive,/mnt/MammoDiffusion/MammoDiffusion/experiments/diffusers/03_sd21_vae_finetuned/generated_images/final/positive/gen_0109.png,gen_0109.png,76.0,71.0,0.0,0.6223869323730469,0.9972296282675983,0.6147804260253906,158.01781448365298,22.04159209815873,5.467777600394976,191.55194091796875,0.0,0.0,False,,-8.133139679865264,True,1053.0
positive,/mnt/MammoDiffusion/MammoDiffusion/experiments/diffusers/03_sd21_vae_finetuned/generated_images/final/positive/gen_0110.png,gen_0110.png,110.8956,97.0,1.0,0.3872489929199219,0.9961877555041126,0.37931060791015625,171.9776334050727,20.061367788609555,5.034372470614923,182.76214599609375,0.0,0.0,False,,-7.587664942163119,True,752.0
positive,/mnt/MammoDiffusion/MammoDiffusion/experiments/diffusers/03_sd21_vae_finetuned/generated_images/final/positive/gen_0111.png,gen_0111.png,77.8956,64.0,1.0,0.7898826599121094,0.9989085447424214,0.8068046569824219,128.66085891659063,38.34573616705188,7.0970321870122,362.4355773925781,0.0,0.0,False,,-8.268227277739838,True,1135.0
positive,/mnt/MammoDiffusion/MammoDiffusion/experiments/diffusers/03_sd21_vae_finetuned/generated_images/final/positive/gen_0112.png,gen_0112.png,146.8956,133.0,1.0,0.15744400024414062,0.6601410122840597,0.10056304931640625,188.01164555041348,20.2504793597953,5.447756619430823,132.12205505371094,0.0,0.0,True,too_empty,,False,
positive,/mnt/MammoDiffusion/MammoDiffusion/experiments/diffusers/03_sd21_vae_finetuned/generated_images/final/positive/gen_0113.png,gen_0113.png,66.8956,53.0,1.0,0.6637077331542969,0.9987125474891803,0.6569862365722656,147.5565045725069,21.73336787730305,5.6467688948424595,151.76058959960938,0.0,0.0,False,,-7.730038041929543,True,820.0
positive,/mnt/MammoDiffusion/MammoDiffusion/experiments/diffusers/03_sd21_vae_finetuned/generated_images/final/positive/gen_0114.png,gen_0114.png,122.8956,109.0,1.0,0.3217735290527344,0.9952697656222215,0.3190345764160156,156.9118529766958,26.111691936806086,4.732590150822398,26.25543975830078,0.0,0.0,False,,-7.511703760905444,True,710.0
positive,/mnt/MammoDiffusion/MammoDiffusion/experiments/diffusers/03_sd21_vae_finetuned/generated_images/final/positive/gen_0115.png,gen_0115.png,73.8956,60.0,1.0,0.391845703125,0.8832846573208722,0.34601593017578125,129.9500584305338,49.276605444362296,6.579967608195036,327.82861328125,0.0,0.0,False,,-69.76034565136553,False,
positive,/mnt/MammoDiffusion/MammoDiffusion/experiments/diffusers/03_sd21_vae_finetuned/generated_images/final/positive/gen_0116.png,gen_0116.png,88.8956,75.0,1.0,0.7321739196777344,0.9998905879594654,0.7260589599609375,147.91253178656243,22.033551847133232,6.006178936044719,33.076454162597656,0.0,0.0,False,,-9.33988000548805,False,
positive,/mnt/MammoDiffusion/MammoDiffusion/experiments/diffusers/03_sd21_vae_finetuned/generated_images/final/positive/gen_0117.png,gen_0117.png,129.8956,116.0,1.0,0.5247039794921875,0.992090034024486,0.5212631225585938,152.6047524259766,18.863295712397946,5.640772220619685,42.72868347167969,0.0,0.0,False,,-10.7690244471524,False,
positive,/mnt/MammoDiffusion/MammoDiffusion/experiments/diffusers/03_sd21_vae_finetuned/generated_images/final/positive/gen_0118.png,gen_0118.png,120.0,115.0,0.0,0.4951171875,0.9970876479289941,0.4883155822753906,170.91765422743714,27.65538481844821,4.949888197837405,173.05523681640625,0.0,0.0,False,,-6.869460870493925,True,415.0
positive,/mnt/MammoDiffusion/MammoDiffusion/experiments/diffusers/03_sd21_vae_finetuned/generated_images/final/positive/gen_0119.png,gen_0119.png,64.8956,51.0,1.0,0.8092689514160156,1.0,0.8017082214355469,140.08106564904384,23.202496159287698,6.164974610789633,42.48402404785156,0.0,0.0,False,,-9.733792739569695,False,
positive,/mnt/MammoDiffusion/MammoDiffusion/experiments/diffusers/03_sd21_vae_finetuned/generated_images/final/positive/gen_0120.png,gen_0120.png,106.8956,93.0,1.0,0.32033538818359375,0.9981899159263582,0.31513214111328125,151.66491950127104,26.687469610616603,4.2682334715902615,20.99176788330078,0.0,0.0,False,,-5.264629864306145,True,27.0
positive,/mnt/MammoDiffusion/MammoDiffusion/experiments/diffusers/03_sd21_vae_finetuned/generated_images/final/positive/gen_0121.png,gen_0121.png,63.7912,41.0,2.0,0.8671760559082031,0.9989002529418234,0.8631782531738281,128.4785859808995,36.23298159366972,7.162648221338667,257.6292419433594,0.0,0.0,False,,-8.981106520529975,False,
positive,/mnt/MammoDiffusion/MammoDiffusion/experiments/diffusers/03_sd21_vae_finetuned/generated_images/final/positive/gen_0122.png,gen_0122.png,113.8956,100.0,1.0,0.5426712036132812,0.9981301578821578,0.546722412109375,150.6059935807982,26.430073757981024,5.947447531568127,139.9004364013672,0.0,0.0,False,,-7.17412689910551,True,546.0
positive,/mnt/MammoDiffusion/MammoDiffusion/experiments/diffusers/03_sd21_vae_finetuned/generated_images/final/positive/gen_0123.png,gen_0123.png,220.0,249.0,0.0,0.3458404541015625,0.9670968453562762,0.3263359069824219,248.28362186868037,12.9756696236171,6.1233682138469625,480.2504577636719,0.0,0.0,False,,-27.63549291750543,False,
positive,/mnt/MammoDiffusion/MammoDiffusion/experiments/diffusers/03_sd21_vae_finetuned/generated_images/final/positive/gen_0124.png,gen_0124.png,120.8956,107.0,1.0,0.4653472900390625,1.0,0.4598426818847656,168.7949728317226,22.540503775488844,5.0474361402281875,27.168235778808594,0.0,0.0,False,,-7.270380395779538,True,595.0
positive,/mnt/MammoDiffusion/MammoDiffusion/experiments/diffusers/03_sd21_vae_finetuned/generated_images/final/positive/gen_0125.png,gen_0125.png,86.0,81.0,0.0,0.6500968933105469,1.0,0.64105224609375,149.65057602589735,19.01565634006661,5.414898669628053,30.79156494140625,0.0,0.0,False,,-8.513847201123218,True,1274.0
positive,/mnt/MammoDiffusion/MammoDiffusion/experiments/diffusers/03_sd21_vae_finetuned/generated_images/final/positive/gen_0126.png,gen_0126.png,21.8956,8.0,1.0,0.5652351379394531,0.9945131704156628,0.5596275329589844,99.87229981663633,55.855899662106275,6.292763181977601,576.0191040039062,0.0,0.0,False,,-7.636912521448467,True,779.0
positive,/mnt/MammoDiffusion/MammoDiffusion/experiments/diffusers/03_sd21_vae_finetuned/generated_images/final/positive/gen_0127.png,gen_0127.png,52.0,47.0,0.0,0.5803985595703125,0.9958067145148145,0.5718154907226562,158.00829897663743,21.254869585288606,5.318495953954788,162.92002868652344,0.0,0.0,False,,-8.576915774328878,True,1299.0
positive,/mnt/MammoDiffusion/MammoDiffusion/experiments/diffusers/03_sd21_vae_finetuned/generated_images/final/positive/gen_0128.png,gen_0128.png,108.8956,95.0,1.0,0.35182952880859375,0.9954353247316491,0.3450889587402344,167.91971303184727,21.54507927875569,4.722229298414003,140.24061584472656,0.0,0.0,False,,-7.75226808276313,True,838.0
positive,/mnt/MammoDiffusion/MammoDiffusion/experiments/diffusers/03_sd21_vae_finetuned/generated_images/final/positive/gen_0129.png,gen_0129.png,118.8956,105.0,1.0,0.3573341369628906,0.9895380739380611,0.34937286376953125,152.07738082239644,24.638120409039416,4.984404845726308,36.19511413574219,0.0,0.0,False,,-10.681782279031278,False,
positive,/mnt/MammoDiffusion/MammoDiffusion/experiments/diffusers/03_sd21_vae_finetuned/generated_images/final/positive/gen_0130.png,gen_0130.png,118.8956,105.0,1.0,0.4252891540527344,0.9975154053835873,0.4215431213378906,154.75991131623005,26.949567749977003,5.051025326887166,24.763771057128906,0.0,0.0,False,,-6.020169726635701,True,152.0
positive,/mnt/MammoDiffusion/MammoDiffusion/experiments/diffusers/03_sd21_vae_finetuned/generated_images/final/positive/gen_0131.png,gen_0131.png,60.8956,47.0,1.0,0.41800689697265625,0.9897242147146325,0.47917938232421875,111.38111197796424,50.184886252501045,5.969049401739089,289.17169189453125,0.0,0.0,False,,-9.738998251956414,False,
positive,/mnt/MammoDiffusion/MammoDiffusion/experiments/diffusers/03_sd21_vae_finetuned/generated_images/final/positive/gen_0132.png,gen_0132.png,220.0,204.0,30.0,0.2654685974121094,0.9714761966346223,0.2503204345703125,234.77840597378847,9.955569385987957,6.670295524797473,479.9236145019531,0.0,0.0,False,,-26.056408639162406,False,
positive,/mnt/MammoDiffusion/MammoDiffusion/experiments/diffusers/03_sd21_vae_finetuned/generated_images/final/positive/gen_0133.png,gen_0133.png,121.8956,108.0,1.0,0.3763465881347656,0.9954286061810109,0.37357330322265625,149.45978760339017,21.148906827970993,5.328908142707357,14.587593078613281,0.0,0.0,False,,-7.780416831749182,True,856.0
positive,/mnt/MammoDiffusion/MammoDiffusion/experiments/diffusers/03_sd21_vae_finetuned/generated_images/final/positive/gen_0134.png,gen_0134.png,93.8956,80.0,1.0,0.6058692932128906,0.9999748150480088,0.6006889343261719,152.19229425847956,24.135231461789317,5.977349797215521,56.334007263183594,0.0,0.0,False,,-8.466580534573135,True,1245.0
positive,/mnt/MammoDiffusion/MammoDiffusion/experiments/diffusers/03_sd21_vae_finetuned/generated_images/final/positive/gen_0135.png,gen_0135.png,84.8956,71.0,1.0,0.8514251708984375,0.9984318715389164,0.8426475524902344,153.4959686728989,19.612684646325402,6.02141811225012,192.40614318847656,0.0,0.0,False,,-9.579928209646747,False,
positive,/mnt/MammoDiffusion/MammoDiffusion/experiments/diffusers/03_sd21_vae_finetuned/generated_images/final/positive/gen_0136.png,gen_0136.png,220.0,197.0,58.0,0.11254119873046875,0.6746322283235034,0.07168197631835938,254.68218828162418,2.265187607794943,6.108171841057437,65.00023651123047,0.0,0.0,True,too_empty,,False,
positive,/mnt/MammoDiffusion/MammoDiffusion/experiments/diffusers/03_sd21_vae_finetuned/generated_images/final/positive/gen_0137.png,gen_0137.png,121.8956,108.0,1.0,0.3820953369140625,0.9934906752925202,0.3873329162597656,157.20972650363908,30.0723010815238,5.355883800277964,94.00499725341797,0.0,0.0,False,,-8.299108272692644,True,1149.0
positive,/mnt/MammoDiffusion/MammoDiffusion/experiments/diffusers/03_sd21_vae_finetuned/generated_images/final/positive/gen_0138.png,gen_0138.png,29.0,24.0,0.0,0.7706336975097656,1.0,0.7642059326171875,137.8972006469261,25.33608045014338,5.93832093733923,58.48451232910156,0.0,0.0,False,,-9.020505478581018,False,
positive,/mnt/MammoDiffusion/MammoDiffusion/experiments/diffusers/03_sd21_vae_finetuned/generated_images/final/positive/gen_0139.png,gen_0139.png,129.8956,116.0,1.0,0.4153709411621094,0.9784271767979649,0.4117012023925781,164.08940467917535,25.855661135105123,5.422152711679546,204.04942321777344,0.0,0.0,False,,-17.059407450221148,False,
positive,/mnt/MammoDiffusion/MammoDiffusion/experiments/diffusers/03_sd21_vae_finetuned/generated_images/final/positive/gen_0140.png,gen_0140.png,98.8956,85.0,1.0,0.5473442077636719,0.9999860610664678,0.5416603088378906,150.8531547329798,21.793672340231034,5.440924405498708,26.277618408203125,0.0,0.0,False,,-7.707693584782214,True,811.0
positive,/mnt/MammoDiffusion/MammoDiffusion/experiments/diffusers/03_sd21_vae_finetuned/generated_images/final/positive/gen_0141.png,gen_0141.png,220.0,223.0,5.0,0.2957878112792969,0.9281780781284257,0.26682281494140625,229.17629314042262,8.86428323362658,6.786911710047544,354.7913513183594,0.0,0.0,False,,-50.160709604193876,False,
positive,/mnt/MammoDiffusion/MammoDiffusion/experiments/diffusers/03_sd21_vae_finetuned/generated_images/final/positive/gen_0142.png,gen_0142.png,98.8956,85.0,1.0,0.5269203186035156,0.9998407285942851,0.5235023498535156,141.56786632952716,27.390862367658585,5.415177696581901,39.016334533691406,0.0,0.0,False,,-6.784585214052559,True,378.0
positive,/mnt/MammoDiffusion/MammoDiffusion/experiments/diffusers/03_sd21_vae_finetuned/generated_images/final/positive/gen_0143.png,gen_0143.png,70.8956,57.0,1.0,0.6584320068359375,0.9979085073347084,0.6510696411132812,153.7387123990766,23.09919540147424,6.053605819489901,191.09475708007812,0.0,0.0,False,,-8.373264593868466,True,1195.0
positive,/mnt/MammoDiffusion/MammoDiffusion/experiments/diffusers/03_sd21_vae_finetuned/generated_images/final/positive/gen_0144.png,gen_0144.png,220.0,236.0,18.0,0.17794036865234375,0.550293701496377,0.09379959106445312,253.82813453170118,4.034962984890582,6.8302820834036755,496.27618408203125,0.0,0.0,True,too_empty,,False,
positive,/mnt/MammoDiffusion/MammoDiffusion/experiments/diffusers/03_sd21_vae_finetuned/generated_images/final/positive/gen_0145.png,gen_0145.png,73.8956,60.0,1.0,0.28879547119140625,0.9852323461812802,0.3092079162597656,130.15528578654528,50.029723133943676,5.246501547644172,386.80584716796875,0.0,0.0,False,,-12.076491655639888,False,
positive,/mnt/MammoDiffusion/MammoDiffusion/experiments/diffusers/03_sd21_vae_finetuned/generated_images/final/positive/gen_0146.png,gen_0146.png,115.8956,102.0,1.0,0.2673072814941406,0.8655116806758666,0.24049758911132812,161.38518518518518,36.11092044012612,6.15371546429288,246.9453125,0.0,0.0,False,,-80.64663890020736,False,
positive,/mnt/MammoDiffusion/MammoDiffusion/experiments/diffusers/03_sd21_vae_finetuned/generated_images/final/positive/gen_0147.png,gen_0147.png,125.0,120.0,0.0,0.6570930480957031,0.9888768265284203,0.6451454162597656,152.84420621921583,17.37089139255592,5.6935741289622035,30.652587890625,0.0,0.0,False,,-13.568049843999145,False,
positive,/mnt/MammoDiffusion/MammoDiffusion/experiments/diffusers/03_sd21_vae_finetuned/generated_images/final/positive/gen_0148.png,gen_0148.png,101.8956,88.0,1.0,0.539337158203125,0.9963998755163244,0.5333442687988281,151.55381116205217,26.48414053941976,5.589613179359379,165.71957397460938,0.0,0.0,False,,-7.685396570034246,True,798.0
positive,/mnt/MammoDiffusion/MammoDiffusion/experiments/diffusers/03_sd21_vae_finetuned/generated_images/final/positive/gen_0149.png,gen_0149.png,77.8956,64.0,1.0,0.6881370544433594,0.9981096617902223,0.6804885864257812,159.19699976455553,23.42528690177595,5.782177838217275,167.9609832763672,0.0,0.0,False,,-8.364747812045206,True,1187.0
positive,/mnt/MammoDiffusion/MammoDiffusion/experiments/diffusers/03_sd21_vae_finetuned/generated_images/final/positive/gen_0150.png,gen_0150.png,104.8956,91.0,1.0,0.7509841918945312,0.999431085103573,0.7557029724121094,139.35218547927087,24.427607998843744,6.413742324653447,102.56179809570312,0.0,0.0,False,,-9.170035135341534,False,
positive,/mnt/MammoDiffusion/MammoDiffusion/experiments/diffusers/03_sd21_vae_finetuned/generated_images/final/positive/gen_0151.png,gen_0151.png,14.8956,1.0,1.0,0.7204437255859375,0.9983638674150164,0.7128753662109375,154.3890012628695,20.186234598348207,5.569234148434981,232.86691284179688,0.0,0.0,False,,-8.234040677036354,True,1110.0
positive,/mnt/MammoDiffusion/MammoDiffusion/experiments/diffusers/03_sd21_vae_finetuned/generated_images/final/positive/gen_0152.png,gen_0152.png,220.0,223.0,27.0,0.2649688720703125,0.9410883961992513,0.24265289306640625,249.8161295393806,5.41696614924872,6.6447792254472,801.7471313476562,0.0,0.0,True,low_contrast,,False,
positive,/mnt/MammoDiffusion/MammoDiffusion/experiments/diffusers/03_sd21_vae_finetuned/generated_images/final/positive/gen_0153.png,gen_0153.png,220.0,206.0,37.0,0.32846832275390625,0.9484356490836875,0.3228950500488281,235.75412605588045,44.177130838733696,6.59825406541676,1019.1366577148438,0.0,0.0,False,,-36.17953534014711,False,
positive,/mnt/MammoDiffusion/MammoDiffusion/experiments/diffusers/03_sd21_vae_finetuned/generated_images/final/positive/gen_0154.png,gen_0154.png,89.8956,76.0,1.0,0.8025245666503906,0.9965110254447967,0.794097900390625,139.24227066600054,25.23243039455814,6.445021093896271,50.138397216796875,0.0,0.0,False,,-10.079375064251348,False,
positive,/mnt/MammoDiffusion/MammoDiffusion/experiments/diffusers/03_sd21_vae_finetuned/generated_images/final/positive/gen_0155.png,gen_0155.png,39.8956,26.0,1.0,0.6149063110351562,0.9980644440860081,0.6075439453125,153.9039707655214,18.984442379137832,5.629101227199616,193.35484313964844,0.0,0.0,False,,-7.867730992731046,True,905.0
positive,/mnt/MammoDiffusion/MammoDiffusion/experiments/diffusers/03_sd21_vae_finetuned/generated_images/final/positive/gen_0156.png,gen_0156.png,87.8956,74.0,1.0,0.5173835754394531,0.9996166011693665,0.5115127563476562,138.9244238943993,28.88448221429669,5.613100363334491,39.275169372558594,0.0,0.0,False,,-6.587759515230577,True,318.0
positive,/mnt/MammoDiffusion/MammoDiffusion/experiments/diffusers/03_sd21_vae_finetuned/generated_images/final/positive/gen_0157.png,gen_0157.png,146.8956,133.0,1.0,0.4580879211425781,0.9825540242328351,0.4708137512207031,165.07253222709264,18.476784563789366,5.546882717987812,36.32501983642578,0.0,0.0,False,,-16.047176993457906,False,
positive,/mnt/MammoDiffusion/MammoDiffusion/experiments/diffusers/03_sd21_vae_finetuned/generated_images/final/positive/gen_0158.png,gen_0158.png,111.8956,98.0,1.0,0.43601226806640625,0.9947068190169557,0.4335746765136719,147.25589702531255,27.154839416127377,5.423306000754021,47.23760223388672,0.0,0.0,False,,-7.756087672734858,True,842.0
positive,/mnt/MammoDiffusion/MammoDiffusion/experiments/diffusers/03_sd21_vae_finetuned/generated_images/final/positive/gen_0159.png,gen_0159.png,100.8956,87.0,1.0,0.37574005126953125,0.9978273670531381,0.3723487854003906,146.21872983024107,33.20805087464199,5.315783367975076,44.76158905029297,0.0,0.0,False,,-5.456174151706943,True,55.0
positive,/mnt/MammoDiffusion/MammoDiffusion/experiments/diffusers/03_sd21_vae_finetuned/generated_images/final/positive/gen_0160.png,gen_0160.png,26.8956,13.0,1.0,0.7006988525390625,0.9993684806515537,0.6988906860351562,98.0800993395557,50.82409495538954,6.896419045246148,593.0659790039062,0.0,0.0,False,,-6.980421527352677,True,462.0
positive,/mnt/MammoDiffusion/MammoDiffusion/experiments/diffusers/03_sd21_vae_finetuned/generated_images/final/positive/gen_0161.png,gen_0161.png,103.8956,90.0,1.0,0.5291786193847656,1.0,0.5246124267578125,149.42782350716965,24.519450637936348,5.229461920085787,31.65868377685547,0.0,0.0,False,,-7.1494790864630104,True,534.0
positive,/mnt/MammoDiffusion/MammoDiffusion/experiments/diffusers/03_sd21_vae_finetuned/generated_images/final/positive/gen_0162.png,gen_0162.png,78.8956,65.0,1.0,0.5894813537597656,1.0,0.5834922790527344,149.46526847063592,21.44142291731563,5.657508717522191,50.220115661621094,0.0,0.0,False,,-8.163886973694805,True,1071.0
positive,/mnt/MammoDiffusion/MammoDiffusion/experiments/diffusers/03_sd21_vae_finetuned/generated_images/final/positive/gen_0163.png,gen_0163.png,107.8956,94.0,1.0,0.3253059387207031,1.0,0.31987762451171875,160.0527583657309,26.58151632253823,4.625852388424518,25.60308074951172,0.0,0.0,False,,-6.475894351611934,True,273.0
positive,/mnt/MammoDiffusion/MammoDiffusion/experiments/diffusers/03_sd21_vae_finetuned/generated_images/final/positive/gen_0164.png,gen_0164.png,77.8956,64.0,1.0,0.5605125427246094,0.9979446694116446,0.5534629821777344,159.9326817702482,22.148709049429026,5.506765841638715,185.296875,0.0,0.0,False,,-7.419719240793721,True,659.0
positive,/mnt/MammoDiffusion/MammoDiffusion/experiments/diffusers/03_sd21_vae_finetuned/generated_images/final/positive/gen_0165.png,gen_0165.png,111.47800000000001,62.0,5.0,0.4931068420410156,0.8865973001199087,0.4504814147949219,144.17532242084494,29.336312284237653,7.146182163043921,335.4436950683594,0.0,0.0,False,,-68.9907666220475,False,
positive,/mnt/MammoDiffusion/MammoDiffusion/experiments/diffusers/03_sd21_vae_finetuned/generated_images/final/positive/gen_0166.png,gen_0166.png,108.8956,95.0,1.0,0.4689216613769531,0.9588854992881839,0.4896125793457031,141.60269265829885,30.054743326017324,6.030896301488664,101.75956726074219,0.0,0.0,False,,-28.177245586491814,False,
positive,/mnt/MammoDiffusion/MammoDiffusion/experiments/diffusers/03_sd21_vae_finetuned/generated_images/final/positive/gen_0167.png,gen_0167.png,220.0,216.0,35.0,0.15665817260742188,0.47351888377529405,0.071807861328125,250.13976838079049,14.677524712738824,7.023503724676232,493.1648864746094,0.0,0.0,True,too_empty,,False,
positive,/mnt/MammoDiffusion/MammoDiffusion/experiments/diffusers/03_sd21_vae_finetuned/generated_images/final/positive/gen_0168.png,gen_0168.png,97.8956,84.0,1.0,0.25783538818359375,0.9485722740050303,0.2565422058105469,149.50559842976313,43.978473702879064,5.979520501129335,308.0025939941406,0.0,0.0,False,,-33.769841237449086,False,
positive,/mnt/MammoDiffusion/MammoDiffusion/experiments/diffusers/03_sd21_vae_finetuned/generated_images/final/positive/gen_0169.png,gen_0169.png,130.8956,117.0,1.0,0.2761344909667969,0.9923052481799218,0.2706489562988281,159.4540444544673,24.13396889639197,4.319393628298783,21.012847900390625,0.0,0.0,False,,-9.300628771793955,False,
positive,/mnt/MammoDiffusion/MammoDiffusion/experiments/diffusers/03_sd21_vae_finetuned/generated_images/final/positive/gen_0170.png,gen_0170.png,81.8956,68.0,1.0,0.7507514953613281,1.0,0.745025634765625,139.1246825461844,25.292501252849497,6.097678612475494,45.65660858154297,0.0,0.0,False,,-9.104568635494333,False,
positive,/mnt/MammoDiffusion/MammoDiffusion/experiments/diffusers/03_sd21_vae_finetuned/generated_images/final/positive/gen_0171.png,gen_0171.png,115.8956,102.0,1.0,0.5498085021972656,0.9924789598207162,0.5408477783203125,162.90860488080125,24.134709711936228,5.2141438731533984,152.34768676757812,0.0,0.0,False,,-10.072365136829019,False,
positive,/mnt/MammoDiffusion/MammoDiffusion/experiments/diffusers/03_sd21_vae_finetuned/generated_images/final/positive/gen_0172.png,gen_0172.png,48.8956,35.0,1.0,0.7703437805175781,0.9983262438038834,0.7619552612304688,151.38995804587918,23.08496035839065,6.264944617842822,225.836669921875,0.0,0.0,False,,-8.983712717229539,False,
positive,/mnt/MammoDiffusion/MammoDiffusion/experiments/diffusers/03_sd21_vae_finetuned/generated_images/final/positive/gen_0173.png,gen_0173.png,79.8956,66.0,1.0,0.5015296936035156,0.995603660067086,0.5608787536621094,127.28649740530908,44.02070702307277,6.350028065285979,290.8182067871094,0.0,0.0,False,,-7.4494831084864614,True,676.0
positive,/mnt/MammoDiffusion/MammoDiffusion/experiments/diffusers/03_sd21_vae_finetuned/generated_images/final/positive/gen_0174.png,gen_0174.png,71.0,66.0,0.0,0.70068359375,1.0,0.6943244934082031,156.14615439556516,17.77549344218519,5.514094627753121,30.07469940185547,0.0,0.0,False,,-9.25771526055797,False,
positive,/mnt/MammoDiffusion/MammoDiffusion/experiments/diffusers/03_sd21_vae_finetuned/generated_images/final/positive/gen_0175.png,gen_0175.png,124.8956,111.0,1.0,0.1884307861328125,0.8416470969309255,0.163604736328125,172.19142883790337,37.110746770493094,6.107214608821327,240.75291442871094,0.0,0.0,False,,-94.63697628133772,False,
positive,/mnt/MammoDiffusion/MammoDiffusion/experiments/diffusers/03_sd21_vae_finetuned/generated_images/final/positive/gen_0176.png,gen_0176.png,87.8956,74.0,1.0,0.6342048645019531,0.9969564458987207,0.6270561218261719,161.8773991811606,24.30367992918921,5.536173806709294,162.91653442382812,0.0,0.0,False,,-8.428453375128589,True,1224.0
positive,/mnt/MammoDiffusion/MammoDiffusion/experiments/diffusers/03_sd21_vae_finetuned/generated_images/final/positive/gen_0177.png,gen_0177.png,10.0,0.0,0.0,0.740386962890625,0.998320349532171,0.7330818176269531,146.60195761111083,28.05434500458882,5.994330331763015,271.9839172363281,0.0,0.0,False,,-7.971634851365299,True,963.0
positive,/mnt/MammoDiffusion/MammoDiffusion/experiments/diffusers/03_sd21_vae_finetuned/generated_images/final/positive/gen_0178.png,gen_0178.png,113.8956,100.0,1.0,0.4522590637207031,0.9996879138304782,0.4470100402832031,157.22228006246746,20.053904808598332,5.022616996926578,25.63532257080078,0.0,0.0,False,,-6.80999635348317,True,387.0
positive,/mnt/MammoDiffusion/MammoDiffusion/experiments/diffusers/03_sd21_vae_finetuned/generated_images/final/positive/gen_0179.png,gen_0179.png,98.8956,85.0,1.0,0.5806770324707031,0.9948298854954309,0.6448554992675781,135.7571534206868,33.69490383988883,6.4471040807193045,263.2141418457031,0.0,0.0,False,,-9.042045819614481,False,
positive,/mnt/MammoDiffusion/MammoDiffusion/experiments/diffusers/03_sd21_vae_finetuned/generated_images/final/positive/gen_0180.png,gen_0180.png,129.8956,116.0,1.0,0.3239593505859375,0.9972681456360981,0.32105255126953125,159.64118010503552,21.30176859749985,4.498952737038676,20.879974365234375,0.0,0.0,False,,-6.587962118122129,True,319.0
positive,/mnt/MammoDiffusion/MammoDiffusion/experiments/diffusers/03_sd21_vae_finetuned/generated_images/final/positive/gen_0181.png,gen_0181.png,56.8956,43.0,1.0,0.5845603942871094,0.9977486149087373,0.5773582458496094,164.86689879815793,20.888457579496034,5.650215799380732,229.06283569335938,0.0,0.0,False,,-8.01688182041029,True,989.0
positive,/mnt/MammoDiffusion/MammoDiffusion/experiments/diffusers/03_sd21_vae_finetuned/generated_images/final/positive/gen_0182.png,gen_0182.png,43.8956,30.0,1.0,0.4462127685546875,1.0,0.4405250549316406,157.2433733687793,24.798990309001457,5.493178481023879,66.27725219726562,0.0,0.0,False,,-7.018729535375119,True,476.0
positive,/mnt/MammoDiffusion/MammoDiffusion/experiments/diffusers/03_sd21_vae_finetuned/generated_images/final/positive/gen_0183.png,gen_0183.png,99.8956,86.0,1.0,0.6878738403320312,0.9979203868634997,0.6802101135253906,155.65895924582054,22.75948998108022,6.012101080071037,175.7994384765625,0.0,0.0,False,,-8.62376499969507,True,1318.0
positive,/mnt/MammoDiffusion/MammoDiffusion/experiments/diffusers/03_sd21_vae_finetuned/generated_images/final/positive/gen_0184.png,gen_0184.png,147.8956,134.0,1.0,0.3346290588378906,0.9734157157351148,0.3417930603027344,160.8675989687385,15.72279024783603,4.875435527449367,46.60192108154297,0.0,0.0,False,,-20.462500158247476,False,
positive,/mnt/MammoDiffusion/MammoDiffusion/experiments/diffusers/03_sd21_vae_finetuned/generated_images/final/positive/gen_0185.png,gen_0185.png,26.8956,13.0,1.0,0.5616188049316406,0.9991645440652063,0.5599479675292969,95.25158222458393,53.915234042584906,6.142027558090421,390.76519775390625,0.0,0.0,False,,-5.568005255766114,True,65.0
positive,/mnt/MammoDiffusion/MammoDiffusion/experiments/diffusers/03_sd21_vae_finetuned/generated_images/final/positive/gen_0186.png,gen_0186.png,94.8956,81.0,1.0,0.6327056884765625,0.9980947787290486,0.6253395080566406,171.60090649000483,21.870055030780478,5.685664681928016,267.8231201171875,0.0,0.0,False,,-8.27184184175086,True,1137.0
positive,/mnt/MammoDiffusion/MammoDiffusion/experiments/diffusers/03_sd21_vae_finetuned/generated_images/final/positive/gen_0187.png,gen_0187.png,65.8956,52.0,1.0,0.4501304626464844,1.0,0.44448089599609375,158.10391527489315,27.007578085618935,5.433827066441131,49.642578125,0.0,0.0,False,,-6.877756886860411,True,421.0
positive,/mnt/MammoDiffusion/MammoDiffusion/experiments/diffusers/03_sd21_vae_finetuned/generated_images/final/positive/gen_0188.png,gen_0188.png,107.8956,94.0,1.0,0.4566993713378906,0.9980955722053775,0.4504051208496094,154.56743823631544,26.161510838385205,5.062608639823021,25.40453338623047,0.0,0.0,False,,-5.953046080606401,True,135.0
positive,/mnt/MammoDiffusion/MammoDiffusion/experiments/diffusers/03_sd21_vae_finetuned/generated_images/final/positive/gen_0189.png,gen_0189.png,98.8956,85.0,1.0,0.5737266540527344,0.9982247222388446,0.5701675415039062,138.5749401201611,27.723796788171462,5.745133969452803,55.014686584472656,0.0,0.0,False,,-6.725985796876275,True,360.0
positive,/mnt/MammoDiffusion/MammoDiffusion/experiments/diffusers/03_sd21_vae_finetuned/generated_images/final/positive/gen_0190.png,gen_0190.png,128.8956,115.0,1.0,0.4116020202636719,0.9992029583221346,0.40936279296875,157.94494557924557,19.699162881023177,4.649755595143716,18.169837951660156,0.0,0.0,False,,-5.97581664912728,True,142.0
positive,/mnt/MammoDiffusion/MammoDiffusion/experiments/diffusers/03_sd21_vae_finetuned/generated_images/final/positive/gen_0191.png,gen_0191.png,108.8956,95.0,1.0,0.5265960693359375,0.9995726000405668,0.5227012634277344,150.49747852550303,21.982285635057256,5.342220567330533,33.89031219482422,0.0,0.0,False,,-7.219468824513531,True,569.0
positive,/mnt/MammoDiffusion/MammoDiffusion/experiments/diffusers/03_sd21_vae_finetuned/generated_images/final/positive/gen_0192.png,gen_0192.png,148.8956,135.0,1.0,0.26971435546875,0.9849089160443539,0.2707176208496094,170.73126946327167,21.388086027177774,4.622986337898469,24.928993225097656,0.0,0.0,False,,-14.239625530923554,False,
positive,/mnt/MammoDiffusion/MammoDiffusion/experiments/diffusers/03_sd21_vae_finetuned/generated_images/final/positive/gen_0193.png,gen_0193.png,220.0,227.0,20.0,0.25846099853515625,0.9226761519615078,0.23253250122070312,244.7944780747084,25.153860975468422,6.58701138111163,548.7802124023438,0.0,0.0,False,,-52.33787528474665,False,
positive,/mnt/MammoDiffusion/MammoDiffusion/experiments/diffusers/03_sd21_vae_finetuned/generated_images/final/positive/gen_0194.png,gen_0194.png,220.0,244.0,1.0,0.2650032043457031,0.974103556982251,0.250701904296875,243.8391205112599,15.450383952847483,6.510522598817927,456.21600341796875,0.0,0.0,False,,-24.35565272954441,False,
positive,/mnt/MammoDiffusion/MammoDiffusion/experiments/diffusers/03_sd21_vae_finetuned/generated_images/final/positive/gen_0195.png,gen_0195.png,134.2692,67.0,7.0,0.5725440979003906,0.9933172984029476,0.56451416015625,166.13896772624068,18.502444793923477,6.931202928215105,506.1688232421875,0.0,0.0,False,,-11.51889456476989,False,
positive,/mnt/MammoDiffusion/MammoDiffusion/experiments/diffusers/03_sd21_vae_finetuned/generated_images/final/positive/gen_0196.png,gen_0196.png,182.5824,142.0,4.0,0.0525054931640625,0.7292938099389712,0.037395477294921875,204.9015607467102,11.826597492714235,6.580178605678424,297.7698974609375,0.0,0.0,True,too_empty,,False,
positive,/mnt/MammoDiffusion/MammoDiffusion/experiments/diffusers/03_sd21_vae_finetuned/generated_images/final/positive/gen_0197.png,gen_0197.png,220.0,123.0,47.0,0.07033920288085938,0.6043169369271653,0.04044342041015625,254.91303527636296,1.0330246962636516,6.065670115477551,328.9362487792969,0.0,0.0,True,too_empty,,False,
positive,/mnt/MammoDiffusion/MammoDiffusion/experiments/diffusers/03_sd21_vae_finetuned/generated_images/final/positive/gen_0198.png,gen_0198.png,106.8956,93.0,1.0,0.5166015625,0.9975558246691871,0.5152130126953125,151.44891159484675,32.14033469404999,5.99159853756565,132.0565643310547,0.0,0.0,False,,-6.956262161980496,True,452.0
positive,/mnt/MammoDiffusion/MammoDiffusion/experiments/diffusers/03_sd21_vae_finetuned/generated_images/final/positive/gen_0199.png,gen_0199.png,99.8956,86.0,1.0,0.27069091796875,0.9029735062006764,0.2739906311035156,142.30280542986426,43.28756277880526,5.511070797030788,223.79649353027344,0.0,0.0,False,,-58.34354165352197,False,
positive,/mnt/MammoDiffusion/MammoDiffusion/experiments/diffusers/03_sd21_vae_finetuned/generated_images/final/positive/gen_0200.png,gen_0200.png,75.8956,62.0,1.0,0.5706939697265625,0.9976337531082057,0.5633049011230469,167.1983449247293,21.85050136477075,5.831987760054931,140.72109985351562,0.0,0.0,False,,-8.277108595877307,True,1138.0
positive,/mnt/MammoDiffusion/MammoDiffusion/experiments/diffusers/03_sd21_vae_finetuned/generated_images/final/positive/gen_0201.png,gen_0201.png,108.7912,86.0,2.0,0.18157958984375,0.9236344537815127,0.18288421630859375,164.20793875933418,43.470328214998446,5.290658016826953,199.63206481933594,0.0,0.0,False,,-47.98095195984248,False,
positive,/mnt/MammoDiffusion/MammoDiffusion/experiments/diffusers/03_sd21_vae_finetuned/generated_images/final/positive/gen_0202.png,gen_0202.png,84.8956,71.0,1.0,0.6884956359863281,0.9991633653766241,0.6824226379394531,146.03089556326967,20.388215997701632,5.9503281573322555,42.127052307128906,0.0,0.0,False,,-8.634368579665729,True,1321.0
positive,/mnt/MammoDiffusion/MammoDiffusion/experiments/diffusers/03_sd21_vae_finetuned/generated_images/final/positive/gen_0203.png,gen_0203.png,37.8956,24.0,1.0,0.7860755920410156,0.9992769271831704,0.7822418212890625,112.50293084950746,46.328470917868906,7.173856349580685,338.371337890625,0.0,0.0,False,,-8.201921424953152,True,1094.0
positive,/mnt/MammoDiffusion/MammoDiffusion/experiments/diffusers/03_sd21_vae_finetuned/generated_images/final/positive/gen_0204.png,gen_0204.png,107.8956,94.0,1.0,0.43642425537109375,0.9986189535513872,0.4311103820800781,158.01431693698956,25.7851438118342,5.033504516052616,23.700050354003906,0.0,0.0,False,,-5.741885519795107,True,91.0
positive,/mnt/MammoDiffusion/MammoDiffusion/experiments/diffusers/03_sd21_vae_finetuned/generated_images/final/positive/gen_0205.png,gen_0205.png,102.8956,89.0,1.0,0.5203132629394531,0.9974412926970535,0.5152397155761719,143.81026453537874,25.99813456957229,5.594694307617193,40.272125244140625,0.0,0.0,False,,-6.942329313990199,True,447.0
positive,/mnt/MammoDiffusion/MammoDiffusion/experiments/diffusers/03_sd21_vae_finetuned/generated_images/final/positive/gen_0206.png,gen_0206.png,76.8956,63.0,1.0,0.6385078430175781,0.9978611670380748,0.6314888000488281,169.83628225031865,20.085999329381636,5.562401394607053,240.56304931640625,0.0,0.0,False,,-8.42719793217313,True,1223.0
positive,/mnt/MammoDiffusion/MammoDiffusion/experiments/diffusers/03_sd21_vae_finetuned/generated_images/final/positive/gen_0207.png,gen_0207.png,116.8956,103.0,1.0,0.47550201416015625,0.9970557561171279,0.4700431823730469,163.2958472313523,23.758449346413105,4.829305470372921,145.16180419921875,0.0,0.0,False,,-6.721794151520315,True,357.0
positive,/mnt/MammoDiffusion/MammoDiffusion/experiments/diffusers/03_sd21_vae_finetuned/generated_images/final/positive/gen_0208.png,gen_0208.png,86.8956,73.0,1.0,0.4353141784667969,1.0,0.4296684265136719,167.96026102010921,25.823928604535887,5.3436781614563325,61.73731231689453,0.0,0.0,False,,-7.058877383017029,True,495.0
positive,/mnt/MammoDiffusion/MammoDiffusion/experiments/diffusers/03_sd21_vae_finetuned/generated_images/final/positive/gen_0209.png,gen_0209.png,67.8956,54.0,1.0,0.4994163513183594,0.9972883996975229,0.4916954040527344,162.50131502385662,19.560605946474112,5.491895817861192,177.2510528564453,0.0,0.0,False,,-7.624088168696705,True,767.0
positive,/mnt/MammoDiffusion/MammoDiffusion/experiments/diffusers/03_sd21_vae_finetuned/generated_images/final/positive/gen_0210.png,gen_0210.png,103.8956,90.0,1.0,0.4571075439453125,0.9972377073805788,0.4506111145019531,159.06865608465608,28.005563649688412,5.594619019118893,138.96124267578125,0.0,0.0,False,,-6.822395749660025,True,395.0
positive,/mnt/MammoDiffusion/MammoDiffusion/experiments/diffusers/03_sd21_vae_finetuned/generated_images/final/positive/gen_0211.png,gen_0211.png,220.0,224.0,25.0,0.3075714111328125,0.970407302674009,0.2910003662109375,248.34395154947302,14.264429810961637,6.322136614063863,526.0118408203125,0.0,0.0,False,,-26.086004895989134,False,
positive,/mnt/MammoDiffusion/MammoDiffusion/experiments/diffusers/03_sd21_vae_finetuned/generated_images/final/positive/gen_0212.png,gen_0212.png,97.0,92.0,0.0,0.4974365234375,0.9962653374233129,0.48996734619140625,160.93510689649804,24.928948115601948,4.965715355585366,180.53636169433594,0.0,0.0,False,,-7.2310689629203075,True,578.0
positive,/mnt/MammoDiffusion/MammoDiffusion/experiments/diffusers/03_sd21_vae_finetuned/generated_images/final/positive/gen_0213.png,gen_0213.png,27.7912,5.0,2.0,0.6285591125488281,0.997444969746257,0.6299057006835938,95.95780192095732,53.88106681719577,6.85139650218094,728.3329467773438,0.0,0.0,False,,-6.586736814166503,True,316.0
positive,/mnt/MammoDiffusion/MammoDiffusion/experiments/diffusers/03_sd21_vae_finetuned/generated_images/final/positive/gen_0214.png,gen_0214.png,10.0,0.0,0.0,0.915069580078125,1.0,0.9053955078125,144.15056205339087,14.42837298698748,5.2096759982889385,27.344276428222656,0.0,0.0,False,,-10.254228418889733,False,
positive,/mnt/MammoDiffusion/MammoDiffusion/experiments/diffusers/03_sd21_vae_finetuned/generated_images/final/positive/gen_0215.png,gen_0215.png,83.8956,70.0,1.0,0.5102729797363281,1.0,0.5044670104980469,157.45668201719562,24.886028877672103,5.547249463319366,43.027069091796875,0.0,0.0,False,,-7.532177377221783,True,725.0
positive,/mnt/MammoDiffusion/MammoDiffusion/experiments/diffusers/03_sd21_vae_finetuned/generated_images/final/positive/gen_0216.png,gen_0216.png,220.0,211.0,11.0,0.3339385986328125,0.9827393191683802,0.3472480773925781,224.15651056256797,2.9844043354481724,6.741083186845074,359.0997314453125,0.0,0.0,True,low_contrast,,False,
positive,/mnt/MammoDiffusion/MammoDiffusion/experiments/diffusers/03_sd21_vae_finetuned/generated_images/final/positive/gen_0217.png,gen_0217.png,129.8956,116.0,1.0,0.23189544677734375,0.9905741075834841,0.22163009643554688,160.70873853250487,23.718252203508513,3.9743071342029106,17.32463836669922,0.0,0.0,False,,-10.324572377091659,False,
positive,/mnt/MammoDiffusion/MammoDiffusion/experiments/diffusers/03_sd21_vae_finetuned/generated_images/final/positive/gen_0218.png,gen_0218.png,84.8956,71.0,1.0,0.8128166198730469,0.9986108177871641,0.8055534362792969,137.92907643568483,23.49529446106937,6.11314682390744,41.6151123046875,0.0,0.0,False,,-8.851976683892252,False,
positive,/mnt/MammoDiffusion/MammoDiffusion/experiments/diffusers/03_sd21_vae_finetuned/generated_images/final/positive/gen_0219.png,gen_0219.png,114.8956,101.0,1.0,0.27582550048828125,0.9982988963571487,0.2711067199707031,157.74975024272186,25.802609829665716,4.510981209142618,27.678688049316406,0.0,0.0,False,,-5.980321585963419,True,143.0
positive,/mnt/MammoDiffusion/MammoDiffusion/experiments/diffusers/03_sd21_vae_finetuned/generated_images/final/positive/gen_0220.png,gen_0220.png,114.8956,101.0,1.0,0.24010086059570312,0.8354808471425621,0.22003173828125,160.21555131761443,39.9938923584463,5.612678456330714,229.4548797607422,0.0,0.0,False,,-96.63737233193443,False,
positive,/mnt/MammoDiffusion/MammoDiffusion/experiments/diffusers/03_sd21_vae_finetuned/generated_images/final/positive/gen_0221.png,gen_0221.png,210.912,28.0,20.0,0.07977676391601562,0.45770573327595276,0.034252166748046875,254.85555184318966,1.7182565860721923,7.102296007700906,458.4716491699219,0.0,0.0,True,too_empty,,False,
positive,/mnt/MammoDiffusion/MammoDiffusion/experiments/diffusers/03_sd21_vae_finetuned/generated_images/final/positive/gen_0222.png,gen_0222.png,62.8956,49.0,1.0,0.5566291809082031,0.9976836146576479,0.5491828918457031,157.8283193831834,20.809524898018726,5.4444786336811735,213.77725219726562,0.0,0.0,False,,-7.469619322636149,True,686.0
positive,/mnt/MammoDiffusion/MammoDiffusion/experiments/diffusers/03_sd21_vae_finetuned/generated_images/final/positive/gen_0223.png,gen_0223.png,110.8956,97.0,1.0,0.18426132202148438,0.8409622590729354,0.16973495483398438,169.72603663332958,45.63075574675987,5.0909400091581345,359.1809997558594,0.0,0.0,False,,-93.90001303338121,False,
positive,/mnt/MammoDiffusion/MammoDiffusion/experiments/diffusers/03_sd21_vae_finetuned/generated_images/final/positive/gen_0224.png,gen_0224.png,126.8956,113.0,1.0,0.3257255554199219,0.8789042828533618,0.2824211120605469,157.06014722766258,27.088057971013416,5.5511201901558325,159.05886840820312,0.0,0.0,False,,-72.94736913459624,False,
positive,/mnt/MammoDiffusion/MammoDiffusion/experiments/diffusers/03_sd21_vae_finetuned/generated_images/final/positive/gen_0225.png,gen_0225.png,84.8956,71.0,1.0,0.5332870483398438,1.0,0.5276603698730469,157.68924184698133,24.878656675308864,5.594563731779681,44.424774169921875,0.0,0.0,False,,-7.741094502226903,True,827.0
positive,/mnt/MammoDiffusion/MammoDiffusion/experiments/diffusers/03_sd21_vae_finetuned/generated_images/final/positive/gen_0226.png,gen_0226.png,115.8956,102.0,1.0,0.4532966613769531,0.9994193336643412,0.44896697998046875,157.23184699304977,24.50814621674177,5.378944757057541,36.00121307373047,0.0,0.0,False,,-6.6981672958303395,True,352.0
positive,/mnt/MammoDiffusion/MammoDiffusion/experiments/diffusers/03_sd21_vae_finetuned/generated_images/final/positive/gen_0227.png,gen_0227.png,220.0,210.0,23.0,0.38301849365234375,0.9814951297731211,0.3705596923828125,233.96733580399425,13.692175041450511,6.321463555572334,515.4129638671875,0.0,0.0,False,,-19.006720974029534,False,
positive,/mnt/MammoDiffusion/MammoDiffusion/experiments/diffusers/03_sd21_vae_finetuned/generated_images/final/positive/gen_0228.png,gen_0228.png,62.8956,49.0,1.0,0.8769378662109375,0.9999564997998991,0.8681526184082031,136.26516712730853,21.49261507993354,6.065726119922426,43.59284210205078,0.0,0.0,False,,-10.062667900446629,False,
positive,/mnt/MammoDiffusion/MammoDiffusion/experiments/diffusers/03_sd21_vae_finetuned/generated_images/final/positive/gen_0229.png,gen_0229.png,10.0,5.0,0.0,0.691558837890625,0.9992994572172454,0.6877212524414062,86.4258772367735,50.886377602541664,6.583598485043217,478.0280456542969,0.0,0.0,False,,-6.348570996258105,True,230.0
positive,/mnt/MammoDiffusion/MammoDiffusion/experiments/diffusers/03_sd21_vae_finetuned/generated_images/final/positive/gen_0230.png,gen_0230.png,102.8956,89.0,1.0,0.599822998046875,0.9988107351818876,0.594757080078125,151.27072322848787,24.099581008442815,5.884959730530537,51.24369812011719,0.0,0.0,False,,-7.669840767654388,True,792.0
positive,/mnt/MammoDiffusion/MammoDiffusion/experiments/diffusers/03_sd21_vae_finetuned/generated_images/final/positive/gen_0231.png,gen_0231.png,112.0,107.0,0.0,0.6344718933105469,0.9999699380121811,0.6287498474121094,151.7185162264975,14.781806257419532,5.1671195786722235,17.217147827148438,0.0,0.0,False,,-8.548917995626192,True,1286.0
positive,/mnt/MammoDiffusion/MammoDiffusion/experiments/diffusers/03_sd21_vae_finetuned/generated_images/final/positive/gen_0232.png,gen_0232.png,35.8956,22.0,1.0,0.6487655639648438,0.9981713412124419,0.6412353515625,158.93136660003807,19.516268586298885,5.74775576478043,226.94969177246094,0.0,0.0,False,,-8.227144179427235,True,1102.0
positive,/mnt/MammoDiffusion/MammoDiffusion/experiments/diffusers/03_sd21_vae_finetuned/generated_images/final/positive/gen_0233.png,gen_0233.png,35.8956,22.0,1.0,0.7129707336425781,0.9992027865019448,0.7146797180175781,106.74613688890787,48.925219686750744,6.960592642194372,402.38037109375,0.0,0.0,False,,-7.423680942962652,True,661.0
positive,/mnt/MammoDiffusion/MammoDiffusion/experiments/diffusers/03_sd21_vae_finetuned/generated_images/final/positive/gen_0234.png,gen_0234.png,187.0,46.0,46.0,0.04961395263671875,0.4381823773642934,0.030803680419921875,197.911826625387,7.858699666008969,6.264395002659694,74.22457885742188,0.0,0.0,True,too_empty,,False,
positive,/mnt/MammoDiffusion/MammoDiffusion/experiments/diffusers/03_sd21_vae_finetuned/generated_images/final/positive/gen_0235.png,gen_0235.png,74.0,69.0,0.0,0.6636428833007812,0.9999942518825085,0.6577796936035156,157.2724942441412,22.562048344241123,5.605206853003875,52.25297546386719,0.0,0.0,False,,-8.766990569423784,False,
positive,/mnt/MammoDiffusion/MammoDiffusion/experiments/diffusers/03_sd21_vae_finetuned/generated_images/final/positive/gen_0236.png,gen_0236.png,102.8956,89.0,1.0,0.6039161682128906,0.9990840929045625,0.5990028381347656,151.52099984078967,27.325528053118866,6.0898600717883555,135.00181579589844,0.0,0.0,False,,-7.72883474290404,True,818.0
positive,/mnt/MammoDiffusion/MammoDiffusion/experiments/diffusers/03_sd21_vae_finetuned/generated_images/final/positive/gen_0237.png,gen_0237.png,97.0,92.0,0.0,0.579071044921875,0.9966798418972332,0.5712051391601562,152.24125472491951,22.186667875053335,5.2688303436483235,99.0982666015625,0.0,0.0,False,,-7.875684356112016,True,907.0
positive,/mnt/MammoDiffusion/MammoDiffusion/experiments/diffusers/03_sd21_vae_finetuned/generated_images/final/positive/gen_0238.png,gen_0238.png,85.8956,72.0,1.0,0.5647354125976562,0.9999256967617298,0.5609970092773438,135.35019243584338,35.18894605059103,5.984076063541273,104.43934631347656,0.0,0.0,False,,-6.823951267324217,True,396.0
positive,/mnt/MammoDiffusion/MammoDiffusion/experiments/diffusers/03_sd21_vae_finetuned/generated_images/final/positive/gen_0239.png,gen_0239.png,116.8956,103.0,1.0,0.4629020690917969,0.9959784749519972,0.4629554748535156,155.0341872594985,29.278032946206203,5.579486511433972,183.97589111328125,0.0,0.0,False,,-7.321334586880564,True,621.0
positive,/mnt/MammoDiffusion/MammoDiffusion/experiments/diffusers/03_sd21_vae_finetuned/generated_images/final/positive/gen_0240.png,gen_0240.png,126.8956,113.0,1.0,0.5186653137207031,0.9968227117272828,0.5119132995605469,172.53815715935764,17.647504507376397,5.421414559207106,102.64372253417969,0.0,0.0,False,,-8.483176574741268,True,1255.0
positive,/mnt/MammoDiffusion/MammoDiffusion/experiments/diffusers/03_sd21_vae_finetuned/generated_images/final/positive/gen_0241.png,gen_0241.png,10.0,0.0,0.0,0.7384834289550781,0.9982333706977152,0.7312660217285156,159.50229268063663,24.86193840331263,6.047946805983757,282.54779052734375,0.0,0.0,False,,-8.667067439017124,True,1334.0
positive,/mnt/MammoDiffusion/MammoDiffusion/experiments/diffusers/03_sd21_vae_finetuned/generated_images/final/positive/gen_0242.png,gen_0242.png,71.8956,58.0,1.0,0.6846427917480469,0.9953531132469703,0.8061904907226562,111.88699145444738,43.65297865639684,7.0897591944411875,437.3974609375,0.0,0.0,False,,-9.294589164284137,False,
positive,/mnt/MammoDiffusion/MammoDiffusion/experiments/diffusers/03_sd21_vae_finetuned/generated_images/final/positive/gen_0243.png,gen_0243.png,129.8956,116.0,1.0,0.19129180908203125,0.9329956526941331,0.18348312377929688,172.8856940892742,33.51382707871053,4.654290605033613,105.36126708984375,0.0,0.0,False,,-42.79334347052831,False,
positive,/mnt/MammoDiffusion/MammoDiffusion/experiments/diffusers/03_sd21_vae_finetuned/generated_images/final/positive/gen_0244.png,gen_0244.png,125.8956,112.0,1.0,0.5305900573730469,0.9998130720176,0.5267410278320312,163.1670456685158,18.872826464958866,5.384944631979941,29.57329559326172,0.0,0.0,False,,-8.034299161544155,True,1000.0
positive,/mnt/MammoDiffusion/MammoDiffusion/experiments/diffusers/03_sd21_vae_finetuned/generated_images/final/positive/gen_0245.png,gen_0245.png,76.8956,63.0,1.0,0.5225944519042969,0.9971969779918975,0.5152702331542969,166.61243753470293,20.91080430900415,5.559485735931904,152.77212524414062,0.0,0.0,False,,-7.960832544899716,True,961.0
positive,/mnt/MammoDiffusion/MammoDiffusion/experiments/diffusers/03_sd21_vae_finetuned/generated_images/final/positive/gen_0246.png,gen_0246.png,220.0,225.0,7.0,0.3307609558105469,0.9631056316099046,0.31023406982421875,232.34733049701202,9.614014981257535,6.552063203627876,410.0962829589844,0.0,0.0,False,,-30.219395241344408,False,
positive,/mnt/MammoDiffusion/MammoDiffusion/experiments/diffusers/03_sd21_vae_finetuned/generated_images/final/positive/gen_0247.png,gen_0247.png,35.8956,22.0,1.0,0.6994132995605469,0.9981346845053368,0.6920013427734375,162.1698860003087,21.221887686407673,6.018428587090688,174.45684814453125,0.0,0.0,False,,-8.899677605808911,False,
positive,/mnt/MammoDiffusion/MammoDiffusion/experiments/diffusers/03_sd21_vae_finetuned/generated_images/final/positive/gen_0248.png,gen_0248.png,47.8956,34.0,1.0,0.5412788391113281,0.9976883990048839,0.5340690612792969,156.67311414755397,24.329800546915834,5.5548048334315405,229.90377807617188,0.0,0.0,False,,-7.170028517597245,True,545.0
positive,/mnt/MammoDiffusion/MammoDiffusion/experiments/diffusers/03_sd21_vae_finetuned/generated_images/final/positive/gen_0249.png,gen_0249.png,10.0,0.0,0.0,0.6770286560058594,0.9520055893936747,0.6343917846679688,144.6191507017354,24.486778167338528,5.35044028365758,894.144775390625,0.0,0.0,False,,-31.90275480583023,False,
positive,/mnt/MammoDiffusion/MammoDiffusion/experiments/diffusers/03_sd21_vae_finetuned/generated_images/final/positive/gen_0250.png,gen_0250.png,40.8956,27.0,1.0,0.7580451965332031,0.999350835610441,0.7564125061035156,112.2865817064991,49.42109904461898,7.183523484450072,481.9199523925781,0.0,0.0,False,,-8.113268874203833,True,1044.0
positive,/mnt/MammoDiffusion/MammoDiffusion/experiments/diffusers/03_sd21_vae_finetuned/generated_images/final/positive/gen_0251.png,gen_0251.png,191.0,181.0,6.0,0.030750274658203125,0.1095397593350701,0.0016937255859375,216.0563063063063,16.21738531196157,6.312723350263369,515.1249389648438,0.0,0.0,True,too_empty,,False,
positive,/mnt/MammoDiffusion/MammoDiffusion/experiments/diffusers/03_sd21_vae_finetuned/generated_images/final/positive/gen_0252.png,gen_0252.png,156.8956,143.0,1.0,0.09441375732421875,0.7823030303030303,0.0725860595703125,200.26072104267396,21.42537140842187,5.886563022023465,326.02398681640625,0.0,0.0,True,too_empty,,False,
positive,/mnt/MammoDiffusion/MammoDiffusion/experiments/diffusers/03_sd21_vae_finetuned/generated_images/final/positive/gen_0253.png,gen_0253.png,122.8956,109.0,1.0,0.4474754333496094,0.9962490302890804,0.4404869079589844,158.5846229789298,20.893615630151764,4.960959665466111,27.77245330810547,0.0,0.0,False,,-7.303067705223578,True,613.0
positive,/mnt/MammoDiffusion/MammoDiffusion/experiments/diffusers/03_sd21_vae_finetuned/generated_images/final/positive/gen_0254.png,gen_0254.png,105.8956,92.0,1.0,0.3699684143066406,0.9673970201577563,0.4012870788574219,152.2394790626931,42.437626092925974,5.875823650513632,233.42898559570312,0.0,0.0,False,,-22.30605966518781,False,
positive,/mnt/MammoDiffusion/MammoDiffusion/experiments/diffusers/03_sd21_vae_finetuned/generated_images/final/positive/gen_0255.png,gen_0255.png,47.8956,34.0,1.0,0.4731407165527344,0.9972103748256484,0.4813194274902344,113.54323756687141,50.83772556027948,6.098806644915152,351.7034912109375,0.0,0.0,False,,-5.759833811500398,True,97.0
positive,/mnt/MammoDiffusion/MammoDiffusion/experiments/diffusers/03_sd21_vae_finetuned/generated_images/final/positive/gen_0256.png,gen_0256.png,63.0,58.0,0.0,0.5667190551757812,0.996708444959007,0.5587539672851562,164.24801671286372,24.942235660429446,5.3624333211445725,220.5841827392578,0.0,0.0,False,,-7.890714258400743,True,916.0
positive,/mnt/MammoDiffusion/MammoDiffusion/experiments/diffusers/03_sd21_vae_finetuned/generated_images/final/positive/gen_0257.png,gen_0257.png,107.8956,94.0,1.0,0.3888130187988281,0.9929654157468727,0.39714813232421875,149.81238113533763,37.09555015017775,5.248848015285753,96.1051025390625,0.0,0.0,False,,-7.694589499050876,True,804.0
positive,/mnt/MammoDiffusion/MammoDiffusion/experiments/diffusers/03_sd21_vae_finetuned/generated_images/final/positive/gen_0258.png,gen_0258.png,39.8956,26.0,1.0,0.7930908203125,0.9993073726335232,0.7933197021484375,110.79366140293513,48.8154569902509,7.231171704696621,536.540283203125,0.0,0.0,False,,-8.229297587886405,True,1105.0
positive,/mnt/MammoDiffusion/MammoDiffusion/experiments/diffusers/03_sd21_vae_finetuned/generated_images/final/positive/gen_0259.png,gen_0259.png,78.8956,65.0,1.0,0.5333442687988281,1.0,0.5272865295410156,160.4105118466269,21.745903221904154,5.60521790206451,43.87230682373047,0.0,0.0,False,,-8.05410046137557,True,1016.0
positive,/mnt/MammoDiffusion/MammoDiffusion/experiments/diffusers/03_sd21_vae_finetuned/generated_images/final/positive/gen_0260.png,gen_0260.png,107.8956,94.0,1.0,0.6471405029296875,0.9978307514559902,0.6412811279296875,147.3449151735789,22.443577490097056,5.874746547560308,52.227867126464844,0.0,0.0,False,,-8.196184612027723,True,1087.0
positive,/mnt/MammoDiffusion/MammoDiffusion/experiments/diffusers/03_sd21_vae_finetuned/generated_images/final/positive/gen_0261.png,gen_0261.png,54.8956,41.0,1.0,0.7486076354980469,1.0,0.7426033020019531,145.88611951569072,22.10362972879114,6.2456285370008064,71.50382995605469,0.0,0.0,False,,-9.63392663024612,False,
positive,/mnt/MammoDiffusion/MammoDiffusion/experiments/diffusers/03_sd21_vae_finetuned/generated_images/final/positive/gen_0262.png,gen_0262.png,173.0,168.0,2.0,0.03824615478515625,0.6215838819070417,0.02175140380859375,192.37004559803577,11.004648134590333,5.1529571519600506,69.91728210449219,0.0,0.0,True,too_empty,,False,
positive,/mnt/MammoDiffusion/MammoDiffusion/experiments/diffusers/03_sd21_vae_finetuned/generated_images/final/positive/gen_0263.png,gen_0263.png,119.0,114.0,0.0,0.3742561340332031,0.9900314955814451,0.36554718017578125,160.7074071755056,22.702823578272746,4.424882783137842,139.23495483398438,0.0,0.0,False,,-10.020868931529185,False,
positive,/mnt/MammoDiffusion/MammoDiffusion/experiments/diffusers/03_sd21_vae_finetuned/generated_images/final/positive/gen_0264.png,gen_0264.png,121.8956,108.0,1.0,0.337554931640625,0.8607720820902269,0.301513671875,155.87615131578949,32.08868748388818,6.289125996664908,213.77398681640625,0.0,0.0,False,,-83.15676802727003,False,
positive,/mnt/MammoDiffusion/MammoDiffusion/experiments/diffusers/03_sd21_vae_finetuned/generated_images/final/positive/gen_0265.png,gen_0265.png,103.8956,90.0,1.0,0.4558830261230469,0.9952471403348758,0.449005126953125,161.98535308910488,23.119451312566536,5.349960257643717,176.94850158691406,0.0,0.0,False,,-8.063073367392391,True,1025.0
positive,/mnt/MammoDiffusion/MammoDiffusion/experiments/diffusers/03_sd21_vae_finetuned/generated_images/final/positive/gen_0266.png,gen_0266.png,84.8956,71.0,1.0,0.4787139892578125,1.0,0.4728279113769531,147.30161598722054,28.472899833847407,5.23613317790129,26.832435607910156,0.0,0.0,False,,-6.468694705390917,True,269.0
positive,/mnt/MammoDiffusion/MammoDiffusion/experiments/diffusers/03_sd21_vae_finetuned/generated_images/final/positive/gen_0267.png,gen_0267.png,90.8956,77.0,1.0,0.6903724670410156,0.9978063510832869,0.6829338073730469,157.87089098292435,23.000831141393068,5.999559457694582,131.0322265625,0.0,0.0,False,,-8.798770545394493,False,
positive,/mnt/MammoDiffusion/MammoDiffusion/experiments/diffusers/03_sd21_vae_finetuned/generated_images/final/positive/gen_0268.png,gen_0268.png,84.8956,71.0,1.0,0.4698219299316406,0.9545229415155772,0.478271484375,129.10707790964778,40.93934578729563,6.3406155904791515,371.58343505859375,0.0,0.0,False,,-29.43123487106815,False,
positive,/mnt/MammoDiffusion/MammoDiffusion/experiments/diffusers/03_sd21_vae_finetuned/generated_images/final/positive/gen_0269.png,gen_0269.png,220.0,247.0,1.0,0.3280220031738281,0.9345497679935806,0.29901123046875,247.5263319044703,9.499215470064259,6.258501413857703,396.9883117675781,0.0,0.0,False,,-46.34907735025271,False,
positive,/mnt/MammoDiffusion/MammoDiffusion/experiments/diffusers/03_sd21_vae_finetuned/generated_images/final/positive/gen_0270.png,gen_0270.png,220.0,212.0,27.0,0.3278007507324219,0.9792275197542214,0.3126678466796875,240.15936264701577,4.2122862772869345,6.241534707796486,379.6632080078125,0.0,0.0,True,low_contrast,,False,
positive,/mnt/MammoDiffusion/MammoDiffusion/experiments/diffusers/03_sd21_vae_finetuned/generated_images/final/positive/gen_0271.png,gen_0271.png,98.8956,85.0,1.0,0.5271339416503906,0.9715526287223649,0.6359214782714844,126.08497747491047,33.29242696430272,6.188063776907851,182.88124084472656,0.0,0.0,False,,-21.482778784976258,False,
positive,/mnt/MammoDiffusion/MammoDiffusion/experiments/diffusers/03_sd21_vae_finetuned/generated_images/final/positive/gen_0272.png,gen_0272.png,88.8956,75.0,1.0,0.3841514587402344,0.9962066671300756,0.3771705627441406,164.90631416058986,23.6735625375262,4.753247916687596,182.75323486328125,0.0,0.0,False,,-6.843501839837826,True,404.0
positive,/mnt/MammoDiffusion/MammoDiffusion/experiments/diffusers/03_sd21_vae_finetuned/generated_images/final/positive/gen_0273.png,gen_0273.png,85.8956,72.0,1.0,0.6043167114257812,0.9980179020060852,0.5972099304199219,159.38081824279007,22.97372028953164,6.204270600178802,157.02149963378906,0.0,0.0,False,,-8.321010304009102,True,1158.0
positive,/mnt/MammoDiffusion/MammoDiffusion/experiments/diffusers/03_sd21_vae_finetuned/generated_images/final/positive/gen_0274.png,gen_0274.png,124.8956,111.0,1.0,0.3936653137207031,0.8699380795953371,0.3789634704589844,149.94482751678527,28.778114387971332,6.412193244567868,224.64224243164062,0.0,0.0,False,,-77.70564370557992,False,
positive,/mnt/MammoDiffusion/MammoDiffusion/experiments/diffusers/03_sd21_vae_finetuned/generated_images/final/positive/gen_0275.png,gen_0275.png,41.0,36.0,0.0,0.5884056091308594,0.9942883816216846,0.5792884826660156,162.2569325088735,20.34611549239423,5.190454340304896,263.08599853515625,0.0,0.0,False,,-9.414783137798302,False,
positive,/mnt/MammoDiffusion/MammoDiffusion/experiments/diffusers/03_sd21_vae_finetuned/generated_images/final/positive/gen_0276.png,gen_0276.png,62.8956,49.0,1.0,0.7009620666503906,1.0,0.6949539184570312,149.2319050598865,25.301488581417626,5.733758084863223,40.618499755859375,0.0,0.0,False,,-8.722741480060023,True,1357.0
positive,/mnt/MammoDiffusion/MammoDiffusion/experiments/diffusers/03_sd21_vae_finetuned/generated_images/final/positive/gen_0277.png,gen_0277.png,68.8956,55.0,1.0,0.7424049377441406,0.9982478406305718,0.7350120544433594,155.16129936318956,24.72527433560543,6.095111884056482,211.6383819580078,0.0,0.0,False,,-8.69512108050675,True,1350.0
positive,/mnt/MammoDiffusion/MammoDiffusion/experiments/diffusers/03_sd21_vae_finetuned/generated_images/final/positive/gen_0278.png,gen_0278.png,10.0,0.0,0.0,0.8866424560546875,1.0,0.8781814575195312,145.62274010685894,19.201386812673455,5.703905013950266,64.83683013916016,0.0,0.0,False,,-10.219465672973378,False,
positive,/mnt/MammoDiffusion/MammoDiffusion/experiments/diffusers/03_sd21_vae_finetuned/generated_images/final/positive/gen_0279.png,gen_0279.png,46.8956,33.0,1.0,0.5704498291015625,0.9983282064999331,0.5834846496582031,102.90968703622586,47.85320577679231,6.272575585034294,416.82696533203125,0.0,0.0,False,,-5.383452190377485,True,43.0
positive,/mnt/MammoDiffusion/MammoDiffusion/experiments/diffusers/03_sd21_vae_finetuned/generated_images/final/positive/gen_0280.png,gen_0280.png,17.8956,4.0,1.0,0.7298393249511719,0.9994564166357417,0.7282676696777344,90.10832272629655,51.620378952928284,6.784169882938983,494.709716796875,0.0,0.0,False,,-7.050542834435005,True,491.0
positive,/mnt/MammoDiffusion/MammoDiffusion/experiments/diffusers/03_sd21_vae_finetuned/generated_images/final/positive/gen_0281.png,gen_0281.png,22.8956,9.0,1.0,0.877960205078125,0.9990441099794918,0.87139892578125,103.00519191706941,47.754739880674606,7.287100588532415,606.6300048828125,0.0,0.0,False,,-8.265532358934324,True,1132.0
positive,/mnt/MammoDiffusion/MammoDiffusion/experiments/diffusers/03_sd21_vae_finetuned/generated_images/final/positive/gen_0282.png,gen_0282.png,48.8956,35.0,1.0,0.6965293884277344,0.9984719947861614,0.7251434326171875,101.16540412011027,47.53950882730664,6.936187077863545,436.44549560546875,0.0,0.0,False,,-6.813077356330576,True,389.0
positive,/mnt/MammoDiffusion/MammoDiffusion/experiments/diffusers/03_sd21_vae_finetuned/generated_images/final/positive/gen_0283.png,gen_0283.png,95.8956,82.0,1.0,0.7835502624511719,0.9984177446288516,0.7757606506347656,152.99722168950782,22.132167456818046,6.126914830279528,191.70596313476562,0.0,0.0,False,,-9.048419962605752,False,
positive,/mnt/MammoDiffusion/MammoDiffusion/experiments/diffusers/03_sd21_vae_finetuned/generated_images/final/positive/gen_0284.png,gen_0284.png,91.8956,78.0,1.0,0.6386833190917969,1.0,0.6328048706054688,149.0258551053133,20.20898405332474,5.812114671767566,47.567527770996094,0.0,0.0,False,,-8.725601972059714,True,1359.0
positive,/mnt/MammoDiffusion/MammoDiffusion/experiments/diffusers/03_sd21_vae_finetuned/generated_images/final/positive/gen_0285.png,gen_0285.png,57.7912,35.0,2.0,0.90435791015625,0.9996541135182561,0.8946762084960938,136.34157947248588,27.228781458487486,6.646688399604435,150.603759765625,0.0,0.0,False,,-10.11154409647891,False,
positive,/mnt/MammoDiffusion/MammoDiffusion/experiments/diffusers/03_sd21_vae_finetuned/generated_images/final/positive/gen_0286.png,gen_0286.png,41.8956,28.0,1.0,0.8150825500488281,0.9984602352236404,0.8064651489257812,151.39554893335225,20.739198995282464,5.9326606947224665,238.90567016601562,0.0,0.0,False,,-9.031755877557654,False,
positive,/mnt/MammoDiffusion/MammoDiffusion/experiments/diffusers/03_sd21_vae_finetuned/generated_images/final/positive/gen_0287.png,gen_0287.png,121.8956,108.0,1.0,0.3966102600097656,0.9956236955246275,0.3891944885253906,170.61484930164175,23.006047062753826,4.9726729513283985,129.2156524658203,0.0,0.0,False,,-7.589801278691858,True,753.0
positive,/mnt/MammoDiffusion/MammoDiffusion/experiments/diffusers/03_sd21_vae_finetuned/generated_images/final/positive/gen_0288.png,gen_0288.png,81.3736,23.0,6.0,0.8424263000488281,0.9920167363258874,0.8284263610839844,145.4948818190609,25.58334093404927,6.830406058461581,258.5179138183594,0.0,0.0,False,,-13.095565431443465,False,
positive,/mnt/MammoDiffusion/MammoDiffusion/experiments/diffusers/03_sd21_vae_finetuned/generated_images/final/positive/gen_0289.png,gen_0289.png,220.0,152.0,45.0,0.15958404541015625,0.7252952144188938,0.11222076416015625,245.5235230131212,1.489832539293029,6.675226798508851,1179.1624755859375,0.0,0.0,True,too_empty,,False,
positive,/mnt/MammoDiffusion/MammoDiffusion/experiments/diffusers/03_sd21_vae_finetuned/generated_images/final/positive/gen_0290.png,gen_0290.png,50.7912,28.0,2.0,0.8582878112792969,0.9992888730860686,0.855194091796875,120.86727420333298,43.1035083019218,7.27119796460935,461.4018249511719,0.0,0.0,False,,-8.672693079458734,True,1337.0
positive,/mnt/MammoDiffusion/MammoDiffusion/experiments/diffusers/03_sd21_vae_finetuned/generated_images/final/positive/gen_0291.png,gen_0291.png,84.8956,71.0,1.0,0.4918785095214844,0.998495459233925,0.4860725402832031,150.75540923395673,25.144768227418858,5.392066973745937,41.201255798339844,0.0,0.0,False,,-6.232003361852735,True,201.0
positive,/mnt/MammoDiffusion/MammoDiffusion/experiments/diffusers/03_sd21_vae_finetuned/generated_images/final/positive/gen_0292.png,gen_0292.png,220.0,106.0,58.0,0.09000015258789062,0.5308354172847879,0.0451812744140625,254.846757852077,1.2709861261984077,6.5906406426824065,368.465576171875,0.0,0.0,True,too_empty,,False,
positive,/mnt/MammoDiffusion/MammoDiffusion/experiments/diffusers/03_sd21_vae_finetuned/generated_images/final/positive/gen_0293.png,gen_0293.png,19.8956,6.0,1.0,0.657073974609375,0.9993846082392829,0.6548080444335938,95.87082153634637,53.43170119645011,6.689274588754188,499.1616516113281,0.0,0.0,False,,-6.720309021344724,True,356.0
positive,/mnt/MammoDiffusion/MammoDiffusion/experiments/diffusers/03_sd21_vae_finetuned/generated_images/final/positive/gen_0294.png,gen_0294.png,118.8956,105.0,1.0,0.21173477172851562,0.937429060445005,0.19842529296875,168.3306674869271,40.525601909985006,5.464541605016067,223.40380859375,0.0,0.0,False,,-40.27698483812912,False,
positive,/mnt/MammoDiffusion/MammoDiffusion/experiments/diffusers/03_sd21_vae_finetuned/generated_images/final/positive/gen_0295.png,gen_0295.png,10.0,0.0,0.0,0.7103462219238281,0.9996026056182973,0.7072715759277344,85.84593354080482,53.715293692717694,6.273383829286972,515.129638671875,0.0,0.0,False,,-6.479396361757372,True,277.0
positive,/mnt/MammoDiffusion/MammoDiffusion/experiments/diffusers/03_sd21_vae_finetuned/generated_images/final/positive/gen_0296.png,gen_0296.png,10.0,0.0,0.0,0.6616477966308594,0.999394627753723,0.6589698791503906,88.00213609655852,56.38606201270736,6.107362056836436,620.0488891601562,0.0,0.0,False,,-5.999872652524819,True,149.0
positive,/mnt/MammoDiffusion/MammoDiffusion/experiments/diffusers/03_sd21_vae_finetuned/generated_images/final/positive/gen_0297.png,gen_0297.png,28.8956,15.0,1.0,0.6600456237792969,0.9983066226658267,0.6527214050292969,163.69496864535057,21.027561078239184,5.9974580208522035,291.32464599609375,0.0,0.0,False,,-8.435055922897142,True,1227.0
positive,/mnt/MammoDiffusion/MammoDiffusion/experiments/diffusers/03_sd21_vae_finetuned/generated_images/final/positive/gen_0298.png,gen_0298.png,96.8956,83.0,1.0,0.5248756408691406,0.9958210083361799,0.5181503295898438,150.37917985717442,25.763908457813088,5.927205487072176,368.6794738769531,0.0,0.0,False,,-8.001965125609157,True,975.0
positive,/mnt/MammoDiffusion/MammoDiffusion/experiments/diffusers/03_sd21_vae_finetuned/generated_images/final/positive/gen_0299.png,gen_0299.png,75.8956,62.0,1.0,0.3950653076171875,0.979819242207717,0.4443550109863281,122.61564149890543,47.329709660018,5.877505905385817,285.9432678222656,0.0,0.0,False,,-15.059196055343332,False,
positive,/mnt/MammoDiffusion/MammoDiffusion/experiments/diffusers/03_sd21_vae_finetuned/generated_images/final/positive/gen_0300.png,gen_0300.png,24.8956,11.0,1.0,0.5521125793457031,0.9990948850642217,0.5526847839355469,93.69367006481092,53.37934567282317,6.157070575689481,466.0938415527344,0.0,0.0,False,,-5.316953836852133,True,36.0
positive,/mnt/MammoDiffusion/MammoDiffusion/experiments/diffusers/03_sd21_vae_finetuned/generated_images/final/positive/gen_0301.png,gen_0301.png,141.0,136.0,0.0,0.5978584289550781,0.9903014834901899,0.5868263244628906,164.0629188795642,13.882276340988296,5.125778404415117,29.06329345703125,0.0,0.0,False,,-12.415389706082005,False,
positive,/mnt/MammoDiffusion/MammoDiffusion/experiments/diffusers/03_sd21_vae_finetuned/generated_images/final/positive/gen_0302.png,gen_0302.png,220.0,203.0,26.0,0.3689994812011719,0.9834902978362676,0.35950469970703125,228.60683134908004,19.09315744258911,6.242863759253098,524.379150390625,0.0,0.0,False,,-17.339841938356283,False,
positive,/mnt/MammoDiffusion/MammoDiffusion/experiments/diffusers/03_sd21_vae_finetuned/generated_images/final/positive/gen_0303.png,gen_0303.png,99.8956,86.0,1.0,0.4275016784667969,0.9995002989283197,0.42303466796875,151.88112285384506,29.914230155566923,4.882314320974791,45.07499694824219,0.0,0.0,False,,-5.522543504272161,True,57.0
positive,/mnt/MammoDiffusion/MammoDiffusion/experiments/diffusers/03_sd21_vae_finetuned/generated_images/final/positive/gen_0304.png,gen_0304.png,10.0,0.0,0.0,0.8568801879882812,0.9984596618378995,0.8464431762695312,144.73400784172338,25.653558261919684,6.119772396484876,236.60415649414062,0.0,0.0,False,,-8.938307148539089,False,
positive,/mnt/MammoDiffusion/MammoDiffusion/experiments/diffusers/03_sd21_vae_finetuned/generated_images/final/positive/gen_0305.png,gen_0305.png,220.0,203.0,39.0,0.2567329406738281,0.9392133846451018,0.2431640625,241.49275225903614,15.352262554507725,6.742447402767814,576.0905151367188,0.0,0.0,False,,-43.79485446571254,False,
positive,/mnt/MammoDiffusion/MammoDiffusion/experiments/diffusers/03_sd21_vae_finetuned/generated_images/final/positive/gen_0306.png,gen_0306.png,42.8956,29.0,1.0,0.7838516235351562,0.9993722077846234,0.7856712341308594,114.13849843900971,46.9841818237351,7.268323879261132,521.873291015625,0.0,0.0,False,,-8.241283014996101,True,1118.0
positive,/mnt/MammoDiffusion/MammoDiffusion/experiments/diffusers/03_sd21_vae_finetuned/generated_images/final/positive/gen_0307.png,gen_0307.png,101.8956,88.0,1.0,0.6953849792480469,0.9999835427969566,0.6899185180664062,151.62557365446926,23.198683521774853,5.912306765634257,39.479339599609375,0.0,0.0,False,,-9.078592180276736,False,
positive,/mnt/MammoDiffusion/MammoDiffusion/experiments/diffusers/03_sd21_vae_finetuned/generated_images/final/positive/gen_0308.png,gen_0308.png,25.0,20.0,0.0,0.8552017211914062,1.0,0.8466529846191406,151.2921850007885,17.93290479250819,5.606141665826339,29.96550750732422,0.0,0.0,False,,-10.216280695602883,False,
positive,/mnt/MammoDiffusion/MammoDiffusion/experiments/diffusers/03_sd21_vae_finetuned/generated_images/final/positive/gen_0309.png,gen_0309.png,138.8956,125.0,1.0,0.1536865234375,0.9987589356632248,0.14987945556640625,170.57210486128787,22.924677879193844,3.6197979996938265,15.880912780761719,0.0,0.0,False,,-6.978870285994517,True,460.0
positive,/mnt/MammoDiffusion/MammoDiffusion/experiments/diffusers/03_sd21_vae_finetuned/generated_images/final/positive/gen_0310.png,gen_0310.png,94.8956,81.0,1.0,0.8026847839355469,0.999443966561955,0.7956466674804688,139.44390000671225,21.23871639219343,6.013287069162184,35.598175048828125,0.0,0.0,False,,-9.362408319681805,False,
positive,/mnt/MammoDiffusion/MammoDiffusion/experiments/diffusers/03_sd21_vae_finetuned/generated_images/final/positive/gen_0311.png,gen_0311.png,97.8956,84.0,1.0,0.5973777770996094,0.987662756467155,0.6935462951660156,132.68896479272203,39.545002841717725,6.80018735222067,359.64471435546875,0.0,0.0,False,,-13.072115928734313,False,
positive,/mnt/MammoDiffusion/MammoDiffusion/experiments/diffusers/03_sd21_vae_finetuned/generated_images/final/positive/gen_0312.png,gen_0312.png,109.8956,96.0,1.0,0.48043060302734375,0.9359705261151959,0.48448944091796875,145.1294505771381,27.52996868239412,6.112198462931749,144.73825073242188,0.0,0.0,False,,-41.179110016842195,False,
positive,/mnt/MammoDiffusion/MammoDiffusion/experiments/diffusers/03_sd21_vae_finetuned/generated_images/final/positive/gen_0313.png,gen_0313.png,41.8956,28.0,1.0,0.4514198303222656,0.9972874079958086,0.4443550109863281,163.76723183242478,24.43575395548858,5.472775948122958,229.26699829101562,0.0,0.0,False,,-6.916956653014207,True,434.0
positive,/mnt/MammoDiffusion/MammoDiffusion/experiments/diffusers/03_sd21_vae_finetuned/generated_images/final/positive/gen_0314.png,gen_0314.png,99.0,94.0,0.0,0.6168098449707031,0.9933268601609222,0.6352424621582031,136.8824680978832,26.526313134110556,5.900522959081551,128.28152465820312,0.0,0.0,False,,-9.979963224309543,False,
positive,/mnt/MammoDiffusion/MammoDiffusion/experiments/diffusers/03_sd21_vae_finetuned/generated_images/final/positive/gen_0315.png,gen_0315.png,10.0,0.0,0.0,0.8933601379394531,0.9993296013049289,0.8907661437988281,78.28992458534789,49.85635216274927,7.0527883310647645,573.5472412109375,0.0,0.0,False,,-8.08344333066125,True,1032.0
positive,/mnt/MammoDiffusion/MammoDiffusion/experiments/diffusers/03_sd21_vae_finetuned/generated_images/final/positive/gen_0316.png,gen_0316.png,107.8956,94.0,1.0,0.7281608581542969,0.9993032381092083,0.7225303649902344,149.55195425723443,21.91516095525396,6.101034419809427,52.07727813720703,0.0,0.0,False,,-9.118476872003807,False,
positive,/mnt/MammoDiffusion/MammoDiffusion/experiments/diffusers/03_sd21_vae_finetuned/generated_images/final/positive/gen_0317.png,gen_0317.png,220.0,165.0,80.0,0.2631263732910156,0.959566232222335,0.24634170532226562,247.4005760564907,2.9099771306789792,6.880986812827967,482.54742431640625,0.0,0.0,True,low_contrast,,False,
positive,/mnt/MammoDiffusion/MammoDiffusion/experiments/diffusers/03_sd21_vae_finetuned/generated_images/final/positive/gen_0318.png,gen_0318.png,92.8956,79.0,1.0,0.3760643005371094,0.9834555653611677,0.38193511962890625,138.01307404965942,43.77399821924164,5.827219256724812,245.72113037109375,0.0,0.0,False,,-13.116940866061531,False,
positive,/mnt/MammoDiffusion/MammoDiffusion/experiments/diffusers/03_sd21_vae_finetuned/generated_images/final/positive/gen_0319.png,gen_0319.png,113.8956,100.0,1.0,0.6526222229003906,0.9929974690351354,0.6693496704101562,139.92288534530906,22.36052348208643,5.906274379625852,53.81444549560547,0.0,0.0,False,,-10.877269110898176,False,
positive,/mnt/MammoDiffusion/MammoDiffusion/experiments/diffusers/03_sd21_vae_finetuned/generated_images/final/positive/gen_0320.png,gen_0320.png,89.8956,76.0,1.0,0.5540122985839844,0.9476971170066997,0.5585098266601562,134.17922956082234,39.712172198241475,6.823453056869537,398.87994384765625,0.0,0.0,False,,-34.36023378960194,False,
positive,/mnt/MammoDiffusion/MammoDiffusion/experiments/diffusers/03_sd21_vae_finetuned/generated_images/final/positive/gen_0321.png,gen_0321.png,90.8956,77.0,1.0,0.7173538208007812,0.9999946822653549,0.71142578125,147.57330988332188,23.276155955378147,6.131858692066064,46.15528869628906,0.0,0.0,False,,-9.308623449565085,False,
positive,/mnt/MammoDiffusion/MammoDiffusion/experiments/diffusers/03_sd21_vae_finetuned/generated_images/final/positive/gen_0322.png,gen_0322.png,111.8956,98.0,1.0,0.24052810668945312,0.7867191093207302,0.23136138916015625,162.0169002473207,41.33410243802215,5.685080024224165,269.7727355957031,0.0,0.0,False,,-123.75879653759759,False,
positive,/mnt/MammoDiffusion/MammoDiffusion/experiments/diffusers/03_sd21_vae_finetuned/generated_images/final/positive/gen_0323.png,gen_0323.png,128.8956,115.0,1.0,0.3506660461425781,0.9895131901006256,0.3516387939453125,160.53258841397266,28.204635150305734,5.283216686399302,51.9722900390625,0.0,0.0,False,,-10.9618097846668,False,
positive,/mnt/MammoDiffusion/MammoDiffusion/experiments/diffusers/03_sd21_vae_finetuned/generated_images/final/positive/gen_0324.png,gen_0324.png,38.8956,25.0,1.0,0.6114044189453125,0.9976415682946916,0.6041259765625,158.39983456253788,17.81554792735885,5.632590548228249,228.24497985839844,0.0,0.0,False,,-8.259843263108662,True,1129.0
positive,/mnt/MammoDiffusion/MammoDiffusion/experiments/diffusers/03_sd21_vae_finetuned/generated_images/final/positive/gen_0325.png,gen_0325.png,91.8956,78.0,1.0,0.4542999267578125,0.9988832163369495,0.4487266540527344,160.60637076961004,24.876274979286872,5.408020715431756,45.623779296875,0.0,0.0,False,,-6.492781394060098,True,283.0
positive,/mnt/MammoDiffusion/MammoDiffusion/experiments/diffusers/03_sd21_vae_finetuned/generated_images/final/positive/gen_0326.png,gen_0326.png,121.8956,108.0,1.0,0.35991668701171875,0.9932167461579227,0.355682373046875,156.4548477048477,28.23873220327495,4.998717199508788,33.124176025390625,0.0,0.0,False,,-8.494097696345879,True,1260.0
positive,/mnt/MammoDiffusion/MammoDiffusion/experiments/diffusers/03_sd21_vae_finetuned/generated_images/final/positive/gen_0327.png,gen_0327.png,109.8956,96.0,1.0,0.38846588134765625,0.9992242276646307,0.3837242126464844,154.5702001173067,25.874621902789563,4.883916467641301,28.15289306640625,0.0,0.0,False,,-5.74817231248648,True,94.0
positive,/mnt/MammoDiffusion/MammoDiffusion/experiments/diffusers/03_sd21_vae_finetuned/generated_images/final/positive/gen_0328.png,gen_0328.png,112.8956,99.0,1.0,0.3271675109863281,0.8800209875823471,0.3111114501953125,150.57896414733435,35.12019196347126,5.908421622385024,247.35104370117188,0.0,0.0,False,,-71.61200319450883,False,
positive,/mnt/MammoDiffusion/MammoDiffusion/experiments/diffusers/03_sd21_vae_finetuned/generated_images/final/positive/gen_0329.png,gen_0329.png,100.0,95.0,0.0,0.4401702880859375,0.9957361250736645,0.4328804016113281,159.49788062779243,23.72237703009786,4.478606364899645,159.52978515625,0.0,0.0,False,,-6.727174535989772,True,361.0
positive,/mnt/MammoDiffusion/MammoDiffusion/experiments/diffusers/03_sd21_vae_finetuned/generated_images/final/positive/gen_0330.png,gen_0330.png,121.8956,108.0,1.0,0.4534034729003906,0.8807222124065053,0.4506721496582031,146.35481331629154,30.013478452708668,6.45773443625584,261.972900390625,0.0,0.0,False,,-71.68504965141663,False,
positive,/mnt/MammoDiffusion/MammoDiffusion/experiments/diffusers/03_sd21_vae_finetuned/generated_images/final/positive/gen_0331.png,gen_0331.png,124.0,119.0,0.0,0.16039657592773438,0.8239589031322092,0.13080215454101562,177.60555863396425,40.95494095132372,5.687668492583828,243.1717987060547,0.0,0.0,True,too_empty,,False,
positive,/mnt/MammoDiffusion/MammoDiffusion/experiments/diffusers/03_sd21_vae_finetuned/generated_images/final/positive/gen_0332.png,gen_0332.png,144.8956,131.0,1.0,0.26058197021484375,0.9292050944224858,0.251739501953125,175.7962783367681,29.521461966881184,5.435790938976345,138.04653930664062,0.0,0.0,False,,-45.538328778925475,False,
positive,/mnt/MammoDiffusion/MammoDiffusion/experiments/diffusers/03_sd21_vae_finetuned/generated_images/final/positive/gen_0333.png,gen_0333.png,21.8956,8.0,1.0,0.6780433654785156,0.9994542743818392,0.6746025085449219,94.33266230498239,45.68424060593187,6.486915379027661,342.98614501953125,0.0,0.0,False,,-6.291392862125234,True,217.0
positive,/mnt/MammoDiffusion/MammoDiffusion/experiments/diffusers/03_sd21_vae_finetuned/generated_images/final/positive/gen_0334.png,gen_0334.png,73.8956,60.0,1.0,0.2934226989746094,0.9915625528152993,0.33393096923828125,125.37765313349631,53.809458411070025,5.484491423311289,279.722900390625,0.0,0.0,False,,-8.882327785500246,False,
positive,/mnt/MammoDiffusion/MammoDiffusion/experiments/diffusers/03_sd21_vae_finetuned/generated_images/final/positive/gen_0335.png,gen_0335.png,92.7912,70.0,2.0,0.4646949768066406,0.9884580969815379,0.4915351867675781,139.63113004741837,40.95497055751367,6.2805865943780415,301.5563049316406,0.0,0.0,False,,-11.028418762013642,False,
positive,/mnt/MammoDiffusion/MammoDiffusion/experiments/diffusers/03_sd21_vae_finetuned/generated_images/final/positive/gen_0336.png,gen_0336.png,41.8956,28.0,1.0,0.4532127380371094,0.9863139377309418,0.4565086364746094,101.29138220621537,51.2243395473111,5.687661322287197,401.8703918457031,0.0,0.0,False,,-10.82869391920528,False,
positive,/mnt/MammoDiffusion/MammoDiffusion/experiments/diffusers/03_sd21_vae_finetuned/generated_images/final/positive/gen_0337.png,gen_0337.png,92.8956,79.0,1.0,0.3801727294921875,0.9963977523580173,0.37334442138671875,166.25978338612444,29.462456693617625,5.088424319211093,210.6103057861328,0.0,0.0,False,,-6.691741106628488,True,350.0
positive,/mnt/MammoDiffusion/MammoDiffusion/experiments/diffusers/03_sd21_vae_finetuned/generated_images/final/positive/gen_0338.png,gen_0338.png,143.8956,130.0,1.0,0.13761520385742188,0.8726541926541926,0.10849761962890625,187.22048379157584,35.12622239022183,4.866746208905369,245.58529663085938,0.0,0.0,True,too_empty,,False,
positive,/mnt/MammoDiffusion/MammoDiffusion/experiments/diffusers/03_sd21_vae_finetuned/generated_images/final/positive/gen_0339.png,gen_0339.png,109.8956,96.0,1.0,0.3600883483886719,0.9688966576619524,0.35280609130859375,151.29419587829508,33.07510531136861,5.304107998430148,74.99725341796875,0.0,0.0,False,,-21.767027070210183,False,
positive,/mnt/MammoDiffusion/MammoDiffusion/experiments/diffusers/03_sd21_vae_finetuned/generated_images/final/positive/gen_0340.png,gen_0340.png,35.8956,22.0,1.0,0.7634658813476562,0.9983961066863863,0.7641067504882812,106.48793845416513,51.71139248351636,7.014464243344825,597.8721923828125,0.0,0.0,False,,-7.453442802745823,True,678.0
positive,/mnt/MammoDiffusion/MammoDiffusion/experiments/diffusers/03_sd21_vae_finetuned/generated_images/final/positive/gen_0341.png,gen_0341.png,55.8956,42.0,1.0,0.7367820739746094,0.9990266279388846,0.7408561706542969,111.91492242972849,44.042594073819224,6.9970787396814815,507.9747314453125,0.0,0.0,False,,-7.221430731652685,True,572.0
positive,/mnt/MammoDiffusion/MammoDiffusion/experiments/diffusers/03_sd21_vae_finetuned/generated_images/final/positive/gen_0342.png,gen_0342.png,123.8956,110.0,1.0,0.2812080383300781,0.9972055292537678,0.27691650390625,161.47811053559622,26.179223364558993,4.461046772295705,22.398117065429688,0.0,0.0,False,,-6.592847014348749,True,322.0
positive,/mnt/MammoDiffusion/MammoDiffusion/experiments/diffusers/03_sd21_vae_finetuned/generated_images/final/positive/gen_0343.png,gen_0343.png,74.7912,52.0,2.0,0.8680267333984375,0.9990990911807619,0.8638496398925781,128.5408671998163,32.45461985467489,6.978305750301109,274.8661193847656,0.0,0.0,False,,-9.161866134391166,False,
positive,/mnt/MammoDiffusion/MammoDiffusion/experiments/diffusers/03_sd21_vae_finetuned/generated_images/final/positive/gen_0344.png,gen_0344.png,112.8956,99.0,1.0,0.4165191650390625,0.9952650474411108,0.4140586853027344,155.2056420036299,29.14794330044641,5.43712443969112,164.2801055908203,0.0,0.0,False,,-7.2861554729223315,True,602.0
positive,/mnt/MammoDiffusion/MammoDiffusion/experiments/diffusers/03_sd21_vae_finetuned/generated_images/final/positive/gen_0345.png,gen_0345.png,220.0,248.0,4.0,0.2550621032714844,0.5537890911266321,0.138336181640625,251.36956761526582,9.40995715144324,6.492514583295491,473.7886047363281,0.0,0.0,True,fragmented_mask,,False,
positive,/mnt/MammoDiffusion/MammoDiffusion/experiments/diffusers/03_sd21_vae_finetuned/generated_images/final/positive/gen_0346.png,gen_0346.png,78.8956,65.0,1.0,0.41951751708984375,1.0,0.4139442443847656,162.11969072829984,28.96484106598484,5.124234460216715,39.904075622558594,0.0,0.0,False,,-6.363291672329295,True,231.0
positive,/mnt/MammoDiffusion/MammoDiffusion/experiments/diffusers/03_sd21_vae_finetuned/generated_images/final/positive/gen_0347.png,gen_0347.png,124.8956,111.0,1.0,0.3942108154296875,0.996216373137217,0.389373779296875,159.9360157535857,24.170246792108763,4.86737982905286,25.859359741210938,0.0,0.0,False,,-6.8745947917594155,True,417.0
positive,/mnt/MammoDiffusion/MammoDiffusion/experiments/diffusers/03_sd21_vae_finetuned/generated_images/final/positive/gen_0348.png,gen_0348.png,97.8956,84.0,1.0,0.49408721923828125,0.999992279303902,0.4883613586425781,154.63206817631482,21.318082229735147,5.316019573090055,32.567169189453125,0.0,0.0,False,,-7.369973519461254,True,639.0
positive,/mnt/MammoDiffusion/MammoDiffusion/experiments/diffusers/03_sd21_vae_finetuned/generated_images/final/positive/gen_0349.png,gen_0349.png,114.0,109.0,0.0,0.6078109741210938,0.9999811716268969,0.6064720153808594,154.57180327456393,21.557405642741383,5.3925344746757595,42.938873291015625,0.0,0.0,False,,-8.204106405166966,True,1096.0
positive,/mnt/MammoDiffusion/MammoDiffusion/experiments/diffusers/03_sd21_vae_finetuned/generated_images/final/positive/gen_0350.png,gen_0350.png,114.8956,101.0,1.0,0.3645286560058594,0.9126926820079742,0.3352699279785156,157.8948446335719,34.26740507735633,5.914432000007708,286.369140625,0.0,0.0,False,,-53.55021721697344,False,
positive,/mnt/MammoDiffusion/MammoDiffusion/experiments/diffusers/03_sd21_vae_finetuned/generated_images/final/positive/gen_0351.png,gen_0351.png,37.8956,24.0,1.0,0.5561599731445312,0.998388136686009,0.5534629821777344,111.74228566308491,50.208119991106386,6.442701119944475,442.0958557128906,0.0,0.0,False,,-5.720388518060327,True,88.0
positive,/mnt/MammoDiffusion/MammoDiffusion/experiments/diffusers/03_sd21_vae_finetuned/generated_images/final/positive/gen_0352.png,gen_0352.png,127.8956,114.0,1.0,0.21417999267578125,0.9762227050903003,0.23944473266601562,159.56325574726378,30.275684527423916,4.543479232364401,86.87010192871094,0.0,0.0,False,,-18.149985911319757,False,
positive,/mnt/MammoDiffusion/MammoDiffusion/experiments/diffusers/03_sd21_vae_finetuned/generated_images/final/positive/gen_0353.png,gen_0353.png,111.0,106.0,0.0,0.4903755187988281,0.9999533251911722,0.4852333068847656,145.8526741141972,17.827690568138944,4.542190506487833,14.876754760742188,0.0,0.0,False,,-6.564801965679998,True,308.0
positive,/mnt/MammoDiffusion/MammoDiffusion/experiments/diffusers/03_sd21_vae_finetuned/generated_images/final/positive/gen_0354.png,gen_0354.png,220.0,216.0,16.0,0.27181243896484375,0.9651247649254778,0.2547035217285156,232.38451976216507,12.973153546075256,6.842332861631822,446.3454895019531,0.0,0.0,False,,-29.478047517243052,False,
positive,/mnt/MammoDiffusion/MammoDiffusion/experiments/diffusers/03_sd21_vae_finetuned/generated_images/final/positive/gen_0355.png,gen_0355.png,94.8956,81.0,1.0,0.6255874633789062,0.9492786321450785,0.6474151611328125,129.70780598175776,31.481839607898227,6.549292576277532,204.8125,0.0,0.0,False,,-34.49504104337712,False,
positive,/mnt/MammoDiffusion/MammoDiffusion/experiments/diffusers/03_sd21_vae_finetuned/generated_images/final/positive/gen_0356.png,gen_0356.png,57.8956,44.0,1.0,0.4949073791503906,0.9974795162521101,0.491180419921875,129.88986486486488,44.78566861726251,6.1706947575903435,314.1383972167969,0.0,0.0,False,,-5.866097257144519,True,119.0
positive,/mnt/MammoDiffusion/MammoDiffusion/experiments/diffusers/03_sd21_vae_finetuned/generated_images/final/positive/gen_0357.png,gen_0357.png,69.8956,56.0,1.0,0.6584663391113281,1.0,0.6525535583496094,150.54710252947746,25.597622583504275,6.105556286074101,43.72975158691406,0.0,0.0,False,,-8.818610036196675,False,
positive,/mnt/MammoDiffusion/MammoDiffusion/experiments/diffusers/03_sd21_vae_finetuned/generated_images/final/positive/gen_0358.png,gen_0358.png,93.8956,80.0,1.0,0.450469970703125,0.9962485603956371,0.4431915283203125,149.29635909795147,28.00464128280105,5.031527155516045,165.3707733154297,0.0,0.0,False,,-6.435718238578233,True,257.0
positive,/mnt/MammoDiffusion/MammoDiffusion/experiments/diffusers/03_sd21_vae_finetuned/generated_images/final/positive/gen_0359.png,gen_0359.png,84.8956,71.0,1.0,0.7120780944824219,1.0,0.7061080932617188,139.029891627319,24.802354902921262,6.1125783977321975,51.1065673828125,0.0,0.0,False,,-8.881827567028116,False,
positive,/mnt/MammoDiffusion/MammoDiffusion/experiments/diffusers/03_sd21_vae_finetuned/generated_images/final/positive/gen_0360.png,gen_0360.png,220.0,111.0,46.0,0.07511520385742188,0.6857955411101518,0.04901123046875,254.9192092154421,0.908746552237747,6.581367279631653,356.18560791015625,0.0,0.0,True,too_empty,,False,
positive,/mnt/MammoDiffusion/MammoDiffusion/experiments/diffusers/03_sd21_vae_finetuned/generated_images/final/positive/gen_0361.png,gen_0361.png,74.8956,61.0,1.0,0.6382942199707031,0.9969938741969222,0.6479148864746094,126.7630691151448,35.986316903134686,6.594759231549879,352.05792236328125,0.0,0.0,False,,-7.460611846828125,True,682.0
positive,/mnt/MammoDiffusion/MammoDiffusion/experiments/diffusers/03_sd21_vae_finetuned/generated_images/final/positive/gen_0362.png,gen_0362.png,87.8956,74.0,1.0,0.6849403381347656,0.9987803044226495,0.6848945617675781,133.45338947649842,30.51468473417399,6.242650136689411,218.51019287109375,0.0,0.0,False,,-7.409805871654573,True,654.0
positive,/mnt/MammoDiffusion/MammoDiffusion/experiments/diffusers/03_sd21_vae_finetuned/generated_images/final/positive/gen_0363.png,gen_0363.png,31.8956,18.0,1.0,0.7017478942871094,0.9982985339124478,0.6943359375,157.20901459212376,25.15959936981322,6.106073123043309,262.2225646972656,0.0,0.0,False,,-8.373086703410397,True,1193.0
positive,/mnt/MammoDiffusion/MammoDiffusion/experiments/diffusers/03_sd21_vae_finetuned/generated_images/final/positive/gen_0364.png,gen_0364.png,126.8956,113.0,1.0,0.210723876953125,0.933816075307748,0.19979476928710938,158.80108830548926,30.198522696316367,5.0451570238857135,123.01727294921875,0.0,0.0,False,,-42.39496341205498,False,
positive,/mnt/MammoDiffusion/MammoDiffusion/experiments/diffusers/03_sd21_vae_finetuned/generated_images/final/positive/gen_0365.png,gen_0365.png,32.0,27.0,0.0,0.7464942932128906,0.9976748820833057,0.7384490966796875,156.2756741398905,21.43338317912447,5.864441281539092,242.47389221191406,0.0,0.0,False,,-9.037653117682723,False,
positive,/mnt/MammoDiffusion/MammoDiffusion/experiments/diffusers/03_sd21_vae_finetuned/generated_images/final/positive/gen_0366.png,gen_0366.png,105.8956,92.0,1.0,0.43970489501953125,0.9997917859559627,0.434661865234375,151.8855227129116,27.762649018593695,5.281826334836172,34.3624267578125,0.0,0.0,False,,-6.321683704909808,True,223.0
positive,/mnt/MammoDiffusion/MammoDiffusion/experiments/diffusers/03_sd21_vae_finetuned/generated_images/final/positive/gen_0367.png,gen_0367.png,74.8956,61.0,1.0,0.422393798828125,0.9968661946391156,0.41527557373046875,162.27793904209,25.898263333868886,5.1432254856046695,175.12118530273438,0.0,0.0,False,,-6.547957896454223,True,303.0
positive,/mnt/MammoDiffusion/MammoDiffusion/experiments/diffusers/03_sd21_vae_finetuned/generated_images/final/positive/gen_0368.png,gen_0368.png,220.0,247.0,8.0,0.15015792846679688,0.6960597515433274,0.0999755859375,254.66056166056165,3.5895696888970243,6.938659868339865,357.527587890625,0.0,0.0,True,too_empty,,False,
positive,/mnt/MammoDiffusion/MammoDiffusion/experiments/diffusers/03_sd21_vae_finetuned/generated_images/final/positive/gen_0369.png,gen_0369.png,114.8956,101.0,1.0,0.4313316345214844,0.9969488197681103,0.42494964599609375,162.71479739313094,23.862931205108016,4.660906805664178,204.76199340820312,0.0,0.0,False,,-6.212638250712258,True,198.0
positive,/mnt/MammoDiffusion/MammoDiffusion/experiments/diffusers/03_sd21_vae_finetuned/generated_images/final/positive/gen_0370.png,gen_0370.png,44.8956,31.0,1.0,0.5800743103027344,0.9939301473731282,0.5705223083496094,165.3748152902868,23.758837893577468,5.9534455532115444,318.63201904296875,0.0,0.0,False,,-10.092228158048739,False,
positive,/mnt/MammoDiffusion/MammoDiffusion/experiments/diffusers/03_sd21_vae_finetuned/generated_images/final/positive/gen_0371.png,gen_0371.png,64.8956,51.0,1.0,0.4990386962890625,0.9973627885644397,0.4919281005859375,160.5585471013369,21.783289143724627,5.556612639725242,196.20823669433594,0.0,0.0,False,,-7.408467770693094,True,653.0
positive,/mnt/MammoDiffusion/MammoDiffusion/experiments/diffusers/03_sd21_vae_finetuned/generated_images/final/positive/gen_0372.png,gen_0372.png,10.0,0.0,0.0,0.7165145874023438,0.9985785018367673,0.7140121459960938,81.45455565409726,52.597909972870944,6.22666841668761,679.6600341796875,0.0,0.0,False,,-5.626762119651252,True,71.0
positive,/mnt/MammoDiffusion/MammoDiffusion/experiments/diffusers/03_sd21_vae_finetuned/generated_images/final/positive/gen_0373.png,gen_0373.png,67.8956,54.0,1.0,0.5738029479980469,1.0,0.5677871704101562,158.49487375875088,26.397266161973988,5.745016469778247,64.1685562133789,0.0,0.0,False,,-8.052979753254574,True,1015.0
positive,/mnt/MammoDiffusion/MammoDiffusion/experiments/diffusers/03_sd21_vae_finetuned/generated_images/final/positive/gen_0374.png,gen_0374.png,101.8956,88.0,1.0,0.6720428466796875,0.9959414662943032,0.6667633056640625,130.7697038698309,22.607253390502176,6.058825178454742,70.1402359008789,0.0,0.0,False,,-9.058335248148074,False,
positive,/mnt/MammoDiffusion/MammoDiffusion/experiments/diffusers/03_sd21_vae_finetuned/generated_images/final/positive/gen_0375.png,gen_0375.png,106.8956,93.0,1.0,0.4966697692871094,0.9992933893501487,0.491302490234375,160.27534318901795,22.80156484201477,5.277866167025373,29.50225830078125,0.0,0.0,False,,-7.035611362823747,True,482.0
positive,/mnt/MammoDiffusion/MammoDiffusion/experiments/diffusers/03_sd21_vae_finetuned/generated_images/final/positive/gen_0376.png,gen_0376.png,131.8956,118.0,1.0,0.17339706420898438,0.5061269387306127,0.08556747436523438,192.72899112834915,32.12109122795924,5.80664820986633,410.0591735839844,0.0,0.0,True,too_empty,,False,
positive,/mnt/MammoDiffusion/MammoDiffusion/experiments/diffusers/03_sd21_vae_finetuned/generated_images/final/positive/gen_0377.png,gen_0377.png,116.0,111.0,0.0,0.33570098876953125,0.999227290288857,0.33058929443359375,161.68749855761465,26.73013622734073,4.028939850064606,16.524856567382812,0.0,0.0,False,,-5.437123212692858,True,50.0
positive,/mnt/MammoDiffusion/MammoDiffusion/experiments/diffusers/03_sd21_vae_finetuned/generated_images/final/positive/gen_0378.png,gen_0378.png,109.5824,69.0,4.0,0.7784957885742188,0.9976724585697625,0.770172119140625,150.40529777707334,20.98718696134831,6.391723966816718,218.99911499023438,0.0,0.0,False,,-9.653501834655096,False,
positive,/mnt/MammoDiffusion/MammoDiffusion/experiments/diffusers/03_sd21_vae_finetuned/generated_images/final/positive/gen_0379.png,gen_0379.png,10.0,0.0,0.0,0.8434982299804688,0.9985844662126104,0.8363876342773438,135.17015881124175,30.049224374019612,6.15714177509542,281.07061767578125,0.0,0.0,False,,-8.246605565901941,True,1121.0
positive,/mnt/MammoDiffusion/MammoDiffusion/experiments/diffusers/03_sd21_vae_finetuned/generated_images/final/positive/gen_0380.png,gen_0380.png,25.8956,12.0,1.0,0.6488876342773438,0.9982422311319091,0.6416664123535156,155.46856589124243,22.78762318177955,5.920933953142902,286.82281494140625,0.0,0.0,False,,-7.950786589944175,True,953.0
positive,/mnt/MammoDiffusion/MammoDiffusion/experiments/diffusers/03_sd21_vae_finetuned/generated_images/final/positive/gen_0381.png,gen_0381.png,54.8956,41.0,1.0,0.6101837158203125,0.9980244567255996,0.6029930114746094,158.47361628635232,20.986821965478818,5.8147096983581665,222.1365966796875,0.0,0.0,False,,-8.004906318016952,True,981.0
positive,/mnt/MammoDiffusion/MammoDiffusion/experiments/diffusers/03_sd21_vae_finetuned/generated_images/final/positive/gen_0382.png,gen_0382.png,89.8956,76.0,1.0,0.7234611511230469,0.9946902468217937,0.7177963256835938,138.45751623566426,29.888498675145158,6.562982046868651,216.3943328857422,0.0,0.0,False,,-10.134540101220646,False,
positive,/mnt/MammoDiffusion/MammoDiffusion/experiments/diffusers/03_sd21_vae_finetuned/generated_images/final/positive/gen_0383.png,gen_0383.png,99.8956,86.0,1.0,0.6635856628417969,0.9978212756172573,0.6561164855957031,155.42222248062467,17.75436966098977,5.454905304031793,132.37789916992188,0.0,0.0,False,,-8.366985555763929,True,1189.0
positive,/mnt/MammoDiffusion/MammoDiffusion/experiments/diffusers/03_sd21_vae_finetuned/generated_images/final/positive/gen_0384.png,gen_0384.png,86.8956,73.0,1.0,0.5727691650390625,0.996809814316541,0.6168098449707031,135.92266826640608,40.053254197855246,6.497532466565046,300.169921875,0.0,0.0,False,,-7.313867038642114,True,620.0
positive,/mnt/MammoDiffusion/MammoDiffusion/experiments/diffusers/03_sd21_vae_finetuned/generated_images/final/positive/gen_0385.png,gen_0385.png,113.8956,100.0,1.0,0.5112342834472656,0.99979853302193,0.5057220458984375,168.7312931840811,21.85119532605728,5.555384947593312,42.82421112060547,0.0,0.0,False,,-7.995812332945247,True,973.0
positive,/mnt/MammoDiffusion/MammoDiffusion/experiments/diffusers/03_sd21_vae_finetuned/generated_images/final/positive/gen_0386.png,gen_0386.png,120.8956,107.0,1.0,0.5364189147949219,0.993400607314801,0.5262489318847656,157.8225410103441,23.9009571160567,5.436150356014533,161.1928253173828,0.0,0.0,False,,-9.53115133336848,False,
positive,/mnt/MammoDiffusion/MammoDiffusion/experiments/diffusers/03_sd21_vae_finetuned/generated_images/final/positive/gen_0387.png,gen_0387.png,103.8956,90.0,1.0,0.29923248291015625,0.9028964075367788,0.27993011474609375,148.92916519037365,38.15899795411948,5.975918675081752,207.04611206054688,0.0,0.0,False,,-58.97218226492235,False,
positive,/mnt/MammoDiffusion/MammoDiffusion/experiments/diffusers/03_sd21_vae_finetuned/generated_images/final/positive/gen_0388.png,gen_0388.png,109.8956,96.0,1.0,0.2579154968261719,0.8742808122938575,0.238037109375,160.04113782051283,38.639657495863915,5.563633107505777,186.76487731933594,0.0,0.0,False,,-75.06738876141935,False,
positive,/mnt/MammoDiffusion/MammoDiffusion/experiments/diffusers/03_sd21_vae_finetuned/generated_images/final/positive/gen_0389.png,gen_0389.png,212.8076,21.0,21.0,0.10122299194335938,0.5891464104013567,0.057430267333984375,253.78439056791763,9.534520586544533,7.1685290700485504,719.8779907226562,0.0,0.0,True,too_empty,,False,
positive,/mnt/MammoDiffusion/MammoDiffusion/experiments/diffusers/03_sd21_vae_finetuned/generated_images/final/positive/gen_0390.png,gen_0390.png,91.8956,78.0,1.0,0.6254158020019531,1.0,0.6191482543945312,157.21019555654135,19.167040910753226,5.645659053957772,36.429725646972656,0.0,0.0,False,,-8.806855063387056,False,
positive,/mnt/MammoDiffusion/MammoDiffusion/experiments/diffusers/03_sd21_vae_finetuned/generated_images/final/positive/gen_0391.png,gen_0391.png,60.8956,47.0,1.0,0.7957725524902344,0.9992761508482457,0.8201446533203125,115.42870099908835,44.30707584445199,7.132948853617639,407.4449157714844,0.0,0.0,False,,-8.278347846000253,True,1139.0
positive,/mnt/MammoDiffusion/MammoDiffusion/experiments/diffusers/03_sd21_vae_finetuned/generated_images/final/positive/gen_0392.png,gen_0392.png,49.8956,36.0,1.0,0.7284660339355469,0.9985704036907673,0.7309494018554688,115.51643929984239,43.99967866840844,6.9695155029752005,364.6569519042969,0.0,0.0,False,,-7.157690259382225,True,538.0
positive,/mnt/MammoDiffusion/MammoDiffusion/experiments/diffusers/03_sd21_vae_finetuned/generated_images/final/positive/gen_0393.png,gen_0393.png,118.8956,105.0,1.0,0.7000236511230469,0.9978529429395064,0.6996536254882812,152.44580448176217,19.677261017427387,5.614568922585013,34.50214385986328,0.0,0.0,False,,-8.694129488332482,True,1349.0
positive,/mnt/MammoDiffusion/MammoDiffusion/experiments/diffusers/03_sd21_vae_finetuned/generated_images/final/positive/gen_0394.png,gen_0394.png,96.0,91.0,0.0,0.3311424255371094,0.9995046482426533,0.3263587951660156,151.28906058232909,28.136422804198997,3.967238928163704,27.434165954589844,0.0,0.0,False,,-5.128411795416377,True,17.0
positive,/mnt/MammoDiffusion/MammoDiffusion/experiments/diffusers/03_sd21_vae_finetuned/generated_images/final/positive/gen_0395.png,gen_0395.png,98.7912,76.0,2.0,0.5565223693847656,0.9513876988669467,0.6335716247558594,127.07537013733766,33.65725936753933,6.772074845750726,175.51766967773438,0.0,0.0,False,,-33.2522180930652,False,
positive,/mnt/MammoDiffusion/MammoDiffusion/experiments/diffusers/03_sd21_vae_finetuned/generated_images/final/positive/gen_0396.png,gen_0396.png,128.2692,61.0,7.0,0.3537025451660156,0.8876414188802968,0.35803985595703125,150.66231967440174,26.728395804391432,6.927886654024205,391.62139892578125,0.0,0.0,False,,-68.4863089789318,False,
positive,/mnt/MammoDiffusion/MammoDiffusion/experiments/diffusers/03_sd21_vae_finetuned/generated_images/final/positive/gen_0397.png,gen_0397.png,118.8956,105.0,1.0,0.17965316772460938,0.4546130162437626,0.07927703857421875,196.35756905013955,28.029858751649076,5.178941223912841,207.28509521484375,0.0,0.0,True,too_empty,,False,
positive,/mnt/MammoDiffusion/MammoDiffusion/experiments/diffusers/03_sd21_vae_finetuned/generated_images/final/positive/gen_0398.png,gen_0398.png,145.8956,132.0,1.0,0.09845733642578125,0.8134444013948082,0.07833099365234375,189.7681893445018,25.12147228161168,5.6501192001056735,295.117431640625,0.0,0.0,True,too_empty,,False,
positive,/mnt/MammoDiffusion/MammoDiffusion/experiments/diffusers/03_sd21_vae_finetuned/generated_images/final/positive/gen_0399.png,gen_0399.png,80.8956,67.0,1.0,0.6597404479980469,0.999207849803697,0.6627731323242188,142.1847912421867,38.688121669602744,6.698863174285421,262.35443115234375,0.0,0.0,False,,-7.5831795771898935,True,749.0
positive,/mnt/MammoDiffusion/MammoDiffusion/experiments/diffusers/03_sd21_vae_finetuned/generated_images/final/positive/gen_0400.png,gen_0400.png,50.7912,28.0,2.0,0.8391151428222656,0.9986770863167083,0.8409652709960938,105.81775336351348,41.05017582667547,7.264113144872835,343.5806884765625,0.0,0.0,False,,-7.770400015237833,True,849.0
positive,/mnt/MammoDiffusion/MammoDiffusion/experiments/diffusers/03_sd21_vae_finetuned/generated_images/final/positive/gen_0401.png,gen_0401.png,71.0,66.0,0.0,0.7334709167480469,0.9993394877129111,0.72723388671875,145.4693033990768,22.59759390583527,5.881886725121831,47.26239013671875,0.0,0.0,False,,-8.78739772164797,False,
positive,/mnt/MammoDiffusion/MammoDiffusion/experiments/diffusers/03_sd21_vae_finetuned/generated_images/final/positive/gen_0402.png,gen_0402.png,89.8956,76.0,1.0,0.30815887451171875,0.9765170458765566,0.364593505859375,133.85690968443961,50.41435627626263,5.709869982086781,294.1855773925781,0.0,0.0,False,,-17.25296423546445,False,
positive,/mnt/MammoDiffusion/MammoDiffusion/experiments/diffusers/03_sd21_vae_finetuned/generated_images/final/positive/gen_0403.png,gen_0403.png,115.0,110.0,0.0,0.5208587646484375,0.9962428592353889,0.5133399963378906,167.43103537961937,22.48590218953944,4.985227147638312,171.6488494873047,0.0,0.0,False,,-7.802300844675511,True,867.0
positive,/mnt/MammoDiffusion/MammoDiffusion/experiments/diffusers/03_sd21_vae_finetuned/generated_images/final/positive/gen_0404.png,gen_0404.png,104.8956,91.0,1.0,0.68658447265625,0.985426482353987,0.6848487854003906,143.85465857883685,24.72972672222268,5.988607674045021,73.31709289550781,0.0,0.0,False,,-15.195402646640709,False,
positive,/mnt/MammoDiffusion/MammoDiffusion/experiments/diffusers/03_sd21_vae_finetuned/generated_images/final/positive/gen_0405.png,gen_0405.png,10.0,0.0,0.0,0.8354835510253906,0.9984065163891387,0.8260459899902344,161.68411354788657,36.414280212028714,5.679745707862433,315.5401916503906,0.0,0.0,False,,-8.05755672323696,True,1019.0
positive,/mnt/MammoDiffusion/MammoDiffusion/experiments/diffusers/03_sd21_vae_finetuned/generated_images/final/positive/gen_0406.png,gen_0406.png,110.8956,97.0,1.0,0.6535224914550781,0.9971164566271882,0.6480636596679688,147.4255265295551,21.200019077941906,5.446044597363034,32.166046142578125,0.0,0.0,False,,-8.331100629974944,True,1162.0
positive,/mnt/MammoDiffusion/MammoDiffusion/experiments/diffusers/03_sd21_vae_finetuned/generated_images/final/positive/gen_0407.png,gen_0407.png,77.8956,64.0,1.0,0.6545181274414062,0.9969226823951789,0.6471290588378906,163.77177686997837,21.350948861198773,6.118674887563496,154.02133178710938,0.0,0.0,False,,-9.4338223162999,False,
positive,/mnt/MammoDiffusion/MammoDiffusion/experiments/diffusers/03_sd21_vae_finetuned/generated_images/final/positive/gen_0408.png,gen_0408.png,68.8956,55.0,1.0,0.6129074096679688,0.9975166490321777,0.6055526733398438,162.69652643912764,21.93170451088181,5.908365170294326,186.84255981445312,0.0,0.0,False,,-8.502175301227155,True,1266.0
positive,/mnt/MammoDiffusion/MammoDiffusion/experiments/diffusers/03_sd21_vae_finetuned/generated_images/final/positive/gen_0409.png,gen_0409.png,45.8956,32.0,1.0,0.5309104919433594,0.9990946649901203,0.5363960266113281,109.34852396293373,51.14557839150979,6.16483478401296,296.416259765625,0.0,0.0,False,,-5.744218004388819,True,92.0
positive,/mnt/MammoDiffusion/MammoDiffusion/experiments/diffusers/03_sd21_vae_finetuned/generated_images/final/positive/gen_0410.png,gen_0410.png,187.0,84.0,13.0,0.048915863037109375,0.7537237775871481,0.036960601806640625,198.3188151512024,8.513624495086773,6.706951188866812,69.9688720703125,0.0,0.0,True,too_empty,,False,
positive,/mnt/MammoDiffusion/MammoDiffusion/experiments/diffusers/03_sd21_vae_finetuned/generated_images/final/positive/gen_0411.png,gen_0411.png,10.0,0.0,0.0,0.8240394592285156,0.9985093765768435,0.8160820007324219,139.90819469829057,23.309954991997362,5.646464847921201,219.78028869628906,0.0,0.0,False,,-8.27838485430543,True,1140.0
positive,/mnt/MammoDiffusion/MammoDiffusion/experiments/diffusers/03_sd21_vae_finetuned/generated_images/final/positive/gen_0412.png,gen_0412.png,136.8956,123.0,1.0,0.33504486083984375,0.9557782079016282,0.322052001953125,162.96517577939923,21.407006365867076,5.274958263811293,76.02812194824219,0.0,0.0,False,,-30.408718725700542,False,
positive,/mnt/MammoDiffusion/MammoDiffusion/experiments/diffusers/03_sd21_vae_finetuned/generated_images/final/positive/gen_0413.png,gen_0413.png,220.0,255.0,0.0,0.2042999267578125,0.9899731122563298,0.1062774658203125,254.79450825556353,1.5009515976885386,6.085976460565862,407.1331787109375,0.0,0.0,True,too_empty,,False,
positive,/mnt/MammoDiffusion/MammoDiffusion/experiments/diffusers/03_sd21_vae_finetuned/generated_images/final/positive/gen_0414.png,gen_0414.png,104.8956,91.0,1.0,0.58734130859375,0.999993505143926,0.58184814453125,155.93845064512746,20.235807333763074,5.446734873153288,31.954818725585938,0.0,0.0,False,,-8.246921730196393,True,1123.0
positive,/mnt/MammoDiffusion/MammoDiffusion/experiments/diffusers/03_sd21_vae_finetuned/generated_images/final/positive/gen_0415.png,gen_0415.png,47.8956,34.0,1.0,0.7244224548339844,1.0,0.7180595397949219,141.56401838127871,20.45904896757073,5.879109584986493,55.312538146972656,0.0,0.0,False,,-9.111306761324245,False,
positive,/mnt/MammoDiffusion/MammoDiffusion/experiments/diffusers/03_sd21_vae_finetuned/generated_images/final/positive/gen_0416.png,gen_0416.png,10.0,0.0,0.0,0.8296318054199219,0.9994160463116657,0.8258094787597656,77.05456829929648,54.36169879579235,6.742894999353595,486.0511474609375,0.0,0.0,False,,-7.851732682790628,True,898.0
positive,/mnt/MammoDiffusion/MammoDiffusion/experiments/diffusers/03_sd21_vae_finetuned/generated_images/final/positive/gen_0417.png,gen_0417.png,93.8956,80.0,1.0,0.8244171142578125,0.9998982028170057,0.8217277526855469,138.15364582124403,24.406625094478294,6.472510193015404,59.94036865234375,0.0,0.0,False,,-9.949865861919992,False,
positive,/mnt/MammoDiffusion/MammoDiffusion/experiments/diffusers/03_sd21_vae_finetuned/generated_images/final/positive/gen_0418.png,gen_0418.png,103.8956,90.0,1.0,0.43853759765625,1.0,0.4334602355957031,150.5142965264149,27.008802236093,5.0021407617961104,26.32727813720703,0.0,0.0,False,,-6.174844195871405,True,183.0
positive,/mnt/MammoDiffusion/MammoDiffusion/experiments/diffusers/03_sd21_vae_finetuned/generated_images/final/positive/gen_0419.png,gen_0419.png,92.8956,79.0,1.0,0.565338134765625,0.9987651821862348,0.58770751953125,144.23194256932183,38.86108092262808,6.354365888385328,317.6441345214844,0.0,0.0,False,,-6.474024885875747,True,270.0
positive,/mnt/MammoDiffusion/MammoDiffusion/experiments/diffusers/03_sd21_vae_finetuned/generated_images/final/positive/gen_0420.png,gen_0420.png,108.8956,95.0,1.0,0.2521705627441406,0.9315936767264201,0.26265716552734375,154.14516222732158,42.55206105073006,5.628508276849445,219.09054565429688,0.0,0.0,False,,-42.96042323348106,False,
positive,/mnt/MammoDiffusion/MammoDiffusion/experiments/diffusers/03_sd21_vae_finetuned/generated_images/final/positive/gen_0421.png,gen_0421.png,57.8956,44.0,1.0,0.4006538391113281,0.9973721543573679,0.4245452880859375,113.12840096323185,50.454269742830284,5.844213048263519,319.4951171875,0.0,0.0,False,,-5.0362459778057875,True,15.0
positive,/mnt/MammoDiffusion/MammoDiffusion/experiments/diffusers/03_sd21_vae_finetuned/generated_images/final/positive/gen_0422.png,gen_0422.png,84.8956,71.0,1.0,0.6392364501953125,1.0,0.6330833435058594,156.62289481136906,21.451377054900977,5.766977258118838,36.21746826171875,0.0,0.0,False,,-8.84137491113193,False,
positive,/mnt/MammoDiffusion/MammoDiffusion/experiments/diffusers/03_sd21_vae_finetuned/generated_images/final/positive/gen_0423.png,gen_0423.png,92.8956,79.0,1.0,0.7404403686523438,1.0,0.7343559265136719,150.80836021547267,19.146959716966546,5.671598986592122,27.26708984375,0.0,0.0,False,,-9.426369142854945,False,
positive,/mnt/MammoDiffusion/MammoDiffusion/experiments/diffusers/03_sd21_vae_finetuned/generated_images/final/positive/gen_0424.png,gen_0424.png,27.8956,14.0,1.0,0.5538291931152344,0.9981196145554232,0.5470161437988281,154.945089506754,22.732734948968385,5.582449057706146,283.44921875,0.0,0.0,False,,-7.0391638150676235,True,485.0
positive,/mnt/MammoDiffusion/MammoDiffusion/experiments/diffusers/03_sd21_vae_finetuned/generated_images/final/positive/gen_0425.png,gen_0425.png,130.7912,108.0,2.0,0.3464508056640625,0.9065954635542832,0.3721504211425781,155.17744498088297,29.053940243419184,6.273542105443103,233.66555786132812,0.0,0.0,False,,-57.39076933686453,False,
positive,/mnt/MammoDiffusion/MammoDiffusion/experiments/diffusers/03_sd21_vae_finetuned/generated_images/final/positive/gen_0426.png,gen_0426.png,93.8956,80.0,1.0,0.5242843627929688,0.9962819598655394,0.566436767578125,131.94852109261353,36.83550866574371,6.204504273664514,265.2467956542969,0.0,0.0,False,,-7.127358118936441,True,526.0
positive,/mnt/MammoDiffusion/MammoDiffusion/experiments/diffusers/03_sd21_vae_finetuned/generated_images/final/positive/gen_0427.png,gen_0427.png,124.8956,111.0,1.0,0.2988624572753906,0.9791690599272449,0.3066368103027344,158.4043765472799,31.354635700408586,5.196865931039434,90.80958557128906,0.0,0.0,False,,-16.58832557767427,False,
positive,/mnt/MammoDiffusion/MammoDiffusion/experiments/diffusers/03_sd21_vae_finetuned/generated_images/final/positive/gen_0428.png,gen_0428.png,46.8956,33.0,1.0,0.69512939453125,0.9980079462639388,0.6877784729003906,152.15290881157202,17.846037000021063,5.822064738628559,252.55517578125,0.0,0.0,False,,-8.584218540110264,True,1303.0
positive,/mnt/MammoDiffusion/MammoDiffusion/experiments/diffusers/03_sd21_vae_finetuned/generated_images/final/positive/gen_0429.png,gen_0429.png,189.0,184.0,2.0,0.04792022705078125,0.7045056519662474,0.032257080078125,205.69749290444653,8.091688586324121,6.697142725145115,327.8557434082031,0.0,0.0,True,too_empty,,False,
positive,/mnt/MammoDiffusion/MammoDiffusion/experiments/diffusers/03_sd21_vae_finetuned/generated_images/final/positive/gen_0430.png,gen_0430.png,220.0,113.0,97.0,0.13851165771484375,0.4233544478105205,0.05675506591796875,245.04449522785322,42.78906781860915,7.051483396249678,655.525390625,0.0,0.0,True,too_empty,,False,
positive,/mnt/MammoDiffusion/MammoDiffusion/experiments/diffusers/03_sd21_vae_finetuned/generated_images/final/positive/gen_0431.png,gen_0431.png,110.8956,97.0,1.0,0.6312713623046875,0.9960539991781683,0.6358489990234375,147.06724700631133,25.316884585721528,6.2589396733806435,82.71389770507812,0.0,0.0,False,,-9.275700574665828,False,
positive,/mnt/MammoDiffusion/MammoDiffusion/experiments/diffusers/03_sd21_vae_finetuned/generated_images/final/positive/gen_0432.png,gen_0432.png,41.8956,28.0,1.0,0.4330902099609375,0.997410421731318,0.4264488220214844,163.04766931148305,23.19820531211625,5.401552148278552,258.9546203613281,0.0,0.0,False,,-6.686568530251338,True,349.0
positive,/mnt/MammoDiffusion/MammoDiffusion/experiments/diffusers/03_sd21_vae_finetuned/generated_images/final/positive/gen_0433.png,gen_0433.png,27.8956,14.0,1.0,0.6858329772949219,0.9990210638144026,0.6837806701660156,102.16234400191912,54.096912688522295,6.940675442109816,538.9326782226562,0.0,0.0,False,,-7.151738459961456,True,536.0
positive,/mnt/MammoDiffusion/MammoDiffusion/experiments/diffusers/03_sd21_vae_finetuned/generated_images/final/positive/gen_0434.png,gen_0434.png,31.8956,18.0,1.0,0.5339622497558594,0.9982568315770673,0.5301017761230469,106.62838309478063,52.155610968789475,6.183586542395718,464.5812072753906,0.0,0.0,False,,-5.334032630343586,True,39.0
positive,/mnt/MammoDiffusion/MammoDiffusion/experiments/diffusers/03_sd21_vae_finetuned/generated_images/final/positive/gen_0435.png,gen_0435.png,16.8956,3.0,1.0,0.7886276245117188,0.999521123762903,0.7846031188964844,88.86891223702955,52.1644016488282,7.042888802771763,528.8840942382812,0.0,0.0,False,,-7.679712529631736,True,797.0
positive,/mnt/MammoDiffusion/MammoDiffusion/experiments/diffusers/03_sd21_vae_finetuned/generated_images/final/positive/gen_0436.png,gen_0436.png,101.8956,88.0,1.0,0.4671440124511719,0.9962763047223969,0.4676933288574219,143.0352927742388,31.63102694507521,5.715537606448563,55.732398986816406,0.0,0.0,False,,-6.947171886726679,True,450.0
positive,/mnt/MammoDiffusion/MammoDiffusion/experiments/diffusers/03_sd21_vae_finetuned/generated_images/final/positive/gen_0437.png,gen_0437.png,45.8956,32.0,1.0,0.6174049377441406,0.9986901371031023,0.6182632446289062,112.60238533015783,48.018206305146876,6.74365733109976,363.14776611328125,0.0,0.0,False,,-6.43835875839914,True,258.0
positive,/mnt/MammoDiffusion/MammoDiffusion/experiments/diffusers/03_sd21_vae_finetuned/generated_images/final/positive/gen_0438.png,gen_0438.png,121.8956,108.0,1.0,0.3148345947265625,0.9504676973779868,0.3153572082519531,151.37965863866745,29.469740278935028,5.293365518611037,127.17203521728516,0.0,0.0,False,,-32.43430096888387,False,
positive,/mnt/MammoDiffusion/MammoDiffusion/experiments/diffusers/03_sd21_vae_finetuned/generated_images/final/positive/gen_0439.png,gen_0439.png,220.0,198.0,51.0,0.19759750366210938,0.8924110504063785,0.17100143432617188,249.2842483324782,5.760336609408732,6.976536790886735,670.30126953125,0.0,0.0,True,low_contrast,,False,
positive,/mnt/MammoDiffusion/MammoDiffusion/experiments/diffusers/03_sd21_vae_finetuned/generated_images/final/positive/gen_0440.png,gen_0440.png,91.8956,78.0,1.0,0.5994949340820312,0.9981419499344591,0.5928459167480469,142.6140105912709,28.41350985273915,6.005600021359816,181.4683380126953,0.0,0.0,False,,-7.100457975670527,True,509.0
positive,/mnt/MammoDiffusion/MammoDiffusion/experiments/diffusers/03_sd21_vae_finetuned/generated_images/final/positive/gen_0441.png,gen_0441.png,104.8956,91.0,1.0,0.5084991455078125,0.9999774943735934,0.5028724670410156,151.3526190024654,20.911170775802766,5.302953996301464,24.04303741455078,0.0,0.0,False,,-7.385772748010323,True,643.0
positive,/mnt/MammoDiffusion/MammoDiffusion/experiments/diffusers/03_sd21_vae_finetuned/generated_images/final/positive/gen_0442.png,gen_0442.png,146.8956,133.0,1.0,0.07410049438476562,0.736061776061776,0.05297088623046875,192.7627106438139,23.177401264905704,5.303083833823699,268.6046142578125,0.0,0.0,True,too_empty,,False,
positive,/mnt/MammoDiffusion/MammoDiffusion/experiments/diffusers/03_sd21_vae_finetuned/generated_images/final/positive/gen_0443.png,gen_0443.png,112.8956,99.0,1.0,0.36798095703125,0.9813505556477028,0.4208106994628906,148.11523573830826,39.0921141307295,5.8777273085532435,242.5082244873047,0.0,0.0,False,,-14.476484147132798,False,
positive,/mnt/MammoDiffusion/MammoDiffusion/experiments/diffusers/03_sd21_vae_finetuned/generated_images/final/positive/gen_0444.png,gen_0444.png,16.8956,3.0,1.0,0.6005401611328125,0.9981070711690424,0.5934181213378906,151.0512917762164,22.155759081700474,5.766426427660263,265.3976135253906,0.0,0.0,False,,-7.484297984343019,True,696.0
positive,/mnt/MammoDiffusion/MammoDiffusion/experiments/diffusers/03_sd21_vae_finetuned/generated_images/final/positive/gen_0445.png,gen_0445.png,69.8956,56.0,1.0,0.6019058227539062,0.9988021750979175,0.6085624694824219,119.74584876920473,40.21981153828216,6.208698014606239,263.5979309082031,0.0,0.0,False,,-5.714158021092452,True,87.0
positive,/mnt/MammoDiffusion/MammoDiffusion/experiments/diffusers/03_sd21_vae_finetuned/generated_images/final/positive/gen_0446.png,gen_0446.png,111.8956,98.0,1.0,0.5360908508300781,0.9998078743071023,0.5305900573730469,160.59203686794976,23.451465748039357,5.453325831406648,32.61713409423828,0.0,0.0,False,,-7.719020164528207,True,813.0
positive,/mnt/MammoDiffusion/MammoDiffusion/experiments/diffusers/03_sd21_vae_finetuned/generated_images/final/positive/gen_0447.png,gen_0447.png,73.8956,60.0,1.0,0.8151054382324219,1.0,0.8073577880859375,146.47579425828278,26.225413998099352,6.3007928061844725,40.55250549316406,0.0,0.0,False,,-9.890020627176156,False,
positive,/mnt/MammoDiffusion/MammoDiffusion/experiments/diffusers/03_sd21_vae_finetuned/generated_images/final/positive/gen_0448.png,gen_0448.png,220.0,206.0,42.0,0.13970947265625,0.5438783311489733,0.072906494140625,248.8099623273336,4.594388122164064,7.02692457236356,447.0129699707031,0.0,0.0,True,too_empty,,False,
positive,/mnt/MammoDiffusion/MammoDiffusion/experiments/diffusers/03_sd21_vae_finetuned/generated_images/final/positive/gen_0449.png,gen_0449.png,120.8956,107.0,1.0,0.3865547180175781,0.9992598659864013,0.38153839111328125,161.03982283189026,22.940761402371457,4.740441050007025,27.73419189453125,0.0,0.0,False,,-6.046677541098559,True,156.0
positive,/mnt/MammoDiffusion/MammoDiffusion/experiments/diffusers/03_sd21_vae_finetuned/generated_images/final/positive/gen_0450.png,gen_0450.png,54.8956,41.0,1.0,0.7586479187011719,0.9993111250785669,0.7580642700195312,118.85233642978633,43.000101635388674,7.097632104676243,411.81036376953125,0.0,0.0,False,,-7.851299621298827,True,897.0
positive,/mnt/MammoDiffusion/MammoDiffusion/experiments/diffusers/03_sd21_vae_finetuned/generated_images/final/positive/gen_0451.png,gen_0451.png,182.8956,169.0,1.0,0.050395965576171875,0.6259934902732571,0.031566619873046875,204.53619335347432,11.973878468143276,5.494629969547269,360.5664978027344,0.0,0.0,True,too_empty,,False,
positive,/mnt/MammoDiffusion/MammoDiffusion/experiments/diffusers/03_sd21_vae_finetuned/generated_images/final/positive/gen_0452.png,gen_0452.png,107.8956,94.0,1.0,0.4114036560058594,0.8734039889843945,0.40317535400390625,148.30723814930457,33.30395223664191,6.271861491296141,281.9547119140625,0.0,0.0,False,,-75.04767440414756,False,
positive,/mnt/MammoDiffusion/MammoDiffusion/experiments/diffusers/03_sd21_vae_finetuned/generated_images/final/positive/gen_0453.png,gen_0453.png,97.8956,84.0,1.0,0.5080795288085938,1.0,0.5023727416992188,164.38282685619694,23.72033388007725,5.584682508907878,41.941253662109375,0.0,0.0,False,,-7.850203208152371,True,895.0
positive,/mnt/MammoDiffusion/MammoDiffusion/experiments/diffusers/03_sd21_vae_finetuned/generated_images/final/positive/gen_0454.png,gen_0454.png,122.8956,109.0,1.0,0.4280204772949219,0.9993850431806636,0.4222755432128906,165.24646557720624,23.863802632595917,5.013386553451001,28.51056671142578,0.0,0.0,False,,-6.438557867388059,True,259.0
positive,/mnt/MammoDiffusion/MammoDiffusion/experiments/diffusers/03_sd21_vae_finetuned/generated_images/final/positive/gen_0455.png,gen_0455.png,220.0,213.0,42.0,0.1447906494140625,0.9785804615871009,0.13785552978515625,251.54524323426864,26.954627698745806,6.537080568026784,537.24267578125,0.0,0.0,False,,-21.980340845869804,False,
positive,/mnt/MammoDiffusion/MammoDiffusion/experiments/diffusers/03_sd21_vae_finetuned/generated_images/final/positive/gen_0456.png,gen_0456.png,25.8956,12.0,1.0,0.5654296875,0.9980839810017271,0.55865478515625,160.477882934557,21.26244925574591,5.659924795770252,247.9702606201172,0.0,0.0,False,,-7.530327755928586,True,721.0
positive,/mnt/MammoDiffusion/MammoDiffusion/experiments/diffusers/03_sd21_vae_finetuned/generated_images/final/positive/gen_0457.png,gen_0457.png,126.8956,113.0,1.0,0.412811279296875,0.9919512826199453,0.4048194885253906,153.54835517946495,19.690083819760897,5.194383712184646,24.359420776367188,0.0,0.0,False,,-9.6141277733316,False,
positive,/mnt/MammoDiffusion/MammoDiffusion/experiments/diffusers/03_sd21_vae_finetuned/generated_images/final/positive/gen_0458.png,gen_0458.png,116.8956,103.0,1.0,0.6160812377929688,0.9961734220009659,0.6300582885742188,144.295181817081,23.287529684783497,5.914776855536669,112.93028259277344,0.0,0.0,False,,-8.85262099663232,False,
positive,/mnt/MammoDiffusion/MammoDiffusion/experiments/diffusers/03_sd21_vae_finetuned/generated_images/final/positive/gen_0459.png,gen_0459.png,10.0,0.0,0.0,0.7593116760253906,0.9983722600967601,0.7518768310546875,152.324434297311,21.552296870115633,5.534805950899713,311.1470947265625,0.0,0.0,False,,-8.202492322303058,True,1095.0
positive,/mnt/MammoDiffusion/MammoDiffusion/experiments/diffusers/03_sd21_vae_finetuned/generated_images/final/positive/gen_0460.png,gen_0460.png,112.8956,99.0,1.0,0.33042144775390625,0.9942390727100603,0.327117919921875,152.70756367198433,32.75235182014371,4.840323804759914,32.93616485595703,0.0,0.0,False,,-7.530042364369906,True,720.0
positive,/mnt/MammoDiffusion/MammoDiffusion/experiments/diffusers/03_sd21_vae_finetuned/generated_images/final/positive/gen_0461.png,gen_0461.png,73.8956,60.0,1.0,0.30712127685546875,0.9759657185442802,0.3632698059082031,122.07183736046792,52.54720871616035,5.5564204703411155,368.8041687011719,0.0,0.0,False,,-17.1154327243892,False,
positive,/mnt/MammoDiffusion/MammoDiffusion/experiments/diffusers/03_sd21_vae_finetuned/generated_images/final/positive/gen_0462.png,gen_0462.png,220.0,170.0,29.0,0.22965621948242188,1.0,0.22159957885742188,250.04684030228435,1.67708490769986,5.5231586089716185,58.81230926513672,0.0,0.0,True,low_contrast,,False,
positive,/mnt/MammoDiffusion/MammoDiffusion/experiments/diffusers/03_sd21_vae_finetuned/generated_images/final/positive/gen_0463.png,gen_0463.png,10.0,0.0,0.0,0.9370613098144531,0.9993649372061308,0.9325294494628906,88.8733969573381,52.02613530997729,7.292184226788492,558.1227416992188,0.0,0.0,False,,-8.79045774713657,False,
positive,/mnt/MammoDiffusion/MammoDiffusion/experiments/diffusers/03_sd21_vae_finetuned/generated_images/final/positive/gen_0464.png,gen_0464.png,74.7912,52.0,2.0,0.5607376098632812,0.9985237492686776,0.5962753295898438,129.61726057194036,46.14053116739718,6.697826756969134,404.26300048828125,0.0,0.0,False,,-6.490678715992,True,282.0
positive,/mnt/MammoDiffusion/MammoDiffusion/experiments/diffusers/03_sd21_vae_finetuned/generated_images/final/positive/gen_0465.png,gen_0465.png,72.8956,59.0,1.0,0.5916557312011719,0.9980528565625826,0.5846710205078125,168.716313907665,22.99234423498519,5.910210511319957,218.17530822753906,0.0,0.0,False,,-8.135906762918433,True,1056.0
positive,/mnt/MammoDiffusion/MammoDiffusion/experiments/diffusers/03_sd21_vae_finetuned/generated_images/final/positive/gen_0466.png,gen_0466.png,84.8956,71.0,1.0,0.7191352844238281,0.9990027424582398,0.712860107421875,152.55183227021703,17.820365734481747,5.63970202125969,34.92230987548828,0.0,0.0,False,,-8.833792240654466,False,
positive,/mnt/MammoDiffusion/MammoDiffusion/experiments/diffusers/03_sd21_vae_finetuned/generated_images/final/positive/gen_0467.png,gen_0467.png,220.0,242.0,9.0,0.2613563537597656,0.9234597813553632,0.2372589111328125,249.8085568203743,14.948654530401086,6.679111636910675,635.6280517578125,0.0,0.0,False,,-52.72847299480586,False,
positive,/mnt/MammoDiffusion/MammoDiffusion/experiments/diffusers/03_sd21_vae_finetuned/generated_images/final/positive/gen_0468.png,gen_0468.png,38.6868,7.0,3.0,0.9139633178710938,0.9992570641512584,0.9104194641113281,105.72886646749993,41.13138594025486,7.306934799084379,475.7294616699219,0.0,0.0,False,,-8.44320105039922,True,1231.0
positive,/mnt/MammoDiffusion/MammoDiffusion/experiments/diffusers/03_sd21_vae_finetuned/generated_images/final/positive/gen_0469.png,gen_0469.png,97.8956,84.0,1.0,0.62152099609375,0.9999815869586566,0.6157379150390625,153.41476470150917,20.998041939690232,5.5494563791049725,32.44683837890625,0.0,0.0,False,,-8.43850143532729,True,1229.0
positive,/mnt/MammoDiffusion/MammoDiffusion/experiments/diffusers/03_sd21_vae_finetuned/generated_images/final/positive/gen_0470.png,gen_0470.png,87.8956,74.0,1.0,0.4974365234375,0.9970398773006135,0.4901695251464844,159.49079730728823,20.60915412827887,5.420148244482681,169.2297821044922,0.0,0.0,False,,-7.5249543330339215,True,717.0
positive,/mnt/MammoDiffusion/MammoDiffusion/experiments/diffusers/03_sd21_vae_finetuned/generated_images/final/positive/gen_0471.png,gen_0471.png,59.8956,46.0,1.0,0.713409423828125,0.9981605851905719,0.7065963745117188,129.0966959995681,27.639982427867338,6.250618349906931,225.837646484375,0.0,0.0,False,,-7.685522201060875,True,799.0
positive,/mnt/MammoDiffusion/MammoDiffusion/experiments/diffusers/03_sd21_vae_finetuned/generated_images/final/positive/gen_0472.png,gen_0472.png,92.8956,79.0,1.0,0.3664665222167969,1.0,0.36089324951171875,157.60077584931187,27.915739453178222,4.940775884607421,39.07959747314453,0.0,0.0,False,,-6.3238946667332945,True,224.0
positive,/mnt/MammoDiffusion/MammoDiffusion/experiments/diffusers/03_sd21_vae_finetuned/generated_images/final/positive/gen_0473.png,gen_0473.png,52.8956,39.0,1.0,0.6508865356445312,0.9978959830272057,0.6432266235351562,158.91766003629505,24.86561716569818,6.166083724343183,201.1776580810547,0.0,0.0,False,,-8.45924546427586,True,1238.0
positive,/mnt/MammoDiffusion/MammoDiffusion/experiments/diffusers/03_sd21_vae_finetuned/generated_images/final/positive/gen_0474.png,gen_0474.png,46.8956,33.0,1.0,0.667999267578125,1.0,0.6617240905761719,143.061279667026,24.221343485488223,6.0102265080867685,54.458587646484375,0.0,0.0,False,,-8.641766153841717,True,1325.0
positive,/mnt/MammoDiffusion/MammoDiffusion/experiments/diffusers/03_sd21_vae_finetuned/generated_images/final/positive/gen_0475.png,gen_0475.png,220.0,154.0,73.0,0.2739448547363281,0.9480316934259814,0.25589752197265625,231.95869234668018,3.878561417648652,6.7972570629067235,479.1094665527344,0.0,0.0,True,low_contrast,,False,
positive,/mnt/MammoDiffusion/MammoDiffusion/experiments/diffusers/03_sd21_vae_finetuned/generated_images/final/positive/gen_0476.png,gen_0476.png,103.8956,90.0,1.0,0.58062744140625,0.9587472406181016,0.5716629028320312,139.607134754234,28.36062465295631,6.40263268625568,237.6444091796875,0.0,0.0,False,,-29.064836622893967,False,
positive,/mnt/MammoDiffusion/MammoDiffusion/experiments/diffusers/03_sd21_vae_finetuned/generated_images/final/positive/gen_0477.png,gen_0477.png,28.8956,15.0,1.0,0.7843132019042969,1.0,0.7780036926269531,149.39091145335354,20.69772086197439,5.873561340009654,76.55897521972656,0.0,0.0,False,,-9.706162040526136,False,
positive,/mnt/MammoDiffusion/MammoDiffusion/experiments/diffusers/03_sd21_vae_finetuned/generated_images/final/positive/gen_0478.png,gen_0478.png,83.8956,70.0,1.0,0.3435859680175781,0.9945486238328393,0.338623046875,137.5224179884643,42.450644529120616,5.072406541270406,143.23699951171875,0.0,0.0,False,,-6.523809616974468,True,292.0
positive,/mnt/MammoDiffusion/MammoDiffusion/experiments/diffusers/03_sd21_vae_finetuned/generated_images/final/positive/gen_0479.png,gen_0479.png,220.0,219.0,36.0,0.12837600708007812,0.5547796630315277,0.06819534301757812,254.90882139061364,1.0094751329311078,6.412232299169538,391.1775817871094,0.0,0.0,True,too_empty,,False,
positive,/mnt/MammoDiffusion/MammoDiffusion/experiments/diffusers/03_sd21_vae_finetuned/generated_images/final/positive/gen_0480.png,gen_0480.png,62.8956,49.0,1.0,0.6174888610839844,0.9978748509615681,0.6102714538574219,163.78931609773784,24.62391075962515,5.813292282725848,205.52197265625,0.0,0.0,False,,-8.06171568581243,True,1024.0
positive,/mnt/MammoDiffusion/MammoDiffusion/experiments/diffusers/03_sd21_vae_finetuned/generated_images/final/positive/gen_0481.png,gen_0481.png,138.8956,125.0,1.0,0.3387908935546875,0.9463811196685132,0.3229217529296875,161.31934272078627,21.894188840599245,5.429998665672172,43.361732482910156,0.0,0.0,False,,-35.72876306336518,False,
positive,/mnt/MammoDiffusion/MammoDiffusion/experiments/diffusers/03_sd21_vae_finetuned/generated_images/final/positive/gen_0482.png,gen_0482.png,131.8956,118.0,1.0,0.31900787353515625,0.9929686939468586,0.3127098083496094,167.93599268069534,23.5416171054359,4.828965093023238,163.8076629638672,0.0,0.0,False,,-9.275824323154414,False,
positive,/mnt/MammoDiffusion/MammoDiffusion/experiments/diffusers/03_sd21_vae_finetuned/generated_images/final/positive/gen_0483.png,gen_0483.png,95.8956,82.0,1.0,0.6083717346191406,0.98497626676532,0.6065025329589844,147.75986062104144,35.03017652371304,6.43105718326362,301.1788024902344,0.0,0.0,False,,-14.46437802931257,False,
positive,/mnt/MammoDiffusion/MammoDiffusion/experiments/diffusers/03_sd21_vae_finetuned/generated_images/final/positive/gen_0484.png,gen_0484.png,220.0,211.0,28.0,0.20466232299804688,0.6621498201338278,0.13048171997070312,239.86490279198946,1.0397552336104399,6.317047432056814,272.8901672363281,0.0,0.0,True,too_empty,,False,
positive,/mnt/MammoDiffusion/MammoDiffusion/experiments/diffusers/03_sd21_vae_finetuned/generated_images/final/positive/gen_0485.png,gen_0485.png,44.8956,31.0,1.0,0.8048019409179688,0.9983599874866097,0.8091888427734375,103.80932379174445,42.6536483065947,7.142659915588217,611.7721557617188,0.0,0.0,False,,-7.165268038414514,True,543.0
positive,/mnt/MammoDiffusion/MammoDiffusion/experiments/diffusers/03_sd21_vae_finetuned/generated_images/final/positive/gen_0486.png,gen_0486.png,90.0,85.0,0.0,0.45772552490234375,1.0,0.4520072937011719,151.77152695141402,26.986368985276936,4.616752184648821,27.65361785888672,0.0,0.0,False,,-5.958545825576477,True,137.0
positive,/mnt/MammoDiffusion/MammoDiffusion/experiments/diffusers/03_sd21_vae_finetuned/generated_images/final/positive/gen_0487.png,gen_0487.png,74.8956,61.0,1.0,0.471893310546875,0.9967098881200285,0.4908485412597656,131.4050033806626,43.95299490308721,6.226134110934225,218.1703338623047,0.0,0.0,False,,-6.451509139692369,True,263.0
positive,/mnt/MammoDiffusion/MammoDiffusion/experiments/diffusers/03_sd21_vae_finetuned/generated_images/final/positive/gen_0488.png,gen_0488.png,87.8956,74.0,1.0,0.6676826477050781,0.9961777762542208,0.6592597961425781,138.3050786652085,27.962170780025033,6.345699274303955,62.42253112792969,0.0,0.0,False,,-9.020813888338486,False,
positive,/mnt/MammoDiffusion/MammoDiffusion/experiments/diffusers/03_sd21_vae_finetuned/generated_images/final/positive/gen_0489.png,gen_0489.png,146.8956,133.0,1.0,0.2941436767578125,0.9901436945582819,0.2889251708984375,170.13508053868497,22.558891327177196,4.352022776641903,19.82421112060547,0.0,0.0,False,,-10.848735328929966,False,
positive,/mnt/MammoDiffusion/MammoDiffusion/experiments/diffusers/03_sd21_vae_finetuned/generated_images/final/positive/gen_0490.png,gen_0490.png,114.8956,101.0,1.0,0.4777336120605469,0.9954884816544896,0.4706230163574219,159.80130662797578,25.702405184943075,5.167124099161389,176.88238525390625,0.0,0.0,False,,-7.645661347709499,True,782.0
positive,/mnt/MammoDiffusion/MammoDiffusion/experiments/diffusers/03_sd21_vae_finetuned/generated_images/final/positive/gen_0491.png,gen_0491.png,23.8956,10.0,1.0,0.5467758178710938,0.9986465179231725,0.5455741882324219,97.2102517847279,57.170061228637216,6.180872270039471,584.61083984375,0.0,0.0,False,,-5.272640179111526,True,29.0
positive,/mnt/MammoDiffusion/MammoDiffusion/experiments/diffusers/03_sd21_vae_finetuned/generated_images/final/positive/gen_0492.png,gen_0492.png,143.8956,130.0,1.0,0.20313644409179688,0.9612589434940189,0.19993972778320312,160.641844580543,12.478205835227712,4.391788887534101,12.931251525878906,0.0,0.0,False,,-27.956031967429496,False,
positive,/mnt/MammoDiffusion/MammoDiffusion/experiments/diffusers/03_sd21_vae_finetuned/generated_images/final/positive/gen_0493.png,gen_0493.png,103.8956,90.0,1.0,0.5417709350585938,1.0,0.5358200073242188,152.30926513932593,20.148778034190425,5.555712427174917,38.371421813964844,0.0,0.0,False,,-7.934892485368297,True,942.0
positive,/mnt/MammoDiffusion/MammoDiffusion/experiments/diffusers/03_sd21_vae_finetuned/generated_images/final/positive/gen_0494.png,gen_0494.png,220.0,169.0,50.0,0.17505645751953125,0.9593157550664633,0.16489028930664062,231.17045691150955,28.217137925798973,6.914721017825697,381.5083923339844,0.0,0.0,False,,-32.34673800329205,False,
positive,/mnt/MammoDiffusion/MammoDiffusion/experiments/diffusers/03_sd21_vae_finetuned/generated_images/final/positive/gen_0495.png,gen_0495.png,59.8956,46.0,1.0,0.6232147216796875,0.9979861910241657,0.6160926818847656,160.0198879291663,21.015661243998508,5.873913972924855,211.8155517578125,0.0,0.0,False,,-8.23073837955439,True,1107.0
positive,/mnt/MammoDiffusion/MammoDiffusion/experiments/diffusers/03_sd21_vae_finetuned/generated_images/final/positive/gen_0496.png,gen_0496.png,104.8956,91.0,1.0,0.19649505615234375,0.5104834012813046,0.09807586669921875,189.4826137689615,29.35514490534226,5.230074931122555,276.41888427734375,0.0,0.0,True,too_empty,,False,
positive,/mnt/MammoDiffusion/MammoDiffusion/experiments/diffusers/03_sd21_vae_finetuned/generated_images/final/positive/gen_0497.png,gen_0497.png,84.8956,71.0,1.0,0.522186279296875,0.9983782362223131,0.5155563354492188,149.92902700702922,22.662932690699694,5.234416540586034,74.21919250488281,0.0,0.0,False,,-6.449893031739755,True,262.0
positive,/mnt/MammoDiffusion/MammoDiffusion/experiments/diffusers/03_sd21_vae_finetuned/generated_images/final/positive/gen_0498.png,gen_0498.png,129.8956,116.0,1.0,0.32680511474609375,0.990346679117544,0.3188438415527344,169.50080758048887,21.686600095663383,4.051011938407209,126.9087142944336,0.0,0.0,False,,-10.148019825583711,False,
positive,/mnt/MammoDiffusion/MammoDiffusion/experiments/diffusers/03_sd21_vae_finetuned/generated_images/final/positive/gen_0499.png,gen_0499.png,117.8956,104.0,1.0,0.4741973876953125,0.9936850403835634,0.46828460693359375,143.6679157366526,19.066940896991333,5.054017396397884,25.76416778564453,0.0,0.0,False,,-8.681517115539886,True,1342.0
positive,/mnt/MammoDiffusion/MammoDiffusion/experiments/diffusers/03_sd21_vae_finetuned/generated_images/final/positive/gen_0500.png,gen_0500.png,10.0,0.0,0.0,0.9017601013183594,0.9802572855988595,0.8734512329101562,138.8154081320697,25.939581285691172,6.370828903487935,420.028076171875,0.0,0.0,False,,-19.047447375636946,False,
positive,/mnt/MammoDiffusion/MammoDiffusion/experiments/diffusers/03_sd21_vae_finetuned/generated_images/final/positive/gen_0501.png,gen_0501.png,114.7912,92.0,2.0,0.7012062072753906,0.9870196989397063,0.7145004272460938,139.39765725939927,26.178094418270156,6.589489343132869,63.208526611328125,0.0,0.0,False,,-14.876789708547644,False,
positive,/mnt/MammoDiffusion/MammoDiffusion/experiments/diffusers/03_sd21_vae_finetuned/generated_images/final/positive/gen_0502.png,gen_0502.png,99.8956,86.0,1.0,0.7782058715820312,0.9999754904363682,0.7747421264648438,138.80313549390922,24.504580487031983,6.3524378644512876,111.56066131591797,0.0,0.0,False,,-9.506992369975942,False,
positive,/mnt/MammoDiffusion/MammoDiffusion/experiments/diffusers/03_sd21_vae_finetuned/generated_images/final/positive/gen_0503.png,gen_0503.png,37.8956,24.0,1.0,0.5935401916503906,1.0,0.5873374938964844,157.0173283885508,23.400071783484346,5.9878068902197334,102.79301452636719,0.0,0.0,False,,-8.542946139943739,True,1284.0
positive,/mnt/MammoDiffusion/MammoDiffusion/experiments/diffusers/03_sd21_vae_finetuned/generated_images/final/positive/gen_0504.png,gen_0504.png,65.8956,52.0,1.0,0.7994766235351562,0.9985065226311922,0.7907905578613281,143.28582110071827,25.907666637074158,6.25226159453644,189.54592895507812,0.0,0.0,False,,-8.66333430530412,True,1333.0
positive,/mnt/MammoDiffusion/MammoDiffusion/experiments/diffusers/03_sd21_vae_finetuned/generated_images/final/positive/gen_0505.png,gen_0505.png,99.8956,86.0,1.0,0.49073028564453125,0.9968439545405078,0.4833869934082031,171.3069674944956,20.016643086318926,5.375341031177392,168.1889190673828,0.0,0.0,False,,-7.947997425233867,True,952.0
positive,/mnt/MammoDiffusion/MammoDiffusion/experiments/diffusers/03_sd21_vae_finetuned/generated_images/final/positive/gen_0506.png,gen_0506.png,95.8956,82.0,1.0,0.768402099609375,0.9981383295603479,0.7601699829101562,144.4889699609583,24.76020227559936,6.289673423286917,39.78040313720703,0.0,0.0,False,,-9.00040238541799,False,
positive,/mnt/MammoDiffusion/MammoDiffusion/experiments/diffusers/03_sd21_vae_finetuned/generated_images/final/positive/gen_0507.png,gen_0507.png,84.8956,71.0,1.0,0.5430526733398438,0.9974992624229057,0.5355567932128906,159.1268724224142,17.34036736114108,5.451502008868028,180.86630249023438,0.0,0.0,False,,-7.812186711658985,True,874.0
positive,/mnt/MammoDiffusion/MammoDiffusion/experiments/diffusers/03_sd21_vae_finetuned/generated_images/final/positive/gen_0508.png,gen_0508.png,110.7912,88.0,2.0,0.567535400390625,0.9977617357638329,0.5614967346191406,158.59946464845476,24.25685957504405,5.867520283409563,186.2953643798828,0.0,0.0,False,,-7.7400938983896115,True,826.0
positive,/mnt/MammoDiffusion/MammoDiffusion/experiments/diffusers/03_sd21_vae_finetuned/generated_images/final/positive/gen_0509.png,gen_0509.png,90.8956,77.0,1.0,0.7493743896484375,0.9980401539369999,0.7416229248046875,160.6971946176162,20.51158541046954,5.782851045013095,176.71063232421875,0.0,0.0,False,,-9.057032031535462,False,
positive,/mnt/MammoDiffusion/MammoDiffusion/experiments/diffusers/03_sd21_vae_finetuned/generated_images/final/positive/gen_0510.png,gen_0510.png,124.8956,111.0,1.0,0.38028717041015625,0.9961179656936503,0.3734931945800781,177.09175867387063,24.81374173306699,5.0676758301381195,186.27615356445312,0.0,0.0,False,,-7.51481473416801,True,712.0
positive,/mnt/MammoDiffusion/MammoDiffusion/experiments/diffusers/03_sd21_vae_finetuned/generated_images/final/positive/gen_0511.png,gen_0511.png,104.8956,91.0,1.0,0.7045173645019531,1.0,0.6987190246582031,153.49449949499086,20.465520452972346,5.808931767202168,34.06317901611328,0.0,0.0,False,,-9.30197869778498,False,
positive,/mnt/MammoDiffusion/MammoDiffusion/experiments/diffusers/03_sd21_vae_finetuned/generated_images/final/positive/gen_0512.png,gen_0512.png,48.8956,35.0,1.0,0.5282554626464844,0.9973281147321976,0.5208587646484375,166.55844441189396,25.988180913484133,5.773961768491622,222.8355255126953,0.0,0.0,False,,-7.690567275880893,True,802.0
positive,/mnt/MammoDiffusion/MammoDiffusion/experiments/diffusers/03_sd21_vae_finetuned/generated_images/final/positive/gen_0513.png,gen_0513.png,84.8956,71.0,1.0,0.5582504272460938,1.0,0.5524444580078125,157.55388067946416,20.535175437569265,5.3558438458162,42.31996154785156,0.0,0.0,False,,-7.978154194674749,True,966.0
positive,/mnt/MammoDiffusion/MammoDiffusion/experiments/diffusers/03_sd21_vae_finetuned/generated_images/final/positive/gen_0514.png,gen_0514.png,220.0,230.0,14.0,0.22541046142578125,0.5227957353190049,0.11356353759765625,244.00849848841116,3.7086035564181827,6.819778759466681,563.9995727539062,0.0,0.0,True,too_empty,,False,
positive,/mnt/MammoDiffusion/MammoDiffusion/experiments/diffusers/03_sd21_vae_finetuned/generated_images/final/positive/gen_0515.png,gen_0515.png,133.8956,120.0,1.0,0.3206939697265625,0.9951229956701718,0.3169517517089844,161.50772082275205,20.82431475772365,4.4798709568005215,21.418991088867188,0.0,0.0,False,,-7.877954693288074,True,908.0
positive,/mnt/MammoDiffusion/MammoDiffusion/experiments/diffusers/03_sd21_vae_finetuned/generated_images/final/positive/gen_0516.png,gen_0516.png,89.8956,76.0,1.0,0.5620994567871094,1.0,0.5559921264648438,152.8403499142367,22.746848778365493,5.525952161631187,28.519615173339844,0.0,0.0,False,,-7.886501143265662,True,913.0
positive,/mnt/MammoDiffusion/MammoDiffusion/experiments/diffusers/03_sd21_vae_finetuned/generated_images/final/positive/gen_0517.png,gen_0517.png,95.0,90.0,0.0,0.6431961059570312,0.998001304786193,0.6359634399414062,153.41009153400435,20.29577070161272,5.476320572364195,186.91346740722656,0.0,0.0,False,,-7.844137297195633,True,893.0
positive,/mnt/MammoDiffusion/MammoDiffusion/experiments/diffusers/03_sd21_vae_finetuned/generated_images/final/positive/gen_0518.png,gen_0518.png,35.8956,22.0,1.0,0.654815673828125,1.0,0.6488571166992188,156.09612919914872,17.37855606532147,5.678471393172805,85.63400268554688,0.0,0.0,False,,-9.071155711171889,False,
positive,/mnt/MammoDiffusion/MammoDiffusion/experiments/diffusers/03_sd21_vae_finetuned/generated_images/final/positive/gen_0519.png,gen_0519.png,29.8956,16.0,1.0,0.838165283203125,0.9992945567085382,0.8337974548339844,97.2107514583095,45.27664168431777,7.034522166366394,461.8118591308594,0.0,0.0,False,,-7.728526707295761,True,817.0
positive,/mnt/MammoDiffusion/MammoDiffusion/experiments/diffusers/03_sd21_vae_finetuned/generated_images/final/positive/gen_0520.png,gen_0520.png,176.85160000000002,74.0,11.0,0.094329833984375,0.8826431575541895,0.07773208618164062,201.97825980271875,13.635427546798523,7.003312277916183,572.5864868164062,0.0,0.0,True,too_empty,,False,
positive,/mnt/MammoDiffusion/MammoDiffusion/experiments/diffusers/03_sd21_vae_finetuned/generated_images/final/positive/gen_0521.png,gen_0521.png,100.8956,87.0,1.0,0.6316452026367188,0.981223804519815,0.6744842529296875,129.24121100377803,29.992663589515228,6.431934886136609,182.60885620117188,0.0,0.0,False,,-16.943081257072848,False,
positive,/mnt/MammoDiffusion/MammoDiffusion/experiments/diffusers/03_sd21_vae_finetuned/generated_images/final/positive/gen_0522.png,gen_0522.png,96.8956,83.0,1.0,0.4985847473144531,0.9976664294840897,0.49160003662109375,163.15662295336386,21.407437110503786,5.594490300425159,165.123779296875,0.0,0.0,False,,-7.419189835260868,True,657.0
positive,/mnt/MammoDiffusion/MammoDiffusion/experiments/diffusers/03_sd21_vae_finetuned/generated_images/final/positive/gen_0523.png,gen_0523.png,94.0,89.0,0.0,0.6913490295410156,0.9960216958280225,0.6830291748046875,158.44845072939705,20.035507485922114,5.675351031380379,177.8790740966797,0.0,0.0,False,,-9.640201980850804,False,
positive,/mnt/MammoDiffusion/MammoDiffusion/experiments/diffusers/03_sd21_vae_finetuned/generated_images/final/positive/gen_0524.png,gen_0524.png,31.8956,18.0,1.0,0.5030860900878906,0.9976190656728414,0.4959526062011719,165.99406204090423,22.76161654608475,5.626838376893599,206.06396484375,0.0,0.0,False,,-7.447358837152995,True,673.0
positive,/mnt/MammoDiffusion/MammoDiffusion/experiments/diffusers/03_sd21_vae_finetuned/generated_images/final/positive/gen_0525.png,gen_0525.png,71.8956,58.0,1.0,0.7400398254394531,0.9994690639545972,0.7417373657226562,119.16076259244402,32.33350536006725,6.6294587728277365,162.1312255859375,0.0,0.0,False,,-8.060972751780126,True,1022.0
positive,/mnt/MammoDiffusion/MammoDiffusion/experiments/diffusers/03_sd21_vae_finetuned/generated_images/final/positive/gen_0526.png,gen_0526.png,83.6868,52.0,3.0,0.719390869140625,0.9904074576846392,0.7091445922851562,145.21521479521027,28.73156772300511,6.961168392144687,587.2532958984375,0.0,0.0,False,,-12.677871293501006,False,
positive,/mnt/MammoDiffusion/MammoDiffusion/experiments/diffusers/03_sd21_vae_finetuned/generated_images/final/positive/gen_0527.png,gen_0527.png,19.8956,6.0,1.0,0.5523719787597656,0.9993508332124779,0.5477867126464844,97.3224534989798,54.16069356713847,6.253113535791974,432.4229431152344,0.0,0.0,False,,-5.728183947796293,True,89.0
positive,/mnt/MammoDiffusion/MammoDiffusion/experiments/diffusers/03_sd21_vae_finetuned/generated_images/final/positive/gen_0528.png,gen_0528.png,82.0,77.0,0.0,0.2566986083984375,0.8998543660464839,0.2694282531738281,127.75561030171743,47.85106742831399,5.790042821294133,262.8227233886719,0.0,0.0,False,,-60.210732174635154,False,
positive,/mnt/MammoDiffusion/MammoDiffusion/experiments/diffusers/03_sd21_vae_finetuned/generated_images/final/positive/gen_0529.png,gen_0529.png,72.8956,59.0,1.0,0.5130615234375,0.9690845824411135,0.5175247192382812,117.25000368552179,44.524438579021314,6.53488692715504,383.4247741699219,0.0,0.0,False,,-21.67848132015874,False,
positive,/mnt/MammoDiffusion/MammoDiffusion/experiments/diffusers/03_sd21_vae_finetuned/generated_images/final/positive/gen_0530.png,gen_0530.png,81.8956,68.0,1.0,0.7133445739746094,1.0,0.7073478698730469,153.47844165089228,23.473940757091473,6.215414992368043,50.51390838623047,0.0,0.0,False,,-9.527494527073506,False,
positive,/mnt/MammoDiffusion/MammoDiffusion/experiments/diffusers/03_sd21_vae_finetuned/generated_images/final/positive/gen_0531.png,gen_0531.png,76.8956,63.0,1.0,0.4220314025878906,0.9912774669402439,0.4888916015625,116.87860486891385,43.78301209790983,5.945202954241429,322.28265380859375,0.0,0.0,False,,-8.593717338668942,True,1306.0
positive,/mnt/MammoDiffusion/MammoDiffusion/experiments/diffusers/03_sd21_vae_finetuned/generated_images/final/positive/gen_0532.png,gen_0532.png,220.0,31.0,23.0,0.051067352294921875,0.41562710091880184,0.019382476806640625,254.8386144459752,1.3485078785327147,7.216932847811581,520.4085083007812,0.0,0.0,True,too_empty,,False,
positive,/mnt/MammoDiffusion/MammoDiffusion/experiments/diffusers/03_sd21_vae_finetuned/generated_images/final/positive/gen_0533.png,gen_0533.png,106.8956,93.0,1.0,0.5727500915527344,0.9970228382275564,0.6057891845703125,139.35613712500944,27.60186524664254,5.974668622968924,86.07305908203125,0.0,0.0,False,,-7.853897631644293,True,899.0
positive,/mnt/MammoDiffusion/MammoDiffusion/experiments/diffusers/03_sd21_vae_finetuned/generated_images/final/positive/gen_0534.png,gen_0534.png,131.8956,118.0,1.0,0.26503753662109375,0.9562163562566568,0.2552032470703125,163.87127055306428,27.128742330203586,4.76584506661099,64.37713623046875,0.0,0.0,False,,-29.752596620806024,False,
positive,/mnt/MammoDiffusion/MammoDiffusion/experiments/diffusers/03_sd21_vae_finetuned/generated_images/final/positive/gen_0535.png,gen_0535.png,41.8956,28.0,1.0,0.6594734191894531,0.9980159304013836,0.6522178649902344,159.8965404298874,17.061242294049265,5.643758713560361,254.76136779785156,0.0,0.0,False,,-8.45360472464136,True,1234.0
positive,/mnt/MammoDiffusion/MammoDiffusion/experiments/diffusers/03_sd21_vae_finetuned/generated_images/final/positive/gen_0536.png,gen_0536.png,83.8956,70.0,1.0,0.272705078125,0.9633504923903312,0.3446197509765625,126.66341598406022,53.72201862807442,5.52815204550439,292.8567810058594,0.0,0.0,False,,-24.534546368672505,False,
positive,/mnt/MammoDiffusion/MammoDiffusion/experiments/diffusers/03_sd21_vae_finetuned/generated_images/final/positive/gen_0537.png,gen_0537.png,113.8956,100.0,1.0,0.365631103515625,0.9992279442450547,0.3606414794921875,167.22351385656864,28.389071664636543,4.869952967840893,30.904891967773438,0.0,0.0,False,,-6.097791165898491,True,163.0
positive,/mnt/MammoDiffusion/MammoDiffusion/experiments/diffusers/03_sd21_vae_finetuned/generated_images/final/positive/gen_0538.png,gen_0538.png,180.8956,167.0,1.0,0.07586288452148438,0.5602152159702318,0.04322052001953125,205.10935569285084,14.764325424264682,4.772562665917079,41.30707550048828,0.0,0.0,True,too_empty,,False,
positive,/mnt/MammoDiffusion/MammoDiffusion/experiments/diffusers/03_sd21_vae_finetuned/generated_images/final/positive/gen_0539.png,gen_0539.png,125.0,120.0,0.0,0.36528778076171875,0.996052549134276,0.3624763488769531,154.84486587175468,21.77149855990507,4.009760444207944,12.016166687011719,0.0,0.0,False,,-6.3327853473373406,True,227.0
positive,/mnt/MammoDiffusion/MammoDiffusion/experiments/diffusers/03_sd21_vae_finetuned/generated_images/final/positive/gen_0540.png,gen_0540.png,23.8956,10.0,1.0,0.641021728515625,0.9979469174006189,0.6337203979492188,149.7719742845792,19.98064434829909,5.851648648867016,255.66781616210938,0.0,0.0,False,,-8.055432762101953,True,1018.0
positive,/mnt/MammoDiffusion/MammoDiffusion/experiments/diffusers/03_sd21_vae_finetuned/generated_images/final/positive/gen_0541.png,gen_0541.png,28.8956,15.0,1.0,0.3522186279296875,0.9979422085517481,0.3511238098144531,105.36852626432723,58.633101775632575,5.378681820866369,400.8107604980469,0.0,0.0,False,,-4.7000387760828275,True,5.0
positive,/mnt/MammoDiffusion/MammoDiffusion/experiments/diffusers/03_sd21_vae_finetuned/generated_images/final/positive/gen_0542.png,gen_0542.png,103.8956,90.0,1.0,0.21219253540039062,0.9338067415730337,0.195343017578125,145.01665755350726,38.13869485354414,4.778060424631812,142.79757690429688,0.0,0.0,False,,-41.16081056423655,False,
positive,/mnt/MammoDiffusion/MammoDiffusion/experiments/diffusers/03_sd21_vae_finetuned/generated_images/final/positive/gen_0543.png,gen_0543.png,120.8956,107.0,1.0,0.30458831787109375,0.9833554592590737,0.30141448974609375,154.29427696357607,28.41924074708425,4.742734471591136,44.04119110107422,0.0,0.0,False,,-13.990940181386687,False,
positive,/mnt/MammoDiffusion/MammoDiffusion/experiments/diffusers/03_sd21_vae_finetuned/generated_images/final/positive/gen_0544.png,gen_0544.png,179.0,174.0,2.0,0.0483551025390625,0.542521300094667,0.02501678466796875,189.65797499237573,8.399848946381951,5.4779879057978285,107.34226989746094,0.0,0.0,True,too_empty,,False,
positive,/mnt/MammoDiffusion/MammoDiffusion/experiments/diffusers/03_sd21_vae_finetuned/generated_images/final/positive/gen_0545.png,gen_0545.png,47.8956,34.0,1.0,0.7805900573730469,0.9991203506868596,0.7744140625,119.738379768285,40.86990264664789,7.098768867814256,353.4733581542969,0.0,0.0,False,,-7.805252916890715,True,870.0
positive,/mnt/MammoDiffusion/MammoDiffusion/experiments/diffusers/03_sd21_vae_finetuned/generated_images/final/positive/gen_0546.png,gen_0546.png,79.8956,66.0,1.0,0.48921966552734375,0.997075932192817,0.4821586608886719,166.95150124609358,22.299165024961447,5.527868504893036,232.8637237548828,0.0,0.0,False,,-7.587295254901174,True,751.0
positive,/mnt/MammoDiffusion/MammoDiffusion/experiments/diffusers/03_sd21_vae_finetuned/generated_images/final/positive/gen_0547.png,gen_0547.png,202.0,194.0,3.0,0.04483795166015625,0.6329760081674324,0.029056549072265625,215.51319417093345,12.124712567691233,6.489606946587076,447.1132507324219,0.0,0.0,True,too_empty,,False,
positive,/mnt/MammoDiffusion/MammoDiffusion/experiments/diffusers/03_sd21_vae_finetuned/generated_images/final/positive/gen_0548.png,gen_0548.png,110.0,105.0,0.0,0.5421371459960938,0.9994370874906767,0.53765869140625,152.47985015325236,23.759913892149463,5.030321664599437,26.836143493652344,0.0,0.0,False,,-6.881508513411941,True,423.0
positive,/mnt/MammoDiffusion/MammoDiffusion/experiments/diffusers/03_sd21_vae_finetuned/generated_images/final/positive/gen_0549.png,gen_0549.png,105.0,100.0,0.0,0.6580314636230469,0.9999826085948325,0.6523323059082031,159.1326043098155,17.266444558303935,5.433319854026827,32.38249969482422,0.0,0.0,False,,-9.009664100037156,False,
positive,/mnt/MammoDiffusion/MammoDiffusion/experiments/diffusers/03_sd21_vae_finetuned/generated_images/final/positive/gen_0550.png,gen_0550.png,220.0,209.0,20.0,0.3043022155761719,0.9769841170350128,0.3005409240722656,224.99565907215842,33.83929529242904,6.768779828076866,722.789794921875,0.0,0.0,False,,-20.47214401649748,False,
positive,/mnt/MammoDiffusion/MammoDiffusion/experiments/diffusers/03_sd21_vae_finetuned/generated_images/final/positive/gen_0551.png,gen_0551.png,114.0,109.0,0.0,0.5091819763183594,0.9986664568958413,0.5036201477050781,158.24101468705737,22.01454662128058,5.155164939295311,26.744537353515625,0.0,0.0,False,,-6.646489189025297,True,337.0
positive,/mnt/MammoDiffusion/MammoDiffusion/experiments/diffusers/03_sd21_vae_finetuned/generated_images/final/positive/gen_0552.png,gen_0552.png,98.8956,85.0,1.0,0.40135955810546875,0.9991446005284468,0.3962249755859375,159.1727288481534,25.0916144119053,4.869820157983749,31.11560821533203,0.0,0.0,False,,-5.798040311368727,True,108.0
positive,/mnt/MammoDiffusion/MammoDiffusion/experiments/diffusers/03_sd21_vae_finetuned/generated_images/final/positive/gen_0553.png,gen_0553.png,129.8956,116.0,1.0,0.3605804443359375,0.9959904362913122,0.35433197021484375,170.70238787330706,21.668327235098207,4.851256678721048,142.0882568359375,0.0,0.0,False,,-7.582897418963462,True,748.0
positive,/mnt/MammoDiffusion/MammoDiffusion/experiments/diffusers/03_sd21_vae_finetuned/generated_images/final/positive/gen_0554.png,gen_0554.png,220.0,219.0,9.0,0.4800758361816406,0.988525931870734,0.4675178527832031,227.69987026444838,12.948130444282201,6.037967723540374,429.381591796875,0.0,0.0,False,,-15.01273786251863,False,
positive,/mnt/MammoDiffusion/MammoDiffusion/experiments/diffusers/03_sd21_vae_finetuned/generated_images/final/positive/gen_0555.png,gen_0555.png,185.0,174.0,3.0,0.046283721923828125,0.5148767823291849,0.02166748046875,203.2,9.171553541587008,6.910567311665686,358.45904541015625,0.0,0.0,True,too_empty,,False,
positive,/mnt/MammoDiffusion/MammoDiffusion/experiments/diffusers/03_sd21_vae_finetuned/generated_images/final/positive/gen_0556.png,gen_0556.png,130.8956,117.0,1.0,0.21805953979492188,0.9019820513269072,0.21052169799804688,166.0598872922971,33.592541722502865,5.431800965164807,130.36639404296875,0.0,0.0,False,,-60.35205369075848,False,
positive,/mnt/MammoDiffusion/MammoDiffusion/experiments/diffusers/03_sd21_vae_finetuned/generated_images/final/positive/gen_0557.png,gen_0557.png,55.8956,42.0,1.0,0.4291534423828125,0.9954933333333333,0.4492759704589844,114.87166206750159,51.762751333130126,5.837146765376398,443.5077819824219,0.0,0.0,False,,-6.2321414575265255,True,202.0
positive,/mnt/MammoDiffusion/MammoDiffusion/experiments/diffusers/03_sd21_vae_finetuned/generated_images/final/positive/gen_0558.png,gen_0558.png,117.8956,104.0,1.0,0.3951835632324219,0.9986292774747816,0.3885040283203125,156.78101802757158,22.572012777135125,4.733342270267281,25.060653686523438,0.0,0.0,False,,-5.541797860226092,True,62.0
positive,/mnt/MammoDiffusion/MammoDiffusion/experiments/diffusers/03_sd21_vae_finetuned/generated_images/final/positive/gen_0559.png,gen_0559.png,24.8956,11.0,1.0,0.7726669311523438,0.9983016539126142,0.7650680541992188,151.31458730142901,19.947580206617477,5.806476995659692,189.3821258544922,0.0,0.0,False,,-8.830754887800268,False,
positive,/mnt/MammoDiffusion/MammoDiffusion/experiments/diffusers/03_sd21_vae_finetuned/generated_images/final/positive/gen_0560.png,gen_0560.png,108.8956,95.0,1.0,0.4797210693359375,0.9969067082286333,0.47245025634765625,167.9316431166734,18.679229955675,4.931316959237172,146.88961791992188,0.0,0.0,False,,-7.419450562022883,True,658.0
positive,/mnt/MammoDiffusion/MammoDiffusion/experiments/diffusers/03_sd21_vae_finetuned/generated_images/final/positive/gen_0561.png,gen_0561.png,104.8956,91.0,1.0,0.2559242248535156,0.9323137921268763,0.22333145141601562,154.70660175933043,38.403017525101106,5.277503645926668,206.0500030517578,0.0,0.0,False,,-42.49261489819362,False,
positive,/mnt/MammoDiffusion/MammoDiffusion/experiments/diffusers/03_sd21_vae_finetuned/generated_images/final/positive/gen_0562.png,gen_0562.png,220.0,192.0,61.0,0.22127914428710938,0.6710914200010344,0.14364242553710938,253.6717036250166,1.4031434653839734,6.267271883497257,306.5439453125,0.0,0.0,True,low_contrast,,False,
positive,/mnt/MammoDiffusion/MammoDiffusion/experiments/diffusers/03_sd21_vae_finetuned/generated_images/final/positive/gen_0563.png,gen_0563.png,125.8956,112.0,1.0,0.5576667785644531,0.9937478196033901,0.5501136779785156,146.28521798223412,15.32087838187212,5.01788455923314,22.26214599609375,0.0,0.0,False,,-9.511625997509636,False,
positive,/mnt/MammoDiffusion/MammoDiffusion/experiments/diffusers/03_sd21_vae_finetuned/generated_images/final/positive/gen_0564.png,gen_0564.png,153.7912,131.0,2.0,0.13758087158203125,0.7044030388731769,0.09465789794921875,205.38768437172564,23.746116985915005,6.909658252741255,444.4007568359375,0.0,0.0,True,too_empty,,False,
positive,/mnt/MammoDiffusion/MammoDiffusion/experiments/diffusers/03_sd21_vae_finetuned/generated_images/final/positive/gen_0565.png,gen_0565.png,98.8956,85.0,1.0,0.44431304931640625,0.9968748390198671,0.4377098083496094,157.22812720601692,26.974139115372076,5.314689238107161,184.82366943359375,0.0,0.0,False,,-6.621169805224364,True,333.0
positive,/mnt/MammoDiffusion/MammoDiffusion/experiments/diffusers/03_sd21_vae_finetuned/generated_images/final/positive/gen_0566.png,gen_0566.png,94.8956,81.0,1.0,0.5214576721191406,1.0,0.5156326293945312,159.98077975882222,21.72767044204249,5.156025927719045,36.25194549560547,0.0,0.0,False,,-7.530470721567715,True,722.0
positive,/mnt/MammoDiffusion/MammoDiffusion/experiments/diffusers/03_sd21_vae_finetuned/generated_images/final/positive/gen_0567.png,gen_0567.png,79.8956,66.0,1.0,0.5002822875976562,0.9968203376389673,0.4896812438964844,160.04735640779953,21.336570470658298,5.320621661067108,174.73641967773438,0.0,0.0,False,,-7.504353332782161,True,708.0
positive,/mnt/MammoDiffusion/MammoDiffusion/experiments/diffusers/03_sd21_vae_finetuned/generated_images/final/positive/gen_0568.png,gen_0568.png,220.0,204.0,48.0,0.20337677001953125,0.8863150392017106,0.09447479248046875,252.68836307841394,3.0278178517203234,6.736316704777232,496.6053466796875,0.0,0.0,True,too_empty,,False,
positive,/mnt/MammoDiffusion/MammoDiffusion/experiments/diffusers/03_sd21_vae_finetuned/generated_images/final/positive/gen_0569.png,gen_0569.png,124.0,119.0,0.0,0.5001564025878906,0.9993593312638717,0.4959373474121094,153.22763389663635,17.20534023456645,4.618960757236426,16.82250213623047,0.0,0.0,False,,-6.649692916507464,True,339.0
positive,/mnt/MammoDiffusion/MammoDiffusion/experiments/diffusers/03_sd21_vae_finetuned/generated_images/final/positive/gen_0570.png,gen_0570.png,124.8956,111.0,1.0,0.5469436645507812,0.9890220256943185,0.5365982055664062,168.07512120910525,17.96663859292558,5.602247895036954,173.52001953125,0.0,0.0,False,,-12.91282977470403,False,
positive,/mnt/MammoDiffusion/MammoDiffusion/experiments/diffusers/03_sd21_vae_finetuned/generated_images/final/positive/gen_0571.png,gen_0571.png,116.8956,103.0,1.0,0.4310150146484375,0.9942737281835239,0.4337272644042969,155.53486838054863,32.8014268153833,5.619421638406106,56.89727020263672,0.0,0.0,False,,-8.033163101882964,True,998.0
positive,/mnt/MammoDiffusion/MammoDiffusion/experiments/diffusers/03_sd21_vae_finetuned/generated_images/final/positive/gen_0572.png,gen_0572.png,75.8956,62.0,1.0,0.5260505676269531,0.9943220136184654,0.5966949462890625,117.43667689553766,42.67768528793391,6.426058461148652,267.906982421875,0.0,0.0,False,,-8.10996485386142,True,1042.0
positive,/mnt/MammoDiffusion/MammoDiffusion/experiments/diffusers/03_sd21_vae_finetuned/generated_images/final/positive/gen_0573.png,gen_0573.png,138.8956,125.0,1.0,0.3677215576171875,0.9866799452259429,0.3710289001464844,161.16898512281134,19.283601306311322,5.158720263523257,35.456138610839844,0.0,0.0,False,,-12.951217120528414,False,
positive,/mnt/MammoDiffusion/MammoDiffusion/experiments/diffusers/03_sd21_vae_finetuned/generated_images/final/positive/gen_0574.png,gen_0574.png,83.8956,70.0,1.0,0.5398750305175781,0.9973078961314256,0.5328140258789062,165.4815427352263,17.94177541354218,5.496438283275545,163.8844451904297,0.0,0.0,False,,-8.116828852627789,True,1045.0
positive,/mnt/MammoDiffusion/MammoDiffusion/experiments/diffusers/03_sd21_vae_finetuned/generated_images/final/positive/gen_0575.png,gen_0575.png,84.8956,71.0,1.0,0.434539794921875,0.9971293630170658,0.4279327392578125,162.63287573542522,28.76385685495104,5.146137671138242,187.8520965576172,0.0,0.0,False,,-6.282878078617241,True,213.0
positive,/mnt/MammoDiffusion/MammoDiffusion/experiments/diffusers/03_sd21_vae_finetuned/generated_images/final/positive/gen_0576.png,gen_0576.png,117.8956,104.0,1.0,0.4307670593261719,0.9711750484843654,0.46636199951171875,154.36932124920247,33.121268869926396,6.042287720180626,201.77029418945312,0.0,0.0,False,,-21.258447635068936,False,
positive,/mnt/MammoDiffusion/MammoDiffusion/experiments/diffusers/03_sd21_vae_finetuned/generated_images/final/positive/gen_0577.png,gen_0577.png,93.8956,80.0,1.0,0.4511604309082031,0.9863024122973898,0.4473533630371094,145.1545735944948,33.972115600214636,5.453633588216732,99.77000427246094,0.0,0.0,False,,-11.935029592168618,False,
positive,/mnt/MammoDiffusion/MammoDiffusion/experiments/diffusers/03_sd21_vae_finetuned/generated_images/final/positive/gen_0578.png,gen_0578.png,105.8956,92.0,1.0,0.4125480651855469,0.9969855844359992,0.40721893310546875,148.03231850117095,29.783146060114866,5.1339135554276965,29.591392517089844,0.0,0.0,False,,-5.887850047881239,True,124.0
positive,/mnt/MammoDiffusion/MammoDiffusion/experiments/diffusers/03_sd21_vae_finetuned/generated_images/final/positive/gen_0579.png,gen_0579.png,106.8956,93.0,1.0,0.5848770141601562,0.9939147676132584,0.6301193237304688,146.81169255730043,35.68918290086999,6.662199048298493,238.60983276367188,0.0,0.0,False,,-9.889960997239248,False,
positive,/mnt/MammoDiffusion/MammoDiffusion/experiments/diffusers/03_sd21_vae_finetuned/generated_images/final/positive/gen_0580.png,gen_0580.png,88.8956,75.0,1.0,0.5745506286621094,0.9990240015934668,0.5683784484863281,144.2729182466761,28.64952679354029,5.808035785817437,40.824554443359375,0.0,0.0,False,,-7.012341750891538,True,473.0
positive,/mnt/MammoDiffusion/MammoDiffusion/experiments/diffusers/03_sd21_vae_finetuned/generated_images/final/positive/gen_0581.png,gen_0581.png,53.8956,40.0,1.0,0.7381706237792969,0.9979328913165932,0.7302665710449219,147.19485987410872,21.539205382681494,5.958795033201589,168.50563049316406,0.0,0.0,False,,-8.738373500703519,False,
positive,/mnt/MammoDiffusion/MammoDiffusion/experiments/diffusers/03_sd21_vae_finetuned/generated_images/final/positive/gen_0582.png,gen_0582.png,115.0,110.0,0.0,0.42452239990234375,0.9983645741602717,0.419464111328125,158.2724081484176,23.096364524726052,4.441811223225846,22.99981689453125,0.0,0.0,False,,-5.3159682522110945,True,35.0
positive,/mnt/MammoDiffusion/MammoDiffusion/experiments/diffusers/03_sd21_vae_finetuned/generated_images/final/positive/gen_0583.png,gen_0583.png,74.5824,34.0,4.0,0.9026069641113281,0.9980305393194795,0.8958015441894531,140.96816832673989,31.674349194483703,7.138752320832464,456.4751281738281,0.0,0.0,False,,-9.702399525684633,False,
positive,/mnt/MammoDiffusion/MammoDiffusion/experiments/diffusers/03_sd21_vae_finetuned/generated_images/final/positive/gen_0584.png,gen_0584.png,124.8956,111.0,1.0,0.43833160400390625,0.9948653682140184,0.42760467529296875,164.84549574464288,23.973988590442296,4.68591054186292,133.736328125,0.0,0.0,False,,-7.556723886413252,True,740.0
positive,/mnt/MammoDiffusion/MammoDiffusion/experiments/diffusers/03_sd21_vae_finetuned/generated_images/final/positive/gen_0585.png,gen_0585.png,126.8956,113.0,1.0,0.4656105041503906,0.9942895532415184,0.4591827392578125,157.69292692652778,23.793667765676773,5.209522464753537,175.11131286621094,0.0,0.0,False,,-8.348522012416543,True,1175.0
positive,/mnt/MammoDiffusion/MammoDiffusion/experiments/diffusers/03_sd21_vae_finetuned/generated_images/final/positive/gen_0586.png,gen_0586.png,97.8956,84.0,1.0,0.41257476806640625,0.9982432457421825,0.4063987731933594,153.62277185901348,26.558844565838353,5.180339497878636,39.931114196777344,0.0,0.0,False,,-5.615505853305365,True,70.0
positive,/mnt/MammoDiffusion/MammoDiffusion/experiments/diffusers/03_sd21_vae_finetuned/generated_images/final/positive/gen_0587.png,gen_0587.png,99.8956,86.0,1.0,0.3072013854980469,0.9408178217084104,0.27185821533203125,149.92052311059973,38.241028728445364,5.636356400379665,203.53060913085938,0.0,0.0,False,,-37.66554626657159,False,
positive,/mnt/MammoDiffusion/MammoDiffusion/experiments/diffusers/03_sd21_vae_finetuned/generated_images/final/positive/gen_0588.png,gen_0588.png,112.8956,99.0,1.0,0.5828933715820312,0.9945026897553697,0.5752334594726562,144.58453917264612,21.784197193412492,5.645102584949889,46.015769958496094,0.0,0.0,False,,-9.342283650043386,False,
positive,/mnt/MammoDiffusion/MammoDiffusion/experiments/diffusers/03_sd21_vae_finetuned/generated_images/final/positive/gen_0589.png,gen_0589.png,220.0,205.0,49.0,0.22914886474609375,0.8953720659230897,0.20124435424804688,250.61865226044924,29.034460011965802,6.808382069361699,795.943359375,0.0,0.0,False,,-67.52668065425398,False,
positive,/mnt/MammoDiffusion/MammoDiffusion/experiments/diffusers/03_sd21_vae_finetuned/generated_images/final/positive/gen_0590.png,gen_0590.png,125.8956,112.0,1.0,0.5897598266601562,0.9732344989068705,0.5858802795410156,148.05635967054073,21.692618976876226,6.014087979732915,72.07030487060547,0.0,0.0,False,,-21.666946729131467,False,
positive,/mnt/MammoDiffusion/MammoDiffusion/experiments/diffusers/03_sd21_vae_finetuned/generated_images/final/positive/gen_0591.png,gen_0591.png,172.0,166.0,2.0,0.044525146484375,0.5921864290610007,0.025909423828125,192.21186690223792,16.24939123407897,5.902044977078894,297.77392578125,0.0,0.0,True,too_empty,,False,
positive,/mnt/MammoDiffusion/MammoDiffusion/experiments/diffusers/03_sd21_vae_finetuned/generated_images/final/positive/gen_0592.png,gen_0592.png,72.7912,50.0,2.0,0.773406982421875,0.9988803614410291,0.7992095947265625,125.59527559806786,41.221994684061535,7.158405506863332,382.22393798828125,0.0,0.0,False,,-8.066357253468277,True,1028.0
positive,/mnt/MammoDiffusion/MammoDiffusion/experiments/diffusers/03_sd21_vae_finetuned/generated_images/final/positive/gen_0593.png,gen_0593.png,89.8956,76.0,1.0,0.6502609252929688,0.9997536107754221,0.6494789123535156,133.2008199369189,28.55581305911941,6.272273218531053,76.65201568603516,0.0,0.0,False,,-8.045923956378129,True,1013.0
positive,/mnt/MammoDiffusion/MammoDiffusion/experiments/diffusers/03_sd21_vae_finetuned/generated_images/final/positive/gen_0594.png,gen_0594.png,129.8956,116.0,1.0,0.3549385070800781,0.9954538126712881,0.34888458251953125,168.95376019593692,26.314493598258196,4.82494136026288,88.42141723632812,0.0,0.0,False,,-7.576260480052648,True,744.0
positive,/mnt/MammoDiffusion/MammoDiffusion/experiments/diffusers/03_sd21_vae_finetuned/generated_images/final/positive/gen_0595.png,gen_0595.png,101.8956,88.0,1.0,0.5059471130371094,0.996742842925108,0.5014419555664062,142.39898060098898,27.949713451737527,5.764095245429173,41.34956359863281,0.0,0.0,False,,-7.221757949752275,True,573.0
positive,/mnt/MammoDiffusion/MammoDiffusion/experiments/diffusers/03_sd21_vae_finetuned/generated_images/final/positive/gen_0596.png,gen_0596.png,122.7912,100.0,2.0,0.5496978759765625,0.9958015267175573,0.5443038940429688,156.50803162188302,20.22295105651377,5.686262991537418,24.926719665527344,0.0,0.0,False,,-8.953637685617792,False,
positive,/mnt/MammoDiffusion/MammoDiffusion/experiments/diffusers/03_sd21_vae_finetuned/generated_images/final/positive/gen_0597.png,gen_0597.png,35.8956,22.0,1.0,0.7568702697753906,0.99923894581395,0.7517585754394531,109.0841481917501,47.12518545581966,7.056580195195263,496.44580078125,0.0,0.0,False,,-7.6168326130976345,True,761.0
positive,/mnt/MammoDiffusion/MammoDiffusion/experiments/diffusers/03_sd21_vae_finetuned/generated_images/final/positive/gen_0598.png,gen_0598.png,10.0,1.0,0.0,0.7349357604980469,0.9983494152881516,0.7273979187011719,143.21324397035917,19.901033318034745,5.609336614786736,230.36163330078125,0.0,0.0,False,,-8.061270932594608,True,1023.0
positive,/mnt/MammoDiffusion/MammoDiffusion/experiments/diffusers/03_sd21_vae_finetuned/generated_images/final/positive/gen_0599.png,gen_0599.png,58.478,9.0,5.0,0.8582954406738281,0.9919732263096841,0.8458824157714844,123.1391565911889,32.821051593628994,7.074518325778202,624.5794677734375,0.0,0.0,False,,-11.832980852826932,False,
positive,/mnt/MammoDiffusion/MammoDiffusion/experiments/diffusers/03_sd21_vae_finetuned/generated_images/final/positive/gen_0600.png,gen_0600.png,98.8956,85.0,1.0,0.6529197692871094,0.999912362189543,0.6469993591308594,150.0837701274122,20.947430020669923,5.448238594989919,31.799827575683594,0.0,0.0,False,,-8.413729660981586,True,1216.0
positive,/mnt/MammoDiffusion/MammoDiffusion/experiments/diffusers/03_sd21_vae_finetuned/generated_images/final/positive/gen_0601.png,gen_0601.png,77.8956,64.0,1.0,0.5611991882324219,0.997729667267104,0.6096458435058594,128.30497763038514,44.16943152837575,6.683344769901467,420.5849914550781,0.0,0.0,False,,-6.8080917607680895,True,386.0
positive,/mnt/MammoDiffusion/MammoDiffusion/experiments/diffusers/03_sd21_vae_finetuned/generated_images/final/positive/gen_0602.png,gen_0602.png,10.0,0.0,0.0,0.7167549133300781,0.9995050374415225,0.7129669189453125,85.92961476725522,56.271434918731835,6.2144889865087904,597.0542602539062,0.0,0.0,False,,-6.487738548551074,True,280.0
positive,/mnt/MammoDiffusion/MammoDiffusion/experiments/diffusers/03_sd21_vae_finetuned/generated_images/final/positive/gen_0603.png,gen_0603.png,45.8956,32.0,1.0,0.7465476989746094,0.9979407571677491,0.7385749816894531,154.3494135207863,19.624239258027526,5.950927444832543,175.01034545898438,0.0,0.0,False,,-9.128078441092741,False,
positive,/mnt/MammoDiffusion/MammoDiffusion/experiments/diffusers/03_sd21_vae_finetuned/generated_images/final/positive/gen_0604.png,gen_0604.png,78.8956,65.0,1.0,0.5414619445800781,0.9765043222183866,0.6814079284667969,115.67645428742576,47.9344169169095,6.598984127369041,390.88006591796875,0.0,0.0,False,,-18.910523030684008,False,
positive,/mnt/MammoDiffusion/MammoDiffusion/experiments/diffusers/03_sd21_vae_finetuned/generated_images/final/positive/gen_0605.png,gen_0605.png,42.8956,29.0,1.0,0.7408523559570312,1.0,0.734832763671875,138.1887277295569,22.293887986714754,5.930375423093418,64.15233612060547,0.0,0.0,False,,-9.031348665534063,False,
positive,/mnt/MammoDiffusion/MammoDiffusion/experiments/diffusers/03_sd21_vae_finetuned/generated_images/final/positive/gen_0606.png,gen_0606.png,112.8956,99.0,1.0,0.44504547119140625,0.9993657106612038,0.4396934509277344,166.92059030217848,19.647344193539197,5.214515303482103,33.932037353515625,0.0,0.0,False,,-7.08564438067951,True,504.0
positive,/mnt/MammoDiffusion/MammoDiffusion/experiments/diffusers/03_sd21_vae_finetuned/generated_images/final/positive/gen_0607.png,gen_0607.png,126.8956,113.0,1.0,0.49847412109375,0.9885132239500428,0.49346923828125,156.59886363636363,21.666584302378034,5.7826051530446065,30.074966430664062,0.0,0.0,False,,-12.647008165982228,False,
positive,/mnt/MammoDiffusion/MammoDiffusion/experiments/diffusers/03_sd21_vae_finetuned/generated_images/final/positive/gen_0608.png,gen_0608.png,110.8956,97.0,1.0,0.6310157775878906,0.9971526505740039,0.6251983642578125,156.35668611036536,23.085242238642483,5.492808783277882,205.97665405273438,0.0,0.0,False,,-8.128579971884141,True,1047.0
positive,/mnt/MammoDiffusion/MammoDiffusion/experiments/diffusers/03_sd21_vae_finetuned/generated_images/final/positive/gen_0609.png,gen_0609.png,33.8956,20.0,1.0,0.5196762084960938,0.9991117962269691,0.517852783203125,100.7801432023101,50.12628595981054,6.201983839334595,318.4020690917969,0.0,0.0,False,,-5.304449924303486,True,31.0
positive,/mnt/MammoDiffusion/MammoDiffusion/experiments/diffusers/03_sd21_vae_finetuned/generated_images/final/positive/gen_0610.png,gen_0610.png,67.0,62.0,0.0,0.7068328857421875,0.9970532996567579,0.6985664367675781,151.47657064846416,21.244259129139635,5.801564772991494,177.20574951171875,0.0,0.0,False,,-8.999010488769203,False,
positive,/mnt/MammoDiffusion/MammoDiffusion/experiments/diffusers/03_sd21_vae_finetuned/generated_images/final/positive/gen_0611.png,gen_0611.png,100.8956,87.0,1.0,0.7321548461914062,0.996649820246965,0.7403640747070312,137.79176842777795,27.153853111431726,6.485894748722544,161.22564697265625,0.0,0.0,False,,-9.363439940368924,False,
positive,/mnt/MammoDiffusion/MammoDiffusion/experiments/diffusers/03_sd21_vae_finetuned/generated_images/final/positive/gen_0612.png,gen_0612.png,111.8956,98.0,1.0,0.41574859619140625,0.998990696052704,0.41068267822265625,162.53011387913577,24.700877265928764,5.003304941775582,33.22686004638672,0.0,0.0,False,,-5.9835888707372975,True,144.0
positive,/mnt/MammoDiffusion/MammoDiffusion/experiments/diffusers/03_sd21_vae_finetuned/generated_images/final/positive/gen_0613.png,gen_0613.png,118.8956,105.0,1.0,0.4691123962402344,0.9994958324862777,0.4635353088378906,154.63756964275427,20.154585274548296,5.112878102566201,24.936485290527344,0.0,0.0,False,,-6.8184910985839995,True,390.0
positive,/mnt/MammoDiffusion/MammoDiffusion/experiments/diffusers/03_sd21_vae_finetuned/generated_images/final/positive/gen_0614.png,gen_0614.png,21.8956,8.0,1.0,0.7360191345214844,0.9994920779712143,0.7335777282714844,104.52021029313116,54.30977788319684,7.011771846566286,556.436767578125,0.0,0.0,False,,-7.884608940125188,True,910.0
positive,/mnt/MammoDiffusion/MammoDiffusion/experiments/diffusers/03_sd21_vae_finetuned/generated_images/final/positive/gen_0615.png,gen_0615.png,117.8956,104.0,1.0,0.45702362060546875,0.9961270720998948,0.4503364562988281,160.75631284253683,23.19322474620941,4.81546719307107,162.8622283935547,0.0,0.0,False,,-7.031432389140277,True,481.0
positive,/mnt/MammoDiffusion/MammoDiffusion/experiments/diffusers/03_sd21_vae_finetuned/generated_images/final/positive/gen_0616.png,gen_0616.png,10.0,2.0,0.0,0.7242774963378906,0.9994206409817502,0.7207450866699219,86.15219197730484,52.356721167716586,6.762494210022112,550.6859130859375,0.0,0.0,False,,-6.820771577820628,True,392.0
positive,/mnt/MammoDiffusion/MammoDiffusion/experiments/diffusers/03_sd21_vae_finetuned/generated_images/final/positive/gen_0617.png,gen_0617.png,111.8956,98.0,1.0,0.4842872619628906,0.9974006128252187,0.4770011901855469,147.40278944043249,23.801881326683656,5.518607822815216,31.013404846191406,0.0,0.0,False,,-6.90834991186172,True,430.0
positive,/mnt/MammoDiffusion/MammoDiffusion/experiments/diffusers/03_sd21_vae_finetuned/generated_images/final/positive/gen_0618.png,gen_0618.png,13.0,8.0,0.0,0.8201141357421875,0.9990604126741958,0.8150863647460938,105.83614452192633,45.66102567783055,6.952400667592846,410.8416748046875,0.0,0.0,False,,-7.744893271871276,True,829.0
positive,/mnt/MammoDiffusion/MammoDiffusion/experiments/diffusers/03_sd21_vae_finetuned/generated_images/final/positive/gen_0619.png,gen_0619.png,67.8956,54.0,1.0,0.48332977294921875,1.0,0.4776344299316406,158.72218450750344,29.843683457729885,5.7103773540856775,55.455345153808594,0.0,0.0,False,,-7.185270889378085,True,553.0
positive,/mnt/MammoDiffusion/MammoDiffusion/experiments/diffusers/03_sd21_vae_finetuned/generated_images/final/positive/gen_0620.png,gen_0620.png,69.8956,56.0,1.0,0.4955406188964844,0.9967591202666605,0.4878692626953125,161.83254621086542,23.156703093180514,5.1534867398982485,198.1024169921875,0.0,0.0,False,,-7.258690219709139,True,588.0
positive,/mnt/MammoDiffusion/MammoDiffusion/experiments/diffusers/03_sd21_vae_finetuned/generated_images/final/positive/gen_0621.png,gen_0621.png,203.0,199.0,2.0,0.037200927734375,0.4666735028712059,0.017330169677734375,206.9436495707682,2.9734156440271553,6.302955436548476,244.50489807128906,0.0,0.0,True,too_empty,,False,
positive,/mnt/MammoDiffusion/MammoDiffusion/experiments/diffusers/03_sd21_vae_finetuned/generated_images/final/positive/gen_0622.png,gen_0622.png,57.8956,44.0,1.0,0.5337371826171875,0.9975556762629006,0.5266075134277344,165.1488551000746,23.572084470574946,5.676472758971664,221.5098114013672,0.0,0.0,False,,-7.636091204270516,True,776.0
positive,/mnt/MammoDiffusion/MammoDiffusion/experiments/diffusers/03_sd21_vae_finetuned/generated_images/final/positive/gen_0623.png,gen_0623.png,76.8956,63.0,1.0,0.5868988037109375,0.9977185866937056,0.5793876647949219,169.55656656768696,20.913852324690716,5.730695737540534,182.36753845214844,0.0,0.0,False,,-8.325542430359985,True,1160.0
positive,/mnt/MammoDiffusion/MammoDiffusion/experiments/diffusers/03_sd21_vae_finetuned/generated_images/final/positive/gen_0624.png,gen_0624.png,135.8956,122.0,1.0,0.3883552551269531,0.9926427975050341,0.3855323791503906,167.9459456785237,22.462870126541926,5.2235562835077705,148.2607421875,0.0,0.0,False,,-9.450144353252862,False,
positive,/mnt/MammoDiffusion/MammoDiffusion/experiments/diffusers/03_sd21_vae_finetuned/generated_images/final/positive/gen_0625.png,gen_0625.png,123.8956,110.0,1.0,0.35248565673828125,0.9930412761628536,0.348236083984375,151.55154018052755,22.60047079514585,4.893558840733687,31.848342895507812,0.0,0.0,False,,-8.78800075986454,False,
positive,/mnt/MammoDiffusion/MammoDiffusion/experiments/diffusers/03_sd21_vae_finetuned/generated_images/final/positive/gen_0626.png,gen_0626.png,100.8956,87.0,1.0,0.5701637268066406,0.9973438597665005,0.5640220642089844,150.7373237293294,28.61039130117131,6.102598981183027,49.03392791748047,0.0,0.0,False,,-7.842210224659466,True,892.0
positive,/mnt/MammoDiffusion/MammoDiffusion/experiments/diffusers/03_sd21_vae_finetuned/generated_images/final/positive/gen_0627.png,gen_0627.png,116.8956,103.0,1.0,0.5078048706054688,0.9946663862137352,0.5045700073242188,153.402071520375,25.1426725059096,5.7392212203149455,52.02971649169922,0.0,0.0,False,,-8.8924978447811,False,
positive,/mnt/MammoDiffusion/MammoDiffusion/experiments/diffusers/03_sd21_vae_finetuned/generated_images/final/positive/gen_0628.png,gen_0628.png,220.0,194.0,51.0,0.3142852783203125,0.9634534155459533,0.30040740966796875,245.98761904761903,3.297450537210752,6.466711290524227,1377.7144775390625,0.0,0.0,True,low_contrast,,False,
positive,/mnt/MammoDiffusion/MammoDiffusion/experiments/diffusers/03_sd21_vae_finetuned/generated_images/final/positive/gen_0629.png,gen_0629.png,118.0,113.0,0.0,0.31197357177734375,0.9963928492822381,0.3078498840332031,153.1116466958278,26.63330892164114,3.805859320574111,13.950431823730469,0.0,0.0,False,,-5.991433915093901,True,145.0
positive,/mnt/MammoDiffusion/MammoDiffusion/experiments/diffusers/03_sd21_vae_finetuned/generated_images/final/positive/gen_0630.png,gen_0630.png,135.8956,122.0,1.0,0.2983856201171875,0.9975581692661724,0.29444122314453125,170.2411059000337,24.3313906427737,4.572126878826841,22.555984497070312,0.0,0.0,False,,-6.786347312129672,True,379.0
positive,/mnt/MammoDiffusion/MammoDiffusion/experiments/diffusers/03_sd21_vae_finetuned/generated_images/final/positive/gen_0631.png,gen_0631.png,25.8956,12.0,1.0,0.7009315490722656,0.9983074369370595,0.6933135986328125,147.38668375993134,24.026930310194174,6.107446753794042,214.25502014160156,0.0,0.0,False,,-8.201557041948448,True,1093.0
positive,/mnt/MammoDiffusion/MammoDiffusion/experiments/diffusers/03_sd21_vae_finetuned/generated_images/final/positive/gen_0632.png,gen_0632.png,10.0,0.0,0.0,0.7536354064941406,0.9983954322968602,0.7462310791015625,159.4332225743789,21.316580856160897,5.823394782410037,279.6622314453125,0.0,0.0,False,,-8.708525607620263,True,1354.0
positive,/mnt/MammoDiffusion/MammoDiffusion/experiments/diffusers/03_sd21_vae_finetuned/generated_images/final/positive/gen_0633.png,gen_0633.png,129.8956,116.0,1.0,0.3599090576171875,0.99552719718489,0.3485908508300781,160.75564942384085,23.015498404486912,4.991798624270112,33.273155212402344,0.0,0.0,False,,-7.752289200444802,True,839.0
positive,/mnt/MammoDiffusion/MammoDiffusion/experiments/diffusers/03_sd21_vae_finetuned/generated_images/final/positive/gen_0634.png,gen_0634.png,37.8956,24.0,1.0,0.7483596801757812,0.9991946089775612,0.7484817504882812,112.4529738545436,50.560456489321,7.164681827057743,532.2036743164062,0.0,0.0,False,,-7.978084404523048,True,965.0
positive,/mnt/MammoDiffusion/MammoDiffusion/experiments/diffusers/03_sd21_vae_finetuned/generated_images/final/positive/gen_0635.png,gen_0635.png,69.8956,56.0,1.0,0.8666114807128906,0.9992516848096418,0.8572540283203125,123.18063936206191,23.52355054232993,6.019378345022118,25.656692504882812,0.0,0.0,False,,-9.031083461858708,False,
positive,/mnt/MammoDiffusion/MammoDiffusion/experiments/diffusers/03_sd21_vae_finetuned/generated_images/final/positive/gen_0636.png,gen_0636.png,133.8956,120.0,1.0,0.3612823486328125,0.9335325421294928,0.32025909423828125,161.65334587988661,25.520998148835798,5.941024404749557,158.58901977539062,0.0,0.0,False,,-42.99641162452515,False,
positive,/mnt/MammoDiffusion/MammoDiffusion/experiments/diffusers/03_sd21_vae_finetuned/generated_images/final/positive/gen_0637.png,gen_0637.png,67.8956,54.0,1.0,0.8400688171386719,1.0,0.8319320678710938,144.68104784351127,20.889610108662804,6.204344349172611,58.453514099121094,0.0,0.0,False,,-10.260573585927855,False,
positive,/mnt/MammoDiffusion/MammoDiffusion/experiments/diffusers/03_sd21_vae_finetuned/generated_images/final/positive/gen_0638.png,gen_0638.png,87.8956,74.0,1.0,0.45561981201171875,0.9966844722785043,0.4483795166015625,163.03164880040836,21.2090356775552,5.026673736303129,166.0225372314453,0.0,0.0,False,,-7.122581784625795,True,522.0
positive,/mnt/MammoDiffusion/MammoDiffusion/experiments/diffusers/03_sd21_vae_finetuned/generated_images/final/positive/gen_0639.png,gen_0639.png,113.8956,100.0,1.0,0.2948875427246094,0.9254492063697398,0.2797203063964844,159.27037789627286,35.37537146510428,5.245725058942403,108.1153564453125,0.0,0.0,False,,-46.36638075256919,False,
positive,/mnt/MammoDiffusion/MammoDiffusion/experiments/diffusers/03_sd21_vae_finetuned/generated_images/final/positive/gen_0640.png,gen_0640.png,78.3736,20.0,6.0,0.6237678527832031,0.9079606401780854,0.5764579772949219,123.2410879131787,43.83987692903509,7.257010096149922,432.27740478515625,0.0,0.0,False,,-56.80011119646169,False,
positive,/mnt/MammoDiffusion/MammoDiffusion/experiments/diffusers/03_sd21_vae_finetuned/generated_images/final/positive/gen_0641.png,gen_0641.png,92.8956,79.0,1.0,0.7677230834960938,0.9999105607838851,0.7622909545898438,155.45843967372267,26.573072473107306,6.500031573808457,53.58357238769531,0.0,0.0,False,,-9.966635894367702,False,
positive,/mnt/MammoDiffusion/MammoDiffusion/experiments/diffusers/03_sd21_vae_finetuned/generated_images/final/positive/gen_0642.png,gen_0642.png,220.0,234.0,21.0,0.1228179931640625,0.46434339669524166,0.05377960205078125,254.80912186125693,1.710277589917872,7.115578895949461,364.63458251953125,0.0,0.0,True,too_empty,,False,
positive,/mnt/MammoDiffusion/MammoDiffusion/experiments/diffusers/03_sd21_vae_finetuned/generated_images/final/positive/gen_0643.png,gen_0643.png,18.8956,5.0,1.0,0.8088340759277344,0.9995943989322316,0.8036041259765625,121.81990885787525,33.43935747045514,6.795723446759169,363.8866882324219,0.0,0.0,False,,-8.466215422966904,True,1243.0
positive,/mnt/MammoDiffusion/MammoDiffusion/experiments/diffusers/03_sd21_vae_finetuned/generated_images/final/positive/gen_0644.png,gen_0644.png,105.8956,92.0,1.0,0.5068016052246094,0.9997666629031651,0.501983642578125,148.5512417168217,23.578320624153953,5.248614456261583,25.047103881835938,0.0,0.0,False,,-6.9340207197586485,True,445.0
positive,/mnt/MammoDiffusion/MammoDiffusion/experiments/diffusers/03_sd21_vae_finetuned/generated_images/final/positive/gen_0645.png,gen_0645.png,10.0,0.0,0.0,0.6735992431640625,0.998165137614679,0.666107177734375,155.52716245933934,21.925046461693302,5.617651936445173,244.5541229248047,0.0,0.0,False,,-7.974330744861276,True,964.0
positive,/mnt/MammoDiffusion/MammoDiffusion/experiments/diffusers/03_sd21_vae_finetuned/generated_images/final/positive/gen_0646.png,gen_0646.png,101.8956,88.0,1.0,0.6770477294921875,0.9981181402267246,0.672119140625,151.196728568834,18.195620963397086,5.461792589104381,33.065208435058594,0.0,0.0,False,,-8.278910758693137,True,1141.0
positive,/mnt/MammoDiffusion/MammoDiffusion/experiments/diffusers/03_sd21_vae_finetuned/generated_images/final/positive/gen_0647.png,gen_0647.png,50.8956,37.0,1.0,0.7845954895019531,1.0,0.7783432006835938,125.37592017173272,29.571257965052393,6.464925422941104,51.75635528564453,0.0,0.0,False,,-8.96137140172976,False,
positive,/mnt/MammoDiffusion/MammoDiffusion/experiments/diffusers/03_sd21_vae_finetuned/generated_images/final/positive/gen_0648.png,gen_0648.png,28.8956,15.0,1.0,0.7161407470703125,0.9982315215306927,0.708526611328125,140.7772375845286,19.131022933717826,5.7525057040830765,213.10177612304688,0.0,0.0,False,,-8.141746128850853,True,1059.0
positive,/mnt/MammoDiffusion/MammoDiffusion/experiments/diffusers/03_sd21_vae_finetuned/generated_images/final/positive/gen_0649.png,gen_0649.png,117.0,112.0,0.0,0.6238021850585938,0.9990521384978536,0.6191749572753906,152.901166265179,20.241791961681095,5.265832162291142,32.63909149169922,0.0,0.0,False,,-7.703628656489806,True,808.0
positive,/mnt/MammoDiffusion/MammoDiffusion/experiments/diffusers/03_sd21_vae_finetuned/generated_images/final/positive/gen_0650.png,gen_0650.png,37.8956,24.0,1.0,0.429412841796875,1.0,0.4203910827636719,162.51293521954938,26.511982986556887,5.40485128546563,78.04193115234375,0.0,0.0,False,,-6.821493823417933,True,394.0
positive,/mnt/MammoDiffusion/MammoDiffusion/experiments/diffusers/03_sd21_vae_finetuned/generated_images/final/positive/gen_0651.png,gen_0651.png,187.0,182.0,1.0,0.04955291748046875,0.7826020015396459,0.037464141845703125,209.28031768658997,12.309144888994549,6.148482160677032,265.7210388183594,0.0,0.0,True,too_empty,,False,
positive,/mnt/MammoDiffusion/MammoDiffusion/experiments/diffusers/03_sd21_vae_finetuned/generated_images/final/positive/gen_0652.png,gen_0652.png,133.8956,120.0,1.0,0.351104736328125,0.9930356366797045,0.34686279296875,163.12970702093963,21.07711739434008,4.746770346669931,23.58434295654297,0.0,0.0,False,,-9.127256185085248,False,
positive,/mnt/MammoDiffusion/MammoDiffusion/experiments/diffusers/03_sd21_vae_finetuned/generated_images/final/positive/gen_0653.png,gen_0653.png,101.8956,88.0,1.0,0.6730079650878906,0.996349723678617,0.6641731262207031,154.41348235875228,21.47808016894442,6.355971128707065,287.4756164550781,0.0,0.0,False,,-9.64140844268168,False,
positive,/mnt/MammoDiffusion/MammoDiffusion/experiments/diffusers/03_sd21_vae_finetuned/generated_images/final/positive/gen_0654.png,gen_0654.png,118.8956,105.0,1.0,0.3033599853515625,0.9998616769780192,0.2979583740234375,165.92751062631228,25.21903625415415,4.793839218847132,32.537742614746094,0.0,0.0,False,,-6.979570241386839,True,461.0
positive,/mnt/MammoDiffusion/MammoDiffusion/experiments/diffusers/03_sd21_vae_finetuned/generated_images/final/positive/gen_0655.png,gen_0655.png,109.8956,96.0,1.0,0.2978019714355469,0.8025670257599241,0.2837982177734375,150.97088553148018,39.62825077929405,5.7520271504311,300.6185302734375,0.0,0.0,False,,-114.27533035620618,False,
positive,/mnt/MammoDiffusion/MammoDiffusion/experiments/diffusers/03_sd21_vae_finetuned/generated_images/final/positive/gen_0656.png,gen_0656.png,73.8956,60.0,1.0,0.6181564331054688,0.9976364735939178,0.67559814453125,120.99997176800072,41.47631870507201,6.723880414045228,334.0176086425781,0.0,0.0,False,,-7.037764970864297,True,484.0
positive,/mnt/MammoDiffusion/MammoDiffusion/experiments/diffusers/03_sd21_vae_finetuned/generated_images/final/positive/gen_0657.png,gen_0657.png,96.7912,74.0,2.0,0.7707138061523438,0.9922143359170057,0.7637519836425781,142.24343074625523,23.347770926958223,6.320548783057916,233.31134033203125,0.0,0.0,False,,-12.136943131704857,False,
positive,/mnt/MammoDiffusion/MammoDiffusion/experiments/diffusers/03_sd21_vae_finetuned/generated_images/final/positive/gen_0658.png,gen_0658.png,128.8956,115.0,1.0,0.32706451416015625,0.9961044111129255,0.3216438293457031,161.96223774565036,23.503340376366754,4.563408935664892,18.521026611328125,0.0,0.0,False,,-7.211998902691902,True,566.0
positive,/mnt/MammoDiffusion/MammoDiffusion/experiments/diffusers/03_sd21_vae_finetuned/generated_images/final/positive/gen_0659.png,gen_0659.png,130.8956,117.0,1.0,0.2740211486816406,0.9841159355727869,0.3062248229980469,158.19808159451884,29.210326818296817,4.861320224930866,113.94293975830078,0.0,0.0,False,,-13.630421696016924,False,
positive,/mnt/MammoDiffusion/MammoDiffusion/experiments/diffusers/03_sd21_vae_finetuned/generated_images/final/positive/gen_0660.png,gen_0660.png,192.7472,81.0,12.0,0.059085845947265625,0.7886241849054167,0.04627227783203125,208.51343775762572,12.450403866635556,6.725443041464522,306.73626708984375,0.0,0.0,True,too_empty,,False,
positive,/mnt/MammoDiffusion/MammoDiffusion/experiments/diffusers/03_sd21_vae_finetuned/generated_images/final/positive/gen_0661.png,gen_0661.png,220.0,216.0,35.0,0.215576171875,0.9389333238958097,0.1934967041015625,251.73722498225692,1.4560327542221856,6.259521392752304,465.8775329589844,0.0,0.0,True,low_contrast,,False,
positive,/mnt/MammoDiffusion/MammoDiffusion/experiments/diffusers/03_sd21_vae_finetuned/generated_images/final/positive/gen_0662.png,gen_0662.png,112.8956,99.0,1.0,0.3260002136230469,0.9907323979920196,0.32071685791015625,148.06901063348954,29.290205539505468,4.954239890855913,29.994239807128906,0.0,0.0,False,,-9.738840966430864,False,
positive,/mnt/MammoDiffusion/MammoDiffusion/experiments/diffusers/03_sd21_vae_finetuned/generated_images/final/positive/gen_0663.png,gen_0663.png,220.0,213.0,17.0,0.2733421325683594,0.9693950177935943,0.2562217712402344,231.01445650393794,3.184041121975746,6.702305404304867,464.4969787597656,0.0,0.0,True,low_contrast,,False,
positive,/mnt/MammoDiffusion/MammoDiffusion/experiments/diffusers/03_sd21_vae_finetuned/generated_images/final/positive/gen_0664.png,gen_0664.png,90.8956,77.0,1.0,0.7868461608886719,0.9963833284044467,0.7797584533691406,137.8019509904163,23.19621536061803,6.252899805822827,33.63623809814453,0.0,0.0,False,,-9.98438441320275,False,
positive,/mnt/MammoDiffusion/MammoDiffusion/experiments/diffusers/03_sd21_vae_finetuned/generated_images/final/positive/gen_0665.png,gen_0665.png,133.8956,120.0,1.0,0.6976890563964844,0.9980207222723421,0.7255172729492188,158.7121983279878,18.455921258397886,6.089780003145799,63.999298095703125,0.0,0.0,False,,-9.484966685933008,False,
positive,/mnt/MammoDiffusion/MammoDiffusion/experiments/diffusers/03_sd21_vae_finetuned/generated_images/final/positive/gen_0666.png,gen_0666.png,89.8956,76.0,1.0,0.7058296203613281,1.0,0.6999359130859375,149.44243639772407,23.124038773976814,5.869243871327182,36.464134216308594,0.0,0.0,False,,-9.055129691939682,False,
positive,/mnt/MammoDiffusion/MammoDiffusion/experiments/diffusers/03_sd21_vae_finetuned/generated_images/final/positive/gen_0667.png,gen_0667.png,89.8956,76.0,1.0,0.4561042785644531,0.9920879856145193,0.45709991455078125,132.22602774022332,36.21322357929403,5.864335030716461,72.60741424560547,0.0,0.0,False,,-8.673260026236909,True,1338.0
positive,/mnt/MammoDiffusion/MammoDiffusion/experiments/diffusers/03_sd21_vae_finetuned/generated_images/final/positive/gen_0668.png,gen_0668.png,106.8956,93.0,1.0,0.7798957824707031,0.9965271833500452,0.7704277038574219,141.9071513098934,19.73824653919484,6.072918234397723,42.05879211425781,0.0,0.0,False,,-10.023478923122479,False,
positive,/mnt/MammoDiffusion/MammoDiffusion/experiments/diffusers/03_sd21_vae_finetuned/generated_images/final/positive/gen_0669.png,gen_0669.png,109.7912,87.0,2.0,0.56805419921875,0.9818550553346943,0.6846122741699219,141.9966901993124,37.505141783855564,6.859047197028033,357.6499938964844,0.0,0.0,False,,-16.72538552206038,False,
positive,/mnt/MammoDiffusion/MammoDiffusion/experiments/diffusers/03_sd21_vae_finetuned/generated_images/final/positive/gen_0670.png,gen_0670.png,135.8956,122.0,1.0,0.49394989013671875,0.9683286223993327,0.5113716125488281,159.19714590497787,22.921098417997847,5.649505065264552,67.69975280761719,0.0,0.0,False,,-23.78825299666514,False,
positive,/mnt/MammoDiffusion/MammoDiffusion/experiments/diffusers/03_sd21_vae_finetuned/generated_images/final/positive/gen_0671.png,gen_0671.png,21.8956,8.0,1.0,0.60198974609375,0.9982066815370577,0.594573974609375,147.71731124570138,21.638315512450905,5.825312481879902,257.52398681640625,0.0,0.0,False,,-7.439175722632042,True,671.0
positive,/mnt/MammoDiffusion/MammoDiffusion/experiments/diffusers/03_sd21_vae_finetuned/generated_images/final/positive/gen_0672.png,gen_0672.png,80.7912,58.0,2.0,0.5303878784179688,0.9949797896977804,0.5942802429199219,124.72527232695924,43.0140656502393,6.698346827010771,424.6947021484375,0.0,0.0,False,,-8.05007778197577,True,1014.0
positive,/mnt/MammoDiffusion/MammoDiffusion/experiments/diffusers/03_sd21_vae_finetuned/generated_images/final/positive/gen_0673.png,gen_0673.png,91.8956,78.0,1.0,0.5835151672363281,0.9965809172032818,0.6512947082519531,133.3155336109598,40.07087191775268,6.693224197520594,378.4541015625,0.0,0.0,False,,-7.688984791364026,True,801.0
positive,/mnt/MammoDiffusion/MammoDiffusion/experiments/diffusers/03_sd21_vae_finetuned/generated_images/final/positive/gen_0674.png,gen_0674.png,67.8956,54.0,1.0,0.6312370300292969,1.0,0.6251373291015625,160.12567429031708,19.008427601033812,5.66707609052381,49.31373596191406,0.0,0.0,False,,-8.95275027247011,False,
positive,/mnt/MammoDiffusion/MammoDiffusion/experiments/diffusers/03_sd21_vae_finetuned/generated_images/final/positive/gen_0675.png,gen_0675.png,28.8956,15.0,1.0,0.5956916809082031,0.9994428683952689,0.5894050598144531,100.67199968933849,50.11271881594563,6.659978861697606,499.3795471191406,0.0,0.0,False,,-6.194846643319814,True,193.0
positive,/mnt/MammoDiffusion/MammoDiffusion/experiments/diffusers/03_sd21_vae_finetuned/generated_images/final/positive/gen_0676.png,gen_0676.png,67.8956,54.0,1.0,0.6510848999023438,0.9999414101407328,0.6479988098144531,127.73061594522838,37.610200434723005,6.43282676069222,78.68508911132812,0.0,0.0,False,,-7.489440009158568,True,699.0
positive,/mnt/MammoDiffusion/MammoDiffusion/experiments/diffusers/03_sd21_vae_finetuned/generated_images/final/positive/gen_0677.png,gen_0677.png,124.8956,111.0,1.0,0.2534141540527344,0.9682076139151902,0.2433624267578125,163.3050818233118,29.71510522816319,4.781067472873185,37.627357482910156,0.0,0.0,False,,-23.022489500841726,False,
positive,/mnt/MammoDiffusion/MammoDiffusion/experiments/diffusers/03_sd21_vae_finetuned/generated_images/final/positive/gen_0678.png,gen_0678.png,87.8956,74.0,1.0,0.8045387268066406,0.9999905170574429,0.7986488342285156,138.73789769823415,22.63889524991829,6.112800709297813,52.026824951171875,0.0,0.0,False,,-9.643494696669958,False,
positive,/mnt/MammoDiffusion/MammoDiffusion/experiments/diffusers/03_sd21_vae_finetuned/generated_images/final/positive/gen_0679.png,gen_0679.png,31.8956,18.0,1.0,0.585540771484375,0.9988143013498723,0.5813217163085938,107.70919351663495,51.0132123600373,6.455304714968592,442.0769958496094,0.0,0.0,False,,-5.938844493121178,True,132.0
positive,/mnt/MammoDiffusion/MammoDiffusion/experiments/diffusers/03_sd21_vae_finetuned/generated_images/final/positive/gen_0680.png,gen_0680.png,132.8956,119.0,1.0,0.5993423461914062,0.985125450309966,0.6068916320800781,160.50572935327136,22.59874719823476,6.233810034130664,139.57632446289062,0.0,0.0,False,,-15.656082065892955,False,
positive,/mnt/MammoDiffusion/MammoDiffusion/experiments/diffusers/03_sd21_vae_finetuned/generated_images/final/positive/gen_0681.png,gen_0681.png,79.8956,66.0,1.0,0.5141105651855469,1.0,0.5084724426269531,162.68408693629823,25.152740434837266,5.757428730290849,52.53706359863281,0.0,0.0,False,,-7.895445570831196,True,919.0
positive,/mnt/MammoDiffusion/MammoDiffusion/experiments/diffusers/03_sd21_vae_finetuned/generated_images/final/positive/gen_0682.png,gen_0682.png,10.0,0.0,0.0,0.8874969482421875,0.9993724532778571,0.8808784484863281,123.87260790673706,40.51900970620588,6.846759129282828,434.4814453125,0.0,0.0,False,,-8.416577501990272,True,1217.0
positive,/mnt/MammoDiffusion/MammoDiffusion/experiments/diffusers/03_sd21_vae_finetuned/generated_images/final/positive/gen_0683.png,gen_0683.png,94.7912,72.0,2.0,0.8632278442382812,0.9993106191170622,0.85552978515625,131.74744506670473,24.72805217425545,6.28639050510886,71.6987075805664,0.0,0.0,False,,-9.435252549583561,False,
positive,/mnt/MammoDiffusion/MammoDiffusion/experiments/diffusers/03_sd21_vae_finetuned/generated_images/final/positive/gen_0684.png,gen_0684.png,187.7912,165.0,2.0,0.07516860961914062,0.6891144379599087,0.0510711669921875,201.84262025694653,10.83120554281517,5.89853227217197,203.33042907714844,0.0,0.0,True,too_empty,,False,
positive,/mnt/MammoDiffusion/MammoDiffusion/experiments/diffusers/03_sd21_vae_finetuned/generated_images/final/positive/gen_0685.png,gen_0685.png,91.8956,78.0,1.0,0.265228271484375,0.9445978598550224,0.25643157958984375,142.7822439082443,45.926267188679105,5.538034584278169,217.42929077148438,0.0,0.0,False,,-35.58599704102706,False,
positive,/mnt/MammoDiffusion/MammoDiffusion/experiments/diffusers/03_sd21_vae_finetuned/generated_images/final/positive/gen_0686.png,gen_0686.png,119.8956,106.0,1.0,0.2788429260253906,0.9815313897971188,0.2746238708496094,158.06645275103833,29.766577671655778,4.980823433326059,43.6494140625,0.0,0.0,False,,-15.439568066531068,False,
positive,/mnt/MammoDiffusion/MammoDiffusion/experiments/diffusers/03_sd21_vae_finetuned/generated_images/final/positive/gen_0687.png,gen_0687.png,123.8956,110.0,1.0,0.38336181640625,0.9967759910842222,0.37740325927734375,157.35785473143713,22.40547661818883,4.563110517197526,22.816062927246094,0.0,0.0,False,,-6.394382707384051,True,242.0
positive,/mnt/MammoDiffusion/MammoDiffusion/experiments/diffusers/03_sd21_vae_finetuned/generated_images/final/positive/gen_0688.png,gen_0688.png,111.8956,98.0,1.0,0.6736640930175781,0.9986975996194726,0.6808013916015625,145.30197010108256,24.939449750571207,6.188956688641856,94.7813720703125,0.0,0.0,False,,-8.191459352001846,True,1085.0
positive,/mnt/MammoDiffusion/MammoDiffusion/experiments/diffusers/03_sd21_vae_finetuned/generated_images/final/positive/gen_0689.png,gen_0689.png,10.0,0.0,0.0,0.7728157043457031,0.9981884505081717,0.7676506042480469,82.85950754093473,48.75688241277686,6.4874022157702775,539.7262573242188,0.0,0.0,False,,-6.260821646401732,True,209.0
positive,/mnt/MammoDiffusion/MammoDiffusion/experiments/diffusers/03_sd21_vae_finetuned/generated_images/final/positive/gen_0690.png,gen_0690.png,59.8956,46.0,1.0,0.74713134765625,1.0,0.7409095764160156,135.70675762646414,27.396229222727456,6.3964380971974,78.20740509033203,0.0,0.0,False,,-9.07811624521482,False,
positive,/mnt/MammoDiffusion/MammoDiffusion/experiments/diffusers/03_sd21_vae_finetuned/generated_images/final/positive/gen_0691.png,gen_0691.png,14.8956,1.0,1.0,0.6956291198730469,0.9995283924213759,0.6914138793945312,89.85472,53.42510800593424,6.656551641560972,478.31048583984375,0.0,0.0,False,,-6.856139954977235,True,411.0
positive,/mnt/MammoDiffusion/MammoDiffusion/experiments/diffusers/03_sd21_vae_finetuned/generated_images/final/positive/gen_0692.png,gen_0692.png,220.0,221.0,34.0,0.13887786865234375,0.7624842059001263,0.10103225708007812,254.8812157825184,1.1599688962877528,6.208153054783027,242.2385711669922,0.0,0.0,True,too_empty,,False,
positive,/mnt/MammoDiffusion/MammoDiffusion/experiments/diffusers/03_sd21_vae_finetuned/generated_images/final/positive/gen_0693.png,gen_0693.png,87.0,82.0,0.0,0.5792694091796875,0.9964241498300977,0.5715408325195312,157.5694071789943,23.311818955466887,5.309479721673469,167.6815948486328,0.0,0.0,False,,-8.05884168243735,True,1021.0
positive,/mnt/MammoDiffusion/MammoDiffusion/experiments/diffusers/03_sd21_vae_finetuned/generated_images/final/positive/gen_0694.png,gen_0694.png,112.0,107.0,0.0,0.6411819458007812,0.9961090420152069,0.6358757019042969,161.0333971240199,22.085725315164765,5.62515319319528,205.08566284179688,0.0,0.0,False,,-9.124988754835526,False,
positive,/mnt/MammoDiffusion/MammoDiffusion/experiments/diffusers/03_sd21_vae_finetuned/generated_images/final/positive/gen_0695.png,gen_0695.png,81.8956,68.0,1.0,0.495697021484375,0.9993612633134273,0.4902076721191406,144.32574607991907,26.4151568132255,5.5726218520788535,31.354705810546875,0.0,0.0,False,,-6.611586294937633,True,330.0
positive,/mnt/MammoDiffusion/MammoDiffusion/experiments/diffusers/03_sd21_vae_finetuned/generated_images/final/positive/gen_0696.png,gen_0696.png,151.8956,138.0,1.0,0.10764694213867188,0.7893972146426167,0.08505630493164062,191.83531416782526,26.124735953874286,6.024799421981693,281.0635986328125,0.0,0.0,True,too_empty,,False,
positive,/mnt/MammoDiffusion/MammoDiffusion/experiments/diffusers/03_sd21_vae_finetuned/generated_images/final/positive/gen_0697.png,gen_0697.png,89.8956,76.0,1.0,0.6347084045410156,1.0,0.6288261413574219,154.04422389789073,17.70300348288097,5.665417344081998,35.44275665283203,0.0,0.0,False,,-8.899441977058384,False,
positive,/mnt/MammoDiffusion/MammoDiffusion/experiments/diffusers/03_sd21_vae_finetuned/generated_images/final/positive/gen_0698.png,gen_0698.png,123.8956,110.0,1.0,0.3048820495605469,0.9753387635599264,0.3207740783691406,157.60943761966487,32.22226912372338,5.347569960135065,86.12016296386719,0.0,0.0,False,,-18.688427710787785,False,
positive,/mnt/MammoDiffusion/MammoDiffusion/experiments/diffusers/03_sd21_vae_finetuned/generated_images/final/positive/gen_0699.png,gen_0699.png,109.8956,96.0,1.0,0.3075218200683594,0.8640203436085095,0.3238487243652344,144.93296424995583,42.095697490501436,6.27310992060168,294.941162109375,0.0,0.0,False,,-80.29494459296042,False,
positive,/mnt/MammoDiffusion/MammoDiffusion/experiments/diffusers/03_sd21_vae_finetuned/generated_images/final/positive/gen_0700.png,gen_0700.png,86.8956,73.0,1.0,0.7481918334960938,0.9999847043347915,0.7425537109375,145.4844905885254,24.91526977855314,6.348191324170956,60.773948669433594,0.0,0.0,False,,-9.528569035855892,False,
positive,/mnt/MammoDiffusion/MammoDiffusion/experiments/diffusers/03_sd21_vae_finetuned/generated_images/final/positive/gen_0701.png,gen_0701.png,76.8956,63.0,1.0,0.5947685241699219,0.9999935862489177,0.5887069702148438,154.49203633865972,25.302960088291726,5.905746457208512,52.032257080078125,0.0,0.0,False,,-8.31876672664464,True,1157.0
positive,/mnt/MammoDiffusion/MammoDiffusion/experiments/diffusers/03_sd21_vae_finetuned/generated_images/final/positive/gen_0702.png,gen_0702.png,118.0,113.0,0.0,0.4890594482421875,0.9999531995881564,0.4837532043457031,157.88337157862364,23.246023057482123,4.84153841671257,18.264610290527344,0.0,0.0,False,,-6.830516076186286,True,400.0
positive,/mnt/MammoDiffusion/MammoDiffusion/experiments/diffusers/03_sd21_vae_finetuned/generated_images/final/positive/gen_0703.png,gen_0703.png,72.8956,59.0,1.0,0.4673728942871094,0.9968331442470147,0.511932373046875,122.62084947839047,46.7382673390194,6.259976717619189,280.0169982910156,0.0,0.0,False,,-6.410694678944381,True,248.0
positive,/mnt/MammoDiffusion/MammoDiffusion/experiments/diffusers/03_sd21_vae_finetuned/generated_images/final/positive/gen_0704.png,gen_0704.png,65.8956,52.0,1.0,0.5901718139648438,0.9978281946868335,0.5828933715820312,162.12349314799545,21.739889393216583,5.703549738498101,167.47622680664062,0.0,0.0,False,,-7.994485424910835,True,971.0
positive,/mnt/MammoDiffusion/MammoDiffusion/experiments/diffusers/03_sd21_vae_finetuned/generated_images/final/positive/gen_0705.png,gen_0705.png,47.8956,34.0,1.0,0.6552658081054688,0.9990569003458032,0.6590347290039062,111.55570090644933,45.60224229108521,6.759100207309259,344.7697448730469,0.0,0.0,False,,-6.752202638905119,True,369.0
positive,/mnt/MammoDiffusion/MammoDiffusion/experiments/diffusers/03_sd21_vae_finetuned/generated_images/final/positive/gen_0706.png,gen_0706.png,94.8956,81.0,1.0,0.4568214416503906,0.998630514475629,0.4517784118652344,148.00480448531212,23.59223308063192,5.131408826242584,27.03508758544922,0.0,0.0,False,,-5.829045274874154,True,114.0
positive,/mnt/MammoDiffusion/MammoDiffusion/experiments/diffusers/03_sd21_vae_finetuned/generated_images/final/positive/gen_0707.png,gen_0707.png,72.8956,59.0,1.0,0.6174736022949219,0.9980601357904947,0.6106796264648438,149.64910110815435,21.927877101897685,5.4893900520359455,214.72640991210938,0.0,0.0,False,,-7.389448485426655,True,644.0
positive,/mnt/MammoDiffusion/MammoDiffusion/experiments/diffusers/03_sd21_vae_finetuned/generated_images/final/positive/gen_0708.png,gen_0708.png,48.8956,35.0,1.0,0.6057701110839844,0.9978211449694268,0.5985946655273438,167.7474540842988,21.727183748261734,5.851997850578206,235.62521362304688,0.0,0.0,False,,-8.339330343249292,True,1167.0
positive,/mnt/MammoDiffusion/MammoDiffusion/experiments/diffusers/03_sd21_vae_finetuned/generated_images/final/positive/gen_0709.png,gen_0709.png,220.0,193.0,32.0,0.3756561279296875,0.9774158170518705,0.36309814453125,226.982843755253,15.830342162403863,6.681174967187197,590.2654418945312,0.0,0.0,False,,-21.219867728693703,False,
positive,/mnt/MammoDiffusion/MammoDiffusion/experiments/diffusers/03_sd21_vae_finetuned/generated_images/final/positive/gen_0710.png,gen_0710.png,100.0,95.0,0.0,0.6166191101074219,0.9964737105844361,0.6085548400878906,161.41974186511544,19.51358694610823,5.373962951401918,167.89892578125,0.0,0.0,False,,-8.730013623642142,False,
positive,/mnt/MammoDiffusion/MammoDiffusion/experiments/diffusers/03_sd21_vae_finetuned/generated_images/final/positive/gen_0711.png,gen_0711.png,33.8956,20.0,1.0,0.8273277282714844,0.9968692220085854,0.8222122192382812,109.9672447549852,44.71433964471779,7.239227700215656,711.1165161132812,0.0,0.0,False,,-8.387249782378534,True,1201.0
positive,/mnt/MammoDiffusion/MammoDiffusion/experiments/diffusers/03_sd21_vae_finetuned/generated_images/final/positive/gen_0712.png,gen_0712.png,109.8956,96.0,1.0,0.27246856689453125,0.9321675580320892,0.2593421936035156,152.90424358314334,33.24702708909391,5.676271332124218,193.35581970214844,0.0,0.0,False,,-43.04852816009466,False,
positive,/mnt/MammoDiffusion/MammoDiffusion/experiments/diffusers/03_sd21_vae_finetuned/generated_images/final/positive/gen_0713.png,gen_0713.png,135.0,130.0,0.0,0.39600372314453125,0.9931894807821983,0.3894500732421875,173.81184617795714,23.095725094978455,4.556245218742669,220.74722290039062,0.0,0.0,False,,-8.50794104838863,True,1271.0
positive,/mnt/MammoDiffusion/MammoDiffusion/experiments/diffusers/03_sd21_vae_finetuned/generated_images/final/positive/gen_0714.png,gen_0714.png,131.8956,118.0,1.0,0.34967041015625,0.9866468842729971,0.3531608581542969,159.25736938182524,25.176964627270046,5.216341762090277,73.99337768554688,0.0,0.0,False,,-12.624828791839011,False,
positive,/mnt/MammoDiffusion/MammoDiffusion/experiments/diffusers/03_sd21_vae_finetuned/generated_images/final/positive/gen_0715.png,gen_0715.png,99.8956,86.0,1.0,0.3815116882324219,0.9995300516943136,0.3765525817871094,155.69183778910153,30.26482629736044,5.03720389408687,38.34619903564453,0.0,0.0,False,,-5.82909110618547,True,115.0
positive,/mnt/MammoDiffusion/MammoDiffusion/experiments/diffusers/03_sd21_vae_finetuned/generated_images/final/positive/gen_0716.png,gen_0716.png,117.0,112.0,0.0,0.5562286376953125,0.9968726853756893,0.5493583679199219,161.15798793147746,19.58517971556016,5.077550770461899,170.959228515625,0.0,0.0,False,,-7.800446491429588,True,866.0
positive,/mnt/MammoDiffusion/MammoDiffusion/experiments/diffusers/03_sd21_vae_finetuned/generated_images/final/positive/gen_0717.png,gen_0717.png,96.8956,83.0,1.0,0.60430908203125,1.0,0.5982894897460938,160.5816830104949,20.542842666571943,5.752117633930403,45.156768798828125,0.0,0.0,False,,-8.766213236425507,False,
positive,/mnt/MammoDiffusion/MammoDiffusion/experiments/diffusers/03_sd21_vae_finetuned/generated_images/final/positive/gen_0718.png,gen_0718.png,135.8956,122.0,1.0,0.24970626831054688,0.8141737576192731,0.22468948364257812,177.97300555168843,36.921086845553894,6.245136790720793,278.43096923828125,0.0,0.0,False,,-109.75878260278198,False,
positive,/mnt/MammoDiffusion/MammoDiffusion/experiments/diffusers/03_sd21_vae_finetuned/generated_images/final/positive/gen_0719.png,gen_0719.png,137.8956,124.0,1.0,0.346649169921875,0.986299410159345,0.3429603576660156,170.91463211167343,22.80367088016755,4.713749278421439,157.11868286132812,0.0,0.0,False,,-12.81269799039434,False,
positive,/mnt/MammoDiffusion/MammoDiffusion/experiments/diffusers/03_sd21_vae_finetuned/generated_images/final/positive/gen_0720.png,gen_0720.png,10.0,0.0,0.0,0.8126792907714844,0.9996338698548153,0.8115310668945312,76.28515356917899,52.25903279895016,6.621794412190038,541.0567016601562,0.0,0.0,False,,-7.564363833266348,True,741.0
positive,/mnt/MammoDiffusion/MammoDiffusion/experiments/diffusers/03_sd21_vae_finetuned/generated_images/final/positive/gen_0721.png,gen_0721.png,131.8956,118.0,1.0,0.18459701538085938,0.8754727118679093,0.17258453369140625,168.71071128597322,30.970238800786156,4.989717955849217,143.82223510742188,0.0,0.0,False,,-75.14078883205069,False,
positive,/mnt/MammoDiffusion/MammoDiffusion/experiments/diffusers/03_sd21_vae_finetuned/generated_images/final/positive/gen_0722.png,gen_0722.png,79.8956,66.0,1.0,0.8352546691894531,0.9998218828354426,0.8302383422851562,135.21961294235487,30.945977797969256,6.6828909001821,86.01306915283203,0.0,0.0,False,,-9.588662580448446,False,
positive,/mnt/MammoDiffusion/MammoDiffusion/experiments/diffusers/03_sd21_vae_finetuned/generated_images/final/positive/gen_0723.png,gen_0723.png,220.0,207.0,28.0,0.32635498046875,0.9705909855994015,0.3102226257324219,235.72362062393174,8.434097327330605,6.749297100945647,381.2548522949219,0.0,0.0,False,,-26.47966768347814,False,
positive,/mnt/MammoDiffusion/MammoDiffusion/experiments/diffusers/03_sd21_vae_finetuned/generated_images/final/positive/gen_0724.png,gen_0724.png,83.8956,70.0,1.0,0.64508056640625,0.9870907843693821,0.7890167236328125,117.50949061091879,41.09102843412579,6.793932381561602,383.8642578125,0.0,0.0,False,,-13.531668418322525,False,
positive,/mnt/MammoDiffusion/MammoDiffusion/experiments/diffusers/03_sd21_vae_finetuned/generated_images/final/positive/gen_0725.png,gen_0725.png,115.8956,102.0,1.0,0.1614532470703125,0.823409885644079,0.08472061157226562,188.9339006708992,27.35415273835363,5.237428453460179,204.427001953125,0.0,0.0,True,too_empty,,False,
positive,/mnt/MammoDiffusion/MammoDiffusion/experiments/diffusers/03_sd21_vae_finetuned/generated_images/final/positive/gen_0726.png,gen_0726.png,220.0,161.0,76.0,0.2526588439941406,0.9498890281279725,0.2365875244140625,238.44329248629475,7.315499706164415,6.7491909682698905,598.4599609375,0.0,0.0,True,low_contrast,,False,
positive,/mnt/MammoDiffusion/MammoDiffusion/experiments/diffusers/03_sd21_vae_finetuned/generated_images/final/positive/gen_0727.png,gen_0727.png,90.8956,77.0,1.0,0.5255928039550781,1.0,0.5197639465332031,153.80304286878086,25.332942644022626,5.416571632490784,31.37274932861328,0.0,0.0,False,,-7.377734554356344,True,642.0
positive,/mnt/MammoDiffusion/MammoDiffusion/experiments/diffusers/03_sd21_vae_finetuned/generated_images/final/positive/gen_0728.png,gen_0728.png,131.8956,118.0,1.0,0.41892242431640625,0.9808865577592016,0.4225425720214844,158.459333556023,24.16468922108004,5.480337450437036,133.7156982421875,0.0,0.0,False,,-15.858316634658422,False,
positive,/mnt/MammoDiffusion/MammoDiffusion/experiments/diffusers/03_sd21_vae_finetuned/generated_images/final/positive/gen_0729.png,gen_0729.png,94.8956,81.0,1.0,0.2506980895996094,0.9656568115765608,0.2507476806640625,150.83849570985214,46.27169337684155,5.488341660068775,273.16107177734375,0.0,0.0,False,,-24.084572984566442,False,
positive,/mnt/MammoDiffusion/MammoDiffusion/experiments/diffusers/03_sd21_vae_finetuned/generated_images/final/positive/gen_0730.png,gen_0730.png,102.8956,89.0,1.0,0.44058990478515625,0.9823979636011013,0.4461212158203125,141.87369600164175,30.362228606957068,5.5627077896600365,61.449195861816406,0.0,0.0,False,,-14.403934157422999,False,
positive,/mnt/MammoDiffusion/MammoDiffusion/experiments/diffusers/03_sd21_vae_finetuned/generated_images/final/positive/gen_0731.png,gen_0731.png,106.8956,93.0,1.0,0.3323631286621094,0.9977045003271087,0.32709503173828125,154.99512513703263,26.76282678395891,4.103359795083065,17.52765655517578,0.0,0.0,False,,-5.391727760857924,True,45.0
positive,/mnt/MammoDiffusion/MammoDiffusion/experiments/diffusers/03_sd21_vae_finetuned/generated_images/final/positive/gen_0732.png,gen_0732.png,125.8956,112.0,1.0,0.4863929748535156,0.9680404690012157,0.47745513916015625,159.67709848036944,24.152800082688046,5.696529619318746,75.53652954101562,0.0,0.0,False,,-23.683920318015936,False,
positive,/mnt/MammoDiffusion/MammoDiffusion/experiments/diffusers/03_sd21_vae_finetuned/generated_images/final/positive/gen_0733.png,gen_0733.png,97.8956,84.0,1.0,0.47721099853515625,0.9999920062670866,0.471710205078125,155.5010674775183,21.001834475317366,5.3477897238810765,36.66918182373047,0.0,0.0,False,,-7.332674640655216,True,624.0
positive,/mnt/MammoDiffusion/MammoDiffusion/experiments/diffusers/03_sd21_vae_finetuned/generated_images/final/positive/gen_0734.png,gen_0734.png,84.8956,71.0,1.0,0.6990280151367188,0.9969767416478396,0.7384796142578125,130.16742773312396,35.152834402013916,6.683687317831128,292.9305725097656,0.0,0.0,False,,-8.404120686805195,True,1211.0
positive,/mnt/MammoDiffusion/MammoDiffusion/experiments/diffusers/03_sd21_vae_finetuned/generated_images/final/positive/gen_0735.png,gen_0735.png,118.0,113.0,0.0,0.5048294067382812,0.9953225830827125,0.4990692138671875,165.06695814351667,25.421795284206258,5.103036677039462,213.04380798339844,0.0,0.0,False,,-8.00260007168333,True,978.0
positive,/mnt/MammoDiffusion/MammoDiffusion/experiments/diffusers/03_sd21_vae_finetuned/generated_images/final/positive/gen_0736.png,gen_0736.png,128.8956,115.0,1.0,0.25860595703125,0.9567353080009441,0.24483489990234375,160.34771431242405,26.394687966128565,4.757638476055027,230.3052978515625,0.0,0.0,False,,-29.266087440679208,False,
positive,/mnt/MammoDiffusion/MammoDiffusion/experiments/diffusers/03_sd21_vae_finetuned/generated_images/final/positive/gen_0737.png,gen_0737.png,106.8956,93.0,1.0,0.5210990905761719,0.9996852192118768,0.5162582397460938,149.14114708794537,23.427690749856517,5.3501889701943295,29.74958038330078,0.0,0.0,False,,-7.10800382553064,True,510.0
positive,/mnt/MammoDiffusion/MammoDiffusion/experiments/diffusers/03_sd21_vae_finetuned/generated_images/final/positive/gen_0738.png,gen_0738.png,24.7912,2.0,2.0,0.8793907165527344,0.9742329531898649,0.8471298217773438,134.89773494843968,30.48793156469055,6.489936849373274,620.4515380859375,0.0,0.0,False,,-21.644524402988857,False,
positive,/mnt/MammoDiffusion/MammoDiffusion/experiments/diffusers/03_sd21_vae_finetuned/generated_images/final/positive/gen_0739.png,gen_0739.png,67.8956,54.0,1.0,0.7409515380859375,0.9986253835540271,0.7577629089355469,119.11759790176346,39.37562071405953,6.92005555158753,487.8468322753906,0.0,0.0,False,,-7.087172787711171,True,505.0
positive,/mnt/MammoDiffusion/MammoDiffusion/experiments/diffusers/03_sd21_vae_finetuned/generated_images/final/positive/gen_0740.png,gen_0740.png,130.8956,117.0,1.0,0.17024993896484375,0.9693479722159982,0.16096115112304688,174.42758620689656,30.88064991855305,4.44952912050182,66.35282897949219,0.0,0.0,False,,-22.84044053140481,False,
positive,/mnt/MammoDiffusion/MammoDiffusion/experiments/diffusers/03_sd21_vae_finetuned/generated_images/final/positive/gen_0741.png,gen_0741.png,121.8956,108.0,1.0,0.4396629333496094,0.9951672378638671,0.4321403503417969,169.36440595676316,22.919538092196316,5.029741588907615,148.25921630859375,0.0,0.0,False,,-7.95311279993223,True,955.0
positive,/mnt/MammoDiffusion/MammoDiffusion/experiments/diffusers/03_sd21_vae_finetuned/generated_images/final/positive/gen_0742.png,gen_0742.png,112.8956,99.0,1.0,0.47982025146484375,0.9963587794756007,0.4725799560546875,157.70331923412223,22.56086444116289,5.336180251422212,148.58428955078125,0.0,0.0,False,,-7.534787464269064,True,726.0
positive,/mnt/MammoDiffusion/MammoDiffusion/experiments/diffusers/03_sd21_vae_finetuned/generated_images/final/positive/gen_0743.png,gen_0743.png,98.8956,85.0,1.0,0.4844322204589844,1.0,0.4787254333496094,153.58154508147734,27.5718004041135,5.542564118865865,43.593360900878906,0.0,0.0,False,,-7.0452452632972395,True,486.0
positive,/mnt/MammoDiffusion/MammoDiffusion/experiments/diffusers/03_sd21_vae_finetuned/generated_images/final/positive/gen_0744.png,gen_0744.png,117.8956,104.0,1.0,0.2909584045410156,0.9924219579667772,0.2842597961425781,168.85104070212165,25.396985350638374,4.781144358055245,142.63619995117188,0.0,0.0,False,,-9.647139508473611,False,
positive,/mnt/MammoDiffusion/MammoDiffusion/experiments/diffusers/03_sd21_vae_finetuned/generated_images/final/positive/gen_0745.png,gen_0745.png,101.0,96.0,0.0,0.4372367858886719,0.9987611129044923,0.432342529296875,147.40041999011788,27.49661486702084,4.74787934526738,20.50670623779297,0.0,0.0,False,,-5.10649349963089,True,16.0
positive,/mnt/MammoDiffusion/MammoDiffusion/experiments/diffusers/03_sd21_vae_finetuned/generated_images/final/positive/gen_0746.png,gen_0746.png,78.8956,65.0,1.0,0.4426002502441406,1.0,0.4374237060546875,153.76049115707957,28.50215887861438,5.080087096387502,47.286033630371094,0.0,0.0,False,,-6.246292007381946,True,206.0
positive,/mnt/MammoDiffusion/MammoDiffusion/experiments/diffusers/03_sd21_vae_finetuned/generated_images/final/positive/gen_0747.png,gen_0747.png,166.434,28.0,15.0,0.12957763671875,0.5564060292039567,0.07175064086914062,200.76654792918285,21.046518017809692,7.115634050024719,395.6435241699219,0.0,0.0,True,too_empty,,False,
positive,/mnt/MammoDiffusion/MammoDiffusion/experiments/diffusers/03_sd21_vae_finetuned/generated_images/final/positive/gen_0748.png,gen_0748.png,118.8956,105.0,1.0,0.5245094299316406,0.9721521196826113,0.5152435302734375,150.59558148488168,24.683223161378713,6.028331745782417,65.67158508300781,0.0,0.0,False,,-21.67994600037234,False,
positive,/mnt/MammoDiffusion/MammoDiffusion/experiments/diffusers/03_sd21_vae_finetuned/generated_images/final/positive/gen_0749.png,gen_0749.png,102.8956,89.0,1.0,0.421722412109375,1.0,0.4168739318847656,157.19742681710454,29.93999109146577,5.326360964059777,37.65594482421875,0.0,0.0,False,,-6.365724246609892,True,233.0
positive,/mnt/MammoDiffusion/MammoDiffusion/experiments/diffusers/03_sd21_vae_finetuned/generated_images/final/positive/gen_0750.png,gen_0750.png,78.47800000000001,29.0,5.0,0.5374641418457031,0.939535676009454,0.5419998168945312,121.85181092608494,42.83005599894275,7.44573342512555,871.8781127929688,0.0,0.0,False,,-38.602466434184166,False,
positive,/mnt/MammoDiffusion/MammoDiffusion/experiments/diffusers/03_sd21_vae_finetuned/generated_images/final/positive/gen_0751.png,gen_0751.png,102.8956,89.0,1.0,0.575897216796875,1.0,0.5701904296875,150.54979527938343,19.912435656014583,5.371616041044131,28.528656005859375,0.0,0.0,False,,-7.960316313869826,True,959.0
positive,/mnt/MammoDiffusion/MammoDiffusion/experiments/diffusers/03_sd21_vae_finetuned/generated_images/final/positive/gen_0752.png,gen_0752.png,66.8956,53.0,1.0,0.4555397033691406,0.9977138933317702,0.4923362731933594,122.5543339299412,49.916221757336615,6.219003793219862,395.95501708984375,0.0,0.0,False,,-5.828727757324827,True,113.0
positive,/mnt/MammoDiffusion/MammoDiffusion/experiments/diffusers/03_sd21_vae_finetuned/generated_images/final/positive/gen_0753.png,gen_0753.png,140.8956,127.0,1.0,0.2577247619628906,0.9921700389277838,0.2512969970703125,172.85753536948206,24.976806889732437,4.373299182856934,24.154930114746094,0.0,0.0,False,,-9.905444965376358,False,
positive,/mnt/MammoDiffusion/MammoDiffusion/experiments/diffusers/03_sd21_vae_finetuned/generated_images/final/positive/gen_0754.png,gen_0754.png,89.8956,76.0,1.0,0.474517822265625,0.8698147790854718,0.42073822021484375,131.92632418807912,38.02576941106662,6.438639175229124,265.5007019042969,0.0,0.0,False,,-76.50965029545256,False,
positive,/mnt/MammoDiffusion/MammoDiffusion/experiments/diffusers/03_sd21_vae_finetuned/generated_images/final/positive/gen_0755.png,gen_0755.png,32.8956,19.0,1.0,0.7125663757324219,0.9981584089509891,0.7053108215332031,149.6793226352539,25.867040054741327,6.167504803098238,199.18983459472656,0.0,0.0,False,,-8.383048629848599,True,1197.0
positive,/mnt/MammoDiffusion/MammoDiffusion/experiments/diffusers/03_sd21_vae_finetuned/generated_images/final/positive/gen_0756.png,gen_0756.png,114.8956,101.0,1.0,0.19662857055664062,0.9748569211368707,0.2045135498046875,160.8392897112587,39.421938795267664,4.962763456504431,188.08360290527344,0.0,0.0,False,,-18.825486074252286,False,
positive,/mnt/MammoDiffusion/MammoDiffusion/experiments/diffusers/03_sd21_vae_finetuned/generated_images/final/positive/gen_0757.png,gen_0757.png,77.8956,64.0,1.0,0.5178451538085938,0.9973112338858195,0.5107574462890625,166.65343709855705,21.65614034068136,5.537437727064444,204.90283203125,0.0,0.0,False,,-7.729655102873361,True,819.0
positive,/mnt/MammoDiffusion/MammoDiffusion/experiments/diffusers/03_sd21_vae_finetuned/generated_images/final/positive/gen_0758.png,gen_0758.png,81.8956,68.0,1.0,0.55926513671875,0.9988813707301102,0.5537376403808594,149.42550582464744,24.090302201661295,5.576942030530763,35.849365234375,0.0,0.0,False,,-7.092212065106533,True,507.0
positive,/mnt/MammoDiffusion/MammoDiffusion/experiments/diffusers/03_sd21_vae_finetuned/generated_images/final/positive/gen_0759.png,gen_0759.png,82.8956,69.0,1.0,0.487030029296875,0.997219437308102,0.4797515869140625,167.77932476702395,25.03054947813582,5.4526691877642115,145.07000732421875,0.0,0.0,False,,-7.35785448075008,True,632.0
positive,/mnt/MammoDiffusion/MammoDiffusion/experiments/diffusers/03_sd21_vae_finetuned/generated_images/final/positive/gen_0760.png,gen_0760.png,65.8956,52.0,1.0,0.6578292846679688,1.0,0.6518783569335938,153.81629273316713,21.682134692352562,5.804987855698098,79.18582153320312,0.0,0.0,False,,-8.850593620442886,False,
positive,/mnt/MammoDiffusion/MammoDiffusion/experiments/diffusers/03_sd21_vae_finetuned/generated_images/final/positive/gen_0761.png,gen_0761.png,64.8956,51.0,1.0,0.629302978515625,1.0,0.6233558654785156,153.84267084432315,21.355193060770844,5.8670363866663084,49.96134948730469,0.0,0.0,False,,-8.77928895207183,False,
positive,/mnt/MammoDiffusion/MammoDiffusion/experiments/diffusers/03_sd21_vae_finetuned/generated_images/final/positive/gen_0762.png,gen_0762.png,108.8956,95.0,1.0,0.4673881530761719,0.9974535393354718,0.4606056213378906,176.47415627976315,23.717062390744907,5.3607913873299635,166.33067321777344,0.0,0.0,False,,-7.340458874716633,True,627.0
positive,/mnt/MammoDiffusion/MammoDiffusion/experiments/diffusers/03_sd21_vae_finetuned/generated_images/final/positive/gen_0763.png,gen_0763.png,106.8956,93.0,1.0,0.5095977783203125,0.99888463035602,0.5049896240234375,155.02580450219065,26.581372137331105,5.355120720547095,79.85154724121094,0.0,0.0,False,,-6.487766599317357,True,281.0
positive,/mnt/MammoDiffusion/MammoDiffusion/experiments/diffusers/03_sd21_vae_finetuned/generated_images/final/positive/gen_0764.png,gen_0764.png,101.8956,88.0,1.0,0.5861854553222656,0.9995119252920314,0.5802192687988281,159.66446637431707,20.86852389572899,5.673592020961132,41.60743713378906,0.0,0.0,False,,-8.249348151202286,True,1125.0
positive,/mnt/MammoDiffusion/MammoDiffusion/experiments/diffusers/03_sd21_vae_finetuned/generated_images/final/positive/gen_0765.png,gen_0765.png,119.8956,106.0,1.0,0.21886062622070312,0.9664650619629442,0.22362136840820312,161.62177376708004,35.67231868354001,5.088960057130182,179.24961853027344,0.0,0.0,False,,-23.77999267316283,False,
positive,/mnt/MammoDiffusion/MammoDiffusion/experiments/diffusers/03_sd21_vae_finetuned/generated_images/final/positive/gen_0766.png,gen_0766.png,114.8956,101.0,1.0,0.3283729553222656,0.9994540026254342,0.3244438171386719,153.39510411400218,26.86146736421045,4.352476533566538,19.4412841796875,0.0,0.0,False,,-5.65699696871413,True,79.0
positive,/mnt/MammoDiffusion/MammoDiffusion/experiments/diffusers/03_sd21_vae_finetuned/generated_images/final/positive/gen_0767.png,gen_0767.png,72.8956,59.0,1.0,0.7407722473144531,0.9980173954240457,0.732086181640625,153.66857205385801,21.714235109865314,6.164886239851931,177.047119140625,0.0,0.0,False,,-9.081700430293438,False,
positive,/mnt/MammoDiffusion/MammoDiffusion/experiments/diffusers/03_sd21_vae_finetuned/generated_images/final/positive/gen_0768.png,gen_0768.png,75.8956,62.0,1.0,0.4578056335449219,0.976293839731358,0.5041084289550781,121.25759559285352,44.97823555991521,6.23705250131388,320.6247253417969,0.0,0.0,False,,-17.523559283171405,False,
positive,/mnt/MammoDiffusion/MammoDiffusion/experiments/diffusers/03_sd21_vae_finetuned/generated_images/final/positive/gen_0769.png,gen_0769.png,179.0,173.0,3.0,0.048229217529296875,0.4774183342561101,0.021625518798828125,199.33268654083614,13.778625189608508,6.337193698719318,164.88674926757812,0.0,0.0,True,too_empty,,False,
positive,/mnt/MammoDiffusion/MammoDiffusion/experiments/diffusers/03_sd21_vae_finetuned/generated_images/final/positive/gen_0770.png,gen_0770.png,131.8956,118.0,1.0,0.40261077880859375,0.9912830910916981,0.4037933349609375,157.2207894040736,25.45463516036397,5.088053760693754,26.319610595703125,0.0,0.0,False,,-9.576198955256967,False,
positive,/mnt/MammoDiffusion/MammoDiffusion/experiments/diffusers/03_sd21_vae_finetuned/generated_images/final/positive/gen_0771.png,gen_0771.png,88.0,83.0,0.0,0.651641845703125,0.9997014471034515,0.6457710266113281,149.4403343474023,22.13257273552205,5.544255768451514,32.28455352783203,0.0,0.0,False,,-8.279006028320284,True,1142.0
positive,/mnt/MammoDiffusion/MammoDiffusion/experiments/diffusers/03_sd21_vae_finetuned/generated_images/final/positive/gen_0772.png,gen_0772.png,50.8956,37.0,1.0,0.3873100280761719,0.9875210526834168,0.3900108337402344,118.76001330216454,53.494617429245785,5.787011800835982,391.287353515625,0.0,0.0,False,,-10.684403412276463,False,
positive,/mnt/MammoDiffusion/MammoDiffusion/experiments/diffusers/03_sd21_vae_finetuned/generated_images/final/positive/gen_0773.png,gen_0773.png,105.8956,92.0,1.0,0.3625030517578125,0.9963168750263081,0.3556480407714844,168.77961193165365,25.71549415217845,4.8491881110829125,110.82159423828125,0.0,0.0,False,,-7.08472632329185,True,503.0
positive,/mnt/MammoDiffusion/MammoDiffusion/experiments/diffusers/03_sd21_vae_finetuned/generated_images/final/positive/gen_0774.png,gen_0774.png,213.0,111.0,35.0,0.04946136474609375,0.4665278420484344,0.021297454833984375,226.40999462654486,2.290106058748159,6.635810172559471,104.66144561767578,0.0,0.0,True,too_empty,,False,
positive,/mnt/MammoDiffusion/MammoDiffusion/experiments/diffusers/03_sd21_vae_finetuned/generated_images/final/positive/gen_0775.png,gen_0775.png,53.8956,40.0,1.0,0.6813583374023438,0.9966352021678032,0.6730422973632812,174.64696713785324,23.02114459349031,6.233273938738577,292.5487976074219,0.0,0.0,False,,-9.924808291984645,False,
positive,/mnt/MammoDiffusion/MammoDiffusion/experiments/diffusers/03_sd21_vae_finetuned/generated_images/final/positive/gen_0776.png,gen_0776.png,125.0,120.0,0.0,0.663177490234375,0.9855851088307027,0.6501502990722656,148.68879853080097,17.907082372603504,5.634786980328979,30.025360107421875,0.0,0.0,False,,-15.207503859078589,False,
positive,/mnt/MammoDiffusion/MammoDiffusion/experiments/diffusers/03_sd21_vae_finetuned/generated_images/final/positive/gen_0777.png,gen_0777.png,63.8956,50.0,1.0,0.6113243103027344,0.9971420548500827,0.6042823791503906,144.55453288638904,30.69476702196262,6.213869227835481,198.6927490234375,0.0,0.0,False,,-7.814954411478377,True,875.0
positive,/mnt/MammoDiffusion/MammoDiffusion/experiments/diffusers/03_sd21_vae_finetuned/generated_images/final/positive/gen_0778.png,gen_0778.png,101.8956,88.0,1.0,0.5918350219726562,0.9945921905817746,0.5835609436035156,154.873497323127,20.80985093334375,5.731402622264733,178.30978393554688,0.0,0.0,False,,-9.653990038373575,False,
positive,/mnt/MammoDiffusion/MammoDiffusion/experiments/diffusers/03_sd21_vae_finetuned/generated_images/final/positive/gen_0779.png,gen_0779.png,31.8956,18.0,1.0,0.8557815551757812,0.9988766949870285,0.8568344116210938,91.11356371374892,47.138637086971286,7.172220892585963,549.9775390625,0.0,0.0,False,,-7.6241227151555195,True,768.0
positive,/mnt/MammoDiffusion/MammoDiffusion/experiments/diffusers/03_sd21_vae_finetuned/generated_images/final/positive/gen_0780.png,gen_0780.png,132.8956,119.0,1.0,0.7174224853515625,0.9920401131505625,0.72332763671875,155.61752700194077,19.383415069561156,5.894327963448591,62.75691223144531,0.0,0.0,False,,-12.439756400747584,False,
positive,/mnt/MammoDiffusion/MammoDiffusion/experiments/diffusers/03_sd21_vae_finetuned/generated_images/final/positive/gen_0781.png,gen_0781.png,110.8956,97.0,1.0,0.6943550109863281,0.9999945061284138,0.6888084411621094,153.74668128727842,17.760526076777737,5.5263234477453835,30.22234344482422,0.0,0.0,False,,-9.157082004722291,False,
positive,/mnt/MammoDiffusion/MammoDiffusion/experiments/diffusers/03_sd21_vae_finetuned/generated_images/final/positive/gen_0782.png,gen_0782.png,97.8956,84.0,1.0,0.78961181640625,0.9979950915977429,0.7812080383300781,144.76202823393834,22.833197544309897,5.986290972779711,225.5360870361328,0.0,0.0,False,,-8.838485469042,False,
positive,/mnt/MammoDiffusion/MammoDiffusion/experiments/diffusers/03_sd21_vae_finetuned/generated_images/final/positive/gen_0783.png,gen_0783.png,141.8956,128.0,1.0,0.18516921997070312,0.9908942955439731,0.18671035766601562,171.32415977117174,26.46140980037467,4.176470248369157,23.01885986328125,0.0,0.0,False,,-10.705078120363002,False,
positive,/mnt/MammoDiffusion/MammoDiffusion/experiments/diffusers/03_sd21_vae_finetuned/generated_images/final/positive/gen_0784.png,gen_0784.png,112.8956,99.0,1.0,0.7604293823242188,0.9955202616608643,0.752716064453125,149.18278937766064,21.014411708547723,5.903635462645367,48.38903045654297,0.0,0.0,False,,-10.420720526610486,False,
positive,/mnt/MammoDiffusion/MammoDiffusion/experiments/diffusers/03_sd21_vae_finetuned/generated_images/final/positive/gen_0785.png,gen_0785.png,90.8956,77.0,1.0,0.4343414306640625,1.0,0.4288978576660156,157.12401163359513,25.783626017838845,5.107255923074125,33.73474884033203,0.0,0.0,False,,-6.526985823875067,True,296.0
positive,/mnt/MammoDiffusion/MammoDiffusion/experiments/diffusers/03_sd21_vae_finetuned/generated_images/final/positive/gen_0786.png,gen_0786.png,113.8956,100.0,1.0,0.3475456237792969,0.9955876057822122,0.3406639099121094,165.16633259800903,22.45165992074911,4.630720112735082,174.50469970703125,0.0,0.0,False,,-7.417048354304606,True,655.0
positive,/mnt/MammoDiffusion/MammoDiffusion/experiments/diffusers/03_sd21_vae_finetuned/generated_images/final/positive/gen_0787.png,gen_0787.png,220.0,247.0,8.0,0.20052337646484375,0.6550812312140928,0.12931060791015625,252.8468051212461,20.511063901563542,6.733580893877296,517.31591796875,0.0,0.0,True,too_empty,,False,
positive,/mnt/MammoDiffusion/MammoDiffusion/experiments/diffusers/03_sd21_vae_finetuned/generated_images/final/positive/gen_0788.png,gen_0788.png,93.8956,80.0,1.0,0.45311737060546875,0.9741374955801384,0.4675750732421875,132.51230297294651,34.9837637278044,6.08403279272898,218.50201416015625,0.0,0.0,False,,-18.842977356542825,False,
positive,/mnt/MammoDiffusion/MammoDiffusion/experiments/diffusers/03_sd21_vae_finetuned/generated_images/final/positive/gen_0789.png,gen_0789.png,91.8956,78.0,1.0,0.4783592224121094,0.9999601272737422,0.47267913818359375,144.6861189573077,30.735550747830573,5.2319536761392005,37.05469512939453,0.0,0.0,False,,-6.189165250469904,True,191.0
positive,/mnt/MammoDiffusion/MammoDiffusion/experiments/diffusers/03_sd21_vae_finetuned/generated_images/final/positive/gen_0790.png,gen_0790.png,49.8956,36.0,1.0,0.8472175598144531,0.9993516229687563,0.8451271057128906,114.2073664492541,42.866034532645955,7.113681203031852,322.9772644042969,0.0,0.0,False,,-8.434695466163374,True,1226.0
positive,/mnt/MammoDiffusion/MammoDiffusion/experiments/diffusers/03_sd21_vae_finetuned/generated_images/final/positive/gen_0791.png,gen_0791.png,137.8956,124.0,1.0,0.31691741943359375,0.9829678133801969,0.30792236328125,165.76469276511398,23.627639934196072,4.623356390562383,21.740402221679688,0.0,0.0,False,,-14.760932567742264,False,
positive,/mnt/MammoDiffusion/MammoDiffusion/experiments/diffusers/03_sd21_vae_finetuned/generated_images/final/positive/gen_0792.png,gen_0792.png,90.8956,77.0,1.0,0.8203353881835938,0.9989723129004957,0.8134536743164062,141.79869819266372,21.595681899415347,6.010792456140096,34.987876892089844,0.0,0.0,False,,-9.26563806235906,False,
positive,/mnt/MammoDiffusion/MammoDiffusion/experiments/diffusers/03_sd21_vae_finetuned/generated_images/final/positive/gen_0793.png,gen_0793.png,220.0,226.0,15.0,0.2661094665527344,0.9470462592640376,0.24666595458984375,241.23406328291733,8.105190227853415,6.772267030622405,642.0880737304688,0.0,0.0,False,,-39.874057112755814,False,
positive,/mnt/MammoDiffusion/MammoDiffusion/experiments/diffusers/03_sd21_vae_finetuned/generated_images/final/positive/gen_0794.png,gen_0794.png,138.8956,125.0,1.0,0.639404296875,0.9861588392516227,0.6324920654296875,159.7635581771248,16.76204784406055,5.7252224226304635,47.364662170410156,0.0,0.0,False,,-15.256850535164496,False,
positive,/mnt/MammoDiffusion/MammoDiffusion/experiments/diffusers/03_sd21_vae_finetuned/generated_images/final/positive/gen_0795.png,gen_0795.png,125.8956,112.0,1.0,0.2678985595703125,0.9421171042888876,0.2569770812988281,160.88108067987827,30.11878074509722,4.986441651987056,80.42803955078125,0.0,0.0,False,,-37.46413958171597,False,
positive,/mnt/MammoDiffusion/MammoDiffusion/experiments/diffusers/03_sd21_vae_finetuned/generated_images/final/positive/gen_0796.png,gen_0796.png,113.8956,100.0,1.0,0.3543243408203125,0.9941647646526851,0.3470573425292969,154.08968003605227,29.82061901102571,5.047299818108146,30.915245056152344,0.0,0.0,False,,-7.892510920163984,True,917.0
positive,/mnt/MammoDiffusion/MammoDiffusion/experiments/diffusers/03_sd21_vae_finetuned/generated_images/final/positive/gen_0797.png,gen_0797.png,103.8956,90.0,1.0,0.3009757995605469,0.9880226618841811,0.3132896423339844,144.45662206095437,36.59662627030173,5.442617145723768,153.09317016601562,0.0,0.0,False,,-10.99676592112953,False,
positive,/mnt/MammoDiffusion/MammoDiffusion/experiments/diffusers/03_sd21_vae_finetuned/generated_images/final/positive/gen_0798.png,gen_0798.png,88.8956,75.0,1.0,0.5862579345703125,0.9992517113037142,0.5802268981933594,147.13582243611236,25.070498292732044,5.842566798822377,52.49016571044922,0.0,0.0,False,,-7.578511695695089,True,745.0
positive,/mnt/MammoDiffusion/MammoDiffusion/experiments/diffusers/03_sd21_vae_finetuned/generated_images/final/positive/gen_0799.png,gen_0799.png,52.8956,39.0,1.0,0.6435661315917969,0.9976586626518165,0.6360511779785156,164.52710556145306,18.73699668595745,5.772889814924303,188.1601104736328,0.0,0.0,False,,-8.77537932349858,False,
positive,/mnt/MammoDiffusion/MammoDiffusion/experiments/diffusers/03_sd21_vae_finetuned/generated_images/final/positive/gen_0800.png,gen_0800.png,117.8956,104.0,1.0,0.4217681884765625,0.9998100647588727,0.4159507751464844,161.6129549977531,21.82084743303582,4.739118188302124,19.806800842285156,0.0,0.0,False,,-6.405617148906754,True,245.0
positive,/mnt/MammoDiffusion/MammoDiffusion/experiments/diffusers/03_sd21_vae_finetuned/generated_images/final/positive/gen_0801.png,gen_0801.png,56.7912,34.0,2.0,0.7298316955566406,0.9945066145378709,0.7503242492675781,111.95228096576899,45.28990042494929,7.155834397152881,482.96942138671875,0.0,0.0,False,,-9.51443926079394,False,
positive,/mnt/MammoDiffusion/MammoDiffusion/experiments/diffusers/03_sd21_vae_finetuned/generated_images/final/positive/gen_0802.png,gen_0802.png,93.0,88.0,0.0,0.5369987487792969,1.0,0.5311164855957031,149.79715432848042,24.086808131939193,5.205494880989107,26.375526428222656,0.0,0.0,False,,-7.218061921436551,True,568.0
positive,/mnt/MammoDiffusion/MammoDiffusion/experiments/diffusers/03_sd21_vae_finetuned/generated_images/final/positive/gen_0803.png,gen_0803.png,10.0,0.0,0.0,0.8894233703613281,0.9999914220889786,0.8810653686523438,154.5339963457825,22.99223004560142,6.0272377493752485,127.94975280761719,0.0,0.0,False,,-10.479591077108292,False,
positive,/mnt/MammoDiffusion/MammoDiffusion/experiments/diffusers/03_sd21_vae_finetuned/generated_images/final/positive/gen_0804.png,gen_0804.png,220.0,237.0,5.0,0.2108917236328125,0.9033716807756312,0.12421798706054688,242.02926634523845,2.622669048114761,6.935369777400181,517.373779296875,0.0,0.0,True,too_empty,,False,
positive,/mnt/MammoDiffusion/MammoDiffusion/experiments/diffusers/03_sd21_vae_finetuned/generated_images/final/positive/gen_0805.png,gen_0805.png,77.8956,64.0,1.0,0.6722869873046875,0.999784380035861,0.66607666015625,153.17461971960049,18.53616865138026,5.803265000316232,51.837806701660156,0.0,0.0,False,,-9.061132540351215,False,
positive,/mnt/MammoDiffusion/MammoDiffusion/experiments/diffusers/03_sd21_vae_finetuned/generated_images/final/positive/gen_0806.png,gen_0806.png,32.8956,19.0,1.0,0.45355987548828125,0.9973590808928662,0.446685791015625,155.40448862471817,25.849296958494552,5.367476218539362,233.70883178710938,0.0,0.0,False,,-6.428333826503961,True,254.0
positive,/mnt/MammoDiffusion/MammoDiffusion/experiments/diffusers/03_sd21_vae_finetuned/generated_images/final/positive/gen_0807.png,gen_0807.png,23.8956,10.0,1.0,0.7963447570800781,0.9983090387388207,0.7882728576660156,140.41274964794016,21.989589628090716,5.912656484137564,215.39306640625,0.0,0.0,False,,-8.578432123171456,True,1301.0
positive,/mnt/MammoDiffusion/MammoDiffusion/experiments/diffusers/03_sd21_vae_finetuned/generated_images/final/positive/gen_0808.png,gen_0808.png,10.0,0.0,0.0,0.738983154296875,0.9995457361139789,0.7354049682617188,84.00875600419127,54.88204656231125,6.360470055679764,641.989501953125,0.0,0.0,False,,-6.593332048567373,True,323.0
positive,/mnt/MammoDiffusion/MammoDiffusion/experiments/diffusers/03_sd21_vae_finetuned/generated_images/final/positive/gen_0809.png,gen_0809.png,10.0,0.0,0.0,0.8699455261230469,0.9823548241402142,0.8457489013671875,85.39953903332311,50.28978949112057,7.034879431334559,815.709716796875,0.0,0.0,False,,-15.917755480849214,False,
positive,/mnt/MammoDiffusion/MammoDiffusion/experiments/diffusers/03_sd21_vae_finetuned/generated_images/final/positive/gen_0810.png,gen_0810.png,118.8956,105.0,1.0,0.4299163818359375,0.9997249334516415,0.42469024658203125,164.8704931285368,26.29225171801666,4.78410089271355,23.066078186035156,0.0,0.0,False,,-6.241388555583074,True,204.0
positive,/mnt/MammoDiffusion/MammoDiffusion/experiments/diffusers/03_sd21_vae_finetuned/generated_images/final/positive/gen_0811.png,gen_0811.png,113.7912,91.0,2.0,0.2827491760253906,0.8852012250239474,0.2661590576171875,157.05985208966348,36.87031244859796,5.760167297418455,279.7379455566406,0.0,0.0,False,,-68.92733675031339,False,
positive,/mnt/MammoDiffusion/MammoDiffusion/experiments/diffusers/03_sd21_vae_finetuned/generated_images/final/positive/gen_0812.png,gen_0812.png,125.8956,112.0,1.0,0.37261199951171875,0.9958127725792911,0.367950439453125,162.49231774073152,30.018543021630357,5.111491753078852,44.738189697265625,0.0,0.0,False,,-7.125571788261934,True,524.0
positive,/mnt/MammoDiffusion/MammoDiffusion/experiments/diffusers/03_sd21_vae_finetuned/generated_images/final/positive/gen_0813.png,gen_0813.png,62.8956,49.0,1.0,0.57635498046875,1.0,0.5706138610839844,155.1353496052359,22.241290307987327,5.801571924877809,51.872283935546875,0.0,0.0,False,,-8.333719684128859,True,1165.0
positive,/mnt/MammoDiffusion/MammoDiffusion/experiments/diffusers/03_sd21_vae_finetuned/generated_images/final/positive/gen_0814.png,gen_0814.png,109.8956,96.0,1.0,0.2462615966796875,0.9004894974905508,0.23793792724609375,155.0296116971815,40.6004497055386,5.328551251801269,270.5767822265625,0.0,0.0,False,,-59.92750953839095,False,
positive,/mnt/MammoDiffusion/MammoDiffusion/experiments/diffusers/03_sd21_vae_finetuned/generated_images/final/positive/gen_0815.png,gen_0815.png,111.8956,98.0,1.0,0.4611015319824219,0.9989658738366081,0.4554901123046875,170.39898998358515,24.563281229289945,5.3345206773222715,36.09540557861328,0.0,0.0,False,,-6.8448963906495335,True,406.0
positive,/mnt/MammoDiffusion/MammoDiffusion/experiments/diffusers/03_sd21_vae_finetuned/generated_images/final/positive/gen_0816.png,gen_0816.png,119.8956,106.0,1.0,0.4231224060058594,0.9956184242555378,0.4204673767089844,154.3555519265489,25.969676258885528,5.449045702049353,42.789878845214844,0.0,0.0,False,,-7.492991822191401,True,703.0
positive,/mnt/MammoDiffusion/MammoDiffusion/experiments/diffusers/03_sd21_vae_finetuned/generated_images/final/positive/gen_0817.png,gen_0817.png,120.8956,107.0,1.0,0.328643798828125,0.9481381743894512,0.4024200439453125,147.61111743070563,35.07449894522583,5.574806986294045,165.13836669921875,0.0,0.0,False,,-32.86031436369384,False,
positive,/mnt/MammoDiffusion/MammoDiffusion/experiments/diffusers/03_sd21_vae_finetuned/generated_images/final/positive/gen_0818.png,gen_0818.png,220.0,228.0,21.0,0.19342803955078125,0.8254052774819548,0.15338516235351562,248.22273620333755,13.869100204234245,7.064528061406019,551.7659301757812,0.0,0.0,False,,-108.24821075461323,False,
positive,/mnt/MammoDiffusion/MammoDiffusion/experiments/diffusers/03_sd21_vae_finetuned/generated_images/final/positive/gen_0819.png,gen_0819.png,62.8956,49.0,1.0,0.3886985778808594,0.9940134452132097,0.4436302185058594,109.63654499333592,49.739785283268056,5.889834693184023,353.17431640625,0.0,0.0,False,,-6.876142214449802,True,419.0
positive,/mnt/MammoDiffusion/MammoDiffusion/experiments/diffusers/03_sd21_vae_finetuned/generated_images/final/positive/gen_0820.png,gen_0820.png,114.8956,101.0,1.0,0.4410247802734375,0.9992042348545134,0.4352149963378906,165.38301676761125,26.067044504923278,4.992966717153038,28.169601440429688,0.0,0.0,False,,-6.254318572028712,True,207.0
positive,/mnt/MammoDiffusion/MammoDiffusion/experiments/diffusers/03_sd21_vae_finetuned/generated_images/final/positive/gen_0821.png,gen_0821.png,64.8956,51.0,1.0,0.6378021240234375,0.9979844015407067,0.6302261352539062,155.66012347920827,22.78212315046403,5.9415012279536334,173.494384765625,0.0,0.0,False,,-8.182892178892507,True,1080.0
positive,/mnt/MammoDiffusion/MammoDiffusion/experiments/diffusers/03_sd21_vae_finetuned/generated_images/final/positive/gen_0822.png,gen_0822.png,55.0,50.0,0.0,0.6439247131347656,0.9975888768431467,0.6365852355957031,161.0901861850345,22.158808858357993,5.503511929425301,197.55535888671875,0.0,0.0,False,,-8.194112175380512,True,1086.0
positive,/mnt/MammoDiffusion/MammoDiffusion/experiments/diffusers/03_sd21_vae_finetuned/generated_images/final/positive/gen_0823.png,gen_0823.png,101.8956,88.0,1.0,0.7426834106445312,0.9982998613179928,0.7396583557128906,142.59237636477098,22.821968119941076,6.1910156874892355,209.33621215820312,0.0,0.0,False,,-8.545267417056062,True,1285.0
positive,/mnt/MammoDiffusion/MammoDiffusion/experiments/diffusers/03_sd21_vae_finetuned/generated_images/final/positive/gen_0824.png,gen_0824.png,74.8956,61.0,1.0,0.4951133728027344,1.0,0.48931884765625,155.83674535362354,25.789253303984317,5.5968847415304825,47.943702697753906,0.0,0.0,False,,-7.359611312031322,True,633.0
positive,/mnt/MammoDiffusion/MammoDiffusion/experiments/diffusers/03_sd21_vae_finetuned/generated_images/final/positive/gen_0825.png,gen_0825.png,53.0,48.0,0.0,0.6792182922363281,0.996922264718932,0.6714248657226562,151.22815749105163,20.1744256954635,5.448876669376554,235.1116180419922,0.0,0.0,False,,-8.5378734645944,True,1282.0
positive,/mnt/MammoDiffusion/MammoDiffusion/experiments/diffusers/03_sd21_vae_finetuned/generated_images/final/positive/gen_0826.png,gen_0826.png,78.8956,65.0,1.0,0.6232452392578125,0.9972150814053128,0.6274871826171875,128.41970430172896,37.10396337043425,6.439687225488792,268.27496337890625,0.0,0.0,False,,-7.122144984605511,True,519.0
positive,/mnt/MammoDiffusion/MammoDiffusion/experiments/diffusers/03_sd21_vae_finetuned/generated_images/final/positive/gen_0827.png,gen_0827.png,127.8956,114.0,1.0,0.42633056640625,0.9914191123836793,0.4181404113769531,164.7056827201153,23.25123298912001,5.422106549769936,140.76455688476562,0.0,0.0,False,,-10.169872509236217,False,
positive,/mnt/MammoDiffusion/MammoDiffusion/experiments/diffusers/03_sd21_vae_finetuned/generated_images/final/positive/gen_0828.png,gen_0828.png,25.8956,12.0,1.0,0.7967605590820312,0.999449407754254,0.7930870056152344,103.57853422028542,45.76481759201129,7.171956916299942,377.99688720703125,0.0,0.0,False,,-8.007670097116717,True,985.0
positive,/mnt/MammoDiffusion/MammoDiffusion/experiments/diffusers/03_sd21_vae_finetuned/generated_images/final/positive/gen_0829.png,gen_0829.png,19.8956,6.0,1.0,0.51922607421875,0.9993975549547431,0.5157546997070312,100.0228916732001,58.22095822175856,6.253050196906992,553.9617309570312,0.0,0.0,False,,-5.757576013244276,True,96.0
positive,/mnt/MammoDiffusion/MammoDiffusion/experiments/diffusers/03_sd21_vae_finetuned/generated_images/final/positive/gen_0830.png,gen_0830.png,122.8956,109.0,1.0,0.27906036376953125,0.8993903272548323,0.2684669494628906,169.04134873609277,35.77984136911485,5.719104776440622,226.03268432617188,0.0,0.0,False,,-61.502242412331256,False,
positive,/mnt/MammoDiffusion/MammoDiffusion/experiments/diffusers/03_sd21_vae_finetuned/generated_images/final/positive/gen_0831.png,gen_0831.png,56.8956,43.0,1.0,0.6312026977539062,1.0,0.6249847412109375,158.99620352059375,20.887284224911337,5.911440773626488,50.113868713378906,0.0,0.0,False,,-9.024333531652415,False,
positive,/mnt/MammoDiffusion/MammoDiffusion/experiments/diffusers/03_sd21_vae_finetuned/generated_images/final/positive/gen_0832.png,gen_0832.png,88.8956,75.0,1.0,0.5042648315429688,0.9971858688251759,0.49700927734375,160.67507368291785,18.844702010962095,5.046234039417208,198.01422119140625,0.0,0.0,False,,-7.246914848062885,True,584.0
positive,/mnt/MammoDiffusion/MammoDiffusion/experiments/diffusers/03_sd21_vae_finetuned/generated_images/final/positive/gen_0833.png,gen_0833.png,77.8956,64.0,1.0,0.78936767578125,0.99772867857419,0.7917823791503906,118.88646711087343,31.52043817948618,6.570798046811939,203.39395141601562,0.0,0.0,False,,-8.256905309551213,True,1127.0
positive,/mnt/MammoDiffusion/MammoDiffusion/experiments/diffusers/03_sd21_vae_finetuned/generated_images/final/positive/gen_0834.png,gen_0834.png,26.8956,13.0,1.0,0.6998977661132812,0.9981577771237341,0.6927261352539062,157.01293544940913,21.924737449302093,5.914307517998992,266.00323486328125,0.0,0.0,False,,-8.469204643668634,True,1247.0
positive,/mnt/MammoDiffusion/MammoDiffusion/experiments/diffusers/03_sd21_vae_finetuned/generated_images/final/positive/gen_0835.png,gen_0835.png,105.8956,92.0,1.0,0.3804664611816406,0.9941245475600831,0.3765411376953125,149.95000405235643,34.07472383175514,5.501142937372653,94.32417297363281,0.0,0.0,False,,-7.658239037289394,True,784.0
positive,/mnt/MammoDiffusion/MammoDiffusion/experiments/diffusers/03_sd21_vae_finetuned/generated_images/final/positive/gen_0836.png,gen_0836.png,75.8956,62.0,1.0,0.2894248962402344,0.9658894702850892,0.3306884765625,127.04339700996678,51.47248419365159,5.563264633054102,281.45660400390625,0.0,0.0,False,,-23.120161914431055,False,
positive,/mnt/MammoDiffusion/MammoDiffusion/experiments/diffusers/03_sd21_vae_finetuned/generated_images/final/positive/gen_0837.png,gen_0837.png,89.8956,76.0,1.0,0.3022270202636719,0.9664634531157308,0.2823677062988281,142.76695802542523,42.79233847141674,5.236994323782012,311.1219787597656,0.0,0.0,False,,-22.636781119606688,False,
positive,/mnt/MammoDiffusion/MammoDiffusion/experiments/diffusers/03_sd21_vae_finetuned/generated_images/final/positive/gen_0838.png,gen_0838.png,102.8956,89.0,1.0,0.660186767578125,0.9980411870753017,0.65374755859375,152.9628185977033,24.201539801345184,5.816132478755223,174.23204040527344,0.0,0.0,False,,-8.002896523915739,True,979.0
positive,/mnt/MammoDiffusion/MammoDiffusion/experiments/diffusers/03_sd21_vae_finetuned/generated_images/final/positive/gen_0839.png,gen_0839.png,67.8956,54.0,1.0,0.42549896240234375,0.9970056122357498,0.4186248779296875,159.01158192090395,29.582327024169718,5.6422225132072175,175.56146240234375,0.0,0.0,False,,-6.624323070913648,True,334.0
positive,/mnt/MammoDiffusion/MammoDiffusion/experiments/diffusers/03_sd21_vae_finetuned/generated_images/final/positive/gen_0840.png,gen_0840.png,125.8956,112.0,1.0,0.29016876220703125,0.982028764493992,0.2829246520996094,157.46741812396348,24.46379490166419,4.541923465692491,26.494781494140625,0.0,0.0,False,,-15.052243379972694,False,
positive,/mnt/MammoDiffusion/MammoDiffusion/experiments/diffusers/03_sd21_vae_finetuned/generated_images/final/positive/gen_0841.png,gen_0841.png,121.8956,108.0,1.0,0.45796966552734375,0.9951605111033368,0.4568595886230469,159.76709835257967,28.597011890588938,5.528050233609978,38.710968017578125,0.0,0.0,False,,-8.055327043073456,True,1017.0
positive,/mnt/MammoDiffusion/MammoDiffusion/experiments/diffusers/03_sd21_vae_finetuned/generated_images/final/positive/gen_0842.png,gen_0842.png,113.8956,100.0,1.0,0.354217529296875,0.9988261393986387,0.3491249084472656,164.82594158717671,27.22971188368935,4.844581859935737,30.615280151367188,0.0,0.0,False,,-5.936318741745282,True,130.0
positive,/mnt/MammoDiffusion/MammoDiffusion/experiments/diffusers/03_sd21_vae_finetuned/generated_images/final/positive/gen_0843.png,gen_0843.png,84.8956,71.0,1.0,0.7171821594238281,0.9999787239701072,0.7115058898925781,137.19631990649646,26.212784826834334,5.961081447484483,45.94462585449219,0.0,0.0,False,,-8.607886546598952,True,1312.0
positive,/mnt/MammoDiffusion/MammoDiffusion/experiments/diffusers/03_sd21_vae_finetuned/generated_images/final/positive/gen_0844.png,gen_0844.png,100.8956,87.0,1.0,0.4523468017578125,0.9969472086355203,0.4462394714355469,157.31755272313833,29.562396348431964,5.388064682038576,188.07595825195312,0.0,0.0,False,,-6.526769348274423,True,294.0
positive,/mnt/MammoDiffusion/MammoDiffusion/experiments/diffusers/03_sd21_vae_finetuned/generated_images/final/positive/gen_0845.png,gen_0845.png,35.8956,22.0,1.0,0.5667495727539062,0.9979201723093492,0.5593376159667969,162.71733718892156,20.660291026882323,5.752199760769214,267.6528625488281,0.0,0.0,False,,-7.803502038280921,True,868.0
positive,/mnt/MammoDiffusion/MammoDiffusion/experiments/diffusers/03_sd21_vae_finetuned/generated_images/final/positive/gen_0846.png,gen_0846.png,70.8956,57.0,1.0,0.6075592041015625,0.9940163749152372,0.5975151062011719,154.44664985475788,20.008493572595672,5.226946901647832,204.82293701171875,0.0,0.0,False,,-9.581641095130074,False,
positive,/mnt/MammoDiffusion/MammoDiffusion/experiments/diffusers/03_sd21_vae_finetuned/generated_images/final/positive/gen_0847.png,gen_0847.png,220.0,85.0,43.0,0.10103607177734375,0.793777844899192,0.0790863037109375,249.2352884429867,35.32416805098005,6.711081158785301,528.9476928710938,0.0,0.0,True,too_empty,,False,
positive,/mnt/MammoDiffusion/MammoDiffusion/experiments/diffusers/03_sd21_vae_finetuned/generated_images/final/positive/gen_0848.png,gen_0848.png,122.8956,109.0,1.0,0.3808746337890625,0.98892271944233,0.3738899230957031,161.27503494434413,31.163086170848484,5.03871598747786,159.07754516601562,0.0,0.0,False,,-10.580579028345495,False,
positive,/mnt/MammoDiffusion/MammoDiffusion/experiments/diffusers/03_sd21_vae_finetuned/generated_images/final/positive/gen_0849.png,gen_0849.png,109.8956,96.0,1.0,0.2832489013671875,0.9139147767063514,0.28018951416015625,146.679659632403,31.909235580578216,5.482384473497731,127.21039581298828,0.0,0.0,False,,-52.83726135685585,False,
positive,/mnt/MammoDiffusion/MammoDiffusion/experiments/diffusers/03_sd21_vae_finetuned/generated_images/final/positive/gen_0850.png,gen_0850.png,94.8956,81.0,1.0,0.4696311950683594,1.0,0.4641685485839844,160.66388612661183,24.63637802796285,5.2631500875181665,31.51964569091797,0.0,0.0,False,,-7.110311547965024,True,514.0
positive,/mnt/MammoDiffusion/MammoDiffusion/experiments/diffusers/03_sd21_vae_finetuned/generated_images/final/positive/gen_0851.png,gen_0851.png,35.8956,22.0,1.0,0.8927268981933594,0.9997051571854049,0.88751220703125,104.41232549343236,41.39399942789421,7.0910846556908105,271.0521240234375,0.0,0.0,False,,-8.555273293817374,True,1289.0
positive,/mnt/MammoDiffusion/MammoDiffusion/experiments/diffusers/03_sd21_vae_finetuned/generated_images/final/positive/gen_0852.png,gen_0852.png,127.8956,114.0,1.0,0.4195709228515625,0.9949812706840746,0.4146537780761719,159.50616841001298,22.454288188267252,5.100280752700562,33.36946105957031,0.0,0.0,False,,-7.8811158385860125,True,909.0
positive,/mnt/MammoDiffusion/MammoDiffusion/experiments/diffusers/03_sd21_vae_finetuned/generated_images/final/positive/gen_0853.png,gen_0853.png,100.8956,87.0,1.0,0.5583839416503906,0.9998633665124985,0.5527572631835938,148.36762777601413,25.822802613405827,5.529530474109256,35.1575927734375,0.0,0.0,False,,-7.430323490666589,True,665.0
positive,/mnt/MammoDiffusion/MammoDiffusion/experiments/diffusers/03_sd21_vae_finetuned/generated_images/final/positive/gen_0854.png,gen_0854.png,10.0,0.0,0.0,0.8198776245117188,0.9992695160194671,0.8147964477539062,86.66775283949924,49.64848146226416,6.910200621936058,436.79296875,0.0,0.0,False,,-7.481392449984371,True,695.0
positive,/mnt/MammoDiffusion/MammoDiffusion/experiments/diffusers/03_sd21_vae_finetuned/generated_images/final/positive/gen_0855.png,gen_0855.png,10.0,0.0,0.0,0.7470588684082031,0.9992544820437405,0.7437286376953125,85.29603413963603,52.82233071120586,6.36606355003544,614.6836547851562,0.0,0.0,False,,-6.420781377984509,True,251.0
positive,/mnt/MammoDiffusion/MammoDiffusion/experiments/diffusers/03_sd21_vae_finetuned/generated_images/final/positive/gen_0856.png,gen_0856.png,100.8956,87.0,1.0,0.4524688720703125,0.9969817556402387,0.44522857666015625,176.0407063419984,17.525383636668153,5.2419127580164275,165.1918487548828,0.0,0.0,False,,-7.806946127402989,True,872.0
positive,/mnt/MammoDiffusion/MammoDiffusion/experiments/diffusers/03_sd21_vae_finetuned/generated_images/final/positive/gen_0857.png,gen_0857.png,25.8956,12.0,1.0,0.4500617980957031,0.9988557479594172,0.44512939453125,101.64801007815714,54.56259556657009,5.929968282897274,401.5294189453125,0.0,0.0,False,,-4.641266626246344,True,4.0
positive,/mnt/MammoDiffusion/MammoDiffusion/experiments/diffusers/03_sd21_vae_finetuned/generated_images/final/positive/gen_0858.png,gen_0858.png,76.8956,63.0,1.0,0.4008026123046875,0.9893973426733164,0.4585418701171875,125.7444427806063,48.8106807042451,5.94598551266411,276.5268249511719,0.0,0.0,False,,-10.115994618557204,False,
positive,/mnt/MammoDiffusion/MammoDiffusion/experiments/diffusers/03_sd21_vae_finetuned/generated_images/final/positive/gen_0859.png,gen_0859.png,107.8956,94.0,1.0,0.4145851135253906,0.9952521599911668,0.4258918762207031,141.34085718124413,28.175866841244158,5.456213541013684,89.82672119140625,0.0,0.0,False,,-7.128637309514769,True,530.0
positive,/mnt/MammoDiffusion/MammoDiffusion/experiments/diffusers/03_sd21_vae_finetuned/generated_images/final/positive/gen_0860.png,gen_0860.png,124.8956,111.0,1.0,0.3927459716796875,0.9952115466801352,0.3859901428222656,164.62327420072145,21.936544033137427,4.616168455641834,143.43258666992188,0.0,0.0,False,,-7.363926927506954,True,635.0
positive,/mnt/MammoDiffusion/MammoDiffusion/experiments/diffusers/03_sd21_vae_finetuned/generated_images/final/positive/gen_0861.png,gen_0861.png,123.8956,110.0,1.0,0.3146514892578125,0.9442073614276708,0.2859077453613281,162.06520433895048,32.679742673617135,5.739736792722168,232.0138397216797,0.0,0.0,False,,-36.51934040251207,False,
positive,/mnt/MammoDiffusion/MammoDiffusion/experiments/diffusers/03_sd21_vae_finetuned/generated_images/final/positive/gen_0862.png,gen_0862.png,109.8956,96.0,1.0,0.20859146118164062,0.9630401784897862,0.24950408935546875,149.58120050148304,47.202331727802274,5.125456497768409,156.05889892578125,0.0,0.0,False,,-25.359785936546313,False,
positive,/mnt/MammoDiffusion/MammoDiffusion/experiments/diffusers/03_sd21_vae_finetuned/generated_images/final/positive/gen_0863.png,gen_0863.png,10.0,0.0,0.0,0.830780029296875,0.998585754692723,0.8221549987792969,149.8415296743271,24.881595286053468,5.941570039838261,207.0060577392578,0.0,0.0,False,,-8.843318624347196,False,
positive,/mnt/MammoDiffusion/MammoDiffusion/experiments/diffusers/03_sd21_vae_finetuned/generated_images/final/positive/gen_0864.png,gen_0864.png,92.8956,79.0,1.0,0.4032936096191406,0.9952327352181686,0.4568367004394531,137.3183863991249,43.36539988058268,5.90819665344614,237.0314178466797,0.0,0.0,False,,-6.845021484085811,True,407.0
positive,/mnt/MammoDiffusion/MammoDiffusion/experiments/diffusers/03_sd21_vae_finetuned/generated_images/final/positive/gen_0865.png,gen_0865.png,65.8956,52.0,1.0,0.785369873046875,0.999995142801632,0.7787246704101562,140.56805690268348,18.128779649119995,5.858622729527127,40.04621887207031,0.0,0.0,False,,-9.650405759472136,False,
positive,/mnt/MammoDiffusion/MammoDiffusion/experiments/diffusers/03_sd21_vae_finetuned/generated_images/final/positive/gen_0866.png,gen_0866.png,83.8956,70.0,1.0,0.5589179992675781,0.997583898114212,0.5516891479492188,168.19676812656442,17.289750037467527,5.44834312442605,179.32554626464844,0.0,0.0,False,,-8.15345040317055,True,1068.0
positive,/mnt/MammoDiffusion/MammoDiffusion/experiments/diffusers/03_sd21_vae_finetuned/generated_images/final/positive/gen_0867.png,gen_0867.png,119.8956,106.0,1.0,0.3629302978515625,0.9985074626865672,0.35788726806640625,157.79445309002537,22.8686722200513,4.838465489138523,22.515769958496094,0.0,0.0,False,,-5.8169164248340355,True,112.0
positive,/mnt/MammoDiffusion/MammoDiffusion/experiments/diffusers/03_sd21_vae_finetuned/generated_images/final/positive/gen_0868.png,gen_0868.png,99.8956,86.0,1.0,0.7015380859375,0.9972540020880459,0.6974945068359375,141.8184025726849,24.260372519347964,6.2061960565675225,42.10920715332031,0.0,0.0,False,,-8.937368760317703,False,
positive,/mnt/MammoDiffusion/MammoDiffusion/experiments/diffusers/03_sd21_vae_finetuned/generated_images/final/positive/gen_0869.png,gen_0869.png,49.8956,36.0,1.0,0.6130332946777344,0.9989608159150731,0.6221122741699219,113.40399060601044,50.496507563680126,6.543887958981314,405.57080078125,0.0,0.0,False,,-6.565003221703305,True,309.0
positive,/mnt/MammoDiffusion/MammoDiffusion/experiments/diffusers/03_sd21_vae_finetuned/generated_images/final/positive/gen_0870.png,gen_0870.png,33.8956,20.0,1.0,0.7069816589355469,0.997776950429232,0.755584716796875,84.64174643563956,52.31788088599954,6.879888599137937,559.6476440429688,0.0,0.0,False,,-7.029588179030101,True,478.0
positive,/mnt/MammoDiffusion/MammoDiffusion/experiments/diffusers/03_sd21_vae_finetuned/generated_images/final/positive/gen_0871.png,gen_0871.png,14.8956,1.0,1.0,0.8085174560546875,0.9992592522694246,0.8055953979492188,84.18097659838433,51.43014658652916,6.976330274022674,513.47607421875,0.0,0.0,False,,-7.434183116182375,True,667.0
positive,/mnt/MammoDiffusion/MammoDiffusion/experiments/diffusers/03_sd21_vae_finetuned/generated_images/final/positive/gen_0872.png,gen_0872.png,45.8956,32.0,1.0,0.6320686340332031,0.9979962943516021,0.6247596740722656,155.19703621387617,18.810996231048403,5.482128006676859,218.00482177734375,0.0,0.0,False,,-7.898236628439799,True,920.0
positive,/mnt/MammoDiffusion/MammoDiffusion/experiments/diffusers/03_sd21_vae_finetuned/generated_images/final/positive/gen_0873.png,gen_0873.png,127.8956,114.0,1.0,0.3635749816894531,0.9540022453283531,0.38387298583984375,157.05669283513862,30.575506660498927,5.745485625517791,174.21011352539062,0.0,0.0,False,,-30.492703064563642,False,
positive,/mnt/MammoDiffusion/MammoDiffusion/experiments/diffusers/03_sd21_vae_finetuned/generated_images/final/positive/gen_0874.png,gen_0874.png,41.8956,28.0,1.0,0.7408294677734375,0.9994026899548928,0.7463951110839844,110.5157694607565,50.686916013780724,7.203458261735348,570.0327758789062,0.0,0.0,False,,-8.020902129168551,True,992.0
positive,/mnt/MammoDiffusion/MammoDiffusion/experiments/diffusers/03_sd21_vae_finetuned/generated_images/final/positive/gen_0875.png,gen_0875.png,100.8956,87.0,1.0,0.42852783203125,0.9299690215069079,0.3788871765136719,141.38907403119117,35.384947734504024,6.468596144852792,210.73770141601562,0.0,0.0,False,,-43.71962275394004,False,
positive,/mnt/MammoDiffusion/MammoDiffusion/experiments/diffusers/03_sd21_vae_finetuned/generated_images/final/positive/gen_0876.png,gen_0876.png,46.8956,33.0,1.0,0.7260169982910156,0.9987284640160571,0.7606086730957031,100.60607656390272,46.02173288867772,6.865887327098788,450.2276611328125,0.0,0.0,False,,-6.925158557845365,True,441.0
positive,/mnt/MammoDiffusion/MammoDiffusion/experiments/diffusers/03_sd21_vae_finetuned/generated_images/final/positive/gen_0877.png,gen_0877.png,112.8956,99.0,1.0,0.3237953186035156,0.9868757436882223,0.3149604797363281,149.71982074729002,31.58699974383668,4.775406921596938,74.39881134033203,0.0,0.0,False,,-11.576371269962749,False,
positive,/mnt/MammoDiffusion/MammoDiffusion/experiments/diffusers/03_sd21_vae_finetuned/generated_images/final/positive/gen_0878.png,gen_0878.png,188.0,183.0,1.0,0.049678802490234375,0.6097673347155034,0.028049468994140625,201.88916088671292,7.781008047804175,6.091703331799978,298.743408203125,0.0,0.0,True,too_empty,,False,
positive,/mnt/MammoDiffusion/MammoDiffusion/experiments/diffusers/03_sd21_vae_finetuned/generated_images/final/positive/gen_0879.png,gen_0879.png,94.8956,81.0,1.0,0.19289016723632812,0.884208444576288,0.17436599731445312,159.4512678028397,41.67681430876391,5.095662234172264,234.48330688476562,0.0,0.0,False,,-69.42208655955339,False,
positive,/mnt/MammoDiffusion/MammoDiffusion/experiments/diffusers/03_sd21_vae_finetuned/generated_images/final/positive/gen_0880.png,gen_0880.png,95.8956,82.0,1.0,0.4999847412109375,0.9967268898586993,0.49367523193359375,143.01120435192482,32.00027210929018,5.79493800973655,51.153564453125,0.0,0.0,False,,-6.929252642884632,True,443.0
positive,/mnt/MammoDiffusion/MammoDiffusion/experiments/diffusers/03_sd21_vae_finetuned/generated_images/final/positive/gen_0881.png,gen_0881.png,159.8956,146.0,1.0,0.1719970703125,0.9530917317246274,0.16495132446289062,186.01762216414977,22.529968207874017,4.308855622635887,21.250633239746094,0.0,0.0,False,,-32.70028338537522,False,
positive,/mnt/MammoDiffusion/MammoDiffusion/experiments/diffusers/03_sd21_vae_finetuned/generated_images/final/positive/gen_0882.png,gen_0882.png,10.0,0.0,0.0,0.9073905944824219,0.9996300453614835,0.9005889892578125,76.89814218667932,47.403122211836255,6.995568505814848,393.0555725097656,0.0,0.0,False,,-8.351727610022568,True,1177.0
positive,/mnt/MammoDiffusion/MammoDiffusion/experiments/diffusers/03_sd21_vae_finetuned/generated_images/final/positive/gen_0883.png,gen_0883.png,84.8956,71.0,1.0,0.7648811340332031,0.9998952665466389,0.7588424682617188,135.8952122899973,22.425244734460435,6.079729242451458,33.60435485839844,0.0,0.0,False,,-9.240530016219013,False,
positive,/mnt/MammoDiffusion/MammoDiffusion/experiments/diffusers/03_sd21_vae_finetuned/generated_images/final/positive/gen_0884.png,gen_0884.png,33.8956,20.0,1.0,0.6412353515625,0.9980368360936608,0.6342887878417969,157.69643061193804,23.698786773833074,5.930727595300493,245.82615661621094,0.0,0.0,False,,-8.078957789356176,True,1029.0
positive,/mnt/MammoDiffusion/MammoDiffusion/experiments/diffusers/03_sd21_vae_finetuned/generated_images/final/positive/gen_0885.png,gen_0885.png,87.8956,74.0,1.0,0.2640495300292969,0.9648073505829324,0.28276824951171875,132.86154655586435,46.38584252322135,5.271645246773873,202.846923828125,0.0,0.0,False,,-23.672205013946645,False,
positive,/mnt/MammoDiffusion/MammoDiffusion/experiments/diffusers/03_sd21_vae_finetuned/generated_images/final/positive/gen_0886.png,gen_0886.png,63.8956,50.0,1.0,0.5981788635253906,1.0,0.5920829772949219,160.7584964983152,22.35616478200854,5.790186929862072,37.37001037597656,0.0,0.0,False,,-8.648826198506685,True,1327.0
positive,/mnt/MammoDiffusion/MammoDiffusion/experiments/diffusers/03_sd21_vae_finetuned/generated_images/final/positive/gen_0887.png,gen_0887.png,114.8956,101.0,1.0,0.50506591796875,0.9974697885196374,0.4983863830566406,166.24868158194857,24.610441501859412,5.434796421980788,149.2906494140625,0.0,0.0,False,,-7.304594691062648,True,615.0
positive,/mnt/MammoDiffusion/MammoDiffusion/experiments/diffusers/03_sd21_vae_finetuned/generated_images/final/positive/gen_0888.png,gen_0888.png,10.0,0.0,0.0,0.8300018310546875,0.9989153414835923,0.8245353698730469,87.85476550680787,51.39291976676473,6.951237843737475,539.581298828125,0.0,0.0,False,,-7.423685391189064,True,662.0
positive,/mnt/MammoDiffusion/MammoDiffusion/experiments/diffusers/03_sd21_vae_finetuned/generated_images/final/positive/gen_0889.png,gen_0889.png,73.8956,60.0,1.0,0.4254570007324219,0.9999462032977379,0.41927337646484375,139.42626694568284,32.92835954903545,5.3636795161195945,43.030479431152344,0.0,0.0,False,,-5.628205609346918,True,72.0
positive,/mnt/MammoDiffusion/MammoDiffusion/experiments/diffusers/03_sd21_vae_finetuned/generated_images/final/positive/gen_0890.png,gen_0890.png,127.8956,114.0,1.0,0.50579833984375,0.9980164715819959,0.5023574829101562,160.874394411117,20.584504897759892,5.013196509541875,18.745887756347656,0.0,0.0,False,,-6.893290690626679,True,426.0
positive,/mnt/MammoDiffusion/MammoDiffusion/experiments/diffusers/03_sd21_vae_finetuned/generated_images/final/positive/gen_0891.png,gen_0891.png,132.8956,119.0,1.0,0.1909027099609375,0.8665774118775478,0.16852188110351562,165.83486882314327,27.909164051164865,4.603887391156363,77.37167358398438,0.0,0.0,False,,-79.93713377789825,False,
positive,/mnt/MammoDiffusion/MammoDiffusion/experiments/diffusers/03_sd21_vae_finetuned/generated_images/final/positive/gen_0892.png,gen_0892.png,80.8956,67.0,1.0,0.8675384521484375,0.9988611379825872,0.8598175048828125,132.36005962838738,26.471349291623383,6.610849084766954,149.580078125,0.0,0.0,False,,-9.333984155472919,False,
positive,/mnt/MammoDiffusion/MammoDiffusion/experiments/diffusers/03_sd21_vae_finetuned/generated_images/final/positive/gen_0893.png,gen_0893.png,127.8956,114.0,1.0,0.6128501892089844,0.9939684416918241,0.6697921752929688,149.62845280267908,23.223886142495456,6.211221787256832,95.67072296142578,0.0,0.0,False,,-10.825621858242748,False,
positive,/mnt/MammoDiffusion/MammoDiffusion/experiments/diffusers/03_sd21_vae_finetuned/generated_images/final/positive/gen_0894.png,gen_0894.png,110.8956,97.0,1.0,0.6425247192382812,0.9976311196076801,0.6353530883789062,157.83411986502875,20.833526215992592,5.870101344643091,179.98959350585938,0.0,0.0,False,,-8.539281444741565,True,1283.0
positive,/mnt/MammoDiffusion/MammoDiffusion/experiments/diffusers/03_sd21_vae_finetuned/generated_images/final/positive/gen_0895.png,gen_0895.png,117.8956,104.0,1.0,0.28562164306640625,0.9836792478029757,0.2893524169921875,149.4860254179191,31.27835046585042,4.461790990686404,31.82524871826172,0.0,0.0,False,,-13.281936791796008,False,
positive,/mnt/MammoDiffusion/MammoDiffusion/experiments/diffusers/03_sd21_vae_finetuned/generated_images/final/positive/gen_0896.png,gen_0896.png,83.8956,70.0,1.0,0.5163040161132812,0.9949388973445835,0.5628128051757812,124.09966245984086,40.576613204536024,6.04373581951246,202.19557189941406,0.0,0.0,False,,-7.298431965442724,True,608.0
positive,/mnt/MammoDiffusion/MammoDiffusion/experiments/diffusers/03_sd21_vae_finetuned/generated_images/final/positive/gen_0897.png,gen_0897.png,220.0,217.0,26.0,0.32366180419921875,0.9455955495839521,0.30267333984375,242.58837467231297,16.92344031761508,6.494494477032315,479.5242614746094,0.0,0.0,False,,-39.64714016311606,False,
positive,/mnt/MammoDiffusion/MammoDiffusion/experiments/diffusers/03_sd21_vae_finetuned/generated_images/final/positive/gen_0898.png,gen_0898.png,189.0,177.0,9.0,0.03475189208984375,0.14994511525795828,0.00525665283203125,196.68432510885341,5.687028592393818,5.354373737917983,63.792869567871094,0.0,0.0,True,too_empty,,False,
positive,/mnt/MammoDiffusion/MammoDiffusion/experiments/diffusers/03_sd21_vae_finetuned/generated_images/final/positive/gen_0899.png,gen_0899.png,92.8956,79.0,1.0,0.30728912353515625,0.9843459046105718,0.2914314270019531,145.26749741481996,42.130467757964176,5.218638960322087,173.14617919921875,0.0,0.0,False,,-12.828212807174818,False,
positive,/mnt/MammoDiffusion/MammoDiffusion/experiments/diffusers/03_sd21_vae_finetuned/generated_images/final/positive/gen_0900.png,gen_0900.png,103.8956,90.0,1.0,0.4262428283691406,0.9972435272112192,0.42132568359375,156.00888200782268,25.857234090674083,5.079851316152126,34.74391174316406,0.0,0.0,False,,-6.301060207308569,True,218.0
positive,/mnt/MammoDiffusion/MammoDiffusion/experiments/diffusers/03_sd21_vae_finetuned/generated_images/final/positive/gen_0901.png,gen_0901.png,87.8956,74.0,1.0,0.7862548828125,0.9987191429902189,0.7811241149902344,143.2443753143817,24.965065323528375,6.524900823070354,54.940185546875,0.0,0.0,False,,-9.195304738976487,False,
positive,/mnt/MammoDiffusion/MammoDiffusion/experiments/diffusers/03_sd21_vae_finetuned/generated_images/final/positive/gen_0902.png,gen_0902.png,92.8956,79.0,1.0,0.49134063720703125,1.0,0.4857215881347656,151.9653338987976,29.28477731746764,5.392475986809358,35.219459533691406,0.0,0.0,False,,-6.784517656275814,True,377.0
positive,/mnt/MammoDiffusion/MammoDiffusion/experiments/diffusers/03_sd21_vae_finetuned/generated_images/final/positive/gen_0903.png,gen_0903.png,31.8956,18.0,1.0,0.6893959045410156,0.9991865914863243,0.6928901672363281,104.86212610866728,52.55819769649034,7.000388507397277,569.03857421875,0.0,0.0,False,,-7.300663706544918,True,611.0
positive,/mnt/MammoDiffusion/MammoDiffusion/experiments/diffusers/03_sd21_vae_finetuned/generated_images/final/positive/gen_0904.png,gen_0904.png,99.8956,86.0,1.0,0.8069190979003906,0.9983170156337902,0.8383331298828125,139.43351049307438,32.180293679265304,6.965328779791488,268.759033203125,0.0,0.0,False,,-9.133545301377179,False,
positive,/mnt/MammoDiffusion/MammoDiffusion/experiments/diffusers/03_sd21_vae_finetuned/generated_images/final/positive/gen_0905.png,gen_0905.png,10.0,0.0,0.0,0.7606925964355469,0.9994884936136923,0.7572364807128906,83.03144001410544,51.60919739348762,6.4378858606681035,497.9779052734375,0.0,0.0,False,,-6.737382300985487,True,363.0
positive,/mnt/MammoDiffusion/MammoDiffusion/experiments/diffusers/03_sd21_vae_finetuned/generated_images/final/positive/gen_0906.png,gen_0906.png,100.8956,87.0,1.0,0.7095108032226562,0.9978601460262159,0.7023468017578125,153.1886528058398,19.813030519128546,5.762573465328275,132.52764892578125,0.0,0.0,False,,-8.74649247501489,False,
positive,/mnt/MammoDiffusion/MammoDiffusion/experiments/diffusers/03_sd21_vae_finetuned/generated_images/final/positive/gen_0907.png,gen_0907.png,212.95600000000002,119.0,10.0,0.056201934814453125,0.7682074255073644,0.0404205322265625,254.80011325028312,2.270966651097772,5.896754787843844,164.07635498046875,0.0,0.0,True,too_empty,,False,
positive,/mnt/MammoDiffusion/MammoDiffusion/experiments/diffusers/03_sd21_vae_finetuned/generated_images/final/positive/gen_0908.png,gen_0908.png,74.8956,61.0,1.0,0.287750244140625,0.9768400678757027,0.32247161865234375,125.90033595949559,52.7505959547655,5.480059924253055,285.35369873046875,0.0,0.0,False,,-17.063948118676464,False,
positive,/mnt/MammoDiffusion/MammoDiffusion/experiments/diffusers/03_sd21_vae_finetuned/generated_images/final/positive/gen_0909.png,gen_0909.png,220.0,213.0,20.0,0.3303413391113281,0.9920551520260517,0.31832122802734375,233.5627591496297,1.864064408963756,6.403003029254929,238.44969177246094,0.0,0.0,True,low_contrast,,False,
positive,/mnt/MammoDiffusion/MammoDiffusion/experiments/diffusers/03_sd21_vae_finetuned/generated_images/final/positive/gen_0910.png,gen_0910.png,220.0,114.0,98.0,0.1188812255859375,0.4326787318701065,0.054443359375,251.5907371076233,12.96788163105413,6.881875315619208,636.0195922851562,0.0,0.0,True,too_empty,,False,
positive,/mnt/MammoDiffusion/MammoDiffusion/experiments/diffusers/03_sd21_vae_finetuned/generated_images/final/positive/gen_0911.png,gen_0911.png,90.8956,77.0,1.0,0.3966217041015625,0.983283961066441,0.4668312072753906,128.46612517057943,43.29870634937881,6.0036032270599495,311.91656494140625,0.0,0.0,False,,-13.273393322203475,False,
positive,/mnt/MammoDiffusion/MammoDiffusion/experiments/diffusers/03_sd21_vae_finetuned/generated_images/final/positive/gen_0912.png,gen_0912.png,71.8956,58.0,1.0,0.5526695251464844,0.9976394094382208,0.5456771850585938,164.43460844763223,23.19365996046962,5.599718128677691,238.23825073242188,0.0,0.0,False,,-7.626854192815289,True,771.0
positive,/mnt/MammoDiffusion/MammoDiffusion/experiments/diffusers/03_sd21_vae_finetuned/generated_images/final/positive/gen_0913.png,gen_0913.png,220.0,125.0,63.0,0.11433029174804688,0.6732841747022121,0.07378768920898438,254.0917644625963,1.2289507366406398,6.660297394034905,401.06768798828125,0.0,0.0,True,too_empty,,False,
positive,/mnt/MammoDiffusion/MammoDiffusion/experiments/diffusers/03_sd21_vae_finetuned/generated_images/final/positive/gen_0914.png,gen_0914.png,69.8956,56.0,1.0,0.8236579895019531,0.9972396800622462,0.8451423645019531,123.5961796261775,40.26546558607334,7.206001187421906,490.0954284667969,0.0,0.0,False,,-8.687372348259224,True,1348.0
positive,/mnt/MammoDiffusion/MammoDiffusion/experiments/diffusers/03_sd21_vae_finetuned/generated_images/final/positive/gen_0915.png,gen_0915.png,74.8956,61.0,1.0,0.6415367126464844,0.9979901887914375,0.6344261169433594,152.44781163001846,21.521653890702463,5.3572426042611045,187.3232879638672,0.0,0.0,False,,-7.606149395797076,True,758.0
positive,/mnt/MammoDiffusion/MammoDiffusion/experiments/diffusers/03_sd21_vae_finetuned/generated_images/final/positive/gen_0916.png,gen_0916.png,90.8956,77.0,1.0,0.49615478515625,0.9972398203961127,0.48947906494140625,168.42558099661767,26.452412551272044,5.625572802620837,181.76132202148438,0.0,0.0,False,,-7.456647208882591,True,680.0
positive,/mnt/MammoDiffusion/MammoDiffusion/experiments/diffusers/03_sd21_vae_finetuned/generated_images/final/positive/gen_0917.png,gen_0917.png,110.8956,97.0,1.0,0.6896591186523438,0.9894241938160296,0.67999267578125,156.2927138497442,24.437179698103684,6.342726847921695,185.95382690429688,0.0,0.0,False,,-13.55384885371881,False,
positive,/mnt/MammoDiffusion/MammoDiffusion/experiments/diffusers/03_sd21_vae_finetuned/generated_images/final/positive/gen_0918.png,gen_0918.png,143.8956,130.0,1.0,0.22219085693359375,0.9936476324554476,0.21610260009765625,172.99452780229478,22.97863557556708,4.04402445412562,17.726577758789062,0.0,0.0,False,,-9.151108654374411,False,
positive,/mnt/MammoDiffusion/MammoDiffusion/experiments/diffusers/03_sd21_vae_finetuned/generated_images/final/positive/gen_0919.png,gen_0919.png,122.8956,109.0,1.0,0.3849754333496094,0.9968192312646776,0.38018798828125,158.64749558516615,25.01983636999326,5.034016323443267,28.737640380859375,0.0,0.0,False,,-6.663090622864139,True,345.0
positive,/mnt/MammoDiffusion/MammoDiffusion/experiments/diffusers/03_sd21_vae_finetuned/generated_images/final/positive/gen_0920.png,gen_0920.png,100.8956,87.0,1.0,0.400909423828125,0.990380223795387,0.4334373474121094,136.26851957790237,35.68129847344001,5.533145155910725,139.76531982421875,0.0,0.0,False,,-9.213943427273996,False,
positive,/mnt/MammoDiffusion/MammoDiffusion/experiments/diffusers/03_sd21_vae_finetuned/generated_images/final/positive/gen_0921.png,gen_0921.png,60.8956,47.0,1.0,0.442352294921875,0.99727492238703,0.4352607727050781,169.9388962410496,26.743618463367035,5.473335692780017,203.10635375976562,0.0,0.0,False,,-6.920945834685403,True,437.0
positive,/mnt/MammoDiffusion/MammoDiffusion/experiments/diffusers/03_sd21_vae_finetuned/generated_images/final/positive/gen_0922.png,gen_0922.png,194.0,191.0,1.0,0.040996551513671875,0.7915697403926677,0.032135009765625,204.22056030389365,6.429748559831849,5.5679542670811975,213.19207763671875,0.0,0.0,True,too_empty,,False,
positive,/mnt/MammoDiffusion/MammoDiffusion/experiments/diffusers/03_sd21_vae_finetuned/generated_images/final/positive/gen_0923.png,gen_0923.png,10.0,0.0,0.0,0.84051513671875,1.0,0.8331260681152344,154.7621967133549,19.59634196553151,5.535445123811966,48.359580993652344,0.0,0.0,False,,-10.021319583649554,False,
positive,/mnt/MammoDiffusion/MammoDiffusion/experiments/diffusers/03_sd21_vae_finetuned/generated_images/final/positive/gen_0924.png,gen_0924.png,105.8956,92.0,1.0,0.3520355224609375,0.9785011486281479,0.36891937255859375,138.96639437493536,33.264600163663125,5.491470791185607,197.49757385253906,0.0,0.0,False,,-15.969309573451579,False,
positive,/mnt/MammoDiffusion/MammoDiffusion/experiments/diffusers/03_sd21_vae_finetuned/generated_images/final/positive/gen_0925.png,gen_0925.png,115.8956,102.0,1.0,0.499603271484375,0.996075377191375,0.4951972961425781,151.9344210518207,23.70271858064961,5.426012200704862,30.159996032714844,0.0,0.0,False,,-7.822139859679467,True,878.0
positive,/mnt/MammoDiffusion/MammoDiffusion/experiments/diffusers/03_sd21_vae_finetuned/generated_images/final/positive/gen_0926.png,gen_0926.png,41.8956,28.0,1.0,0.6152915954589844,0.9987104373973155,0.6106948852539062,117.42153788493972,51.25101468214053,6.74698410426086,457.8562927246094,0.0,0.0,False,,-6.6607338249569,True,342.0
positive,/mnt/MammoDiffusion/MammoDiffusion/experiments/diffusers/03_sd21_vae_finetuned/generated_images/final/positive/gen_0927.png,gen_0927.png,107.8956,94.0,1.0,0.48491668701171875,0.9997954656303591,0.4794807434082031,155.22655199573563,24.146313490539683,4.818286718583611,25.982994079589844,0.0,0.0,False,,-6.536965934410709,True,300.0
positive,/mnt/MammoDiffusion/MammoDiffusion/experiments/diffusers/03_sd21_vae_finetuned/generated_images/final/positive/gen_0928.png,gen_0928.png,220.0,215.0,26.0,0.16888809204101562,0.5388611569127911,0.0876617431640625,242.3371192341166,2.460544503881824,6.758366860727687,396.08465576171875,0.0,0.0,True,too_empty,,False,
positive,/mnt/MammoDiffusion/MammoDiffusion/experiments/diffusers/03_sd21_vae_finetuned/generated_images/final/positive/gen_0929.png,gen_0929.png,103.8956,90.0,1.0,0.4097175598144531,0.9992923979330571,0.4044685363769531,162.53966367691856,29.515061619930037,5.315208110531004,45.77288055419922,0.0,0.0,False,,-6.06142963671942,True,160.0
positive,/mnt/MammoDiffusion/MammoDiffusion/experiments/diffusers/03_sd21_vae_finetuned/generated_images/final/positive/gen_0930.png,gen_0930.png,200.0,197.0,2.0,0.044155120849609375,0.08647948164146868,0.003620147705078125,202.48472075869336,1.661257680852941,6.259667018438209,143.583251953125,0.0,0.0,True,too_empty,,False,
positive,/mnt/MammoDiffusion/MammoDiffusion/experiments/diffusers/03_sd21_vae_finetuned/generated_images/final/positive/gen_0931.png,gen_0931.png,123.8956,110.0,1.0,0.3592567443847656,0.9978975758412352,0.3556365966796875,160.11168318530915,26.40570271083841,4.524634439813971,20.735740661621094,0.0,0.0,False,,-5.684745536988727,True,84.0
positive,/mnt/MammoDiffusion/MammoDiffusion/experiments/diffusers/03_sd21_vae_finetuned/generated_images/final/positive/gen_0932.png,gen_0932.png,82.0,77.0,0.0,0.42105865478515625,0.9945822537099784,0.4129905700683594,147.97346277121454,31.827929625729375,4.908499668617809,153.47024536132812,0.0,0.0,False,,-6.740320630777638,True,365.0
positive,/mnt/MammoDiffusion/MammoDiffusion/experiments/diffusers/03_sd21_vae_finetuned/generated_images/final/positive/gen_0933.png,gen_0933.png,113.8956,100.0,1.0,0.310028076171875,0.9987695639334581,0.3049736022949219,152.58456227250554,26.046610057553004,4.6693875728758805,24.55297088623047,0.0,0.0,False,,-5.7469908318119325,True,93.0
positive,/mnt/MammoDiffusion/MammoDiffusion/experiments/diffusers/03_sd21_vae_finetuned/generated_images/final/positive/gen_0934.png,gen_0934.png,83.8956,70.0,1.0,0.3642768859863281,0.9997277287340434,0.3588066101074219,139.18416100532644,39.01097941860223,5.355241981780819,89.73445129394531,0.0,0.0,False,,-5.186645971447618,True,22.0
positive,/mnt/MammoDiffusion/MammoDiffusion/experiments/diffusers/03_sd21_vae_finetuned/generated_images/final/positive/gen_0935.png,gen_0935.png,90.8956,77.0,1.0,0.6486244201660156,0.9936247669570024,0.6426506042480469,148.92936895653153,22.613781702183246,5.9723216884326344,228.41061401367188,0.0,0.0,False,,-10.456262340798824,False,
positive,/mnt/MammoDiffusion/MammoDiffusion/experiments/diffusers/03_sd21_vae_finetuned/generated_images/final/positive/gen_0936.png,gen_0936.png,128.8956,115.0,1.0,0.3316001892089844,0.9817548057565544,0.3255271911621094,157.98613698951192,24.51898402715288,4.985785789189086,36.39393615722656,0.0,0.0,False,,-15.354182837507354,False,
positive,/mnt/MammoDiffusion/MammoDiffusion/experiments/diffusers/03_sd21_vae_finetuned/generated_images/final/positive/gen_0937.png,gen_0937.png,102.8956,89.0,1.0,0.8311996459960938,0.9985956474248947,0.8325729370117188,135.9330275733778,26.703229557366736,6.4115437273413765,222.2553253173828,0.0,0.0,False,,-8.80976657223078,False,
positive,/mnt/MammoDiffusion/MammoDiffusion/experiments/diffusers/03_sd21_vae_finetuned/generated_images/final/positive/gen_0938.png,gen_0938.png,48.8956,35.0,1.0,0.4645652770996094,0.9974791227018549,0.457763671875,162.012475,24.588832208431022,5.369741309827368,218.34573364257812,0.0,0.0,False,,-6.748433432766943,True,368.0
positive,/mnt/MammoDiffusion/MammoDiffusion/experiments/diffusers/03_sd21_vae_finetuned/generated_images/final/positive/gen_0939.png,gen_0939.png,107.8956,94.0,1.0,0.34662628173828125,0.9700878216274514,0.34502410888671875,150.38006103089137,34.348335873485155,5.539997731084091,177.26229858398438,0.0,0.0,False,,-21.146755705679197,False,
positive,/mnt/MammoDiffusion/MammoDiffusion/experiments/diffusers/03_sd21_vae_finetuned/generated_images/final/positive/gen_0940.png,gen_0940.png,127.8956,114.0,1.0,0.3289031982421875,0.9968800742287173,0.32521820068359375,156.93054871325685,21.486246885038202,4.598973442568085,21.39665985107422,0.0,0.0,False,,-6.777413433359077,True,373.0
positive,/mnt/MammoDiffusion/MammoDiffusion/experiments/diffusers/03_sd21_vae_finetuned/generated_images/final/positive/gen_0941.png,gen_0941.png,78.8956,65.0,1.0,0.44194793701171875,0.9900996081274708,0.4495697021484375,125.38806299426399,39.9223428117646,5.77961463876712,152.90249633789062,0.0,0.0,False,,-9.073302505536383,False,
positive,/mnt/MammoDiffusion/MammoDiffusion/experiments/diffusers/03_sd21_vae_finetuned/generated_images/final/positive/gen_0942.png,gen_0942.png,71.8956,58.0,1.0,0.7480697631835938,1.0,0.7418670654296875,153.8542647935992,19.159851442629382,5.766887168597354,49.57701873779297,0.0,0.0,False,,-9.63557833474021,False,
positive,/mnt/MammoDiffusion/MammoDiffusion/experiments/diffusers/03_sd21_vae_finetuned/generated_images/final/positive/gen_0943.png,gen_0943.png,115.8956,102.0,1.0,0.4614982604980469,0.9823853726679836,0.46031951904296875,153.51826468882075,25.331021922180568,5.595616411962582,185.59152221679688,0.0,0.0,False,,-15.097220941904252,False,
positive,/mnt/MammoDiffusion/MammoDiffusion/experiments/diffusers/03_sd21_vae_finetuned/generated_images/final/positive/gen_0944.png,gen_0944.png,20.8956,7.0,1.0,0.3909645080566406,0.998887685507713,0.38692474365234375,100.75285418515232,54.19902458061971,5.38045606793669,332.623779296875,0.0,0.0,False,,-3.9679381595661223,True,0.0
positive,/mnt/MammoDiffusion/MammoDiffusion/experiments/diffusers/03_sd21_vae_finetuned/generated_images/final/positive/gen_0945.png,gen_0945.png,120.8956,107.0,1.0,0.2935752868652344,0.9770916981769514,0.2887420654296875,160.53334566400676,31.910172988263277,5.142558394713381,46.507850646972656,0.0,0.0,False,,-17.889292890972726,False,
positive,/mnt/MammoDiffusion/MammoDiffusion/experiments/diffusers/03_sd21_vae_finetuned/generated_images/final/positive/gen_0946.png,gen_0946.png,79.8956,66.0,1.0,0.5117950439453125,1.0,0.506134033203125,160.09670636116974,24.392539052260165,5.661654229398709,51.02253723144531,0.0,0.0,False,,-7.761800850410884,True,844.0
positive,/mnt/MammoDiffusion/MammoDiffusion/experiments/diffusers/03_sd21_vae_finetuned/generated_images/final/positive/gen_0947.png,gen_0947.png,76.8956,63.0,1.0,0.3823585510253906,0.9526403479891852,0.4967460632324219,115.31826384782559,51.148324942304676,6.211627081428422,378.41973876953125,0.0,0.0,False,,-30.76514386448246,False,
positive,/mnt/MammoDiffusion/MammoDiffusion/experiments/diffusers/03_sd21_vae_finetuned/generated_images/final/positive/gen_0948.png,gen_0948.png,105.8956,92.0,1.0,0.495330810546875,1.0,0.4899711608886719,152.24665415787547,24.94291587796163,5.430476836351448,37.467315673828125,0.0,0.0,False,,-7.163021899914815,True,542.0
positive,/mnt/MammoDiffusion/MammoDiffusion/experiments/diffusers/03_sd21_vae_finetuned/generated_images/final/positive/gen_0949.png,gen_0949.png,115.8956,102.0,1.0,0.6811332702636719,0.9946123043319985,0.6785240173339844,147.02096463167126,21.618222735807525,6.057070401647348,51.647186279296875,0.0,0.0,False,,-10.4630517194993,False,
positive,/mnt/MammoDiffusion/MammoDiffusion/experiments/diffusers/03_sd21_vae_finetuned/generated_images/final/positive/gen_0950.png,gen_0950.png,220.0,122.0,39.0,0.05429840087890625,0.49669804692988617,0.024784088134765625,254.80406341388334,1.478467518671577,6.369296848715485,218.4003448486328,0.0,0.0,True,too_empty,,False,
positive,/mnt/MammoDiffusion/MammoDiffusion/experiments/diffusers/03_sd21_vae_finetuned/generated_images/final/positive/gen_0951.png,gen_0951.png,30.8956,17.0,1.0,0.5680503845214844,0.9979450812901666,0.5608634948730469,160.9955654403613,25.00480438490523,5.860092731020776,277.47271728515625,0.0,0.0,False,,-7.534799686017071,True,727.0
positive,/mnt/MammoDiffusion/MammoDiffusion/experiments/diffusers/03_sd21_vae_finetuned/generated_images/final/positive/gen_0952.png,gen_0952.png,85.8956,72.0,1.0,0.5085067749023438,0.9965341855336004,0.5010414123535156,158.68844645780197,24.52090836467554,5.4612295353581235,167.11294555664062,0.0,0.0,False,,-7.621402071407394,True,764.0
positive,/mnt/MammoDiffusion/MammoDiffusion/experiments/diffusers/03_sd21_vae_finetuned/generated_images/final/positive/gen_0953.png,gen_0953.png,93.8956,80.0,1.0,0.5742607116699219,1.0,0.568389892578125,169.64421476510068,21.493432915134004,5.476317922899806,39.31511688232422,0.0,0.0,False,,-8.509817221451899,True,1273.0
positive,/mnt/MammoDiffusion/MammoDiffusion/experiments/diffusers/03_sd21_vae_finetuned/generated_images/final/positive/gen_0954.png,gen_0954.png,78.8956,65.0,1.0,0.8005561828613281,0.999985704823669,0.7944107055664062,141.03782953181272,25.984006714533628,6.316031865425414,33.80207824707031,0.0,0.0,False,,-9.669007943606637,False,
positive,/mnt/MammoDiffusion/MammoDiffusion/experiments/diffusers/03_sd21_vae_finetuned/generated_images/final/positive/gen_0955.png,gen_0955.png,71.8956,58.0,1.0,0.7100944519042969,0.9986623474995568,0.7504806518554688,114.66701231103927,37.26402557458769,6.832578152190875,259.613525390625,0.0,0.0,False,,-7.266632813467773,True,594.0
positive,/mnt/MammoDiffusion/MammoDiffusion/experiments/diffusers/03_sd21_vae_finetuned/generated_images/final/positive/gen_0956.png,gen_0956.png,108.8956,95.0,1.0,0.24782562255859375,0.9221284979835607,0.23435211181640625,160.19243415698148,39.167350849721146,5.502397619370036,136.92764282226562,0.0,0.0,False,,-48.49390753969448,False,
positive,/mnt/MammoDiffusion/MammoDiffusion/experiments/diffusers/03_sd21_vae_finetuned/generated_images/final/positive/gen_0957.png,gen_0957.png,10.0,0.0,0.0,0.7388267517089844,1.0,0.7325973510742188,140.00786269956157,23.50662122039462,5.739018786521319,115.34037780761719,0.0,0.0,False,,-8.734632182382672,False,
positive,/mnt/MammoDiffusion/MammoDiffusion/experiments/diffusers/03_sd21_vae_finetuned/generated_images/final/positive/gen_0958.png,gen_0958.png,115.8956,102.0,1.0,0.6182899475097656,0.9899124511818165,0.6081809997558594,151.37720393148132,22.9236276933918,5.933799514833935,199.1165008544922,0.0,0.0,False,,-12.336079032222017,False,
positive,/mnt/MammoDiffusion/MammoDiffusion/experiments/diffusers/03_sd21_vae_finetuned/generated_images/final/positive/gen_0959.png,gen_0959.png,124.8956,111.0,1.0,0.2252960205078125,0.9942600745005079,0.2208099365234375,159.8325616750743,26.849456686656584,4.2207696332288585,22.898483276367188,0.0,0.0,False,,-8.27163231758309,True,1136.0
positive,/mnt/MammoDiffusion/MammoDiffusion/experiments/diffusers/03_sd21_vae_finetuned/generated_images/final/positive/gen_0960.png,gen_0960.png,75.8956,62.0,1.0,0.51715087890625,0.997285495102089,0.5099105834960938,163.92314655494874,22.704873269344525,5.38389915073688,226.94825744628906,0.0,0.0,False,,-7.402329486389237,True,649.0
positive,/mnt/MammoDiffusion/MammoDiffusion/experiments/diffusers/03_sd21_vae_finetuned/generated_images/final/positive/gen_0961.png,gen_0961.png,108.8956,95.0,1.0,0.22816085815429688,0.9161859858554446,0.23071670532226562,162.47198293679006,40.44333785160662,5.405944776573178,219.53683471679688,0.0,0.0,False,,-51.616370393519375,False,
positive,/mnt/MammoDiffusion/MammoDiffusion/experiments/diffusers/03_sd21_vae_finetuned/generated_images/final/positive/gen_0962.png,gen_0962.png,61.8956,48.0,1.0,0.7909889221191406,0.9984085110897841,0.7828292846679688,147.9324753671777,22.456415360700284,5.892142259024898,169.856689453125,0.0,0.0,False,,-8.719159624626881,True,1356.0
positive,/mnt/MammoDiffusion/MammoDiffusion/experiments/diffusers/03_sd21_vae_finetuned/generated_images/final/positive/gen_0963.png,gen_0963.png,82.8956,69.0,1.0,0.8077354431152344,0.9984887339841223,0.8080863952636719,130.22942856468478,32.13124128434962,6.803646791346694,133.75872802734375,0.0,0.0,False,,-8.563466715186193,True,1292.0
positive,/mnt/MammoDiffusion/MammoDiffusion/experiments/diffusers/03_sd21_vae_finetuned/generated_images/final/positive/gen_0964.png,gen_0964.png,74.8956,61.0,1.0,0.8223991394042969,1.0,0.8156890869140625,141.10114203939614,19.209663592639945,5.908532729431563,32.95447540283203,0.0,0.0,False,,-9.90023243499502,False,
positive,/mnt/MammoDiffusion/MammoDiffusion/experiments/diffusers/03_sd21_vae_finetuned/generated_images/final/positive/gen_0965.png,gen_0965.png,124.8956,111.0,1.0,0.315887451171875,0.9686745242005603,0.3090972900390625,157.74904971121094,26.254505739773048,4.769292561415815,29.984886169433594,0.0,0.0,False,,-22.39240138185599,False,
positive,/mnt/MammoDiffusion/MammoDiffusion/experiments/diffusers/03_sd21_vae_finetuned/generated_images/final/positive/gen_0966.png,gen_0966.png,69.8956,56.0,1.0,0.7920303344726562,0.9967585947810005,0.7816925048828125,134.72296453180815,24.467520270215946,6.248647106991218,181.70529174804688,0.0,0.0,False,,-9.418658432992874,False,
positive,/mnt/MammoDiffusion/MammoDiffusion/experiments/diffusers/03_sd21_vae_finetuned/generated_images/final/positive/gen_0967.png,gen_0967.png,107.8956,94.0,1.0,0.24835205078125,0.9578366920619317,0.2216796875,156.40755781938327,36.73139958102779,5.402437686530872,162.8874969482422,0.0,0.0,False,,-28.678793720356733,False,
positive,/mnt/MammoDiffusion/MammoDiffusion/experiments/diffusers/03_sd21_vae_finetuned/generated_images/final/positive/gen_0968.png,gen_0968.png,71.8956,58.0,1.0,0.7523765563964844,0.9999645086218698,0.7476348876953125,128.1747811090475,33.45335218509947,6.76000915349703,126.85368347167969,0.0,0.0,False,,-8.744247326317142,False,
positive,/mnt/MammoDiffusion/MammoDiffusion/experiments/diffusers/03_sd21_vae_finetuned/generated_images/final/positive/gen_0969.png,gen_0969.png,118.8956,105.0,1.0,0.2731208801269531,0.9949299551657192,0.2671165466308594,153.2056752781229,27.197147726822266,4.157903808151948,21.777450561523438,0.0,0.0,False,,-7.2998579580291,True,609.0
positive,/mnt/MammoDiffusion/MammoDiffusion/experiments/diffusers/03_sd21_vae_finetuned/generated_images/final/positive/gen_0970.png,gen_0970.png,25.8956,12.0,1.0,0.6386756896972656,0.9981245333731522,0.6363754272460938,92.13080409058757,53.94118924139363,6.463418213934084,483.9820251464844,0.0,0.0,False,,-6.059050111128429,True,159.0
positive,/mnt/MammoDiffusion/MammoDiffusion/experiments/diffusers/03_sd21_vae_finetuned/generated_images/final/positive/gen_0971.png,gen_0971.png,79.8956,66.0,1.0,0.544830322265625,1.0,0.5387840270996094,151.02616132937786,25.30407747667954,5.727342102035455,40.99231719970703,0.0,0.0,False,,-7.717537768382764,True,812.0
positive,/mnt/MammoDiffusion/MammoDiffusion/experiments/diffusers/03_sd21_vae_finetuned/generated_images/final/positive/gen_0972.png,gen_0972.png,101.8956,88.0,1.0,0.7537841796875,0.9976771255060729,0.7479209899902344,149.30477448575203,25.409062652007922,6.3509730451117665,215.744384765625,0.0,0.0,False,,-9.118872421761685,False,
positive,/mnt/MammoDiffusion/MammoDiffusion/experiments/diffusers/03_sd21_vae_finetuned/generated_images/final/positive/gen_0973.png,gen_0973.png,99.8956,86.0,1.0,0.8471641540527344,0.9994326343328275,0.8411331176757812,142.89380402543333,25.580942105825116,6.550616046854527,121.78878784179688,0.0,0.0,False,,-9.884905639344023,False,
positive,/mnt/MammoDiffusion/MammoDiffusion/experiments/diffusers/03_sd21_vae_finetuned/generated_images/final/positive/gen_0974.png,gen_0974.png,26.8956,13.0,1.0,0.6763076782226562,0.9993005809690337,0.6721382141113281,105.55747260169015,51.18237395684909,6.849321826237252,504.8409118652344,0.0,0.0,False,,-7.07834640853603,True,500.0
positive,/mnt/MammoDiffusion/MammoDiffusion/experiments/diffusers/03_sd21_vae_finetuned/generated_images/final/positive/gen_0975.png,gen_0975.png,75.8956,62.0,1.0,0.34719085693359375,0.8688553409365593,0.3069572448730469,129.42535449314627,45.236254205203494,5.914457872449029,298.0888977050781,0.0,0.0,False,,-77.11496913192131,False,
positive,/mnt/MammoDiffusion/MammoDiffusion/experiments/diffusers/03_sd21_vae_finetuned/generated_images/final/positive/gen_0976.png,gen_0976.png,106.8956,93.0,1.0,0.34339141845703125,0.998455864382679,0.3386344909667969,157.1236327178921,30.74083674780028,4.992373790518435,43.419921875,0.0,0.0,False,,-5.524935003053809,True,58.0
positive,/mnt/MammoDiffusion/MammoDiffusion/experiments/diffusers/03_sd21_vae_finetuned/generated_images/final/positive/gen_0977.png,gen_0977.png,121.8956,108.0,1.0,0.46750640869140625,0.9961404768510208,0.45906829833984375,162.18577886357215,27.42601469309774,5.456752744281327,39.36493682861328,0.0,0.0,False,,-7.611636725030902,True,760.0
positive,/mnt/MammoDiffusion/MammoDiffusion/experiments/diffusers/03_sd21_vae_finetuned/generated_images/final/positive/gen_0978.png,gen_0978.png,100.8956,87.0,1.0,0.4568138122558594,0.9588145401708545,0.4413948059082031,139.92806091142435,29.08360292613403,5.856153258871048,176.70401000976562,0.0,0.0,False,,-27.644433890423752,False,
positive,/mnt/MammoDiffusion/MammoDiffusion/experiments/diffusers/03_sd21_vae_finetuned/generated_images/final/positive/gen_0979.png,gen_0979.png,146.85160000000002,44.0,11.0,0.09529876708984375,0.7385717716756064,0.06739425659179688,192.61629025867435,19.14178925751574,6.936116740874105,148.15380859375,0.0,0.0,True,too_empty,,False,
positive,/mnt/MammoDiffusion/MammoDiffusion/experiments/diffusers/03_sd21_vae_finetuned/generated_images/final/positive/gen_0980.png,gen_0980.png,135.0,131.0,1.0,0.031429290771484375,0.08787474208034955,0.00217437744140625,153.73333333333332,12.33391179297789,2.8692863538655025,16.811477661132812,0.0,0.0,True,too_empty,,False,
positive,/mnt/MammoDiffusion/MammoDiffusion/experiments/diffusers/03_sd21_vae_finetuned/generated_images/final/positive/gen_0981.png,gen_0981.png,86.8956,73.0,1.0,0.35107421875,0.8900056502086231,0.3197021484375,139.59660175639556,45.65655561829174,6.42956997538962,433.5895080566406,0.0,0.0,False,,-65.96671538534875,False,
positive,/mnt/MammoDiffusion/MammoDiffusion/experiments/diffusers/03_sd21_vae_finetuned/generated_images/final/positive/gen_0982.png,gen_0982.png,156.8956,143.0,1.0,0.07240676879882812,0.8055423844897529,0.0566864013671875,203.37193808882907,22.405694842720916,5.504450232581947,316.717529296875,0.0,0.0,True,too_empty,,False,
positive,/mnt/MammoDiffusion/MammoDiffusion/experiments/diffusers/03_sd21_vae_finetuned/generated_images/final/positive/gen_0983.png,gen_0983.png,142.0,137.0,0.0,0.3335075378417969,0.9814473789561577,0.32851409912109375,163.22834947397757,18.731180126698657,4.530748496752432,141.42849731445312,0.0,0.0,False,,-15.495862209685662,False,
positive,/mnt/MammoDiffusion/MammoDiffusion/experiments/diffusers/03_sd21_vae_finetuned/generated_images/final/positive/gen_0984.png,gen_0984.png,103.8956,90.0,1.0,0.3442878723144531,0.9958117735698536,0.33754730224609375,168.4156928779694,24.736884182579132,4.767806588619403,158.71279907226562,0.0,0.0,False,,-7.406038935083151,True,652.0
positive,/mnt/MammoDiffusion/MammoDiffusion/experiments/diffusers/03_sd21_vae_finetuned/generated_images/final/positive/gen_0985.png,gen_0985.png,10.0,0.0,0.0,0.8128128051757812,0.9986389704985122,0.8034858703613281,156.78895593674184,22.87653678065894,5.916563999388657,259.5728454589844,0.0,0.0,False,,-9.011439946969055,False,
positive,/mnt/MammoDiffusion/MammoDiffusion/experiments/diffusers/03_sd21_vae_finetuned/generated_images/final/positive/gen_0986.png,gen_0986.png,48.8956,35.0,1.0,0.7356033325195312,0.998874679776388,0.7352180480957031,115.24552619426875,45.22203002956202,7.0298701790522236,438.8827209472656,0.0,0.0,False,,-7.401496674216741,True,648.0
positive,/mnt/MammoDiffusion/MammoDiffusion/experiments/diffusers/03_sd21_vae_finetuned/generated_images/final/positive/gen_0987.png,gen_0987.png,220.0,55.0,37.0,0.060565948486328125,0.5382628960131007,0.02789306640625,254.89072757111597,1.3379707258383668,7.170610385466797,423.321533203125,0.0,0.0,True,too_empty,,False,
positive,/mnt/MammoDiffusion/MammoDiffusion/experiments/diffusers/03_sd21_vae_finetuned/generated_images/final/positive/gen_0988.png,gen_0988.png,70.8956,57.0,1.0,0.6280975341796875,0.9976799552996624,0.6204032897949219,154.94927291173488,22.4140492898498,5.520892595781812,200.59791564941406,0.0,0.0,False,,-7.842156179069016,True,891.0
positive,/mnt/MammoDiffusion/MammoDiffusion/experiments/diffusers/03_sd21_vae_finetuned/generated_images/final/positive/gen_0989.png,gen_0989.png,52.8956,39.0,1.0,0.6962661743164062,0.999402811715848,0.6942787170410156,117.63167784792391,45.71812577142966,6.918284961116694,422.56317138671875,0.0,0.0,False,,-7.436768664033898,True,669.0
positive,/mnt/MammoDiffusion/MammoDiffusion/experiments/diffusers/03_sd21_vae_finetuned/generated_images/final/positive/gen_0990.png,gen_0990.png,72.8956,59.0,1.0,0.47112274169921875,0.9969231267509838,0.46402740478515625,159.8259071702208,20.405886225912855,5.205060673357065,185.5959930419922,0.0,0.0,False,,-7.206007918594329,True,560.0
positive,/mnt/MammoDiffusion/MammoDiffusion/experiments/diffusers/03_sd21_vae_finetuned/generated_images/final/positive/gen_0991.png,gen_0991.png,39.8956,26.0,1.0,0.5594520568847656,0.9976816653824911,0.5520782470703125,166.22338382023713,22.243271566670163,5.843626977081579,242.77320861816406,0.0,0.0,False,,-8.003053842694053,True,980.0
positive,/mnt/MammoDiffusion/MammoDiffusion/experiments/diffusers/03_sd21_vae_finetuned/generated_images/final/positive/gen_0992.png,gen_0992.png,99.7912,77.0,2.0,0.6230812072753906,0.9825269228649969,0.6136894226074219,137.94025796425797,27.119179348620097,6.8176616131117,376.7878112792969,0.0,0.0,False,,-16.4191744185152,False,
positive,/mnt/MammoDiffusion/MammoDiffusion/experiments/diffusers/03_sd21_vae_finetuned/generated_images/final/positive/gen_0993.png,gen_0993.png,158.8956,145.0,1.0,0.18019866943359375,0.4789364494686481,0.08864212036132812,186.25515341911606,21.86405374604262,4.2934140560191505,28.79790496826172,0.0,0.0,True,too_empty,,False,
positive,/mnt/MammoDiffusion/MammoDiffusion/experiments/diffusers/03_sd21_vae_finetuned/generated_images/final/positive/gen_0994.png,gen_0994.png,77.8956,64.0,1.0,0.6822395324707031,1.0,0.67626953125,144.1686541064982,22.680889444639128,5.975464861590067,52.777259826660156,0.0,0.0,False,,-8.850272669028222,False,
positive,/mnt/MammoDiffusion/MammoDiffusion/experiments/diffusers/03_sd21_vae_finetuned/generated_images/final/positive/gen_0995.png,gen_0995.png,119.8956,106.0,1.0,0.5493659973144531,0.9926534410087978,0.5464553833007812,155.73659336823735,25.150422418647285,5.82834408235043,51.421958923339844,0.0,0.0,False,,-10.451933381883054,False,
positive,/mnt/MammoDiffusion/MammoDiffusion/experiments/diffusers/03_sd21_vae_finetuned/generated_images/final/positive/gen_0996.png,gen_0996.png,79.8956,66.0,1.0,0.7211341857910156,0.9973339116911146,0.7155342102050781,141.64091846907604,26.38269786659993,6.28092624575889,212.03079223632812,0.0,0.0,False,,-8.723702887931536,True,1358.0
positive,/mnt/MammoDiffusion/MammoDiffusion/experiments/diffusers/03_sd21_vae_finetuned/generated_images/final/positive/gen_0997.png,gen_0997.png,220.0,225.0,1.0,0.3974609375,0.9826858108108109,0.3827323913574219,225.61243284727553,8.761257337671912,6.080349172993757,327.2754821777344,0.0,0.0,False,,-18.3505907222658,False,
positive,/mnt/MammoDiffusion/MammoDiffusion/experiments/diffusers/03_sd21_vae_finetuned/generated_images/final/positive/gen_0998.png,gen_0998.png,102.8956,89.0,1.0,0.5873832702636719,0.9858097532780444,0.6245346069335938,139.33210154045372,31.316670271359214,6.445785381474872,299.47174072265625,0.0,0.0,False,,-14.144517188853548,False,
positive,/mnt/MammoDiffusion/MammoDiffusion/experiments/diffusers/03_sd21_vae_finetuned/generated_images/final/positive/gen_0999.png,gen_0999.png,125.8956,112.0,1.0,0.6976394653320312,0.9974409728677508,0.6946563720703125,152.241136738056,15.703274866773317,5.474509491580738,25.50841522216797,0.0,0.0,False,,-9.036600781478889,False,
positive,/mnt/MammoDiffusion/MammoDiffusion/experiments/diffusers/03_sd21_vae_finetuned/generated_images/final/positive/gen_1000.png,gen_1000.png,139.8956,126.0,1.0,0.3287200927734375,0.9483823051571276,0.36331939697265625,153.20258919384304,20.09961021184846,5.3992878901767485,38.55149841308594,0.0,0.0,False,,-34.19961752013443,False,
positive,/mnt/MammoDiffusion/MammoDiffusion/experiments/diffusers/03_sd21_vae_finetuned/generated_images/final/positive/gen_1001.png,gen_1001.png,128.8956,115.0,1.0,0.3896369934082031,0.9964950411685807,0.3868217468261719,161.35572912044023,23.78005430821313,5.267007307322308,48.180633544921875,0.0,0.0,False,,-7.174267128858572,True,547.0
positive,/mnt/MammoDiffusion/MammoDiffusion/experiments/diffusers/03_sd21_vae_finetuned/generated_images/final/positive/gen_1002.png,gen_1002.png,88.8956,75.0,1.0,0.5431709289550781,0.9974225537085027,0.5357589721679688,168.86377682525668,20.6386914016756,5.64110882647857,144.19911193847656,0.0,0.0,False,,-8.152724061125962,True,1067.0
positive,/mnt/MammoDiffusion/MammoDiffusion/experiments/diffusers/03_sd21_vae_finetuned/generated_images/final/positive/gen_1003.png,gen_1003.png,26.8956,13.0,1.0,0.5361862182617188,0.9976735582464179,0.5291099548339844,164.74262272625683,24.287084236608063,5.56721602322636,285.1249084472656,0.0,0.0,False,,-7.338609661996947,True,626.0
positive,/mnt/MammoDiffusion/MammoDiffusion/experiments/diffusers/03_sd21_vae_finetuned/generated_images/final/positive/gen_1004.png,gen_1004.png,105.8956,92.0,1.0,0.5427513122558594,0.9979055236542287,0.5376968383789062,148.28379471316885,24.2876404607035,5.842059394158069,41.49956512451172,0.0,0.0,False,,-7.335678946603075,True,625.0
positive,/mnt/MammoDiffusion/MammoDiffusion/experiments/diffusers/03_sd21_vae_finetuned/generated_images/final/positive/gen_1005.png,gen_1005.png,10.0,0.0,0.0,0.8291893005371094,0.9985784410697116,0.8210182189941406,151.7318387733767,19.99469857426903,5.354297773280383,306.8591613769531,0.0,0.0,False,,-8.53278336054087,True,1280.0
positive,/mnt/MammoDiffusion/MammoDiffusion/experiments/diffusers/03_sd21_vae_finetuned/generated_images/final/positive/gen_1006.png,gen_1006.png,125.8956,112.0,1.0,0.47298431396484375,0.9936527139285426,0.470001220703125,156.79295175637947,23.663094701142022,5.470178958042169,63.80177307128906,0.0,0.0,False,,-9.15071457942861,False,
positive,/mnt/MammoDiffusion/MammoDiffusion/experiments/diffusers/03_sd21_vae_finetuned/generated_images/final/positive/gen_1007.png,gen_1007.png,121.8956,108.0,1.0,0.17569351196289062,0.8189200338710728,0.16088104248046875,162.0441267131408,37.413824373943896,5.45165863028272,186.59609985351562,0.0,0.0,False,,-106.36356506567147,False,
positive,/mnt/MammoDiffusion/MammoDiffusion/experiments/diffusers/03_sd21_vae_finetuned/generated_images/final/positive/gen_1008.png,gen_1008.png,66.8956,53.0,1.0,0.6493988037109375,0.9984962052679809,0.6421127319335938,161.40601570761498,20.310273514306918,6.014402512673746,163.57455444335938,0.0,0.0,False,,-8.41301488979477,True,1215.0
positive,/mnt/MammoDiffusion/MammoDiffusion/experiments/diffusers/03_sd21_vae_finetuned/generated_images/final/positive/gen_1009.png,gen_1009.png,129.8956,116.0,1.0,0.6519317626953125,0.9974663545933294,0.6530227661132812,162.9626780227355,20.56474635103413,6.06522839375267,160.2102813720703,0.0,0.0,False,,-9.142207018748245,False,
positive,/mnt/MammoDiffusion/MammoDiffusion/experiments/diffusers/03_sd21_vae_finetuned/generated_images/final/positive/gen_1010.png,gen_1010.png,105.8956,92.0,1.0,0.6666145324707031,0.9996680953825201,0.6608009338378906,161.04967527781787,19.687208173003842,5.916510594454932,30.18596649169922,0.0,0.0,False,,-9.258576756679489,False,
positive,/mnt/MammoDiffusion/MammoDiffusion/experiments/diffusers/03_sd21_vae_finetuned/generated_images/final/positive/gen_1011.png,gen_1011.png,80.8956,67.0,1.0,0.6606369018554688,0.9980078761072166,0.6533050537109375,164.95197360738058,22.01117208908908,5.846581213400486,225.29005432128906,0.0,0.0,False,,-8.506493534465166,True,1269.0
positive,/mnt/MammoDiffusion/MammoDiffusion/experiments/diffusers/03_sd21_vae_finetuned/generated_images/final/positive/gen_1012.png,gen_1012.png,56.0,51.0,0.0,0.7589912414550781,0.997703113612947,0.7512435913085938,155.27425431870577,23.521738890953543,6.015791605142243,201.88485717773438,0.0,0.0,False,,-9.12931469351264,False,
positive,/mnt/MammoDiffusion/MammoDiffusion/experiments/diffusers/03_sd21_vae_finetuned/generated_images/final/positive/gen_1013.png,gen_1013.png,16.8956,3.0,1.0,0.8620414733886719,0.9991946154288673,0.8562545776367188,97.19814935267439,48.40556335972439,7.193994167341597,617.939208984375,0.0,0.0,False,,-8.00984193717391,True,987.0
positive,/mnt/MammoDiffusion/MammoDiffusion/experiments/diffusers/03_sd21_vae_finetuned/generated_images/final/positive/gen_1014.png,gen_1014.png,105.8956,92.0,1.0,0.8283462524414062,0.9977710848921924,0.8199844360351562,147.95018003851987,21.063032693142,6.161824080085154,208.86160278320312,0.0,0.0,False,,-9.64022465283151,False,
positive,/mnt/MammoDiffusion/MammoDiffusion/experiments/diffusers/03_sd21_vae_finetuned/generated_images/final/positive/gen_1015.png,gen_1015.png,77.8956,64.0,1.0,0.5356216430664062,0.9981767680364646,0.5899887084960938,122.65571374998383,43.43995510931003,6.437371764379203,428.3864440917969,0.0,0.0,False,,-5.95121685780276,True,134.0
positive,/mnt/MammoDiffusion/MammoDiffusion/experiments/diffusers/03_sd21_vae_finetuned/generated_images/final/positive/gen_1016.png,gen_1016.png,69.7912,47.0,2.0,0.88873291015625,1.0,0.8786544799804688,140.55940069638004,21.28900234131537,6.116516849487725,42.09076690673828,0.0,0.0,False,,-10.355110125597259,False,
positive,/mnt/MammoDiffusion/MammoDiffusion/experiments/diffusers/03_sd21_vae_finetuned/generated_images/final/positive/gen_1017.png,gen_1017.png,112.8956,99.0,1.0,0.7865257263183594,0.995319691730162,0.7806129455566406,146.96979470564375,18.915577857561583,5.965758723617087,26.599571228027344,0.0,0.0,False,,-10.88882681101402,False,
positive,/mnt/MammoDiffusion/MammoDiffusion/experiments/diffusers/03_sd21_vae_finetuned/generated_images/final/positive/gen_1018.png,gen_1018.png,220.0,227.0,1.0,0.5223541259765625,0.9916454882715509,0.5096359252929688,228.18019730834294,6.226520849931468,5.5285084038852474,264.2266845703125,0.0,0.0,True,low_contrast,,False,
positive,/mnt/MammoDiffusion/MammoDiffusion/experiments/diffusers/03_sd21_vae_finetuned/generated_images/final/positive/gen_1019.png,gen_1019.png,48.8956,35.0,1.0,0.5337944030761719,1.0,0.5278434753417969,152.85418910031726,24.635420293642436,5.728068401813564,57.99983215332031,0.0,0.0,False,,-7.726599384044463,True,816.0
positive,/mnt/MammoDiffusion/MammoDiffusion/experiments/diffusers/03_sd21_vae_finetuned/generated_images/final/positive/gen_1020.png,gen_1020.png,97.8956,84.0,1.0,0.5615959167480469,0.9999728295940062,0.5555877685546875,153.12896514789486,21.550115167463183,5.497254745385891,38.65565490722656,0.0,0.0,False,,-7.921248335625041,True,933.0
positive,/mnt/MammoDiffusion/MammoDiffusion/experiments/diffusers/03_sd21_vae_finetuned/generated_images/final/positive/gen_1021.png,gen_1021.png,94.8956,81.0,1.0,0.3754386901855469,0.9593777624239223,0.3763008117675781,139.78768310608748,39.77442238053935,6.171068627770377,228.19253540039062,0.0,0.0,False,,-26.73475790280556,False,
positive,/mnt/MammoDiffusion/MammoDiffusion/experiments/diffusers/03_sd21_vae_finetuned/generated_images/final/positive/gen_1022.png,gen_1022.png,172.8956,159.0,1.0,0.051883697509765625,0.7653113741636645,0.038364410400390625,197.33697921845481,11.60017596731924,6.092350284979043,301.000732421875,0.0,0.0,True,too_empty,,False,
positive,/mnt/MammoDiffusion/MammoDiffusion/experiments/diffusers/03_sd21_vae_finetuned/generated_images/final/positive/gen_1023.png,gen_1023.png,98.8956,85.0,1.0,0.4297447204589844,0.9997248235764058,0.423980712890625,164.5953627726193,22.957068699134766,5.298514314569808,38.78614044189453,0.0,0.0,False,,-6.951126638010083,True,451.0
positive,/mnt/MammoDiffusion/MammoDiffusion/experiments/diffusers/03_sd21_vae_finetuned/generated_images/final/positive/gen_1024.png,gen_1024.png,92.8956,79.0,1.0,0.4760589599609375,0.9919628834257508,0.5627212524414062,128.09640440907305,39.27918878546294,6.1745068430444565,270.3140869140625,0.0,0.0,False,,-9.17436723849969,False,
positive,/mnt/MammoDiffusion/MammoDiffusion/experiments/diffusers/03_sd21_vae_finetuned/generated_images/final/positive/gen_1025.png,gen_1025.png,179.0,172.0,4.0,0.042919158935546875,0.3385476846502533,0.014514923095703125,184.7634691195795,4.275318715636119,5.904121462735097,92.48490905761719,0.0,0.0,True,too_empty,,False,
positive,/mnt/MammoDiffusion/MammoDiffusion/experiments/diffusers/03_sd21_vae_finetuned/generated_images/final/positive/gen_1026.png,gen_1026.png,135.8956,122.0,1.0,0.3607025146484375,0.9919412834722281,0.35335540771484375,169.01460649897442,21.504859932761722,4.934284175683487,145.15499877929688,0.0,0.0,False,,-9.875721415580717,False,
positive,/mnt/MammoDiffusion/MammoDiffusion/experiments/diffusers/03_sd21_vae_finetuned/generated_images/final/positive/gen_1027.png,gen_1027.png,60.8956,47.0,1.0,0.4757232666015625,0.9974420245693941,0.4688720703125,166.31003482166102,25.732399030395527,5.586531157481891,201.0247344970703,0.0,0.0,False,,-7.129431361163388,True,531.0
positive,/mnt/MammoDiffusion/MammoDiffusion/experiments/diffusers/03_sd21_vae_finetuned/generated_images/final/positive/gen_1028.png,gen_1028.png,108.8956,95.0,1.0,0.433502197265625,0.999964801126364,0.4278411865234375,162.78792931274296,23.859614158621202,4.737557973244357,21.290115356445312,0.0,0.0,False,,-6.460286987923444,True,267.0
positive,/mnt/MammoDiffusion/MammoDiffusion/experiments/diffusers/03_sd21_vae_finetuned/generated_images/final/positive/gen_1029.png,gen_1029.png,145.8956,132.0,1.0,0.21152496337890625,0.5461496844003607,0.11301040649414062,189.4873924050633,26.986230926417843,5.6417306600446295,118.74056243896484,0.0,0.0,True,too_empty,,False,
positive,/mnt/MammoDiffusion/MammoDiffusion/experiments/diffusers/03_sd21_vae_finetuned/generated_images/final/positive/gen_1030.png,gen_1030.png,115.8956,102.0,1.0,0.22689437866210938,0.9151465223019889,0.207305908203125,153.08512439275725,30.57802853459087,4.509686681859645,40.24860382080078,0.0,0.0,False,,-52.08322174505464,False,
positive,/mnt/MammoDiffusion/MammoDiffusion/experiments/diffusers/03_sd21_vae_finetuned/generated_images/final/positive/gen_1031.png,gen_1031.png,72.8956,59.0,1.0,0.4167137145996094,0.9965946227995496,0.4424018859863281,122.35600527709036,43.304291683810355,6.061669263326012,245.4294891357422,0.0,0.0,False,,-5.670925608359571,True,82.0
positive,/mnt/MammoDiffusion/MammoDiffusion/experiments/diffusers/03_sd21_vae_finetuned/generated_images/final/positive/gen_1032.png,gen_1032.png,114.8956,101.0,1.0,0.3020172119140625,0.9715934926489163,0.2994575500488281,153.47972637291244,33.07075012005774,5.262939364865999,100.31277465820312,0.0,0.0,False,,-20.624717776028525,False,
positive,/mnt/MammoDiffusion/MammoDiffusion/experiments/diffusers/03_sd21_vae_finetuned/generated_images/final/positive/gen_1033.png,gen_1033.png,10.0,0.0,0.0,0.8401679992675781,0.9994687734114281,0.8360214233398438,74.789690542896,52.5606442286045,6.766414149220831,604.0986938476562,0.0,0.0,False,,-7.769670318729311,True,848.0
positive,/mnt/MammoDiffusion/MammoDiffusion/experiments/diffusers/03_sd21_vae_finetuned/generated_images/final/positive/gen_1034.png,gen_1034.png,100.8956,87.0,1.0,0.4467277526855469,0.9984629441450981,0.44024658203125,160.62019097462914,26.510420829923444,5.449417585697166,83.70220184326172,0.0,0.0,False,,-6.150183835119639,True,177.0
positive,/mnt/MammoDiffusion/MammoDiffusion/experiments/diffusers/03_sd21_vae_finetuned/generated_images/final/positive/gen_1035.png,gen_1035.png,128.8956,115.0,1.0,0.36913299560546875,0.9943885248951078,0.36579132080078125,161.90429658984252,23.07326014036833,4.953168666073654,28.445030212402344,0.0,0.0,False,,-8.267438200259905,True,1134.0
positive,/mnt/MammoDiffusion/MammoDiffusion/experiments/diffusers/03_sd21_vae_finetuned/generated_images/final/positive/gen_1036.png,gen_1036.png,114.0,109.0,0.0,0.7498207092285156,0.9974155605638962,0.7464332580566406,143.57951275853083,18.53223684337831,5.517544229730131,38.89775848388672,0.0,0.0,False,,-8.96135903019996,False,
positive,/mnt/MammoDiffusion/MammoDiffusion/experiments/diffusers/03_sd21_vae_finetuned/generated_images/final/positive/gen_1037.png,gen_1037.png,40.8956,27.0,1.0,0.47650909423828125,0.9981747442240261,0.4853248596191406,110.30338376891335,54.53487032079723,6.104722085657355,429.692138671875,0.0,0.0,False,,-5.323229057847036,True,37.0
positive,/mnt/MammoDiffusion/MammoDiffusion/experiments/diffusers/03_sd21_vae_finetuned/generated_images/final/positive/gen_1038.png,gen_1038.png,27.8956,14.0,1.0,0.8203048706054688,0.9983305276276752,0.8107719421386719,146.79166176560537,23.03445010089064,6.147946634796234,221.18882751464844,0.0,0.0,False,,-9.064026044219109,False,
positive,/mnt/MammoDiffusion/MammoDiffusion/experiments/diffusers/03_sd21_vae_finetuned/generated_images/final/positive/gen_1039.png,gen_1039.png,104.8956,91.0,1.0,0.3780097961425781,0.9999899084698213,0.3728141784667969,150.9997032671312,25.913675668359375,4.742373976866499,25.02117919921875,0.0,0.0,False,,-5.999418908276649,True,148.0
positive,/mnt/MammoDiffusion/MammoDiffusion/experiments/diffusers/03_sd21_vae_finetuned/generated_images/final/positive/gen_1040.png,gen_1040.png,80.8956,67.0,1.0,0.4125556945800781,0.9944336054887238,0.45864105224609375,124.04913083257091,43.973896892962046,5.784745613473319,316.4202880859375,0.0,0.0,False,,-6.719019816876317,True,355.0
positive,/mnt/MammoDiffusion/MammoDiffusion/experiments/diffusers/03_sd21_vae_finetuned/generated_images/final/positive/gen_1041.png,gen_1041.png,118.8956,105.0,1.0,0.5118217468261719,0.9921741658033405,0.5055809020996094,159.25047723242918,25.631441471784083,5.834551391364199,179.963623046875,0.0,0.0,False,,-10.363614611412682,False,
positive,/mnt/MammoDiffusion/MammoDiffusion/experiments/diffusers/03_sd21_vae_finetuned/generated_images/final/positive/gen_1042.png,gen_1042.png,14.8956,1.0,1.0,0.7309455871582031,0.9878818243021089,0.7134056091308594,160.1783065529503,21.710804353856712,5.811337739494368,361.21136474609375,0.0,0.0,False,,-14.20731744175105,False,
positive,/mnt/MammoDiffusion/MammoDiffusion/experiments/diffusers/03_sd21_vae_finetuned/generated_images/final/positive/gen_1043.png,gen_1043.png,78.8956,65.0,1.0,0.6499519348144531,0.9999295696116351,0.6472892761230469,132.5375906838045,33.69900779730947,6.217621137852332,155.3226318359375,0.0,0.0,False,,-7.59468453223467,True,755.0
positive,/mnt/MammoDiffusion/MammoDiffusion/experiments/diffusers/03_sd21_vae_finetuned/generated_images/final/positive/gen_1044.png,gen_1044.png,122.8956,109.0,1.0,0.4775581359863281,0.9953670050883064,0.46909332275390625,163.75559079450272,19.928680123480472,5.012066502353866,149.07937622070312,0.0,0.0,False,,-8.112761818537084,True,1043.0
positive,/mnt/MammoDiffusion/MammoDiffusion/experiments/diffusers/03_sd21_vae_finetuned/generated_images/final/positive/gen_1045.png,gen_1045.png,140.8956,127.0,1.0,0.35787200927734375,0.9811541987336645,0.35880279541015625,159.31777201301324,19.411090618740147,4.804668594437659,26.701988220214844,0.0,0.0,False,,-15.698120522946681,False,
positive,/mnt/MammoDiffusion/MammoDiffusion/experiments/diffusers/03_sd21_vae_finetuned/generated_images/final/positive/gen_1046.png,gen_1046.png,121.0,116.0,0.0,0.4239234924316406,0.9953747446661088,0.41790008544921875,166.41271565495208,24.76479680909628,4.535062169000366,151.7691650390625,0.0,0.0,False,,-7.029663804940615,True,479.0
positive,/mnt/MammoDiffusion/MammoDiffusion/experiments/diffusers/03_sd21_vae_finetuned/generated_images/final/positive/gen_1047.png,gen_1047.png,98.8956,85.0,1.0,0.6220359802246094,0.9970072916602786,0.6849021911621094,136.2078554997967,32.071814801302445,6.581392831255529,263.33380126953125,0.0,0.0,False,,-8.363653832500583,True,1186.0
positive,/mnt/MammoDiffusion/MammoDiffusion/experiments/diffusers/03_sd21_vae_finetuned/generated_images/final/positive/gen_1048.png,gen_1048.png,104.8956,91.0,1.0,0.7768745422363281,0.9953744850309104,0.7806472778320312,138.75032495773107,23.2602049355772,6.28769242237423,63.493873596191406,0.0,0.0,False,,-10.572487227443373,False,
positive,/mnt/MammoDiffusion/MammoDiffusion/experiments/diffusers/03_sd21_vae_finetuned/generated_images/final/positive/gen_1049.png,gen_1049.png,37.8956,24.0,1.0,0.707672119140625,0.991078744232179,0.7023658752441406,104.40219203675844,48.945445252928316,6.994751655518441,546.6695556640625,0.0,0.0,False,,-10.884593998114727,False,
positive,/mnt/MammoDiffusion/MammoDiffusion/experiments/diffusers/03_sd21_vae_finetuned/generated_images/final/positive/gen_1050.png,gen_1050.png,17.8956,4.0,1.0,0.6079139709472656,0.9993222934093035,0.6036453247070312,92.44221508828251,49.81629401684986,6.272380796603388,415.0957336425781,0.0,0.0,False,,-5.673452979436379,True,83.0
positive,/mnt/MammoDiffusion/MammoDiffusion/experiments/diffusers/03_sd21_vae_finetuned/generated_images/final/positive/gen_1051.png,gen_1051.png,112.8956,99.0,1.0,0.3752899169921875,0.9938503760927018,0.3696327209472656,154.56111128311505,29.007605618637342,4.9127038234096245,55.21697235107422,0.0,0.0,False,,-7.8241048166482425,True,879.0
positive,/mnt/MammoDiffusion/MammoDiffusion/experiments/diffusers/03_sd21_vae_finetuned/generated_images/final/positive/gen_1052.png,gen_1052.png,104.8956,91.0,1.0,0.2920188903808594,0.9795561129181852,0.3281745910644531,147.29908519220263,45.13884788304506,5.62409175080679,233.4704132080078,0.0,0.0,False,,-15.839603303676975,False,
positive,/mnt/MammoDiffusion/MammoDiffusion/experiments/diffusers/03_sd21_vae_finetuned/generated_images/final/positive/gen_1053.png,gen_1053.png,122.8956,109.0,1.0,0.4572601318359375,0.9954700170187206,0.46059417724609375,155.71965844528003,26.032103620320292,5.582994054077736,102.484130859375,0.0,0.0,False,,-7.9416943857585816,True,949.0
positive,/mnt/MammoDiffusion/MammoDiffusion/experiments/diffusers/03_sd21_vae_finetuned/generated_images/final/positive/gen_1054.png,gen_1054.png,115.8956,102.0,1.0,0.4336395263671875,0.9948977796544565,0.4270057678222656,151.12184532370887,26.082395113803518,5.245274703634663,29.944717407226562,0.0,0.0,False,,-7.645493090109267,True,781.0
positive,/mnt/MammoDiffusion/MammoDiffusion/experiments/diffusers/03_sd21_vae_finetuned/generated_images/final/positive/gen_1055.png,gen_1055.png,111.8956,98.0,1.0,0.18686294555664062,0.9694804531999591,0.19037246704101562,153.00715359182448,35.22459589576283,4.977750897640251,98.04130554199219,0.0,0.0,False,,-22.088795323922387,False,
positive,/mnt/MammoDiffusion/MammoDiffusion/experiments/diffusers/03_sd21_vae_finetuned/generated_images/final/positive/gen_1056.png,gen_1056.png,114.8956,101.0,1.0,0.4557838439941406,0.9993639156016437,0.45185089111328125,154.02853524693964,22.977130618403464,5.08773668153869,24.913955688476562,0.0,0.0,False,,-6.423804610651867,True,253.0
positive,/mnt/MammoDiffusion/MammoDiffusion/experiments/diffusers/03_sd21_vae_finetuned/generated_images/final/positive/gen_1057.png,gen_1057.png,69.8956,56.0,1.0,0.5742874145507812,0.9980271810609382,0.6064605712890625,116.87800352245566,42.79200477781162,6.428150328460299,343.21759033203125,0.0,0.0,False,,-6.018878416508622,True,151.0
positive,/mnt/MammoDiffusion/MammoDiffusion/experiments/diffusers/03_sd21_vae_finetuned/generated_images/final/positive/gen_1058.png,gen_1058.png,46.8956,33.0,1.0,0.7087173461914062,0.9991710893178173,0.7112960815429688,110.74361532108419,48.04605148751883,6.916699711417838,512.9686279296875,0.0,0.0,False,,-7.263865342210585,True,591.0
positive,/mnt/MammoDiffusion/MammoDiffusion/experiments/diffusers/03_sd21_vae_finetuned/generated_images/final/positive/gen_1059.png,gen_1059.png,118.8956,105.0,1.0,0.7021713256835938,0.997941000706253,0.7105789184570312,152.09991732608952,24.83187682978187,6.229614790334275,91.40080261230469,0.0,0.0,False,,-8.880294878521715,False,
positive,/mnt/MammoDiffusion/MammoDiffusion/experiments/diffusers/03_sd21_vae_finetuned/generated_images/final/positive/gen_1060.png,gen_1060.png,127.8956,114.0,1.0,0.3045768737792969,0.9932743008153502,0.2977180480957031,165.57921711832918,22.335556917780657,4.398976400814062,68.77677917480469,0.0,0.0,False,,-8.913762367994229,False,
positive,/mnt/MammoDiffusion/MammoDiffusion/experiments/diffusers/03_sd21_vae_finetuned/generated_images/final/positive/gen_1061.png,gen_1061.png,107.8956,94.0,1.0,0.594268798828125,0.9729882401273559,0.6015129089355469,140.05438125860113,29.70387458991316,6.369858840076139,177.51934814453125,0.0,0.0,False,,-21.319586868489104,False,
positive,/mnt/MammoDiffusion/MammoDiffusion/experiments/diffusers/03_sd21_vae_finetuned/generated_images/final/positive/gen_1062.png,gen_1062.png,96.0,91.0,0.0,0.42874908447265625,1.0,0.4231109619140625,152.9845648959573,26.812640332963298,4.445852404730528,22.94513702392578,0.0,0.0,False,,-5.650437391326387,True,78.0
positive,/mnt/MammoDiffusion/MammoDiffusion/experiments/diffusers/03_sd21_vae_finetuned/generated_images/final/positive/gen_1063.png,gen_1063.png,74.8956,61.0,1.0,0.7302742004394531,0.995147228592174,0.7860946655273438,111.89226961712039,33.66687939666094,6.729208339088073,165.61907958984375,0.0,0.0,False,,-9.489217790093413,False,
positive,/mnt/MammoDiffusion/MammoDiffusion/experiments/diffusers/03_sd21_vae_finetuned/generated_images/final/positive/gen_1064.png,gen_1064.png,140.478,91.0,5.0,0.20101547241210938,0.4842584685454028,0.1015472412109375,169.17212622088655,21.75480578326924,6.408434587671826,485.7208251953125,0.0,0.0,True,too_empty,,False,
positive,/mnt/MammoDiffusion/MammoDiffusion/experiments/diffusers/03_sd21_vae_finetuned/generated_images/final/positive/gen_1065.png,gen_1065.png,220.0,229.0,22.0,0.17351531982421875,0.5354174910961614,0.0897979736328125,250.8106627017842,4.59729669958378,7.031107680417662,543.63427734375,0.0,0.0,True,too_empty,,False,
positive,/mnt/MammoDiffusion/MammoDiffusion/experiments/diffusers/03_sd21_vae_finetuned/generated_images/final/positive/gen_1066.png,gen_1066.png,109.8956,96.0,1.0,0.4614295959472656,0.9972305123138863,0.4545783996582031,167.57905425250704,22.4967067095538,5.053371738945491,171.8212890625,0.0,0.0,False,,-6.928379346487142,True,442.0
positive,/mnt/MammoDiffusion/MammoDiffusion/experiments/diffusers/03_sd21_vae_finetuned/generated_images/final/positive/gen_1067.png,gen_1067.png,65.8956,52.0,1.0,0.6170806884765625,1.0,0.6109046936035156,149.69026819444878,21.861113304095664,5.9027794952616395,44.60986328125,0.0,0.0,False,,-8.574546300884837,True,1297.0
positive,/mnt/MammoDiffusion/MammoDiffusion/experiments/diffusers/03_sd21_vae_finetuned/generated_images/final/positive/gen_1068.png,gen_1068.png,140.8956,127.0,1.0,0.10422515869140625,0.717736622502013,0.0730133056640625,196.2626959247649,24.645578793558546,5.426077004562403,270.6366882324219,0.0,0.0,True,too_empty,,False,
positive,/mnt/MammoDiffusion/MammoDiffusion/experiments/diffusers/03_sd21_vae_finetuned/generated_images/final/positive/gen_1069.png,gen_1069.png,10.0,0.0,0.0,0.856292724609375,0.9985209736626395,0.8461952209472656,146.8446117434915,16.376624029189426,5.204133894255167,194.65682983398438,0.0,0.0,False,,-8.771609868986324,False,
positive,/mnt/MammoDiffusion/MammoDiffusion/experiments/diffusers/03_sd21_vae_finetuned/generated_images/final/positive/gen_1070.png,gen_1070.png,17.0,12.0,0.0,0.5677719116210938,0.9990660987113505,0.5631256103515625,97.44316488280721,52.619158658884736,5.899069203441735,482.29193115234375,0.0,0.0,False,,-5.15809541037323,True,19.0
positive,/mnt/MammoDiffusion/MammoDiffusion/experiments/diffusers/03_sd21_vae_finetuned/generated_images/final/positive/gen_1071.png,gen_1071.png,74.8956,61.0,1.0,0.34104156494140625,0.9917898928435606,0.3849372863769531,126.87835574626644,47.996617689203454,5.719505365259949,438.78173828125,0.0,0.0,False,,-8.083216987921029,True,1031.0
positive,/mnt/MammoDiffusion/MammoDiffusion/experiments/diffusers/03_sd21_vae_finetuned/generated_images/final/positive/gen_1072.png,gen_1072.png,128.7912,106.0,2.0,0.4116973876953125,0.9576831844631407,0.3753814697265625,165.2706292427137,26.170825278827962,6.183071537980069,177.1548309326172,0.0,0.0,False,,-29.495680766218545,False,
positive,/mnt/MammoDiffusion/MammoDiffusion/experiments/diffusers/03_sd21_vae_finetuned/generated_images/final/positive/gen_1073.png,gen_1073.png,142.8956,129.0,1.0,0.51251220703125,0.9893116589258069,0.5315513610839844,161.98535269084203,20.297324042578897,5.759821405844615,36.26499938964844,0.0,0.0,False,,-12.691664033738874,False,
positive,/mnt/MammoDiffusion/MammoDiffusion/experiments/diffusers/03_sd21_vae_finetuned/generated_images/final/positive/gen_1074.png,gen_1074.png,122.8956,109.0,1.0,0.5489006042480469,0.9755926360925978,0.6038742065429688,148.46882540966,27.319063638749498,6.157503265000678,209.12034606933594,0.0,0.0,False,,-20.066780314475707,False,
positive,/mnt/MammoDiffusion/MammoDiffusion/experiments/diffusers/03_sd21_vae_finetuned/generated_images/final/positive/gen_1075.png,gen_1075.png,105.8956,92.0,1.0,0.6268043518066406,0.9793138704789031,0.6256256103515625,140.8907587619814,29.459741579894583,6.361463012715393,151.44700622558594,0.0,0.0,False,,-18.036597451822637,False,
positive,/mnt/MammoDiffusion/MammoDiffusion/experiments/diffusers/03_sd21_vae_finetuned/generated_images/final/positive/gen_1076.png,gen_1076.png,87.8956,74.0,1.0,0.4126548767089844,0.9888791310376704,0.40499114990234375,153.39201816023962,35.051104647981795,5.596451288419345,165.01406860351562,0.0,0.0,False,,-10.454545978579162,False,
positive,/mnt/MammoDiffusion/MammoDiffusion/experiments/diffusers/03_sd21_vae_finetuned/generated_images/final/positive/gen_1077.png,gen_1077.png,76.8956,63.0,1.0,0.5999374389648438,0.9979207731925988,0.5928497314453125,165.4664182945976,20.5722972728932,5.9218279208434526,173.53182983398438,0.0,0.0,False,,-8.402412097456532,True,1210.0
positive,/mnt/MammoDiffusion/MammoDiffusion/experiments/diffusers/03_sd21_vae_finetuned/generated_images/final/positive/gen_1078.png,gen_1078.png,111.8956,98.0,1.0,0.7574958801269531,0.9965352792172149,0.7798652648925781,143.01091778885427,23.948309196748585,6.412294657769036,92.71080017089844,0.0,0.0,False,,-10.091072936456586,False,
positive,/mnt/MammoDiffusion/MammoDiffusion/experiments/diffusers/03_sd21_vae_finetuned/generated_images/final/positive/gen_1079.png,gen_1079.png,10.0,0.0,0.0,0.6350288391113281,0.9994113018039394,0.630218505859375,84.49435257372524,52.83564320641087,5.6433349908626536,405.23785400390625,0.0,0.0,False,,-5.264761196573287,True,28.0
positive,/mnt/MammoDiffusion/MammoDiffusion/experiments/diffusers/03_sd21_vae_finetuned/generated_images/final/positive/gen_1080.png,gen_1080.png,135.8956,122.0,1.0,0.37482452392578125,0.9861588878259276,0.3681678771972656,165.69948089894626,20.250434320889756,4.92817594100775,31.4539794921875,0.0,0.0,False,,-13.107745509384682,False,
positive,/mnt/MammoDiffusion/MammoDiffusion/experiments/diffusers/03_sd21_vae_finetuned/generated_images/final/positive/gen_1081.png,gen_1081.png,104.0,99.0,0.0,0.3065299987792969,0.9938149461763425,0.2995147705078125,161.09987773192725,31.542271731621828,3.918667486500315,129.8584442138672,0.0,0.0,False,,-7.266029458527894,True,593.0
positive,/mnt/MammoDiffusion/MammoDiffusion/experiments/diffusers/03_sd21_vae_finetuned/generated_images/final/positive/gen_1082.png,gen_1082.png,106.8956,93.0,1.0,0.4059562683105469,0.9980078745336829,0.4011726379394531,151.02608282223173,28.466588979142497,5.199431087057615,35.008331298828125,0.0,0.0,False,,-5.540637301827096,True,61.0
positive,/mnt/MammoDiffusion/MammoDiffusion/experiments/diffusers/03_sd21_vae_finetuned/generated_images/final/positive/gen_1083.png,gen_1083.png,220.0,246.0,2.0,0.23691940307617188,0.8379409728372004,0.191375732421875,247.76209934619678,2.768940571192804,6.751249454262228,490.8666687011719,0.0,0.0,True,low_contrast,,False,
positive,/mnt/MammoDiffusion/MammoDiffusion/experiments/diffusers/03_sd21_vae_finetuned/generated_images/final/positive/gen_1084.png,gen_1084.png,46.8956,33.0,1.0,0.7646141052246094,0.9990271354377143,0.764678955078125,105.49542044139362,42.95633186249126,6.970069667143821,448.8994445800781,0.0,0.0,False,,-7.155661921951166,True,537.0
positive,/mnt/MammoDiffusion/MammoDiffusion/experiments/diffusers/03_sd21_vae_finetuned/generated_images/final/positive/gen_1085.png,gen_1085.png,65.8956,52.0,1.0,0.6337890625,0.9974660535439137,0.6566963195800781,116.825168894388,41.93136954881312,6.65401818574095,315.0990295410156,0.0,0.0,False,,-6.863975776284594,True,414.0
positive,/mnt/MammoDiffusion/MammoDiffusion/experiments/diffusers/03_sd21_vae_finetuned/generated_images/final/positive/gen_1086.png,gen_1086.png,220.0,190.0,34.0,0.29378509521484375,0.9540992546809671,0.29242706298828125,224.64123770513189,12.897617073434805,6.995406639342195,581.0760498046875,0.0,0.0,False,,-35.099060452578016,False,
positive,/mnt/MammoDiffusion/MammoDiffusion/experiments/diffusers/03_sd21_vae_finetuned/generated_images/final/positive/gen_1087.png,gen_1087.png,57.8956,44.0,1.0,0.6827812194824219,0.9978769407834088,0.6753578186035156,166.4393106681503,20.630955169673427,5.677999708549547,219.88400268554688,0.0,0.0,False,,-8.71135139084779,True,1355.0
positive,/mnt/MammoDiffusion/MammoDiffusion/experiments/diffusers/03_sd21_vae_finetuned/generated_images/final/positive/gen_1088.png,gen_1088.png,74.8956,61.0,1.0,0.7261734008789062,0.9980300690263814,0.7185478210449219,148.8745188810966,19.168825810990604,5.529963713438253,152.44265747070312,0.0,0.0,False,,-8.4213449258303,True,1221.0
positive,/mnt/MammoDiffusion/MammoDiffusion/experiments/diffusers/03_sd21_vae_finetuned/generated_images/final/positive/gen_1089.png,gen_1089.png,10.0,0.0,0.0,0.8718986511230469,0.9999956248386659,0.8653640747070312,103.42603482477408,61.27481606062558,6.961823649873601,556.7383422851562,0.0,0.0,False,,-9.461623514558537,False,
positive,/mnt/MammoDiffusion/MammoDiffusion/experiments/diffusers/03_sd21_vae_finetuned/generated_images/final/positive/gen_1090.png,gen_1090.png,115.8956,102.0,1.0,0.2890586853027344,0.9918310788518641,0.2823219299316406,164.0525881987326,25.497328504174092,4.130339521089166,148.4496307373047,0.0,0.0,False,,-9.18618859495453,False,
positive,/mnt/MammoDiffusion/MammoDiffusion/experiments/diffusers/03_sd21_vae_finetuned/generated_images/final/positive/gen_1091.png,gen_1091.png,114.8956,101.0,1.0,0.3264007568359375,1.0,0.32080841064453125,165.59266569954102,26.148952705719015,4.773105310760087,26.81378936767578,0.0,0.0,False,,-6.81302206045056,True,388.0
positive,/mnt/MammoDiffusion/MammoDiffusion/experiments/diffusers/03_sd21_vae_finetuned/generated_images/final/positive/gen_1092.png,gen_1092.png,105.8956,92.0,1.0,0.3606529235839844,0.9961710544408364,0.3550682067871094,147.99946282190396,30.614049342026124,5.104037040703074,35.71778106689453,0.0,0.0,False,,-6.532416864817851,True,299.0
positive,/mnt/MammoDiffusion/MammoDiffusion/experiments/diffusers/03_sd21_vae_finetuned/generated_images/final/positive/gen_1093.png,gen_1093.png,144.8956,131.0,1.0,0.235137939453125,0.9753406878650227,0.22881317138671875,172.46140508819312,23.829621436432024,4.560642929185141,30.06365203857422,0.0,0.0,False,,-19.64752236263535,False,
positive,/mnt/MammoDiffusion/MammoDiffusion/experiments/diffusers/03_sd21_vae_finetuned/generated_images/final/positive/gen_1094.png,gen_1094.png,104.8956,91.0,1.0,0.48377227783203125,1.0,0.4778785705566406,165.39904847812377,22.844025678599778,5.316616014703526,31.739166259765625,0.0,0.0,False,,-7.526402338143669,True,719.0
positive,/mnt/MammoDiffusion/MammoDiffusion/experiments/diffusers/03_sd21_vae_finetuned/generated_images/final/positive/gen_1095.png,gen_1095.png,94.8956,81.0,1.0,0.6277198791503906,0.9872563854806659,0.658477783203125,130.69545117486211,30.74616996908922,6.178110430088953,180.9825439453125,0.0,0.0,False,,-13.228780664161903,False,
positive,/mnt/MammoDiffusion/MammoDiffusion/experiments/diffusers/03_sd21_vae_finetuned/generated_images/final/positive/gen_1096.png,gen_1096.png,52.8956,39.0,1.0,0.6982803344726562,0.9948921059819721,0.7577362060546875,113.41339434946335,50.82291294930882,7.098030528961946,530.7947387695312,0.0,0.0,False,,-9.669849136522844,False,
positive,/mnt/MammoDiffusion/MammoDiffusion/experiments/diffusers/03_sd21_vae_finetuned/generated_images/final/positive/gen_1097.png,gen_1097.png,56.8956,43.0,1.0,0.60595703125,1.0,0.6000823974609375,160.46953746789737,24.282136942263488,5.968160861987566,63.8807373046875,0.0,0.0,False,,-8.700649827457273,True,1353.0
positive,/mnt/MammoDiffusion/MammoDiffusion/experiments/diffusers/03_sd21_vae_finetuned/generated_images/final/positive/gen_1098.png,gen_1098.png,37.8956,24.0,1.0,0.4773712158203125,1.0,0.4716835021972656,156.37973618872778,31.904053965081378,5.6386919381613865,71.07675170898438,0.0,0.0,False,,-6.838217772033542,True,403.0
positive,/mnt/MammoDiffusion/MammoDiffusion/experiments/diffusers/03_sd21_vae_finetuned/generated_images/final/positive/gen_1099.png,gen_1099.png,78.8956,65.0,1.0,0.6802978515625,0.9988560918715235,0.7040367126464844,128.70771406433715,39.72428730211082,6.920995653456215,379.1910400390625,0.0,0.0,False,,-7.256140121380601,True,587.0
positive,/mnt/MammoDiffusion/MammoDiffusion/experiments/diffusers/03_sd21_vae_finetuned/generated_images/final/positive/gen_1100.png,gen_1100.png,127.8956,114.0,1.0,0.3845863342285156,0.9946437604769037,0.3784675598144531,155.45673450051908,21.13043714458351,5.125204963583037,32.04497528076172,0.0,0.0,False,,-8.145508501396169,True,1064.0
positive,/mnt/MammoDiffusion/MammoDiffusion/experiments/diffusers/03_sd21_vae_finetuned/generated_images/final/positive/gen_1101.png,gen_1101.png,113.8956,100.0,1.0,0.3954353332519531,0.9958132759668535,0.3890380859375,162.74048870411045,27.50871402821844,5.268841086597215,177.5690155029297,0.0,0.0,False,,-7.159330277472904,True,539.0
positive,/mnt/MammoDiffusion/MammoDiffusion/experiments/diffusers/03_sd21_vae_finetuned/generated_images/final/positive/gen_1102.png,gen_1102.png,138.8956,125.0,1.0,0.2608222961425781,0.9237857048835066,0.2598838806152344,161.758803411276,22.41168047060489,5.159551111022187,21.972190856933594,0.0,0.0,False,,-48.43636808944536,False,
positive,/mnt/MammoDiffusion/MammoDiffusion/experiments/diffusers/03_sd21_vae_finetuned/generated_images/final/positive/gen_1103.png,gen_1103.png,78.8956,65.0,1.0,0.4489250183105469,0.9999915025959569,0.4433326721191406,159.34174862541624,26.434726264132774,5.542043299068119,51.46253967285156,0.0,0.0,False,,-7.0479498079036365,True,488.0
positive,/mnt/MammoDiffusion/MammoDiffusion/experiments/diffusers/03_sd21_vae_finetuned/generated_images/final/positive/gen_1104.png,gen_1104.png,10.0,0.0,0.0,0.7871246337890625,0.9996219831346321,0.7832145690917969,87.5168156247717,53.47771110972022,6.612908055666309,577.3516845703125,0.0,0.0,False,,-7.2944134787361925,True,605.0
positive,/mnt/MammoDiffusion/MammoDiffusion/experiments/diffusers/03_sd21_vae_finetuned/generated_images/final/positive/gen_1105.png,gen_1105.png,133.0,128.0,0.0,0.594940185546875,0.9948640677096692,0.5928688049316406,170.9182779232645,20.59751310562867,5.328517923458632,155.96823120117188,0.0,0.0,False,,-9.701566971210886,False,
positive,/mnt/MammoDiffusion/MammoDiffusion/experiments/diffusers/03_sd21_vae_finetuned/generated_images/final/positive/gen_1106.png,gen_1106.png,220.0,175.0,65.0,0.22209548950195312,0.967090912213806,0.20772552490234375,241.6894993939839,3.560195606986796,7.001889418966181,613.0593872070312,0.0,0.0,True,low_contrast,,False,
positive,/mnt/MammoDiffusion/MammoDiffusion/experiments/diffusers/03_sd21_vae_finetuned/generated_images/final/positive/gen_1107.png,gen_1107.png,65.8956,52.0,1.0,0.5606498718261719,0.9976321859414442,0.5534439086914062,161.4095339187494,21.45505309017599,5.464902741596697,206.70867919921875,0.0,0.0,False,,-7.6195740898651145,True,763.0
positive,/mnt/MammoDiffusion/MammoDiffusion/experiments/diffusers/03_sd21_vae_finetuned/generated_images/final/positive/gen_1108.png,gen_1108.png,131.8956,118.0,1.0,0.4895515441894531,0.9911791978680464,0.4921913146972656,156.3196512303817,21.11256470647796,5.497891841322305,44.698814392089844,0.0,0.0,False,,-10.890194786780302,False,
positive,/mnt/MammoDiffusion/MammoDiffusion/experiments/diffusers/03_sd21_vae_finetuned/generated_images/final/positive/gen_1109.png,gen_1109.png,95.8956,82.0,1.0,0.3653717041015625,1.0,0.35990142822265625,153.2647913001081,27.176234430140024,5.001792728037611,32.54132843017578,0.0,0.0,False,,-6.318493501350098,True,222.0
positive,/mnt/MammoDiffusion/MammoDiffusion/experiments/diffusers/03_sd21_vae_finetuned/generated_images/final/positive/gen_1110.png,gen_1110.png,129.8956,116.0,1.0,0.24283981323242188,0.9922399032344209,0.23768997192382812,163.0771798616572,28.766231199519567,4.50672238051025,28.420181274414062,0.0,0.0,False,,-9.518220035899104,False,
positive,/mnt/MammoDiffusion/MammoDiffusion/experiments/diffusers/03_sd21_vae_finetuned/generated_images/final/positive/gen_1111.png,gen_1111.png,49.5824,9.0,4.0,0.8220252990722656,0.9770800365679919,0.8088111877441406,112.44385803560901,48.64480454907172,7.555830832513868,1134.956298828125,0.0,0.0,False,,-20.111265527738297,False,
positive,/mnt/MammoDiffusion/MammoDiffusion/experiments/diffusers/03_sd21_vae_finetuned/generated_images/final/positive/gen_1112.png,gen_1112.png,75.8956,62.0,1.0,0.4754905700683594,0.9942718236299309,0.467498779296875,150.03162739082185,24.743598906155892,4.852546509171187,265.87652587890625,0.0,0.0,False,,-7.649763484626286,True,783.0
positive,/mnt/MammoDiffusion/MammoDiffusion/experiments/diffusers/03_sd21_vae_finetuned/generated_images/final/positive/gen_1113.png,gen_1113.png,96.8956,83.0,1.0,0.5910530090332031,0.999761199424297,0.5860328674316406,147.4386851098454,27.068993691889773,5.626598388387828,64.60258483886719,0.0,0.0,False,,-7.540973327116669,True,730.0
positive,/mnt/MammoDiffusion/MammoDiffusion/experiments/diffusers/03_sd21_vae_finetuned/generated_images/final/positive/gen_1114.png,gen_1114.png,93.8956,80.0,1.0,0.6186141967773438,0.9974902260646498,0.6115379333496094,155.02523220490173,22.96936572614059,5.894316723348076,151.423583984375,0.0,0.0,False,,-8.2793347450318,True,1143.0
positive,/mnt/MammoDiffusion/MammoDiffusion/experiments/diffusers/03_sd21_vae_finetuned/generated_images/final/positive/gen_1115.png,gen_1115.png,125.7912,103.0,2.0,0.5276298522949219,0.9142898456421935,0.5048408508300781,154.9605413288399,27.760945349925844,6.903593457689654,372.1605224609375,0.0,0.0,False,,-54.137941141750964,False,
positive,/mnt/MammoDiffusion/MammoDiffusion/experiments/diffusers/03_sd21_vae_finetuned/generated_images/final/positive/gen_1116.png,gen_1116.png,111.8956,98.0,1.0,0.5093231201171875,0.9972063273315558,0.502777099609375,163.58266312594841,24.36061390341924,5.610818763385936,157.18031311035156,0.0,0.0,False,,-7.580386907052366,True,746.0
positive,/mnt/MammoDiffusion/MammoDiffusion/experiments/diffusers/03_sd21_vae_finetuned/generated_images/final/positive/gen_1117.png,gen_1117.png,100.8956,87.0,1.0,0.6710090637207031,0.9988971068953559,0.6652870178222656,143.80998962161914,24.71271595360616,6.005266941071715,66.48265075683594,0.0,0.0,False,,-8.021908614874627,True,993.0
positive,/mnt/MammoDiffusion/MammoDiffusion/experiments/diffusers/03_sd21_vae_finetuned/generated_images/final/positive/gen_1118.png,gen_1118.png,118.8956,105.0,1.0,0.47280120849609375,0.9953123235061561,0.4710845947265625,149.60815275483432,21.993812220347827,5.568680893173717,39.88908386230469,0.0,0.0,False,,-8.2614014662892,True,1131.0
positive,/mnt/MammoDiffusion/MammoDiffusion/experiments/diffusers/03_sd21_vae_finetuned/generated_images/final/positive/gen_1119.png,gen_1119.png,56.8956,43.0,1.0,0.7229461669921875,1.0,0.7170639038085938,121.2041292944769,29.28434347206793,6.200695416728907,52.15801239013672,0.0,0.0,False,,-8.18011803084657,True,1077.0
positive,/mnt/MammoDiffusion/MammoDiffusion/experiments/diffusers/03_sd21_vae_finetuned/generated_images/final/positive/gen_1120.png,gen_1120.png,117.8956,104.0,1.0,0.5718154907226562,0.9783119187714312,0.5800323486328125,143.5697590298056,23.257718745463134,6.082129232364244,108.26374816894531,0.0,0.0,False,,-18.583218700010647,False,
positive,/mnt/MammoDiffusion/MammoDiffusion/experiments/diffusers/03_sd21_vae_finetuned/generated_images/final/positive/gen_1121.png,gen_1121.png,121.8956,108.0,1.0,0.6790695190429688,0.9879953262102981,0.6721076965332031,147.23729063675938,18.882161802420324,5.654155840979645,38.48249816894531,0.0,0.0,False,,-13.912793346625794,False,
positive,/mnt/MammoDiffusion/MammoDiffusion/experiments/diffusers/03_sd21_vae_finetuned/generated_images/final/positive/gen_1122.png,gen_1122.png,83.7912,61.0,2.0,0.5377082824707031,0.994352887760097,0.6311759948730469,123.16049293178371,41.99877317191534,6.731304047822388,362.6328125,0.0,0.0,False,,-8.636359977745244,True,1324.0
positive,/mnt/MammoDiffusion/MammoDiffusion/experiments/diffusers/03_sd21_vae_finetuned/generated_images/final/positive/gen_1123.png,gen_1123.png,76.8956,63.0,1.0,0.5284042358398438,0.9805079484254754,0.6413383483886719,116.66051640763013,47.3005978359746,6.535840260916768,403.83935546875,0.0,0.0,False,,-16.324510981733013,False,
positive,/mnt/MammoDiffusion/MammoDiffusion/experiments/diffusers/03_sd21_vae_finetuned/generated_images/final/positive/gen_1124.png,gen_1124.png,220.0,225.0,24.0,0.2336273193359375,0.9413820129318791,0.211395263671875,249.51320918146385,2.6014299451411023,6.711524320542015,420.1463317871094,0.0,0.0,True,low_contrast,,False,
positive,/mnt/MammoDiffusion/MammoDiffusion/experiments/diffusers/03_sd21_vae_finetuned/generated_images/final/positive/gen_1125.png,gen_1125.png,220.0,215.0,38.0,0.17865371704101562,0.5209360920718297,0.09018325805664062,253.61444101349352,2.0435865339716925,6.7849466874024,630.460205078125,0.0,0.0,True,too_empty,,False,
positive,/mnt/MammoDiffusion/MammoDiffusion/experiments/diffusers/03_sd21_vae_finetuned/generated_images/final/positive/gen_1126.png,gen_1126.png,34.8956,21.0,1.0,0.5860176086425781,1.0,0.5802001953125,160.84975936250788,21.459484000707945,5.683444866725747,43.609718322753906,0.0,0.0,False,,-8.52194469370344,True,1276.0
positive,/mnt/MammoDiffusion/MammoDiffusion/experiments/diffusers/03_sd21_vae_finetuned/generated_images/final/positive/gen_1127.png,gen_1127.png,220.0,43.0,33.0,0.18187713623046875,0.9080917823734217,0.16022491455078125,253.93902671301367,1.514471935012837,6.874324787516462,378.8114929199219,0.0,0.0,True,low_contrast,,False,
positive,/mnt/MammoDiffusion/MammoDiffusion/experiments/diffusers/03_sd21_vae_finetuned/generated_images/final/positive/gen_1128.png,gen_1128.png,72.8956,59.0,1.0,0.6661224365234375,1.0,0.6601181030273438,136.50277960773437,21.351447201606728,5.683198129227661,27.798675537109375,0.0,0.0,False,,-8.343811231282448,True,1171.0
positive,/mnt/MammoDiffusion/MammoDiffusion/experiments/diffusers/03_sd21_vae_finetuned/generated_images/final/positive/gen_1129.png,gen_1129.png,89.0,84.0,0.0,0.6752128601074219,0.997700603944566,0.6678543090820312,146.139598112798,19.3810366821342,5.5945913488175485,141.20257568359375,0.0,0.0,False,,-8.241424246746481,True,1119.0
positive,/mnt/MammoDiffusion/MammoDiffusion/experiments/diffusers/03_sd21_vae_finetuned/generated_images/final/positive/gen_1130.png,gen_1130.png,130.8956,117.0,1.0,0.5393867492675781,0.9975954228166085,0.5336875915527344,165.69038548136925,20.680996450863574,5.438494668886889,28.563858032226562,0.0,0.0,False,,-7.885618841048151,True,911.0
positive,/mnt/MammoDiffusion/MammoDiffusion/experiments/diffusers/03_sd21_vae_finetuned/generated_images/final/positive/gen_1131.png,gen_1131.png,108.8956,95.0,1.0,0.602691650390625,1.0,0.5968818664550781,171.3444260524449,19.050138039082977,5.785788357967238,30.68073272705078,0.0,0.0,False,,-9.241966024076849,False,
positive,/mnt/MammoDiffusion/MammoDiffusion/experiments/diffusers/03_sd21_vae_finetuned/generated_images/final/positive/gen_1132.png,gen_1132.png,128.8956,115.0,1.0,0.7742881774902344,0.9945017859342283,0.7654762268066406,163.48024817481874,19.019868640526603,6.150471616630235,77.53547668457031,0.0,0.0,False,,-11.857237082816498,False,
positive,/mnt/MammoDiffusion/MammoDiffusion/experiments/diffusers/03_sd21_vae_finetuned/generated_images/final/positive/gen_1133.png,gen_1133.png,126.8956,113.0,1.0,0.2645530700683594,0.9334256175109227,0.25274658203125,159.54761832890605,30.781261353847626,5.4619101350734045,126.50965881347656,0.0,0.0,False,,-42.64269206318637,False,
positive,/mnt/MammoDiffusion/MammoDiffusion/experiments/diffusers/03_sd21_vae_finetuned/generated_images/final/positive/gen_1134.png,gen_1134.png,120.8956,107.0,1.0,0.4669837951660156,0.9998529615984708,0.46253204345703125,161.6621030927835,23.046893721631466,5.166946577812233,20.24968719482422,0.0,0.0,False,,-7.079459864864932,True,501.0
positive,/mnt/MammoDiffusion/MammoDiffusion/experiments/diffusers/03_sd21_vae_finetuned/generated_images/final/positive/gen_1135.png,gen_1135.png,220.0,178.0,74.0,0.16764068603515625,0.49135302416602195,0.07816696166992188,252.78429554438534,2.520799100547973,7.043200034336293,505.0927429199219,0.0,0.0,True,too_empty,,False,
positive,/mnt/MammoDiffusion/MammoDiffusion/experiments/diffusers/03_sd21_vae_finetuned/generated_images/final/positive/gen_1136.png,gen_1136.png,86.8956,73.0,1.0,0.4794883728027344,0.9999283981065277,0.4737434387207031,147.74566185410947,28.727447697988076,5.263791416497086,34.84526824951172,0.0,0.0,False,,-6.448088061186363,True,261.0
positive,/mnt/MammoDiffusion/MammoDiffusion/experiments/diffusers/03_sd21_vae_finetuned/generated_images/final/positive/gen_1137.png,gen_1137.png,96.8956,83.0,1.0,0.6070899963378906,0.9985484935122059,0.6088180541992188,144.25292296895952,30.399319915219813,6.031931789943372,148.95944213867188,0.0,0.0,False,,-6.984261059052617,True,463.0
positive,/mnt/MammoDiffusion/MammoDiffusion/experiments/diffusers/03_sd21_vae_finetuned/generated_images/final/positive/gen_1138.png,gen_1138.png,123.8956,110.0,1.0,0.325714111328125,0.9945423030075893,0.320648193359375,152.69072998953078,17.546163471941238,4.396718265237443,50.29954528808594,0.0,0.0,False,,-8.020030530266899,True,990.0
positive,/mnt/MammoDiffusion/MammoDiffusion/experiments/diffusers/03_sd21_vae_finetuned/generated_images/final/positive/gen_1139.png,gen_1139.png,220.0,191.0,23.0,0.04361724853515625,0.25721532272170716,0.010524749755859375,225.58535701341066,4.23090548538877,7.050560277748795,833.3509521484375,0.0,0.0,True,too_empty,,False,
positive,/mnt/MammoDiffusion/MammoDiffusion/experiments/diffusers/03_sd21_vae_finetuned/generated_images/final/positive/gen_1140.png,gen_1140.png,106.8956,93.0,1.0,0.354644775390625,0.9857155150159195,0.3724403381347656,145.09149570329703,34.17329807317675,5.471718714481921,87.86174011230469,0.0,0.0,False,,-12.178449029224478,False,
positive,/mnt/MammoDiffusion/MammoDiffusion/experiments/diffusers/03_sd21_vae_finetuned/generated_images/final/positive/gen_1141.png,gen_1141.png,220.0,40.0,35.0,0.14619827270507812,0.8175081539465101,0.11936569213867188,245.35783452110832,27.58753826720679,7.1153651041233985,559.7056884765625,0.0,0.0,True,too_empty,,False,
positive,/mnt/MammoDiffusion/MammoDiffusion/experiments/diffusers/03_sd21_vae_finetuned/generated_images/final/positive/gen_1142.png,gen_1142.png,78.8956,65.0,1.0,0.7892913818359375,1.0,0.7834053039550781,134.29368685024224,27.12685795554586,6.380630271021362,96.36328125,0.0,0.0,False,,-9.302574885499626,False,
positive,/mnt/MammoDiffusion/MammoDiffusion/experiments/diffusers/03_sd21_vae_finetuned/generated_images/final/positive/gen_1143.png,gen_1143.png,113.8956,100.0,1.0,0.4944953918457031,0.9868085073556071,0.48751068115234375,148.98447550039907,22.65656980304487,5.502013567058415,126.66694641113281,0.0,0.0,False,,-12.855360875901972,False,
positive,/mnt/MammoDiffusion/MammoDiffusion/experiments/diffusers/03_sd21_vae_finetuned/generated_images/final/positive/gen_1144.png,gen_1144.png,61.8956,48.0,1.0,0.7456321716308594,0.9984037899755964,0.7383575439453125,139.66618962987457,35.03243782649216,6.297423125572448,200.3350830078125,0.0,0.0,False,,-7.643131355228774,True,780.0
positive,/mnt/MammoDiffusion/MammoDiffusion/experiments/diffusers/03_sd21_vae_finetuned/generated_images/final/positive/gen_1145.png,gen_1145.png,10.0,0.0,0.0,0.8004188537597656,0.998455856070535,0.7926673889160156,147.44129494256302,25.25132721647812,5.885363342189963,238.44598388671875,0.0,0.0,False,,-8.45569381939864,True,1236.0
positive,/mnt/MammoDiffusion/MammoDiffusion/experiments/diffusers/03_sd21_vae_finetuned/generated_images/final/positive/gen_1146.png,gen_1146.png,220.0,214.0,27.0,0.20874786376953125,0.9381601549650963,0.18778610229492188,241.51500192983525,9.940750870142892,6.846302330118767,384.1153259277344,0.0,0.0,False,,-45.47463173861,False,
positive,/mnt/MammoDiffusion/MammoDiffusion/experiments/diffusers/03_sd21_vae_finetuned/generated_images/final/positive/gen_1147.png,gen_1147.png,110.8956,97.0,1.0,0.397796630859375,0.9988013041810511,0.39304351806640625,159.72175204301493,28.619098130694564,5.301226999080362,41.79130554199219,0.0,0.0,False,,-5.808498134132144,True,111.0
positive,/mnt/MammoDiffusion/MammoDiffusion/experiments/diffusers/03_sd21_vae_finetuned/generated_images/final/positive/gen_1148.png,gen_1148.png,136.7912,114.0,2.0,0.21935272216796875,0.9749747834857918,0.2096710205078125,167.8160796157485,29.769150301485478,5.6194369737493215,148.20558166503906,0.0,0.0,False,,-20.31615904716365,False,
positive,/mnt/MammoDiffusion/MammoDiffusion/experiments/diffusers/03_sd21_vae_finetuned/generated_images/final/positive/gen_1149.png,gen_1149.png,116.8956,103.0,1.0,0.4497184753417969,0.9965137287833676,0.44252777099609375,170.46763098460426,18.427520300495612,5.190438117913912,140.39913940429688,0.0,0.0,False,,-7.794441990657194,True,860.0
positive,/mnt/MammoDiffusion/MammoDiffusion/experiments/diffusers/03_sd21_vae_finetuned/generated_images/final/positive/gen_1150.png,gen_1150.png,81.8956,68.0,1.0,0.4659423828125,0.9977485590778098,0.4561882019042969,153.09152332611404,31.412339249594126,5.393439512123985,57.297698974609375,0.0,0.0,False,,-6.055545291114741,True,158.0
positive,/mnt/MammoDiffusion/MammoDiffusion/experiments/diffusers/03_sd21_vae_finetuned/generated_images/final/positive/gen_1151.png,gen_1151.png,87.8956,74.0,1.0,0.4032440185546875,1.0,0.3976020812988281,153.6482936610732,26.88834820219476,4.729593657176365,24.930702209472656,0.0,0.0,False,,-5.837496735824146,True,118.0
positive,/mnt/MammoDiffusion/MammoDiffusion/experiments/diffusers/03_sd21_vae_finetuned/generated_images/final/positive/gen_1152.png,gen_1152.png,176.8956,163.0,1.0,0.07352447509765625,0.7713500051883366,0.0564117431640625,202.4768731403841,12.859530856633892,5.534865832416263,270.0009765625,0.0,0.0,True,too_empty,,False,
positive,/mnt/MammoDiffusion/MammoDiffusion/experiments/diffusers/03_sd21_vae_finetuned/generated_images/final/positive/gen_1153.png,gen_1153.png,74.8956,61.0,1.0,0.8209419250488281,1.0,0.8096542358398438,143.12445464225473,19.191374039684995,5.879025508775985,42.240509033203125,0.0,0.0,False,,-9.882138587016101,False,
positive,/mnt/MammoDiffusion/MammoDiffusion/experiments/diffusers/03_sd21_vae_finetuned/generated_images/final/positive/gen_1154.png,gen_1154.png,82.8956,69.0,1.0,0.5744247436523438,0.9959158465155198,0.6356048583984375,122.73462969631497,40.38900868412358,6.602364300399933,385.1771545410156,0.0,0.0,False,,-7.516923552860411,True,713.0
positive,/mnt/MammoDiffusion/MammoDiffusion/experiments/diffusers/03_sd21_vae_finetuned/generated_images/final/positive/gen_1155.png,gen_1155.png,41.8956,28.0,1.0,0.8247451782226562,0.9994819659392605,0.8224983215332031,114.32751271954845,46.72290703296025,7.2867691209134495,435.7078857421875,0.0,0.0,False,,-8.662180660570082,True,1332.0
positive,/mnt/MammoDiffusion/MammoDiffusion/experiments/diffusers/03_sd21_vae_finetuned/generated_images/final/positive/gen_1156.png,gen_1156.png,115.8956,102.0,1.0,0.3405303955078125,0.9787045749876776,0.3479461669921875,153.1007762136561,35.433535390387625,5.623637286954924,142.49761962890625,0.0,0.0,False,,-16.47445417538336,False,
positive,/mnt/MammoDiffusion/MammoDiffusion/experiments/diffusers/03_sd21_vae_finetuned/generated_images/final/positive/gen_1157.png,gen_1157.png,98.8956,85.0,1.0,0.5055770874023438,0.9924094949220578,0.5514335632324219,139.83890560686245,37.197114540185034,6.3351857363464665,344.58770751953125,0.0,0.0,False,,-9.422903829366556,False,
positive,/mnt/MammoDiffusion/MammoDiffusion/experiments/diffusers/03_sd21_vae_finetuned/generated_images/final/positive/gen_1158.png,gen_1158.png,26.8956,13.0,1.0,0.695465087890625,0.9982228268024047,0.688201904296875,162.82878808035122,18.785468220761963,5.8572818444032615,304.7740478515625,0.0,0.0,False,,-8.697997195537367,True,1352.0
positive,/mnt/MammoDiffusion/MammoDiffusion/experiments/diffusers/03_sd21_vae_finetuned/generated_images/final/positive/gen_1159.png,gen_1159.png,103.8956,90.0,1.0,0.34352874755859375,0.9673196082350589,0.386444091796875,137.35826818289505,36.62954537629101,5.630008025968641,171.3099365234375,0.0,0.0,False,,-21.941552141372966,False,
positive,/mnt/MammoDiffusion/MammoDiffusion/experiments/diffusers/03_sd21_vae_finetuned/generated_images/final/positive/gen_1160.png,gen_1160.png,101.8956,88.0,1.0,0.6119766235351562,0.999993766596437,0.6072807312011719,153.93197650679983,28.708100027953805,6.1526445235771074,77.97666931152344,0.0,0.0,False,,-8.397874861904585,True,1205.0
positive,/mnt/MammoDiffusion/MammoDiffusion/experiments/diffusers/03_sd21_vae_finetuned/generated_images/final/positive/gen_1161.png,gen_1161.png,93.7912,71.0,2.0,0.5306587219238281,0.9880022140911084,0.6393280029296875,130.38677534070027,40.28947473668841,6.776067656884081,323.4632873535156,0.0,0.0,False,,-12.415933007590393,False,
positive,/mnt/MammoDiffusion/MammoDiffusion/experiments/diffusers/03_sd21_vae_finetuned/generated_images/final/positive/gen_1162.png,gen_1162.png,162.0,157.0,0.0,0.06683731079101562,0.7359168997203356,0.04775238037109375,195.09458379932897,16.73770187529555,5.080735615406741,239.30657958984375,0.0,0.0,True,too_empty,,False,
positive,/mnt/MammoDiffusion/MammoDiffusion/experiments/diffusers/03_sd21_vae_finetuned/generated_images/final/positive/gen_1163.png,gen_1163.png,121.8956,108.0,1.0,0.2308349609375,0.7987506610259122,0.19991302490234375,164.63746517574324,38.02267625368697,6.004512185072983,275.6871337890625,0.0,0.0,False,,-117.77036562842343,False,
positive,/mnt/MammoDiffusion/MammoDiffusion/experiments/diffusers/03_sd21_vae_finetuned/generated_images/final/positive/gen_1164.png,gen_1164.png,220.0,218.0,36.0,0.162994384765625,0.5448885976408913,0.08443450927734375,254.15342911358093,2.0501412603125404,6.756446513639598,315.9576721191406,0.0,0.0,True,too_empty,,False,
positive,/mnt/MammoDiffusion/MammoDiffusion/experiments/diffusers/03_sd21_vae_finetuned/generated_images/final/positive/gen_1165.png,gen_1165.png,92.8956,79.0,1.0,0.2769432067871094,0.9465832862711607,0.3502388000488281,130.28898957663947,48.43195389759564,5.763931290750659,346.1336975097656,0.0,0.0,False,,-33.7103410894592,False,
positive,/mnt/MammoDiffusion/MammoDiffusion/experiments/diffusers/03_sd21_vae_finetuned/generated_images/final/positive/gen_1166.png,gen_1166.png,106.8956,93.0,1.0,0.7227973937988281,0.9998522248082881,0.7166213989257812,160.94629454162185,22.4022058088031,5.9703968246539105,32.80718994140625,0.0,0.0,False,,-9.592211757401866,False,
positive,/mnt/MammoDiffusion/MammoDiffusion/experiments/diffusers/03_sd21_vae_finetuned/generated_images/final/positive/gen_1167.png,gen_1167.png,70.8956,57.0,1.0,0.6655845642089844,0.9978622069131529,0.6578102111816406,146.17487140529224,19.368961873093355,5.730134634910877,167.5444793701172,0.0,0.0,False,,-8.18700539240573,True,1083.0
positive,/mnt/MammoDiffusion/MammoDiffusion/experiments/diffusers/03_sd21_vae_finetuned/generated_images/final/positive/gen_1168.png,gen_1168.png,34.8956,21.0,1.0,0.7124176025390625,0.9979920323845017,0.7049827575683594,150.5265168527166,22.212078215796886,5.970662225527967,185.2967987060547,0.0,0.0,False,,-8.580339480330938,True,1302.0
positive,/mnt/MammoDiffusion/MammoDiffusion/experiments/diffusers/03_sd21_vae_finetuned/generated_images/final/positive/gen_1169.png,gen_1169.png,96.8956,83.0,1.0,0.3176231384277344,0.997910236239386,0.31365203857421875,143.05464474228307,33.3591579669924,4.912296094038614,39.88525390625,0.0,0.0,False,,-5.307061873492022,True,32.0
positive,/mnt/MammoDiffusion/MammoDiffusion/experiments/diffusers/03_sd21_vae_finetuned/generated_images/final/positive/gen_1170.png,gen_1170.png,80.8956,67.0,1.0,0.36865997314453125,0.9925498230582976,0.4134101867675781,125.13964732913179,43.838641135019465,5.645910872895179,166.63238525390625,0.0,0.0,False,,-7.531435918677664,True,724.0
positive,/mnt/MammoDiffusion/MammoDiffusion/experiments/diffusers/03_sd21_vae_finetuned/generated_images/final/positive/gen_1171.png,gen_1171.png,24.8956,11.0,1.0,0.5923042297363281,0.9987956385369906,0.5923271179199219,95.6283432619546,55.935697784698384,6.465942176762953,572.638916015625,0.0,0.0,False,,-5.830828764232247,True,116.0
positive,/mnt/MammoDiffusion/MammoDiffusion/experiments/diffusers/03_sd21_vae_finetuned/generated_images/final/positive/gen_1172.png,gen_1172.png,83.8956,70.0,1.0,0.372894287109375,0.9794479908339472,0.36533355712890625,132.5858306358985,41.33724758274509,5.650567759956662,170.349609375,0.0,0.0,False,,-15.034932544026422,False,
positive,/mnt/MammoDiffusion/MammoDiffusion/experiments/diffusers/03_sd21_vae_finetuned/generated_images/final/positive/gen_1173.png,gen_1173.png,117.8956,104.0,1.0,0.2967338562011719,0.8754933343617828,0.2684326171875,155.3257730786721,32.5978164665362,5.103199317432517,235.72247314453125,0.0,0.0,False,,-73.95777339299748,False,
positive,/mnt/MammoDiffusion/MammoDiffusion/experiments/diffusers/03_sd21_vae_finetuned/generated_images/final/positive/gen_1174.png,gen_1174.png,121.8956,108.0,1.0,0.24824905395507812,0.8788051077953809,0.22530364990234375,161.33163455352002,39.31467991288159,6.81342607657479,294.7589111328125,0.0,0.0,False,,-73.73137717418939,False,
positive,/mnt/MammoDiffusion/MammoDiffusion/experiments/diffusers/03_sd21_vae_finetuned/generated_images/final/positive/gen_1175.png,gen_1175.png,87.8956,74.0,1.0,0.5861663818359375,0.9993557204217103,0.5802230834960938,162.36970585528132,22.503316218784118,5.792368386992308,48.036102294921875,0.0,0.0,False,,-8.238977081859954,True,1116.0
positive,/mnt/MammoDiffusion/MammoDiffusion/experiments/diffusers/03_sd21_vae_finetuned/generated_images/final/positive/gen_1176.png,gen_1176.png,102.8956,89.0,1.0,0.43442535400390625,0.9955304613547356,0.4327201843261719,144.25525631418876,33.22390929360517,5.512171623575455,68.89035034179688,0.0,0.0,False,,-6.833681740279829,True,402.0
positive,/mnt/MammoDiffusion/MammoDiffusion/experiments/diffusers/03_sd21_vae_finetuned/generated_images/final/positive/gen_1177.png,gen_1177.png,117.8956,104.0,1.0,0.3526496887207031,0.9955432960138461,0.3456687927246094,172.70817193621366,23.40780185895821,4.812731718089158,141.69476318359375,0.0,0.0,False,,-7.790566261980512,True,859.0
positive,/mnt/MammoDiffusion/MammoDiffusion/experiments/diffusers/03_sd21_vae_finetuned/generated_images/final/positive/gen_1178.png,gen_1178.png,53.8956,40.0,1.0,0.505828857421875,0.9974509803921568,0.49874114990234375,152.82144222973488,21.304546079611686,5.494455449333255,179.3043975830078,0.0,0.0,False,,-7.162427208829319,True,541.0
positive,/mnt/MammoDiffusion/MammoDiffusion/experiments/diffusers/03_sd21_vae_finetuned/generated_images/final/positive/gen_1179.png,gen_1179.png,88.0,83.0,0.0,0.4743080139160156,0.9999678293669624,0.4688453674316406,154.13500671250154,20.636377530201667,4.7884477434583275,24.07855224609375,0.0,0.0,False,,-6.748386191712398,True,367.0
positive,/mnt/MammoDiffusion/MammoDiffusion/experiments/diffusers/03_sd21_vae_finetuned/generated_images/final/positive/gen_1180.png,gen_1180.png,25.8956,12.0,1.0,0.5082931518554688,0.9990844002821848,0.5043678283691406,102.54325086789142,54.560842515946526,6.096222713971363,462.4512939453125,0.0,0.0,False,,-5.283672629549504,True,30.0
positive,/mnt/MammoDiffusion/MammoDiffusion/experiments/diffusers/03_sd21_vae_finetuned/generated_images/final/positive/gen_1181.png,gen_1181.png,220.0,215.0,22.0,0.38469696044921875,0.9844217916427027,0.37226104736328125,237.23568954563154,9.18247483865813,6.074330315492589,450.322998046875,0.0,0.0,False,,-17.625221663559856,False,
positive,/mnt/MammoDiffusion/MammoDiffusion/experiments/diffusers/03_sd21_vae_finetuned/generated_images/final/positive/gen_1182.png,gen_1182.png,99.8956,86.0,1.0,0.6126060485839844,0.9966187395308579,0.6414909362792969,135.41309324881217,31.2215172101642,6.31233545423188,110.01924896240234,0.0,0.0,False,,-8.246157950333792,True,1120.0
positive,/mnt/MammoDiffusion/MammoDiffusion/experiments/diffusers/03_sd21_vae_finetuned/generated_images/final/positive/gen_1183.png,gen_1183.png,99.7912,77.0,2.0,0.4378395080566406,0.9999825749061223,0.4331321716308594,147.9293835815506,29.43620874227716,5.424188106334044,28.629043579101562,0.0,0.0,False,,-6.325589103520415,True,225.0
positive,/mnt/MammoDiffusion/MammoDiffusion/experiments/diffusers/03_sd21_vae_finetuned/generated_images/final/positive/gen_1184.png,gen_1184.png,70.8956,57.0,1.0,0.8326416015625,0.9983415188388799,0.8245849609375,138.47794226498888,24.756471429325536,6.257363085527867,159.99514770507812,0.0,0.0,False,,-8.958640427862449,False,
positive,/mnt/MammoDiffusion/MammoDiffusion/experiments/diffusers/03_sd21_vae_finetuned/generated_images/final/positive/gen_1185.png,gen_1185.png,144.8956,131.0,1.0,0.2880706787109375,0.9756475448911489,0.29549407958984375,168.86707030544008,22.237923488025924,4.890273597958238,31.057594299316406,0.0,0.0,False,,-19.353645949212602,False,
positive,/mnt/MammoDiffusion/MammoDiffusion/experiments/diffusers/03_sd21_vae_finetuned/generated_images/final/positive/gen_1186.png,gen_1186.png,110.7912,88.0,2.0,0.518646240234375,0.9583774639599882,0.5462150573730469,147.3887014882636,34.045966883871756,6.655952435927811,303.48486328125,0.0,0.0,False,,-29.10336532067124,False,
positive,/mnt/MammoDiffusion/MammoDiffusion/experiments/diffusers/03_sd21_vae_finetuned/generated_images/final/positive/gen_1187.png,gen_1187.png,220.0,252.0,3.0,0.20375442504882812,0.8210173553254826,0.1523284912109375,252.50626064309327,21.765663344874486,6.839387689201521,576.7946166992188,0.0,0.0,False,,-110.01230469692831,False,
positive,/mnt/MammoDiffusion/MammoDiffusion/experiments/diffusers/03_sd21_vae_finetuned/generated_images/final/positive/gen_1188.png,gen_1188.png,123.8956,110.0,1.0,0.2635307312011719,0.9959034784245039,0.26059722900390625,157.85644231050736,29.364224984796405,4.59277705878251,29.32952117919922,0.0,0.0,False,,-7.211542347911331,True,565.0
positive,/mnt/MammoDiffusion/MammoDiffusion/experiments/diffusers/03_sd21_vae_finetuned/generated_images/final/positive/gen_1189.png,gen_1189.png,31.8956,18.0,1.0,0.5709648132324219,0.9992784366126608,0.5675544738769531,102.31841431365564,51.30226262336403,6.278358717002353,461.1338806152344,0.0,0.0,False,,-5.761601515330392,True,99.0
positive,/mnt/MammoDiffusion/MammoDiffusion/experiments/diffusers/03_sd21_vae_finetuned/generated_images/final/positive/gen_1190.png,gen_1190.png,126.8956,113.0,1.0,0.4589576721191406,0.9950213193919194,0.4558525085449219,157.47994543887395,21.277302699106606,5.4096635910454545,36.677223205566406,0.0,0.0,False,,-8.45864529206157,True,1237.0
positive,/mnt/MammoDiffusion/MammoDiffusion/experiments/diffusers/03_sd21_vae_finetuned/generated_images/final/positive/gen_1191.png,gen_1191.png,115.8956,102.0,1.0,0.5963249206542969,0.9932191680047082,0.5872573852539062,154.88590154989413,24.318546715872596,5.935767588286634,186.43594360351562,0.0,0.0,False,,-10.385247910243358,False,
positive,/mnt/MammoDiffusion/MammoDiffusion/experiments/diffusers/03_sd21_vae_finetuned/generated_images/final/positive/gen_1192.png,gen_1192.png,149.8956,136.0,1.0,0.14130783081054688,0.45285209081337907,0.12227249145507812,182.93314198358968,23.652409753983584,5.432807791604398,135.72909545898438,0.0,0.0,True,too_empty,,False,
positive,/mnt/MammoDiffusion/MammoDiffusion/experiments/diffusers/03_sd21_vae_finetuned/generated_images/final/positive/gen_1193.png,gen_1193.png,105.0,100.0,0.0,0.6048088073730469,0.9993692722031953,0.5993232727050781,146.4138591678389,21.01663222013409,5.259608280112635,20.823348999023438,0.0,0.0,False,,-7.50135196670581,True,707.0
positive,/mnt/MammoDiffusion/MammoDiffusion/experiments/diffusers/03_sd21_vae_finetuned/generated_images/final/positive/gen_1194.png,gen_1194.png,119.8956,106.0,1.0,0.5438613891601562,0.9964298239461318,0.53900146484375,157.27357462348544,25.12653854896939,5.18353474774727,29.186447143554688,0.0,0.0,False,,-7.745589472779664,True,831.0
positive,/mnt/MammoDiffusion/MammoDiffusion/experiments/diffusers/03_sd21_vae_finetuned/generated_images/final/positive/gen_1195.png,gen_1195.png,110.8956,97.0,1.0,0.5374259948730469,0.9901549512716226,0.528228759765625,146.29197960598532,24.229619081694214,5.614063058658813,36.755958557128906,0.0,0.0,False,,-11.299666437403266,False,
positive,/mnt/MammoDiffusion/MammoDiffusion/experiments/diffusers/03_sd21_vae_finetuned/generated_images/final/positive/gen_1196.png,gen_1196.png,123.8956,110.0,1.0,0.7029457092285156,0.998209178772799,0.6992378234863281,158.2296114041931,21.380714778306462,5.989654955102116,166.88827514648438,0.0,0.0,False,,-8.756479407146447,False,
positive,/mnt/MammoDiffusion/MammoDiffusion/experiments/diffusers/03_sd21_vae_finetuned/generated_images/final/positive/gen_1197.png,gen_1197.png,10.0,0.0,0.0,0.9202766418457031,0.9993533544736678,0.9148063659667969,85.88480511736326,51.7670045026308,7.21249515485159,561.5350952148438,0.0,0.0,False,,-8.472189369845415,True,1248.0
positive,/mnt/MammoDiffusion/MammoDiffusion/experiments/diffusers/03_sd21_vae_finetuned/generated_images/final/positive/gen_1198.png,gen_1198.png,192.0,185.0,3.0,0.03710174560546875,0.5761875385564467,0.021190643310546875,198.04932493249325,4.750564606521787,6.1808451675877425,284.2236328125,0.0,0.0,True,too_empty,,False,
positive,/mnt/MammoDiffusion/MammoDiffusion/experiments/diffusers/03_sd21_vae_finetuned/generated_images/final/positive/gen_1199.png,gen_1199.png,124.8956,111.0,1.0,0.3916816711425781,0.9981982332947008,0.3872566223144531,160.7639311642385,21.69354657416177,4.813039761203459,24.677871704101562,0.0,0.0,False,,-5.936561434763146,True,131.0
positive,/mnt/MammoDiffusion/MammoDiffusion/experiments/diffusers/03_sd21_vae_finetuned/generated_images/final/positive/gen_1200.png,gen_1200.png,77.8956,64.0,1.0,0.5705947875976562,0.9977670513043362,0.5631484985351562,158.2863249021175,22.115824308173366,5.711654727493443,134.85423278808594,0.0,0.0,False,,-7.799676711090026,True,865.0
positive,/mnt/MammoDiffusion/MammoDiffusion/experiments/diffusers/03_sd21_vae_finetuned/generated_images/final/positive/gen_1201.png,gen_1201.png,114.8956,101.0,1.0,0.7749366760253906,0.9974205616677743,0.7692070007324219,143.04492593345665,16.86196645433018,5.818905567566661,29.369117736816406,0.0,0.0,False,,-9.52242017223321,False,
positive,/mnt/MammoDiffusion/MammoDiffusion/experiments/diffusers/03_sd21_vae_finetuned/generated_images/final/positive/gen_1202.png,gen_1202.png,220.0,230.0,15.0,0.339385986328125,0.9536125348439889,0.3161277770996094,244.44770788333676,12.35956633427851,6.1779760058435915,467.5030517578125,0.0,0.0,False,,-35.18710555258782,False,
positive,/mnt/MammoDiffusion/MammoDiffusion/experiments/diffusers/03_sd21_vae_finetuned/generated_images/final/positive/gen_1203.png,gen_1203.png,119.8956,106.0,1.0,0.242462158203125,0.9783668974197609,0.26473236083984375,156.7672843597798,37.48073342782541,5.024001246398068,166.48928833007812,0.0,0.0,False,,-16.570155435705797,False,
positive,/mnt/MammoDiffusion/MammoDiffusion/experiments/diffusers/03_sd21_vae_finetuned/generated_images/final/positive/gen_1204.png,gen_1204.png,57.8956,44.0,1.0,0.398681640625,0.9853222596448254,0.3912849426269531,118.61586382381329,44.95479660276004,5.593861984495368,274.3422546386719,0.0,0.0,False,,-11.242985439341613,False,
positive,/mnt/MammoDiffusion/MammoDiffusion/experiments/diffusers/03_sd21_vae_finetuned/generated_images/final/positive/gen_1205.png,gen_1205.png,19.8956,6.0,1.0,0.7641067504882812,0.9993659700657993,0.7606124877929688,87.31012588394603,49.5518726076009,6.939741725335592,478.9707946777344,0.0,0.0,False,,-7.15954475371781,True,540.0
positive,/mnt/MammoDiffusion/MammoDiffusion/experiments/diffusers/03_sd21_vae_finetuned/generated_images/final/positive/gen_1206.png,gen_1206.png,31.8956,18.0,1.0,0.520751953125,0.9978316924519456,0.5136299133300781,161.48593709383937,22.298800429386414,5.634080843975564,243.74603271484375,0.0,0.0,False,,-7.304164134899109,True,614.0
positive,/mnt/MammoDiffusion/MammoDiffusion/experiments/diffusers/03_sd21_vae_finetuned/generated_images/final/positive/gen_1207.png,gen_1207.png,189.0,186.0,2.0,0.045047760009765625,0.6350241341349818,0.0306549072265625,215.89086610253858,19.271853612432437,6.366488346356836,489.74383544921875,0.0,0.0,True,too_empty,,False,
positive,/mnt/MammoDiffusion/MammoDiffusion/experiments/diffusers/03_sd21_vae_finetuned/generated_images/final/positive/gen_1208.png,gen_1208.png,110.8956,97.0,1.0,0.5908699035644531,0.9999935439303261,0.5851249694824219,157.69430916570505,21.748411858413125,5.750613038322499,37.971595764160156,0.0,0.0,False,,-8.507882510534897,True,1270.0
positive,/mnt/MammoDiffusion/MammoDiffusion/experiments/diffusers/03_sd21_vae_finetuned/generated_images/final/positive/gen_1209.png,gen_1209.png,69.8956,56.0,1.0,0.8228912353515625,1.0,0.8151893615722656,144.3278660907734,20.851037583498677,6.1243287381540075,39.58287048339844,0.0,0.0,False,,-10.084012703413595,False,
positive,/mnt/MammoDiffusion/MammoDiffusion/experiments/diffusers/03_sd21_vae_finetuned/generated_images/final/positive/gen_1210.png,gen_1210.png,109.0,104.0,0.0,0.5389289855957031,0.9920723118412763,0.5218238830566406,146.39675275781656,23.19710369236376,5.33920545234065,145.7526397705078,0.0,0.0,False,,-9.862930190986866,False,
positive,/mnt/MammoDiffusion/MammoDiffusion/experiments/diffusers/03_sd21_vae_finetuned/generated_images/final/positive/gen_1211.png,gen_1211.png,21.8956,8.0,1.0,0.5899009704589844,0.9988941987467586,0.5905647277832031,96.99681551290912,55.87483251628093,6.467705393328306,557.2620239257812,0.0,0.0,False,,-5.931859654688601,True,129.0
positive,/mnt/MammoDiffusion/MammoDiffusion/experiments/diffusers/03_sd21_vae_finetuned/generated_images/final/positive/gen_1212.png,gen_1212.png,112.8956,99.0,1.0,0.5757293701171875,0.9962630197980441,0.5674171447753906,157.24430401021883,23.0311060967353,5.703564473989843,65.66485595703125,0.0,0.0,False,,-8.644335149541908,True,1326.0
positive,/mnt/MammoDiffusion/MammoDiffusion/experiments/diffusers/03_sd21_vae_finetuned/generated_images/final/positive/gen_1213.png,gen_1213.png,220.0,107.0,86.0,0.10689544677734375,0.42976946684747697,0.043659210205078125,254.68519003931848,2.4346906639737846,7.291374743365142,391.3541259765625,0.0,0.0,True,too_empty,,False,
positive,/mnt/MammoDiffusion/MammoDiffusion/experiments/diffusers/03_sd21_vae_finetuned/generated_images/final/positive/gen_1214.png,gen_1214.png,101.8956,88.0,1.0,0.41286468505859375,0.9999907604176291,0.40734100341796875,151.37116742522147,25.38187471907698,4.97631067614648,28.6484375,0.0,0.0,False,,-6.106339830775156,True,167.0
positive,/mnt/MammoDiffusion/MammoDiffusion/experiments/diffusers/03_sd21_vae_finetuned/generated_images/final/positive/gen_1215.png,gen_1215.png,10.0,0.0,0.0,0.745025634765625,0.9984178511448818,0.73785400390625,137.5113688063529,20.728561499766176,5.24599072580234,232.4018096923828,0.0,0.0,False,,-7.500616065175217,True,706.0
positive,/mnt/MammoDiffusion/MammoDiffusion/experiments/diffusers/03_sd21_vae_finetuned/generated_images/final/positive/gen_1216.png,gen_1216.png,136.8956,123.0,1.0,0.15021514892578125,0.948676926202448,0.14363861083984375,168.6674191320975,20.89776494366584,3.9910738055918737,17.824562072753906,0.0,0.0,False,,-34.571504283136505,False,
positive,/mnt/MammoDiffusion/MammoDiffusion/experiments/diffusers/03_sd21_vae_finetuned/generated_images/final/positive/gen_1217.png,gen_1217.png,38.8956,25.0,1.0,0.5807456970214844,0.988603445897569,0.5724868774414062,109.41473539720404,49.67135857536018,6.5038309307225965,508.65966796875,0.0,0.0,False,,-11.150706301415694,False,
positive,/mnt/MammoDiffusion/MammoDiffusion/experiments/diffusers/03_sd21_vae_finetuned/generated_images/final/positive/gen_1218.png,gen_1218.png,74.8956,61.0,1.0,0.7915382385253906,0.9982746738507062,0.7834548950195312,153.32323325770042,21.15330642244088,6.169388939881609,189.37008666992188,0.0,0.0,False,,-9.303545959577358,False,
positive,/mnt/MammoDiffusion/MammoDiffusion/experiments/diffusers/03_sd21_vae_finetuned/generated_images/final/positive/gen_1219.png,gen_1219.png,103.8956,90.0,1.0,0.4134025573730469,0.9967334434488931,0.4062309265136719,157.07641960353456,27.508144825358233,5.338545115649424,119.49390411376953,0.0,0.0,False,,-6.5490442244989815,True,304.0
positive,/mnt/MammoDiffusion/MammoDiffusion/experiments/diffusers/03_sd21_vae_finetuned/generated_images/final/positive/gen_1220.png,gen_1220.png,104.8956,91.0,1.0,0.4008522033691406,0.9997145059525508,0.39638519287109375,150.9564045808873,29.074372675938996,5.077929261614987,34.508201599121094,0.0,0.0,False,,-5.782003539422901,True,104.0
positive,/mnt/MammoDiffusion/MammoDiffusion/experiments/diffusers/03_sd21_vae_finetuned/generated_images/final/positive/gen_1221.png,gen_1221.png,10.0,0.0,0.0,0.7365379333496094,0.9983167511743898,0.72900390625,150.5042751590757,19.83342788271885,5.413836086719302,226.68421936035156,0.0,0.0,False,,-8.129677743298815,True,1049.0
positive,/mnt/MammoDiffusion/MammoDiffusion/experiments/diffusers/03_sd21_vae_finetuned/generated_images/final/positive/gen_1222.png,gen_1222.png,96.8956,83.0,1.0,0.5026397705078125,0.9976852554567257,0.49676513671875,153.8857353483229,26.415297101910046,5.461500492367893,40.5662841796875,0.0,0.0,False,,-6.829082757712324,True,398.0
positive,/mnt/MammoDiffusion/MammoDiffusion/experiments/diffusers/03_sd21_vae_finetuned/generated_images/final/positive/gen_1223.png,gen_1223.png,110.8956,97.0,1.0,0.5214729309082031,0.9989978127446032,0.5157623291015625,160.59427975503684,24.147877253672323,5.334184931941219,25.367996215820312,0.0,0.0,False,,-7.011694584136864,True,472.0
positive,/mnt/MammoDiffusion/MammoDiffusion/experiments/diffusers/03_sd21_vae_finetuned/generated_images/final/positive/gen_1224.png,gen_1224.png,61.8956,48.0,1.0,0.5401268005371094,0.9980719113502977,0.5333290100097656,166.92730081754394,20.89858034509481,5.610584325534653,222.8162841796875,0.0,0.0,False,,-7.571367590720463,True,743.0
positive,/mnt/MammoDiffusion/MammoDiffusion/experiments/diffusers/03_sd21_vae_finetuned/generated_images/final/positive/gen_1225.png,gen_1225.png,47.8956,34.0,1.0,0.7048797607421875,0.9979651477432623,0.6974067687988281,156.36093774785172,21.10081195499567,6.004054620872214,194.45433044433594,0.0,0.0,False,,-8.822532190985578,False,
positive,/mnt/MammoDiffusion/MammoDiffusion/experiments/diffusers/03_sd21_vae_finetuned/generated_images/final/positive/gen_1226.png,gen_1226.png,134.8956,121.0,1.0,0.194061279296875,0.9670152539707502,0.198944091796875,166.5819144040497,27.723990539522493,4.515647471472006,30.08270263671875,0.0,0.0,False,,-23.97252956094606,False,
positive,/mnt/MammoDiffusion/MammoDiffusion/experiments/diffusers/03_sd21_vae_finetuned/generated_images/final/positive/gen_1227.png,gen_1227.png,105.8956,92.0,1.0,0.4379539489746094,0.9977440399975611,0.43379974365234375,151.58904483019398,29.552130335970084,5.296915451162319,37.423606872558594,0.0,0.0,False,,-5.921905560293812,True,127.0
positive,/mnt/MammoDiffusion/MammoDiffusion/experiments/diffusers/03_sd21_vae_finetuned/generated_images/final/positive/gen_1228.png,gen_1228.png,114.8956,101.0,1.0,0.4982261657714844,0.9316039722220095,0.4684333801269531,150.2926781598899,28.41475584428647,6.331178628227486,150.33255004882812,0.0,0.0,False,,-43.79946024324116,False,
positive,/mnt/MammoDiffusion/MammoDiffusion/experiments/diffusers/03_sd21_vae_finetuned/generated_images/final/positive/gen_1229.png,gen_1229.png,71.8956,58.0,1.0,0.6772613525390625,0.9999380421313507,0.67828369140625,129.69743206154953,36.732072307881644,6.60159774282362,204.410400390625,0.0,0.0,False,,-7.825315925417085,True,881.0
positive,/mnt/MammoDiffusion/MammoDiffusion/experiments/diffusers/03_sd21_vae_finetuned/generated_images/final/positive/gen_1230.png,gen_1230.png,93.8956,80.0,1.0,0.5439224243164062,0.9974331280770903,0.5363006591796875,159.58351352889292,19.188419414761384,5.530701583440363,151.88153076171875,0.0,0.0,False,,-7.851119080004378,True,896.0
positive,/mnt/MammoDiffusion/MammoDiffusion/experiments/diffusers/03_sd21_vae_finetuned/generated_images/final/positive/gen_1231.png,gen_1231.png,105.8956,92.0,1.0,0.6165351867675781,0.9981190563107517,0.6101417541503906,144.97058363812562,21.84283916202052,5.767198785836898,43.07304382324219,0.0,0.0,False,,-7.701316661336061,True,807.0
positive,/mnt/MammoDiffusion/MammoDiffusion/experiments/diffusers/03_sd21_vae_finetuned/generated_images/final/positive/gen_1232.png,gen_1232.png,60.8956,47.0,1.0,0.6641998291015625,0.99728342024857,0.6589012145996094,127.7834675528435,32.93081117229654,6.468292045846345,241.27532958984375,0.0,0.0,False,,-7.632694846061856,True,775.0
positive,/mnt/MammoDiffusion/MammoDiffusion/experiments/diffusers/03_sd21_vae_finetuned/generated_images/final/positive/gen_1233.png,gen_1233.png,70.8956,57.0,1.0,0.6000022888183594,0.9976094654993738,0.5925788879394531,161.5162062816642,19.30072834553878,5.712962340042319,199.23988342285156,0.0,0.0,False,,-8.305068010605362,True,1153.0
positive,/mnt/MammoDiffusion/MammoDiffusion/experiments/diffusers/03_sd21_vae_finetuned/generated_images/final/positive/gen_1234.png,gen_1234.png,101.8956,88.0,1.0,0.6058540344238281,0.9977207044408485,0.5981483459472656,160.6079999489799,20.876881175273333,5.993143523752652,207.17941284179688,0.0,0.0,False,,-8.408102417270209,True,1213.0
positive,/mnt/MammoDiffusion/MammoDiffusion/experiments/diffusers/03_sd21_vae_finetuned/generated_images/final/positive/gen_1235.png,gen_1235.png,130.8956,117.0,1.0,0.17270660400390625,0.52453947077793,0.08804702758789062,179.71327065551753,21.302906014276566,5.714978209743844,133.05703735351562,0.0,0.0,True,too_empty,,False,
positive,/mnt/MammoDiffusion/MammoDiffusion/experiments/diffusers/03_sd21_vae_finetuned/generated_images/final/positive/gen_1236.png,gen_1236.png,202.0,183.0,14.0,0.03928375244140625,0.08166634297921926,0.003810882568359375,215.9079079079079,9.936209326665317,6.669850975389872,333.55908203125,0.0,0.0,True,too_empty,,False,
positive,/mnt/MammoDiffusion/MammoDiffusion/experiments/diffusers/03_sd21_vae_finetuned/generated_images/final/positive/gen_1237.png,gen_1237.png,95.8956,82.0,1.0,0.4437751770019531,0.996828071140605,0.4384193420410156,144.4363824622158,30.7561784572475,5.4337406151903975,159.53530883789062,0.0,0.0,False,,-6.142488565269661,True,173.0
positive,/mnt/MammoDiffusion/MammoDiffusion/experiments/diffusers/03_sd21_vae_finetuned/generated_images/final/positive/gen_1238.png,gen_1238.png,111.8956,98.0,1.0,0.3340950012207031,0.8507553008072527,0.30937957763671875,143.18764025548074,34.8572361273965,6.179013092686219,192.9085693359375,0.0,0.0,False,,-87.99944179181091,False,
positive,/mnt/MammoDiffusion/MammoDiffusion/experiments/diffusers/03_sd21_vae_finetuned/generated_images/final/positive/gen_1239.png,gen_1239.png,135.8956,122.0,1.0,0.3416900634765625,0.9832313669450274,0.3469123840332031,159.92996558208068,23.730485324703544,5.207321108204012,52.216949462890625,0.0,0.0,False,,-14.703999568320912,False,
positive,/mnt/MammoDiffusion/MammoDiffusion/experiments/diffusers/03_sd21_vae_finetuned/generated_images/final/positive/gen_1240.png,gen_1240.png,66.8956,53.0,1.0,0.3118896484375,0.9897382583170254,0.3607521057128906,117.95353657118083,53.99085891210499,5.5601077595636195,373.5322265625,0.0,0.0,False,,-9.459323081714746,False,
positive,/mnt/MammoDiffusion/MammoDiffusion/experiments/diffusers/03_sd21_vae_finetuned/generated_images/final/positive/gen_1241.png,gen_1241.png,117.8956,104.0,1.0,0.3675880432128906,0.9974055893982006,0.3668975830078125,157.18907257226036,29.63531455089694,5.089836724488729,34.736793518066406,0.0,0.0,False,,-6.104292231827609,True,166.0
positive,/mnt/MammoDiffusion/MammoDiffusion/experiments/diffusers/03_sd21_vae_finetuned/generated_images/final/positive/gen_1242.png,gen_1242.png,75.7912,53.0,2.0,0.6789131164550781,0.9931337899569036,0.722381591796875,122.07242511934435,41.49528599896964,7.09090467574286,365.7176818847656,0.0,0.0,False,,-10.209970026528014,False,
positive,/mnt/MammoDiffusion/MammoDiffusion/experiments/diffusers/03_sd21_vae_finetuned/generated_images/final/positive/gen_1243.png,gen_1243.png,90.8956,77.0,1.0,0.7406387329101562,1.0,0.7347564697265625,146.18433950117335,19.57254628698169,5.981366307986204,35.03960418701172,0.0,0.0,False,,-9.553381384779815,False,
positive,/mnt/MammoDiffusion/MammoDiffusion/experiments/diffusers/03_sd21_vae_finetuned/generated_images/final/positive/gen_1244.png,gen_1244.png,127.8956,114.0,1.0,0.4564170837402344,0.9959798406980535,0.45196533203125,165.5964550979068,21.22750422074559,5.345324237656266,75.54784393310547,0.0,0.0,False,,-8.040461467372838,True,1006.0
positive,/mnt/MammoDiffusion/MammoDiffusion/experiments/diffusers/03_sd21_vae_finetuned/generated_images/final/positive/gen_1245.png,gen_1245.png,65.8956,52.0,1.0,0.707763671875,0.9987711279751639,0.7133712768554688,122.1123279466969,45.05509750361605,6.879084613739705,408.94940185546875,0.0,0.0,False,,-7.2830032590689715,True,599.0
positive,/mnt/MammoDiffusion/MammoDiffusion/experiments/diffusers/03_sd21_vae_finetuned/generated_images/final/positive/gen_1246.png,gen_1246.png,132.8956,119.0,1.0,0.22561264038085938,0.9937608846355444,0.22331619262695312,169.65743666831793,29.390172542925125,4.256476634124192,24.449462890625,0.0,0.0,False,,-8.685954880460379,True,1345.0
positive,/mnt/MammoDiffusion/MammoDiffusion/experiments/diffusers/03_sd21_vae_finetuned/generated_images/final/positive/gen_1247.png,gen_1247.png,38.8956,25.0,1.0,0.8077316284179688,0.9995088362252175,0.8030815124511719,113.25082770053628,45.42936800670154,7.166330514503893,392.8665771484375,0.0,0.0,False,,-8.35603675041273,True,1179.0
positive,/mnt/MammoDiffusion/MammoDiffusion/experiments/diffusers/03_sd21_vae_finetuned/generated_images/final/positive/gen_1248.png,gen_1248.png,37.8956,24.0,1.0,0.7464485168457031,1.0,0.7400741577148438,148.15210869766915,20.559653597832405,6.022569836924696,71.45562744140625,0.0,0.0,False,,-9.575405540778556,False,
positive,/mnt/MammoDiffusion/MammoDiffusion/experiments/diffusers/03_sd21_vae_finetuned/generated_images/final/positive/gen_1249.png,gen_1249.png,107.8956,94.0,1.0,0.23944091796875,0.9252803976548559,0.24119186401367188,149.5599348379648,40.91723308602923,5.772296970872151,222.12831115722656,0.0,0.0,False,,-46.49292608499809,False,
positive,/mnt/MammoDiffusion/MammoDiffusion/experiments/diffusers/03_sd21_vae_finetuned/generated_images/final/positive/gen_1250.png,gen_1250.png,220.0,252.0,3.0,0.1798553466796875,0.8488377025536609,0.08135986328125,251.75843960990247,24.14314172262697,6.777018652239292,575.1077880859375,0.0,0.0,True,too_empty,,False,
positive,/mnt/MammoDiffusion/MammoDiffusion/experiments/diffusers/03_sd21_vae_finetuned/generated_images/final/positive/gen_1251.png,gen_1251.png,57.8956,44.0,1.0,0.7993240356445312,0.9999856827878475,0.7919845581054688,140.4098230369821,17.649921527207084,5.757543716910698,60.170989990234375,0.0,0.0,False,,-9.639161845709335,False,
positive,/mnt/MammoDiffusion/MammoDiffusion/experiments/diffusers/03_sd21_vae_finetuned/generated_images/final/positive/gen_1252.png,gen_1252.png,116.8956,103.0,1.0,0.3932914733886719,0.9659841511556854,0.4114265441894531,146.99006054537193,30.890442247108673,5.66048822941633,153.85626220703125,0.0,0.0,False,,-23.38507163550997,False,
positive,/mnt/MammoDiffusion/MammoDiffusion/experiments/diffusers/03_sd21_vae_finetuned/generated_images/final/positive/gen_1253.png,gen_1253.png,35.8956,22.0,1.0,0.4556617736816406,0.9999916282262723,0.44921112060546875,163.53008712783844,26.21321879116629,5.2074345597989184,34.58867645263672,0.0,0.0,False,,-6.922358834962073,True,438.0
positive,/mnt/MammoDiffusion/MammoDiffusion/experiments/diffusers/03_sd21_vae_finetuned/generated_images/final/positive/gen_1254.png,gen_1254.png,55.8956,42.0,1.0,0.6563987731933594,0.9956645803185894,0.7423133850097656,100.86734363517701,48.59284067366969,6.759651847447694,543.6714477539062,0.0,0.0,False,,-8.246890834826067,True,1122.0
positive,/mnt/MammoDiffusion/MammoDiffusion/experiments/diffusers/03_sd21_vae_finetuned/generated_images/final/positive/gen_1255.png,gen_1255.png,129.8956,116.0,1.0,0.44487762451171875,0.9978477474232992,0.43854522705078125,176.5819053252379,24.07835297497717,5.134410028776806,120.99170684814453,0.0,0.0,False,,-6.783396806517924,True,376.0
positive,/mnt/MammoDiffusion/MammoDiffusion/experiments/diffusers/03_sd21_vae_finetuned/generated_images/final/positive/gen_1256.png,gen_1256.png,138.6868,107.0,3.0,0.22255706787109375,0.8230605738575983,0.19239425659179688,176.99323882224647,31.15757535052705,6.188984439477679,164.4435577392578,0.0,0.0,False,,-105.50437175238778,False,
positive,/mnt/MammoDiffusion/MammoDiffusion/experiments/diffusers/03_sd21_vae_finetuned/generated_images/final/positive/gen_1257.png,gen_1257.png,99.8956,86.0,1.0,0.5704345703125,0.9977463620800342,0.56365966796875,155.28055630752573,27.326747961607595,5.930020554701736,200.91685485839844,0.0,0.0,False,,-7.488617609542106,True,698.0
positive,/mnt/MammoDiffusion/MammoDiffusion/experiments/diffusers/03_sd21_vae_finetuned/generated_images/final/positive/gen_1258.png,gen_1258.png,121.8956,108.0,1.0,0.3572120666503906,0.9251503080915411,0.3510856628417969,157.18554897593307,35.787265297507716,6.174898779820092,222.0616455078125,0.0,0.0,False,,-46.73350996797282,False,
positive,/mnt/MammoDiffusion/MammoDiffusion/experiments/diffusers/03_sd21_vae_finetuned/generated_images/final/positive/gen_1259.png,gen_1259.png,111.8956,98.0,1.0,0.3737678527832031,0.9956930425286535,0.37897491455078125,151.0307007831216,34.48260534082438,5.341640508332564,67.88561248779297,0.0,0.0,False,,-6.650567740484612,True,340.0
positive,/mnt/MammoDiffusion/MammoDiffusion/experiments/diffusers/03_sd21_vae_finetuned/generated_images/final/positive/gen_1260.png,gen_1260.png,10.0,0.0,0.0,0.8235397338867188,0.9999675754796513,0.81866455078125,132.7603444419593,30.804390728013264,6.282117639784608,161.43753051757812,0.0,0.0,False,,-9.038589299999028,False,
positive,/mnt/MammoDiffusion/MammoDiffusion/experiments/diffusers/03_sd21_vae_finetuned/generated_images/final/positive/gen_1261.png,gen_1261.png,102.8956,89.0,1.0,0.468292236328125,1.0,0.4631614685058594,157.59845159164848,25.18800778515401,5.208328681239201,29.690933227539062,0.0,0.0,False,,-6.919147281347213,True,435.0
positive,/mnt/MammoDiffusion/MammoDiffusion/experiments/diffusers/03_sd21_vae_finetuned/generated_images/final/positive/gen_1262.png,gen_1262.png,91.8956,78.0,1.0,0.4651985168457031,0.997515354779457,0.4584465026855469,168.5224290433437,24.94135647481771,5.597871768703942,181.8602294921875,0.0,0.0,False,,-7.176646400398204,True,550.0
positive,/mnt/MammoDiffusion/MammoDiffusion/experiments/diffusers/03_sd21_vae_finetuned/generated_images/final/positive/gen_1263.png,gen_1263.png,112.8956,99.0,1.0,0.26358795166015625,0.8751483400387855,0.25109100341796875,160.87303637081826,40.7828076191185,5.893993578300873,209.4253692626953,0.0,0.0,False,,-74.73299622059045,False,
positive,/mnt/MammoDiffusion/MammoDiffusion/experiments/diffusers/03_sd21_vae_finetuned/generated_images/final/positive/gen_1264.png,gen_1264.png,137.8956,124.0,1.0,0.15097427368164062,0.9973722111327286,0.15061187744140625,167.47287371460413,23.594797918693413,3.8166647277060886,19.156036376953125,0.0,0.0,False,,-7.144195036911294,True,532.0
positive,/mnt/MammoDiffusion/MammoDiffusion/experiments/diffusers/03_sd21_vae_finetuned/generated_images/final/positive/gen_1265.png,gen_1265.png,220.0,254.0,1.0,0.21293258666992188,0.4991669503215751,0.10153579711914062,254.80369688544914,1.12680484314855,6.040322723639986,552.731201171875,0.0,0.0,True,too_empty,,False,
positive,/mnt/MammoDiffusion/MammoDiffusion/experiments/diffusers/03_sd21_vae_finetuned/generated_images/final/positive/gen_1266.png,gen_1266.png,35.8956,22.0,1.0,0.6086883544921875,0.9818380085733625,0.5978851318359375,107.12909935431182,49.96708151268842,6.677868179917008,486.4166259765625,0.0,0.0,False,,-15.228302819407379,False,
positive,/mnt/MammoDiffusion/MammoDiffusion/experiments/diffusers/03_sd21_vae_finetuned/generated_images/final/positive/gen_1267.png,gen_1267.png,58.8956,45.0,1.0,0.4528617858886719,0.9984163753527355,0.4629707336425781,118.5055576154575,49.7532390283814,5.92802064161805,315.1151123046875,0.0,0.0,False,,-4.91832257710626,True,7.0
positive,/mnt/MammoDiffusion/MammoDiffusion/experiments/diffusers/03_sd21_vae_finetuned/generated_images/final/positive/gen_1268.png,gen_1268.png,35.8956,22.0,1.0,0.8116722106933594,0.9986981553283986,0.8077545166015625,102.29908192757429,45.46238471612913,7.1413554959386,609.9320678710938,0.0,0.0,False,,-7.313181085529501,True,619.0
positive,/mnt/MammoDiffusion/MammoDiffusion/experiments/diffusers/03_sd21_vae_finetuned/generated_images/final/positive/gen_1269.png,gen_1269.png,87.8956,74.0,1.0,0.7775382995605469,0.9982583269144912,0.7696075439453125,151.8977982433531,23.90775113592329,6.302407550026077,161.60595703125,0.0,0.0,False,,-9.146465657547735,False,
positive,/mnt/MammoDiffusion/MammoDiffusion/experiments/diffusers/03_sd21_vae_finetuned/generated_images/final/positive/gen_1270.png,gen_1270.png,72.6868,41.0,3.0,0.6604537963867188,0.9872930793489436,0.7511749267578125,118.51258912429665,43.92814270029092,7.286176143165159,395.3314514160156,0.0,0.0,False,,-13.866041682361843,False,
positive,/mnt/MammoDiffusion/MammoDiffusion/experiments/diffusers/03_sd21_vae_finetuned/generated_images/final/positive/gen_1271.png,gen_1271.png,83.8956,70.0,1.0,0.8192672729492188,0.9999022191594573,0.8171920776367188,132.38681834732193,29.71870792388122,6.651188886133703,152.97654724121094,0.0,0.0,False,,-9.43168879518965,False,
positive,/mnt/MammoDiffusion/MammoDiffusion/experiments/diffusers/03_sd21_vae_finetuned/generated_images/final/positive/gen_1272.png,gen_1272.png,106.8956,93.0,1.0,0.41888427734375,0.9999908931953956,0.4149208068847656,148.38899870367476,25.806609940871745,5.070970555757221,31.82726287841797,0.0,0.0,False,,-6.125771846697519,True,172.0
positive,/mnt/MammoDiffusion/MammoDiffusion/experiments/diffusers/03_sd21_vae_finetuned/generated_images/final/positive/gen_1273.png,gen_1273.png,124.8956,111.0,1.0,0.1824798583984375,0.8132159879588594,0.16681289672851562,172.00297285554208,37.76312479171137,5.558149013111041,242.6346893310547,0.0,0.0,False,,-109.80617130353244,False,
positive,/mnt/MammoDiffusion/MammoDiffusion/experiments/diffusers/03_sd21_vae_finetuned/generated_images/final/positive/gen_1274.png,gen_1274.png,91.8956,78.0,1.0,0.6924476623535156,0.9989973611868599,0.6868667602539062,145.04697930666785,23.47457234024658,5.662135299145849,42.59264373779297,0.0,0.0,False,,-8.039642424984208,True,1004.0
positive,/mnt/MammoDiffusion/MammoDiffusion/experiments/diffusers/03_sd21_vae_finetuned/generated_images/final/positive/gen_1275.png,gen_1275.png,132.06040000000002,47.0,9.0,0.18108749389648438,0.7795706852604748,0.153076171875,171.65355861244018,33.543755855801685,7.1885448289421845,353.7651672363281,0.0,0.0,False,,-130.33668163288257,False,
positive,/mnt/MammoDiffusion/MammoDiffusion/experiments/diffusers/03_sd21_vae_finetuned/generated_images/final/positive/gen_1276.png,gen_1276.png,122.8956,109.0,1.0,0.6356277465820312,0.9942385942169889,0.6958885192871094,149.7690203537931,26.071315616553132,6.243565381250359,138.7322998046875,0.0,0.0,False,,-10.633658839339027,False,
positive,/mnt/MammoDiffusion/MammoDiffusion/experiments/diffusers/03_sd21_vae_finetuned/generated_images/final/positive/gen_1277.png,gen_1277.png,104.8956,91.0,1.0,0.48053741455078125,0.9999603080098436,0.4749031066894531,157.11938823869616,24.094402075132194,5.547654477249353,36.99115753173828,0.0,0.0,False,,-7.3642134542447,True,636.0
positive,/mnt/MammoDiffusion/MammoDiffusion/experiments/diffusers/03_sd21_vae_finetuned/generated_images/final/positive/gen_1278.png,gen_1278.png,212.0,194.0,15.0,0.03734588623046875,0.051787538304392235,0.001567840576171875,216.25547445255475,3.521976601113034,6.456046973191025,356.1927185058594,0.0,0.0,True,too_empty,,False,
positive,/mnt/MammoDiffusion/MammoDiffusion/experiments/diffusers/03_sd21_vae_finetuned/generated_images/final/positive/gen_1279.png,gen_1279.png,220.0,209.0,28.0,0.3555641174316406,0.9721807979916103,0.34470367431640625,236.42377326752396,18.843760489371206,6.373923951167965,620.1289672851562,0.0,0.0,False,,-23.98672707603712,False,
positive,/mnt/MammoDiffusion/MammoDiffusion/experiments/diffusers/03_sd21_vae_finetuned/generated_images/final/positive/gen_1280.png,gen_1280.png,99.8956,86.0,1.0,0.4232330322265625,0.9979089303096946,0.41778564453125,155.89171840759678,24.924618802111436,5.074033688112415,27.979660034179688,0.0,0.0,False,,-5.9726059313351705,True,141.0
positive,/mnt/MammoDiffusion/MammoDiffusion/experiments/diffusers/03_sd21_vae_finetuned/generated_images/final/positive/gen_1281.png,gen_1281.png,94.8956,81.0,1.0,0.7258262634277344,0.9999264207367387,0.7211456298828125,147.83637142675778,23.651100514334512,6.2195149604075075,52.82090759277344,0.0,0.0,False,,-9.395984075874823,False,
positive,/mnt/MammoDiffusion/MammoDiffusion/experiments/diffusers/03_sd21_vae_finetuned/generated_images/final/positive/gen_1282.png,gen_1282.png,49.8956,36.0,1.0,0.7619590759277344,0.9972664874363557,0.7603111267089844,120.53682937720447,44.70263121408898,7.003260629985983,443.40655517578125,0.0,0.0,False,,-8.168618774162862,True,1073.0
positive,/mnt/MammoDiffusion/MammoDiffusion/experiments/diffusers/03_sd21_vae_finetuned/generated_images/final/positive/gen_1283.png,gen_1283.png,117.8956,104.0,1.0,0.3863983154296875,0.9992398215061407,0.3819236755371094,157.75119607666878,25.055111458474187,4.97600136082488,28.720069885253906,0.0,0.0,False,,-6.01406076068456,True,150.0
positive,/mnt/MammoDiffusion/MammoDiffusion/experiments/diffusers/03_sd21_vae_finetuned/generated_images/final/positive/gen_1284.png,gen_1284.png,101.8956,88.0,1.0,0.49285125732421875,0.9967491756838341,0.5009536743164062,144.01204672484428,32.28294756772259,5.814686271610898,129.86953735351562,0.0,0.0,False,,-6.899081230154177,True,427.0
positive,/mnt/MammoDiffusion/MammoDiffusion/experiments/diffusers/03_sd21_vae_finetuned/generated_images/final/positive/gen_1285.png,gen_1285.png,126.8956,113.0,1.0,0.2949104309082031,0.9809853962669288,0.3207511901855469,160.71976499411295,32.38722492824991,5.051675289852639,209.98240661621094,0.0,0.0,False,,-15.19264772713114,False,
positive,/mnt/MammoDiffusion/MammoDiffusion/experiments/diffusers/03_sd21_vae_finetuned/generated_images/final/positive/gen_1286.png,gen_1286.png,220.0,217.0,29.0,0.25061798095703125,0.9891625315839143,0.23839950561523438,246.364845187615,1.7923938328635283,6.55284641411275,622.4903564453125,0.0,0.0,True,low_contrast,,False,
positive,/mnt/MammoDiffusion/MammoDiffusion/experiments/diffusers/03_sd21_vae_finetuned/generated_images/final/positive/gen_1287.png,gen_1287.png,114.8956,101.0,1.0,0.5272102355957031,0.995810571252849,0.5644912719726562,146.37610996229168,28.251496547204905,5.976617451975043,135.14999389648438,0.0,0.0,False,,-8.358603940201425,True,1181.0
positive,/mnt/MammoDiffusion/MammoDiffusion/experiments/diffusers/03_sd21_vae_finetuned/generated_images/final/positive/gen_1288.png,gen_1288.png,204.0,43.0,25.0,0.048305511474609375,0.8132354102503356,0.038997650146484375,216.26988163944048,10.289692195850902,7.175259167640938,522.0191040039062,0.0,0.0,True,too_empty,,False,
positive,/mnt/MammoDiffusion/MammoDiffusion/experiments/diffusers/03_sd21_vae_finetuned/generated_images/final/positive/gen_1289.png,gen_1289.png,118.8956,105.0,1.0,0.476531982421875,0.9991754723022734,0.4724769592285156,154.5470905964136,23.435219317547848,5.141126875559927,25.75823211669922,0.0,0.0,False,,-6.493320037452133,True,284.0
positive,/mnt/MammoDiffusion/MammoDiffusion/experiments/diffusers/03_sd21_vae_finetuned/generated_images/final/positive/gen_1290.png,gen_1290.png,114.8956,101.0,1.0,0.4615364074707031,0.9968922794634223,0.4543495178222656,170.02708534486376,21.317502347217946,5.12522486234214,144.4442138671875,0.0,0.0,False,,-7.37721178343967,True,641.0
positive,/mnt/MammoDiffusion/MammoDiffusion/experiments/diffusers/03_sd21_vae_finetuned/generated_images/final/positive/gen_1291.png,gen_1291.png,84.8956,71.0,1.0,0.5852699279785156,1.0,0.5794868469238281,153.07482111000664,20.914202762981848,5.5961398006945755,39.784523010253906,0.0,0.0,False,,-8.236775801175694,True,1113.0
positive,/mnt/MammoDiffusion/MammoDiffusion/experiments/diffusers/03_sd21_vae_finetuned/generated_images/final/positive/gen_1292.png,gen_1292.png,19.8956,6.0,1.0,0.7020645141601562,0.9993534084611121,0.6978263854980469,97.08232065642237,50.8439553053987,6.854660455519324,463.58831787109375,0.0,0.0,False,,-7.054124588590341,True,493.0
positive,/mnt/MammoDiffusion/MammoDiffusion/experiments/diffusers/03_sd21_vae_finetuned/generated_images/final/positive/gen_1293.png,gen_1293.png,51.0,46.0,0.0,0.688812255859375,0.997164503123477,0.6808357238769531,158.61797878718266,21.593711043939045,5.675192558298466,235.68051147460938,0.0,0.0,False,,-8.814688935604519,False,
positive,/mnt/MammoDiffusion/MammoDiffusion/experiments/diffusers/03_sd21_vae_finetuned/generated_images/final/positive/gen_1294.png,gen_1294.png,148.8956,135.0,1.0,0.091461181640625,0.7995495495495496,0.07135391235351562,199.26527666399357,27.375779265876023,5.586192874302048,357.0735168457031,0.0,0.0,True,too_empty,,False,
positive,/mnt/MammoDiffusion/MammoDiffusion/experiments/diffusers/03_sd21_vae_finetuned/generated_images/final/positive/gen_1295.png,gen_1295.png,125.8956,112.0,1.0,0.16178512573242188,0.7970809459809955,0.1428375244140625,164.79158209592993,40.12551064731439,5.086841661965432,235.0860137939453,0.0,0.0,False,,-118.08436371899758,False,
positive,/mnt/MammoDiffusion/MammoDiffusion/experiments/diffusers/03_sd21_vae_finetuned/generated_images/final/positive/gen_1296.png,gen_1296.png,98.8956,85.0,1.0,0.6321983337402344,0.9980027394449908,0.6251296997070312,157.09659860624626,23.933120856214117,5.9649164464728575,204.38595581054688,0.0,0.0,False,,-8.085983991983309,True,1034.0
positive,/mnt/MammoDiffusion/MammoDiffusion/experiments/diffusers/03_sd21_vae_finetuned/generated_images/final/positive/gen_1297.png,gen_1297.png,130.8956,117.0,1.0,0.3442497253417969,0.995877796615804,0.3383941650390625,168.48683320557333,21.554269863910527,4.8719789948031265,171.36746215820312,0.0,0.0,False,,-7.677623999279341,True,794.0
positive,/mnt/MammoDiffusion/MammoDiffusion/experiments/diffusers/03_sd21_vae_finetuned/generated_images/final/positive/gen_1298.png,gen_1298.png,26.8956,13.0,1.0,0.8071937561035156,0.9994234431784349,0.7957382202148438,97.10344298603054,47.90074383725036,7.04075360001019,439.50531005859375,0.0,0.0,False,,-7.759078890736562,True,843.0
positive,/mnt/MammoDiffusion/MammoDiffusion/experiments/diffusers/03_sd21_vae_finetuned/generated_images/final/positive/gen_1299.png,gen_1299.png,220.0,29.0,25.0,0.09987640380859375,0.4703995111145062,0.04442596435546875,254.9108706852138,1.0351658051441732,6.939809693338994,523.0735473632812,0.0,0.0,True,too_empty,,False,
positive,/mnt/MammoDiffusion/MammoDiffusion/experiments/diffusers/03_sd21_vae_finetuned/generated_images/final/positive/gen_1300.png,gen_1300.png,92.8956,79.0,1.0,0.7386207580566406,0.9982595222724339,0.7365951538085938,137.2850218028525,27.2009864892216,6.431281370234052,160.66690063476562,0.0,0.0,False,,-8.372328549968797,True,1192.0
positive,/mnt/MammoDiffusion/MammoDiffusion/experiments/diffusers/03_sd21_vae_finetuned/generated_images/final/positive/gen_1301.png,gen_1301.png,104.8956,91.0,1.0,0.3970298767089844,0.9700227711642118,0.4557647705078125,143.21211791489503,40.17943608861668,6.070593994806911,230.51121520996094,0.0,0.0,False,,-20.979996201137645,False,
positive,/mnt/MammoDiffusion/MammoDiffusion/experiments/diffusers/03_sd21_vae_finetuned/generated_images/final/positive/gen_1302.png,gen_1302.png,119.0,114.0,0.0,0.5640678405761719,0.9884896562451392,0.5541610717773438,144.1162937977559,19.783019888380178,5.433387914116443,41.98858642578125,0.0,0.0,False,,-12.46219640677306,False,
positive,/mnt/MammoDiffusion/MammoDiffusion/experiments/diffusers/03_sd21_vae_finetuned/generated_images/final/positive/gen_1303.png,gen_1303.png,135.8956,122.0,1.0,0.2572593688964844,0.9910585862779697,0.2521858215332031,162.5768352266711,22.032781234612905,4.231572158865429,19.472023010253906,0.0,0.0,False,,-10.276461801729647,False,
positive,/mnt/MammoDiffusion/MammoDiffusion/experiments/diffusers/03_sd21_vae_finetuned/generated_images/final/positive/gen_1304.png,gen_1304.png,130.8956,117.0,1.0,0.4154472351074219,0.9822968220591881,0.4067802429199219,153.82802081868056,19.423918538063276,5.364945894780199,35.02808380126953,0.0,0.0,False,,-15.170103533183449,False,
positive,/mnt/MammoDiffusion/MammoDiffusion/experiments/diffusers/03_sd21_vae_finetuned/generated_images/final/positive/gen_1305.png,gen_1305.png,60.8956,47.0,1.0,0.705902099609375,0.9980815788335999,0.6985244750976562,165.83279814760203,19.799655124470355,5.79611063733327,147.88043212890625,0.0,0.0,False,,-8.999171291126281,False,
positive,/mnt/MammoDiffusion/MammoDiffusion/experiments/diffusers/03_sd21_vae_finetuned/generated_images/final/positive/gen_1306.png,gen_1306.png,169.8956,156.0,1.0,0.07475662231445312,0.8301270602643261,0.060699462890625,210.223604826546,17.792323291275192,6.4309117003531195,474.58038330078125,0.0,0.0,True,too_empty,,False,
positive,/mnt/MammoDiffusion/MammoDiffusion/experiments/diffusers/03_sd21_vae_finetuned/generated_images/final/positive/gen_1307.png,gen_1307.png,10.0,0.0,0.0,0.8604164123535156,0.9987497395290685,0.8509101867675781,136.19513944616045,25.887701549806557,6.174474276159787,258.5118408203125,0.0,0.0,False,,-8.80632358286548,False,
positive,/mnt/MammoDiffusion/MammoDiffusion/experiments/diffusers/03_sd21_vae_finetuned/generated_images/final/positive/gen_1308.png,gen_1308.png,135.8956,122.0,1.0,0.5458412170410156,0.9949611780080929,0.5408706665039062,171.86515593923235,22.68459354086167,5.228490047135782,154.1993408203125,0.0,0.0,False,,-9.082204272211381,False,
positive,/mnt/MammoDiffusion/MammoDiffusion/experiments/diffusers/03_sd21_vae_finetuned/generated_images/final/positive/gen_1309.png,gen_1309.png,81.8956,68.0,1.0,0.6705551147460938,0.9979178755503977,0.6636009216308594,154.3334463867923,24.762091405750123,5.85633693414769,210.6259307861328,0.0,0.0,False,,-8.134889269982668,True,1055.0
positive,/mnt/MammoDiffusion/MammoDiffusion/experiments/diffusers/03_sd21_vae_finetuned/generated_images/final/positive/gen_1310.png,gen_1310.png,77.0,72.0,0.0,0.7018089294433594,0.9970376409838293,0.6938591003417969,156.4142480936385,23.678173369264233,5.9358640267600045,181.42999267578125,0.0,0.0,False,,-9.08208892370505,False,
positive,/mnt/MammoDiffusion/MammoDiffusion/experiments/diffusers/03_sd21_vae_finetuned/generated_images/final/positive/gen_1311.png,gen_1311.png,95.8956,82.0,1.0,0.5794105529785156,0.9977681069728552,0.5720100402832031,160.6898945641518,21.68474390460748,5.71273529154534,145.2962188720703,0.0,0.0,False,,-7.950923571325795,True,954.0
positive,/mnt/MammoDiffusion/MammoDiffusion/experiments/diffusers/03_sd21_vae_finetuned/generated_images/final/positive/gen_1312.png,gen_1312.png,122.8956,109.0,1.0,0.5785598754882812,0.9968087771814381,0.5756874084472656,160.23809744687335,20.507642202950215,5.814524034848457,163.59454345703125,0.0,0.0,False,,-8.655440857644082,True,1329.0
positive,/mnt/MammoDiffusion/MammoDiffusion/experiments/diffusers/03_sd21_vae_finetuned/generated_images/final/positive/gen_1313.png,gen_1313.png,220.0,187.0,42.0,0.32607269287109375,0.982124055312478,0.31847381591796875,230.06653810219677,14.05704706976591,6.777696679653762,887.429931640625,0.0,0.0,False,,-18.92896416791799,False,
positive,/mnt/MammoDiffusion/MammoDiffusion/experiments/diffusers/03_sd21_vae_finetuned/generated_images/final/positive/gen_1314.png,gen_1314.png,105.7912,83.0,2.0,0.4207496643066406,0.9808788996980878,0.5208396911621094,141.60025634452705,41.25289239289602,6.341456862286121,313.3604736328125,0.0,0.0,False,,-15.560896946007368,False,
positive,/mnt/MammoDiffusion/MammoDiffusion/experiments/diffusers/03_sd21_vae_finetuned/generated_images/final/positive/gen_1315.png,gen_1315.png,153.8956,140.0,1.0,0.22531509399414062,0.8726995682722425,0.20743560791015625,169.70153370848504,18.77453518353236,4.8649861237115415,43.898765563964844,0.0,0.0,False,,-77.33712631244597,False,
positive,/mnt/MammoDiffusion/MammoDiffusion/experiments/diffusers/03_sd21_vae_finetuned/generated_images/final/positive/gen_1316.png,gen_1316.png,68.8956,55.0,1.0,0.6278495788574219,1.0,0.6217689514160156,147.6999503046143,22.324764171394328,5.756832850481972,54.78150939941406,0.0,0.0,False,,-8.397924791419875,True,1206.0
positive,/mnt/MammoDiffusion/MammoDiffusion/experiments/diffusers/03_sd21_vae_finetuned/generated_images/final/positive/gen_1317.png,gen_1317.png,98.8956,85.0,1.0,0.5063743591308594,0.9972126590479348,0.504364013671875,141.7646805227809,28.554852783420113,5.823125648141634,194.86550903320312,0.0,0.0,False,,-6.787572555446276,True,380.0
positive,/mnt/MammoDiffusion/MammoDiffusion/experiments/diffusers/03_sd21_vae_finetuned/generated_images/final/positive/gen_1318.png,gen_1318.png,220.0,219.0,19.0,0.31024932861328125,0.9519980327062585,0.2891807556152344,237.79240703365124,11.732781412004815,6.710532754782124,488.7481994628906,0.0,0.0,False,,-36.60471779214462,False,
positive,/mnt/MammoDiffusion/MammoDiffusion/experiments/diffusers/03_sd21_vae_finetuned/generated_images/final/positive/gen_1319.png,gen_1319.png,192.0,187.0,3.0,0.04638671875,0.2131578947368421,0.0094451904296875,196.98788368336025,3.777625038719254,6.264031026546174,153.184326171875,0.0,0.0,True,too_empty,,False,
positive,/mnt/MammoDiffusion/MammoDiffusion/experiments/diffusers/03_sd21_vae_finetuned/generated_images/final/positive/gen_1320.png,gen_1320.png,94.8956,81.0,1.0,0.732208251953125,0.9807548034843496,0.7137908935546875,137.1111716795998,26.51084025553581,6.498120307418447,135.21371459960938,0.0,0.0,False,,-18.078428937615556,False,
positive,/mnt/MammoDiffusion/MammoDiffusion/experiments/diffusers/03_sd21_vae_finetuned/generated_images/final/positive/gen_1321.png,gen_1321.png,28.8956,15.0,1.0,0.696197509765625,0.9991945382019024,0.6907577514648438,162.33969339179802,26.416360015605857,6.426747247312374,320.4270935058594,0.0,0.0,False,,-8.907158799030526,False,
positive,/mnt/MammoDiffusion/MammoDiffusion/experiments/diffusers/03_sd21_vae_finetuned/generated_images/final/positive/gen_1322.png,gen_1322.png,120.8956,107.0,1.0,0.6172637939453125,0.9974661953377995,0.614044189453125,155.50779036827194,22.871656744004895,5.648747585417702,35.93669891357422,0.0,0.0,False,,-8.231504106032006,True,1108.0
positive,/mnt/MammoDiffusion/MammoDiffusion/experiments/diffusers/03_sd21_vae_finetuned/generated_images/final/positive/gen_1323.png,gen_1323.png,220.0,225.0,29.0,0.16181182861328125,0.4914894620208402,0.07690811157226562,253.39794653043003,10.04326308159073,6.8470533170596415,585.8096923828125,0.0,0.0,True,too_empty,,False,
positive,/mnt/MammoDiffusion/MammoDiffusion/experiments/diffusers/03_sd21_vae_finetuned/generated_images/final/positive/gen_1324.png,gen_1324.png,121.8956,108.0,1.0,0.6789932250976562,0.9934829263907772,0.6764259338378906,158.1719706069783,19.964830251066257,5.894664467319154,50.76214599609375,0.0,0.0,False,,-11.374493537937347,False,
positive,/mnt/MammoDiffusion/MammoDiffusion/experiments/diffusers/03_sd21_vae_finetuned/generated_images/final/positive/gen_1325.png,gen_1325.png,20.8956,7.0,1.0,0.7589149475097656,0.9984568599361633,0.7516098022460938,150.38283510125362,23.554440925183016,6.129218410213624,231.94461059570312,0.0,0.0,False,,-8.63625432648948,True,1323.0
positive,/mnt/MammoDiffusion/MammoDiffusion/experiments/diffusers/03_sd21_vae_finetuned/generated_images/final/positive/gen_1326.png,gen_1326.png,14.8956,1.0,1.0,0.605255126953125,0.9981218171733979,0.5981063842773438,155.96751068307927,21.631881924087168,5.517299275782074,248.4586944580078,0.0,0.0,False,,-7.470319388097455,True,687.0
positive,/mnt/MammoDiffusion/MammoDiffusion/experiments/diffusers/03_sd21_vae_finetuned/generated_images/final/positive/gen_1327.png,gen_1327.png,99.8956,86.0,1.0,0.7354812622070312,0.9982624661569901,0.7268638610839844,156.89282734081021,23.712549605126544,6.340216771954054,161.9207763671875,0.0,0.0,False,,-9.059209253818755,False,
positive,/mnt/MammoDiffusion/MammoDiffusion/experiments/diffusers/03_sd21_vae_finetuned/generated_images/final/positive/gen_1328.png,gen_1328.png,106.8956,93.0,1.0,0.3036079406738281,0.8721431353579012,0.2936210632324219,145.10215535721247,40.84467284473912,6.045458747476739,336.93365478515625,0.0,0.0,False,,-75.62951423209611,False,
positive,/mnt/MammoDiffusion/MammoDiffusion/experiments/diffusers/03_sd21_vae_finetuned/generated_images/final/positive/gen_1329.png,gen_1329.png,119.8956,106.0,1.0,0.6298255920410156,1.0,0.6242752075195312,160.33184234647112,15.027534148419964,5.457321003692275,24.40898895263672,0.0,0.0,False,,-9.058330641847238,False,
positive,/mnt/MammoDiffusion/MammoDiffusion/experiments/diffusers/03_sd21_vae_finetuned/generated_images/final/positive/gen_1330.png,gen_1330.png,111.8956,98.0,1.0,0.4075660705566406,0.9999157626753774,0.4023780822753906,154.77834870735015,26.356035121692678,4.692151218175656,21.945449829101562,0.0,0.0,False,,-5.797418941175563,True,107.0
positive,/mnt/MammoDiffusion/MammoDiffusion/experiments/diffusers/03_sd21_vae_finetuned/generated_images/final/positive/gen_1331.png,gen_1331.png,121.8956,108.0,1.0,0.4158515930175781,0.9501252144239678,0.5002517700195312,151.34501059952112,34.647630708147126,6.140197915738538,326.759521484375,0.0,0.0,False,,-32.91692892243827,False,
positive,/mnt/MammoDiffusion/MammoDiffusion/experiments/diffusers/03_sd21_vae_finetuned/generated_images/final/positive/gen_1332.png,gen_1332.png,62.8956,49.0,1.0,0.442138671875,0.9964453340695748,0.4927177429199219,117.27497812841139,51.90617919760221,6.286971751268765,347.3988342285156,0.0,0.0,False,,-6.641633937333685,True,336.0
positive,/mnt/MammoDiffusion/MammoDiffusion/experiments/diffusers/03_sd21_vae_finetuned/generated_images/final/positive/gen_1333.png,gen_1333.png,131.8956,118.0,1.0,0.23998641967773438,0.9665241372732908,0.24402236938476562,159.87723741187136,27.73958052121432,4.931240076639915,97.17179870605469,0.0,0.0,False,,-24.062151228839696,False,
positive,/mnt/MammoDiffusion/MammoDiffusion/experiments/diffusers/03_sd21_vae_finetuned/generated_images/final/positive/gen_1334.png,gen_1334.png,198.0,147.0,24.0,0.049594879150390625,0.8381662949003923,0.040386199951171875,213.8857088882592,8.9589795306256,7.172351737302591,343.6079406738281,0.0,0.0,True,too_empty,,False,
positive,/mnt/MammoDiffusion/MammoDiffusion/experiments/diffusers/03_sd21_vae_finetuned/generated_images/final/positive/gen_1335.png,gen_1335.png,220.0,236.0,19.0,0.1367645263671875,0.866925136672989,0.06884765625,254.7959884751773,2.0802925002008736,6.965483246266316,354.333984375,0.0,0.0,True,too_empty,,False,
positive,/mnt/MammoDiffusion/MammoDiffusion/experiments/diffusers/03_sd21_vae_finetuned/generated_images/final/positive/gen_1336.png,gen_1336.png,210.3296,63.0,16.0,0.05157470703125,0.41442307692307695,0.01967620849609375,254.76095385808452,1.7504364994325283,6.827495967428606,311.0070495605469,0.0,0.0,True,too_empty,,False,
positive,/mnt/MammoDiffusion/MammoDiffusion/experiments/diffusers/03_sd21_vae_finetuned/generated_images/final/positive/gen_1337.png,gen_1337.png,84.6868,53.0,3.0,0.7086601257324219,0.9976099606504782,0.7014884948730469,142.83987797118945,25.20961173449743,6.608867345975048,183.62643432617188,0.0,0.0,False,,-8.953291178003212,False,
positive,/mnt/MammoDiffusion/MammoDiffusion/experiments/diffusers/03_sd21_vae_finetuned/generated_images/final/positive/gen_1338.png,gen_1338.png,109.8956,96.0,1.0,0.41326141357421875,1.0,0.40771484375,168.1667009730539,23.751861116954935,5.037820813354511,29.098541259765625,0.0,0.0,False,,-6.802298731348478,True,385.0
positive,/mnt/MammoDiffusion/MammoDiffusion/experiments/diffusers/03_sd21_vae_finetuned/generated_images/final/positive/gen_1339.png,gen_1339.png,84.8956,71.0,1.0,0.745941162109375,0.997550423434112,0.7406425476074219,131.48587983827355,30.647893552496456,6.403674222921884,247.88360595703125,0.0,0.0,False,,-8.238141220616358,True,1115.0
positive,/mnt/MammoDiffusion/MammoDiffusion/experiments/diffusers/03_sd21_vae_finetuned/generated_images/final/positive/gen_1340.png,gen_1340.png,76.8956,63.0,1.0,0.6015052795410156,1.0,0.5953788757324219,158.3695146564152,24.43434682626304,5.965337857776156,44.52020263671875,0.0,0.0,False,,-8.615088080490244,True,1315.0
positive,/mnt/MammoDiffusion/MammoDiffusion/experiments/diffusers/03_sd21_vae_finetuned/generated_images/final/positive/gen_1341.png,gen_1341.png,137.8956,124.0,1.0,0.3388519287109375,0.9944274327914622,0.332733154296875,164.6323030358617,21.96465167954459,4.509167360117524,18.907379150390625,0.0,0.0,False,,-8.204647797379849,True,1097.0
positive,/mnt/MammoDiffusion/MammoDiffusion/experiments/diffusers/03_sd21_vae_finetuned/generated_images/final/positive/gen_1342.png,gen_1342.png,124.8956,111.0,1.0,0.5360870361328125,1.0,0.5311470031738281,171.0812284091154,24.35768591124553,5.503741358642951,36.48828887939453,0.0,0.0,False,,-8.130849050059995,True,1052.0
positive,/mnt/MammoDiffusion/MammoDiffusion/experiments/diffusers/03_sd21_vae_finetuned/generated_images/final/positive/gen_1343.png,gen_1343.png,94.8956,81.0,1.0,0.5838851928710938,1.0,0.5780792236328125,164.6266398310677,19.123803676696074,5.595789701208124,48.438453674316406,0.0,0.0,False,,-8.695648013456294,True,1351.0
positive,/mnt/MammoDiffusion/MammoDiffusion/experiments/diffusers/03_sd21_vae_finetuned/generated_images/final/positive/gen_1344.png,gen_1344.png,60.8956,47.0,1.0,0.7233619689941406,0.9996677653263019,0.7166748046875,144.1743367824902,22.604574557805318,6.155313141876439,60.02522277832031,0.0,0.0,False,,-9.112098626045833,False,
positive,/mnt/MammoDiffusion/MammoDiffusion/experiments/diffusers/03_sd21_vae_finetuned/generated_images/final/positive/gen_1345.png,gen_1345.png,64.0,59.0,0.0,0.5430641174316406,0.9966563876342538,0.5354270935058594,160.93757436288374,21.805655121495256,5.097816021852302,190.68899536132812,0.0,0.0,False,,-7.658747224906706,True,785.0
positive,/mnt/MammoDiffusion/MammoDiffusion/experiments/diffusers/03_sd21_vae_finetuned/generated_images/final/positive/gen_1346.png,gen_1346.png,174.0,170.0,1.0,0.04930877685546875,0.6373974934241065,0.030139923095703125,198.52841412479432,10.680413872109895,4.543898389865056,249.16937255859375,0.0,0.0,True,too_empty,,False,
positive,/mnt/MammoDiffusion/MammoDiffusion/experiments/diffusers/03_sd21_vae_finetuned/generated_images/final/positive/gen_1347.png,gen_1347.png,113.7912,91.0,2.0,0.6016464233398438,0.9979203388326,0.5951004028320312,166.02953808284508,20.70205377190152,6.067152749945015,176.26675415039062,0.0,0.0,False,,-8.565693249144429,True,1293.0
positive,/mnt/MammoDiffusion/MammoDiffusion/experiments/diffusers/03_sd21_vae_finetuned/generated_images/final/positive/gen_1348.png,gen_1348.png,97.8956,84.0,1.0,0.5253639221191406,0.9996151639909673,0.5195770263671875,145.34796334909402,24.900964248523554,5.130429013701914,19.843482971191406,0.0,0.0,False,,-6.6672333569615745,True,346.0
positive,/mnt/MammoDiffusion/MammoDiffusion/experiments/diffusers/03_sd21_vae_finetuned/generated_images/final/positive/gen_1349.png,gen_1349.png,24.8956,11.0,1.0,0.5713996887207031,0.9991921970238135,0.5689048767089844,101.78080262849096,51.070922928735826,6.448265708366646,451.37298583984375,0.0,0.0,False,,-5.869495646896919,True,121.0
positive,/mnt/MammoDiffusion/MammoDiffusion/experiments/diffusers/03_sd21_vae_finetuned/generated_images/final/positive/gen_1350.png,gen_1350.png,60.8956,47.0,1.0,0.6253013610839844,0.999987798851872,0.618804931640625,164.70541746806728,18.76098272469562,5.79785734794854,68.25096130371094,0.0,0.0,False,,-9.16620947313457,False,
positive,/mnt/MammoDiffusion/MammoDiffusion/experiments/diffusers/03_sd21_vae_finetuned/generated_images/final/positive/gen_1351.png,gen_1351.png,89.8956,76.0,1.0,0.35559844970703125,0.9650282134351734,0.37384033203125,135.08591836734695,46.43149711302234,6.147371130331715,576.6036376953125,0.0,0.0,False,,-23.409161117047717,False,
positive,/mnt/MammoDiffusion/MammoDiffusion/experiments/diffusers/03_sd21_vae_finetuned/generated_images/final/positive/gen_1352.png,gen_1352.png,44.8956,31.0,1.0,0.5264968872070312,0.9976524801112898,0.5308647155761719,110.08430401759088,52.17795828874384,6.2893302028628995,549.640869140625,0.0,0.0,False,,-5.7813251458279185,True,103.0
positive,/mnt/MammoDiffusion/MammoDiffusion/experiments/diffusers/03_sd21_vae_finetuned/generated_images/final/positive/gen_1353.png,gen_1353.png,84.8956,71.0,1.0,0.845367431640625,0.9999954875275261,0.8377799987792969,148.29177803377667,20.16029034304073,6.09175334906143,67.72175598144531,0.0,0.0,False,,-10.33696647455325,False,
positive,/mnt/MammoDiffusion/MammoDiffusion/experiments/diffusers/03_sd21_vae_finetuned/generated_images/final/positive/gen_1354.png,gen_1354.png,126.8956,113.0,1.0,0.5046577453613281,0.9861368326366474,0.5196037292480469,147.00020556342733,21.83549753021064,5.587251914732724,95.93970489501953,0.0,0.0,False,,-13.563885365300738,False,
positive,/mnt/MammoDiffusion/MammoDiffusion/experiments/diffusers/03_sd21_vae_finetuned/generated_images/final/positive/gen_1355.png,gen_1355.png,101.8956,88.0,1.0,0.24115371704101562,0.8730088425581727,0.22565078735351562,151.05526346930841,47.02129575221581,5.474569773112825,359.08538818359375,0.0,0.0,False,,-75.63540648723068,False,
positive,/mnt/MammoDiffusion/MammoDiffusion/experiments/diffusers/03_sd21_vae_finetuned/generated_images/final/positive/gen_1356.png,gen_1356.png,64.0,59.0,0.0,0.6503067016601562,0.9967619695672068,0.6419754028320312,149.20465268286887,24.268315460369916,5.574363548689326,206.944091796875,0.0,0.0,False,,-8.235736842411148,True,1111.0
positive,/mnt/MammoDiffusion/MammoDiffusion/experiments/diffusers/03_sd21_vae_finetuned/generated_images/final/positive/gen_1357.png,gen_1357.png,74.8956,61.0,1.0,0.50445556640625,1.0,0.4987831115722656,167.00826749673047,25.01227312070516,5.625877303240474,53.77009582519531,0.0,0.0,False,,-7.841009979815673,True,890.0
positive,/mnt/MammoDiffusion/MammoDiffusion/experiments/diffusers/03_sd21_vae_finetuned/generated_images/final/positive/gen_1358.png,gen_1358.png,104.8956,91.0,1.0,0.6949691772460938,0.9894007091809289,0.68499755859375,139.9173794885503,27.630412611323298,6.242799977803461,105.79102325439453,0.0,0.0,False,,-12.875116826612143,False,
positive,/mnt/MammoDiffusion/MammoDiffusion/experiments/diffusers/03_sd21_vae_finetuned/generated_images/final/positive/gen_1359.png,gen_1359.png,41.8956,28.0,1.0,0.8927001953125,0.9999829071516477,0.8871269226074219,108.6485777557997,43.70483907187436,7.1788011714210604,274.73162841796875,0.0,0.0,False,,-9.081388358352852,False,
positive,/mnt/MammoDiffusion/MammoDiffusion/experiments/diffusers/03_sd21_vae_finetuned/generated_images/final/positive/gen_1360.png,gen_1360.png,106.8956,93.0,1.0,0.6418380737304688,0.9979554720838731,0.6351966857910156,157.74527514368248,20.2781808782422,5.762536285854361,167.37847900390625,0.0,0.0,False,,-8.304182075304736,True,1152.0
positive,/mnt/MammoDiffusion/MammoDiffusion/experiments/diffusers/03_sd21_vae_finetuned/generated_images/final/positive/gen_1361.png,gen_1361.png,57.8956,44.0,1.0,0.6384353637695312,0.99812382739212,0.6310310363769531,163.8102477919974,19.19089534484035,5.895098036544744,245.7390899658203,0.0,0.0,False,,-8.478792707952971,True,1252.0
positive,/mnt/MammoDiffusion/MammoDiffusion/experiments/diffusers/03_sd21_vae_finetuned/generated_images/final/positive/gen_1362.png,gen_1362.png,129.8956,116.0,1.0,0.30926513671875,0.9955841720939412,0.3044395446777344,163.5591740072926,24.96491462143102,4.536547980738729,22.718719482421875,0.0,0.0,False,,-7.530816396287047,True,723.0
positive,/mnt/MammoDiffusion/MammoDiffusion/experiments/diffusers/03_sd21_vae_finetuned/generated_images/final/positive/gen_1363.png,gen_1363.png,10.0,0.0,0.0,0.7509765625,0.9983491141092328,0.74383544921875,147.57815705259702,24.761146135746735,6.025990612093759,251.07769775390625,0.0,0.0,False,,-8.34748086319663,True,1174.0
positive,/mnt/MammoDiffusion/MammoDiffusion/experiments/diffusers/03_sd21_vae_finetuned/generated_images/final/positive/gen_1364.png,gen_1364.png,96.8956,83.0,1.0,0.3115043640136719,0.9084852863738229,0.3034324645996094,149.91554253674113,44.14681881677345,5.700907594494335,264.6582946777344,0.0,0.0,False,,-55.51466263325107,False,
positive,/mnt/MammoDiffusion/MammoDiffusion/experiments/diffusers/03_sd21_vae_finetuned/generated_images/final/positive/gen_1365.png,gen_1365.png,23.8956,10.0,1.0,0.7104530334472656,1.0,0.7040061950683594,157.9705880759248,21.51878871229946,5.994038039488919,102.80233764648438,0.0,0.0,False,,-9.497738924231076,False,
positive,/mnt/MammoDiffusion/MammoDiffusion/experiments/diffusers/03_sd21_vae_finetuned/generated_images/final/positive/gen_1366.png,gen_1366.png,82.8956,69.0,1.0,0.7746124267578125,0.9984093371417315,0.7888526916503906,127.23380868791497,31.190283537802564,6.8042273999882275,171.73487854003906,0.0,0.0,False,,-8.40656931658879,True,1212.0
positive,/mnt/MammoDiffusion/MammoDiffusion/experiments/diffusers/03_sd21_vae_finetuned/generated_images/final/positive/gen_1367.png,gen_1367.png,220.0,207.0,47.0,0.18331527709960938,0.5001768806575798,0.08736419677734375,254.12025150641864,7.736476075211701,6.857797707454941,571.1469116210938,0.0,0.0,True,too_empty,,False,
positive,/mnt/MammoDiffusion/MammoDiffusion/experiments/diffusers/03_sd21_vae_finetuned/generated_images/final/positive/gen_1368.png,gen_1368.png,69.8956,56.0,1.0,0.3966789245605469,0.9857578351140046,0.4631538391113281,117.40563201634092,50.96419863696644,5.950535132640626,316.629150390625,0.0,0.0,False,,-12.020248378677355,False,
positive,/mnt/MammoDiffusion/MammoDiffusion/experiments/diffusers/03_sd21_vae_finetuned/generated_images/final/positive/gen_1369.png,gen_1369.png,220.0,211.0,37.0,0.3451728820800781,0.9977344311211803,0.325653076171875,248.78463827195202,1.4141206841749625,6.2122369833388715,390.14251708984375,0.0,0.0,True,low_contrast,,False,
positive,/mnt/MammoDiffusion/MammoDiffusion/experiments/diffusers/03_sd21_vae_finetuned/generated_images/final/positive/gen_1370.png,gen_1370.png,135.8956,122.0,1.0,0.5322303771972656,0.997391073745171,0.5249061584472656,171.27440207556631,18.687633467437003,5.616892833585533,141.48973083496094,0.0,0.0,False,,-8.287916508242734,True,1147.0
positive,/mnt/MammoDiffusion/MammoDiffusion/experiments/diffusers/03_sd21_vae_finetuned/generated_images/final/positive/gen_1371.png,gen_1371.png,50.8956,37.0,1.0,0.4788551330566406,0.9989086187255535,0.47855377197265625,116.46356317257872,51.161372867747886,6.111078033721362,382.904052734375,0.0,0.0,False,,-5.309896876985333,True,34.0
positive,/mnt/MammoDiffusion/MammoDiffusion/experiments/diffusers/03_sd21_vae_finetuned/generated_images/final/positive/gen_1372.png,gen_1372.png,117.7912,95.0,2.0,0.5202255249023438,0.9321938199363515,0.5261764526367188,145.6965142749431,29.7674507895829,6.693164352923471,388.1933898925781,0.0,0.0,False,,-43.6890719925249,False,
positive,/mnt/MammoDiffusion/MammoDiffusion/experiments/diffusers/03_sd21_vae_finetuned/generated_images/final/positive/gen_1373.png,gen_1373.png,21.8956,8.0,1.0,0.6659011840820312,0.9994844238723204,0.6629180908203125,100.53870410864312,55.108864036222904,6.770907224455353,534.94091796875,0.0,0.0,False,,-7.127825149503074,True,527.0
positive,/mnt/MammoDiffusion/MammoDiffusion/experiments/diffusers/03_sd21_vae_finetuned/generated_images/final/positive/gen_1374.png,gen_1374.png,119.8956,106.0,1.0,0.14855575561523438,0.8725316488200704,0.12838363647460938,176.2341108304858,33.95471935674558,4.475601161985165,193.98780822753906,0.0,0.0,True,too_empty,,False,
positive,/mnt/MammoDiffusion/MammoDiffusion/experiments/diffusers/03_sd21_vae_finetuned/generated_images/final/positive/gen_1375.png,gen_1375.png,109.8956,96.0,1.0,0.45831298828125,0.9998751498202157,0.4551811218261719,148.18440702965898,25.139167188014834,5.173475131065174,31.92499542236328,0.0,0.0,False,,-6.474738966780485,True,272.0
positive,/mnt/MammoDiffusion/MammoDiffusion/experiments/diffusers/03_sd21_vae_finetuned/generated_images/final/positive/gen_1376.png,gen_1376.png,10.0,0.0,0.0,0.8841476440429688,1.0,0.8745155334472656,142.97989522309803,23.566847102872885,6.017160950380577,94.47718811035156,0.0,0.0,False,,-10.077896409744914,False,
positive,/mnt/MammoDiffusion/MammoDiffusion/experiments/diffusers/03_sd21_vae_finetuned/generated_images/final/positive/gen_1377.png,gen_1377.png,10.0,0.0,0.0,0.8956375122070312,1.0,0.8873100280761719,131.0152276625839,20.080060355771682,5.721899035488659,58.27178955078125,0.0,0.0,False,,-9.798483304031224,False,
positive,/mnt/MammoDiffusion/MammoDiffusion/experiments/diffusers/03_sd21_vae_finetuned/generated_images/final/positive/gen_1378.png,gen_1378.png,120.8956,107.0,1.0,0.1663818359375,0.8271047322083639,0.13754653930664062,169.15630806778157,30.09834167080197,4.974670720395286,159.48367309570312,0.0,0.0,False,,-102.27374014298829,False,
positive,/mnt/MammoDiffusion/MammoDiffusion/experiments/diffusers/03_sd21_vae_finetuned/generated_images/final/positive/gen_1379.png,gen_1379.png,125.8956,112.0,1.0,0.31659698486328125,0.9945538231679398,0.31047821044921875,160.74031207765083,26.411003181042474,4.767500380486292,35.11601257324219,0.0,0.0,False,,-8.086238035176287,True,1035.0
positive,/mnt/MammoDiffusion/MammoDiffusion/experiments/diffusers/03_sd21_vae_finetuned/generated_images/final/positive/gen_1380.png,gen_1380.png,107.8956,94.0,1.0,0.5883865356445312,0.9963109918180522,0.6476936340332031,138.55357531995594,30.734375551360795,6.368090117409391,280.35235595703125,0.0,0.0,False,,-8.434342712269022,True,1225.0
positive,/mnt/MammoDiffusion/MammoDiffusion/experiments/diffusers/03_sd21_vae_finetuned/generated_images/final/positive/gen_1381.png,gen_1381.png,82.8956,69.0,1.0,0.6958045959472656,0.9989802687485266,0.721221923828125,124.82781491981551,36.44998836422742,6.690478513375343,245.70509338378906,0.0,0.0,False,,-7.490907184408231,True,700.0
positive,/mnt/MammoDiffusion/MammoDiffusion/experiments/diffusers/03_sd21_vae_finetuned/generated_images/final/positive/gen_1382.png,gen_1382.png,98.8956,85.0,1.0,0.3840484619140625,0.9754459851404506,0.4559173583984375,133.36486328190367,39.43279302253775,5.9873673048289255,294.7463684082031,0.0,0.0,False,,-17.560595855217116,False,
positive,/mnt/MammoDiffusion/MammoDiffusion/experiments/diffusers/03_sd21_vae_finetuned/generated_images/final/positive/gen_1383.png,gen_1383.png,111.8956,98.0,1.0,0.5231552124023438,0.9998395823307229,0.5180931091308594,161.30718256451792,25.325598934074023,5.72068132413956,37.59356689453125,0.0,0.0,False,,-7.799172191719374,True,864.0
positive,/mnt/MammoDiffusion/MammoDiffusion/experiments/diffusers/03_sd21_vae_finetuned/generated_images/final/positive/gen_1384.png,gen_1384.png,99.8956,86.0,1.0,0.3497428894042969,0.9950917836458231,0.3427543640136719,146.48031741438604,25.67220203796133,4.716206692756554,23.935836791992188,0.0,0.0,False,,-7.149610451106467,True,535.0
positive,/mnt/MammoDiffusion/MammoDiffusion/experiments/diffusers/03_sd21_vae_finetuned/generated_images/final/positive/gen_1385.png,gen_1385.png,24.8956,11.0,1.0,0.75042724609375,1.0,0.743743896484375,148.82296069098518,20.877868354024418,6.217023079757496,95.71241760253906,0.0,0.0,False,,-9.759896980152217,False,
positive,/mnt/MammoDiffusion/MammoDiffusion/experiments/diffusers/03_sd21_vae_finetuned/generated_images/final/positive/gen_1386.png,gen_1386.png,92.0,87.0,0.0,0.5022926330566406,1.0,0.49652099609375,153.96996773202213,26.51714368224308,4.8677429234864,28.943016052246094,0.0,0.0,False,,-6.604719358515687,True,326.0
positive,/mnt/MammoDiffusion/MammoDiffusion/experiments/diffusers/03_sd21_vae_finetuned/generated_images/final/positive/gen_1387.png,gen_1387.png,68.8956,55.0,1.0,0.6590347290039062,0.9979856681446151,0.6519241333007812,151.87218106706925,23.700351121445163,5.5845337617969175,224.8555145263672,0.0,0.0,False,,-7.732946039006794,True,823.0
positive,/mnt/MammoDiffusion/MammoDiffusion/experiments/diffusers/03_sd21_vae_finetuned/generated_images/final/positive/gen_1388.png,gen_1388.png,220.0,143.0,87.0,0.12184906005859375,0.41234111827687686,0.04729461669921875,254.82827875463784,1.6536585695583157,7.174236593873717,557.4874267578125,0.0,0.0,True,too_empty,,False,
positive,/mnt/MammoDiffusion/MammoDiffusion/experiments/diffusers/03_sd21_vae_finetuned/generated_images/final/positive/gen_1389.png,gen_1389.png,196.0,191.0,3.0,0.047863006591796875,0.1553359368773412,0.00739288330078125,210.65118679050568,7.538213699159161,6.270915374804788,179.6710205078125,0.0,0.0,True,too_empty,,False,
positive,/mnt/MammoDiffusion/MammoDiffusion/experiments/diffusers/03_sd21_vae_finetuned/generated_images/final/positive/gen_1390.png,gen_1390.png,220.0,234.0,12.0,0.45223236083984375,0.971345423871784,0.43236541748046875,246.02882426637964,16.202381546714122,5.750866229534018,489.81439208984375,0.0,0.0,False,,-24.287844943576943,False,
positive,/mnt/MammoDiffusion/MammoDiffusion/experiments/diffusers/03_sd21_vae_finetuned/generated_images/final/positive/gen_1391.png,gen_1391.png,92.8956,79.0,1.0,0.4326057434082031,0.9968431726996164,0.42552947998046875,154.62978933213805,27.556291339375488,5.368286348338758,175.87939453125,0.0,0.0,False,,-6.499951724424593,True,287.0
positive,/mnt/MammoDiffusion/MammoDiffusion/experiments/diffusers/03_sd21_vae_finetuned/generated_images/final/positive/gen_1392.png,gen_1392.png,106.8956,93.0,1.0,0.49015045166015625,0.9978519729161802,0.486083984375,149.27873085133098,25.289009299895,5.4174010697916,29.18694305419922,0.0,0.0,False,,-6.573824328413884,True,311.0
positive,/mnt/MammoDiffusion/MammoDiffusion/experiments/diffusers/03_sd21_vae_finetuned/generated_images/final/positive/gen_1393.png,gen_1393.png,120.8956,107.0,1.0,0.4133338928222656,0.9962622170129115,0.40767669677734375,170.22613455600262,22.691138171797995,5.180370019708187,160.01821899414062,0.0,0.0,False,,-7.356569495487627,True,631.0
positive,/mnt/MammoDiffusion/MammoDiffusion/experiments/diffusers/03_sd21_vae_finetuned/generated_images/final/positive/gen_1394.png,gen_1394.png,55.8956,42.0,1.0,0.7952041625976562,0.9984361358163275,0.7873191833496094,143.90028634969548,22.358645670370805,6.022490546070015,135.9286346435547,0.0,0.0,False,,-8.788025017801433,False,
positive,/mnt/MammoDiffusion/MammoDiffusion/experiments/diffusers/03_sd21_vae_finetuned/generated_images/final/positive/gen_1395.png,gen_1395.png,10.0,0.0,0.0,0.717437744140625,0.9982878897443532,0.7096672058105469,151.24195447093288,20.54532535607328,5.452037208581725,319.19842529296875,0.0,0.0,False,,-7.911276714597268,True,928.0
positive,/mnt/MammoDiffusion/MammoDiffusion/experiments/diffusers/03_sd21_vae_finetuned/generated_images/final/positive/gen_1396.png,gen_1396.png,108.8956,95.0,1.0,0.483062744140625,0.9993445574578306,0.4776039123535156,162.19606073433917,26.563981573345714,5.384889755968737,36.47601318359375,0.0,0.0,False,,-6.861531947036363,True,413.0
positive,/mnt/MammoDiffusion/MammoDiffusion/experiments/diffusers/03_sd21_vae_finetuned/generated_images/final/positive/gen_1397.png,gen_1397.png,112.8956,99.0,1.0,0.3663444519042969,0.9937210392044568,0.359619140625,166.17232051934826,26.160917454429704,5.12301283376129,155.89727783203125,0.0,0.0,False,,-8.602417835161537,True,1308.0
positive,/mnt/MammoDiffusion/MammoDiffusion/experiments/diffusers/03_sd21_vae_finetuned/generated_images/final/positive/gen_1398.png,gen_1398.png,72.8956,59.0,1.0,0.7056465148925781,0.9986755396500181,0.7466773986816406,121.5381557906783,42.052941463490505,6.9376293573206755,386.879638671875,0.0,0.0,False,,-7.309855027245065,True,618.0
positive,/mnt/MammoDiffusion/MammoDiffusion/experiments/diffusers/03_sd21_vae_finetuned/generated_images/final/positive/gen_1399.png,gen_1399.png,114.8956,101.0,1.0,0.3364906311035156,0.9331700846852362,0.33057403564453125,156.42294998730642,36.404056132264174,6.071605334248286,234.89540100097656,0.0,0.0,False,,-42.23452051734375,False,
positive,/mnt/MammoDiffusion/MammoDiffusion/experiments/diffusers/03_sd21_vae_finetuned/generated_images/final/positive/gen_1400.png,gen_1400.png,73.8956,60.0,1.0,0.8535804748535156,0.9994368991915481,0.8466835021972656,146.87965920712944,26.877527248996373,6.526521948952949,203.01058959960938,0.0,0.0,False,,-9.831149054507236,False,
positive,/mnt/MammoDiffusion/MammoDiffusion/experiments/diffusers/03_sd21_vae_finetuned/generated_images/final/positive/gen_1401.png,gen_1401.png,136.8956,123.0,1.0,0.4086799621582031,0.9860360486498091,0.3964653015136719,166.44721016828473,21.069873897533064,4.9557945421730745,204.04286193847656,0.0,0.0,False,,-12.76476106161143,False,
positive,/mnt/MammoDiffusion/MammoDiffusion/experiments/diffusers/03_sd21_vae_finetuned/generated_images/final/positive/gen_1402.png,gen_1402.png,109.8956,96.0,1.0,0.3570671081542969,0.9797976560580324,0.38299560546875,138.91338645418327,31.84015118018987,5.438363878586504,86.46915435791016,0.0,0.0,False,,-15.33791328258038,False,
positive,/mnt/MammoDiffusion/MammoDiffusion/experiments/diffusers/03_sd21_vae_finetuned/generated_images/final/positive/gen_1403.png,gen_1403.png,131.8956,118.0,1.0,0.14717864990234375,0.8156912549893733,0.12656021118164062,176.43180516622962,34.14368962346385,5.187206571301514,144.23741149902344,0.0,0.0,True,too_empty,,False,
positive,/mnt/MammoDiffusion/MammoDiffusion/experiments/diffusers/03_sd21_vae_finetuned/generated_images/final/positive/gen_1404.png,gen_1404.png,215.0,212.0,1.0,0.02423095703125,0.1116183879093199,0.002567291259765625,216.4294205052006,0.8797688758328196,6.576237470637458,302.2051696777344,0.0,0.0,True,too_empty,,False,
positive,/mnt/MammoDiffusion/MammoDiffusion/experiments/diffusers/03_sd21_vae_finetuned/generated_images/final/positive/gen_1405.png,gen_1405.png,94.8956,81.0,1.0,0.4016532897949219,0.9999905025120855,0.3961143493652344,152.11423453615694,26.816409880603768,5.058625858412558,33.675392150878906,0.0,0.0,False,,-6.113890100567159,True,168.0
positive,/mnt/MammoDiffusion/MammoDiffusion/experiments/diffusers/03_sd21_vae_finetuned/generated_images/final/positive/gen_1406.png,gen_1406.png,48.8956,35.0,1.0,0.8521804809570312,0.9994314977125617,0.8539009094238281,111.99189171078201,42.6588787742515,7.24015030752841,344.4521484375,0.0,0.0,False,,-8.55404937904175,True,1287.0
positive,/mnt/MammoDiffusion/MammoDiffusion/experiments/diffusers/03_sd21_vae_finetuned/generated_images/final/positive/gen_1407.png,gen_1407.png,34.0,29.0,0.0,0.7378921508789062,0.9987902850584696,0.7416915893554688,92.9239314920537,44.35635786776866,6.552518751351897,354.27825927734375,0.0,0.0,False,,-6.289033666928018,True,215.0
positive,/mnt/MammoDiffusion/MammoDiffusion/experiments/diffusers/03_sd21_vae_finetuned/generated_images/final/positive/gen_1408.png,gen_1408.png,89.8956,76.0,1.0,0.6807670593261719,0.9979210911189685,0.6738243103027344,145.67033327860779,26.194479436206333,6.144882074374927,193.24624633789062,0.0,0.0,False,,-8.141922838907321,True,1060.0
positive,/mnt/MammoDiffusion/MammoDiffusion/experiments/diffusers/03_sd21_vae_finetuned/generated_images/final/positive/gen_1409.png,gen_1409.png,88.8956,75.0,1.0,0.5829124450683594,0.9986322616110519,0.59832763671875,131.172931755585,33.93827067196177,6.102133129038089,93.81256103515625,0.0,0.0,False,,-6.447603940151237,True,260.0
positive,/mnt/MammoDiffusion/MammoDiffusion/experiments/diffusers/03_sd21_vae_finetuned/generated_images/final/positive/gen_1410.png,gen_1410.png,35.8956,22.0,1.0,0.6238479614257812,0.9993151438809329,0.6248321533203125,102.63880070331388,49.33924395403681,6.586622635222264,444.4089660644531,0.0,0.0,False,,-6.363721318567834,True,232.0
positive,/mnt/MammoDiffusion/MammoDiffusion/experiments/diffusers/03_sd21_vae_finetuned/generated_images/final/positive/gen_1411.png,gen_1411.png,90.8956,77.0,1.0,0.49416351318359375,0.9971746614997452,0.4908790588378906,153.73126568801922,35.440741744726466,5.544832228679427,297.2269287109375,0.0,0.0,False,,-6.196864292813018,True,194.0
positive,/mnt/MammoDiffusion/MammoDiffusion/experiments/diffusers/03_sd21_vae_finetuned/generated_images/final/positive/gen_1412.png,gen_1412.png,83.0,78.0,0.0,0.5471687316894531,0.9964374603484457,0.5397186279296875,161.4804359503548,26.624170106298745,5.330838840618133,143.6444549560547,0.0,0.0,False,,-7.773133434251205,True,851.0
positive,/mnt/MammoDiffusion/MammoDiffusion/experiments/diffusers/03_sd21_vae_finetuned/generated_images/final/positive/gen_1413.png,gen_1413.png,28.8956,15.0,1.0,0.7722091674804688,0.9994763621992787,0.7701416015625,96.27513274686955,52.054458542634706,7.060535524549329,519.5839233398438,0.0,0.0,False,,-7.804709053698373,True,869.0
positive,/mnt/MammoDiffusion/MammoDiffusion/experiments/diffusers/03_sd21_vae_finetuned/generated_images/final/positive/gen_1414.png,gen_1414.png,220.0,208.0,22.0,0.3742828369140625,0.9866178808756981,0.3642463684082031,230.02703042362674,14.609460744399474,6.537526609204908,595.8037719726562,0.0,0.0,False,,-16.133669750354372,False,
positive,/mnt/MammoDiffusion/MammoDiffusion/experiments/diffusers/03_sd21_vae_finetuned/generated_images/final/positive/gen_1415.png,gen_1415.png,53.8956,40.0,1.0,0.7656517028808594,1.0,0.7592735290527344,146.15263340350384,20.216534028319888,6.14201998505267,49.965667724609375,0.0,0.0,False,,-9.812168341071754,False,
positive,/mnt/MammoDiffusion/MammoDiffusion/experiments/diffusers/03_sd21_vae_finetuned/generated_images/final/positive/gen_1416.png,gen_1416.png,130.8956,117.0,1.0,0.40465545654296875,0.9965874168065009,0.4016571044921875,158.1157067963378,18.680940097534435,4.852012626099288,24.878707885742188,0.0,0.0,False,,-6.903802781859983,True,428.0
positive,/mnt/MammoDiffusion/MammoDiffusion/experiments/diffusers/03_sd21_vae_finetuned/generated_images/final/positive/gen_1417.png,gen_1417.png,102.0,97.0,0.0,0.6013946533203125,0.9971519549387258,0.5938262939453125,156.22492098568748,19.128738197599453,5.299230049242241,160.4120635986328,0.0,0.0,False,,-8.058154869334192,True,1020.0
positive,/mnt/MammoDiffusion/MammoDiffusion/experiments/diffusers/03_sd21_vae_finetuned/generated_images/final/positive/gen_1418.png,gen_1418.png,139.8956,126.0,1.0,0.6229057312011719,0.9503953065386335,0.5920867919921875,163.31865448547794,16.548979989072684,6.023137795570885,70.11936950683594,0.0,0.0,False,,-35.23075925301305,False,
positive,/mnt/MammoDiffusion/MammoDiffusion/experiments/diffusers/03_sd21_vae_finetuned/generated_images/final/positive/gen_1419.png,gen_1419.png,28.8956,15.0,1.0,0.5439796447753906,0.9978050644806138,0.5370140075683594,169.07785473272952,24.61856349802521,5.758935737323778,290.1735534667969,0.0,0.0,False,,-7.610624014115623,True,759.0
positive,/mnt/MammoDiffusion/MammoDiffusion/experiments/diffusers/03_sd21_vae_finetuned/generated_images/final/positive/gen_1420.png,gen_1420.png,54.8956,41.0,1.0,0.6663398742675781,0.9977272336941898,0.6585884094238281,158.86835413710216,19.57365138415347,5.976301267156875,202.38621520996094,0.0,0.0,False,,-8.840205133950182,False,
positive,/mnt/MammoDiffusion/MammoDiffusion/experiments/diffusers/03_sd21_vae_finetuned/generated_images/final/positive/gen_1421.png,gen_1421.png,133.7912,111.0,2.0,0.15759658813476562,0.725026020865103,0.09703445434570312,193.48232889098557,27.23568132105951,6.378577256909178,359.3791198730469,0.0,0.0,True,too_empty,,False,
positive,/mnt/MammoDiffusion/MammoDiffusion/experiments/diffusers/03_sd21_vae_finetuned/generated_images/final/positive/gen_1422.png,gen_1422.png,50.8956,37.0,1.0,0.4284172058105469,1.0,0.4229621887207031,158.33729267566764,24.29720695460011,5.083005267083504,49.311729431152344,0.0,0.0,False,,-6.585907464087591,True,315.0
positive,/mnt/MammoDiffusion/MammoDiffusion/experiments/diffusers/03_sd21_vae_finetuned/generated_images/final/positive/gen_1423.png,gen_1423.png,150.8956,137.0,1.0,0.139801025390625,0.5469056974459725,0.07375717163085938,192.73105766744246,23.113669373656332,5.797642186759001,105.68038940429688,0.0,0.0,True,too_empty,,False,
positive,/mnt/MammoDiffusion/MammoDiffusion/experiments/diffusers/03_sd21_vae_finetuned/generated_images/final/positive/gen_1424.png,gen_1424.png,86.0,81.0,0.0,0.6915473937988281,1.0,0.6852798461914062,147.79594415559836,18.922654979459384,5.637219842954096,32.169921875,0.0,0.0,False,,-8.979333357471535,False,
positive,/mnt/MammoDiffusion/MammoDiffusion/experiments/diffusers/03_sd21_vae_finetuned/generated_images/final/positive/gen_1425.png,gen_1425.png,40.8956,27.0,1.0,0.4502716064453125,0.9990596089328679,0.45074462890625,110.87493229519296,53.68115860031139,6.133715191308867,373.3437194824219,0.0,0.0,False,,-5.24746506951451,True,25.0
positive,/mnt/MammoDiffusion/MammoDiffusion/experiments/diffusers/03_sd21_vae_finetuned/generated_images/final/positive/gen_1426.png,gen_1426.png,68.47800000000001,19.0,5.0,0.8025588989257812,0.9805690492713394,0.7991104125976562,124.01446424991168,36.436711376887814,7.276312942025214,728.4849243164062,0.0,0.0,False,,-17.69189132230934,False,
positive,/mnt/MammoDiffusion/MammoDiffusion/experiments/diffusers/03_sd21_vae_finetuned/generated_images/final/positive/gen_1427.png,gen_1427.png,111.8956,98.0,1.0,0.17076873779296875,0.9075190993164455,0.150054931640625,157.86696664632908,34.8764171200584,5.009392793619367,141.48809814453125,0.0,0.0,False,,-56.91454180070194,False,
positive,/mnt/MammoDiffusion/MammoDiffusion/experiments/diffusers/03_sd21_vae_finetuned/generated_images/final/positive/gen_1428.png,gen_1428.png,112.8956,99.0,1.0,0.5810432434082031,0.9854382636212635,0.5730857849121094,145.91844559378558,24.777276524083433,5.891097641950178,41.894447326660156,0.0,0.0,False,,-14.437563309301549,False,
positive,/mnt/MammoDiffusion/MammoDiffusion/experiments/diffusers/03_sd21_vae_finetuned/generated_images/final/positive/gen_1429.png,gen_1429.png,96.8956,83.0,1.0,0.6422119140625,0.9995545048469873,0.6539878845214844,139.02200199487865,30.459810812143285,6.300427080333716,100.62156677246094,0.0,0.0,False,,-8.007409391062602,True,984.0
positive,/mnt/MammoDiffusion/MammoDiffusion/experiments/diffusers/03_sd21_vae_finetuned/generated_images/final/positive/gen_1430.png,gen_1430.png,87.8956,74.0,1.0,0.3226661682128906,0.9707276703907313,0.3239593505859375,138.61723423296124,42.88336473324178,5.9622955738980625,257.91497802734375,0.0,0.0,False,,-20.648497797443113,False,
positive,/mnt/MammoDiffusion/MammoDiffusion/experiments/diffusers/03_sd21_vae_finetuned/generated_images/final/positive/gen_1431.png,gen_1431.png,220.0,194.0,48.0,0.2968788146972656,0.7153742370703502,0.21014022827148438,242.56742970210757,2.1386035247897306,6.68783077566899,986.7542724609375,0.0,0.0,True,low_contrast,,False,
positive,/mnt/MammoDiffusion/MammoDiffusion/experiments/diffusers/03_sd21_vae_finetuned/generated_images/final/positive/gen_1432.png,gen_1432.png,127.8956,114.0,1.0,0.34105682373046875,0.995526027335973,0.334136962890625,175.3804913690748,24.061195410320078,4.728580237942186,114.54441833496094,0.0,0.0,False,,-7.863952105775117,True,902.0
positive,/mnt/MammoDiffusion/MammoDiffusion/experiments/diffusers/03_sd21_vae_finetuned/generated_images/final/positive/gen_1433.png,gen_1433.png,157.8956,144.0,1.0,0.3562774658203125,0.9805559124587777,0.3383941650390625,177.13375343824683,17.030859190280328,4.952748276360287,26.846778869628906,0.0,0.0,False,,-17.02605908720517,False,
positive,/mnt/MammoDiffusion/MammoDiffusion/experiments/diffusers/03_sd21_vae_finetuned/generated_images/final/positive/gen_1434.png,gen_1434.png,63.8956,50.0,1.0,0.429718017578125,0.9955258859456004,0.4756927490234375,114.12168404170008,48.2516380437824,6.128641349850921,388.45782470703125,0.0,0.0,False,,-6.476376491018849,True,275.0
positive,/mnt/MammoDiffusion/MammoDiffusion/experiments/diffusers/03_sd21_vae_finetuned/generated_images/final/positive/gen_1435.png,gen_1435.png,93.8956,80.0,1.0,0.3658332824707031,0.9643173689533998,0.3593406677246094,143.94977653690592,40.650862616679156,5.822792366250615,322.97906494140625,0.0,0.0,False,,-23.756845664511083,False,
positive,/mnt/MammoDiffusion/MammoDiffusion/experiments/diffusers/03_sd21_vae_finetuned/generated_images/final/positive/gen_1436.png,gen_1436.png,122.8956,109.0,1.0,0.4207115173339844,0.9096811047539601,0.3938140869140625,154.1899724902166,27.66427730043857,5.973497772056648,147.62510681152344,0.0,0.0,False,,-55.40972672832769,False,
positive,/mnt/MammoDiffusion/MammoDiffusion/experiments/diffusers/03_sd21_vae_finetuned/generated_images/final/positive/gen_1437.png,gen_1437.png,72.8956,59.0,1.0,0.486297607421875,1.0,0.4803352355957031,162.41143769308354,26.30803260028669,5.737867633684743,50.810340881347656,0.0,0.0,False,,-7.598662597591213,True,757.0
positive,/mnt/MammoDiffusion/MammoDiffusion/experiments/diffusers/03_sd21_vae_finetuned/generated_images/final/positive/gen_1438.png,gen_1438.png,117.8956,104.0,1.0,0.33361053466796875,0.9910352871223729,0.32837677001953125,154.07827420366627,32.2222143433879,5.042388383059182,40.135093688964844,0.0,0.0,False,,-9.569950991118262,False,
positive,/mnt/MammoDiffusion/MammoDiffusion/experiments/diffusers/03_sd21_vae_finetuned/generated_images/final/positive/gen_1439.png,gen_1439.png,80.8956,67.0,1.0,0.7132110595703125,0.9994651376735628,0.7066917419433594,144.61213462524628,21.498803698765588,6.046259290499121,30.178260803222656,0.0,0.0,False,,-8.953042423438557,False,
positive,/mnt/MammoDiffusion/MammoDiffusion/experiments/diffusers/03_sd21_vae_finetuned/generated_images/final/positive/gen_1440.png,gen_1440.png,60.8956,47.0,1.0,0.5359954833984375,0.9979502946451447,0.5292091369628906,175.78137952410816,20.397687528069905,5.606285775099812,186.4483642578125,0.0,0.0,False,,-7.95756195042031,True,957.0
positive,/mnt/MammoDiffusion/MammoDiffusion/experiments/diffusers/03_sd21_vae_finetuned/generated_images/final/positive/gen_1441.png,gen_1441.png,217.0,186.0,27.0,0.042194366455078125,0.012837898924147908,0.000469207763671875,219.7479674796748,2.4580827214740135,6.40564627015109,177.28158569335938,0.0,0.0,True,too_empty,,False,
positive,/mnt/MammoDiffusion/MammoDiffusion/experiments/diffusers/03_sd21_vae_finetuned/generated_images/final/positive/gen_1442.png,gen_1442.png,34.8956,21.0,1.0,0.5251579284667969,0.9978208285209963,0.5182228088378906,167.09153545480643,21.308318498998048,5.7136448775075905,273.2972412109375,0.0,0.0,False,,-7.6243712997652935,True,769.0
positive,/mnt/MammoDiffusion/MammoDiffusion/experiments/diffusers/03_sd21_vae_finetuned/generated_images/final/positive/gen_1443.png,gen_1443.png,95.8956,82.0,1.0,0.43961334228515625,0.9963121084326895,0.4324493408203125,162.99512190818956,21.69238084210801,5.050355163700549,183.45266723632812,0.0,0.0,False,,-7.18853339935833,True,555.0
positive,/mnt/MammoDiffusion/MammoDiffusion/experiments/diffusers/03_sd21_vae_finetuned/generated_images/final/positive/gen_1444.png,gen_1444.png,220.0,180.0,69.0,0.23122024536132812,0.5205318990975534,0.1185760498046875,250.18289151975293,2.6130670379241168,6.702312105109698,700.1785888671875,0.0,0.0,True,too_empty,,False,
positive,/mnt/MammoDiffusion/MammoDiffusion/experiments/diffusers/03_sd21_vae_finetuned/generated_images/final/positive/gen_1445.png,gen_1445.png,117.8956,104.0,1.0,0.3154792785644531,0.886869566268848,0.2954559326171875,151.08481382017249,29.829237326811455,5.151583964667591,67.61476135253906,0.0,0.0,False,,-67.7797097154555,False,
positive,/mnt/MammoDiffusion/MammoDiffusion/experiments/diffusers/03_sd21_vae_finetuned/generated_images/final/positive/gen_1446.png,gen_1446.png,114.8956,101.0,1.0,0.5234603881835938,0.9978574864088848,0.5187034606933594,156.37412759698475,24.195614739282316,5.45738760889915,31.04510498046875,0.0,0.0,False,,-7.1218209073201235,True,518.0
positive,/mnt/MammoDiffusion/MammoDiffusion/experiments/diffusers/03_sd21_vae_finetuned/generated_images/final/positive/gen_1447.png,gen_1447.png,87.8956,74.0,1.0,0.5472068786621094,0.9999930287841502,0.5414657592773438,160.85322173845654,24.078247183785113,5.653667488656343,45.317230224609375,0.0,0.0,False,,-8.040637481749643,True,1007.0
positive,/mnt/MammoDiffusion/MammoDiffusion/experiments/diffusers/03_sd21_vae_finetuned/generated_images/final/positive/gen_1448.png,gen_1448.png,136.8956,123.0,1.0,0.3371467590332031,0.9757979656260961,0.33008575439453125,163.31142956200162,22.711918049722726,4.968969093706019,37.136024475097656,0.0,0.0,False,,-18.903713764951593,False,
positive,/mnt/MammoDiffusion/MammoDiffusion/experiments/diffusers/03_sd21_vae_finetuned/generated_images/final/positive/gen_1449.png,gen_1449.png,132.0,127.0,0.0,0.4415740966796875,0.9949203497010954,0.4345893859863281,160.93336844415185,18.10549176700722,4.610638287182289,14.657012939453125,0.0,0.0,False,,-7.9406448347756005,True,948.0
positive,/mnt/MammoDiffusion/MammoDiffusion/experiments/diffusers/03_sd21_vae_finetuned/generated_images/final/positive/gen_1450.png,gen_1450.png,186.8956,173.0,1.0,0.051548004150390625,0.6933323466291719,0.03517913818359375,215.28562134027325,13.850331092493402,6.487750162924881,319.4432373046875,0.0,0.0,True,too_empty,,False,
positive,/mnt/MammoDiffusion/MammoDiffusion/experiments/diffusers/03_sd21_vae_finetuned/generated_images/final/positive/gen_1451.png,gen_1451.png,53.8956,40.0,1.0,0.7462806701660156,0.9980984803177378,0.7388534545898438,160.47638962031328,25.64089140111104,6.465466806871925,194.74749755859375,0.0,0.0,False,,-9.287412442452307,False,
positive,/mnt/MammoDiffusion/MammoDiffusion/experiments/diffusers/03_sd21_vae_finetuned/generated_images/final/positive/gen_1452.png,gen_1452.png,122.0,117.0,0.0,0.3903923034667969,0.9915281564213057,0.3847999572753906,161.5833374639398,27.28501522246086,4.308906400813442,200.14788818359375,0.0,0.0,False,,-8.573962101141804,True,1296.0
positive,/mnt/MammoDiffusion/MammoDiffusion/experiments/diffusers/03_sd21_vae_finetuned/generated_images/final/positive/gen_1453.png,gen_1453.png,106.8956,93.0,1.0,0.5446929931640625,0.9970095526234698,0.574249267578125,149.6110498485412,32.269583700076396,5.975784048502778,156.66729736328125,0.0,0.0,False,,-7.546481442080665,True,735.0
positive,/mnt/MammoDiffusion/MammoDiffusion/experiments/diffusers/03_sd21_vae_finetuned/generated_images/final/positive/gen_1454.png,gen_1454.png,85.8956,72.0,1.0,0.4617805480957031,0.9972491388069689,0.4548683166503906,167.06179921335783,23.98700381679734,5.516681626789486,151.8354949951172,0.0,0.0,False,,-7.28007531380418,True,597.0
positive,/mnt/MammoDiffusion/MammoDiffusion/experiments/diffusers/03_sd21_vae_finetuned/generated_images/final/positive/gen_1455.png,gen_1455.png,72.0,67.0,0.0,0.41713714599609375,0.9947782350251486,0.40956878662109375,160.05620960080472,23.966721088908788,4.643379116056301,191.71603393554688,0.0,0.0,False,,-7.224351516667843,True,576.0
positive,/mnt/MammoDiffusion/MammoDiffusion/experiments/diffusers/03_sd21_vae_finetuned/generated_images/final/positive/gen_1456.png,gen_1456.png,220.0,210.0,43.0,0.12389755249023438,0.4436405061732196,0.050212860107421875,253.72939299551774,1.9567242712992368,7.0920909307361875,434.59783935546875,0.0,0.0,True,too_empty,,False,
positive,/mnt/MammoDiffusion/MammoDiffusion/experiments/diffusers/03_sd21_vae_finetuned/generated_images/final/positive/gen_1457.png,gen_1457.png,89.8956,76.0,1.0,0.7302703857421875,0.9980097787250047,0.75897216796875,137.4550965018094,36.14475354524829,6.917002442392267,238.31253051757812,0.0,0.0,False,,-8.41850578675143,True,1220.0
positive,/mnt/MammoDiffusion/MammoDiffusion/experiments/diffusers/03_sd21_vae_finetuned/generated_images/final/positive/gen_1458.png,gen_1458.png,113.8956,100.0,1.0,0.5922470092773438,0.9965025055715151,0.6079673767089844,144.42538666666667,25.307318880689834,6.057973027164581,138.514404296875,0.0,0.0,False,,-8.491882523714875,True,1259.0
positive,/mnt/MammoDiffusion/MammoDiffusion/experiments/diffusers/03_sd21_vae_finetuned/generated_images/final/positive/gen_1459.png,gen_1459.png,94.8956,81.0,1.0,0.5296974182128906,0.9997839503950107,0.52386474609375,158.3598756262379,27.263123463508578,5.768384843061154,45.945472717285156,0.0,0.0,False,,-7.617057812134585,True,762.0
positive,/mnt/MammoDiffusion/MammoDiffusion/experiments/diffusers/03_sd21_vae_finetuned/generated_images/final/positive/gen_1460.png,gen_1460.png,102.8956,89.0,1.0,0.5082740783691406,0.9987916632267846,0.5029563903808594,155.64280567627628,25.849251359842693,5.256214065170707,32.388221740722656,0.0,0.0,False,,-6.453991512782423,True,264.0
positive,/mnt/MammoDiffusion/MammoDiffusion/experiments/diffusers/03_sd21_vae_finetuned/generated_images/final/positive/gen_1461.png,gen_1461.png,141.8956,128.0,1.0,0.3398170471191406,0.9937697152030175,0.3436927795410156,171.55473545179086,23.826798134340258,5.344334533697128,140.50840759277344,0.0,0.0,False,,-9.249070587963763,False,
positive,/mnt/MammoDiffusion/MammoDiffusion/experiments/diffusers/03_sd21_vae_finetuned/generated_images/final/positive/gen_1462.png,gen_1462.png,116.8956,103.0,1.0,0.2515068054199219,0.8359193702507166,0.22947311401367188,157.52246696035243,35.97165887851155,5.997888367568724,214.051513671875,0.0,0.0,False,,-96.93047449795819,False,
positive,/mnt/MammoDiffusion/MammoDiffusion/experiments/diffusers/03_sd21_vae_finetuned/generated_images/final/positive/gen_1463.png,gen_1463.png,213.0,195.5,11.5,0.042278289794921875,0.034286745466029056,0.001922607421875,224.7123015873016,6.152700357308397,6.457060173466598,271.099609375,0.0,0.0,True,too_empty,,False,
positive,/mnt/MammoDiffusion/MammoDiffusion/experiments/diffusers/03_sd21_vae_finetuned/generated_images/final/positive/gen_1464.png,gen_1464.png,123.8956,110.0,1.0,0.44283294677734375,0.9968557793360096,0.4361610412597656,166.9501736095927,17.30161678787815,5.26950957946116,131.94403076171875,0.0,0.0,False,,-7.621945921627014,True,765.0
positive,/mnt/MammoDiffusion/MammoDiffusion/experiments/diffusers/03_sd21_vae_finetuned/generated_images/final/positive/gen_1465.png,gen_1465.png,10.0,0.0,0.0,0.6196746826171875,0.9981224298835291,0.6125640869140625,153.88748287457966,22.032405034269033,5.35123610818365,268.32373046875,0.0,0.0,False,,-7.287544798267438,True,603.0
positive,/mnt/MammoDiffusion/MammoDiffusion/experiments/diffusers/03_sd21_vae_finetuned/generated_images/final/positive/gen_1466.png,gen_1466.png,100.8956,87.0,1.0,0.5527801513671875,1.0,0.546875,145.11893833705358,18.60508001564349,5.520383806314916,17.955642700195312,0.0,0.0,False,,-7.889085393268991,True,915.0
positive,/mnt/MammoDiffusion/MammoDiffusion/experiments/diffusers/03_sd21_vae_finetuned/generated_images/final/positive/gen_1467.png,gen_1467.png,139.8956,126.0,1.0,0.15858840942382812,0.9506891492074183,0.14868927001953125,180.63566627328237,22.99855605027926,3.9147792330561852,141.6138916015625,0.0,0.0,False,,-33.40987906085734,False,
positive,/mnt/MammoDiffusion/MammoDiffusion/experiments/diffusers/03_sd21_vae_finetuned/generated_images/final/positive/gen_1468.png,gen_1468.png,220.0,98.0,44.0,0.06843185424804688,0.5946262333463403,0.038417816162109375,254.8918677390527,0.9037287450919292,6.751383019489811,360.7779541015625,0.0,0.0,True,too_empty,,False,
positive,/mnt/MammoDiffusion/MammoDiffusion/experiments/diffusers/03_sd21_vae_finetuned/generated_images/final/positive/gen_1469.png,gen_1469.png,17.8956,4.0,1.0,0.7101631164550781,0.9984207557811619,0.7028541564941406,150.2444192370108,23.99920066349937,5.95519037040372,295.85345458984375,0.0,0.0,False,,-8.041719391551652,True,1008.0
positive,/mnt/MammoDiffusion/MammoDiffusion/experiments/diffusers/03_sd21_vae_finetuned/generated_images/final/positive/gen_1470.png,gen_1470.png,111.8956,98.0,1.0,0.458648681640625,0.9998419721871049,0.4572639465332031,158.2437744537787,30.80831741510204,5.734525013676708,52.17646789550781,0.0,0.0,False,,-6.905270482612399,True,429.0
positive,/mnt/MammoDiffusion/MammoDiffusion/experiments/diffusers/03_sd21_vae_finetuned/generated_images/final/positive/gen_1471.png,gen_1471.png,33.8956,20.0,1.0,0.7908744812011719,0.9983648702748851,0.783111572265625,145.88165893768755,22.932976326902732,6.275604913698924,166.03695678710938,0.0,0.0,False,,-9.031516539117737,False,
positive,/mnt/MammoDiffusion/MammoDiffusion/experiments/diffusers/03_sd21_vae_finetuned/generated_images/final/positive/gen_1472.png,gen_1472.png,89.8956,76.0,1.0,0.7000274658203125,0.9990300150402163,0.7118263244628906,129.92602397629165,29.32975624324455,6.383518712693032,125.40574645996094,0.0,0.0,False,,-7.9594254099046085,True,958.0
positive,/mnt/MammoDiffusion/MammoDiffusion/experiments/diffusers/03_sd21_vae_finetuned/generated_images/final/positive/gen_1473.png,gen_1473.png,10.0,0.0,0.0,0.8341789245605469,0.9996661712587173,0.8302497863769531,87.67102391509108,54.32099366023798,6.921481841494115,623.383544921875,0.0,0.0,False,,-7.947706534978027,True,951.0
positive,/mnt/MammoDiffusion/MammoDiffusion/experiments/diffusers/03_sd21_vae_finetuned/generated_images/final/positive/gen_1474.png,gen_1474.png,114.8956,101.0,1.0,0.7583808898925781,0.9916702296219914,0.7468795776367188,143.82060370805453,17.006797775112506,5.725085983386782,30.92528533935547,0.0,0.0,False,,-12.483770218512964,False,
positive,/mnt/MammoDiffusion/MammoDiffusion/experiments/diffusers/03_sd21_vae_finetuned/generated_images/final/positive/gen_1475.png,gen_1475.png,94.8956,81.0,1.0,0.46858978271484375,1.0,0.46300506591796875,160.9556906751034,23.65052230647239,5.086745878484155,32.244041442871094,0.0,0.0,False,,-7.006289341963245,True,469.0
positive,/mnt/MammoDiffusion/MammoDiffusion/experiments/diffusers/03_sd21_vae_finetuned/generated_images/final/positive/gen_1476.png,gen_1476.png,79.8956,66.0,1.0,0.816497802734375,0.9960147635955896,0.8059883117675781,151.70512814444945,25.963212736814437,6.367271123010342,224.0791473388672,0.0,0.0,False,,-10.473428018493829,False,
positive,/mnt/MammoDiffusion/MammoDiffusion/experiments/diffusers/03_sd21_vae_finetuned/generated_images/final/positive/gen_1477.png,gen_1477.png,50.8956,37.0,1.0,0.8726119995117188,0.9987234972677596,0.8613815307617188,136.65530145346005,25.588491341225982,6.389595278707332,233.45419311523438,0.0,0.0,False,,-9.140371277166572,False,
positive,/mnt/MammoDiffusion/MammoDiffusion/experiments/diffusers/03_sd21_vae_finetuned/generated_images/final/positive/gen_1478.png,gen_1478.png,117.8956,104.0,1.0,0.5817298889160156,0.9999081949153098,0.5771636962890625,157.33514210178453,20.325761225471396,5.528514757730788,27.310104370117188,0.0,0.0,False,,-8.290587913504258,True,1148.0
positive,/mnt/MammoDiffusion/MammoDiffusion/experiments/diffusers/03_sd21_vae_finetuned/generated_images/final/positive/gen_1479.png,gen_1479.png,119.8956,106.0,1.0,0.4830970764160156,0.9969993919820596,0.4762840270996094,162.5977413800008,20.779827553061885,5.07030669329,182.66001892089844,0.0,0.0,False,,-7.175436981472274,True,549.0
positive,/mnt/MammoDiffusion/MammoDiffusion/experiments/diffusers/03_sd21_vae_finetuned/generated_images/final/positive/gen_1480.png,gen_1480.png,30.8956,17.0,1.0,0.5928535461425781,1.0,0.5869712829589844,157.89866836505905,22.79059131212936,5.847849653051066,79.02000427246094,0.0,0.0,False,,-8.501820854954332,True,1265.0
positive,/mnt/MammoDiffusion/MammoDiffusion/experiments/diffusers/03_sd21_vae_finetuned/generated_images/final/positive/gen_1481.png,gen_1481.png,78.8956,65.0,1.0,0.6326179504394531,0.9979497940749049,0.6253395080566406,162.1193382500961,20.279912399980816,5.805381939190706,179.494384765625,0.0,0.0,False,,-8.401680503303567,True,1208.0
positive,/mnt/MammoDiffusion/MammoDiffusion/experiments/diffusers/03_sd21_vae_finetuned/generated_images/final/positive/gen_1482.png,gen_1482.png,79.7912,57.0,2.0,0.8907928466796875,0.9997302112060844,0.884521484375,131.2546016767872,26.986713107916813,6.490901960781361,151.45240783691406,0.0,0.0,False,,-9.792448435439296,False,
positive,/mnt/MammoDiffusion/MammoDiffusion/experiments/diffusers/03_sd21_vae_finetuned/generated_images/final/positive/gen_1483.png,gen_1483.png,100.8956,87.0,1.0,0.5358924865722656,0.9981278607071419,0.5290298461914062,151.48517471625735,21.95955448726436,5.246108971292477,24.32042694091797,0.0,0.0,False,,-6.8499545757791935,True,409.0
positive,/mnt/MammoDiffusion/MammoDiffusion/experiments/diffusers/03_sd21_vae_finetuned/generated_images/final/positive/gen_1484.png,gen_1484.png,41.8956,28.0,1.0,0.623687744140625,1.0,0.6177978515625,154.65867664493183,18.41699081900388,5.526546727800163,24.269851684570312,0.0,0.0,False,,-8.670368336135606,True,1336.0
positive,/mnt/MammoDiffusion/MammoDiffusion/experiments/diffusers/03_sd21_vae_finetuned/generated_images/final/positive/gen_1485.png,gen_1485.png,55.8956,42.0,1.0,0.8080406188964844,0.9983193515340638,0.7993087768554688,147.78078498000323,19.007954310021628,5.7555904588011195,177.9970703125,0.0,0.0,False,,-8.974076824777933,False,
positive,/mnt/MammoDiffusion/MammoDiffusion/experiments/diffusers/03_sd21_vae_finetuned/generated_images/final/positive/gen_1486.png,gen_1486.png,129.8956,116.0,1.0,0.5027084350585938,0.9907878162419754,0.5678138732910156,151.4349374198013,24.40920022924471,5.9154565270073896,134.4095916748047,0.0,0.0,False,,-11.53634078520158,False,
positive,/mnt/MammoDiffusion/MammoDiffusion/experiments/diffusers/03_sd21_vae_finetuned/generated_images/final/positive/gen_1487.png,gen_1487.png,96.8956,83.0,1.0,0.43202972412109375,0.9991170289791089,0.4267158508300781,167.22405485379176,24.838079709876883,5.277523521704003,42.16236877441406,0.0,0.0,False,,-6.5547564364403,True,305.0
positive,/mnt/MammoDiffusion/MammoDiffusion/experiments/diffusers/03_sd21_vae_finetuned/generated_images/final/positive/gen_1488.png,gen_1488.png,100.8956,87.0,1.0,0.7717170715332031,0.989179489967919,0.7718696594238281,131.17823871583118,28.53882888550562,6.322128892174005,76.27496337890625,0.0,0.0,False,,-13.367091285523017,False,
positive,/mnt/MammoDiffusion/MammoDiffusion/experiments/diffusers/03_sd21_vae_finetuned/generated_images/final/positive/gen_1489.png,gen_1489.png,113.8956,100.0,1.0,0.574462890625,0.9990238525286868,0.5759162902832031,155.7313625615176,27.85431163358072,6.0975076566434545,84.53659057617188,0.0,0.0,False,,-7.700709658212762,True,806.0
positive,/mnt/MammoDiffusion/MammoDiffusion/experiments/diffusers/03_sd21_vae_finetuned/generated_images/final/positive/gen_1490.png,gen_1490.png,109.8956,96.0,1.0,0.24364089965820312,0.8501307363509684,0.218414306640625,153.4505554003074,39.86156445294214,5.667849005714007,217.81988525390625,0.0,0.0,False,,-88.38547898265647,False,
positive,/mnt/MammoDiffusion/MammoDiffusion/experiments/diffusers/03_sd21_vae_finetuned/generated_images/final/positive/gen_1491.png,gen_1491.png,124.8956,111.0,1.0,0.2655220031738281,0.9086128870052439,0.256103515625,165.6894512631077,35.241731355779606,5.544060679634951,172.4373321533203,0.0,0.0,False,,-56.294041296077985,False,
positive,/mnt/MammoDiffusion/MammoDiffusion/experiments/diffusers/03_sd21_vae_finetuned/generated_images/final/positive/gen_1492.png,gen_1492.png,85.8956,72.0,1.0,0.7261314392089844,0.9990701388487584,0.7206535339355469,143.04701585369082,26.62261215174058,6.233350581300899,141.5665740966797,0.0,0.0,False,,-8.465402377306669,True,1241.0
positive,/mnt/MammoDiffusion/MammoDiffusion/experiments/diffusers/03_sd21_vae_finetuned/generated_images/final/positive/gen_1493.png,gen_1493.png,100.8956,87.0,1.0,0.5132255554199219,0.9969674220857893,0.5060920715332031,161.84410073189667,23.077961133973965,5.088005447949669,195.49447631835938,0.0,0.0,False,,-7.21051692880016,True,564.0
positive,/mnt/MammoDiffusion/MammoDiffusion/experiments/diffusers/03_sd21_vae_finetuned/generated_images/final/positive/gen_1494.png,gen_1494.png,135.8956,122.0,1.0,0.4038352966308594,0.9911489377780717,0.39839935302734375,167.099982764894,19.688893825487614,4.850953422616636,125.32402801513672,0.0,0.0,False,,-10.02397417367099,False,
positive,/mnt/MammoDiffusion/MammoDiffusion/experiments/diffusers/03_sd21_vae_finetuned/generated_images/final/positive/gen_1495.png,gen_1495.png,92.8956,79.0,1.0,0.5341300964355469,0.9968432855541034,0.5316123962402344,145.34885439763488,32.25923389206456,6.0570145346872515,207.8411407470703,0.0,0.0,False,,-7.238809544589238,True,581.0
positive,/mnt/MammoDiffusion/MammoDiffusion/experiments/diffusers/03_sd21_vae_finetuned/generated_images/final/positive/gen_1496.png,gen_1496.png,105.8956,92.0,1.0,0.5092849731445312,1.0,0.5034523010253906,155.25177871901923,24.480045045213537,5.0564138288924365,25.18084716796875,0.0,0.0,False,,-7.024993263232753,True,477.0
positive,/mnt/MammoDiffusion/MammoDiffusion/experiments/diffusers/03_sd21_vae_finetuned/generated_images/final/positive/gen_1497.png,gen_1497.png,112.8956,99.0,1.0,0.43000030517578125,0.9998846720249818,0.42484283447265625,159.4407470593517,26.355875558165444,5.038373121834036,25.93268585205078,0.0,0.0,False,,-6.407725062323321,True,247.0
positive,/mnt/MammoDiffusion/MammoDiffusion/experiments/diffusers/03_sd21_vae_finetuned/generated_images/final/positive/gen_1498.png,gen_1498.png,32.8956,19.0,1.0,0.4864349365234375,0.9974042473101414,0.4795951843261719,170.11071959784607,22.509434999771898,5.572444590722246,226.70477294921875,0.0,0.0,False,,-7.520901879485432,True,716.0
positive,/mnt/MammoDiffusion/MammoDiffusion/experiments/diffusers/03_sd21_vae_finetuned/generated_images/final/positive/gen_1499.png,gen_1499.png,88.8956,75.0,1.0,0.7071037292480469,0.9999676310806364,0.7012138366699219,150.33049358336189,23.99493392805184,5.845567154954084,46.848777770996094,0.0,0.0,False,,-8.975293944171973,False,
positive,/mnt/MammoDiffusion/MammoDiffusion/experiments/diffusers/03_sd21_vae_finetuned/generated_images/final/positive/gen_1500.png,gen_1500.png,53.8956,40.0,1.0,0.7343635559082031,0.9982182651200723,0.726165771484375,164.2081424669048,21.833670722963443,6.258039891560743,207.8966827392578,0.0,0.0,False,,-9.297622573796291,False,
positive,/mnt/MammoDiffusion/MammoDiffusion/experiments/diffusers/03_sd21_vae_finetuned/generated_images/final/positive/gen_1501.png,gen_1501.png,59.8956,46.0,1.0,0.6948280334472656,0.9992039309341458,0.6897010803222656,144.796472364644,29.980987866726917,6.275285662675932,309.37884521484375,0.0,0.0,False,,-7.981916878539608,True,969.0
positive,/mnt/MammoDiffusion/MammoDiffusion/experiments/diffusers/03_sd21_vae_finetuned/generated_images/final/positive/gen_1502.png,gen_1502.png,134.9478,125.5,0.5,0.12849044799804688,0.8902413680491643,0.0684967041015625,181.0384272666518,28.634721702674916,4.264925242513585,84.02562713623047,0.0,0.0,True,too_empty,,False,
positive,/mnt/MammoDiffusion/MammoDiffusion/experiments/diffusers/03_sd21_vae_finetuned/generated_images/final/positive/gen_1503.png,gen_1503.png,130.8956,117.0,1.0,0.31081390380859375,0.9797000417290557,0.3054695129394531,161.5479101364936,26.51214123590998,4.895808253245364,34.57239532470703,0.0,0.0,False,,-16.511985812324294,False,
positive,/mnt/MammoDiffusion/MammoDiffusion/experiments/diffusers/03_sd21_vae_finetuned/generated_images/final/positive/gen_1504.png,gen_1504.png,141.8956,128.0,1.0,0.12738037109375,0.5040129372304744,0.06639862060546875,166.03751579914973,16.536486599993538,4.995922399541722,37.168548583984375,0.0,0.0,True,too_empty,,False,
positive,/mnt/MammoDiffusion/MammoDiffusion/experiments/diffusers/03_sd21_vae_finetuned/generated_images/final/positive/gen_1505.png,gen_1505.png,125.0,120.0,0.0,0.26757049560546875,0.9909754498018306,0.26385498046875,153.30981089521165,24.774803467634484,3.7253907289931085,16.385658264160156,0.0,0.0,False,,-9.509597206766841,False,
positive,/mnt/MammoDiffusion/MammoDiffusion/experiments/diffusers/03_sd21_vae_finetuned/generated_images/final/positive/gen_1506.png,gen_1506.png,100.8956,87.0,1.0,0.4200592041015625,0.9697410003995787,0.4571418762207031,135.79582265911196,36.19056444393238,5.795296819970875,100.16627502441406,0.0,0.0,False,,-21.090087008685778,False,
positive,/mnt/MammoDiffusion/MammoDiffusion/experiments/diffusers/03_sd21_vae_finetuned/generated_images/final/positive/gen_1507.png,gen_1507.png,114.8956,101.0,1.0,0.3485565185546875,0.9999890557282318,0.3440818786621094,157.16348296544308,28.223690308745443,4.699728804274343,25.07037353515625,0.0,0.0,False,,-6.175822811275447,True,185.0
positive,/mnt/MammoDiffusion/MammoDiffusion/experiments/diffusers/03_sd21_vae_finetuned/generated_images/final/positive/gen_1508.png,gen_1508.png,85.8956,72.0,1.0,0.4919891357421875,0.9996898551623609,0.4862556457519531,157.57121339306028,25.85867194151004,5.398234237142416,39.33125305175781,0.0,0.0,False,,-7.0297214978740215,True,480.0
positive,/mnt/MammoDiffusion/MammoDiffusion/experiments/diffusers/03_sd21_vae_finetuned/generated_images/final/positive/gen_1509.png,gen_1509.png,113.7912,91.0,2.0,0.5246963500976562,0.9321390662033066,0.5030326843261719,146.56362092107958,26.670239077290375,6.474460404967845,328.0709228515625,0.0,0.0,False,,-43.667164448935225,False,
positive,/mnt/MammoDiffusion/MammoDiffusion/experiments/diffusers/03_sd21_vae_finetuned/generated_images/final/positive/gen_1510.png,gen_1510.png,34.8956,21.0,1.0,0.5464897155761719,0.9979338121863199,0.5396194458007812,160.17514739357264,22.741242160082336,5.7298341932509285,218.3231964111328,0.0,0.0,False,,-7.477081208718491,True,692.0
positive,/mnt/MammoDiffusion/MammoDiffusion/experiments/diffusers/03_sd21_vae_finetuned/generated_images/final/positive/gen_1511.png,gen_1511.png,40.8956,27.0,1.0,0.7364501953125,0.998119716558926,0.7290458679199219,153.1128901446773,22.04418570763489,6.024717865120527,203.01524353027344,0.0,0.0,False,,-8.794018123404816,False,
positive,/mnt/MammoDiffusion/MammoDiffusion/experiments/diffusers/03_sd21_vae_finetuned/generated_images/final/positive/gen_1512.png,gen_1512.png,174.84999999997672,166.0,1.0,0.0500030517578125,0.7730393652731157,0.037425994873046875,197.94944450107022,10.808904906841502,6.392369683843191,249.20941162109375,0.0,0.0,True,too_empty,,False,
positive,/mnt/MammoDiffusion/MammoDiffusion/experiments/diffusers/03_sd21_vae_finetuned/generated_images/final/positive/gen_1513.png,gen_1513.png,96.8956,83.0,1.0,0.7224044799804688,0.9967049330953562,0.7161674499511719,145.66426794645758,24.532598508222645,6.058803030846916,176.02716064453125,0.0,0.0,False,,-9.156253644195937,False,
positive,/mnt/MammoDiffusion/MammoDiffusion/experiments/diffusers/03_sd21_vae_finetuned/generated_images/final/positive/gen_1514.png,gen_1514.png,55.8956,42.0,1.0,0.7220420837402344,1.0,0.715789794921875,142.48545086335537,23.13504516664721,6.164746234134226,63.82598114013672,0.0,0.0,False,,-9.206154730959424,False,
positive,/mnt/MammoDiffusion/MammoDiffusion/experiments/diffusers/03_sd21_vae_finetuned/generated_images/final/positive/gen_1515.png,gen_1515.png,33.8956,20.0,1.0,0.8028793334960938,0.9994726089228869,0.7980461120605469,107.76768019579069,45.46016835479019,7.110962746899588,425.4033203125,0.0,0.0,False,,-8.041985016730305,True,1009.0
positive,/mnt/MammoDiffusion/MammoDiffusion/experiments/diffusers/03_sd21_vae_finetuned/generated_images/final/positive/gen_1516.png,gen_1516.png,63.8956,50.0,1.0,0.6526031494140625,0.9944586031939021,0.7496795654296875,107.57876900531232,45.375090300367795,6.946010474495615,374.0771484375,0.0,0.0,False,,-9.336520644791563,False,
positive,/mnt/MammoDiffusion/MammoDiffusion/experiments/diffusers/03_sd21_vae_finetuned/generated_images/final/positive/gen_1517.png,gen_1517.png,93.8956,80.0,1.0,0.380035400390625,0.9652292620252149,0.40386962890625,132.25935091431163,39.73774951857483,5.43973388970089,302.5226745605469,0.0,0.0,False,,-22.277851152669246,False,
positive,/mnt/MammoDiffusion/MammoDiffusion/experiments/diffusers/03_sd21_vae_finetuned/generated_images/final/positive/gen_1518.png,gen_1518.png,48.8956,35.0,1.0,0.7549171447753906,0.9989994795272288,0.7541923522949219,114.75749467646568,45.41490424970584,7.109489483451771,540.54541015625,0.0,0.0,False,,-7.550674553300099,True,737.0
positive,/mnt/MammoDiffusion/MammoDiffusion/experiments/diffusers/03_sd21_vae_finetuned/generated_images/final/positive/gen_1519.png,gen_1519.png,28.8956,15.0,1.0,0.8205413818359375,0.9980613668061367,0.8141555786132812,101.58269376739479,49.41877820546443,7.199533531881637,523.2827758789062,0.0,0.0,False,,-7.939249943487706,True,947.0
positive,/mnt/MammoDiffusion/MammoDiffusion/experiments/diffusers/03_sd21_vae_finetuned/generated_images/final/positive/gen_1520.png,gen_1520.png,93.8956,80.0,1.0,0.574676513671875,0.9964619510381817,0.5676841735839844,162.73909216140845,20.933461789040333,5.26863516616562,199.12448120117188,0.0,0.0,False,,-8.258763226179832,True,1128.0
positive,/mnt/MammoDiffusion/MammoDiffusion/experiments/diffusers/03_sd21_vae_finetuned/generated_images/final/positive/gen_1521.png,gen_1521.png,100.8956,87.0,1.0,0.377227783203125,0.9590850254833752,0.3827781677246094,143.40702390799558,38.28182577310785,6.04172638228141,230.30770874023438,0.0,0.0,False,,-26.939547985736503,False,
positive,/mnt/MammoDiffusion/MammoDiffusion/experiments/diffusers/03_sd21_vae_finetuned/generated_images/final/positive/gen_1522.png,gen_1522.png,27.8956,14.0,1.0,0.7721519470214844,0.9994713830496752,0.7709312438964844,103.209698409164,49.37202932281918,7.075060752615547,524.99072265625,0.0,0.0,False,,-7.837388569969391,True,888.0
positive,/mnt/MammoDiffusion/MammoDiffusion/experiments/diffusers/03_sd21_vae_finetuned/generated_images/final/positive/gen_1523.png,gen_1523.png,68.8956,55.0,1.0,0.5461578369140625,0.9968080350906602,0.612518310546875,115.77120596881072,46.651137121181655,6.606259752787781,376.4622497558594,0.0,0.0,False,,-7.109862198455808,True,513.0
positive,/mnt/MammoDiffusion/MammoDiffusion/experiments/diffusers/03_sd21_vae_finetuned/generated_images/final/positive/gen_1524.png,gen_1524.png,106.8956,93.0,1.0,0.5228462219238281,0.9973953203318231,0.5576972961425781,140.55030540982372,29.725066459870497,5.809895351241745,80.97817993164062,0.0,0.0,False,,-7.053286431821991,True,492.0
positive,/mnt/MammoDiffusion/MammoDiffusion/experiments/diffusers/03_sd21_vae_finetuned/generated_images/final/positive/gen_1525.png,gen_1525.png,10.0,0.0,0.0,0.8311538696289062,0.9995639841749203,0.8293113708496094,79.96590600692736,52.878231931070616,6.817129605492969,543.0917358398438,0.0,0.0,False,,-7.766674481993594,True,846.0
positive,/mnt/MammoDiffusion/MammoDiffusion/experiments/diffusers/03_sd21_vae_finetuned/generated_images/final/positive/gen_1526.png,gen_1526.png,47.8956,34.0,1.0,0.5683441162109375,0.9977045131151502,0.5607833862304688,162.22984095887242,19.92954887723609,5.5980250611356475,169.33346557617188,0.0,0.0,False,,-7.938885959976622,True,946.0
positive,/mnt/MammoDiffusion/MammoDiffusion/experiments/diffusers/03_sd21_vae_finetuned/generated_images/final/positive/gen_1527.png,gen_1527.png,97.8956,84.0,1.0,0.4003715515136719,0.9617455099804678,0.40526580810546875,141.04978444624334,41.6972378947931,6.193525052550214,290.0079040527344,0.0,0.0,False,,-25.30267952658234,False,
positive,/mnt/MammoDiffusion/MammoDiffusion/experiments/diffusers/03_sd21_vae_finetuned/generated_images/final/positive/gen_1528.png,gen_1528.png,105.8956,92.0,1.0,0.5643310546875,0.9976611507678996,0.5602073669433594,152.13772088114126,23.15256933301552,5.599410537200839,139.38827514648438,0.0,0.0,False,,-7.461399574126954,True,683.0
positive,/mnt/MammoDiffusion/MammoDiffusion/experiments/diffusers/03_sd21_vae_finetuned/generated_images/final/positive/gen_1529.png,gen_1529.png,103.8956,90.0,1.0,0.36431121826171875,0.996607400892128,0.35747528076171875,169.6031906946964,24.9323048142052,5.151650085446848,134.44540405273438,0.0,0.0,False,,-7.2604789965243945,True,589.0
positive,/mnt/MammoDiffusion/MammoDiffusion/experiments/diffusers/03_sd21_vae_finetuned/generated_images/final/positive/gen_1530.png,gen_1530.png,19.8956,6.0,1.0,0.5354690551757812,0.9992448528887939,0.531036376953125,96.21864404344578,53.980050950362866,6.116103815296169,380.0976257324219,0.0,0.0,False,,-5.439363774828423,True,52.0
positive,/mnt/MammoDiffusion/MammoDiffusion/experiments/diffusers/03_sd21_vae_finetuned/generated_images/final/positive/gen_1531.png,gen_1531.png,79.8956,66.0,1.0,0.5767288208007812,0.9967655735319408,0.6075706481933594,127.64321816275405,40.3463868908839,6.501772248672778,326.07373046875,0.0,0.0,False,,-6.976736923822174,True,459.0
positive,/mnt/MammoDiffusion/MammoDiffusion/experiments/diffusers/03_sd21_vae_finetuned/generated_images/final/positive/gen_1532.png,gen_1532.png,111.8956,98.0,1.0,0.4726104736328125,0.9997982113453653,0.4708671569824219,153.9604569206465,28.701846451283316,5.529682109724237,46.73626708984375,0.0,0.0,False,,-6.795436712361829,True,383.0
positive,/mnt/MammoDiffusion/MammoDiffusion/experiments/diffusers/03_sd21_vae_finetuned/generated_images/final/positive/gen_1533.png,gen_1533.png,10.0,0.0,0.0,0.8251228332519531,0.9995284349124599,0.8225555419921875,81.39742055762703,58.3547938673561,6.834415475294762,654.0186767578125,0.0,0.0,False,,-7.924749820303206,True,934.0
positive,/mnt/MammoDiffusion/MammoDiffusion/experiments/diffusers/03_sd21_vae_finetuned/generated_images/final/positive/gen_1534.png,gen_1534.png,148.8956,135.0,1.0,0.3153877258300781,0.9328471037894457,0.30294036865234375,175.68626438663208,21.957082792134223,5.504216716288766,38.015716552734375,0.0,0.0,False,,-43.892295151102076,False,
positive,/mnt/MammoDiffusion/MammoDiffusion/experiments/diffusers/03_sd21_vae_finetuned/generated_images/final/positive/gen_1535.png,gen_1535.png,120.8956,107.0,1.0,0.4062156677246094,0.9986101589865429,0.4014701843261719,157.050283629315,25.15039677463383,4.397606164263193,16.295181274414062,0.0,0.0,False,,-4.949912018698484,True,9.0
positive,/mnt/MammoDiffusion/MammoDiffusion/experiments/diffusers/03_sd21_vae_finetuned/generated_images/final/positive/gen_1536.png,gen_1536.png,125.8956,112.0,1.0,0.32747650146484375,0.9824103627425855,0.3386192321777344,151.64569040296507,24.691565113063294,5.115035630523137,79.61198425292969,0.0,0.0,False,,-14.770125160676319,False,
positive,/mnt/MammoDiffusion/MammoDiffusion/experiments/diffusers/03_sd21_vae_finetuned/generated_images/final/positive/gen_1537.png,gen_1537.png,183.0,178.0,1.0,0.048168182373046875,0.6246931179219134,0.03292083740234375,193.52410196987253,7.300204657445371,5.588696493245898,276.0440673828125,0.0,0.0,True,too_empty,,False,
positive,/mnt/MammoDiffusion/MammoDiffusion/experiments/diffusers/03_sd21_vae_finetuned/generated_images/final/positive/gen_1538.png,gen_1538.png,115.8956,102.0,1.0,0.5948143005371094,0.9954658269574865,0.5860671997070312,156.25304294622285,19.233256971384673,5.555176045496461,86.30528259277344,0.0,0.0,False,,-9.27897365692094,False,
positive,/mnt/MammoDiffusion/MammoDiffusion/experiments/diffusers/03_sd21_vae_finetuned/generated_images/final/positive/gen_1539.png,gen_1539.png,220.0,206.0,47.0,0.195068359375,0.6216755319148937,0.11679458618164062,253.57729366038475,1.4362290373139837,6.790133359545973,527.4530639648438,0.0,0.0,True,too_empty,,False,
positive,/mnt/MammoDiffusion/MammoDiffusion/experiments/diffusers/03_sd21_vae_finetuned/generated_images/final/positive/gen_1540.png,gen_1540.png,220.0,222.0,28.0,0.23415374755859375,0.9852399726304129,0.224365234375,247.75105413492926,23.799220564129254,6.477027851416124,683.4679565429688,0.0,0.0,False,,-17.56700944904917,False,
positive,/mnt/MammoDiffusion/MammoDiffusion/experiments/diffusers/03_sd21_vae_finetuned/generated_images/final/positive/gen_1541.png,gen_1541.png,78.8956,65.0,1.0,0.5276832580566406,0.9977517368013937,0.52069091796875,170.69950035165866,22.352758266446372,5.653866570369917,211.8699951171875,0.0,0.0,False,,-7.732622882503482,True,822.0
positive,/mnt/MammoDiffusion/MammoDiffusion/experiments/diffusers/03_sd21_vae_finetuned/generated_images/final/positive/gen_1542.png,gen_1542.png,116.8956,103.0,1.0,0.68719482421875,0.9969579891642242,0.6825752258300781,152.44920165648594,21.40880778658192,6.087296415113677,158.94314575195312,0.0,0.0,False,,-9.266225666376174,False,
positive,/mnt/MammoDiffusion/MammoDiffusion/experiments/diffusers/03_sd21_vae_finetuned/generated_images/final/positive/gen_1543.png,gen_1543.png,104.8956,91.0,1.0,0.3833503723144531,0.9989651020469087,0.3784904479980469,154.2229008556829,28.3877811324769,5.21325063853516,36.155487060546875,0.0,0.0,False,,-5.7661594233811035,True,100.0
positive,/mnt/MammoDiffusion/MammoDiffusion/experiments/diffusers/03_sd21_vae_finetuned/generated_images/final/positive/gen_1544.png,gen_1544.png,24.8956,11.0,1.0,0.5185775756835938,0.99913933883568,0.5141105651855469,102.62873318443879,49.90194608100141,6.286558381892199,368.8824768066406,0.0,0.0,False,,-5.356304022483356,True,42.0
positive,/mnt/MammoDiffusion/MammoDiffusion/experiments/diffusers/03_sd21_vae_finetuned/generated_images/final/positive/gen_1545.png,gen_1545.png,100.8956,87.0,1.0,0.640716552734375,0.9987020719218862,0.63470458984375,140.19284907202615,26.21278415126438,5.9357894147708485,42.900856018066406,0.0,0.0,False,,-7.451552614301959,True,677.0
positive,/mnt/MammoDiffusion/MammoDiffusion/experiments/diffusers/03_sd21_vae_finetuned/generated_images/final/positive/gen_1546.png,gen_1546.png,74.8956,61.0,1.0,0.8152732849121094,0.9981049883257923,0.8050041198730469,156.82525458827544,25.949368227430764,6.44326178853413,203.41212463378906,0.0,0.0,False,,-9.563968359600207,False,
positive,/mnt/MammoDiffusion/MammoDiffusion/experiments/diffusers/03_sd21_vae_finetuned/generated_images/final/positive/gen_1547.png,gen_1547.png,105.8956,92.0,1.0,0.3021583557128906,0.9983713971897132,0.2969207763671875,164.597936687394,26.480448896460487,4.528353934243141,28.110267639160156,0.0,0.0,False,,-5.943960073143573,True,133.0
positive,/mnt/MammoDiffusion/MammoDiffusion/experiments/diffusers/03_sd21_vae_finetuned/generated_images/final/positive/gen_1548.png,gen_1548.png,132.8956,119.0,1.0,0.24568557739257812,0.9828740004658023,0.23814773559570312,164.27122010604046,26.731672014645735,4.26803553033677,21.701202392578125,0.0,0.0,False,,-14.668655652272435,False,
positive,/mnt/MammoDiffusion/MammoDiffusion/experiments/diffusers/03_sd21_vae_finetuned/generated_images/final/positive/gen_1549.png,gen_1549.png,10.0,0.0,0.0,0.8669815063476562,0.998468808574672,0.8569564819335938,130.32904658885536,25.40340695587252,5.992807038368218,251.32180786132812,0.0,0.0,False,,-8.438436072682109,True,1228.0
positive,/mnt/MammoDiffusion/MammoDiffusion/experiments/diffusers/03_sd21_vae_finetuned/generated_images/final/positive/gen_1550.png,gen_1550.png,117.8956,104.0,1.0,0.7471122741699219,0.9940056471501294,0.7385063171386719,154.53956972029238,17.39907130141424,5.720945810641597,123.69697570800781,0.0,0.0,False,,-11.312058797940512,False,
positive,/mnt/MammoDiffusion/MammoDiffusion/experiments/diffusers/03_sd21_vae_finetuned/generated_images/final/positive/gen_1551.png,gen_1551.png,127.8956,114.0,1.0,0.6455650329589844,0.9582464205730629,0.666717529296875,147.27639950565296,20.231723316391943,6.199614928400411,200.12948608398438,0.0,0.0,False,,-30.63834546778138,False,
positive,/mnt/MammoDiffusion/MammoDiffusion/experiments/diffusers/03_sd21_vae_finetuned/generated_images/final/positive/gen_1552.png,gen_1552.png,104.8956,91.0,1.0,0.43933868408203125,0.9966397499348789,0.432037353515625,171.17218513809422,21.92206741579439,5.03731522128119,137.10975646972656,0.0,0.0,False,,-7.2816876241660164,True,598.0
positive,/mnt/MammoDiffusion/MammoDiffusion/experiments/diffusers/03_sd21_vae_finetuned/generated_images/final/positive/gen_1553.png,gen_1553.png,43.8956,30.0,1.0,0.7386016845703125,1.0,0.732208251953125,155.78920935272788,17.503935736791416,5.849420736333133,47.14002227783203,0.0,0.0,False,,-9.830814704952843,False,
positive,/mnt/MammoDiffusion/MammoDiffusion/experiments/diffusers/03_sd21_vae_finetuned/generated_images/final/positive/gen_1554.png,gen_1554.png,65.8956,52.0,1.0,0.6938591003417969,0.9990048985381355,0.7039031982421875,128.6071622119616,43.92509613717146,7.024402116146808,399.3341064453125,0.0,0.0,False,,-7.622631780660058,True,766.0
positive,/mnt/MammoDiffusion/MammoDiffusion/experiments/diffusers/03_sd21_vae_finetuned/generated_images/final/positive/gen_1555.png,gen_1555.png,98.8956,85.0,1.0,0.4412384033203125,1.0,0.43576812744140625,155.8960992349038,20.83039697117175,5.039606333431721,24.475753784179688,0.0,0.0,False,,-6.830293300263056,True,399.0
positive,/mnt/MammoDiffusion/MammoDiffusion/experiments/diffusers/03_sd21_vae_finetuned/generated_images/final/positive/gen_1556.png,gen_1556.png,103.7912,81.0,2.0,0.7767753601074219,0.9985758273706336,0.7693023681640625,156.95592756411529,18.226803257936915,6.043322115905421,202.92251586914062,0.0,0.0,False,,-9.273971636554949,False,
positive,/mnt/MammoDiffusion/MammoDiffusion/experiments/diffusers/03_sd21_vae_finetuned/generated_images/final/positive/gen_1557.png,gen_1557.png,115.8956,102.0,1.0,0.28726959228515625,0.9942102886888163,0.2832145690917969,154.80332152526165,32.67787047684725,4.717604094707798,34.89463806152344,0.0,0.0,False,,-7.788029399920486,True,858.0
positive,/mnt/MammoDiffusion/MammoDiffusion/experiments/diffusers/03_sd21_vae_finetuned/generated_images/final/positive/gen_1558.png,gen_1558.png,10.0,0.0,0.0,0.7939872741699219,0.9984625658814542,0.7855682373046875,145.1301497581726,21.94971188037594,5.547072650169281,256.021484375,0.0,0.0,False,,-8.211646512320101,True,1098.0
positive,/mnt/MammoDiffusion/MammoDiffusion/experiments/diffusers/03_sd21_vae_finetuned/generated_images/final/positive/gen_1559.png,gen_1559.png,42.8956,29.0,1.0,0.5469207763671875,0.9983539324275312,0.5401802062988281,151.92023586737756,25.439021799586843,5.622045455431926,210.7035675048828,0.0,0.0,False,,-6.708070519317207,True,353.0
positive,/mnt/MammoDiffusion/MammoDiffusion/experiments/diffusers/03_sd21_vae_finetuned/generated_images/final/positive/gen_1560.png,gen_1560.png,92.0,87.0,0.0,0.4873085021972656,0.9951778934596266,0.4794807434082031,153.39637847771954,23.656879524222685,4.819376707060779,182.73391723632812,0.0,0.0,False,,-7.47673779107042,True,691.0
positive,/mnt/MammoDiffusion/MammoDiffusion/experiments/diffusers/03_sd21_vae_finetuned/generated_images/final/positive/gen_1561.png,gen_1561.png,116.8956,103.0,1.0,0.35822296142578125,0.9968692096351671,0.3522453308105469,154.70079814596215,27.88157158676375,4.954993921826855,28.954246520996094,0.0,0.0,False,,-6.422978367992172,True,252.0
positive,/mnt/MammoDiffusion/MammoDiffusion/experiments/diffusers/03_sd21_vae_finetuned/generated_images/final/positive/gen_1562.png,gen_1562.png,59.8956,46.0,1.0,0.6278533935546875,0.997843099132379,0.6206398010253906,157.10480832467715,18.836642106202344,5.658029244063554,240.04873657226562,0.0,0.0,False,,-8.158158556473024,True,1069.0
positive,/mnt/MammoDiffusion/MammoDiffusion/experiments/diffusers/03_sd21_vae_finetuned/generated_images/final/positive/gen_1563.png,gen_1563.png,111.8956,98.0,1.0,0.25791168212890625,0.9698121579647981,0.24239730834960938,151.67908345529798,32.70811971782888,4.939027479049767,52.768714904785156,0.0,0.0,False,,-21.70853519062194,False,
positive,/mnt/MammoDiffusion/MammoDiffusion/experiments/diffusers/03_sd21_vae_finetuned/generated_images/final/positive/gen_1564.png,gen_1564.png,135.8956,122.0,1.0,0.3847808837890625,0.834040528215093,0.3483695983886719,150.53638185342137,16.43372441583522,5.500352783888925,38.446922302246094,0.0,0.0,False,,-98.06414896996797,False,
positive,/mnt/MammoDiffusion/MammoDiffusion/experiments/diffusers/03_sd21_vae_finetuned/generated_images/final/positive/gen_1565.png,gen_1565.png,99.8956,86.0,1.0,0.6431617736816406,0.9976393971566005,0.6902198791503906,137.80058804998424,31.819936768319728,6.580911850513758,196.06597900390625,0.0,0.0,False,,-8.197371470163393,True,1088.0
positive,/mnt/MammoDiffusion/MammoDiffusion/experiments/diffusers/03_sd21_vae_finetuned/generated_images/final/positive/gen_1566.png,gen_1566.png,45.7912,23.0,2.0,0.8786239624023438,0.9992402073582661,0.8709144592285156,117.91523619719236,34.87328510005645,7.018428813959375,314.25335693359375,0.0,0.0,False,,-8.783446053547026,False,
positive,/mnt/MammoDiffusion/MammoDiffusion/experiments/diffusers/03_sd21_vae_finetuned/generated_images/final/positive/gen_1567.png,gen_1567.png,29.8956,16.0,1.0,0.46108245849609375,0.9975262678911226,0.4542808532714844,161.01736545550733,25.53172642924846,5.404369968436838,246.2364501953125,0.0,0.0,False,,-6.601556979315233,True,325.0
positive,/mnt/MammoDiffusion/MammoDiffusion/experiments/diffusers/03_sd21_vae_finetuned/generated_images/final/positive/gen_1568.png,gen_1568.png,115.8956,102.0,1.0,0.7151947021484375,0.9905965309039705,0.7093315124511719,147.27398667362206,21.45838993165401,6.110788786479869,122.8275375366211,0.0,0.0,False,,-12.884761603078026,False,
positive,/mnt/MammoDiffusion/MammoDiffusion/experiments/diffusers/03_sd21_vae_finetuned/generated_images/final/positive/gen_1569.png,gen_1569.png,88.0,83.0,0.0,0.4603385925292969,0.9955583177957323,0.4528541564941406,150.29402845518183,25.883895753471492,4.711057260348465,170.94837951660156,0.0,0.0,False,,-6.7417195244239725,True,366.0
positive,/mnt/MammoDiffusion/MammoDiffusion/experiments/diffusers/03_sd21_vae_finetuned/generated_images/final/positive/gen_1570.png,gen_1570.png,104.6868,73.0,3.0,0.7946662902832031,0.9973405915023738,0.7865333557128906,148.85757935834323,21.75101471678674,6.530189382105853,201.4742431640625,0.0,0.0,False,,-10.004884265358575,False,
positive,/mnt/MammoDiffusion/MammoDiffusion/experiments/diffusers/03_sd21_vae_finetuned/generated_images/final/positive/gen_1571.png,gen_1571.png,48.8956,35.0,1.0,0.6538200378417969,0.9937162694360979,0.7838592529296875,97.06424831130404,53.52946053100288,7.107320531626563,627.0770874023438,0.0,0.0,False,,-10.081016063896989,False,
positive,/mnt/MammoDiffusion/MammoDiffusion/experiments/diffusers/03_sd21_vae_finetuned/generated_images/final/positive/gen_1572.png,gen_1572.png,75.8956,62.0,1.0,0.7501144409179688,0.9984336699925752,0.7883453369140625,120.01126487951224,37.392680963548635,6.918183944092366,305.8707275390625,0.0,0.0,False,,-7.678079375948054,True,796.0
positive,/mnt/MammoDiffusion/MammoDiffusion/experiments/diffusers/03_sd21_vae_finetuned/generated_images/final/positive/gen_1573.png,gen_1573.png,220.0,221.0,29.0,0.20763015747070312,0.8318910874717522,0.13652420043945312,247.9172930229959,23.94644218472858,6.805985491815863,520.339111328125,0.0,0.0,False,,-103.82382053714812,False,
positive,/mnt/MammoDiffusion/MammoDiffusion/experiments/diffusers/03_sd21_vae_finetuned/generated_images/final/positive/gen_1574.png,gen_1574.png,98.8956,85.0,1.0,0.2713356018066406,0.9266825064319757,0.24387359619140625,147.57767871109024,39.274511624899006,5.754675579470546,236.54075622558594,0.0,0.0,False,,-45.63404394652927,False,
positive,/mnt/MammoDiffusion/MammoDiffusion/experiments/diffusers/03_sd21_vae_finetuned/generated_images/final/positive/gen_1575.png,gen_1575.png,102.8956,89.0,1.0,0.5187187194824219,0.997036307076828,0.5119552612304688,160.57525744005483,25.765534318987903,5.530317569613538,118.34574890136719,0.0,0.0,False,,-7.5141026113230325,True,711.0
positive,/mnt/MammoDiffusion/MammoDiffusion/experiments/diffusers/03_sd21_vae_finetuned/generated_images/final/positive/gen_1576.png,gen_1576.png,121.8956,108.0,1.0,0.4013519287109375,0.989487891115082,0.3968048095703125,153.33073447413958,26.9709494890691,5.158927749300162,35.44902038574219,0.0,0.0,False,,-10.436259658280024,False,
positive,/mnt/MammoDiffusion/MammoDiffusion/experiments/diffusers/03_sd21_vae_finetuned/generated_images/final/positive/gen_1577.png,gen_1577.png,100.0,95.0,0.0,0.49863433837890625,0.9953792248726226,0.4907569885253906,165.71121423407877,20.655026642989846,4.874018540422179,174.8223876953125,0.0,0.0,False,,-8.092792597698892,True,1038.0
positive,/mnt/MammoDiffusion/MammoDiffusion/experiments/diffusers/03_sd21_vae_finetuned/generated_images/final/positive/gen_1578.png,gen_1578.png,79.8956,66.0,1.0,0.8067588806152344,0.9977492706407486,0.7961006164550781,149.03333604864562,27.599882237931865,6.676643488159357,183.88705444335938,0.0,0.0,False,,-9.60082680452207,False,
positive,/mnt/MammoDiffusion/MammoDiffusion/experiments/diffusers/03_sd21_vae_finetuned/generated_images/final/positive/gen_1579.png,gen_1579.png,76.8956,63.0,1.0,0.8212089538574219,0.9986528858436883,0.8149185180664062,134.9439113216556,30.23094845935711,6.664153867268394,228.43362426757812,0.0,0.0,False,,-8.684476809428112,True,1343.0
positive,/mnt/MammoDiffusion/MammoDiffusion/experiments/diffusers/03_sd21_vae_finetuned/generated_images/final/positive/gen_1580.png,gen_1580.png,119.8956,106.0,1.0,0.3686676025390625,0.9962749886180208,0.3618316650390625,169.99330535992917,24.75874030501983,4.873827523636451,170.09451293945312,0.0,0.0,False,,-7.12219730845662,True,520.0
positive,/mnt/MammoDiffusion/MammoDiffusion/experiments/diffusers/03_sd21_vae_finetuned/generated_images/final/positive/gen_1581.png,gen_1581.png,100.8956,87.0,1.0,0.548431396484375,1.0,0.5425910949707031,161.62558265430232,24.46506278958702,5.806517935295048,51.64178466796875,0.0,0.0,False,,-8.191195656454727,True,1084.0
positive,/mnt/MammoDiffusion/MammoDiffusion/experiments/diffusers/03_sd21_vae_finetuned/generated_images/final/positive/gen_1582.png,gen_1582.png,43.8956,30.0,1.0,0.5620994567871094,0.9985612584916288,0.5804939270019531,110.34123661884828,53.208842465298645,6.694082572697681,462.68475341796875,0.0,0.0,False,,-6.238102621265566,True,203.0
positive,/mnt/MammoDiffusion/MammoDiffusion/experiments/diffusers/03_sd21_vae_finetuned/generated_images/final/positive/gen_1583.png,gen_1583.png,82.8956,69.0,1.0,0.6557655334472656,0.9945376806957331,0.73907470703125,121.48766413411512,38.51237171872104,6.883189337057755,327.3970642089844,0.0,0.0,False,,-9.414090918055976,False,
positive,/mnt/MammoDiffusion/MammoDiffusion/experiments/diffusers/03_sd21_vae_finetuned/generated_images/final/positive/gen_1584.png,gen_1584.png,128.8956,115.0,1.0,0.3847503662109375,0.9830259766012295,0.37847900390625,159.42917472988228,25.920283449181305,5.2381685970222325,49.18070983886719,0.0,0.0,False,,-14.469395381675453,False,
positive,/mnt/MammoDiffusion/MammoDiffusion/experiments/diffusers/03_sd21_vae_finetuned/generated_images/final/positive/gen_1585.png,gen_1585.png,96.8956,83.0,1.0,0.6961784362792969,0.9971451898366567,0.6883468627929688,153.68392760160935,21.366138686572295,5.737772746883079,65.70767974853516,0.0,0.0,False,,-9.012391633626152,False,
positive,/mnt/MammoDiffusion/MammoDiffusion/experiments/diffusers/03_sd21_vae_finetuned/generated_images/final/positive/gen_1586.png,gen_1586.png,70.8956,57.0,1.0,0.5700531005859375,1.0,0.5642814636230469,165.41537827112754,23.563368327491876,5.524346030408765,44.55702209472656,0.0,0.0,False,,-8.24761576090965,True,1124.0
positive,/mnt/MammoDiffusion/MammoDiffusion/experiments/diffusers/03_sd21_vae_finetuned/generated_images/final/positive/gen_1587.png,gen_1587.png,21.8956,8.0,1.0,0.802520751953125,0.9984503935810168,0.794525146484375,150.484170347609,22.371971902331577,6.2266822678887825,270.80621337890625,0.0,0.0,False,,-9.063981154793588,False,
positive,/mnt/MammoDiffusion/MammoDiffusion/experiments/diffusers/03_sd21_vae_finetuned/generated_images/final/positive/gen_1588.png,gen_1588.png,98.8956,85.0,1.0,0.4859275817871094,1.0,0.48011016845703125,156.07728551224395,22.62961421232248,5.425292762113025,37.26465606689453,0.0,0.0,False,,-7.372052292659544,True,640.0
positive,/mnt/MammoDiffusion/MammoDiffusion/experiments/diffusers/03_sd21_vae_finetuned/generated_images/final/positive/gen_1589.png,gen_1589.png,77.8956,64.0,1.0,0.4945182800292969,0.9974081073784086,0.4875335693359375,160.83795499358393,26.49154895794757,5.450280651672732,158.25247192382812,0.0,0.0,False,,-6.971738223462014,True,455.0
positive,/mnt/MammoDiffusion/MammoDiffusion/experiments/diffusers/03_sd21_vae_finetuned/generated_images/final/positive/gen_1590.png,gen_1590.png,101.8956,88.0,1.0,0.4653778076171875,0.854528017312043,0.4143257141113281,135.11169933617523,32.8134948759612,6.532878066822251,202.63162231445312,0.0,0.0,False,,-85.58981881203397,False,
positive,/mnt/MammoDiffusion/MammoDiffusion/experiments/diffusers/03_sd21_vae_finetuned/generated_images/final/positive/gen_1591.png,gen_1591.png,129.8956,116.0,1.0,0.43953704833984375,0.9873722032250786,0.4310569763183594,157.53772157275728,23.68793279287181,5.248019710288371,34.49855041503906,0.0,0.0,False,,-12.213474907558023,False,
positive,/mnt/MammoDiffusion/MammoDiffusion/experiments/diffusers/03_sd21_vae_finetuned/generated_images/final/positive/gen_1592.png,gen_1592.png,32.8956,19.0,1.0,0.5772781372070312,0.9992665036674817,0.5734138488769531,110.89454951868385,49.685583366724984,6.509060092552244,400.0950012207031,0.0,0.0,False,,-6.244853585351843,True,205.0
positive,/mnt/MammoDiffusion/MammoDiffusion/experiments/diffusers/03_sd21_vae_finetuned/generated_images/final/positive/gen_1593.png,gen_1593.png,86.7912,64.0,2.0,0.6176300048828125,0.9912913506435753,0.6948280334472656,125.28892365972165,37.86165482385342,6.813146265859518,319.73828125,0.0,0.0,False,,-11.020720250208763,False,
positive,/mnt/MammoDiffusion/MammoDiffusion/experiments/diffusers/03_sd21_vae_finetuned/generated_images/final/positive/gen_1594.png,gen_1594.png,220.0,237.0,1.0,0.3820304870605469,0.9745873565858189,0.36572265625,237.123310246996,14.417907109474376,6.082369254614492,473.5926208496094,0.0,0.0,False,,-22.735889737316356,False,
positive,/mnt/MammoDiffusion/MammoDiffusion/experiments/diffusers/03_sd21_vae_finetuned/generated_images/final/positive/gen_1595.png,gen_1595.png,109.8956,96.0,1.0,0.5292129516601562,0.9827722915014777,0.5182418823242188,146.18573615793426,26.36584485022969,5.856379518995219,150.0727081298828,0.0,0.0,False,,-15.276538846417,False,
positive,/mnt/MammoDiffusion/MammoDiffusion/experiments/diffusers/03_sd21_vae_finetuned/generated_images/final/positive/gen_1596.png,gen_1596.png,41.8956,28.0,1.0,0.48920440673828125,1.0,0.4834442138671875,161.77975570495218,25.487652223143357,5.635362150067228,61.96800231933594,0.0,0.0,False,,-7.543512006790545,True,733.0
positive,/mnt/MammoDiffusion/MammoDiffusion/experiments/diffusers/03_sd21_vae_finetuned/generated_images/final/positive/gen_1597.png,gen_1597.png,62.8956,49.0,1.0,0.485565185546875,1.0,0.479949951171875,160.77756406180453,27.53410731760293,5.522638720110092,45.87091064453125,0.0,0.0,False,,-7.253588666307042,True,586.0
positive,/mnt/MammoDiffusion/MammoDiffusion/experiments/diffusers/03_sd21_vae_finetuned/generated_images/final/positive/gen_1598.png,gen_1598.png,110.8956,97.0,1.0,0.472076416015625,0.999983838645032,0.4671669006347656,155.70598130077983,24.21243275425099,5.352620491172387,31.58068084716797,0.0,0.0,False,,-7.088090699711216,True,506.0
positive,/mnt/MammoDiffusion/MammoDiffusion/experiments/diffusers/03_sd21_vae_finetuned/generated_images/final/positive/gen_1599.png,gen_1599.png,95.0,90.0,0.0,0.5049629211425781,0.9984815634608266,0.500091552734375,142.96411789833405,31.98868820797238,5.038384419104135,107.95643615722656,0.0,0.0,False,,-5.18224132912193,True,20.0
positive,/mnt/MammoDiffusion/MammoDiffusion/experiments/diffusers/03_sd21_vae_finetuned/generated_images/final/positive/gen_1600.png,gen_1600.png,124.8956,111.0,1.0,0.21214675903320312,0.8828331505223599,0.19000244140625,169.0898851590106,33.93563289603232,5.0288643632087515,65.23329162597656,0.0,0.0,False,,-70.87412743441925,False,
positive,/mnt/MammoDiffusion/MammoDiffusion/experiments/diffusers/03_sd21_vae_finetuned/generated_images/final/positive/gen_1601.png,gen_1601.png,30.8956,17.0,1.0,0.8091812133789062,0.9993824308652568,0.809234619140625,97.05802409774861,50.43217992831939,7.2472874224962975,530.0132446289062,0.0,0.0,False,,-8.096692770370383,True,1041.0
positive,/mnt/MammoDiffusion/MammoDiffusion/experiments/diffusers/03_sd21_vae_finetuned/generated_images/final/positive/gen_1602.png,gen_1602.png,87.8956,74.0,1.0,0.4825096130371094,1.0,0.4770545959472656,158.12561471968783,26.26778162332526,5.415799169590446,39.07826232910156,0.0,0.0,False,,-7.145551816497636,True,533.0
positive,/mnt/MammoDiffusion/MammoDiffusion/experiments/diffusers/03_sd21_vae_finetuned/generated_images/final/positive/gen_1603.png,gen_1603.png,98.8956,85.0,1.0,0.33432769775390625,0.9920586020401178,0.3558998107910156,140.87087473337834,39.88720731719918,5.745925847638892,200.57188415527344,0.0,0.0,False,,-8.367012729210845,True,1190.0
positive,/mnt/MammoDiffusion/MammoDiffusion/experiments/diffusers/03_sd21_vae_finetuned/generated_images/final/positive/gen_1604.png,gen_1604.png,20.8956,7.0,1.0,0.6331367492675781,0.9983190036933718,0.6257820129394531,157.5014721570301,20.720173279972215,5.7856564388942875,296.632568359375,0.0,0.0,False,,-7.863774036349438,True,901.0
positive,/mnt/MammoDiffusion/MammoDiffusion/experiments/diffusers/03_sd21_vae_finetuned/generated_images/final/positive/gen_1605.png,gen_1605.png,103.0,98.0,0.0,0.46463775634765625,0.9955994154447382,0.4574165344238281,161.72614232459614,25.00391433910771,4.735311960141389,166.12994384765625,0.0,0.0,False,,-7.190923519315042,True,556.0
positive,/mnt/MammoDiffusion/MammoDiffusion/experiments/diffusers/03_sd21_vae_finetuned/generated_images/final/positive/gen_1606.png,gen_1606.png,44.0,39.0,0.0,0.7348365783691406,0.9975860833813521,0.7269554138183594,152.53587976932,22.184945938580025,5.843280905819036,244.2021026611328,0.0,0.0,False,,-8.819145514618532,False,
positive,/mnt/MammoDiffusion/MammoDiffusion/experiments/diffusers/03_sd21_vae_finetuned/generated_images/final/positive/gen_1607.png,gen_1607.png,58.8956,45.0,1.0,0.49724578857421875,0.9974913693901035,0.4902610778808594,166.26182899026603,26.450573895070672,5.571364963079854,195.1428985595703,0.0,0.0,False,,-7.186378115791807,True,554.0
positive,/mnt/MammoDiffusion/MammoDiffusion/experiments/diffusers/03_sd21_vae_finetuned/generated_images/final/positive/gen_1608.png,gen_1608.png,93.8956,80.0,1.0,0.6199493408203125,0.9994092889315513,0.6141128540039062,150.52984731591567,19.81224234629214,5.541832397219911,33.83000183105469,0.0,0.0,False,,-8.09615346335163,True,1040.0
positive,/mnt/MammoDiffusion/MammoDiffusion/experiments/diffusers/03_sd21_vae_finetuned/generated_images/final/positive/gen_1609.png,gen_1609.png,105.8956,92.0,1.0,0.563140869140625,0.999972904134829,0.5543098449707031,156.3143163878356,19.883096949926127,5.071456857817044,26.65131378173828,0.0,0.0,False,,-7.722949855944757,True,815.0
positive,/mnt/MammoDiffusion/MammoDiffusion/experiments/diffusers/03_sd21_vae_finetuned/generated_images/final/positive/gen_1610.png,gen_1610.png,97.8956,84.0,1.0,0.45761871337890625,0.9982577816308498,0.4518928527832031,159.62777623015168,22.9742850300777,5.076113783317403,23.776832580566406,0.0,0.0,False,,-6.267986418658348,True,211.0
positive,/mnt/MammoDiffusion/MammoDiffusion/experiments/diffusers/03_sd21_vae_finetuned/generated_images/final/positive/gen_1611.png,gen_1611.png,199.0,192.0,4.0,0.033527374267578125,0.15576288542496303,0.00537872314453125,208.4035460992908,7.434030543400752,5.846532355427771,138.3794403076172,0.0,0.0,True,too_empty,,False,
positive,/mnt/MammoDiffusion/MammoDiffusion/experiments/diffusers/03_sd21_vae_finetuned/generated_images/final/positive/gen_1612.png,gen_1612.png,121.8956,108.0,1.0,0.4670829772949219,0.9975580474179823,0.4602851867675781,163.89197835257457,21.734927530252772,4.707749229591594,112.43923950195312,0.0,0.0,False,,-6.45873515095178,True,266.0
positive,/mnt/MammoDiffusion/MammoDiffusion/experiments/diffusers/03_sd21_vae_finetuned/generated_images/final/positive/gen_1613.png,gen_1613.png,140.8956,127.0,1.0,0.283172607421875,0.9921327729281173,0.2839164733886719,174.75171644698833,25.539300849732665,4.371752314741394,130.77731323242188,0.0,0.0,False,,-9.591487915536618,False,
positive,/mnt/MammoDiffusion/MammoDiffusion/experiments/diffusers/03_sd21_vae_finetuned/generated_images/final/positive/gen_1614.png,gen_1614.png,99.8956,86.0,1.0,0.2934684753417969,0.8746279133249275,0.26538848876953125,148.35048152939484,41.47788873398437,5.848429591436001,278.30914306640625,0.0,0.0,False,,-74.46228283382332,False,
positive,/mnt/MammoDiffusion/MammoDiffusion/experiments/diffusers/03_sd21_vae_finetuned/generated_images/final/positive/gen_1615.png,gen_1615.png,78.8956,65.0,1.0,0.7614326477050781,0.9982966358558152,0.7528419494628906,153.09343156678642,20.79028021082015,6.06806978119637,183.0741424560547,0.0,0.0,False,,-9.011464301066878,False,
positive,/mnt/MammoDiffusion/MammoDiffusion/experiments/diffusers/03_sd21_vae_finetuned/generated_images/final/positive/gen_1616.png,gen_1616.png,10.0,5.0,0.0,0.6533622741699219,0.9991826010801342,0.6482009887695312,88.16981320841327,50.48142618488884,6.347050125589259,491.2225036621094,0.0,0.0,False,,-5.792567571220789,True,106.0
positive,/mnt/MammoDiffusion/MammoDiffusion/experiments/diffusers/03_sd21_vae_finetuned/generated_images/final/positive/gen_1617.png,gen_1617.png,65.8956,52.0,1.0,0.687347412109375,1.0,0.6807785034179688,150.20850377111094,24.536020761645727,6.109338900655274,54.47349548339844,0.0,0.0,False,,-9.064040653540024,False,
positive,/mnt/MammoDiffusion/MammoDiffusion/experiments/diffusers/03_sd21_vae_finetuned/generated_images/final/positive/gen_1618.png,gen_1618.png,103.8956,90.0,1.0,0.5261878967285156,0.9811435655407904,0.6055946350097656,136.0494982771979,34.33852790254195,6.368987074566936,355.38555908203125,0.0,0.0,False,,-16.14943079467241,False,
positive,/mnt/MammoDiffusion/MammoDiffusion/experiments/diffusers/03_sd21_vae_finetuned/generated_images/final/positive/gen_1619.png,gen_1619.png,147.8956,134.0,1.0,0.19993209838867188,0.9397836332067696,0.19371414184570312,183.89450778834603,27.411222486745828,4.321006211211314,117.0390625,0.0,0.0,False,,-39.37992018869967,False,
positive,/mnt/MammoDiffusion/MammoDiffusion/experiments/diffusers/03_sd21_vae_finetuned/generated_images/final/positive/gen_1620.png,gen_1620.png,109.0,104.0,0.0,0.35874176025390625,0.9936092384253844,0.3514060974121094,160.8592472779774,24.337601757440986,4.277500045147102,192.3514862060547,0.0,0.0,False,,-7.8082996029848175,True,873.0
positive,/mnt/MammoDiffusion/MammoDiffusion/experiments/diffusers/03_sd21_vae_finetuned/generated_images/final/positive/gen_1621.png,gen_1621.png,120.0,115.0,0.0,0.5170555114746094,0.996930863268483,0.5101776123046875,165.17699267234934,17.175595687845515,4.77836715557386,198.19943237304688,0.0,0.0,False,,-7.468544142569557,True,685.0
positive,/mnt/MammoDiffusion/MammoDiffusion/experiments/diffusers/03_sd21_vae_finetuned/generated_images/final/positive/gen_1622.png,gen_1622.png,128.8956,115.0,1.0,0.5275192260742188,0.9964566188912832,0.5198936462402344,173.75389435529434,19.766889443332207,5.613014068638733,158.30718994140625,0.0,0.0,False,,-8.747974188814945,False,
positive,/mnt/MammoDiffusion/MammoDiffusion/experiments/diffusers/03_sd21_vae_finetuned/generated_images/final/positive/gen_1623.png,gen_1623.png,91.8956,78.0,1.0,0.8319664001464844,0.997115935716087,0.8241958618164062,153.00672041766563,24.20708623930173,6.186252830463873,220.79483032226562,0.0,0.0,False,,-9.974248124448838,False,
positive,/mnt/MammoDiffusion/MammoDiffusion/experiments/diffusers/03_sd21_vae_finetuned/generated_images/final/positive/gen_1624.png,gen_1624.png,140.8956,127.0,1.0,0.16135787963867188,0.7420269982741908,0.115631103515625,193.74175244127738,20.061237107922523,5.59984519250329,57.40106201171875,0.0,0.0,True,too_empty,,False,
positive,/mnt/MammoDiffusion/MammoDiffusion/experiments/diffusers/03_sd21_vae_finetuned/generated_images/final/positive/gen_1625.png,gen_1625.png,88.8956,75.0,1.0,0.6760711669921875,1.0,0.6702651977539062,151.94416240765824,18.576663382878813,5.704966730320656,35.76593780517578,0.0,0.0,False,,-9.09158380024711,False,
positive,/mnt/MammoDiffusion/MammoDiffusion/experiments/diffusers/03_sd21_vae_finetuned/generated_images/final/positive/gen_1626.png,gen_1626.png,103.8956,90.0,1.0,0.3362274169921875,0.9853074653959609,0.3835487365722656,145.52530707643345,41.21058693551435,5.575567754205461,324.6741027832031,0.0,0.0,False,,-11.781141333794174,False,
positive,/mnt/MammoDiffusion/MammoDiffusion/experiments/diffusers/03_sd21_vae_finetuned/generated_images/final/positive/gen_1627.png,gen_1627.png,30.8956,17.0,1.0,0.5618400573730469,0.9981939531378367,0.5570755004882812,108.04418149198132,51.584856612197065,6.370372334085673,528.4620361328125,0.0,0.0,False,,-5.659145481992993,True,80.0
positive,/mnt/MammoDiffusion/MammoDiffusion/experiments/diffusers/03_sd21_vae_finetuned/generated_images/final/positive/gen_1628.png,gen_1628.png,105.8956,92.0,1.0,0.5873336791992188,0.9999415455360274,0.5821533203125,152.2466318934787,23.71867951524946,5.848357528851649,47.896324157714844,0.0,0.0,False,,-8.237490861957195,True,1114.0
positive,/mnt/MammoDiffusion/MammoDiffusion/experiments/diffusers/03_sd21_vae_finetuned/generated_images/final/positive/gen_1629.png,gen_1629.png,131.0,126.0,0.0,0.4262657165527344,0.9925364452359432,0.41956329345703125,170.79094612041533,19.764502413515793,4.324819220805092,176.33892822265625,0.0,0.0,False,,-8.866230410633738,False,
positive,/mnt/MammoDiffusion/MammoDiffusion/experiments/diffusers/03_sd21_vae_finetuned/generated_images/final/positive/gen_1630.png,gen_1630.png,99.8956,86.0,1.0,0.7466278076171875,0.9982730784165458,0.7381362915039062,154.29404955089976,21.276980147048302,5.998903870023563,208.26345825195312,0.0,0.0,False,,-8.828525456148554,False,
positive,/mnt/MammoDiffusion/MammoDiffusion/experiments/diffusers/03_sd21_vae_finetuned/generated_images/final/positive/gen_1631.png,gen_1631.png,75.0,70.0,0.0,0.7134971618652344,0.9974711156496774,0.7061996459960938,141.15555891662976,23.578393647322528,5.680482111347912,206.26348876953125,0.0,0.0,False,,-8.183246019316158,True,1081.0
positive,/mnt/MammoDiffusion/MammoDiffusion/experiments/diffusers/03_sd21_vae_finetuned/generated_images/final/positive/gen_1632.png,gen_1632.png,94.8956,81.0,1.0,0.5632247924804688,0.9977716971675494,0.5558853149414062,176.15762890984203,23.427352738093234,5.594332268792895,198.65638732910156,0.0,0.0,False,,-8.00735982927043,True,983.0
positive,/mnt/MammoDiffusion/MammoDiffusion/experiments/diffusers/03_sd21_vae_finetuned/generated_images/final/positive/gen_1633.png,gen_1633.png,78.8956,65.0,1.0,0.6041145324707031,1.0,0.5978813171386719,158.78641749239142,21.456502875022927,5.799250773677442,63.415435791015625,0.0,0.0,False,,-8.668047091205187,True,1335.0
positive,/mnt/MammoDiffusion/MammoDiffusion/experiments/diffusers/03_sd21_vae_finetuned/generated_images/final/positive/gen_1634.png,gen_1634.png,61.8956,48.0,1.0,0.3960418701171875,0.9969081101907147,0.4278144836425781,120.46629038154597,51.71325239449526,5.856105132497905,301.20135498046875,0.0,0.0,False,,-5.6632882120724,True,81.0
positive,/mnt/MammoDiffusion/MammoDiffusion/experiments/diffusers/03_sd21_vae_finetuned/generated_images/final/positive/gen_1635.png,gen_1635.png,126.6868,95.0,3.0,0.5878257751464844,0.9899996755248386,0.5751152038574219,155.5931495128115,24.083065027346336,6.63011776681181,236.9394073486328,0.0,0.0,False,,-12.751127275099115,False,
positive,/mnt/MammoDiffusion/MammoDiffusion/experiments/diffusers/03_sd21_vae_finetuned/generated_images/final/positive/gen_1636.png,gen_1636.png,111.0,106.0,0.0,0.4252738952636719,0.9807593982939102,0.41359710693359375,156.65091033185146,25.612136535776706,4.611213909794945,234.23941040039062,0.0,0.0,False,,-14.73097738965403,False,
positive,/mnt/MammoDiffusion/MammoDiffusion/experiments/diffusers/03_sd21_vae_finetuned/generated_images/final/positive/gen_1637.png,gen_1637.png,101.8956,88.0,1.0,0.4710197448730469,0.9994654788418709,0.4654083251953125,149.59039867545326,25.60159738642306,5.359039285349995,36.0455322265625,0.0,0.0,False,,-6.504304788799571,True,289.0
positive,/mnt/MammoDiffusion/MammoDiffusion/experiments/diffusers/03_sd21_vae_finetuned/generated_images/final/positive/gen_1638.png,gen_1638.png,104.8956,91.0,1.0,0.7430038452148438,0.998059289227515,0.7361869812011719,149.3002119313736,21.3910346473764,6.15545827645442,148.0186309814453,0.0,0.0,False,,-9.001909144402639,False,
positive,/mnt/MammoDiffusion/MammoDiffusion/experiments/diffusers/03_sd21_vae_finetuned/generated_images/final/positive/gen_1639.png,gen_1639.png,124.8956,111.0,1.0,0.6763801574707031,0.9981444822315844,0.6690025329589844,170.38030506058448,17.355662072638985,5.767575277614879,154.16091918945312,0.0,0.0,False,,-9.04083875172489,False,
positive,/mnt/MammoDiffusion/MammoDiffusion/experiments/diffusers/03_sd21_vae_finetuned/generated_images/final/positive/gen_1640.png,gen_1640.png,42.8956,29.0,1.0,0.42176055908203125,1.0,0.41620635986328125,154.64287023628398,28.249071491520784,5.364623080144083,58.798561096191406,0.0,0.0,False,,-6.414227465552507,True,249.0
positive,/mnt/MammoDiffusion/MammoDiffusion/experiments/diffusers/03_sd21_vae_finetuned/generated_images/final/positive/gen_1641.png,gen_1641.png,34.0,29.0,0.0,0.7873764038085938,0.9979603306105442,0.7794723510742188,143.28945256296063,23.7357740758478,5.932192086462748,230.6631622314453,0.0,0.0,False,,-8.67774000617261,True,1341.0
positive,/mnt/MammoDiffusion/MammoDiffusion/experiments/diffusers/03_sd21_vae_finetuned/generated_images/final/positive/gen_1642.png,gen_1642.png,115.8956,102.0,1.0,0.48831939697265625,0.995945629247715,0.4816169738769531,169.4111585467276,20.560096815100522,5.41045677129186,159.56190490722656,0.0,0.0,False,,-8.38377299649569,True,1198.0
positive,/mnt/MammoDiffusion/MammoDiffusion/experiments/diffusers/03_sd21_vae_finetuned/generated_images/final/positive/gen_1643.png,gen_1643.png,146.8956,133.0,1.0,0.3643684387207031,0.9877194635509909,0.35471343994140625,164.75984556815004,19.025622720754377,4.850408342204746,22.104660034179688,0.0,0.0,False,,-12.32464807535376,False,
positive,/mnt/MammoDiffusion/MammoDiffusion/experiments/diffusers/03_sd21_vae_finetuned/generated_images/final/positive/gen_1644.png,gen_1644.png,105.8956,92.0,1.0,0.2993812561035156,0.9996941934990635,0.2940101623535156,154.56388099593892,24.33908491192687,4.547880307908423,27.211997985839844,0.0,0.0,False,,-6.392352075796894,True,241.0
positive,/mnt/MammoDiffusion/MammoDiffusion/experiments/diffusers/03_sd21_vae_finetuned/generated_images/final/positive/gen_1645.png,gen_1645.png,220.0,195.0,53.0,0.2234344482421875,0.9548760499897562,0.20569992065429688,249.32101329673793,1.9313902615772802,6.704438007013728,450.01837158203125,0.0,0.0,True,low_contrast,,False,
positive,/mnt/MammoDiffusion/MammoDiffusion/experiments/diffusers/03_sd21_vae_finetuned/generated_images/final/positive/gen_1646.png,gen_1646.png,118.8956,105.0,1.0,0.3746490478515625,0.9693520140105079,0.3809165954589844,149.85075359270942,28.69934884475404,5.2669570275088144,110.27368927001953,0.0,0.0,False,,-21.509463685948667,False,
positive,/mnt/MammoDiffusion/MammoDiffusion/experiments/diffusers/03_sd21_vae_finetuned/generated_images/final/positive/gen_1647.png,gen_1647.png,98.8956,85.0,1.0,0.2322540283203125,0.9612541882924907,0.23658370971679688,147.87789225882392,41.40431141937841,5.1881610362895785,211.49281311035156,0.0,0.0,False,,-25.97061767415722,False,
positive,/mnt/MammoDiffusion/MammoDiffusion/experiments/diffusers/03_sd21_vae_finetuned/generated_images/final/positive/gen_1648.png,gen_1648.png,220.0,199.0,47.0,0.2533836364746094,0.9034671725155443,0.22518539428710938,246.8493164608426,2.481926913801991,6.890694372394941,616.61474609375,0.0,0.0,True,low_contrast,,False,
positive,/mnt/MammoDiffusion/MammoDiffusion/experiments/diffusers/03_sd21_vae_finetuned/generated_images/final/positive/gen_1649.png,gen_1649.png,220.0,177.0,71.0,0.18709945678710938,0.8268395620527249,0.151702880859375,248.06867330517,13.37391241270787,7.127103542143807,784.5540161132812,0.0,0.0,False,,-107.26837983135934,False,
positive,/mnt/MammoDiffusion/MammoDiffusion/experiments/diffusers/03_sd21_vae_finetuned/generated_images/final/positive/gen_1650.png,gen_1650.png,120.8956,107.0,1.0,0.3779449462890625,0.9930053696152449,0.3746795654296875,150.52106495622073,24.21446618866355,5.2546381121604515,35.34893035888672,0.0,0.0,False,,-8.835639947560257,False,
positive,/mnt/MammoDiffusion/MammoDiffusion/experiments/diffusers/03_sd21_vae_finetuned/generated_images/final/positive/gen_1651.png,gen_1651.png,90.0,85.0,0.0,0.4486885070800781,1.0,0.44301605224609375,156.0211996486817,24.508517233913892,4.886011751773952,21.197059631347656,0.0,0.0,False,,-6.475976320605699,True,274.0
positive,/mnt/MammoDiffusion/MammoDiffusion/experiments/diffusers/03_sd21_vae_finetuned/generated_images/final/positive/gen_1652.png,gen_1652.png,16.8956,3.0,1.0,0.7463302612304688,0.999560430573587,0.7440605163574219,85.00582411779483,48.738630664966806,6.748430707228723,528.4093017578125,0.0,0.0,False,,-6.778685681047598,True,374.0
positive,/mnt/MammoDiffusion/MammoDiffusion/experiments/diffusers/03_sd21_vae_finetuned/generated_images/final/positive/gen_1653.png,gen_1653.png,99.8956,86.0,1.0,0.41718292236328125,0.9962052632541468,0.4103965759277344,164.7732634338139,25.088634085825294,5.170900783165475,110.418212890625,0.0,0.0,False,,-7.122402662129206,True,521.0
positive,/mnt/MammoDiffusion/MammoDiffusion/experiments/diffusers/03_sd21_vae_finetuned/generated_images/final/positive/gen_1654.png,gen_1654.png,63.8956,50.0,1.0,0.3766632080078125,0.990591452298967,0.4318695068359375,112.92399215630851,51.40727788511232,5.938466678765602,495.905029296875,0.0,0.0,False,,-8.787153756095424,False,
positive,/mnt/MammoDiffusion/MammoDiffusion/experiments/diffusers/03_sd21_vae_finetuned/generated_images/final/positive/gen_1655.png,gen_1655.png,111.8956,98.0,1.0,0.3018074035644531,0.9535750850006952,0.3235969543457031,152.87685814992514,38.7408742838303,5.408850499221951,160.34068298339844,0.0,0.0,False,,-30.11744886319177,False,
positive,/mnt/MammoDiffusion/MammoDiffusion/experiments/diffusers/03_sd21_vae_finetuned/generated_images/final/positive/gen_1656.png,gen_1656.png,106.8956,93.0,1.0,0.6385459899902344,0.9999103894474614,0.6326179504394531,156.62885242738352,22.56156113563328,5.890055231007327,31.143287658691406,0.0,0.0,False,,-8.837792388203525,False,
positive,/mnt/MammoDiffusion/MammoDiffusion/experiments/diffusers/03_sd21_vae_finetuned/generated_images/final/positive/gen_1657.png,gen_1657.png,134.8956,121.0,1.0,0.3539009094238281,0.9906869455552801,0.35001373291015625,166.54910957560432,26.041656116809243,5.108026447518613,34.76910400390625,0.0,0.0,False,,-10.506183850084776,False,
positive,/mnt/MammoDiffusion/MammoDiffusion/experiments/diffusers/03_sd21_vae_finetuned/generated_images/final/positive/gen_1658.png,gen_1658.png,89.0,84.0,0.0,0.6645050048828125,0.997037819467726,0.6565017700195312,159.5228706899557,20.552070073084533,5.562778076028065,181.966064453125,0.0,0.0,False,,-8.777538688376838,False,
positive,/mnt/MammoDiffusion/MammoDiffusion/experiments/diffusers/03_sd21_vae_finetuned/generated_images/final/positive/gen_1659.png,gen_1659.png,220.0,253.0,1.0,0.2602729797363281,0.977077195913761,0.2519378662109375,247.40639573617588,38.86257823349826,6.135571005967559,505.2579040527344,0.0,0.0,False,,-20.722252497190276,False,
positive,/mnt/MammoDiffusion/MammoDiffusion/experiments/diffusers/03_sd21_vae_finetuned/generated_images/final/positive/gen_1660.png,gen_1660.png,86.8956,73.0,1.0,0.5806350708007812,0.9979107811576112,0.5735397338867188,175.96009311606252,20.8503455830465,5.276459214301097,208.66209411621094,0.0,0.0,False,,-7.899582233973091,True,921.0
positive,/mnt/MammoDiffusion/MammoDiffusion/experiments/diffusers/03_sd21_vae_finetuned/generated_images/final/positive/gen_1661.png,gen_1661.png,27.0,22.0,0.0,0.8035469055175781,1.0,0.7964401245117188,152.4835713806746,22.346295515125135,6.032234532125434,82.06385803222656,0.0,0.0,False,,-9.958125449142289,False,
positive,/mnt/MammoDiffusion/MammoDiffusion/experiments/diffusers/03_sd21_vae_finetuned/generated_images/final/positive/gen_1662.png,gen_1662.png,95.8956,82.0,1.0,0.3841705322265625,0.9839436787544187,0.40793609619140625,143.06851633656885,42.31236444910315,5.8589069350709355,228.3833770751953,0.0,0.0,False,,-12.84678634869443,False,
positive,/mnt/MammoDiffusion/MammoDiffusion/experiments/diffusers/03_sd21_vae_finetuned/generated_images/final/positive/gen_1663.png,gen_1663.png,77.0,72.0,0.0,0.5036087036132812,0.9936145071126664,0.49488067626953125,156.1262853619055,22.953504706263022,5.1313281265840365,181.02931213378906,0.0,0.0,False,,-8.891167835898194,False,
positive,/mnt/MammoDiffusion/MammoDiffusion/experiments/diffusers/03_sd21_vae_finetuned/generated_images/final/positive/gen_1664.png,gen_1664.png,71.8956,58.0,1.0,0.5428810119628906,1.0,0.5370559692382812,158.7230903640987,21.255195662392786,5.682999350136254,43.01702880859375,0.0,0.0,False,,-8.180760544644228,True,1079.0
positive,/mnt/MammoDiffusion/MammoDiffusion/experiments/diffusers/03_sd21_vae_finetuned/generated_images/final/positive/gen_1665.png,gen_1665.png,83.8956,70.0,1.0,0.42076873779296875,0.9634367463871916,0.4804496765136719,123.43537360953417,41.46049949291566,6.155312913587589,329.1484375,0.0,0.0,False,,-24.22985684414005,False,
positive,/mnt/MammoDiffusion/MammoDiffusion/experiments/diffusers/03_sd21_vae_finetuned/generated_images/final/positive/gen_1666.png,gen_1666.png,122.8956,109.0,1.0,0.35113525390625,0.9764253432991483,0.3559722900390625,156.48154657293497,28.599333009562766,5.361988806435999,191.6107177734375,0.0,0.0,False,,-17.953408112861563,False,
positive,/mnt/MammoDiffusion/MammoDiffusion/experiments/diffusers/03_sd21_vae_finetuned/generated_images/final/positive/gen_1667.png,gen_1667.png,14.8956,1.0,1.0,0.6238670349121094,0.9994374568156387,0.6214790344238281,97.64887028364136,58.706690188918024,6.438825791808037,579.2182006835938,0.0,0.0,False,,-6.606334657217739,True,327.0
positive,/mnt/MammoDiffusion/MammoDiffusion/experiments/diffusers/03_sd21_vae_finetuned/generated_images/final/positive/gen_1668.png,gen_1668.png,92.8956,79.0,1.0,0.35637664794921875,0.9113056881676693,0.3678550720214844,141.72913274776784,41.71130255342327,5.879877799691124,211.0337677001953,0.0,0.0,False,,-53.33456481022519,False,
positive,/mnt/MammoDiffusion/MammoDiffusion/experiments/diffusers/03_sd21_vae_finetuned/generated_images/final/positive/gen_1669.png,gen_1669.png,126.0,121.0,0.0,0.28499603271484375,0.991527238656137,0.2778892517089844,170.35774980438453,26.817964172554152,3.694343349287613,169.16268920898438,0.0,0.0,False,,-9.327611877762358,False,
positive,/mnt/MammoDiffusion/MammoDiffusion/experiments/diffusers/03_sd21_vae_finetuned/generated_images/final/positive/gen_1670.png,gen_1670.png,88.8956,75.0,1.0,0.6552658081054688,0.9984689184626311,0.6803436279296875,129.74218942741157,31.88805003692628,6.300026176127418,167.4749755859375,0.0,0.0,False,,-7.1776324092879005,True,551.0
positive,/mnt/MammoDiffusion/MammoDiffusion/experiments/diffusers/03_sd21_vae_finetuned/generated_images/final/positive/gen_1671.png,gen_1671.png,127.8956,114.0,1.0,0.1764984130859375,0.7572404253479726,0.1418609619140625,172.06832849306227,36.13176581405406,6.183910105297764,332.8829040527344,0.0,0.0,False,,-141.67664440507693,False,
positive,/mnt/MammoDiffusion/MammoDiffusion/experiments/diffusers/03_sd21_vae_finetuned/generated_images/final/positive/gen_1672.png,gen_1672.png,23.8956,10.0,1.0,0.888153076171875,0.9995017695770195,0.8826446533203125,103.24072521393379,49.010413109502544,7.225164283083461,503.3785400390625,0.0,0.0,False,,-8.757479185613523,False,
positive,/mnt/MammoDiffusion/MammoDiffusion/experiments/diffusers/03_sd21_vae_finetuned/generated_images/final/positive/gen_1673.png,gen_1673.png,73.8956,60.0,1.0,0.5979881286621094,1.0,0.59197998046875,139.0019976286215,21.083330233211406,5.565631518743222,26.052719116210938,0.0,0.0,False,,-7.865956354330335,True,903.0
positive,/mnt/MammoDiffusion/MammoDiffusion/experiments/diffusers/03_sd21_vae_finetuned/generated_images/final/positive/gen_1674.png,gen_1674.png,84.8956,71.0,1.0,0.416656494140625,0.9970610854757196,0.4097709655761719,163.6143885159981,24.553979629564953,5.159182724012674,140.09185791015625,0.0,0.0,False,,-6.597251142136327,True,324.0
positive,/mnt/MammoDiffusion/MammoDiffusion/experiments/diffusers/03_sd21_vae_finetuned/generated_images/final/positive/gen_1675.png,gen_1675.png,158.95600000000002,65.0,10.0,0.3075370788574219,0.9227601433905159,0.2980308532714844,175.29920514034842,17.73928392376683,6.730707800791031,519.580322265625,0.0,0.0,False,,-50.42736223805694,False,
positive,/mnt/MammoDiffusion/MammoDiffusion/experiments/diffusers/03_sd21_vae_finetuned/generated_images/final/positive/gen_1676.png,gen_1676.png,112.8956,99.0,1.0,0.2461395263671875,0.9813402764862686,0.24802398681640625,150.54466455443108,32.914305159218415,5.308975626662505,156.32830810546875,0.0,0.0,False,,-15.457511054399946,False,
positive,/mnt/MammoDiffusion/MammoDiffusion/experiments/diffusers/03_sd21_vae_finetuned/generated_images/final/positive/gen_1677.png,gen_1677.png,204.0,72.0,62.0,0.039211273193359375,0.5329312189901741,0.021106719970703125,208.12669437917947,3.442018961457232,6.304419249438669,204.4583740234375,0.0,0.0,True,too_empty,,False,
positive,/mnt/MammoDiffusion/MammoDiffusion/experiments/diffusers/03_sd21_vae_finetuned/generated_images/final/positive/gen_1678.png,gen_1678.png,135.8956,122.0,1.0,0.23828887939453125,0.9858002753497903,0.23914337158203125,164.0000797575371,23.866147516553283,4.5954201350571555,33.862709045410156,0.0,0.0,False,,-13.538815445963264,False,
positive,/mnt/MammoDiffusion/MammoDiffusion/experiments/diffusers/03_sd21_vae_finetuned/generated_images/final/positive/gen_1679.png,gen_1679.png,166.7912,144.0,2.0,0.073455810546875,0.8981616119651018,0.06392288208007812,186.51548606552487,12.001410350984704,6.226990546321094,48.79231262207031,0.0,0.0,True,too_empty,,False,
positive,/mnt/MammoDiffusion/MammoDiffusion/experiments/diffusers/03_sd21_vae_finetuned/generated_images/final/positive/gen_1680.png,gen_1680.png,39.8956,26.0,1.0,0.8381004333496094,1.0,0.831451416015625,139.56382363736466,27.74306453166442,6.536774518232549,85.83175659179688,0.0,0.0,False,,-9.910882695626798,False,
positive,/mnt/MammoDiffusion/MammoDiffusion/experiments/diffusers/03_sd21_vae_finetuned/generated_images/final/positive/gen_1681.png,gen_1681.png,56.8956,43.0,1.0,0.6453514099121094,0.9981321117186346,0.63800048828125,162.91891681813834,21.474146684748646,5.988556886337298,212.59242248535156,0.0,0.0,False,,-8.465645756482342,True,1242.0
positive,/mnt/MammoDiffusion/MammoDiffusion/experiments/diffusers/03_sd21_vae_finetuned/generated_images/final/positive/gen_1682.png,gen_1682.png,116.8956,103.0,1.0,0.4522056579589844,0.9992660890984706,0.4470024108886719,166.1200300395122,20.335647488210125,4.71774512072932,17.6058349609375,0.0,0.0,False,,-6.537193582604675,True,301.0
positive,/mnt/MammoDiffusion/MammoDiffusion/experiments/diffusers/03_sd21_vae_finetuned/generated_images/final/positive/gen_1683.png,gen_1683.png,76.8956,63.0,1.0,0.5839614868164062,0.9979161495146393,0.5768852233886719,153.58297129480846,23.36228973679253,5.704403349781934,176.8740234375,0.0,0.0,False,,-7.518902462240082,True,715.0
positive,/mnt/MammoDiffusion/MammoDiffusion/experiments/diffusers/03_sd21_vae_finetuned/generated_images/final/positive/gen_1684.png,gen_1684.png,125.8956,112.0,1.0,0.47145843505859375,0.8974027024840198,0.4407539367675781,156.8995334989311,30.363618276330552,6.639457052534022,189.47433471679688,0.0,0.0,False,,-62.92236957926336,False,
positive,/mnt/MammoDiffusion/MammoDiffusion/experiments/diffusers/03_sd21_vae_finetuned/generated_images/final/positive/gen_1685.png,gen_1685.png,95.8956,82.0,1.0,0.6983146667480469,0.9982792433040714,0.6911163330078125,160.00539818515003,23.439062840461606,5.936632803705768,179.39788818359375,0.0,0.0,False,,-8.504078354155071,True,1267.0
positive,/mnt/MammoDiffusion/MammoDiffusion/experiments/diffusers/03_sd21_vae_finetuned/generated_images/final/positive/gen_1686.png,gen_1686.png,204.0,175.0,22.0,0.03305816650390625,0.09912300946226633,0.002948760986328125,217.32858990944374,7.398868673616226,5.96454506914073,556.2634887695312,0.0,0.0,True,too_empty,,False,
positive,/mnt/MammoDiffusion/MammoDiffusion/experiments/diffusers/03_sd21_vae_finetuned/generated_images/final/positive/gen_1687.png,gen_1687.png,78.8956,65.0,1.0,0.4302253723144531,0.8863993048474477,0.3800315856933594,118.66157413448701,44.95115455083775,6.426121768165181,492.1009826660156,0.0,0.0,False,,-66.79737312446159,False,
positive,/mnt/MammoDiffusion/MammoDiffusion/experiments/diffusers/03_sd21_vae_finetuned/generated_images/final/positive/gen_1688.png,gen_1688.png,10.0,0.0,0.0,0.7545394897460938,0.9995146563665962,0.751312255859375,84.01590742922133,51.37815686113526,6.667254142252055,607.1387329101562,0.0,0.0,False,,-6.7813475708774895,True,375.0
positive,/mnt/MammoDiffusion/MammoDiffusion/experiments/diffusers/03_sd21_vae_finetuned/generated_images/final/positive/gen_1689.png,gen_1689.png,111.8956,98.0,1.0,0.61541748046875,0.9861400376871963,0.6966361999511719,140.91835460713287,30.168975698570666,6.546920509348199,162.15432739257812,0.0,0.0,False,,-14.845601073107934,False,
positive,/mnt/MammoDiffusion/MammoDiffusion/experiments/diffusers/03_sd21_vae_finetuned/generated_images/final/positive/gen_1690.png,gen_1690.png,161.8956,148.0,1.0,0.4105415344238281,0.8419174696388252,0.4680290222167969,168.7326291252007,12.952847579156373,5.347241208043431,36.90099334716797,0.0,0.0,False,,-94.41928336727219,False,
positive,/mnt/MammoDiffusion/MammoDiffusion/experiments/diffusers/03_sd21_vae_finetuned/generated_images/final/positive/gen_1691.png,gen_1691.png,80.8956,67.0,1.0,0.6767959594726562,0.999210903065078,0.6708793640136719,156.97741475091973,24.457852092443044,5.817673907889818,63.021331787109375,0.0,0.0,False,,-8.473581338377217,True,1250.0
positive,/mnt/MammoDiffusion/MammoDiffusion/experiments/diffusers/03_sd21_vae_finetuned/generated_images/final/positive/gen_1692.png,gen_1692.png,220.0,214.0,39.0,0.16419601440429688,0.7974351230165183,0.08881378173828125,247.98243278068895,34.945296884922406,6.942275928858704,684.5335693359375,0.0,0.0,True,too_empty,,False,
positive,/mnt/MammoDiffusion/MammoDiffusion/experiments/diffusers/03_sd21_vae_finetuned/generated_images/final/positive/gen_1693.png,gen_1693.png,128.8956,115.0,1.0,0.2777976989746094,0.8993861829367096,0.2662467956542969,156.5110681280894,29.63869693802556,5.580199263524316,154.92367553710938,0.0,0.0,False,,-61.52101986622665,False,
positive,/mnt/MammoDiffusion/MammoDiffusion/experiments/diffusers/03_sd21_vae_finetuned/generated_images/final/positive/gen_1694.png,gen_1694.png,31.8956,18.0,1.0,0.6031608581542969,0.9986402302121873,0.5985984802246094,108.82410670473301,47.60303569367348,6.421455886027792,511.4293518066406,0.0,0.0,False,,-5.633190573075992,True,75.0
positive,/mnt/MammoDiffusion/MammoDiffusion/experiments/diffusers/03_sd21_vae_finetuned/generated_images/final/positive/gen_1695.png,gen_1695.png,24.8956,11.0,1.0,0.7742538452148438,0.9992412522294375,0.7792167663574219,91.5056617074711,51.93680218910946,6.910150350766774,543.8812866210938,0.0,0.0,False,,-7.403228635278266,True,650.0
positive,/mnt/MammoDiffusion/MammoDiffusion/experiments/diffusers/03_sd21_vae_finetuned/generated_images/final/positive/gen_1696.png,gen_1696.png,109.8956,96.0,1.0,0.47803497314453125,0.9972628756563513,0.4716072082519531,160.50618382418364,20.95674543495426,5.387773844069625,178.42868041992188,0.0,0.0,False,,-7.239222450634353,True,583.0
positive,/mnt/MammoDiffusion/MammoDiffusion/experiments/diffusers/03_sd21_vae_finetuned/generated_images/final/positive/gen_1697.png,gen_1697.png,123.8956,110.0,1.0,0.49056243896484375,0.9977915675204903,0.4855537414550781,157.65082295635779,20.17522950311498,5.092818195135795,22.45397186279297,0.0,0.0,False,,-6.909149588205652,True,431.0
positive,/mnt/MammoDiffusion/MammoDiffusion/experiments/diffusers/03_sd21_vae_finetuned/generated_images/final/positive/gen_1698.png,gen_1698.png,28.8956,15.0,1.0,0.409088134765625,1.0,0.4035682678222656,153.58653219022054,31.12931673538596,5.307799047252133,64.72869873046875,0.0,0.0,False,,-6.030065577323358,True,154.0
positive,/mnt/MammoDiffusion/MammoDiffusion/experiments/diffusers/03_sd21_vae_finetuned/generated_images/final/positive/gen_1699.png,gen_1699.png,110.8956,97.0,1.0,0.3394889831542969,0.9971571436597562,0.3331184387207031,150.311926710564,25.304918038491937,4.714229440988664,25.396148681640625,0.0,0.0,False,,-6.207080209802986,True,197.0
positive,/mnt/MammoDiffusion/MammoDiffusion/experiments/diffusers/03_sd21_vae_finetuned/generated_images/final/positive/gen_1700.png,gen_1700.png,131.8956,118.0,1.0,0.2791938781738281,0.9249340747926601,0.2607154846191406,169.46243324310484,30.746954737899244,5.754489176743269,163.73960876464844,0.0,0.0,False,,-47.85154156856413,False,
positive,/mnt/MammoDiffusion/MammoDiffusion/experiments/diffusers/03_sd21_vae_finetuned/generated_images/final/positive/gen_1701.png,gen_1701.png,100.8956,87.0,1.0,0.3258514404296875,0.9099742449075158,0.3079071044921875,144.44443480846425,40.91507617521393,6.119620987087975,281.0547790527344,0.0,0.0,False,,-54.654776506381026,False,
positive,/mnt/MammoDiffusion/MammoDiffusion/experiments/diffusers/03_sd21_vae_finetuned/generated_images/final/positive/gen_1702.png,gen_1702.png,92.8956,79.0,1.0,0.588897705078125,0.981143441985801,0.6767082214355469,124.3657262042335,35.886695497039554,6.559680852832789,252.9268798828125,0.0,0.0,False,,-16.476814281733922,False,
positive,/mnt/MammoDiffusion/MammoDiffusion/experiments/diffusers/03_sd21_vae_finetuned/generated_images/final/positive/gen_1703.png,gen_1703.png,26.8956,13.0,1.0,0.759979248046875,0.99921696181183,0.7554893493652344,104.3125419723601,50.75449919724602,7.075040410936795,571.4381103515625,0.0,0.0,False,,-7.666082964489439,True,788.0
positive,/mnt/MammoDiffusion/MammoDiffusion/experiments/diffusers/03_sd21_vae_finetuned/generated_images/final/positive/gen_1704.png,gen_1704.png,94.8956,81.0,1.0,0.3589324951171875,0.996460910598138,0.352294921875,159.5877079002079,27.969100249360054,4.834869336710662,103.8946304321289,0.0,0.0,False,,-6.58181477535434,True,314.0
positive,/mnt/MammoDiffusion/MammoDiffusion/experiments/diffusers/03_sd21_vae_finetuned/generated_images/final/positive/gen_1705.png,gen_1705.png,220.0,201.0,53.0,0.2100067138671875,0.5673363365545303,0.11458969116210938,254.66982922201137,1.5036753382132464,6.787474522897351,658.4921264648438,0.0,0.0,True,too_empty,,False,
positive,/mnt/MammoDiffusion/MammoDiffusion/experiments/diffusers/03_sd21_vae_finetuned/generated_images/final/positive/gen_1706.png,gen_1706.png,33.8956,20.0,1.0,0.7125167846679688,0.9981422192716642,0.725067138671875,101.20090281577508,53.17315461625073,7.070606360865794,615.3729248046875,0.0,0.0,False,,-7.30660481703269,True,616.0
positive,/mnt/MammoDiffusion/MammoDiffusion/experiments/diffusers/03_sd21_vae_finetuned/generated_images/final/positive/gen_1707.png,gen_1707.png,86.8956,73.0,1.0,0.4609947204589844,0.9301513483992155,0.4431648254394531,131.52074922744526,41.027090272708506,6.619046265434375,267.63006591796875,0.0,0.0,False,,-43.208804845727904,False,
positive,/mnt/MammoDiffusion/MammoDiffusion/experiments/diffusers/03_sd21_vae_finetuned/generated_images/final/positive/gen_1708.png,gen_1708.png,146.8956,133.0,1.0,0.26790618896484375,0.9729602733874413,0.26320648193359375,169.7213107626308,20.817566727327133,4.826770434861677,31.092132568359375,0.0,0.0,False,,-21.127210616098,False,
positive,/mnt/MammoDiffusion/MammoDiffusion/experiments/diffusers/03_sd21_vae_finetuned/generated_images/final/positive/gen_1709.png,gen_1709.png,145.8956,132.0,1.0,0.37432098388671875,0.9949350834641175,0.3681907653808594,176.4627793491437,18.71260497970197,4.6458637886059915,134.39208984375,0.0,0.0,False,,-8.267225327349934,True,1133.0
positive,/mnt/MammoDiffusion/MammoDiffusion/experiments/diffusers/03_sd21_vae_finetuned/generated_images/final/positive/gen_1710.png,gen_1710.png,121.8956,108.0,1.0,0.3312644958496094,0.992526399428828,0.32306671142578125,159.47017357421183,29.73387475668764,4.826137135278239,31.850486755371094,0.0,0.0,False,,-8.915412302207473,False,
positive,/mnt/MammoDiffusion/MammoDiffusion/experiments/diffusers/03_sd21_vae_finetuned/generated_images/final/positive/gen_1711.png,gen_1711.png,90.8956,77.0,1.0,0.48819732666015625,0.9943427776649112,0.4808692932128906,163.81654330977256,23.15000493418645,5.656767480935509,160.5467987060547,0.0,0.0,False,,-9.156360847526585,False,
positive,/mnt/MammoDiffusion/MammoDiffusion/experiments/diffusers/03_sd21_vae_finetuned/generated_images/final/positive/gen_1712.png,gen_1712.png,74.8956,61.0,1.0,0.6075592041015625,0.9977898887409901,0.6005516052246094,170.12676029498638,20.296971718571662,5.607034561797335,147.12808227539062,0.0,0.0,False,,-8.411201958733818,True,1214.0
positive,/mnt/MammoDiffusion/MammoDiffusion/experiments/diffusers/03_sd21_vae_finetuned/generated_images/final/positive/gen_1713.png,gen_1713.png,10.0,0.0,0.0,0.855560302734375,0.9992197253433208,0.8507080078125,84.43228494045057,51.84622092467223,6.915100095873177,677.677978515625,0.0,0.0,False,,-7.490913607691596,True,701.0
positive,/mnt/MammoDiffusion/MammoDiffusion/experiments/diffusers/03_sd21_vae_finetuned/generated_images/final/positive/gen_1714.png,gen_1714.png,116.8956,103.0,1.0,0.4058494567871094,1.0,0.4005393981933594,165.28314555376718,23.803850570061034,4.952332325844884,25.9613037109375,0.0,0.0,False,,-6.609167646746697,True,329.0
positive,/mnt/MammoDiffusion/MammoDiffusion/experiments/diffusers/03_sd21_vae_finetuned/generated_images/final/positive/gen_1715.png,gen_1715.png,120.8956,107.0,1.0,0.37206268310546875,0.9825906863247688,0.3674468994140625,154.49017897927826,27.44915185119815,5.408450542015731,50.870391845703125,0.0,0.0,False,,-14.692315345654773,False,
positive,/mnt/MammoDiffusion/MammoDiffusion/experiments/diffusers/03_sd21_vae_finetuned/generated_images/final/positive/gen_1716.png,gen_1716.png,80.47800000000001,31.0,5.0,0.9053726196289062,0.9999915731994033,0.8947372436523438,143.17300362396077,19.99835485228467,6.068743917685358,38.40204620361328,0.0,0.0,False,,-10.587337878501941,False,
positive,/mnt/MammoDiffusion/MammoDiffusion/experiments/diffusers/03_sd21_vae_finetuned/generated_images/final/positive/gen_1717.png,gen_1717.png,89.8956,76.0,1.0,0.279266357421875,0.843582668560813,0.244598388671875,147.98694635059263,50.927079912404984,5.609637763922356,352.12060546875,0.0,0.0,False,,-92.16980495343314,False,
positive,/mnt/MammoDiffusion/MammoDiffusion/experiments/diffusers/03_sd21_vae_finetuned/generated_images/final/positive/gen_1718.png,gen_1718.png,111.8956,98.0,1.0,0.5888786315917969,0.9978234253843015,0.5835723876953125,156.42008759314942,22.563883839176974,5.630672815225319,105.8104248046875,0.0,0.0,False,,-7.773418544668661,True,852.0
positive,/mnt/MammoDiffusion/MammoDiffusion/experiments/diffusers/03_sd21_vae_finetuned/generated_images/final/positive/gen_1719.png,gen_1719.png,51.8956,38.0,1.0,0.6579017639160156,1.0,0.6517295837402344,153.92124532476427,20.99966028308365,5.972218981454035,56.060707092285156,0.0,0.0,False,,-9.094243296634763,False,
positive,/mnt/MammoDiffusion/MammoDiffusion/experiments/diffusers/03_sd21_vae_finetuned/generated_images/final/positive/gen_1720.png,gen_1720.png,77.0,72.0,0.0,0.6332778930664062,0.9966809228359738,0.6251754760742188,159.54914391711313,19.314191045883263,5.474065772767727,196.57997131347656,0.0,0.0,False,,-8.747267421849397,False,
positive,/mnt/MammoDiffusion/MammoDiffusion/experiments/diffusers/03_sd21_vae_finetuned/generated_images/final/positive/gen_1721.png,gen_1721.png,65.8956,52.0,1.0,0.7152976989746094,0.9982241041858878,0.7079696655273438,152.84028773102,21.163162805479246,6.01673400686565,219.28961181640625,0.0,0.0,False,,-8.619909648547507,True,1317.0
positive,/mnt/MammoDiffusion/MammoDiffusion/experiments/diffusers/03_sd21_vae_finetuned/generated_images/final/positive/gen_1722.png,gen_1722.png,87.8956,74.0,1.0,0.46796417236328125,0.9992663482074441,0.4626426696777344,155.02387882485837,31.74106286942981,5.677255229416297,95.81229400634766,0.0,0.0,False,,-6.347518350509934,True,229.0
positive,/mnt/MammoDiffusion/MammoDiffusion/experiments/diffusers/03_sd21_vae_finetuned/generated_images/final/positive/gen_1723.png,gen_1723.png,97.8956,84.0,1.0,0.5283966064453125,0.999241964827168,0.5231208801269531,152.21198398634903,29.01164663756144,5.841805226058494,47.38218688964844,0.0,0.0,False,,-7.070381347438667,True,498.0
positive,/mnt/MammoDiffusion/MammoDiffusion/experiments/diffusers/03_sd21_vae_finetuned/generated_images/final/positive/gen_1724.png,gen_1724.png,108.8956,95.0,1.0,0.4206047058105469,0.9971158816967323,0.41410064697265625,164.49288833207436,27.971233734489466,4.635147587969954,97.65509033203125,0.0,0.0,False,,-5.917504333990597,True,126.0
positive,/mnt/MammoDiffusion/MammoDiffusion/experiments/diffusers/03_sd21_vae_finetuned/generated_images/final/positive/gen_1725.png,gen_1725.png,125.8956,112.0,1.0,0.49163818359375,0.9939944134078212,0.4857902526855469,159.9989870197178,25.441350007299597,5.512088678974244,36.872398376464844,0.0,0.0,False,,-9.114311401703185,False,
positive,/mnt/MammoDiffusion/MammoDiffusion/experiments/diffusers/03_sd21_vae_finetuned/generated_images/final/positive/gen_1726.png,gen_1726.png,103.0,98.0,0.0,0.30986785888671875,0.9979810414871353,0.3046302795410156,158.99335061422292,29.18253526969037,3.680306279056367,15.556571960449219,0.0,0.0,False,,-5.252756851401141,True,26.0
positive,/mnt/MammoDiffusion/MammoDiffusion/experiments/diffusers/03_sd21_vae_finetuned/generated_images/final/positive/gen_1727.png,gen_1727.png,10.0,0.0,0.0,0.8725509643554688,0.998644713947205,0.8618278503417969,146.1576820421117,22.459156300393555,5.654161106852455,223.34158325195312,0.0,0.0,False,,-8.898760120744914,False,
positive,/mnt/MammoDiffusion/MammoDiffusion/experiments/diffusers/03_sd21_vae_finetuned/generated_images/final/positive/gen_1728.png,gen_1728.png,124.8956,111.0,1.0,0.5505638122558594,0.9724237322191966,0.6415252685546875,150.44807696881765,29.27764165994928,6.237122144940054,158.56146240234375,0.0,0.0,False,,-22.143049856776113,False,
positive,/mnt/MammoDiffusion/MammoDiffusion/experiments/diffusers/03_sd21_vae_finetuned/generated_images/final/positive/gen_1729.png,gen_1729.png,95.8956,82.0,1.0,0.2824211120605469,0.8818801918011752,0.2603645324707031,149.9157546188446,43.107100444798874,5.7799026212416695,313.19921875,0.0,0.0,False,,-70.5218060481461,False,
positive,/mnt/MammoDiffusion/MammoDiffusion/experiments/diffusers/03_sd21_vae_finetuned/generated_images/final/positive/gen_1730.png,gen_1730.png,143.0,138.0,0.0,0.12845230102539062,0.9096308615211,0.06695938110351562,170.69669002449723,21.507954403961275,3.5755070154284145,21.53388214111328,0.0,0.0,True,too_empty,,False,
positive,/mnt/MammoDiffusion/MammoDiffusion/experiments/diffusers/03_sd21_vae_finetuned/generated_images/final/positive/gen_1731.png,gen_1731.png,220.0,232.0,1.0,0.37996673583984375,0.9798807300765014,0.3645744323730469,232.78016343870001,7.785005177526876,6.127561661964531,336.0329284667969,0.0,0.0,True,low_contrast,,False,
positive,/mnt/MammoDiffusion/MammoDiffusion/experiments/diffusers/03_sd21_vae_finetuned/generated_images/final/positive/gen_1732.png,gen_1732.png,138.8956,125.0,1.0,0.11342239379882812,0.7703561699122188,0.08819961547851562,185.84343237749232,29.163972868767093,6.291353308052546,283.70147705078125,0.0,0.0,True,too_empty,,False,
positive,/mnt/MammoDiffusion/MammoDiffusion/experiments/diffusers/03_sd21_vae_finetuned/generated_images/final/positive/gen_1733.png,gen_1733.png,71.8956,58.0,1.0,0.4645271301269531,0.9999753639969451,0.4588508605957031,160.33206135428358,27.952568928472743,5.338581871644839,39.9219970703125,0.0,0.0,False,,-6.880453881177157,True,422.0
positive,/mnt/MammoDiffusion/MammoDiffusion/experiments/diffusers/03_sd21_vae_finetuned/generated_images/final/positive/gen_1734.png,gen_1734.png,19.8956,6.0,1.0,0.7513656616210938,0.9992689093549141,0.7481155395507812,86.80011115983561,50.121450301437726,6.835531941926522,553.031494140625,0.0,0.0,False,,-6.852123034855812,True,410.0
positive,/mnt/MammoDiffusion/MammoDiffusion/experiments/diffusers/03_sd21_vae_finetuned/generated_images/final/positive/gen_1735.png,gen_1735.png,55.0,50.0,0.0,0.5974349975585938,0.9963604786289859,0.589630126953125,158.76644583613685,23.692545466221873,5.258149337187808,203.796142578125,0.0,0.0,False,,-8.13080338157716,True,1051.0
positive,/mnt/MammoDiffusion/MammoDiffusion/experiments/diffusers/03_sd21_vae_finetuned/generated_images/final/positive/gen_1736.png,gen_1736.png,101.8956,88.0,1.0,0.5501289367675781,0.9999098555608718,0.5420341491699219,139.08832367989527,25.83142951711705,5.830714496512396,68.98499298095703,0.0,0.0,False,,-7.3547991651234526,True,630.0
positive,/mnt/MammoDiffusion/MammoDiffusion/experiments/diffusers/03_sd21_vae_finetuned/generated_images/final/positive/gen_1737.png,gen_1737.png,189.0,58.0,15.0,0.047260284423828125,0.7978045039954799,0.0401611328125,195.45744680851064,6.791279665825161,6.704665163963241,340.6643981933594,0.0,0.0,True,too_empty,,False,
positive,/mnt/MammoDiffusion/MammoDiffusion/experiments/diffusers/03_sd21_vae_finetuned/generated_images/final/positive/gen_1738.png,gen_1738.png,101.0,96.0,0.0,0.6218833923339844,0.9911116836274636,0.6180000305175781,144.71039165457856,27.079584998282456,5.857166811240895,271.00885009765625,0.0,0.0,False,,-11.075229807799355,False,
positive,/mnt/MammoDiffusion/MammoDiffusion/experiments/diffusers/03_sd21_vae_finetuned/generated_images/final/positive/gen_1739.png,gen_1739.png,102.0,97.0,0.0,0.6042251586914062,1.0,0.5981369018554688,155.54839347440657,22.09900857485596,5.324629246877228,33.5047607421875,0.0,0.0,False,,-8.094664602312141,True,1039.0
positive,/mnt/MammoDiffusion/MammoDiffusion/experiments/diffusers/03_sd21_vae_finetuned/generated_images/final/positive/gen_1740.png,gen_1740.png,80.8956,67.0,1.0,0.5719947814941406,0.9983593984460969,0.5649528503417969,170.7600253884226,20.68034732681077,5.706565725715376,156.7354736328125,0.0,0.0,False,,-7.933459391011785,True,941.0
positive,/mnt/MammoDiffusion/MammoDiffusion/experiments/diffusers/03_sd21_vae_finetuned/generated_images/final/positive/gen_1741.png,gen_1741.png,82.8956,69.0,1.0,0.4934959411621094,1.0,0.48778533935546875,156.56067099397825,24.597489957217643,5.344478194075993,37.067787170410156,0.0,0.0,False,,-7.220238557180414,True,571.0
positive,/mnt/MammoDiffusion/MammoDiffusion/experiments/diffusers/03_sd21_vae_finetuned/generated_images/final/positive/gen_1742.png,gen_1742.png,220.0,237.0,2.0,0.5210533142089844,0.9872173130001245,0.5079421997070312,238.88883548372561,16.346731143531013,5.586717386006811,603.3623657226562,0.0,0.0,False,,-15.454887861839554,False,
positive,/mnt/MammoDiffusion/MammoDiffusion/experiments/diffusers/03_sd21_vae_finetuned/generated_images/final/positive/gen_1743.png,gen_1743.png,97.8956,84.0,1.0,0.5509414672851562,0.9976320053176021,0.5438766479492188,165.9910081782092,21.76840952085778,5.57540165195987,102.85264587402344,0.0,0.0,False,,-7.909808800321987,True,926.0
positive,/mnt/MammoDiffusion/MammoDiffusion/experiments/diffusers/03_sd21_vae_finetuned/generated_images/final/positive/gen_1744.png,gen_1744.png,82.8956,69.0,1.0,0.4682579040527344,0.9955764107828042,0.4828300476074219,139.04389631116132,40.85324259915781,5.969439629482372,295.73077392578125,0.0,0.0,False,,-6.692854144941112,True,351.0
positive,/mnt/MammoDiffusion/MammoDiffusion/experiments/diffusers/03_sd21_vae_finetuned/generated_images/final/positive/gen_1745.png,gen_1745.png,97.8956,84.0,1.0,0.4933280944824219,1.0,0.48777008056640625,159.81417264949243,23.176484509578625,5.560034027077174,43.35887145996094,0.0,0.0,False,,-7.624518142132098,True,770.0
positive,/mnt/MammoDiffusion/MammoDiffusion/experiments/diffusers/03_sd21_vae_finetuned/generated_images/final/positive/gen_1746.png,gen_1746.png,10.0,0.0,0.0,0.7460136413574219,0.9985784632062302,0.7383918762207031,153.79796967426964,21.16781678273198,5.303536306798666,333.8828430175781,0.0,0.0,False,,-7.872635911421851,True,906.0
positive,/mnt/MammoDiffusion/MammoDiffusion/experiments/diffusers/03_sd21_vae_finetuned/generated_images/final/positive/gen_1747.png,gen_1747.png,110.8956,97.0,1.0,0.33643341064453125,0.9919268884504615,0.3291015625,146.7564331416914,24.90808607406878,4.706425080866214,57.448028564453125,0.0,0.0,False,,-9.010410607771075,False,
positive,/mnt/MammoDiffusion/MammoDiffusion/experiments/diffusers/03_sd21_vae_finetuned/generated_images/final/positive/gen_1748.png,gen_1748.png,121.8956,108.0,1.0,0.44034576416015625,0.9992896373685396,0.435394287109375,167.90545489591364,23.404213480191792,5.169532825017976,33.48020935058594,0.0,0.0,False,,-6.735468674301022,True,362.0
positive,/mnt/MammoDiffusion/MammoDiffusion/experiments/diffusers/03_sd21_vae_finetuned/generated_images/final/positive/gen_1749.png,gen_1749.png,27.8956,14.0,1.0,0.7007865905761719,0.9995373066894566,0.6956291198730469,102.08437388610129,53.61326155645331,6.841316431476077,677.1669921875,0.0,0.0,False,,-7.2135757434341405,True,567.0
positive,/mnt/MammoDiffusion/MammoDiffusion/experiments/diffusers/03_sd21_vae_finetuned/generated_images/final/positive/gen_1750.png,gen_1750.png,220.0,227.0,18.0,0.20566177368164062,0.9257507465731827,0.18218612670898438,245.37888146736742,5.178359725669776,6.982261123146581,388.4956970214844,0.0,0.0,True,low_contrast,,False,
positive,/mnt/MammoDiffusion/MammoDiffusion/experiments/diffusers/03_sd21_vae_finetuned/generated_images/final/positive/gen_1751.png,gen_1751.png,56.8956,43.0,1.0,0.5876884460449219,0.9976827059762818,0.5804595947265625,161.74290239478458,18.048625405529243,5.63038191758229,198.2523956298828,0.0,0.0,False,,-8.197868621048045,True,1089.0
positive,/mnt/MammoDiffusion/MammoDiffusion/experiments/diffusers/03_sd21_vae_finetuned/generated_images/final/positive/gen_1752.png,gen_1752.png,155.8956,142.0,1.0,0.11847305297851562,0.5442895321505619,0.0641326904296875,198.560195098739,27.78101084480849,5.106803171273458,264.9549865722656,0.0,0.0,True,too_empty,,False,
positive,/mnt/MammoDiffusion/MammoDiffusion/experiments/diffusers/03_sd21_vae_finetuned/generated_images/final/positive/gen_1753.png,gen_1753.png,84.8956,71.0,1.0,0.4648017883300781,0.9965283762156839,0.4579048156738281,170.65858860184775,23.96485597845388,5.491261142642948,180.99411010742188,0.0,0.0,False,,-7.751240273436618,True,837.0
positive,/mnt/MammoDiffusion/MammoDiffusion/experiments/diffusers/03_sd21_vae_finetuned/generated_images/final/positive/gen_1754.png,gen_1754.png,10.0,0.0,0.0,0.7272109985351562,0.9992288888655748,0.7245674133300781,82.1658357068774,56.42073163108802,6.3495302403315925,588.6781616210938,0.0,0.0,False,,-6.540371086328197,True,302.0
positive,/mnt/MammoDiffusion/MammoDiffusion/experiments/diffusers/03_sd21_vae_finetuned/generated_images/final/positive/gen_1755.png,gen_1755.png,71.8956,58.0,1.0,0.6394729614257812,0.9978226374124581,0.6322860717773438,171.97862443438913,23.609699321667648,5.7490535348966025,216.11959838867188,0.0,0.0,False,,-8.48462907367343,True,1256.0
positive,/mnt/MammoDiffusion/MammoDiffusion/experiments/diffusers/03_sd21_vae_finetuned/generated_images/final/positive/gen_1756.png,gen_1756.png,94.8956,81.0,1.0,0.4240150451660156,0.9995321763695086,0.41847991943359375,155.2296949918871,24.784614127727345,5.085103620837782,29.98326873779297,0.0,0.0,False,,-6.1924416047540545,True,192.0
positive,/mnt/MammoDiffusion/MammoDiffusion/experiments/diffusers/03_sd21_vae_finetuned/generated_images/final/positive/gen_1757.png,gen_1757.png,105.8956,92.0,1.0,0.49004364013671875,0.9999299403714718,0.4845848083496094,155.3718383701616,25.014139669410724,5.234399355248468,32.18939208984375,0.0,0.0,False,,-6.991562584472501,True,464.0
positive,/mnt/MammoDiffusion/MammoDiffusion/experiments/diffusers/03_sd21_vae_finetuned/generated_images/final/positive/gen_1758.png,gen_1758.png,191.0,85.0,13.0,0.04949951171875,0.8665998766954377,0.042057037353515625,204.7613605442177,6.713530113456971,6.628578629661368,120.48135375976562,0.0,0.0,True,too_empty,,False,
positive,/mnt/MammoDiffusion/MammoDiffusion/experiments/diffusers/03_sd21_vae_finetuned/generated_images/final/positive/gen_1759.png,gen_1759.png,148.6868,117.0,3.0,0.20006942749023438,0.6736133620607471,0.13191604614257812,176.25106272230417,17.00888667398157,6.342410396119723,58.543792724609375,0.0,0.0,True,fragmented_mask,,False,
positive,/mnt/MammoDiffusion/MammoDiffusion/experiments/diffusers/03_sd21_vae_finetuned/generated_images/final/positive/gen_1760.png,gen_1760.png,97.8956,84.0,1.0,0.5529861450195312,0.9994274361556822,0.5477371215820312,145.24959257866365,19.176144223280623,5.542752775247429,33.66712188720703,0.0,0.0,False,,-7.543348329726486,True,732.0
positive,/mnt/MammoDiffusion/MammoDiffusion/experiments/diffusers/03_sd21_vae_finetuned/generated_images/final/positive/gen_1761.png,gen_1761.png,220.0,205.0,27.0,0.2914161682128906,0.9591323812391188,0.2710151672363281,232.58253219790274,2.3954801859715276,6.995071944240264,380.97808837890625,0.0,0.0,True,low_contrast,,False,
positive,/mnt/MammoDiffusion/MammoDiffusion/experiments/diffusers/03_sd21_vae_finetuned/generated_images/final/positive/gen_1762.png,gen_1762.png,139.8956,126.0,1.0,0.31964111328125,0.9939135000954745,0.3149833679199219,168.81665475772365,24.307482505117733,4.686100644496614,20.62293243408203,0.0,0.0,False,,-8.744327124360227,False,
positive,/mnt/MammoDiffusion/MammoDiffusion/experiments/diffusers/03_sd21_vae_finetuned/generated_images/final/positive/gen_1763.png,gen_1763.png,27.8956,14.0,1.0,0.8203353881835938,1.0,0.8123435974121094,138.78824236561462,24.189216527423127,6.371249111619692,101.27505493164062,0.0,0.0,False,,-9.827165460849079,False,
positive,/mnt/MammoDiffusion/MammoDiffusion/experiments/diffusers/03_sd21_vae_finetuned/generated_images/final/positive/gen_1764.png,gen_1764.png,220.0,204.0,47.0,0.26280975341796875,0.5061398670421227,0.1293182373046875,251.55120943952804,3.072497184740025,6.647091184349219,427.9853210449219,0.0,0.0,True,too_empty,,False,
positive,/mnt/MammoDiffusion/MammoDiffusion/experiments/diffusers/03_sd21_vae_finetuned/generated_images/final/positive/gen_1765.png,gen_1765.png,26.8956,13.0,1.0,0.6013145446777344,0.9987946533359555,0.5994949340820312,101.80052050854576,53.7862561156903,6.7044484872142105,554.6858520507812,0.0,0.0,False,,-6.172536565083528,True,181.0
positive,/mnt/MammoDiffusion/MammoDiffusion/experiments/diffusers/03_sd21_vae_finetuned/generated_images/final/positive/gen_1766.png,gen_1766.png,46.8956,33.0,1.0,0.5351448059082031,0.9885019781159782,0.5339012145996094,112.11676991118827,49.62507108193663,6.381866320108486,457.5612487792969,0.0,0.0,False,,-10.968913397749162,False,
positive,/mnt/MammoDiffusion/MammoDiffusion/experiments/diffusers/03_sd21_vae_finetuned/generated_images/final/positive/gen_1767.png,gen_1767.png,105.0,100.0,0.0,0.6754302978515625,0.996447531910087,0.6674690246582031,160.47221571328149,24.622870656849962,5.783340824990676,180.767333984375,0.0,0.0,False,,-9.139602982606018,False,
positive,/mnt/MammoDiffusion/MammoDiffusion/experiments/diffusers/03_sd21_vae_finetuned/generated_images/final/positive/gen_1768.png,gen_1768.png,104.8956,91.0,1.0,0.3486328125,1.0,0.34326934814453125,155.85452181450447,23.795008201742224,4.834212219995472,28.075599670410156,0.0,0.0,False,,-6.588901368951439,True,320.0
positive,/mnt/MammoDiffusion/MammoDiffusion/experiments/diffusers/03_sd21_vae_finetuned/generated_images/final/positive/gen_1769.png,gen_1769.png,55.6868,24.0,3.0,0.9215583801269531,0.9931451562829858,0.9128684997558594,119.06801001241104,42.68240044652668,7.321611485147655,471.1592712402344,0.0,0.0,False,,-11.577591784839525,False,
positive,/mnt/MammoDiffusion/MammoDiffusion/experiments/diffusers/03_sd21_vae_finetuned/generated_images/final/positive/gen_1770.png,gen_1770.png,131.8956,118.0,1.0,0.3220252990722656,0.9900375516779796,0.3142967224121094,161.71999368863104,26.058843006472834,4.592130913776876,22.508392333984375,0.0,0.0,False,,-10.465619680392898,False,
positive,/mnt/MammoDiffusion/MammoDiffusion/experiments/diffusers/03_sd21_vae_finetuned/generated_images/final/positive/gen_1771.png,gen_1771.png,33.8956,20.0,1.0,0.7635574340820312,1.0,0.7572364807128906,148.25277952696405,21.22512288087537,6.058717719700493,60.015037536621094,0.0,0.0,False,,-9.696926476805741,False,
positive,/mnt/MammoDiffusion/MammoDiffusion/experiments/diffusers/03_sd21_vae_finetuned/generated_images/final/positive/gen_1772.png,gen_1772.png,38.0,33.0,0.0,0.71844482421875,0.9973823379491972,0.7102928161621094,156.61979387644402,21.473891776093346,5.6760133311044125,218.8590087890625,0.0,0.0,False,,-8.861306307288153,False,
positive,/mnt/MammoDiffusion/MammoDiffusion/experiments/diffusers/03_sd21_vae_finetuned/generated_images/final/positive/gen_1773.png,gen_1773.png,133.0,128.0,0.0,0.115478515625,0.4938887420718816,0.055202484130859375,195.35132333632782,26.34723698418598,4.779857219356099,195.25840759277344,0.0,0.0,True,too_empty,,False,
positive,/mnt/MammoDiffusion/MammoDiffusion/experiments/diffusers/03_sd21_vae_finetuned/generated_images/final/positive/gen_1774.png,gen_1774.png,64.8956,51.0,1.0,0.8062973022460938,0.9981595904733969,0.7979965209960938,156.20277737941583,20.55579600727082,6.260873358220604,180.74815368652344,0.0,0.0,False,,-9.69642879978556,False,
positive,/mnt/MammoDiffusion/MammoDiffusion/experiments/diffusers/03_sd21_vae_finetuned/generated_images/final/positive/gen_1775.png,gen_1775.png,10.0,1.0,0.0,0.8221168518066406,0.9995638314162023,0.8184089660644531,89.46232654830546,53.57787520518043,7.0466659033165495,637.444091796875,0.0,0.0,False,,-7.91932535818672,True,931.0
positive,/mnt/MammoDiffusion/MammoDiffusion/experiments/diffusers/03_sd21_vae_finetuned/generated_images/final/positive/gen_1776.png,gen_1776.png,113.8956,100.0,1.0,0.3966255187988281,0.9959316360978331,0.39615631103515625,154.0744727973038,31.324652540571563,5.083466097841998,64.38854217529297,0.0,0.0,False,,-6.468145905430434,True,268.0
positive,/mnt/MammoDiffusion/MammoDiffusion/experiments/diffusers/03_sd21_vae_finetuned/generated_images/final/positive/gen_1777.png,gen_1777.png,117.8956,104.0,1.0,0.4701805114746094,0.9968682812056306,0.4661521911621094,151.99905891210238,25.38084788326502,5.2864529485458815,44.88336944580078,0.0,0.0,False,,-6.913877824297858,True,432.0
positive,/mnt/MammoDiffusion/MammoDiffusion/experiments/diffusers/03_sd21_vae_finetuned/generated_images/final/positive/gen_1778.png,gen_1778.png,91.0,86.0,0.0,0.6170501708984375,0.9999876356982121,0.6110420227050781,158.20429389253408,21.194584450167916,5.420977604627485,30.723373413085938,0.0,0.0,False,,-8.418185853439423,True,1219.0
positive,/mnt/MammoDiffusion/MammoDiffusion/experiments/diffusers/03_sd21_vae_finetuned/generated_images/final/positive/gen_1779.png,gen_1779.png,22.8956,9.0,1.0,0.8169898986816406,0.9995050637580603,0.81817626953125,87.64266598284222,51.78314422068645,7.029232932120854,515.5662231445312,0.0,0.0,False,,-7.835742075950924,True,886.0
positive,/mnt/MammoDiffusion/MammoDiffusion/experiments/diffusers/03_sd21_vae_finetuned/generated_images/final/positive/gen_1780.png,gen_1780.png,69.7912,47.0,2.0,0.66021728515625,0.9979950540815383,0.7206764221191406,117.7915689626881,45.35731783985782,7.105649257184558,558.50732421875,0.0,0.0,False,,-7.418300393755888,True,656.0
positive,/mnt/MammoDiffusion/MammoDiffusion/experiments/diffusers/03_sd21_vae_finetuned/generated_images/final/positive/gen_1781.png,gen_1781.png,68.8956,55.0,1.0,0.7966728210449219,0.9988699645188012,0.8042335510253906,120.92356219613423,36.2689202956638,6.979934164148588,330.59527587890625,0.0,0.0,False,,-8.063553375491397,True,1026.0
positive,/mnt/MammoDiffusion/MammoDiffusion/experiments/diffusers/03_sd21_vae_finetuned/generated_images/final/positive/gen_1782.png,gen_1782.png,16.8956,3.0,1.0,0.7347297668457031,0.9993873471612886,0.7305793762207031,88.72758031924059,54.340016644643896,6.841059180948871,515.7764892578125,0.0,0.0,False,,-7.207734561729022,True,562.0
positive,/mnt/MammoDiffusion/MammoDiffusion/experiments/diffusers/03_sd21_vae_finetuned/generated_images/final/positive/gen_1783.png,gen_1783.png,63.8956,50.0,1.0,0.5023155212402344,0.9974635287327516,0.4954948425292969,166.59356691379696,22.240466092705784,5.526195548411596,198.49911499023438,0.0,0.0,False,,-7.495901043170865,True,705.0
positive,/mnt/MammoDiffusion/MammoDiffusion/experiments/diffusers/03_sd21_vae_finetuned/generated_images/final/positive/gen_1784.png,gen_1784.png,48.8956,35.0,1.0,0.7138557434082031,0.9980174528276681,0.7060966491699219,161.9754131572834,20.71442707114616,6.047442495412534,199.0307159423828,0.0,0.0,False,,-9.088024262476358,False,
positive,/mnt/MammoDiffusion/MammoDiffusion/experiments/diffusers/03_sd21_vae_finetuned/generated_images/final/positive/gen_1785.png,gen_1785.png,117.0,112.0,0.0,0.5439949035644531,0.9961011184741068,0.5369148254394531,159.69568522689326,19.96094731251966,4.990556293118764,161.41030883789062,0.0,0.0,False,,-7.999774598414016,True,974.0
positive,/mnt/MammoDiffusion/MammoDiffusion/experiments/diffusers/03_sd21_vae_finetuned/generated_images/final/positive/gen_1786.png,gen_1786.png,75.8956,62.0,1.0,0.4420356750488281,1.0,0.4367179870605469,158.98552623533624,25.490135212500867,5.412171031000115,42.335594177246094,0.0,0.0,False,,-6.947156783145139,True,449.0
positive,/mnt/MammoDiffusion/MammoDiffusion/experiments/diffusers/03_sd21_vae_finetuned/generated_images/final/positive/gen_1787.png,gen_1787.png,101.7912,79.0,2.0,0.3555488586425781,0.9354541065393488,0.3418540954589844,150.9732522457178,40.97779930093841,6.2876494815728154,334.0888977050781,0.0,0.0,False,,-40.58268762044403,False,
positive,/mnt/MammoDiffusion/MammoDiffusion/experiments/diffusers/03_sd21_vae_finetuned/generated_images/final/positive/gen_1788.png,gen_1788.png,220.0,194.0,52.0,0.3542594909667969,0.5681996834182218,0.19622802734375,246.65309097978226,1.5317175971181616,6.232303183724397,628.042236328125,0.0,0.0,True,low_contrast,,False,
positive,/mnt/MammoDiffusion/MammoDiffusion/experiments/diffusers/03_sd21_vae_finetuned/generated_images/final/positive/gen_1789.png,gen_1789.png,137.8956,124.0,1.0,0.2607307434082031,0.5897087009319815,0.16261672973632812,158.79253559783245,19.24808569808496,5.5433118391839695,38.66816711425781,0.0,0.0,True,fragmented_mask,,False,
positive,/mnt/MammoDiffusion/MammoDiffusion/experiments/diffusers/03_sd21_vae_finetuned/generated_images/final/positive/gen_1790.png,gen_1790.png,111.8956,98.0,1.0,0.5623245239257812,0.9976595889017027,0.5561637878417969,153.66515998491033,18.942176796769818,5.305068895784639,152.10861206054688,0.0,0.0,False,,-7.473282847754693,True,690.0
positive,/mnt/MammoDiffusion/MammoDiffusion/experiments/diffusers/03_sd21_vae_finetuned/generated_images/final/positive/gen_1791.png,gen_1791.png,101.8956,88.0,1.0,0.5097770690917969,0.9996632618700191,0.5039138793945312,154.0652015927569,21.405325554848545,5.151227383368822,26.48168182373047,0.0,0.0,False,,-7.113807610260847,True,515.0
positive,/mnt/MammoDiffusion/MammoDiffusion/experiments/diffusers/03_sd21_vae_finetuned/generated_images/final/positive/gen_1792.png,gen_1792.png,45.8956,32.0,1.0,0.8337326049804688,0.9948983793775565,0.8233985900878906,128.62331074037868,29.743621109016715,6.801744880499587,236.46629333496094,0.0,0.0,False,,-10.651350623368241,False,
positive,/mnt/MammoDiffusion/MammoDiffusion/experiments/diffusers/03_sd21_vae_finetuned/generated_images/final/positive/gen_1793.png,gen_1793.png,143.8956,130.0,1.0,0.3412628173828125,0.9922535211267606,0.33415985107421875,170.20316673896664,21.2259658134155,4.943776152599873,28.963775634765625,0.0,0.0,False,,-10.040263711976694,False,
positive,/mnt/MammoDiffusion/MammoDiffusion/experiments/diffusers/03_sd21_vae_finetuned/generated_images/final/positive/gen_1794.png,gen_1794.png,121.8956,108.0,1.0,0.3872184753417969,0.9983744963401538,0.3823432922363281,159.3516247792555,26.641239207183563,4.867977620983131,24.70452117919922,0.0,0.0,False,,-5.533413472279612,True,59.0
positive,/mnt/MammoDiffusion/MammoDiffusion/experiments/diffusers/03_sd21_vae_finetuned/generated_images/final/positive/gen_1795.png,gen_1795.png,115.8956,102.0,1.0,0.23838043212890625,0.8311249799967995,0.21991729736328125,159.89335646140503,38.787121179501284,5.57954242162857,163.9285888671875,0.0,0.0,False,,-99.18010201477388,False,
positive,/mnt/MammoDiffusion/MammoDiffusion/experiments/diffusers/03_sd21_vae_finetuned/generated_images/final/positive/gen_1796.png,gen_1796.png,123.8956,110.0,1.0,0.5109024047851562,0.9935936683342045,0.5063896179199219,152.4883876848441,21.29089188495537,5.322639827559004,30.546287536621094,0.0,0.0,False,,-9.360439673209477,False,
positive,/mnt/MammoDiffusion/MammoDiffusion/experiments/diffusers/03_sd21_vae_finetuned/generated_images/final/positive/gen_1797.png,gen_1797.png,110.0,105.0,0.0,0.3248634338378906,0.9998238630358968,0.3197479248046875,153.4800763540921,24.931611477501487,3.7773426588582684,15.855216979980469,0.0,0.0,False,,-5.6055992618309345,True,69.0
positive,/mnt/MammoDiffusion/MammoDiffusion/experiments/diffusers/03_sd21_vae_finetuned/generated_images/final/positive/gen_1798.png,gen_1798.png,122.8956,109.0,1.0,0.3936767578125,0.986937984496124,0.3903923034667969,153.28668445069817,26.124194973437955,5.446231685951544,55.33869171142578,0.0,0.0,False,,-12.212325948538847,False,
positive,/mnt/MammoDiffusion/MammoDiffusion/experiments/diffusers/03_sd21_vae_finetuned/generated_images/final/positive/gen_1799.png,gen_1799.png,101.0,96.0,0.0,0.48769378662109375,0.9997027673920186,0.4822998046875,150.17236142748672,22.50500554219066,4.695285176857739,25.28252410888672,0.0,0.0,False,,-6.345645111749094,True,228.0
positive,/mnt/MammoDiffusion/MammoDiffusion/experiments/diffusers/03_sd21_vae_finetuned/generated_images/final/positive/gen_1800.png,gen_1800.png,54.8956,41.0,1.0,0.8420448303222656,0.9996239869165569,0.8344154357910156,138.37575718785573,31.287191815843155,6.856632442818816,233.06549072265625,0.0,0.0,False,,-9.569352868679164,False,
positive,/mnt/MammoDiffusion/MammoDiffusion/experiments/diffusers/03_sd21_vae_finetuned/generated_images/final/positive/gen_1801.png,gen_1801.png,220.0,216.0,37.0,0.17293930053710938,0.5105988750413588,0.08461761474609375,253.46046343882426,1.0221782452948844,6.773366513754769,573.6801147460938,0.0,0.0,True,too_empty,,False,
positive,/mnt/MammoDiffusion/MammoDiffusion/experiments/diffusers/03_sd21_vae_finetuned/generated_images/final/positive/gen_1802.png,gen_1802.png,37.8956,24.0,1.0,0.7968292236328125,1.0,0.7902412414550781,160.3011049590407,16.805684942610867,5.927467586206815,61.16438293457031,0.0,0.0,False,,-10.468916898015157,False,
positive,/mnt/MammoDiffusion/MammoDiffusion/experiments/diffusers/03_sd21_vae_finetuned/generated_images/final/positive/gen_1803.png,gen_1803.png,220.0,226.0,16.0,0.3721046447753906,0.9689784202163104,0.3580780029296875,242.0266224911578,14.357335599171964,6.2390611232097815,523.22900390625,0.0,0.0,False,,-26.149061445527163,False,
positive,/mnt/MammoDiffusion/MammoDiffusion/experiments/diffusers/03_sd21_vae_finetuned/generated_images/final/positive/gen_1804.png,gen_1804.png,96.8956,83.0,1.0,0.4963035583496094,1.0,0.4904518127441406,151.5923434109311,23.837351713661022,5.160674161409657,25.47509002685547,0.0,0.0,False,,-6.97326884118766,True,457.0
positive,/mnt/MammoDiffusion/MammoDiffusion/experiments/diffusers/03_sd21_vae_finetuned/generated_images/final/positive/gen_1805.png,gen_1805.png,77.8956,64.0,1.0,0.5958671569824219,0.999974392297203,0.5902900695800781,139.2049553770494,25.14743092120988,5.771433393224921,39.48717498779297,0.0,0.0,False,,-7.745806843995064,True,832.0
positive,/mnt/MammoDiffusion/MammoDiffusion/experiments/diffusers/03_sd21_vae_finetuned/generated_images/final/positive/gen_1806.png,gen_1806.png,10.0,1.0,0.0,0.7517242431640625,0.9994976149396123,0.7491798400878906,86.38754436257912,50.57796946853466,6.750012397005009,521.8186645507812,0.0,0.0,False,,-6.9600965827347565,True,453.0
positive,/mnt/MammoDiffusion/MammoDiffusion/experiments/diffusers/03_sd21_vae_finetuned/generated_images/final/positive/gen_1807.png,gen_1807.png,10.0,0.0,0.0,0.7982177734375,0.9985854106132436,0.7907257080078125,143.71182532178074,20.169629798763154,5.55406643922697,296.27740478515625,0.0,0.0,False,,-8.284865385789491,True,1146.0
positive,/mnt/MammoDiffusion/MammoDiffusion/experiments/diffusers/03_sd21_vae_finetuned/generated_images/final/positive/gen_1808.png,gen_1808.png,104.0,99.0,0.0,0.49585723876953125,0.994484021356146,0.48868560791015625,155.8121321405711,19.604884262006323,4.812021715828405,128.7414093017578,0.0,0.0,False,,-8.343246299492224,True,1170.0
positive,/mnt/MammoDiffusion/MammoDiffusion/experiments/diffusers/03_sd21_vae_finetuned/generated_images/final/positive/gen_1809.png,gen_1809.png,58.0,53.0,0.0,0.5286178588867188,0.9961248141787059,0.5207633972167969,158.58742995275244,24.13253325870728,5.142133533432954,217.98245239257812,0.0,0.0,False,,-7.628960571259229,True,773.0
positive,/mnt/MammoDiffusion/MammoDiffusion/experiments/diffusers/03_sd21_vae_finetuned/generated_images/final/positive/gen_1810.png,gen_1810.png,50.8956,37.0,1.0,0.7579536437988281,1.0,0.7516326904296875,156.40787977831462,23.668394396496502,6.27078363569953,67.3558578491211,0.0,0.0,False,,-9.935693411129975,False,
positive,/mnt/MammoDiffusion/MammoDiffusion/experiments/diffusers/03_sd21_vae_finetuned/generated_images/final/positive/gen_1811.png,gen_1811.png,102.0,97.0,0.0,0.4611244201660156,0.9954417981320473,0.45355987548828125,166.71635351309527,21.558315020992286,4.642782890096926,170.43057250976562,0.0,0.0,False,,-7.551729057450574,True,738.0
positive,/mnt/MammoDiffusion/MammoDiffusion/experiments/diffusers/03_sd21_vae_finetuned/generated_images/final/positive/gen_1812.png,gen_1812.png,102.8956,89.0,1.0,0.40753173828125,0.9988767410513704,0.4015350341796875,162.1287668630059,19.15749863330376,4.9299951810807405,31.250396728515625,0.0,0.0,False,,-6.181960683092931,True,188.0
positive,/mnt/MammoDiffusion/MammoDiffusion/experiments/diffusers/03_sd21_vae_finetuned/generated_images/final/positive/gen_1813.png,gen_1813.png,220.0,63.0,63.0,0.14809417724609375,0.5472154963680388,0.0799407958984375,252.8799866386715,12.203023381622561,7.055828483158546,789.049072265625,0.0,0.0,True,too_empty,,False,
positive,/mnt/MammoDiffusion/MammoDiffusion/experiments/diffusers/03_sd21_vae_finetuned/generated_images/final/positive/gen_1814.png,gen_1814.png,106.8956,93.0,1.0,0.528350830078125,0.9999855599838272,0.5235786437988281,152.86375525489424,25.269241707319395,5.142812000190764,34.063377380371094,0.0,0.0,False,,-7.098188644911421,True,508.0
positive,/mnt/MammoDiffusion/MammoDiffusion/experiments/diffusers/03_sd21_vae_finetuned/generated_images/final/positive/gen_1815.png,gen_1815.png,10.0,0.0,0.0,0.8070030212402344,0.9990026045728926,0.8038330078125,79.98237471526195,55.515280656663016,6.6865453737232174,589.1536865234375,0.0,0.0,False,,-7.283475427772625,True,600.0
positive,/mnt/MammoDiffusion/MammoDiffusion/experiments/diffusers/03_sd21_vae_finetuned/generated_images/final/positive/gen_1816.png,gen_1816.png,10.0,0.0,0.0,0.8520278930664062,1.0,0.844512939453125,147.88416958768474,27.102514866938183,6.233485928686216,137.5382080078125,0.0,0.0,False,,-9.935883381739782,False,
positive,/mnt/MammoDiffusion/MammoDiffusion/experiments/diffusers/03_sd21_vae_finetuned/generated_images/final/positive/gen_1817.png,gen_1817.png,90.8956,77.0,1.0,0.7854270935058594,0.9980961169528157,0.7773361206054688,140.89411799346334,22.81790059668858,6.187499800244506,165.839599609375,0.0,0.0,False,,-8.910965923364824,False,
positive,/mnt/MammoDiffusion/MammoDiffusion/experiments/diffusers/03_sd21_vae_finetuned/generated_images/final/positive/gen_1818.png,gen_1818.png,154.6428,34.0,13.0,0.1317901611328125,0.7373509320365867,0.09896087646484375,189.8407601572739,25.769435444093542,7.386796598407136,247.1654510498047,0.0,0.0,True,too_empty,,False,
positive,/mnt/MammoDiffusion/MammoDiffusion/experiments/diffusers/03_sd21_vae_finetuned/generated_images/final/positive/gen_1819.png,gen_1819.png,104.8956,91.0,1.0,0.5353965759277344,0.997378002294248,0.5289993286132812,157.76537779252058,25.442674711904637,5.16753465062064,164.52732849121094,0.0,0.0,False,,-6.961923072974341,True,454.0
positive,/mnt/MammoDiffusion/MammoDiffusion/experiments/diffusers/03_sd21_vae_finetuned/generated_images/final/positive/gen_1820.png,gen_1820.png,10.0,0.0,0.0,0.786376953125,0.9983506674945669,0.7792930603027344,145.96827012976843,20.993724431290843,5.574224760146373,260.9393005371094,0.0,0.0,False,,-8.3452685749313,True,1173.0
positive,/mnt/MammoDiffusion/MammoDiffusion/experiments/diffusers/03_sd21_vae_finetuned/generated_images/final/positive/gen_1821.png,gen_1821.png,220.0,80.0,69.0,0.0863037109375,0.2859352899575672,0.023075103759765625,254.46073731195239,2.9683658945475075,6.916959539698691,385.2200927734375,0.0,0.0,True,too_empty,,False,
positive,/mnt/MammoDiffusion/MammoDiffusion/experiments/diffusers/03_sd21_vae_finetuned/generated_images/final/positive/gen_1822.png,gen_1822.png,108.8956,95.0,1.0,0.2945098876953125,1.0,0.289398193359375,154.60745544658863,29.564845526307142,4.368000548514977,21.952247619628906,0.0,0.0,False,,-6.054826302830129,True,157.0
positive,/mnt/MammoDiffusion/MammoDiffusion/experiments/diffusers/03_sd21_vae_finetuned/generated_images/final/positive/gen_1823.png,gen_1823.png,114.8956,101.0,1.0,0.6662216186523438,0.9999541930533765,0.6605033874511719,163.84676026728732,20.9838704414647,5.581230803592886,39.10375213623047,0.0,0.0,False,,-9.067988228887234,False,
positive,/mnt/MammoDiffusion/MammoDiffusion/experiments/diffusers/03_sd21_vae_finetuned/generated_images/final/positive/gen_1824.png,gen_1824.png,110.8956,97.0,1.0,0.4004173278808594,0.9443539398096544,0.38883209228515625,152.88356715392916,33.22069387992756,5.522577321641398,213.32089233398438,0.0,0.0,False,,-35.23426118216753,False,
positive,/mnt/MammoDiffusion/MammoDiffusion/experiments/diffusers/03_sd21_vae_finetuned/generated_images/final/positive/gen_1825.png,gen_1825.png,123.8956,110.0,1.0,0.6564979553222656,0.9968854773761309,0.6579246520996094,152.46436212464704,20.797288562253627,5.943390746878753,65.65379333496094,0.0,0.0,False,,-9.157022584780998,False,
positive,/mnt/MammoDiffusion/MammoDiffusion/experiments/diffusers/03_sd21_vae_finetuned/generated_images/final/positive/gen_1826.png,gen_1826.png,10.0,0.0,0.0,0.7922248840332031,0.9984206243349046,0.7846717834472656,150.51424182170862,21.34799902613559,5.5051785669751965,263.49786376953125,0.0,0.0,False,,-8.385391502441337,True,1200.0
positive,/mnt/MammoDiffusion/MammoDiffusion/experiments/diffusers/03_sd21_vae_finetuned/generated_images/final/positive/gen_1827.png,gen_1827.png,31.8956,18.0,1.0,0.5745697021484375,0.9978024166777321,0.5677680969238281,161.67487923029893,22.514075452954046,5.641029257912319,247.96485900878906,0.0,0.0,False,,-7.67769707062952,True,795.0
positive,/mnt/MammoDiffusion/MammoDiffusion/experiments/diffusers/03_sd21_vae_finetuned/generated_images/final/positive/gen_1828.png,gen_1828.png,107.8956,94.0,1.0,0.3343658447265625,0.9780039246109615,0.3239021301269531,149.64845893839288,29.844402863486994,5.2032464995339485,49.929054260253906,0.0,0.0,False,,-17.014583585779164,False,
positive,/mnt/MammoDiffusion/MammoDiffusion/experiments/diffusers/03_sd21_vae_finetuned/generated_images/final/positive/gen_1829.png,gen_1829.png,122.8956,109.0,1.0,0.3226280212402344,0.997635234998522,0.3175811767578125,163.6284773939365,26.109802644612515,4.691426662537298,22.203575134277344,0.0,0.0,False,,-6.377892310446045,True,238.0
positive,/mnt/MammoDiffusion/MammoDiffusion/experiments/diffusers/03_sd21_vae_finetuned/generated_images/final/positive/gen_1830.png,gen_1830.png,129.0,124.0,0.0,0.42733001708984375,0.9957865419292639,0.4220085144042969,161.0992434035091,23.778681722382416,4.52725810131639,19.1944580078125,0.0,0.0,False,,-6.891609518998537,True,425.0
positive,/mnt/MammoDiffusion/MammoDiffusion/experiments/diffusers/03_sd21_vae_finetuned/generated_images/final/positive/gen_1831.png,gen_1831.png,145.8956,132.0,1.0,0.08900833129882812,0.838211974456778,0.07213973999023438,187.63857014436041,20.085327244576927,5.282875730150064,108.90280151367188,0.0,0.0,True,too_empty,,False,
positive,/mnt/MammoDiffusion/MammoDiffusion/experiments/diffusers/03_sd21_vae_finetuned/generated_images/final/positive/gen_1832.png,gen_1832.png,62.8956,49.0,1.0,0.5765762329101562,0.9976975904092732,0.5695762634277344,164.1381411952234,22.47274891082589,5.881925414817493,175.99530029296875,0.0,0.0,False,,-8.152272091206532,True,1066.0
positive,/mnt/MammoDiffusion/MammoDiffusion/experiments/diffusers/03_sd21_vae_finetuned/generated_images/final/positive/gen_1833.png,gen_1833.png,111.8956,98.0,1.0,0.349273681640625,0.999650502402796,0.34429931640625,153.23889824499201,25.624404316397616,4.7773555086513495,32.01117706298828,0.0,0.0,False,,-6.117943796420878,True,169.0
positive,/mnt/MammoDiffusion/MammoDiffusion/experiments/diffusers/03_sd21_vae_finetuned/generated_images/final/positive/gen_1834.png,gen_1834.png,50.8956,37.0,1.0,0.6126861572265625,1.0,0.607025146484375,147.352395555779,23.001517332021244,5.822526418711144,56.51959228515625,0.0,0.0,False,,-8.302689392731809,True,1151.0
positive,/mnt/MammoDiffusion/MammoDiffusion/experiments/diffusers/03_sd21_vae_finetuned/generated_images/final/positive/gen_1835.png,gen_1835.png,104.8956,91.0,1.0,0.41408538818359375,0.9941501612160295,0.4402885437011719,145.1976624299292,37.0472681615099,5.742347576094444,222.79112243652344,0.0,0.0,False,,-7.447167605654039,True,672.0
positive,/mnt/MammoDiffusion/MammoDiffusion/experiments/diffusers/03_sd21_vae_finetuned/generated_images/final/positive/gen_1836.png,gen_1836.png,69.8956,56.0,1.0,0.7729606628417969,0.9999950648235427,0.7665367126464844,132.98008888092644,24.309966926109254,6.338924279732023,51.88202667236328,0.0,0.0,False,,-9.358549910683193,False,
positive,/mnt/MammoDiffusion/MammoDiffusion/experiments/diffusers/03_sd21_vae_finetuned/generated_images/final/positive/gen_1837.png,gen_1837.png,100.8956,87.0,1.0,0.24814224243164062,0.9587080508539716,0.2470550537109375,147.21616947686988,37.489234167330004,5.049510424774137,80.06129455566406,0.0,0.0,False,,-27.443813881532677,False,
positive,/mnt/MammoDiffusion/MammoDiffusion/experiments/diffusers/03_sd21_vae_finetuned/generated_images/final/positive/gen_1838.png,gen_1838.png,109.8956,96.0,1.0,0.8010711669921875,0.9967332711099259,0.8121147155761719,145.95849519237544,26.023359831736645,6.59428747938097,131.02914428710938,0.0,0.0,False,,-10.27426043051594,False,
positive,/mnt/MammoDiffusion/MammoDiffusion/experiments/diffusers/03_sd21_vae_finetuned/generated_images/final/positive/gen_1839.png,gen_1839.png,77.8956,64.0,1.0,0.7180023193359375,0.9975347997024758,0.7102508544921875,147.35592519389004,22.81447453044771,6.096825727603457,160.97654724121094,0.0,0.0,False,,-8.884591049567504,False,
positive,/mnt/MammoDiffusion/MammoDiffusion/experiments/diffusers/03_sd21_vae_finetuned/generated_images/final/positive/gen_1840.png,gen_1840.png,61.8956,48.0,1.0,0.781005859375,0.9982953657392936,0.7734870910644531,152.00992281705422,30.687015423759302,6.471053725405538,193.78744506835938,0.0,0.0,False,,-8.8033302307609,False,
positive,/mnt/MammoDiffusion/MammoDiffusion/experiments/diffusers/03_sd21_vae_finetuned/generated_images/final/positive/gen_1841.png,gen_1841.png,110.8956,97.0,1.0,0.48711395263671875,0.9950271743386534,0.4798583984375,143.42665670312897,24.634147210307887,5.259825824231301,39.987159729003906,0.0,0.0,False,,-7.799151101449283,True,863.0
positive,/mnt/MammoDiffusion/MammoDiffusion/experiments/diffusers/03_sd21_vae_finetuned/generated_images/final/positive/gen_1842.png,gen_1842.png,34.8956,21.0,1.0,0.7083549499511719,0.9993860768696383,0.7066230773925781,104.23509342086085,47.887912788678854,6.865585655189243,494.1676940917969,0.0,0.0,False,,-7.1144943083256535,True,516.0
positive,/mnt/MammoDiffusion/MammoDiffusion/experiments/diffusers/03_sd21_vae_finetuned/generated_images/final/positive/gen_1843.png,gen_1843.png,59.8956,46.0,1.0,0.8216209411621094,0.9985421319231322,0.8116722106933594,142.09258606509223,22.39785519954394,6.044524880921481,198.536376953125,0.0,0.0,False,,-8.798906944617018,False,
positive,/mnt/MammoDiffusion/MammoDiffusion/experiments/diffusers/03_sd21_vae_finetuned/generated_images/final/positive/gen_1844.png,gen_1844.png,80.8956,67.0,1.0,0.5969314575195312,0.9987858028399432,0.5926132202148438,126.97078210492437,30.963926017007314,5.87915899051292,64.61187744140625,0.0,0.0,False,,-6.39222139702243,True,240.0
positive,/mnt/MammoDiffusion/MammoDiffusion/experiments/diffusers/03_sd21_vae_finetuned/generated_images/final/positive/gen_1845.png,gen_1845.png,130.8956,117.0,1.0,0.28124237060546875,0.8934025988118167,0.26131439208984375,161.55281597617588,27.763975696896978,5.050868056122495,72.1485595703125,0.0,0.0,False,,-64.74339660423475,False,
positive,/mnt/MammoDiffusion/MammoDiffusion/experiments/diffusers/03_sd21_vae_finetuned/generated_images/final/positive/gen_1846.png,gen_1846.png,91.8956,78.0,1.0,0.41909027099609375,1.0,0.4135551452636719,155.0084493270978,22.92020040116518,4.7048883033711295,23.617721557617188,0.0,0.0,False,,-6.177085774569552,True,186.0
positive,/mnt/MammoDiffusion/MammoDiffusion/experiments/diffusers/03_sd21_vae_finetuned/generated_images/final/positive/gen_1847.png,gen_1847.png,89.0,84.0,0.0,0.48392486572265625,0.9958221003011241,0.4770050048828125,164.48397364127828,24.54895129959585,4.887033820497163,169.9510040283203,0.0,0.0,False,,-7.460538687103083,True,681.0
positive,/mnt/MammoDiffusion/MammoDiffusion/experiments/diffusers/03_sd21_vae_finetuned/generated_images/final/positive/gen_1848.png,gen_1848.png,89.8956,76.0,1.0,0.5842666625976562,0.999993470965383,0.5803337097167969,137.19149943141107,28.638985547108653,6.127962014780454,75.55773162841797,0.0,0.0,False,,-7.688067545864852,True,800.0
positive,/mnt/MammoDiffusion/MammoDiffusion/experiments/diffusers/03_sd21_vae_finetuned/generated_images/final/positive/gen_1849.png,gen_1849.png,116.8956,103.0,1.0,0.5698127746582031,0.9762339914174583,0.5818061828613281,146.4716916802717,28.263918792953305,6.239223341131807,115.49108123779297,0.0,0.0,False,,-19.62997713717475,False,
positive,/mnt/MammoDiffusion/MammoDiffusion/experiments/diffusers/03_sd21_vae_finetuned/generated_images/final/positive/gen_1850.png,gen_1850.png,145.8956,132.0,1.0,0.3398475646972656,0.9927375994791725,0.33202362060546875,176.9294101426963,19.792314292356338,4.95953709594542,131.89157104492188,0.0,0.0,False,,-9.981385082798218,False,
positive,/mnt/MammoDiffusion/MammoDiffusion/experiments/diffusers/03_sd21_vae_finetuned/generated_images/final/positive/gen_1851.png,gen_1851.png,10.0,0.0,0.0,0.8819007873535156,1.0,0.872772216796875,137.6493977062135,21.965676037751024,5.904669168900318,114.04650115966797,0.0,0.0,False,,-9.881393692444837,False,
positive,/mnt/MammoDiffusion/MammoDiffusion/experiments/diffusers/03_sd21_vae_finetuned/generated_images/final/positive/gen_1852.png,gen_1852.png,92.8956,79.0,1.0,0.44384002685546875,0.9993382036957456,0.43849945068359375,157.62285341452807,25.20672365615691,5.264054665702775,36.754058837890625,0.0,0.0,False,,-6.431028967144056,True,256.0
positive,/mnt/MammoDiffusion/MammoDiffusion/experiments/diffusers/03_sd21_vae_finetuned/generated_images/final/positive/gen_1853.png,gen_1853.png,220.0,225.0,24.0,0.3420143127441406,0.9766777831067289,0.32465362548828125,249.35303033863653,1.9037919268517045,6.252435605208342,430.2879333496094,0.0,0.0,True,low_contrast,,False,
positive,/mnt/MammoDiffusion/MammoDiffusion/experiments/diffusers/03_sd21_vae_finetuned/generated_images/final/positive/gen_1854.png,gen_1854.png,43.8956,30.0,1.0,0.5867691040039062,0.9979781299977896,0.57977294921875,164.5860419517844,22.06877308630984,5.891046898942959,248.16531372070312,0.0,0.0,False,,-8.027569226672682,True,996.0
positive,/mnt/MammoDiffusion/MammoDiffusion/experiments/diffusers/03_sd21_vae_finetuned/generated_images/final/positive/gen_1855.png,gen_1855.png,96.8956,83.0,1.0,0.6264305114746094,0.9981304996498492,0.61920166015625,160.11317151306062,19.6626904631597,5.7506186028996495,187.17405700683594,0.0,0.0,False,,-8.178828138554994,True,1075.0
positive,/mnt/MammoDiffusion/MammoDiffusion/experiments/diffusers/03_sd21_vae_finetuned/generated_images/final/positive/gen_1856.png,gen_1856.png,220.0,253.0,1.0,0.22657394409179688,0.5422005219294553,0.119232177734375,253.7999104171999,1.7479250171375198,6.643910499323278,373.9660949707031,0.0,0.0,True,too_empty,,False,
positive,/mnt/MammoDiffusion/MammoDiffusion/experiments/diffusers/03_sd21_vae_finetuned/generated_images/final/positive/gen_1857.png,gen_1857.png,28.8956,15.0,1.0,0.7580184936523438,0.99935584520155,0.7578163146972656,97.0409550129117,51.23948530918045,6.991153328892271,546.6737670898438,0.0,0.0,False,,-7.5188079504467105,True,714.0
positive,/mnt/MammoDiffusion/MammoDiffusion/experiments/diffusers/03_sd21_vae_finetuned/generated_images/final/positive/gen_1858.png,gen_1858.png,85.0,80.0,0.0,0.6648292541503906,1.0,0.6588630676269531,157.55005587174395,22.158158371622083,5.557670430874117,36.87775421142578,0.0,0.0,False,,-8.78658628966922,False,
positive,/mnt/MammoDiffusion/MammoDiffusion/experiments/diffusers/03_sd21_vae_finetuned/generated_images/final/positive/gen_1859.png,gen_1859.png,68.0,63.0,0.0,0.5639991760253906,0.9949475478359677,0.5551643371582031,148.8301897164217,22.275229079788808,5.359438162766928,185.2430419921875,0.0,0.0,False,,-8.602051667760037,True,1307.0
positive,/mnt/MammoDiffusion/MammoDiffusion/experiments/diffusers/03_sd21_vae_finetuned/generated_images/final/positive/gen_1860.png,gen_1860.png,129.8956,116.0,1.0,0.293182373046875,0.9920630790048922,0.28778076171875,157.15881495227995,20.883858074504424,4.431422064143324,21.635047912597656,0.0,0.0,False,,-9.588549353411958,False,
positive,/mnt/MammoDiffusion/MammoDiffusion/experiments/diffusers/03_sd21_vae_finetuned/generated_images/final/positive/gen_1861.png,gen_1861.png,111.8956,98.0,1.0,0.31642913818359375,0.9890898131404461,0.31147003173828125,148.1616533986528,28.704668319007624,4.912717722722917,34.269126892089844,0.0,0.0,False,,-10.711212513852615,False,
positive,/mnt/MammoDiffusion/MammoDiffusion/experiments/diffusers/03_sd21_vae_finetuned/generated_images/final/positive/gen_1862.png,gen_1862.png,109.8956,96.0,1.0,0.6635246276855469,0.9980452917402077,0.6563796997070312,162.57631955179988,19.603149302503777,6.02530256356808,189.2028350830078,0.0,0.0,False,,-8.824441605505893,False,
positive,/mnt/MammoDiffusion/MammoDiffusion/experiments/diffusers/03_sd21_vae_finetuned/generated_images/final/positive/gen_1863.png,gen_1863.png,72.8956,59.0,1.0,0.3923530578613281,0.9967915374369245,0.42160797119140625,125.15678326487034,48.123265987451646,5.752696055138821,367.8645935058594,0.0,0.0,False,,-5.391985333103763,True,46.0
positive,/mnt/MammoDiffusion/MammoDiffusion/experiments/diffusers/03_sd21_vae_finetuned/generated_images/final/positive/gen_1864.png,gen_1864.png,144.8956,131.0,1.0,0.4694175720214844,0.9574499207671366,0.4625434875488281,167.3439667472145,19.2640263791341,5.672587113134179,161.7400360107422,0.0,0.0,False,,-29.913300141814535,False,
positive,/mnt/MammoDiffusion/MammoDiffusion/experiments/diffusers/03_sd21_vae_finetuned/generated_images/final/positive/gen_1865.png,gen_1865.png,41.8956,28.0,1.0,0.617401123046875,0.9941364737284366,0.6145057678222656,106.69840274630795,47.90627308991871,6.466315308123509,492.2539978027344,0.0,0.0,False,,-8.137523080744225,True,1057.0
positive,/mnt/MammoDiffusion/MammoDiffusion/experiments/diffusers/03_sd21_vae_finetuned/generated_images/final/positive/gen_1866.png,gen_1866.png,220.0,249.0,1.0,0.2784538269042969,0.9367901911089801,0.2536125183105469,249.32605327677751,8.827179291905889,6.511856173136842,551.3704833984375,0.0,0.0,False,,-45.57316052247967,False,
positive,/mnt/MammoDiffusion/MammoDiffusion/experiments/diffusers/03_sd21_vae_finetuned/generated_images/final/positive/gen_1867.png,gen_1867.png,220.0,74.0,25.0,0.05800628662109375,0.5967381296856504,0.0325164794921875,254.89230408259033,1.8347093805304224,6.481306774863514,435.1710205078125,0.0,0.0,True,too_empty,,False,
positive,/mnt/MammoDiffusion/MammoDiffusion/experiments/diffusers/03_sd21_vae_finetuned/generated_images/final/positive/gen_1868.png,gen_1868.png,84.0,79.0,0.0,0.5892562866210938,1.0,0.5831298828125,156.6797087607285,25.69042839023788,5.390256916760812,32.0958251953125,0.0,0.0,False,,-7.840844513861473,True,889.0
positive,/mnt/MammoDiffusion/MammoDiffusion/experiments/diffusers/03_sd21_vae_finetuned/generated_images/final/positive/gen_1869.png,gen_1869.png,31.8956,18.0,1.0,0.8824310302734375,1.0,0.8733673095703125,146.76621328860702,18.675930223641664,5.901104959596191,38.38562774658203,0.0,0.0,False,,-10.485924900284168,False,
positive,/mnt/MammoDiffusion/MammoDiffusion/experiments/diffusers/03_sd21_vae_finetuned/generated_images/final/positive/gen_1870.png,gen_1870.png,145.3736,87.0,6.0,0.204132080078125,0.9455262371056959,0.19681167602539062,175.1480821041614,22.24912149497078,6.689063169534188,35.151153564453125,0.0,0.0,False,,-38.70191626573329,False,
positive,/mnt/MammoDiffusion/MammoDiffusion/experiments/diffusers/03_sd21_vae_finetuned/generated_images/final/positive/gen_1871.png,gen_1871.png,20.8956,7.0,1.0,0.8593673706054688,0.9945533962481912,0.8521842956542969,92.05018017413103,51.32837071740501,7.355859053317927,719.3543701171875,0.0,0.0,False,,-9.899544313645315,False,
positive,/mnt/MammoDiffusion/MammoDiffusion/experiments/diffusers/03_sd21_vae_finetuned/generated_images/final/positive/gen_1872.png,gen_1872.png,89.8956,76.0,1.0,0.5411109924316406,0.9976030849706378,0.5338935852050781,163.09520066877684,21.84856451912078,5.3747048038461775,174.65235900878906,0.0,0.0,False,,-7.478231352696993,True,694.0
positive,/mnt/MammoDiffusion/MammoDiffusion/experiments/diffusers/03_sd21_vae_finetuned/generated_images/final/positive/gen_1873.png,gen_1873.png,91.7912,69.0,2.0,0.71551513671875,0.9968757997099719,0.7083930969238281,143.83197721067737,20.49005662821343,6.051529001944285,150.8372344970703,0.0,0.0,False,,-9.262281193219977,False,
positive,/mnt/MammoDiffusion/MammoDiffusion/experiments/diffusers/03_sd21_vae_finetuned/generated_images/final/positive/gen_1874.png,gen_1874.png,103.8956,90.0,1.0,0.3839073181152344,0.9986585717266666,0.382080078125,151.63166932907347,32.94098938099224,5.23537670764302,40.44342041015625,0.0,0.0,False,,-5.187602998102639,True,23.0
positive,/mnt/MammoDiffusion/MammoDiffusion/experiments/diffusers/03_sd21_vae_finetuned/generated_images/final/positive/gen_1875.png,gen_1875.png,44.7912,22.0,2.0,0.8681831359863281,0.9994595520873153,0.86181640625,110.49783994334278,38.52254459227609,7.107604590468388,288.59503173828125,0.0,0.0,False,,-8.479051995558688,True,1253.0
positive,/mnt/MammoDiffusion/MammoDiffusion/experiments/diffusers/03_sd21_vae_finetuned/generated_images/final/positive/gen_1876.png,gen_1876.png,116.8956,103.0,1.0,0.35419464111328125,0.9998599892299408,0.34918975830078125,162.96855950534206,27.59519771055889,4.823619401635312,29.999534606933594,0.0,0.0,False,,-6.407459355436566,True,246.0
positive,/mnt/MammoDiffusion/MammoDiffusion/experiments/diffusers/03_sd21_vae_finetuned/generated_images/final/positive/gen_1877.png,gen_1877.png,77.8956,64.0,1.0,0.7313690185546875,1.0,0.7254562377929688,142.34230757096134,23.639289604995206,6.223477364943493,53.63288116455078,0.0,0.0,False,,-9.301780302125291,False,
positive,/mnt/MammoDiffusion/MammoDiffusion/experiments/diffusers/03_sd21_vae_finetuned/generated_images/final/positive/gen_1878.png,gen_1878.png,220.0,208.5,40.5,0.21709442138671875,0.8156387278158496,0.1640472412109375,249.5479490279974,6.531365280143549,7.096030466974036,572.25927734375,0.0,0.0,True,low_contrast,,False,
positive,/mnt/MammoDiffusion/MammoDiffusion/experiments/diffusers/03_sd21_vae_finetuned/generated_images/final/positive/gen_1879.png,gen_1879.png,94.8956,81.0,1.0,0.34334564208984375,0.9783014465702287,0.4058036804199219,132.8279641658598,43.688368051092105,5.516531565226017,247.37744140625,0.0,0.0,False,,-15.38871363877508,False,
positive,/mnt/MammoDiffusion/MammoDiffusion/experiments/diffusers/03_sd21_vae_finetuned/generated_images/final/positive/gen_1880.png,gen_1880.png,59.8956,46.0,1.0,0.6565933227539062,0.9981815224085242,0.6493110656738281,164.98147027547836,20.989468892324457,6.008909814963844,178.6632080078125,0.0,0.0,False,,-8.673564165617956,True,1339.0
positive,/mnt/MammoDiffusion/MammoDiffusion/experiments/diffusers/03_sd21_vae_finetuned/generated_images/final/positive/gen_1881.png,gen_1881.png,10.0,0.0,0.0,0.8798027038574219,1.0,0.8707427978515625,130.46078594585123,18.791079535011548,5.51782888649546,46.584259033203125,0.0,0.0,False,,-9.574169415641464,False,
positive,/mnt/MammoDiffusion/MammoDiffusion/experiments/diffusers/03_sd21_vae_finetuned/generated_images/final/positive/gen_1882.png,gen_1882.png,96.8956,83.0,1.0,0.50537109375,0.9897569444444444,0.5109672546386719,137.72825819167284,32.30897742496655,6.103089361552193,104.98741149902344,0.0,0.0,False,,-10.969921880760246,False,
positive,/mnt/MammoDiffusion/MammoDiffusion/experiments/diffusers/03_sd21_vae_finetuned/generated_images/final/positive/gen_1883.png,gen_1883.png,35.8956,22.0,1.0,0.5641365051269531,0.9986273117625182,0.5620841979980469,114.00348836420152,53.741461969187036,6.600188058625381,510.88494873046875,0.0,0.0,False,,-6.148260527287133,True,176.0
positive,/mnt/MammoDiffusion/MammoDiffusion/experiments/diffusers/03_sd21_vae_finetuned/generated_images/final/positive/gen_1884.png,gen_1884.png,101.7912,79.0,2.0,0.44432830810546875,0.9654698741393224,0.5033454895019531,143.03180774390106,40.37910834664318,6.454269029289888,331.7382507324219,0.0,0.0,False,,-24.069131985590293,False,
positive,/mnt/MammoDiffusion/MammoDiffusion/experiments/diffusers/03_sd21_vae_finetuned/generated_images/final/positive/gen_1885.png,gen_1885.png,108.8956,95.0,1.0,0.39798736572265625,0.9738905396338541,0.4549522399902344,143.1279692779823,37.31919853033231,5.857377866421201,213.6488037109375,0.0,0.0,False,,-18.83707224489865,False,
positive,/mnt/MammoDiffusion/MammoDiffusion/experiments/diffusers/03_sd21_vae_finetuned/generated_images/final/positive/gen_1886.png,gen_1886.png,110.8956,97.0,1.0,0.25951385498046875,0.8980449801558136,0.22800827026367188,149.5871409211825,31.896468449424475,4.993997737379687,113.83444213867188,0.0,0.0,False,,-61.62559839177116,False,
positive,/mnt/MammoDiffusion/MammoDiffusion/experiments/diffusers/03_sd21_vae_finetuned/generated_images/final/positive/gen_1887.png,gen_1887.png,23.8956,10.0,1.0,0.4676475524902344,0.9984175021004804,0.46502685546875,105.45750754692217,57.03587241926004,6.171475488845131,569.5465698242188,0.0,0.0,False,,-4.973624731721228,True,11.0
positive,/mnt/MammoDiffusion/MammoDiffusion/experiments/diffusers/03_sd21_vae_finetuned/generated_images/final/positive/gen_1888.png,gen_1888.png,79.0,74.0,0.0,0.731292724609375,0.9980542920335517,0.7237968444824219,158.92767960197955,21.372247543729,5.7894831290917175,141.9612274169922,0.0,0.0,False,,-8.863478960437876,False,
positive,/mnt/MammoDiffusion/MammoDiffusion/experiments/diffusers/03_sd21_vae_finetuned/generated_images/final/positive/gen_1889.png,gen_1889.png,117.8956,104.0,1.0,0.26262664794921875,0.9727362519245853,0.24827957153320312,162.65523546131982,35.18566888520428,5.464039048013095,156.21946716308594,0.0,0.0,False,,-20.595604476817456,False,
positive,/mnt/MammoDiffusion/MammoDiffusion/experiments/diffusers/03_sd21_vae_finetuned/generated_images/final/positive/gen_1890.png,gen_1890.png,114.8956,101.0,1.0,0.39990997314453125,0.9966232329206174,0.3844718933105469,161.60901703592725,26.34103093005044,5.453574400391327,217.6671600341797,0.0,0.0,False,,-6.920913486327381,True,436.0
positive,/mnt/MammoDiffusion/MammoDiffusion/experiments/diffusers/03_sd21_vae_finetuned/generated_images/final/positive/gen_1891.png,gen_1891.png,24.8956,11.0,1.0,0.8107070922851562,0.998818945803258,0.80572509765625,121.70481876373002,42.34124543014642,7.131535075507339,597.1359252929688,0.0,0.0,False,,-7.745174876547821,True,830.0
positive,/mnt/MammoDiffusion/MammoDiffusion/experiments/diffusers/03_sd21_vae_finetuned/generated_images/final/positive/gen_1892.png,gen_1892.png,94.8956,81.0,1.0,0.3813629150390625,0.9955087424478855,0.3799476623535156,139.97327336070924,34.95575415412046,5.243885373664443,46.69911193847656,0.0,0.0,False,,-6.304864119290807,True,219.0
positive,/mnt/MammoDiffusion/MammoDiffusion/experiments/diffusers/03_sd21_vae_finetuned/generated_images/final/positive/gen_1893.png,gen_1893.png,66.8956,53.0,1.0,0.632293701171875,1.0,0.6263542175292969,159.39075489509426,22.43778031807209,6.11494258781422,48.775604248046875,0.0,0.0,False,,-9.138301295159067,False,
positive,/mnt/MammoDiffusion/MammoDiffusion/experiments/diffusers/03_sd21_vae_finetuned/generated_images/final/positive/gen_1894.png,gen_1894.png,107.7912,85.0,2.0,0.5735549926757812,0.9765154236003033,0.5670509338378906,144.4947897395879,31.75663075687118,6.704859978447342,309.5074157714844,0.0,0.0,False,,-19.28702383920974,False,
positive,/mnt/MammoDiffusion/MammoDiffusion/experiments/diffusers/03_sd21_vae_finetuned/generated_images/final/positive/gen_1895.png,gen_1895.png,102.8956,89.0,1.0,0.3115501403808594,0.9365503054939942,0.3114738464355469,148.17514788551273,41.25059120715182,5.6056614058271625,163.25958251953125,0.0,0.0,False,,-39.65110766308273,False,
positive,/mnt/MammoDiffusion/MammoDiffusion/experiments/diffusers/03_sd21_vae_finetuned/generated_images/final/positive/gen_1896.png,gen_1896.png,111.0,106.0,0.0,0.4056587219238281,0.9992006845901392,0.40036773681640625,161.4676620233626,24.53242506976435,4.49193788128259,24.16181182861328,0.0,0.0,False,,-5.547083911030537,True,63.0
positive,/mnt/MammoDiffusion/MammoDiffusion/experiments/diffusers/03_sd21_vae_finetuned/generated_images/final/positive/gen_1897.png,gen_1897.png,74.8956,61.0,1.0,0.6492919921875,0.9863754935138184,0.7339286804199219,113.47073468645235,42.48811367173007,6.8630433004050815,410.89111328125,0.0,0.0,False,,-13.567420182552933,False,
positive,/mnt/MammoDiffusion/MammoDiffusion/experiments/diffusers/03_sd21_vae_finetuned/generated_images/final/positive/gen_1898.png,gen_1898.png,220.0,108.0,94.0,0.145416259765625,0.5876180482686254,0.08317947387695312,251.7335473515249,2.0925820888983644,7.134566537584335,662.7647705078125,0.0,0.0,True,too_empty,,False,
positive,/mnt/MammoDiffusion/MammoDiffusion/experiments/diffusers/03_sd21_vae_finetuned/generated_images/final/positive/gen_1899.png,gen_1899.png,113.8956,100.0,1.0,0.44565582275390625,0.9968157773098454,0.4390869140625,164.83314220183487,21.933911662700552,5.25248050409588,178.12289428710938,0.0,0.0,False,,-7.198458597542556,True,557.0
positive,/mnt/MammoDiffusion/MammoDiffusion/experiments/diffusers/03_sd21_vae_finetuned/generated_images/final/positive/gen_1900.png,gen_1900.png,26.8956,13.0,1.0,0.8427200317382812,0.9995790217007523,0.8394737243652344,92.56065762986054,47.77700215203134,6.945557050569261,500.1845703125,0.0,0.0,False,,-7.824301271204861,True,880.0
positive,/mnt/MammoDiffusion/MammoDiffusion/experiments/diffusers/03_sd21_vae_finetuned/generated_images/final/positive/gen_1901.png,gen_1901.png,101.0,96.0,0.0,0.4848365783691406,0.9999921319936741,0.4789581298828125,160.86030934403772,22.862798005047164,4.959965407004875,24.367050170898438,0.0,0.0,False,,-7.046984798638402,True,487.0
positive,/mnt/MammoDiffusion/MammoDiffusion/experiments/diffusers/03_sd21_vae_finetuned/generated_images/final/positive/gen_1902.png,gen_1902.png,220.0,214.0,24.0,0.46286773681640625,0.9923684253902323,0.4513740539550781,238.27060215508135,9.49324249064758,6.029332102204908,393.0981750488281,0.0,0.0,False,,-13.373493890991181,False,
positive,/mnt/MammoDiffusion/MammoDiffusion/experiments/diffusers/03_sd21_vae_finetuned/generated_images/final/positive/gen_1903.png,gen_1903.png,99.8956,86.0,1.0,0.6538658142089844,0.9975380235346281,0.6466102600097656,164.69315359428924,20.387569531093877,5.93954449917169,145.0089111328125,0.0,0.0,False,,-9.019443034674953,False,
positive,/mnt/MammoDiffusion/MammoDiffusion/experiments/diffusers/03_sd21_vae_finetuned/generated_images/final/positive/gen_1904.png,gen_1904.png,123.8956,110.0,1.0,0.5671577453613281,0.9948344397586715,0.5580596923828125,159.16724769638805,19.534576973329862,5.6239624708832885,138.40560913085938,0.0,0.0,False,,-9.512053249006645,False,
positive,/mnt/MammoDiffusion/MammoDiffusion/experiments/diffusers/03_sd21_vae_finetuned/generated_images/final/positive/gen_1905.png,gen_1905.png,97.8956,84.0,1.0,0.7626571655273438,0.9930974460550404,0.7569923400878906,137.16210863682403,27.366722832552462,6.312594977554886,80.14657592773438,0.0,0.0,False,,-11.342811977384308,False,
positive,/mnt/MammoDiffusion/MammoDiffusion/experiments/diffusers/03_sd21_vae_finetuned/generated_images/final/positive/gen_1906.png,gen_1906.png,174.0,162.0,3.0,0.049121856689453125,0.8091170303642152,0.03963470458984375,194.3878729547642,13.378904256843763,6.290003697216807,243.8274383544922,0.0,0.0,True,too_empty,,False,
positive,/mnt/MammoDiffusion/MammoDiffusion/experiments/diffusers/03_sd21_vae_finetuned/generated_images/final/positive/gen_1907.png,gen_1907.png,25.8956,12.0,1.0,0.8702316284179688,0.99945644073889,0.8656463623046875,97.95561950256473,48.26373770149998,7.303957919307795,581.9108276367188,0.0,0.0,False,,-8.384398278300939,True,1199.0
positive,/mnt/MammoDiffusion/MammoDiffusion/experiments/diffusers/03_sd21_vae_finetuned/generated_images/final/positive/gen_1908.png,gen_1908.png,10.0,0.0,0.0,0.880401611328125,0.9986481333841728,0.8690986633300781,145.5220977136361,23.411360236757435,5.805644238997961,271.5059509277344,0.0,0.0,False,,-8.952964755549527,False,
positive,/mnt/MammoDiffusion/MammoDiffusion/experiments/diffusers/03_sd21_vae_finetuned/generated_images/final/positive/gen_1909.png,gen_1909.png,89.8956,76.0,1.0,0.39711761474609375,0.9964553995120171,0.3902740478515625,151.1624506392462,24.03669766178103,4.7161045388101615,152.00015258789062,0.0,0.0,False,,-6.172757614846914,True,182.0
positive,/mnt/MammoDiffusion/MammoDiffusion/experiments/diffusers/03_sd21_vae_finetuned/generated_images/final/positive/gen_1910.png,gen_1910.png,88.8956,75.0,1.0,0.6385383605957031,0.9978971139083214,0.6313705444335938,159.384145973053,19.468496478641168,5.652585032272056,141.1512451171875,0.0,0.0,False,,-8.341998339702707,True,1168.0
positive,/mnt/MammoDiffusion/MammoDiffusion/experiments/diffusers/03_sd21_vae_finetuned/generated_images/final/positive/gen_1911.png,gen_1911.png,98.8956,85.0,1.0,0.3756523132324219,0.9964864178725565,0.370758056640625,148.22159231212444,33.171320360022676,5.342422819701925,113.26811981201172,0.0,0.0,False,,-6.217100165427709,True,199.0
positive,/mnt/MammoDiffusion/MammoDiffusion/experiments/diffusers/03_sd21_vae_finetuned/generated_images/final/positive/gen_1912.png,gen_1912.png,138.7912,116.0,2.0,0.4710960388183594,0.9535122879468805,0.4845390319824219,159.99709492280684,23.301043890938434,6.179123696231715,238.66580200195312,0.0,0.0,False,,-32.142747870259505,False,
positive,/mnt/MammoDiffusion/MammoDiffusion/experiments/diffusers/03_sd21_vae_finetuned/generated_images/final/positive/gen_1913.png,gen_1913.png,83.8956,70.0,1.0,0.7459602355957031,0.9999948861922076,0.7396278381347656,143.80898864814404,27.33903980040473,6.519432406248858,84.52780151367188,0.0,0.0,False,,-9.43162480842445,False,
positive,/mnt/MammoDiffusion/MammoDiffusion/experiments/diffusers/03_sd21_vae_finetuned/generated_images/final/positive/gen_1914.png,gen_1914.png,83.8956,70.0,1.0,0.46901702880859375,0.998731191541277,0.4628448486328125,150.32392114199058,24.60425760706997,5.38412353100614,46.72306823730469,0.0,0.0,False,,-6.183714960166853,True,189.0
positive,/mnt/MammoDiffusion/MammoDiffusion/experiments/diffusers/03_sd21_vae_finetuned/generated_images/final/positive/gen_1915.png,gen_1915.png,10.0,0.0,0.0,0.7101821899414062,0.9994735993983993,0.7069816589355469,85.78195768651764,52.96119828035772,6.238007939000187,555.2769165039062,0.0,0.0,False,,-6.266305982915426,True,210.0
positive,/mnt/MammoDiffusion/MammoDiffusion/experiments/diffusers/03_sd21_vae_finetuned/generated_images/final/positive/gen_1916.png,gen_1916.png,106.8956,93.0,1.0,0.5148544311523438,0.9964509580190567,0.510833740234375,143.09150785590538,22.489047965227957,5.548383800062211,45.5289306640625,0.0,0.0,False,,-7.636201335491445,True,777.0
positive,/mnt/MammoDiffusion/MammoDiffusion/experiments/diffusers/03_sd21_vae_finetuned/generated_images/final/positive/gen_1917.png,gen_1917.png,37.8956,24.0,1.0,0.7544097900390625,0.9993679334964908,0.7521781921386719,109.99911248155229,49.06034586170061,7.1263166363141135,513.3919677734375,0.0,0.0,False,,-7.9037173657969255,True,923.0
positive,/mnt/MammoDiffusion/MammoDiffusion/experiments/diffusers/03_sd21_vae_finetuned/generated_images/final/positive/gen_1918.png,gen_1918.png,104.8956,91.0,1.0,0.5625839233398438,0.9982031218215598,0.5575942993164062,149.1288294451666,25.815953735679415,5.7376951620738605,50.24353790283203,0.0,0.0,False,,-7.108914790286563,True,511.0
positive,/mnt/MammoDiffusion/MammoDiffusion/experiments/diffusers/03_sd21_vae_finetuned/generated_images/final/positive/gen_1919.png,gen_1919.png,94.8956,81.0,1.0,0.5733642578125,0.9999933468171173,0.5675621032714844,155.05528857463554,24.088717036438844,5.828188064296937,42.17109680175781,0.0,0.0,False,,-8.214727809477626,True,1099.0
positive,/mnt/MammoDiffusion/MammoDiffusion/experiments/diffusers/03_sd21_vae_finetuned/generated_images/final/positive/gen_1920.png,gen_1920.png,84.8956,71.0,1.0,0.4375114440917969,0.9951609106207113,0.4715385437011719,127.34544660264864,40.809629709450135,5.869227771197547,190.54461669921875,0.0,0.0,False,,-6.517726493639717,True,291.0
positive,/mnt/MammoDiffusion/MammoDiffusion/experiments/diffusers/03_sd21_vae_finetuned/generated_images/final/positive/gen_1921.png,gen_1921.png,97.8956,84.0,1.0,0.31433868408203125,0.998519453411325,0.3091697692871094,153.184460868385,28.732235492103293,4.393268030249745,23.62232208251953,0.0,0.0,False,,-5.143865991762671,True,18.0
positive,/mnt/MammoDiffusion/MammoDiffusion/experiments/diffusers/03_sd21_vae_finetuned/generated_images/final/positive/gen_1922.png,gen_1922.png,145.8956,132.0,1.0,0.4461669921875,0.9798820109439125,0.4309806823730469,163.0862372653325,18.11195168135923,5.342392118528819,36.3363037109375,0.0,0.0,False,,-17.025751739957837,False,
positive,/mnt/MammoDiffusion/MammoDiffusion/experiments/diffusers/03_sd21_vae_finetuned/generated_images/final/positive/gen_1923.png,gen_1923.png,106.8956,93.0,1.0,0.4226417541503906,0.9968590073380087,0.415374755859375,166.05168613621336,20.63783916659882,5.052767491099283,157.2241973876953,0.0,0.0,False,,-6.972273204064166,True,456.0
positive,/mnt/MammoDiffusion/MammoDiffusion/experiments/diffusers/03_sd21_vae_finetuned/generated_images/final/positive/gen_1924.png,gen_1924.png,68.8956,55.0,1.0,0.4931488037109375,0.9975942943779201,0.4866180419921875,157.8984509736289,25.414742726043674,5.218086166727219,230.1092529296875,0.0,0.0,False,,-6.531121526427961,True,298.0
positive,/mnt/MammoDiffusion/MammoDiffusion/experiments/diffusers/03_sd21_vae_finetuned/generated_images/final/positive/gen_1925.png,gen_1925.png,91.8956,78.0,1.0,0.4597930908203125,1.0,0.4541358947753906,162.88085578207293,23.72906130671424,5.268502770244464,35.92938232421875,0.0,0.0,False,,-7.174305422719204,True,548.0
positive,/mnt/MammoDiffusion/MammoDiffusion/experiments/diffusers/03_sd21_vae_finetuned/generated_images/final/positive/gen_1926.png,gen_1926.png,220.0,231.0,17.0,0.21779251098632812,0.887446797330671,0.18592071533203125,247.52199515778244,11.89342275743906,6.904311748995364,581.327880859375,0.0,0.0,False,,-73.5049803769383,False,
positive,/mnt/MammoDiffusion/MammoDiffusion/experiments/diffusers/03_sd21_vae_finetuned/generated_images/final/positive/gen_1927.png,gen_1927.png,174.0,166.0,2.0,0.048137664794921875,0.7916633647674142,0.036487579345703125,205.3353894406691,15.930567036124458,6.2937893438649555,221.30674743652344,0.0,0.0,True,too_empty,,False,
positive,/mnt/MammoDiffusion/MammoDiffusion/experiments/diffusers/03_sd21_vae_finetuned/generated_images/final/positive/gen_1928.png,gen_1928.png,220.0,128.0,104.0,0.13259124755859375,0.5217503883997928,0.06666946411132812,252.27945299536535,4.806950963848195,7.007944010903924,514.8500366210938,0.0,0.0,True,too_empty,,False,
positive,/mnt/MammoDiffusion/MammoDiffusion/experiments/diffusers/03_sd21_vae_finetuned/generated_images/final/positive/gen_1929.png,gen_1929.png,123.8956,110.0,1.0,0.420196533203125,0.9974580579562786,0.4129066467285156,158.82059478386194,24.867637915009706,5.0709341171571705,25.06645965576172,0.0,0.0,False,,-6.284091722335526,True,214.0
positive,/mnt/MammoDiffusion/MammoDiffusion/experiments/diffusers/03_sd21_vae_finetuned/generated_images/final/positive/gen_1930.png,gen_1930.png,79.0,74.0,0.0,0.5889930725097656,0.9972279972279973,0.5820693969726562,164.3092682159569,25.601186889322374,5.500864045687833,210.37344360351562,0.0,0.0,False,,-7.863772634643087,True,900.0
positive,/mnt/MammoDiffusion/MammoDiffusion/experiments/diffusers/03_sd21_vae_finetuned/generated_images/final/positive/gen_1931.png,gen_1931.png,13.0,8.0,0.0,0.7558135986328125,0.9991066561686148,0.75103759765625,87.31162129215765,46.86047547752044,6.642264451042529,320.77276611328125,0.0,0.0,False,,-6.662751314462422,True,344.0
positive,/mnt/MammoDiffusion/MammoDiffusion/experiments/diffusers/03_sd21_vae_finetuned/generated_images/final/positive/gen_1932.png,gen_1932.png,99.8956,86.0,1.0,0.7134666442871094,1.0,0.707061767578125,147.5438786740904,19.41351573739243,5.584857835756055,30.231155395507812,0.0,0.0,False,,-9.034643843789613,False,
positive,/mnt/MammoDiffusion/MammoDiffusion/experiments/diffusers/03_sd21_vae_finetuned/generated_images/final/positive/gen_1933.png,gen_1933.png,15.8956,2.0,1.0,0.6322402954101562,0.999342335493369,0.6298332214355469,90.32685470634195,54.94267978739077,6.421913249733684,566.822265625,0.0,0.0,False,,-6.118966154186707,True,171.0
positive,/mnt/MammoDiffusion/MammoDiffusion/experiments/diffusers/03_sd21_vae_finetuned/generated_images/final/positive/gen_1934.png,gen_1934.png,125.0,120.0,0.0,0.3203010559082031,0.9923777764544751,0.3131256103515625,164.10964377954292,23.391745628206586,3.9675687482219937,154.37591552734375,0.0,0.0,False,,-8.65767332174619,True,1330.0
positive,/mnt/MammoDiffusion/MammoDiffusion/experiments/diffusers/03_sd21_vae_finetuned/generated_images/final/positive/gen_1935.png,gen_1935.png,214.0,210.0,2.0,0.022914886474609375,0.10737472948227068,0.002101898193359375,219.87295825771324,4.523603569317394,5.559231673504824,203.78353881835938,0.0,0.0,True,too_empty,,False,
positive,/mnt/MammoDiffusion/MammoDiffusion/experiments/diffusers/03_sd21_vae_finetuned/generated_images/final/positive/gen_1936.png,gen_1936.png,91.8956,78.0,1.0,0.28498077392578125,0.9134741520092095,0.28488922119140625,144.3082268819796,46.4975470152633,5.75452073005148,285.6322937011719,0.0,0.0,False,,-52.891359435224835,False,
positive,/mnt/MammoDiffusion/MammoDiffusion/experiments/diffusers/03_sd21_vae_finetuned/generated_images/final/positive/gen_1937.png,gen_1937.png,122.8956,109.0,1.0,0.17304611206054688,0.8901086788792628,0.16936874389648438,164.6251717381022,38.06174417271568,5.297890111224762,199.51089477539062,0.0,0.0,False,,-66.64555428193125,False,
positive,/mnt/MammoDiffusion/MammoDiffusion/experiments/diffusers/03_sd21_vae_finetuned/generated_images/final/positive/gen_1938.png,gen_1938.png,100.8956,87.0,1.0,0.6396217346191406,0.9999761440422728,0.6339454650878906,150.8475193308662,22.10829894017462,5.918505897990832,39.39537048339844,0.0,0.0,False,,-8.756487410705738,False,
positive,/mnt/MammoDiffusion/MammoDiffusion/experiments/diffusers/03_sd21_vae_finetuned/generated_images/final/positive/gen_1939.png,gen_1939.png,142.7912,120.0,2.0,0.4152679443359375,0.8244809847510564,0.4814414978027344,158.6969027074568,25.80376877869814,6.601634599853838,234.15261840820312,0.0,0.0,False,,-103.97005471534506,False,
positive,/mnt/MammoDiffusion/MammoDiffusion/experiments/diffusers/03_sd21_vae_finetuned/generated_images/final/positive/gen_1940.png,gen_1940.png,220.0,236.0,19.0,0.12765121459960938,0.5385350984669635,0.06661224365234375,253.07868514488604,18.8970983395953,7.154479923361331,535.6702270507812,0.0,0.0,True,too_empty,,False,
positive,/mnt/MammoDiffusion/MammoDiffusion/experiments/diffusers/03_sd21_vae_finetuned/generated_images/final/positive/gen_1941.png,gen_1941.png,92.8956,79.0,1.0,0.6904830932617188,0.9979448195087456,0.6834754943847656,161.1836980727693,19.726300184581106,5.869400546165927,193.69857788085938,0.0,0.0,False,,-8.852542060520358,False,
positive,/mnt/MammoDiffusion/MammoDiffusion/experiments/diffusers/03_sd21_vae_finetuned/generated_images/final/positive/gen_1942.png,gen_1942.png,120.8956,107.0,1.0,0.4865684509277344,0.9985025597604096,0.4811058044433594,165.45729826592344,20.26830586989609,5.318857106021564,34.86913299560547,0.0,0.0,False,,-6.923756242324295,True,440.0
positive,/mnt/MammoDiffusion/MammoDiffusion/experiments/diffusers/03_sd21_vae_finetuned/generated_images/final/positive/gen_1943.png,gen_1943.png,14.8956,1.0,1.0,0.5956954956054688,0.9993852380281509,0.5947914123535156,92.64150435156265,60.24296789305891,6.316330900122516,590.5855102539062,0.0,0.0,False,,-6.218174674931396,True,200.0
positive,/mnt/MammoDiffusion/MammoDiffusion/experiments/diffusers/03_sd21_vae_finetuned/generated_images/final/positive/gen_1944.png,gen_1944.png,201.0,177.0,4.0,0.048358917236328125,0.6919618206200205,0.032440185546875,208.23647695202257,6.575949695598763,6.8747188781969895,819.555908203125,0.0,0.0,True,too_empty,,False,
positive,/mnt/MammoDiffusion/MammoDiffusion/experiments/diffusers/03_sd21_vae_finetuned/generated_images/final/positive/gen_1945.png,gen_1945.png,12.0,7.0,0.0,0.8007926940917969,0.9980516665634542,0.7925338745117188,137.1395565995052,22.79745271572327,5.569964419689843,260.45965576171875,0.0,0.0,False,,-8.199852002714236,True,1091.0
positive,/mnt/MammoDiffusion/MammoDiffusion/experiments/diffusers/03_sd21_vae_finetuned/generated_images/final/positive/gen_1946.png,gen_1946.png,101.0,96.0,0.0,0.4689674377441406,1.0,0.4633827209472656,161.73596601713962,25.11461803226007,4.785679786550232,26.489212036132812,0.0,0.0,False,,-6.639742225908803,True,335.0
positive,/mnt/MammoDiffusion/MammoDiffusion/experiments/diffusers/03_sd21_vae_finetuned/generated_images/final/positive/gen_1947.png,gen_1947.png,220.0,190.0,51.0,0.23209762573242188,0.7880610752264023,0.17984390258789062,240.94124509491994,16.289378077011214,6.872776402342716,459.1537780761719,0.0,0.0,False,,-128.33639509525878,False,
positive,/mnt/MammoDiffusion/MammoDiffusion/experiments/diffusers/03_sd21_vae_finetuned/generated_images/final/positive/gen_1948.png,gen_1948.png,92.0,87.0,0.0,0.5144577026367188,0.9961219617090062,0.5069694519042969,169.31324539688035,26.370846452684827,5.0713392075116355,194.35911560058594,0.0,0.0,False,,-7.666535926042301,True,789.0
positive,/mnt/MammoDiffusion/MammoDiffusion/experiments/diffusers/03_sd21_vae_finetuned/generated_images/final/positive/gen_1949.png,gen_1949.png,58.8956,45.0,1.0,0.42376708984375,0.9982626386288348,0.44216156005859375,119.06313519109653,50.1947366401551,6.1240056364011135,398.1340026855469,0.0,0.0,False,,-5.0024270563629,True,12.0
positive,/mnt/MammoDiffusion/MammoDiffusion/experiments/diffusers/03_sd21_vae_finetuned/generated_images/final/positive/gen_1950.png,gen_1950.png,102.0,97.0,0.0,0.7010116577148438,0.9999945582969646,0.6962852478027344,147.56162649909328,23.20031597192397,5.767673164417578,34.987335205078125,0.0,0.0,False,,-8.866381568912892,False,
positive,/mnt/MammoDiffusion/MammoDiffusion/experiments/diffusers/03_sd21_vae_finetuned/generated_images/final/positive/gen_1951.png,gen_1951.png,74.8956,61.0,1.0,0.7752113342285156,0.9995964904510941,0.7686920166015625,132.19969430494075,23.749604667091802,6.123689127489971,30.625106811523438,0.0,0.0,False,,-8.981614065659015,False,
positive,/mnt/MammoDiffusion/MammoDiffusion/experiments/diffusers/03_sd21_vae_finetuned/generated_images/final/positive/gen_1952.png,gen_1952.png,119.8956,106.0,1.0,0.5108451843261719,0.9971997162379121,0.5035629272460938,167.57829189582293,21.072405134424056,5.127937577126177,167.25050354003906,0.0,0.0,False,,-7.455429815844541,True,679.0
positive,/mnt/MammoDiffusion/MammoDiffusion/experiments/diffusers/03_sd21_vae_finetuned/generated_images/final/positive/gen_1953.png,gen_1953.png,98.8956,85.0,1.0,0.28433990478515625,0.9642732565939521,0.3239860534667969,141.2167641968186,46.92143963169743,5.427575923829531,262.1009216308594,0.0,0.0,False,,-24.064575229471433,False,
positive,/mnt/MammoDiffusion/MammoDiffusion/experiments/diffusers/03_sd21_vae_finetuned/generated_images/final/positive/gen_1954.png,gen_1954.png,114.8956,101.0,1.0,0.19746017456054688,0.8514769236713483,0.18530654907226562,163.18354365234575,41.56516074482428,5.500000100599807,248.7544403076172,0.0,0.0,False,,-88.00898840622736,False,
positive,/mnt/MammoDiffusion/MammoDiffusion/experiments/diffusers/03_sd21_vae_finetuned/generated_images/final/positive/gen_1955.png,gen_1955.png,66.8956,53.0,1.0,0.7854881286621094,0.9999951435328855,0.7793426513671875,150.50384238864416,21.841497726248576,6.1477886876757575,54.81999206542969,0.0,0.0,False,,-9.962708552733796,False,
positive,/mnt/MammoDiffusion/MammoDiffusion/experiments/diffusers/03_sd21_vae_finetuned/generated_images/final/positive/gen_1956.png,gen_1956.png,116.8956,103.0,1.0,0.3900566101074219,0.9997750633245641,0.3851127624511719,164.70229310088652,28.285542725673327,5.198614029047722,39.43669128417969,0.0,0.0,False,,-6.4801613022563975,True,278.0
positive,/mnt/MammoDiffusion/MammoDiffusion/experiments/diffusers/03_sd21_vae_finetuned/generated_images/final/positive/gen_1957.png,gen_1957.png,74.8956,61.0,1.0,0.2905769348144531,0.993816706707101,0.3308868408203125,125.03133502421028,50.098736823447936,5.174726188825123,235.09210205078125,0.0,0.0,False,,-7.128429897849448,True,529.0
positive,/mnt/MammoDiffusion/MammoDiffusion/experiments/diffusers/03_sd21_vae_finetuned/generated_images/final/positive/gen_1958.png,gen_1958.png,86.8956,73.0,1.0,0.3027496337890625,0.8533340053424726,0.3120536804199219,145.08998447489702,50.211834262377074,5.66754320490652,287.9520263671875,0.0,0.0,False,,-86.29773638190098,False,
positive,/mnt/MammoDiffusion/MammoDiffusion/experiments/diffusers/03_sd21_vae_finetuned/generated_images/final/positive/gen_1959.png,gen_1959.png,90.8956,77.0,1.0,0.64794921875,0.9972741616428034,0.640411376953125,160.10119728377413,21.1787872144077,5.942026429297593,184.83853149414062,0.0,0.0,False,,-8.881369030742778,False,
positive,/mnt/MammoDiffusion/MammoDiffusion/experiments/diffusers/03_sd21_vae_finetuned/generated_images/final/positive/gen_1960.png,gen_1960.png,51.8956,38.0,1.0,0.6785697937011719,0.9982460381261841,0.6712646484375,157.25776277505,20.16951517972843,5.83070104312597,231.72364807128906,0.0,0.0,False,,-8.366744527884332,True,1188.0
positive,/mnt/MammoDiffusion/MammoDiffusion/experiments/diffusers/03_sd21_vae_finetuned/generated_images/final/positive/gen_1961.png,gen_1961.png,57.8956,44.0,1.0,0.6872787475585938,1.0,0.6812324523925781,146.96173725088335,22.259567168052534,6.160717127351793,72.0936279296875,0.0,0.0,False,,-9.157563679625044,False,
positive,/mnt/MammoDiffusion/MammoDiffusion/experiments/diffusers/03_sd21_vae_finetuned/generated_images/final/positive/gen_1962.png,gen_1962.png,220.0,164.0,53.0,0.11909103393554688,0.6762228130305263,0.07729339599609375,254.64095350903168,1.0693303585720222,6.201587610344005,361.2864074707031,0.0,0.0,True,too_empty,,False,
positive,/mnt/MammoDiffusion/MammoDiffusion/experiments/diffusers/03_sd21_vae_finetuned/generated_images/final/positive/gen_1963.png,gen_1963.png,67.8956,54.0,1.0,0.8725662231445312,0.9999781409297974,0.864532470703125,130.4638841822867,25.69869260657939,6.397048088264166,59.07777404785156,0.0,0.0,False,,-9.883411967819336,False,
positive,/mnt/MammoDiffusion/MammoDiffusion/experiments/diffusers/03_sd21_vae_finetuned/generated_images/final/positive/gen_1964.png,gen_1964.png,94.8956,81.0,1.0,0.6204681396484375,1.0,0.614593505859375,156.09009881324792,22.586591809844958,5.77073842699914,47.847084045410156,0.0,0.0,False,,-8.609642466642683,True,1313.0
positive,/mnt/MammoDiffusion/MammoDiffusion/experiments/diffusers/03_sd21_vae_finetuned/generated_images/final/positive/gen_1965.png,gen_1965.png,10.0,0.0,0.0,0.81097412109375,0.9991956423571913,0.8037643432617188,137.96555324581635,22.27945065286672,5.825796202709713,236.4591827392578,0.0,0.0,False,,-8.728478560583294,True,1360.0
positive,/mnt/MammoDiffusion/MammoDiffusion/experiments/diffusers/03_sd21_vae_finetuned/generated_images/final/positive/gen_1966.png,gen_1966.png,64.8956,51.0,1.0,0.8274917602539062,0.9985893546989241,0.8189620971679688,137.76000298109798,26.90444322256989,6.132581902092882,202.4932403564453,0.0,0.0,False,,-8.505585319054346,True,1268.0
positive,/mnt/MammoDiffusion/MammoDiffusion/experiments/diffusers/03_sd21_vae_finetuned/generated_images/final/positive/gen_1967.png,gen_1967.png,27.8956,14.0,1.0,0.6229782104492188,0.9989222950217378,0.6560897827148438,84.6534275248561,55.11389266181342,6.600285237994523,491.33941650390625,0.0,0.0,False,,-6.1702628062129765,True,180.0
positive,/mnt/MammoDiffusion/MammoDiffusion/experiments/diffusers/03_sd21_vae_finetuned/generated_images/final/positive/gen_1968.png,gen_1968.png,99.8956,86.0,1.0,0.481292724609375,0.9983672563566038,0.475830078125,161.5583632632119,23.67933356777294,5.503137409326755,46.167274475097656,0.0,0.0,False,,-6.770984002327024,True,372.0
positive,/mnt/MammoDiffusion/MammoDiffusion/experiments/diffusers/03_sd21_vae_finetuned/generated_images/final/positive/gen_1969.png,gen_1969.png,99.8956,86.0,1.0,0.5504188537597656,0.9972555080428862,0.5431098937988281,170.5633863162257,22.13698962108819,5.459067813046843,207.14105224609375,0.0,0.0,False,,-7.984284108283117,True,970.0
positive,/mnt/MammoDiffusion/MammoDiffusion/experiments/diffusers/03_sd21_vae_finetuned/generated_images/final/positive/gen_1970.png,gen_1970.png,121.7912,99.0,2.0,0.66497802734375,0.9909591555759523,0.6581382751464844,149.69791974589484,21.605404860335494,6.204581442813472,58.43653869628906,0.0,0.0,False,,-12.573624187343022,False,
positive,/mnt/MammoDiffusion/MammoDiffusion/experiments/diffusers/03_sd21_vae_finetuned/generated_images/final/positive/gen_1971.png,gen_1971.png,10.0,0.0,0.0,0.7316665649414062,0.999556834652402,0.7290153503417969,83.89077846442045,55.21712495259714,6.555111152870223,642.3328247070312,0.0,0.0,False,,-6.767822077457788,True,371.0
positive,/mnt/MammoDiffusion/MammoDiffusion/experiments/diffusers/03_sd21_vae_finetuned/generated_images/final/positive/gen_1972.png,gen_1972.png,196.0,32.0,32.0,0.048336029052734375,0.7056270223344645,0.033111572265625,211.34112903225807,9.267870500286396,6.961561973232573,684.764404296875,0.0,0.0,True,too_empty,,False,
positive,/mnt/MammoDiffusion/MammoDiffusion/experiments/diffusers/03_sd21_vae_finetuned/generated_images/final/positive/gen_1973.png,gen_1973.png,147.8956,134.0,1.0,0.3864555358886719,0.955758239805739,0.3755226135253906,171.68921485966214,21.628323486320618,5.368392625541043,143.3188018798828,0.0,0.0,False,,-30.319353010726523,False,
positive,/mnt/MammoDiffusion/MammoDiffusion/experiments/diffusers/03_sd21_vae_finetuned/generated_images/final/positive/gen_1974.png,gen_1974.png,100.8956,87.0,1.0,0.3909111022949219,0.9995803854598683,0.3853492736816406,149.26774701287903,23.036504323800383,4.735236742719165,19.760391235351562,0.0,0.0,False,,-5.837200698833994,True,117.0
positive,/mnt/MammoDiffusion/MammoDiffusion/experiments/diffusers/03_sd21_vae_finetuned/generated_images/final/positive/gen_1975.png,gen_1975.png,55.8956,42.0,1.0,0.7493782043457031,0.9982641451805849,0.7696571350097656,109.22960334256868,45.42033703471214,7.112337615864786,453.5327453613281,0.0,0.0,False,,-7.477909217702203,True,693.0
positive,/mnt/MammoDiffusion/MammoDiffusion/experiments/diffusers/03_sd21_vae_finetuned/generated_images/final/positive/gen_1976.png,gen_1976.png,102.8956,89.0,1.0,0.2743988037109375,0.9443085135961742,0.278594970703125,154.36623671815096,41.85741417878442,5.5526272321198125,235.63079833984375,0.0,0.0,False,,-35.655790570531096,False,
positive,/mnt/MammoDiffusion/MammoDiffusion/experiments/diffusers/03_sd21_vae_finetuned/generated_images/final/positive/gen_1977.png,gen_1977.png,115.8956,102.0,1.0,0.4172477722167969,0.9995885864745517,0.411590576171875,160.5331152220657,22.094194317708723,4.72735480585632,21.273574829101562,0.0,0.0,False,,-6.1875525444031485,True,190.0
positive,/mnt/MammoDiffusion/MammoDiffusion/experiments/diffusers/03_sd21_vae_finetuned/generated_images/final/positive/gen_1978.png,gen_1978.png,86.0,81.0,0.0,0.6524581909179688,0.9999883066920802,0.6462211608886719,156.39820428209654,21.864119822736917,5.487138760648372,25.833251953125,0.0,0.0,False,,-8.624526363858974,True,1319.0
positive,/mnt/MammoDiffusion/MammoDiffusion/experiments/diffusers/03_sd21_vae_finetuned/generated_images/final/positive/gen_1979.png,gen_1979.png,127.8956,114.0,1.0,0.3778648376464844,0.9930644591388622,0.3755073547363281,160.8242937106982,26.46328252548101,5.214802929631043,34.378929138183594,0.0,0.0,False,,-8.915203364905853,False,
positive,/mnt/MammoDiffusion/MammoDiffusion/experiments/diffusers/03_sd21_vae_finetuned/generated_images/final/positive/gen_1980.png,gen_1980.png,134.5824,94.0,4.0,0.13901519775390625,0.7028977553372482,0.09600067138671875,195.22152904712706,27.585797737424084,6.745220682521528,345.9054260253906,0.0,0.0,True,too_empty,,False,
positive,/mnt/MammoDiffusion/MammoDiffusion/experiments/diffusers/03_sd21_vae_finetuned/generated_images/final/positive/gen_1981.png,gen_1981.png,121.8956,108.0,1.0,0.3778724670410156,0.9922166025621612,0.37396240234375,152.19312061367717,23.98823944427801,5.086374410586416,33.166358947753906,0.0,0.0,False,,-9.182385631779491,False,
positive,/mnt/MammoDiffusion/MammoDiffusion/experiments/diffusers/03_sd21_vae_finetuned/generated_images/final/positive/gen_1982.png,gen_1982.png,109.8956,96.0,1.0,0.3298835754394531,0.9988551869283162,0.3242950439453125,164.64966122429774,26.80100993062929,4.742997879242508,36.526519775390625,0.0,0.0,False,,-6.037388568345476,True,155.0
positive,/mnt/MammoDiffusion/MammoDiffusion/experiments/diffusers/03_sd21_vae_finetuned/generated_images/final/positive/gen_1983.png,gen_1983.png,83.8956,70.0,1.0,0.5376472473144531,0.9999929048325186,0.5314407348632812,146.84608151370287,29.48092217491615,5.723955955068862,42.07337951660156,0.0,0.0,False,,-7.236770367503944,True,580.0
positive,/mnt/MammoDiffusion/MammoDiffusion/experiments/diffusers/03_sd21_vae_finetuned/generated_images/final/positive/gen_1984.png,gen_1984.png,10.0,0.0,0.0,0.8082542419433594,0.9984755450044601,0.80316162109375,120.45125009499202,35.255639153182216,6.373450632050162,434.9629211425781,0.0,0.0,False,,-7.2233463783359,True,575.0
positive,/mnt/MammoDiffusion/MammoDiffusion/experiments/diffusers/03_sd21_vae_finetuned/generated_images/final/positive/gen_1985.png,gen_1985.png,103.8956,90.0,1.0,0.4509544372558594,0.9792412130440299,0.4606895446777344,141.43685775087565,36.06127488212506,6.078687998779948,139.2342071533203,0.0,0.0,False,,-16.251741286367338,False,
positive,/mnt/MammoDiffusion/MammoDiffusion/experiments/diffusers/03_sd21_vae_finetuned/generated_images/final/positive/gen_1986.png,gen_1986.png,117.8956,104.0,1.0,0.5297279357910156,0.9985381485615525,0.52667236328125,154.18796355313478,22.414533463605025,5.602441778765692,44.628746032714844,0.0,0.0,False,,-6.997287997910728,True,466.0
positive,/mnt/MammoDiffusion/MammoDiffusion/experiments/diffusers/03_sd21_vae_finetuned/generated_images/final/positive/gen_1987.png,gen_1987.png,100.0,95.0,0.0,0.7058525085449219,0.9995244142999973,0.7030296325683594,138.09911283539978,21.6147913625895,5.73752640252348,28.824264526367188,0.0,0.0,False,,-8.451548368334707,True,1233.0
positive,/mnt/MammoDiffusion/MammoDiffusion/experiments/diffusers/03_sd21_vae_finetuned/generated_images/final/positive/gen_1988.png,gen_1988.png,114.8956,101.0,1.0,0.45871734619140625,0.9932390852390852,0.4986305236816406,150.64865774636036,33.41715131114473,5.787842741581805,158.11666870117188,0.0,0.0,False,,-8.893787090836273,False,
positive,/mnt/MammoDiffusion/MammoDiffusion/experiments/diffusers/03_sd21_vae_finetuned/generated_images/final/positive/gen_1989.png,gen_1989.png,133.8956,120.0,1.0,0.2898101806640625,0.9038988048228295,0.2976799011230469,161.28947267251874,29.419837773848972,6.098620395110509,106.35205078125,0.0,0.0,False,,-59.535574555086676,False,
positive,/mnt/MammoDiffusion/MammoDiffusion/experiments/diffusers/03_sd21_vae_finetuned/generated_images/final/positive/gen_1990.png,gen_1990.png,134.8956,121.0,1.0,0.44745635986328125,0.9705110061552626,0.49419403076171875,157.22287147819375,24.994266271365564,5.7245802998641055,131.3824005126953,0.0,0.0,False,,-22.24951354345395,False,
positive,/mnt/MammoDiffusion/MammoDiffusion/experiments/diffusers/03_sd21_vae_finetuned/generated_images/final/positive/gen_1991.png,gen_1991.png,85.8956,72.0,1.0,0.7222023010253906,0.999989435931566,0.7157783508300781,149.70276118249598,23.475548948679325,6.091441698343733,54.42582702636719,0.0,0.0,False,,-9.336033009968729,False,
positive,/mnt/MammoDiffusion/MammoDiffusion/experiments/diffusers/03_sd21_vae_finetuned/generated_images/final/positive/gen_1992.png,gen_1992.png,94.0,89.0,0.0,0.4853401184082031,0.9958421429076704,0.478057861328125,166.04971273539738,24.55315115833098,4.951087883642474,182.03668212890625,0.0,0.0,False,,-7.552278751917685,True,739.0
positive,/mnt/MammoDiffusion/MammoDiffusion/experiments/diffusers/03_sd21_vae_finetuned/generated_images/final/positive/gen_1993.png,gen_1993.png,94.8956,81.0,1.0,0.5309715270996094,1.0,0.5252037048339844,160.28745124528794,23.250588144511525,5.397579927692007,36.618255615234375,0.0,0.0,False,,-7.734397925908825,True,825.0
positive,/mnt/MammoDiffusion/MammoDiffusion/experiments/diffusers/03_sd21_vae_finetuned/generated_images/final/positive/gen_1994.png,gen_1994.png,111.0,106.0,0.0,0.4585304260253906,0.9946839044600294,0.45240020751953125,154.97415552220178,24.793276509663283,4.720620773359243,160.36134338378906,0.0,0.0,False,,-7.4666295659145305,True,684.0
positive,/mnt/MammoDiffusion/MammoDiffusion/experiments/diffusers/03_sd21_vae_finetuned/generated_images/final/positive/gen_1995.png,gen_1995.png,102.0,97.0,0.0,0.5072898864746094,0.9981050209425265,0.5019950866699219,155.31561229529999,26.962565174258994,4.862554323937927,25.531021118164062,0.0,0.0,False,,-6.06469930781726,True,161.0
positive,/mnt/MammoDiffusion/MammoDiffusion/experiments/diffusers/03_sd21_vae_finetuned/generated_images/final/positive/gen_1996.png,gen_1996.png,114.7912,92.0,2.0,0.3447074890136719,0.8854177041488219,0.319244384765625,158.42665615141956,36.95849992431245,6.172067723018065,233.3910369873047,0.0,0.0,False,,-68.94764919272939,False,
positive,/mnt/MammoDiffusion/MammoDiffusion/experiments/diffusers/03_sd21_vae_finetuned/generated_images/final/positive/gen_1997.png,gen_1997.png,134.8956,121.0,1.0,0.2183837890625,0.9224252375628843,0.20375823974609375,159.91511588722057,23.794770323719032,4.614268050260547,69.53956604003906,0.0,0.0,False,,-48.82035616328423,False,
positive,/mnt/MammoDiffusion/MammoDiffusion/experiments/diffusers/03_sd21_vae_finetuned/generated_images/final/positive/gen_1998.png,gen_1998.png,83.8956,70.0,1.0,0.3193855285644531,0.9999044490892803,0.31451416015625,141.3638414515816,30.696933648933317,4.91539998208167,38.04273223876953,0.0,0.0,False,,-5.8673771680058975,True,120.0
positive,/mnt/MammoDiffusion/MammoDiffusion/experiments/diffusers/03_sd21_vae_finetuned/generated_images/final/positive/gen_1999.png,gen_1999.png,220.0,212.0,19.0,0.38857269287109375,0.9806699259782844,0.3734283447265625,231.73797654558084,8.858032957097215,6.558838173573118,445.17425537109375,0.0,0.0,False,,-20.03918440512974,False,
positive,/mnt/MammoDiffusion/MammoDiffusion/experiments/diffusers/03_sd21_vae_finetuned/generated_images/final/positive/gen_2000.png,gen_2000.png,118.8956,105.0,1.0,0.46355438232421875,0.9959594463371682,0.4563751220703125,171.62022300979638,19.56181906310759,5.293809753671774,153.270263671875,0.0,0.0,False,,-8.236694193159153,True,1112.0
positive,/mnt/MammoDiffusion/MammoDiffusion/experiments/diffusers/03_sd21_vae_finetuned/generated_images/final/positive/gen_2001.png,gen_2001.png,109.8956,96.0,1.0,0.3607902526855469,0.8490151090622654,0.3253021240234375,153.34033022186782,36.92660930917861,5.9734201170183745,262.9407043457031,0.0,0.0,False,,-88.73354238461614,False,
positive,/mnt/MammoDiffusion/MammoDiffusion/experiments/diffusers/03_sd21_vae_finetuned/generated_images/final/positive/gen_2002.png,gen_2002.png,106.8956,93.0,1.0,0.4185829162597656,0.9747559897565822,0.4271278381347656,140.63034411310272,29.52412177077743,5.743526066120955,94.82376098632812,0.0,0.0,False,,-18.677201468839215,False,
positive,/mnt/MammoDiffusion/MammoDiffusion/experiments/diffusers/03_sd21_vae_finetuned/generated_images/final/positive/gen_2003.png,gen_2003.png,133.8956,120.0,1.0,0.29749298095703125,0.936937399020337,0.2950935363769531,168.27799681993872,32.90694890834054,6.131143541216831,211.1696319580078,0.0,0.0,False,,-41.07904936391969,False,
positive,/mnt/MammoDiffusion/MammoDiffusion/experiments/diffusers/03_sd21_vae_finetuned/generated_images/final/positive/gen_2004.png,gen_2004.png,120.8956,107.0,1.0,0.39437103271484375,0.9941188988411909,0.3874168395996094,151.95545446489234,25.230435244982573,5.1519123976719685,35.426025390625,0.0,0.0,False,,-8.002257480594118,True,976.0
positive,/mnt/MammoDiffusion/MammoDiffusion/experiments/diffusers/03_sd21_vae_finetuned/generated_images/final/positive/gen_2005.png,gen_2005.png,71.8956,58.0,1.0,0.5704078674316406,0.9977462565789914,0.5636100769042969,163.89481343106797,24.12849371150597,5.844945873895046,175.48452758789062,0.0,0.0,False,,-7.924866558687787,True,936.0
positive,/mnt/MammoDiffusion/MammoDiffusion/experiments/diffusers/03_sd21_vae_finetuned/generated_images/final/positive/gen_2006.png,gen_2006.png,124.8956,111.0,1.0,0.7617912292480469,0.9943815442240572,0.7659797668457031,152.6449199938246,22.460279408569722,6.374819989147866,74.55545043945312,0.0,0.0,False,,-11.578132344577599,False,
positive,/mnt/MammoDiffusion/MammoDiffusion/experiments/diffusers/03_sd21_vae_finetuned/generated_images/final/positive/gen_2007.png,gen_2007.png,53.8956,40.0,1.0,0.8408889770507812,0.9989067022328679,0.8316497802734375,138.63836394326918,26.039316488902564,6.388529566397253,190.72348022460938,0.0,0.0,False,,-9.12194821374638,False,
positive,/mnt/MammoDiffusion/MammoDiffusion/experiments/diffusers/03_sd21_vae_finetuned/generated_images/final/positive/gen_2008.png,gen_2008.png,68.7912,46.0,2.0,0.7659835815429688,0.9987848484546659,0.8086509704589844,125.44633296066193,42.65449041267173,7.292468415964328,426.8712158203125,0.0,0.0,False,,-8.2506879629813,True,1126.0
positive,/mnt/MammoDiffusion/MammoDiffusion/experiments/diffusers/03_sd21_vae_finetuned/generated_images/final/positive/gen_2009.png,gen_2009.png,130.8956,117.0,1.0,0.41478729248046875,0.9966155940184303,0.4106559753417969,163.8708418872096,20.96817053936725,4.614251269922509,20.003494262695312,0.0,0.0,False,,-6.722590691841632,True,358.0
positive,/mnt/MammoDiffusion/MammoDiffusion/experiments/diffusers/03_sd21_vae_finetuned/generated_images/final/positive/gen_2010.png,gen_2010.png,144.8956,131.0,1.0,0.25441741943359375,0.9939874651392929,0.24886703491210938,173.37738162755406,23.37511504521996,4.497414646502194,23.66291046142578,0.0,0.0,False,,-9.164607010631578,False,
positive,/mnt/MammoDiffusion/MammoDiffusion/experiments/diffusers/03_sd21_vae_finetuned/generated_images/final/positive/gen_2011.png,gen_2011.png,42.8956,29.0,1.0,0.6602859497070312,1.0,0.65411376953125,152.11001796211627,23.16147024428059,5.964947387509879,68.46029663085938,0.0,0.0,False,,-8.879897560337543,False,
positive,/mnt/MammoDiffusion/MammoDiffusion/experiments/diffusers/03_sd21_vae_finetuned/generated_images/final/positive/gen_2012.png,gen_2012.png,68.8956,55.0,1.0,0.6404495239257812,0.997903389123831,0.6329765319824219,169.36602563716244,23.304284680392776,5.956168741824162,193.21075439453125,0.0,0.0,False,,-8.618478372805619,True,1316.0
positive,/mnt/MammoDiffusion/MammoDiffusion/experiments/diffusers/03_sd21_vae_finetuned/generated_images/final/positive/gen_2013.png,gen_2013.png,187.0,182.0,3.0,0.045513153076171875,0.0978124214231833,0.004688262939453125,211.86167615947926,18.193170263057375,5.690824751116397,75.25806427001953,0.0,0.0,True,too_empty,,False,
positive,/mnt/MammoDiffusion/MammoDiffusion/experiments/diffusers/03_sd21_vae_finetuned/generated_images/final/positive/gen_2014.png,gen_2014.png,113.8956,100.0,1.0,0.4125862121582031,0.9964033765729449,0.40590667724609375,159.36703757306918,24.43556506224341,4.9537202524792505,169.6234893798828,0.0,0.0,False,,-6.576151057145061,True,312.0
positive,/mnt/MammoDiffusion/MammoDiffusion/experiments/diffusers/03_sd21_vae_finetuned/generated_images/final/positive/gen_2015.png,gen_2015.png,104.8956,91.0,1.0,0.6497535705566406,0.9954793370477135,0.6417350769042969,151.22074340028652,23.327067250648053,5.89866697361188,147.5549774169922,0.0,0.0,False,,-9.467026255415801,False,
positive,/mnt/MammoDiffusion/MammoDiffusion/experiments/diffusers/03_sd21_vae_finetuned/generated_images/final/positive/gen_2016.png,gen_2016.png,104.8956,91.0,1.0,0.3726806640625,0.9167110219456273,0.37516021728515625,147.24824598865231,41.14933019645685,6.110180993766383,276.26220703125,0.0,0.0,False,,-50.55959600767058,False,
positive,/mnt/MammoDiffusion/MammoDiffusion/experiments/diffusers/03_sd21_vae_finetuned/generated_images/final/positive/gen_2017.png,gen_2017.png,37.8956,24.0,1.0,0.6114501953125,0.9984215911359553,0.60516357421875,173.59026096822996,22.874137847286306,5.904221332416629,262.26312255859375,0.0,0.0,False,,-8.1664127122663,True,1072.0
positive,/mnt/MammoDiffusion/MammoDiffusion/experiments/diffusers/03_sd21_vae_finetuned/generated_images/final/positive/gen_2018.png,gen_2018.png,116.8956,103.0,1.0,0.30783843994140625,0.9500978958586335,0.3034400939941406,158.60291658809479,33.61047060112645,5.546646464433623,137.20587158203125,0.0,0.0,False,,-32.88550232762333,False,
positive,/mnt/MammoDiffusion/MammoDiffusion/experiments/diffusers/03_sd21_vae_finetuned/generated_images/final/positive/gen_2019.png,gen_2019.png,51.8956,38.0,1.0,0.6521720886230469,0.9896176365646367,0.6752128601074219,109.3797788738044,48.565996366092165,6.95504664782019,581.3274536132812,0.0,0.0,False,,-11.556239054668414,False,
positive,/mnt/MammoDiffusion/MammoDiffusion/experiments/diffusers/03_sd21_vae_finetuned/generated_images/final/positive/gen_2020.png,gen_2020.png,62.8956,49.0,1.0,0.6835861206054688,1.0,0.6778144836425781,134.78354391197905,18.345878487101157,5.738224823105238,48.63262176513672,0.0,0.0,False,,-8.651391324331652,True,1328.0
positive,/mnt/MammoDiffusion/MammoDiffusion/experiments/diffusers/03_sd21_vae_finetuned/generated_images/final/positive/gen_2021.png,gen_2021.png,106.8956,93.0,1.0,0.26187896728515625,0.9672396212672979,0.23239898681640625,153.77980040051213,39.89196307207199,5.5957937239405116,239.18841552734375,0.0,0.0,False,,-23.178751902110182,False,
positive,/mnt/MammoDiffusion/MammoDiffusion/experiments/diffusers/03_sd21_vae_finetuned/generated_images/final/positive/gen_2022.png,gen_2022.png,200.0,159.0,35.0,0.049900054931640625,0.3080804219860867,0.015045166015625,214.6130831643002,10.395080519811652,7.292167429214736,315.0423583984375,0.0,0.0,True,too_empty,,False,
positive,/mnt/MammoDiffusion/MammoDiffusion/experiments/diffusers/03_sd21_vae_finetuned/generated_images/final/positive/gen_2023.png,gen_2023.png,20.8956,7.0,1.0,0.7626533508300781,0.9995448293109916,0.7589759826660156,101.88378124356029,51.80296629227538,7.079173084804698,555.9990844726562,0.0,0.0,False,,-7.894550952003387,True,918.0
positive,/mnt/MammoDiffusion/MammoDiffusion/experiments/diffusers/03_sd21_vae_finetuned/generated_images/final/positive/gen_2024.png,gen_2024.png,52.8956,39.0,1.0,0.6312637329101562,0.9986584643647043,0.6431541442871094,108.81100125149023,46.23236517290491,6.713272373566058,372.0646057128906,0.0,0.0,False,,-6.3057535695801885,True,220.0
positive,/mnt/MammoDiffusion/MammoDiffusion/experiments/diffusers/03_sd21_vae_finetuned/generated_images/final/positive/gen_2025.png,gen_2025.png,40.8956,27.0,1.0,0.65625,0.9993198939732143,0.6661529541015625,103.37097716288339,50.91182220611105,6.8682494217631564,536.5518188476562,0.0,0.0,False,,-6.942393689749951,True,448.0
positive,/mnt/MammoDiffusion/MammoDiffusion/experiments/diffusers/03_sd21_vae_finetuned/generated_images/final/positive/gen_2026.png,gen_2026.png,188.0,178.0,4.0,0.047840118408203125,0.5823299577386173,0.02669525146484375,212.20591597599315,13.619058246094566,6.1474833081196865,521.3322143554688,0.0,0.0,True,too_empty,,False,
positive,/mnt/MammoDiffusion/MammoDiffusion/experiments/diffusers/03_sd21_vae_finetuned/generated_images/final/positive/gen_2027.png,gen_2027.png,15.8956,2.0,1.0,0.7505416870117188,0.9998678526048285,0.7450332641601562,136.59179953508854,27.79180298137831,6.32868778081397,178.92352294921875,0.0,0.0,False,,-8.84085320638938,False,
positive,/mnt/MammoDiffusion/MammoDiffusion/experiments/diffusers/03_sd21_vae_finetuned/generated_images/final/positive/gen_2028.png,gen_2028.png,100.8956,87.0,1.0,0.3430824279785156,0.9938512514315576,0.34004974365234375,141.87466065378834,32.693065236972075,5.120300557141654,87.62345123291016,0.0,0.0,False,,-7.539883606783649,True,729.0
positive,/mnt/MammoDiffusion/MammoDiffusion/experiments/diffusers/03_sd21_vae_finetuned/generated_images/final/positive/gen_2029.png,gen_2029.png,119.8956,106.0,1.0,0.429595947265625,0.9923190310435462,0.4229240417480469,150.7610470203036,25.937472237805864,4.999750126216629,24.958831787109375,0.0,0.0,False,,-8.813217129269532,False,
positive,/mnt/MammoDiffusion/MammoDiffusion/experiments/diffusers/03_sd21_vae_finetuned/generated_images/final/positive/gen_2030.png,gen_2030.png,115.8956,102.0,1.0,0.3725929260253906,0.9998669028288268,0.36827850341796875,156.9867000890804,24.245443048053534,5.025502443298897,35.70558166503906,0.0,0.0,False,,-6.528231185171935,True,297.0
positive,/mnt/MammoDiffusion/MammoDiffusion/experiments/diffusers/03_sd21_vae_finetuned/generated_images/final/positive/gen_2031.png,gen_2031.png,10.0,0.0,0.0,0.7727012634277344,0.9984300870363696,0.7645263671875,142.0219643142264,22.4695603825791,5.570031415515692,229.613525390625,0.0,0.0,False,,-8.01126935209839,True,988.0
positive,/mnt/MammoDiffusion/MammoDiffusion/experiments/diffusers/03_sd21_vae_finetuned/generated_images/final/positive/gen_2032.png,gen_2032.png,110.8956,97.0,1.0,0.7005538940429688,0.994385938163641,0.7105445861816406,146.04800150323464,27.40632633748206,6.542000612515519,286.1899719238281,0.0,0.0,False,,-10.55514663827086,False,
positive,/mnt/MammoDiffusion/MammoDiffusion/experiments/diffusers/03_sd21_vae_finetuned/generated_images/final/positive/gen_2033.png,gen_2033.png,105.0,100.0,0.0,0.5277023315429688,0.9997253025286625,0.5217666625976562,154.5441883928702,24.688734966565622,5.01828840576552,29.799972534179688,0.0,0.0,False,,-6.916356460164075,True,433.0
positive,/mnt/MammoDiffusion/MammoDiffusion/experiments/diffusers/03_sd21_vae_finetuned/generated_images/final/positive/gen_2034.png,gen_2034.png,103.8956,90.0,1.0,0.2812538146972656,0.9671906576787966,0.2804527282714844,150.90605149689196,40.836882877009735,5.573952513348597,216.91720581054688,0.0,0.0,False,,-22.80456284858801,False,
positive,/mnt/MammoDiffusion/MammoDiffusion/experiments/diffusers/03_sd21_vae_finetuned/generated_images/final/positive/gen_2035.png,gen_2035.png,220.0,207.0,11.0,0.07201766967773438,0.18507336193654325,0.008953094482421875,226.48444823178525,5.194478663916623,7.151957285009238,457.49945068359375,0.0,0.0,True,too_empty,,False,
positive,/mnt/MammoDiffusion/MammoDiffusion/experiments/diffusers/03_sd21_vae_finetuned/generated_images/final/positive/gen_2036.png,gen_2036.png,128.8956,115.0,1.0,0.7266883850097656,0.998509162873956,0.7278060913085938,157.75592012159967,20.2513460559424,6.0068679636681725,52.48908996582031,0.0,0.0,False,,-9.005691053262584,False,
positive,/mnt/MammoDiffusion/MammoDiffusion/experiments/diffusers/03_sd21_vae_finetuned/generated_images/final/positive/gen_2037.png,gen_2037.png,117.8956,104.0,1.0,0.17623138427734375,0.8990648945841812,0.16925430297851562,170.88386035294914,36.71047545517898,5.091062726422757,120.76343536376953,0.0,0.0,False,,-61.85335816788334,False,
positive,/mnt/MammoDiffusion/MammoDiffusion/experiments/diffusers/03_sd21_vae_finetuned/generated_images/final/positive/gen_2038.png,gen_2038.png,58.8956,45.0,1.0,0.48259735107421875,0.9979053039285432,0.5040740966796875,113.66353867110641,48.395236357972976,6.135815516927507,341.61273193359375,0.0,0.0,False,,-5.407524346872157,True,47.0
positive,/mnt/MammoDiffusion/MammoDiffusion/experiments/diffusers/03_sd21_vae_finetuned/generated_images/final/positive/gen_2039.png,gen_2039.png,138.8956,125.0,1.0,0.2504539489746094,0.9668113624247963,0.24377822875976562,172.43663250136922,29.335779001670257,4.778949775622513,41.610862731933594,0.0,0.0,False,,-24.093725393612445,False,
positive,/mnt/MammoDiffusion/MammoDiffusion/experiments/diffusers/03_sd21_vae_finetuned/generated_images/final/positive/gen_2040.png,gen_2040.png,94.8956,81.0,1.0,0.5622138977050781,0.998609047299177,0.5582466125488281,139.85039052623668,30.050571176371925,5.989903420647545,49.13445281982422,0.0,0.0,False,,-6.648533309748967,True,338.0
positive,/mnt/MammoDiffusion/MammoDiffusion/experiments/diffusers/03_sd21_vae_finetuned/generated_images/final/positive/gen_2041.png,gen_2041.png,50.8956,37.0,1.0,0.4846687316894531,0.9981425074575178,0.49590301513671875,112.70652625425006,51.4297585751868,6.117291132250876,376.78778076171875,0.0,0.0,False,,-5.344174280187594,True,41.0
positive,/mnt/MammoDiffusion/MammoDiffusion/experiments/diffusers/03_sd21_vae_finetuned/generated_images/final/positive/gen_2042.png,gen_2042.png,169.8956,156.0,1.0,0.054874420166015625,0.8606882168925964,0.045398712158203125,191.4865977648937,13.514152183787777,5.721707744330421,109.22962188720703,0.0,0.0,True,too_empty,,False,
positive,/mnt/MammoDiffusion/MammoDiffusion/experiments/diffusers/03_sd21_vae_finetuned/generated_images/final/positive/gen_2043.png,gen_2043.png,69.8956,56.0,1.0,0.7962646484375,1.0,0.7891120910644531,144.88183369508994,17.476248176642166,5.768886908724849,32.69200897216797,0.0,0.0,False,,-9.821662388077003,False,
positive,/mnt/MammoDiffusion/MammoDiffusion/experiments/diffusers/03_sd21_vae_finetuned/generated_images/final/positive/gen_2044.png,gen_2044.png,96.8956,83.0,1.0,0.6478309631347656,0.9970616811423524,0.64013671875,156.5756638539283,26.238938010990378,6.283493414054359,173.32757568359375,0.0,0.0,False,,-8.8831046352906,False,
positive,/mnt/MammoDiffusion/MammoDiffusion/experiments/diffusers/03_sd21_vae_finetuned/generated_images/final/positive/gen_2045.png,gen_2045.png,124.8956,111.0,1.0,0.3900299072265625,0.9999804389499628,0.3855705261230469,163.22254761315855,22.701589740367123,4.624766102305093,18.445838928222656,0.0,0.0,False,,-6.40061948710264,True,243.0
positive,/mnt/MammoDiffusion/MammoDiffusion/experiments/diffusers/03_sd21_vae_finetuned/generated_images/final/positive/gen_2046.png,gen_2046.png,116.8956,103.0,1.0,0.2328033447265625,0.982204889558891,0.22288131713867188,150.22196929501771,29.980566694353517,4.464266083603956,26.247154235839844,0.0,0.0,False,,-14.672201815308737,False,
positive,/mnt/MammoDiffusion/MammoDiffusion/experiments/diffusers/03_sd21_vae_finetuned/generated_images/final/positive/gen_2047.png,gen_2047.png,123.8956,110.0,1.0,0.3143157958984375,0.9974513325889607,0.3113975524902344,159.4618833531379,27.376154752422693,4.9084514189120485,38.45820617675781,0.0,0.0,False,,-6.4987915076989875,True,285.0
positive,/mnt/MammoDiffusion/MammoDiffusion/experiments/diffusers/03_sd21_vae_finetuned/generated_images/final/positive/gen_2048.png,gen_2048.png,154.8956,141.0,1.0,0.10033416748046875,0.535130408333967,0.050689697265625,187.0105358217941,15.229235043623122,5.276304649367463,37.169219970703125,0.0,0.0,True,too_empty,,False,
positive,/mnt/MammoDiffusion/MammoDiffusion/experiments/diffusers/03_sd21_vae_finetuned/generated_images/final/positive/gen_2049.png,gen_2049.png,131.0,126.0,0.0,0.216339111328125,0.997672450275074,0.21105194091796875,166.759480172071,25.288484970881623,3.5641668117724667,13.869537353515625,0.0,0.0,False,,-6.683852137002338,True,347.0
positive,/mnt/MammoDiffusion/MammoDiffusion/experiments/diffusers/03_sd21_vae_finetuned/generated_images/final/positive/gen_2050.png,gen_2050.png,118.8956,105.0,1.0,0.2583122253417969,0.9316842649339142,0.23588943481445312,158.28968093536233,33.8859409985087,5.288884578603925,104.06878662109375,0.0,0.0,False,,-43.3227222082253,False,
positive,/mnt/MammoDiffusion/MammoDiffusion/experiments/diffusers/03_sd21_vae_finetuned/generated_images/final/positive/gen_2051.png,gen_2051.png,128.8956,115.0,1.0,0.391510009765625,0.9976712916049575,0.38587188720703125,166.3105660675801,24.703261478126958,4.7760186219674585,23.47803497314453,0.0,0.0,False,,-6.1604278481159245,True,179.0
positive,/mnt/MammoDiffusion/MammoDiffusion/experiments/diffusers/03_sd21_vae_finetuned/generated_images/final/positive/gen_2052.png,gen_2052.png,148.5824,108.0,4.0,0.09374618530273438,0.808911495422177,0.07373046875,196.82512417218544,22.472521529824427,6.619219606620469,435.8033752441406,0.0,0.0,True,too_empty,,False,
positive,/mnt/MammoDiffusion/MammoDiffusion/experiments/diffusers/03_sd21_vae_finetuned/generated_images/final/positive/gen_2053.png,gen_2053.png,99.8956,86.0,1.0,0.5414466857910156,0.9974495726977461,0.5344085693359375,170.48795791337122,17.583426127333926,5.442126116943944,159.43862915039062,0.0,0.0,False,,-8.179144992374589,True,1076.0
positive,/mnt/MammoDiffusion/MammoDiffusion/experiments/diffusers/03_sd21_vae_finetuned/generated_images/final/positive/gen_2054.png,gen_2054.png,137.8956,124.0,1.0,0.21094131469726562,0.8910971662115486,0.19144058227539062,172.1671216498954,28.794711770366348,5.250572076520767,116.26272583007812,0.0,0.0,False,,-66.88857314254531,False,
positive,/mnt/MammoDiffusion/MammoDiffusion/experiments/diffusers/03_sd21_vae_finetuned/generated_images/final/positive/gen_2055.png,gen_2055.png,71.8956,58.0,1.0,0.7415275573730469,1.0,0.7355422973632812,148.9551753467,19.381448873279865,5.915653721594296,35.46961212158203,0.0,0.0,False,,-9.591555598172313,False,
positive,/mnt/MammoDiffusion/MammoDiffusion/experiments/diffusers/03_sd21_vae_finetuned/generated_images/final/positive/gen_2056.png,gen_2056.png,87.8956,74.0,1.0,0.4462165832519531,1.0,0.4404792785644531,163.18977387870336,23.58258598376046,5.302665679957774,43.227874755859375,0.0,0.0,False,,-7.126670881984547,True,525.0
positive,/mnt/MammoDiffusion/MammoDiffusion/experiments/diffusers/03_sd21_vae_finetuned/generated_images/final/positive/gen_2057.png,gen_2057.png,220.0,213.0,12.0,0.49546051025390625,0.990291187385473,0.4827308654785156,225.80152514915642,8.143436895337311,5.894977182396082,333.23443603515625,0.0,0.0,False,,-14.393981445134457,False,
positive,/mnt/MammoDiffusion/MammoDiffusion/experiments/diffusers/03_sd21_vae_finetuned/generated_images/final/positive/gen_2058.png,gen_2058.png,120.0,115.0,0.0,0.5360298156738281,0.9963207298761004,0.5302734375,168.89191988950276,24.79199033195466,5.254588889031271,223.91432189941406,0.0,0.0,False,,-7.95607678889808,True,956.0
positive,/mnt/MammoDiffusion/MammoDiffusion/experiments/diffusers/03_sd21_vae_finetuned/generated_images/final/positive/gen_2059.png,gen_2059.png,77.8956,64.0,1.0,0.7147254943847656,0.9999893254199113,0.7090225219726562,134.11951621060334,28.102603715121504,6.322449339008411,78.9497299194336,0.0,0.0,False,,-8.684985091908693,True,1344.0
positive,/mnt/MammoDiffusion/MammoDiffusion/experiments/diffusers/03_sd21_vae_finetuned/generated_images/final/positive/gen_2060.png,gen_2060.png,51.8956,38.0,1.0,0.8537673950195312,0.9995085116840177,0.84771728515625,124.42527809777522,39.08212218258455,6.979427179419586,334.11663818359375,0.0,0.0,False,,-8.61482138111813,True,1314.0
positive,/mnt/MammoDiffusion/MammoDiffusion/experiments/diffusers/03_sd21_vae_finetuned/generated_images/final/positive/gen_2061.png,gen_2061.png,127.8956,114.0,1.0,0.30760955810546875,0.9794761774845606,0.2956085205078125,156.6149150880091,23.427356055092222,4.717694481302425,28.84447479248047,0.0,0.0,False,,-16.601433040344936,False,
positive,/mnt/MammoDiffusion/MammoDiffusion/experiments/diffusers/03_sd21_vae_finetuned/generated_images/final/positive/gen_2062.png,gen_2062.png,96.8956,83.0,1.0,0.63446044921875,0.9970899470899471,0.6296768188476562,136.86079507590904,25.401218618270445,5.903517488036245,183.3164825439453,0.0,0.0,False,,-7.866979548602276,True,904.0
positive,/mnt/MammoDiffusion/MammoDiffusion/experiments/diffusers/03_sd21_vae_finetuned/generated_images/final/positive/gen_2063.png,gen_2063.png,75.0,70.0,0.0,0.5892868041992188,0.9966402982949029,0.5816001892089844,155.4332133042115,20.412920229483245,5.224122156260755,191.0593719482422,0.0,0.0,False,,-8.033185846596613,True,999.0
positive,/mnt/MammoDiffusion/MammoDiffusion/experiments/diffusers/03_sd21_vae_finetuned/generated_images/final/positive/gen_2064.png,gen_2064.png,210.0,208.0,1.0,0.029296875,0.316015625,0.008449554443359375,214.39638826185103,2.969823482156298,6.677795195702208,235.79855346679688,0.0,0.0,True,too_empty,,False,
positive,/mnt/MammoDiffusion/MammoDiffusion/experiments/diffusers/03_sd21_vae_finetuned/generated_images/final/positive/gen_2065.png,gen_2065.png,53.8956,40.0,1.0,0.48027801513671875,0.9999920573144192,0.4745597839355469,156.32279768172793,26.488372670873574,5.389761988632857,48.839256286621094,0.0,0.0,False,,-7.0159839230082754,True,474.0
positive,/mnt/MammoDiffusion/MammoDiffusion/experiments/diffusers/03_sd21_vae_finetuned/generated_images/final/positive/gen_2066.png,gen_2066.png,74.8956,61.0,1.0,0.7786178588867188,0.9982215472049385,0.7717323303222656,134.17068782284176,27.277655009367308,6.372943108767071,151.99118041992188,0.0,0.0,False,,-8.482982800969815,True,1254.0
positive,/mnt/MammoDiffusion/MammoDiffusion/experiments/diffusers/03_sd21_vae_finetuned/generated_images/final/positive/gen_2067.png,gen_2067.png,71.8956,58.0,1.0,0.7217330932617188,0.9920030867133902,0.7817115783691406,117.3734073130621,42.85416347776376,7.054745577967229,332.4089050292969,0.0,0.0,False,,-11.195619327125854,False,
positive,/mnt/MammoDiffusion/MammoDiffusion/experiments/diffusers/03_sd21_vae_finetuned/generated_images/final/positive/gen_2068.png,gen_2068.png,181.8956,168.0,1.0,0.06461715698242188,0.7860558474526241,0.04976654052734375,206.22757933466195,13.34858339283179,6.482973334378163,476.3121643066406,0.0,0.0,True,too_empty,,False,
positive,/mnt/MammoDiffusion/MammoDiffusion/experiments/diffusers/03_sd21_vae_finetuned/generated_images/final/positive/gen_2069.png,gen_2069.png,85.8956,72.0,1.0,0.6955032348632812,0.9972137207797194,0.6882781982421875,144.71354778637462,23.08866556840327,6.089434699159246,144.66136169433594,0.0,0.0,False,,-8.82742162866869,False,
positive,/mnt/MammoDiffusion/MammoDiffusion/experiments/diffusers/03_sd21_vae_finetuned/generated_images/final/positive/gen_2070.png,gen_2070.png,25.8956,12.0,1.0,0.6131210327148438,0.9978845986336996,0.605712890625,165.42908605401047,22.143982585868596,5.812555882256815,264.81109619140625,0.0,0.0,False,,-8.17702248714201,True,1074.0
positive,/mnt/MammoDiffusion/MammoDiffusion/experiments/diffusers/03_sd21_vae_finetuned/generated_images/final/positive/gen_2071.png,gen_2071.png,135.7912,113.0,2.0,0.6265029907226562,0.9768440152465385,0.6111602783203125,153.83587995905424,16.375482333783825,6.339268247743972,95.56413269042969,0.0,0.0,False,,-20.676771514260327,False,
positive,/mnt/MammoDiffusion/MammoDiffusion/experiments/diffusers/03_sd21_vae_finetuned/generated_images/final/positive/gen_2072.png,gen_2072.png,94.8956,81.0,1.0,0.47005462646484375,0.9970459820486601,0.4631843566894531,163.23054496339182,27.10380564003182,5.47466595022727,146.44723510742188,0.0,0.0,False,,-7.077052867739024,True,499.0
positive,/mnt/MammoDiffusion/MammoDiffusion/experiments/diffusers/03_sd21_vae_finetuned/generated_images/final/positive/gen_2073.png,gen_2073.png,120.8956,107.0,1.0,0.21252822875976562,0.9446628255523846,0.2011871337890625,162.39541145240804,37.51344193154265,5.123054583678775,239.7257080078125,0.0,0.0,False,,-35.88938658323354,False,
positive,/mnt/MammoDiffusion/MammoDiffusion/experiments/diffusers/03_sd21_vae_finetuned/generated_images/final/positive/gen_2074.png,gen_2074.png,108.8956,95.0,1.0,0.6042823791503906,0.9979862255301151,0.5973663330078125,166.4707016782038,23.028042727652387,5.986656035904412,161.06179809570312,0.0,0.0,False,,-8.333044149221251,True,1164.0
positive,/mnt/MammoDiffusion/MammoDiffusion/experiments/diffusers/03_sd21_vae_finetuned/generated_images/final/positive/gen_2075.png,gen_2075.png,74.8956,61.0,1.0,0.6118202209472656,0.997880101006952,0.6045951843261719,156.63463540516497,19.74312705584453,5.322866954691655,194.76202392578125,0.0,0.0,False,,-7.676594255768842,True,793.0
positive,/mnt/MammoDiffusion/MammoDiffusion/experiments/diffusers/03_sd21_vae_finetuned/generated_images/final/positive/gen_2076.png,gen_2076.png,205.0,198.0,3.0,0.0369110107421875,0.15057875155022737,0.00365447998046875,229.43528183716074,10.490550846875532,6.57959470533093,601.4066772460938,0.0,0.0,True,too_empty,,False,
positive,/mnt/MammoDiffusion/MammoDiffusion/experiments/diffusers/03_sd21_vae_finetuned/generated_images/final/positive/gen_2077.png,gen_2077.png,132.8956,119.0,1.0,0.4392204284667969,0.9950320916457499,0.4343910217285156,163.01045902013647,25.56563825663157,5.1497883236062005,31.2425537109375,0.0,0.0,False,,-7.924761418732823,True,935.0
positive,/mnt/MammoDiffusion/MammoDiffusion/experiments/diffusers/03_sd21_vae_finetuned/generated_images/final/positive/gen_2078.png,gen_2078.png,82.8956,69.0,1.0,0.3932075500488281,0.967955994062691,0.4147987365722656,129.08586773591327,44.21057685166509,5.951520268813686,227.16757202148438,0.0,0.0,False,,-21.56955946857272,False,
positive,/mnt/MammoDiffusion/MammoDiffusion/experiments/diffusers/03_sd21_vae_finetuned/generated_images/final/positive/gen_2079.png,gen_2079.png,148.8956,135.0,1.0,0.5130081176757812,0.9910545649231868,0.5077438354492188,170.3893405057775,19.009347000137108,5.309599090360381,26.08490753173828,0.0,0.0,False,,-11.480053105492143,False,
positive,/mnt/MammoDiffusion/MammoDiffusion/experiments/diffusers/03_sd21_vae_finetuned/generated_images/final/positive/gen_2080.png,gen_2080.png,220.0,196.0,35.0,0.38936614990234375,0.9889291662584501,0.3779029846191406,231.08346035431282,12.775419585245322,6.285494261621251,448.417724609375,0.0,0.0,False,,-14.853259903368052,False,
positive,/mnt/MammoDiffusion/MammoDiffusion/experiments/diffusers/03_sd21_vae_finetuned/generated_images/final/positive/gen_2081.png,gen_2081.png,110.8956,97.0,1.0,0.4584846496582031,0.9964389419996839,0.4514312744140625,164.91506675680245,25.044475114958605,5.160396639929862,164.2947998046875,0.0,0.0,False,,-7.20009600640512,True,559.0
positive,/mnt/MammoDiffusion/MammoDiffusion/experiments/diffusers/03_sd21_vae_finetuned/generated_images/final/positive/gen_2082.png,gen_2082.png,123.8956,110.0,1.0,0.2304229736328125,0.9803986490960863,0.22945022583007812,154.51131357129793,22.257419749289678,4.491405487735155,24.15093231201172,0.0,0.0,False,,-16.33650675416918,False,
positive,/mnt/MammoDiffusion/MammoDiffusion/experiments/diffusers/03_sd21_vae_finetuned/generated_images/final/positive/gen_2083.png,gen_2083.png,189.0,187.0,0.0,0.0426025390625,0.6302829512893983,0.02643585205078125,209.82251082251082,14.569848129059244,5.001138464217712,293.9791564941406,0.0,0.0,True,too_empty,,False,
positive,/mnt/MammoDiffusion/MammoDiffusion/experiments/diffusers/03_sd21_vae_finetuned/generated_images/final/positive/gen_2084.png,gen_2084.png,69.8956,56.0,1.0,0.6670036315917969,0.9987989774150563,0.6616172790527344,122.4524184295343,33.82781409893064,6.302585428477913,185.09243774414062,0.0,0.0,False,,-6.793371012258965,True,382.0
positive,/mnt/MammoDiffusion/MammoDiffusion/experiments/diffusers/03_sd21_vae_finetuned/generated_images/final/positive/gen_2085.png,gen_2085.png,92.8956,79.0,1.0,0.36331939697265625,0.9841561495978665,0.3883094787597656,142.03694753077323,45.31797178279184,5.857152794917675,212.47947692871094,0.0,0.0,False,,-12.987369458068201,False,
positive,/mnt/MammoDiffusion/MammoDiffusion/experiments/diffusers/03_sd21_vae_finetuned/generated_images/final/positive/gen_2086.png,gen_2086.png,85.8956,72.0,1.0,0.5895729064941406,0.992669181445847,0.6500282287597656,128.3563183314652,40.1293783574138,6.454133925770959,255.11399841308594,0.0,0.0,False,,-9.613068174267607,False,
positive,/mnt/MammoDiffusion/MammoDiffusion/experiments/diffusers/03_sd21_vae_finetuned/generated_images/final/positive/gen_2087.png,gen_2087.png,44.8956,31.0,1.0,0.7753639221191406,0.9993161367136187,0.7807579040527344,107.45145135363583,45.11197364233931,6.93871770831274,397.09637451171875,0.0,0.0,False,,-7.669434710476223,True,791.0
positive,/mnt/MammoDiffusion/MammoDiffusion/experiments/diffusers/03_sd21_vae_finetuned/generated_images/final/positive/gen_2088.png,gen_2088.png,118.8956,105.0,1.0,0.23617172241210938,0.9671302353378236,0.22721481323242188,157.27134294780316,31.61458582293407,4.654475669818765,53.02288818359375,0.0,0.0,False,,-23.26740444120346,False,
positive,/mnt/MammoDiffusion/MammoDiffusion/experiments/diffusers/03_sd21_vae_finetuned/generated_images/final/positive/gen_2089.png,gen_2089.png,35.8956,22.0,1.0,0.6065635681152344,0.9993207846195451,0.6056594848632812,108.3830383573723,50.694654461242166,6.77393360317261,420.55267333984375,0.0,0.0,False,,-6.722724899591472,True,359.0
positive,/mnt/MammoDiffusion/MammoDiffusion/experiments/diffusers/03_sd21_vae_finetuned/generated_images/final/positive/gen_2090.png,gen_2090.png,83.8956,70.0,1.0,0.4043006896972656,0.9942067273670803,0.4693603515625,131.50107282184655,47.38801166639414,5.928670970332805,318.5896911621094,0.0,0.0,False,,-7.5251632177713335,True,718.0
positive,/mnt/MammoDiffusion/MammoDiffusion/experiments/diffusers/03_sd21_vae_finetuned/generated_images/final/positive/gen_2091.png,gen_2091.png,94.8956,81.0,1.0,0.6921310424804688,0.9981756853580838,0.6864967346191406,145.3648901706481,23.594724793259633,6.1012103360063685,141.77227783203125,0.0,0.0,False,,-8.280620896888218,True,1144.0
positive,/mnt/MammoDiffusion/MammoDiffusion/experiments/diffusers/03_sd21_vae_finetuned/generated_images/final/positive/gen_2092.png,gen_2092.png,96.8956,83.0,1.0,0.7152557373046875,0.999952,0.709808349609375,145.9382335869986,23.619558541954046,5.917907850386049,37.910797119140625,0.0,0.0,False,,-8.99916150243441,False,
positive,/mnt/MammoDiffusion/MammoDiffusion/experiments/diffusers/03_sd21_vae_finetuned/generated_images/final/positive/gen_2093.png,gen_2093.png,87.8956,74.0,1.0,0.7763290405273438,0.9952926146135325,0.77227783203125,127.46670256065755,30.123097605579975,6.486799783411696,70.19065856933594,0.0,0.0,False,,-9.920098173020726,False,
positive,/mnt/MammoDiffusion/MammoDiffusion/experiments/diffusers/03_sd21_vae_finetuned/generated_images/final/positive/gen_2094.png,gen_2094.png,69.8956,56.0,1.0,0.7013435363769531,0.9980799878163533,0.6934089660644531,149.33695323287836,21.94104048201427,6.14122073679106,185.01986694335938,0.0,0.0,False,,-8.604646923696711,True,1310.0
positive,/mnt/MammoDiffusion/MammoDiffusion/experiments/diffusers/03_sd21_vae_finetuned/generated_images/final/positive/gen_2095.png,gen_2095.png,220.0,214.0,4.0,0.06676483154296875,0.218603588161353,0.013828277587890625,226.83751724137932,5.753878395876152,6.438093966151829,386.8125915527344,0.0,0.0,True,too_empty,,False,
positive,/mnt/MammoDiffusion/MammoDiffusion/experiments/diffusers/03_sd21_vae_finetuned/generated_images/final/positive/gen_2096.png,gen_2096.png,100.8956,87.0,1.0,0.3347625732421875,0.9841150462646429,0.3272705078125,148.28816206639314,36.697776567975346,5.129124829211215,49.65448760986328,0.0,0.0,False,,-13.000583279753755,False,
positive,/mnt/MammoDiffusion/MammoDiffusion/experiments/diffusers/03_sd21_vae_finetuned/generated_images/final/positive/gen_2097.png,gen_2097.png,103.8956,90.0,1.0,0.5162696838378906,0.9987512653598055,0.5101089477539062,153.9623472577437,26.304883016481593,5.893480587632843,46.824928283691406,0.0,0.0,False,,-7.006394837717491,True,470.0
positive,/mnt/MammoDiffusion/MammoDiffusion/experiments/diffusers/03_sd21_vae_finetuned/generated_images/final/positive/gen_2098.png,gen_2098.png,42.8956,29.0,1.0,0.8030319213867188,0.9995012113438791,0.8028488159179688,108.70990012448803,46.89756490052893,7.173200506410092,555.581787109375,0.0,0.0,False,,-8.121517507042247,True,1046.0
positive,/mnt/MammoDiffusion/MammoDiffusion/experiments/diffusers/03_sd21_vae_finetuned/generated_images/final/positive/gen_2099.png,gen_2099.png,114.8956,101.0,1.0,0.5666694641113281,0.9999394139307568,0.5618629455566406,159.97345355050274,25.39564145829619,5.775064522107003,48.85646057128906,0.0,0.0,False,,-8.14375981495109,True,1063.0
positive,/mnt/MammoDiffusion/MammoDiffusion/experiments/diffusers/03_sd21_vae_finetuned/generated_images/final/positive/gen_2100.png,gen_2100.png,76.8956,63.0,1.0,0.4662666320800781,0.9855926171366861,0.5584526062011719,119.78887940161891,48.27238268822398,6.345862750716318,449.68963623046875,0.0,0.0,False,,-12.862961286588112,False,
positive,/mnt/MammoDiffusion/MammoDiffusion/experiments/diffusers/03_sd21_vae_finetuned/generated_images/final/positive/gen_2101.png,gen_2101.png,43.8956,30.0,1.0,0.8879547119140625,0.999995703950647,0.8788948059082031,135.49866100687075,23.6723984388648,6.157853002639889,53.015724182128906,0.0,0.0,False,,-10.058702777797704,False,
positive,/mnt/MammoDiffusion/MammoDiffusion/experiments/diffusers/03_sd21_vae_finetuned/generated_images/final/positive/gen_2102.png,gen_2102.png,113.8956,100.0,1.0,0.290130615234375,0.8892658041443147,0.27105712890625,156.85279216392703,36.503891032933524,5.980056909147373,200.08154296875,0.0,0.0,False,,-66.97182660548805,False,
positive,/mnt/MammoDiffusion/MammoDiffusion/experiments/diffusers/03_sd21_vae_finetuned/generated_images/final/positive/gen_2103.png,gen_2103.png,220.0,193.0,55.0,0.2099151611328125,0.867867267572872,0.179046630859375,248.81340548832452,12.572780963060922,6.981105066185133,755.4456176757812,0.0,0.0,False,,-84.27527797674149,False,
positive,/mnt/MammoDiffusion/MammoDiffusion/experiments/diffusers/03_sd21_vae_finetuned/generated_images/final/positive/gen_2104.png,gen_2104.png,220.0,249.0,4.0,0.19433975219726562,0.5221513396800471,0.0965576171875,253.05898388116307,1.938295706121034,6.761812509794072,497.44879150390625,0.0,0.0,True,too_empty,,False,
positive,/mnt/MammoDiffusion/MammoDiffusion/experiments/diffusers/03_sd21_vae_finetuned/generated_images/final/positive/gen_2105.png,gen_2105.png,116.8956,103.0,1.0,0.2922401428222656,0.9583469305173021,0.2984886169433594,154.55951026876429,34.00994492209244,5.327159994258564,62.18231201171875,0.0,0.0,False,,-28.063130532688408,False,
positive,/mnt/MammoDiffusion/MammoDiffusion/experiments/diffusers/03_sd21_vae_finetuned/generated_images/final/positive/gen_2106.png,gen_2106.png,96.8956,83.0,1.0,0.3875999450683594,0.9957680081096775,0.3808326721191406,163.01731892260074,23.520395183083284,5.216180776568634,166.45054626464844,0.0,0.0,False,,-7.49167666351753,True,702.0
positive,/mnt/MammoDiffusion/MammoDiffusion/experiments/diffusers/03_sd21_vae_finetuned/generated_images/final/positive/gen_2107.png,gen_2107.png,52.8956,39.0,1.0,0.6683845520019531,0.9968324268176448,0.710296630859375,99.49639097744361,46.32141466279621,6.784897791280875,433.813720703125,0.0,0.0,False,,-7.340482955501866,True,628.0
positive,/mnt/MammoDiffusion/MammoDiffusion/experiments/diffusers/03_sd21_vae_finetuned/generated_images/final/positive/gen_2108.png,gen_2108.png,106.8956,93.0,1.0,0.5515785217285156,0.9886301549867559,0.5537223815917969,143.81603802831455,29.73603627392551,6.430672580074755,216.43983459472656,0.0,0.0,False,,-12.437027584003005,False,
positive,/mnt/MammoDiffusion/MammoDiffusion/experiments/diffusers/03_sd21_vae_finetuned/generated_images/final/positive/gen_2109.png,gen_2109.png,10.0,0.0,0.0,0.8214035034179688,0.9985649666087699,0.8130950927734375,137.98410024959182,22.195080781099,5.983732584624335,300.0565490722656,0.0,0.0,False,,-8.525029653504182,True,1277.0
positive,/mnt/MammoDiffusion/MammoDiffusion/experiments/diffusers/03_sd21_vae_finetuned/generated_images/final/positive/gen_2110.png,gen_2110.png,10.0,0.0,0.0,0.721343994140625,0.9983553327410416,0.7071990966796875,147.8001866355967,22.374580899329583,5.468344467014578,545.1983032226562,0.0,0.0,False,,-7.360571213534784,True,634.0
positive,/mnt/MammoDiffusion/MammoDiffusion/experiments/diffusers/03_sd21_vae_finetuned/generated_images/final/positive/gen_2111.png,gen_2111.png,101.8956,88.0,1.0,0.8162117004394531,0.9993316663940364,0.8106575012207031,145.94140012893573,20.043264693999774,6.16793590558056,56.182945251464844,0.0,0.0,False,,-9.811227758587256,False,
positive,/mnt/MammoDiffusion/MammoDiffusion/experiments/diffusers/03_sd21_vae_finetuned/generated_images/final/positive/gen_2112.png,gen_2112.png,97.8956,84.0,1.0,0.16495895385742188,0.6813819577735125,0.11310577392578125,160.22195615514335,42.970062250351575,5.519853450294075,351.0386657714844,0.0,0.0,True,too_empty,,False,
positive,/mnt/MammoDiffusion/MammoDiffusion/experiments/diffusers/03_sd21_vae_finetuned/generated_images/final/positive/gen_2113.png,gen_2113.png,78.6868,47.0,3.0,0.8934669494628906,0.997886575269942,0.8845062255859375,134.5344204461159,25.164459517671233,6.448784837310117,200.09857177734375,0.0,0.0,False,,-9.605210139338515,False,
positive,/mnt/MammoDiffusion/MammoDiffusion/experiments/diffusers/03_sd21_vae_finetuned/generated_images/final/positive/gen_2114.png,gen_2114.png,29.8956,16.0,1.0,0.5058555603027344,0.9992081865964844,0.5027542114257812,105.27762265353506,54.60722247341515,6.178102588008702,442.1779479980469,0.0,0.0,False,,-5.533988780850295,True,60.0
positive,/mnt/MammoDiffusion/MammoDiffusion/experiments/diffusers/03_sd21_vae_finetuned/generated_images/final/positive/gen_2115.png,gen_2115.png,69.8956,56.0,1.0,0.5754280090332031,1.0,0.5694580078125,160.0257033762058,21.964306579216146,5.808537973357873,53.58332824707031,0.0,0.0,False,,-8.499656680927634,True,1263.0
positive,/mnt/MammoDiffusion/MammoDiffusion/experiments/diffusers/03_sd21_vae_finetuned/generated_images/final/positive/gen_2116.png,gen_2116.png,15.0,10.0,0.0,0.7768630981445312,0.9979621900319176,0.7677154541015625,154.2508049609445,27.305303874500137,5.868675945320371,215.74374389648438,0.0,0.0,False,,-8.636084563485994,True,1322.0
positive,/mnt/MammoDiffusion/MammoDiffusion/experiments/diffusers/03_sd21_vae_finetuned/generated_images/final/positive/gen_2117.png,gen_2117.png,50.8956,37.0,1.0,0.5863838195800781,0.9986208421970244,0.6225166320800781,107.75693214616182,50.97925665480067,6.499588584470185,435.6085205078125,0.0,0.0,False,,-6.159869112386081,True,178.0
positive,/mnt/MammoDiffusion/MammoDiffusion/experiments/diffusers/03_sd21_vae_finetuned/generated_images/final/positive/gen_2118.png,gen_2118.png,103.8956,90.0,1.0,0.3912506103515625,0.9851409851409851,0.4176902770996094,148.95871044339924,37.39298099167003,5.803918438120347,198.45448303222656,0.0,0.0,False,,-12.478145247258155,False,
positive,/mnt/MammoDiffusion/MammoDiffusion/experiments/diffusers/03_sd21_vae_finetuned/generated_images/final/positive/gen_2119.png,gen_2119.png,137.8956,124.0,1.0,0.16927337646484375,0.9324604498129535,0.15052413940429688,188.2633112851314,27.948136065399453,4.697153826972339,135.22848510742188,0.0,0.0,False,,-44.1810304019957,False,
positive,/mnt/MammoDiffusion/MammoDiffusion/experiments/diffusers/03_sd21_vae_finetuned/generated_images/final/positive/gen_2120.png,gen_2120.png,129.8956,116.0,1.0,0.3857460021972656,0.9894581738709072,0.3790931701660156,159.43542268331706,23.46377327669079,5.029413008310804,29.940223693847656,0.0,0.0,False,,-10.885525411677573,False,
positive,/mnt/MammoDiffusion/MammoDiffusion/experiments/diffusers/03_sd21_vae_finetuned/generated_images/final/positive/gen_2121.png,gen_2121.png,119.6868,88.0,3.0,0.6271324157714844,0.9690569893977458,0.699310302734375,141.5463942832206,27.377559472889182,6.6726028599967275,134.56700134277344,0.0,0.0,False,,-24.722855557778598,False,
positive,/mnt/MammoDiffusion/MammoDiffusion/experiments/diffusers/03_sd21_vae_finetuned/generated_images/final/positive/gen_2122.png,gen_2122.png,130.8956,117.0,1.0,0.2596931457519531,0.992170630315672,0.25555419921875,161.30082696441366,21.85366634633286,4.159553642829431,15.950088500976562,0.0,0.0,False,,-9.543341029012288,False,
positive,/mnt/MammoDiffusion/MammoDiffusion/experiments/diffusers/03_sd21_vae_finetuned/generated_images/final/positive/gen_2123.png,gen_2123.png,105.8956,92.0,1.0,0.7339668273925781,0.9965697357137289,0.7502212524414062,141.80660103932556,24.506367015485925,6.219707447876445,184.14794921875,0.0,0.0,False,,-9.493471009022466,False,
positive,/mnt/MammoDiffusion/MammoDiffusion/experiments/diffusers/03_sd21_vae_finetuned/generated_images/final/positive/gen_2124.png,gen_2124.png,142.8956,129.0,1.0,0.2977180480957031,0.9641232622205138,0.2918853759765625,171.8318521616394,24.533880010324868,5.287367475098963,217.3375244140625,0.0,0.0,False,,-25.866956796844683,False,
positive,/mnt/MammoDiffusion/MammoDiffusion/experiments/diffusers/03_sd21_vae_finetuned/generated_images/final/positive/gen_2125.png,gen_2125.png,18.8956,5.0,1.0,0.7640228271484375,0.9995206806335004,0.7610282897949219,93.93400969428419,53.91672494994102,6.981157699124391,534.15087890625,0.0,0.0,False,,-7.731677553030399,True,821.0
positive,/mnt/MammoDiffusion/MammoDiffusion/experiments/diffusers/03_sd21_vae_finetuned/generated_images/final/positive/gen_2126.png,gen_2126.png,78.8956,65.0,1.0,0.5310630798339844,0.9972344934094746,0.5806388854980469,127.62626879791868,44.278153758734085,6.416650355590237,417.96075439453125,0.0,0.0,False,,-6.614832173502201,True,331.0
positive,/mnt/MammoDiffusion/MammoDiffusion/experiments/diffusers/03_sd21_vae_finetuned/generated_images/final/positive/gen_2127.png,gen_2127.png,81.8956,68.0,1.0,0.7199020385742188,1.0,0.7135810852050781,150.51749963915515,17.22267813891761,5.527906108434125,29.68659210205078,0.0,0.0,False,,-9.268709728999722,False,
positive,/mnt/MammoDiffusion/MammoDiffusion/experiments/diffusers/03_sd21_vae_finetuned/generated_images/final/positive/gen_2128.png,gen_2128.png,117.8956,104.0,1.0,0.3669929504394531,0.9955927446598409,0.362274169921875,149.42597506528514,24.98175553736435,4.897608788295131,30.352256774902344,0.0,0.0,False,,-7.049421885103136,True,489.0
positive,/mnt/MammoDiffusion/MammoDiffusion/experiments/diffusers/03_sd21_vae_finetuned/generated_images/final/positive/gen_2129.png,gen_2129.png,121.8956,108.0,1.0,0.6609306335449219,0.9857958316739679,0.6519851684570312,146.25210924792586,20.73305632357463,6.0198113292638,46.349327087402344,0.0,0.0,False,,-15.188143557885004,False,
positive,/mnt/MammoDiffusion/MammoDiffusion/experiments/diffusers/03_sd21_vae_finetuned/generated_images/final/positive/gen_2130.png,gen_2130.png,138.8956,125.0,1.0,0.2915992736816406,0.984968799466255,0.2887420654296875,170.25577339745283,26.031991684593812,4.875646091460363,30.62353515625,0.0,0.0,False,,-13.984333711532393,False,
positive,/mnt/MammoDiffusion/MammoDiffusion/experiments/diffusers/03_sd21_vae_finetuned/generated_images/final/positive/gen_2131.png,gen_2131.png,106.8956,93.0,1.0,0.4034271240234375,0.9998959869889179,0.39934539794921875,153.30022161511567,27.379246746868464,5.118741883658638,29.185752868652344,0.0,0.0,False,,-6.100880865812253,True,165.0
positive,/mnt/MammoDiffusion/MammoDiffusion/experiments/diffusers/03_sd21_vae_finetuned/generated_images/final/positive/gen_2132.png,gen_2132.png,76.8956,63.0,1.0,0.5178146362304688,0.9977972919214392,0.5108718872070312,168.20001941428592,22.02916676608085,5.548546217898625,168.8485870361328,0.0,0.0,False,,-7.536816753206811,True,728.0
positive,/mnt/MammoDiffusion/MammoDiffusion/experiments/diffusers/03_sd21_vae_finetuned/generated_images/final/positive/gen_2133.png,gen_2133.png,52.8956,39.0,1.0,0.6832313537597656,1.0,0.6770210266113281,152.44207981879342,21.4310935844816,6.08067609270212,68.15254974365234,0.0,0.0,False,,-9.28109710312283,False,
positive,/mnt/MammoDiffusion/MammoDiffusion/experiments/diffusers/03_sd21_vae_finetuned/generated_images/final/positive/gen_2134.png,gen_2134.png,126.8956,113.0,1.0,0.15303802490234375,0.8554514183159679,0.13640975952148438,179.90861041975447,35.681278692322,4.595971858375992,179.56784057617188,0.0,0.0,False,,-86.07875074852292,False,
positive,/mnt/MammoDiffusion/MammoDiffusion/experiments/diffusers/03_sd21_vae_finetuned/generated_images/final/positive/gen_2135.png,gen_2135.png,97.8956,84.0,1.0,0.4536895751953125,0.9989489792486463,0.44849395751953125,152.43685463978906,28.459197652252968,5.273724135155724,36.67982482910156,0.0,0.0,False,,-5.903821797600424,True,125.0
positive,/mnt/MammoDiffusion/MammoDiffusion/experiments/diffusers/03_sd21_vae_finetuned/generated_images/final/positive/gen_2136.png,gen_2136.png,137.8956,124.0,1.0,0.3389778137207031,0.9883863562192637,0.3334083557128906,160.71662795620188,23.096683484022897,4.673863319096266,25.31317901611328,0.0,0.0,False,,-11.509131208150356,False,
positive,/mnt/MammoDiffusion/MammoDiffusion/experiments/diffusers/03_sd21_vae_finetuned/generated_images/final/positive/gen_2137.png,gen_2137.png,10.0,0.0,0.0,0.8171195983886719,0.999495805380877,0.8136329650878906,95.84511156224653,51.04263856377314,6.937856817527733,501.05279541015625,0.0,0.0,False,,-7.926133745410703,True,938.0
positive,/mnt/MammoDiffusion/MammoDiffusion/experiments/diffusers/03_sd21_vae_finetuned/generated_images/final/positive/gen_2138.png,gen_2138.png,102.8956,89.0,1.0,0.4309883117675781,0.9995662987581982,0.42578887939453125,151.7442706373524,26.72241700618298,5.361746685667372,40.69647216796875,0.0,0.0,False,,-6.276733944380382,True,212.0
positive,/mnt/MammoDiffusion/MammoDiffusion/experiments/diffusers/03_sd21_vae_finetuned/generated_images/final/positive/gen_2139.png,gen_2139.png,71.8956,58.0,1.0,0.7453727722167969,1.0,0.7375831604003906,149.92294404534712,24.152251636509757,6.021822686484402,49.29077911376953,0.0,0.0,False,,-9.385603239937193,False,
positive,/mnt/MammoDiffusion/MammoDiffusion/experiments/diffusers/03_sd21_vae_finetuned/generated_images/final/positive/gen_2140.png,gen_2140.png,50.6868,19.0,3.0,0.7970466613769531,0.9926869307603582,0.8069725036621094,109.62829779288371,44.84200037867867,7.381633580886195,674.5372314453125,0.0,0.0,False,,-10.790670533604308,False,
positive,/mnt/MammoDiffusion/MammoDiffusion/experiments/diffusers/03_sd21_vae_finetuned/generated_images/final/positive/gen_2141.png,gen_2141.png,10.0,0.0,0.0,0.880523681640625,0.9995537725713097,0.8754653930664062,92.09400953385214,52.439946382943745,7.117782228519454,567.3057861328125,0.0,0.0,False,,-8.454991106801216,True,1235.0
positive,/mnt/MammoDiffusion/MammoDiffusion/experiments/diffusers/03_sd21_vae_finetuned/generated_images/final/positive/gen_2142.png,gen_2142.png,65.8956,52.0,1.0,0.7996559143066406,0.9985211687537269,0.7923049926757812,143.51734248765032,26.18016710989574,6.083861671990448,209.85963439941406,0.0,0.0,False,,-8.462301259286585,True,1239.0
positive,/mnt/MammoDiffusion/MammoDiffusion/experiments/diffusers/03_sd21_vae_finetuned/generated_images/final/positive/gen_2143.png,gen_2143.png,10.0,0.0,0.0,0.7742996215820312,0.9983446481884737,0.7667732238769531,143.83546180443273,19.96940238358956,5.450716186270405,220.01766967773438,0.0,0.0,False,,-8.200061463230503,True,1092.0
positive,/mnt/MammoDiffusion/MammoDiffusion/experiments/diffusers/03_sd21_vae_finetuned/generated_images/final/positive/gen_2144.png,gen_2144.png,76.8956,63.0,1.0,0.468994140625,0.9969904997397189,0.4619255065917969,167.92189345203195,26.6261138863984,5.351176384524113,170.55343627929688,0.0,0.0,False,,-7.125070549806266,True,523.0
positive,/mnt/MammoDiffusion/MammoDiffusion/experiments/diffusers/03_sd21_vae_finetuned/generated_images/final/positive/gen_2145.png,gen_2145.png,104.8956,91.0,1.0,0.8394927978515625,0.9980824108911791,0.8464584350585938,145.35286217743607,24.777388068372098,6.67390549030135,275.7612609863281,0.0,0.0,False,,-9.72640806661215,False,
positive,/mnt/MammoDiffusion/MammoDiffusion/experiments/diffusers/03_sd21_vae_finetuned/generated_images/final/positive/gen_2146.png,gen_2146.png,172.0,165.0,1.0,0.048229217529296875,0.5822985051016373,0.026073455810546875,190.5932699341624,7.482662627867371,5.609726664983271,138.23428344726562,0.0,0.0,True,too_empty,,False,
positive,/mnt/MammoDiffusion/MammoDiffusion/experiments/diffusers/03_sd21_vae_finetuned/generated_images/final/positive/gen_2147.png,gen_2147.png,94.8956,81.0,1.0,0.6706504821777344,0.9893917762091384,0.7235870361328125,131.92085257586302,33.69067904095023,6.773724222093875,389.404296875,0.0,0.0,False,,-12.641846810434377,False,
positive,/mnt/MammoDiffusion/MammoDiffusion/experiments/diffusers/03_sd21_vae_finetuned/generated_images/final/positive/gen_2148.png,gen_2148.png,140.8956,127.0,1.0,0.0872955322265625,0.7295927285439608,0.061859130859375,199.8814750863345,28.17799050123101,6.215449399783642,434.7970886230469,0.0,0.0,True,too_empty,,False,
positive,/mnt/MammoDiffusion/MammoDiffusion/experiments/diffusers/03_sd21_vae_finetuned/generated_images/final/positive/gen_2149.png,gen_2149.png,97.8956,84.0,1.0,0.6068458557128906,0.9999434250476172,0.6020774841308594,146.77738847248006,28.561131562198092,5.986934920520266,105.03622436523438,0.0,0.0,False,,-7.930015054790524,True,940.0
positive,/mnt/MammoDiffusion/MammoDiffusion/experiments/diffusers/03_sd21_vae_finetuned/generated_images/final/positive/gen_2150.png,gen_2150.png,97.8956,84.0,1.0,0.7429466247558594,0.9980848125118736,0.7395057678222656,134.4966341169006,25.249176524760458,6.306803241906838,231.62484741210938,0.0,0.0,False,,-8.331536249238574,True,1163.0
positive,/mnt/MammoDiffusion/MammoDiffusion/experiments/diffusers/03_sd21_vae_finetuned/generated_images/final/positive/gen_2151.png,gen_2151.png,83.8956,70.0,1.0,0.7892837524414062,0.9985935642272337,0.7813453674316406,146.11153423654338,23.17586603580937,6.182661773113505,189.5045928955078,0.0,0.0,False,,-8.83805702015066,False,
positive,/mnt/MammoDiffusion/MammoDiffusion/experiments/diffusers/03_sd21_vae_finetuned/generated_images/final/positive/gen_2152.png,gen_2152.png,58.8956,45.0,1.0,0.6129913330078125,0.9929865830284021,0.6698036193847656,105.87324657573255,44.69056899588813,6.606419690884669,402.9416198730469,0.0,0.0,False,,-9.14463622984863,False,
positive,/mnt/MammoDiffusion/MammoDiffusion/experiments/diffusers/03_sd21_vae_finetuned/generated_images/final/positive/gen_2153.png,gen_2153.png,220.0,182.0,69.0,0.14478302001953125,0.5008958212573115,0.07096099853515625,248.86840124717773,25.68059480388655,7.011339170294667,585.594970703125,0.0,0.0,True,too_empty,,False,
positive,/mnt/MammoDiffusion/MammoDiffusion/experiments/diffusers/03_sd21_vae_finetuned/generated_images/final/positive/gen_2154.png,gen_2154.png,220.0,210.0,19.0,0.492340087890625,0.9926857992933739,0.4822807312011719,230.6383842059054,13.537616789554423,5.6905775342944125,402.42138671875,0.0,0.0,False,,-12.54165731605725,False,
positive,/mnt/MammoDiffusion/MammoDiffusion/experiments/diffusers/03_sd21_vae_finetuned/generated_images/final/positive/gen_2155.png,gen_2155.png,109.8956,96.0,1.0,0.4375724792480469,1.0,0.431976318359375,168.05789473684212,21.77855548472586,4.991657422926831,26.99700164794922,0.0,0.0,False,,-7.059009565509228,True,496.0
positive,/mnt/MammoDiffusion/MammoDiffusion/experiments/diffusers/03_sd21_vae_finetuned/generated_images/final/positive/gen_2156.png,gen_2156.png,77.8956,64.0,1.0,0.5800056457519531,0.9977901279226544,0.5728683471679688,149.83849401361087,20.559209829315574,5.432146365259916,157.87771606445312,0.0,0.0,False,,-7.400449780638625,True,646.0
positive,/mnt/MammoDiffusion/MammoDiffusion/experiments/diffusers/03_sd21_vae_finetuned/generated_images/final/positive/gen_2157.png,gen_2157.png,10.0,0.0,0.0,0.8590049743652344,0.9975486604228561,0.8488388061523438,147.0585480725155,23.956517611018135,5.890513028719452,274.24871826171875,0.0,0.0,False,,-9.378875951655099,False,
positive,/mnt/MammoDiffusion/MammoDiffusion/experiments/diffusers/03_sd21_vae_finetuned/generated_images/final/positive/gen_2158.png,gen_2158.png,97.8956,84.0,1.0,0.29302978515625,0.9743022287023537,0.3158073425292969,144.67965984997645,43.24317603013894,5.853791767102339,309.99432373046875,0.0,0.0,False,,-18.758324112128957,False,
positive,/mnt/MammoDiffusion/MammoDiffusion/experiments/diffusers/03_sd21_vae_finetuned/generated_images/final/positive/gen_2159.png,gen_2159.png,153.8956,140.0,1.0,0.3180732727050781,0.9851165133543613,0.3226280212402344,178.35100206916937,20.936129423883887,5.016747874364525,140.24732971191406,0.0,0.0,False,,-14.284986090907797,False,
positive,/mnt/MammoDiffusion/MammoDiffusion/experiments/diffusers/03_sd21_vae_finetuned/generated_images/final/positive/gen_2160.png,gen_2160.png,10.0,0.0,0.0,0.7515411376953125,0.9979189084928837,0.7436027526855469,150.9809778844822,24.397050828090503,5.790644557262865,357.51959228515625,0.0,0.0,False,,-8.3514629966058,True,1176.0
positive,/mnt/MammoDiffusion/MammoDiffusion/experiments/diffusers/03_sd21_vae_finetuned/generated_images/final/positive/gen_2161.png,gen_2161.png,166.0,161.0,2.0,0.01540374755859375,0.03863298662704309,0.000591278076171875,170.99354838709678,2.892697756796381,4.437217631939838,46.440208435058594,0.0,0.0,True,too_empty,,False,
positive,/mnt/MammoDiffusion/MammoDiffusion/experiments/diffusers/03_sd21_vae_finetuned/generated_images/final/positive/gen_2162.png,gen_2162.png,10.0,0.0,0.0,0.72723388671875,0.9995174150230801,0.7218475341796875,114.77562517175048,36.54029402100005,6.175648071421612,286.16741943359375,0.0,0.0,False,,-6.92276200422161,True,439.0
positive,/mnt/MammoDiffusion/MammoDiffusion/experiments/diffusers/03_sd21_vae_finetuned/generated_images/final/positive/gen_2163.png,gen_2163.png,82.7912,60.0,2.0,0.48715972900390625,0.9810658857062315,0.46610260009765625,173.15838148396708,25.81846598485586,5.713981240700674,642.1836547851562,0.0,0.0,False,,-15.98874134357039,False,
positive,/mnt/MammoDiffusion/MammoDiffusion/experiments/diffusers/03_sd21_vae_finetuned/generated_images/final/positive/gen_2164.png,gen_2164.png,138.8956,125.0,1.0,0.2724800109863281,0.9844320934074395,0.26671600341796875,174.64684344517863,26.06604080132917,4.5035990364090805,128.35369873046875,0.0,0.0,False,,-14.075659690875039,False,
positive,/mnt/MammoDiffusion/MammoDiffusion/experiments/diffusers/03_sd21_vae_finetuned/generated_images/final/positive/gen_2165.png,gen_2165.png,95.8956,82.0,1.0,0.5721778869628906,0.9979665717733495,0.5653419494628906,165.47306698335368,20.924946352334374,5.172860444882889,176.7740478515625,0.0,0.0,False,,-7.424845538345126,True,663.0
positive,/mnt/MammoDiffusion/MammoDiffusion/experiments/diffusers/03_sd21_vae_finetuned/generated_images/final/positive/gen_2166.png,gen_2166.png,10.0,0.0,0.0,0.7202606201171875,0.998342266381374,0.7128257751464844,151.72942208998035,21.071115033737193,5.623152456659909,253.89727783203125,0.0,0.0,False,,-8.129182146884556,True,1048.0
positive,/mnt/MammoDiffusion/MammoDiffusion/experiments/diffusers/03_sd21_vae_finetuned/generated_images/final/positive/gen_2167.png,gen_2167.png,30.8956,17.0,1.0,0.7546195983886719,0.9920735621957446,0.7515220642089844,106.00308618475485,47.29221184047042,7.081362458289016,451.6517333984375,0.0,0.0,False,,-10.798245522600087,False,
positive,/mnt/MammoDiffusion/MammoDiffusion/experiments/diffusers/03_sd21_vae_finetuned/generated_images/final/positive/gen_2168.png,gen_2168.png,100.8956,87.0,1.0,0.7425498962402344,0.9954689065269323,0.7349052429199219,151.36700043083087,22.597497538432208,5.925678241134367,110.95296478271484,0.0,0.0,False,,-10.228747992371884,False,
positive,/mnt/MammoDiffusion/MammoDiffusion/experiments/diffusers/03_sd21_vae_finetuned/generated_images/final/positive/gen_2169.png,gen_2169.png,101.8956,88.0,1.0,0.3529090881347656,0.9994595354166441,0.3484954833984375,150.4762248784973,32.14370715584329,4.934330083249206,36.28790283203125,0.0,0.0,False,,-5.588278235590444,True,66.0
positive,/mnt/MammoDiffusion/MammoDiffusion/experiments/diffusers/03_sd21_vae_finetuned/generated_images/final/positive/gen_2170.png,gen_2170.png,204.0,198.0,3.0,0.031513214111328125,0.14417140781987653,0.003658294677734375,206.46611053180396,1.8825383304113117,6.295810478221227,410.5224304199219,0.0,0.0,True,too_empty,,False,
positive,/mnt/MammoDiffusion/MammoDiffusion/experiments/diffusers/03_sd21_vae_finetuned/generated_images/final/positive/gen_2171.png,gen_2171.png,114.8956,101.0,1.0,0.3920631408691406,0.9905231715267034,0.3860054016113281,145.6876933263497,25.34212442086807,4.815281416752063,18.866058349609375,0.0,0.0,False,,-9.497575964590538,False,
positive,/mnt/MammoDiffusion/MammoDiffusion/experiments/diffusers/03_sd21_vae_finetuned/generated_images/final/positive/gen_2172.png,gen_2172.png,128.8956,115.0,1.0,0.4485816955566406,0.9950592297160545,0.44269561767578125,163.8274967686342,24.051032498017456,5.094211965759575,29.211830139160156,0.0,0.0,False,,-8.045343268430692,True,1011.0
positive,/mnt/MammoDiffusion/MammoDiffusion/experiments/diffusers/03_sd21_vae_finetuned/generated_images/final/positive/gen_2173.png,gen_2173.png,14.8956,1.0,1.0,0.6421012878417969,0.999298966867273,0.6378288269042969,90.11149321483467,54.91492586276891,6.333619751889582,467.39324951171875,0.0,0.0,False,,-6.175731090591995,True,184.0
positive,/mnt/MammoDiffusion/MammoDiffusion/experiments/diffusers/03_sd21_vae_finetuned/generated_images/final/positive/gen_2174.png,gen_2174.png,134.8956,121.0,1.0,0.3790931701660156,0.9916278414522475,0.3815269470214844,161.8631205319202,24.82777393257504,5.348693113236034,30.684226989746094,0.0,0.0,False,,-9.955971061769016,False,
positive,/mnt/MammoDiffusion/MammoDiffusion/experiments/diffusers/03_sd21_vae_finetuned/generated_images/final/positive/gen_2175.png,gen_2175.png,82.8956,69.0,1.0,0.4454612731933594,0.9970456005138086,0.4383888244628906,166.66791099973025,25.965858854448555,5.350352168083537,175.92529296875,0.0,0.0,False,,-6.936646756639123,True,446.0
positive,/mnt/MammoDiffusion/MammoDiffusion/experiments/diffusers/03_sd21_vae_finetuned/generated_images/final/positive/gen_2176.png,gen_2176.png,87.7912,65.0,2.0,0.83929443359375,0.9984046614791652,0.8358230590820312,136.7735388350844,27.509683414189293,6.752865976618278,162.8975067138672,0.0,0.0,False,,-9.237525999485303,False,
positive,/mnt/MammoDiffusion/MammoDiffusion/experiments/diffusers/03_sd21_vae_finetuned/generated_images/final/positive/gen_2177.png,gen_2177.png,56.8956,43.0,1.0,0.6447906494140625,0.9979056724329697,0.6373634338378906,161.3728969781124,23.725130515143725,6.089992684740717,176.4482421875,0.0,0.0,False,,-8.525361947579968,True,1278.0
positive,/mnt/MammoDiffusion/MammoDiffusion/experiments/diffusers/03_sd21_vae_finetuned/generated_images/final/positive/gen_2178.png,gen_2178.png,68.0,63.0,0.0,0.7880630493164062,1.0,0.7813339233398438,144.4562791106424,24.406010882847237,6.169529803790639,34.927330017089844,0.0,0.0,False,,-9.658900863494805,False,
positive,/mnt/MammoDiffusion/MammoDiffusion/experiments/diffusers/03_sd21_vae_finetuned/generated_images/final/positive/gen_2179.png,gen_2179.png,62.0,57.0,0.0,0.7747459411621094,1.0,0.7685737609863281,151.29972651965238,20.340208656339332,5.81628101153359,32.292388916015625,0.0,0.0,False,,-9.724224654375057,False,
positive,/mnt/MammoDiffusion/MammoDiffusion/experiments/diffusers/03_sd21_vae_finetuned/generated_images/final/positive/gen_2180.png,gen_2180.png,117.0,112.0,0.0,0.5650558471679688,0.9946869556998771,0.5596122741699219,160.07661947252538,21.09307670543234,5.110230027781572,158.8024139404297,0.0,0.0,False,,-8.990843835655706,False,
positive,/mnt/MammoDiffusion/MammoDiffusion/experiments/diffusers/03_sd21_vae_finetuned/generated_images/final/positive/gen_2181.png,gen_2181.png,102.8956,89.0,1.0,0.47186279296875,0.999134976070366,0.4662818908691406,156.91049880146932,24.694685671294717,5.360417664359609,42.321380615234375,0.0,0.0,False,,-6.608007726398232,True,328.0
positive,/mnt/MammoDiffusion/MammoDiffusion/experiments/diffusers/03_sd21_vae_finetuned/generated_images/final/positive/gen_2182.png,gen_2182.png,55.8956,42.0,1.0,0.749847412109375,0.9962099629644703,0.781707763671875,107.82562951395667,44.62270702026361,7.010993528668157,521.637939453125,0.0,0.0,False,,-8.416765916702063,True,1218.0
positive,/mnt/MammoDiffusion/MammoDiffusion/experiments/diffusers/03_sd21_vae_finetuned/generated_images/final/positive/gen_2183.png,gen_2183.png,118.8956,105.0,1.0,0.3360404968261719,0.9997048506657887,0.33319854736328125,156.67536006228104,28.33779126257813,4.944004323659541,39.69447326660156,0.0,0.0,False,,-6.291111510918968,True,216.0
positive,/mnt/MammoDiffusion/MammoDiffusion/experiments/diffusers/03_sd21_vae_finetuned/generated_images/final/positive/gen_2184.png,gen_2184.png,190.0,173.0,2.0,0.04981231689453125,0.8149793230203707,0.040691375732421875,209.37911315271398,12.942752658805919,6.33064769906507,324.5757751464844,0.0,0.0,True,too_empty,,False,
positive,/mnt/MammoDiffusion/MammoDiffusion/experiments/diffusers/03_sd21_vae_finetuned/generated_images/final/positive/gen_2185.png,gen_2185.png,10.0,0.0,0.0,0.8895912170410156,0.9997512875159198,0.8866767883300781,76.49824683677728,53.04120641271324,6.993707476050396,605.0028686523438,0.0,0.0,False,,-8.47267305198005,True,1249.0
positive,/mnt/MammoDiffusion/MammoDiffusion/experiments/diffusers/03_sd21_vae_finetuned/generated_images/final/positive/gen_2186.png,gen_2186.png,77.7912,55.0,2.0,0.6606674194335938,0.9991454471967204,0.6859970092773438,130.30973141300117,39.8691624629628,6.905791925694742,402.0968017578125,0.0,0.0,False,,-7.290682388597957,True,604.0
positive,/mnt/MammoDiffusion/MammoDiffusion/experiments/diffusers/03_sd21_vae_finetuned/generated_images/final/positive/gen_2187.png,gen_2187.png,10.0,0.0,0.0,0.8566246032714844,0.9993008518919304,0.8506660461425781,81.90799876231519,48.55196367400101,6.8035803527528875,504.79547119140625,0.0,0.0,False,,-7.433571766442134,True,666.0
positive,/mnt/MammoDiffusion/MammoDiffusion/experiments/diffusers/03_sd21_vae_finetuned/generated_images/final/positive/gen_2188.png,gen_2188.png,110.8956,97.0,1.0,0.2879905700683594,0.9646466653420757,0.278839111328125,152.54045364999453,34.43305623122561,5.454253887562156,209.37030029296875,0.0,0.0,False,,-24.550161740798913,False,
positive,/mnt/MammoDiffusion/MammoDiffusion/experiments/diffusers/03_sd21_vae_finetuned/generated_images/final/positive/gen_2189.png,gen_2189.png,109.8956,96.0,1.0,0.51202392578125,0.9970050065562045,0.5049705505371094,162.91069310670443,24.150098811936726,5.345433646318044,158.530029296875,0.0,0.0,False,,-7.438144033413406,True,670.0
positive,/mnt/MammoDiffusion/MammoDiffusion/experiments/diffusers/03_sd21_vae_finetuned/generated_images/final/positive/gen_2190.png,gen_2190.png,165.8956,152.0,1.0,0.079559326171875,0.5509205983889528,0.041370391845703125,181.60792992162285,8.483917027838366,5.2580699083492615,53.515480041503906,0.0,0.0,True,too_empty,,False,
positive,/mnt/MammoDiffusion/MammoDiffusion/experiments/diffusers/03_sd21_vae_finetuned/generated_images/final/positive/gen_2191.png,gen_2191.png,106.8956,93.0,1.0,0.4280891418457031,0.9999108901186052,0.4230003356933594,157.5029624753127,25.737956821692656,5.136431670066818,29.79444122314453,0.0,0.0,False,,-6.486144797119139,True,279.0
positive,/mnt/MammoDiffusion/MammoDiffusion/experiments/diffusers/03_sd21_vae_finetuned/generated_images/final/positive/gen_2192.png,gen_2192.png,123.1648,47.0,8.0,0.46784210205078125,0.9148823404706381,0.4584503173828125,148.0034198701947,28.844800158941947,6.984569876894163,205.82757568359375,0.0,0.0,False,,-53.49171593698237,False,
positive,/mnt/MammoDiffusion/MammoDiffusion/experiments/diffusers/03_sd21_vae_finetuned/generated_images/final/positive/gen_2193.png,gen_2193.png,125.8956,112.0,1.0,0.223419189453125,0.9248907253107499,0.21996307373046875,160.98057646283513,32.46323316465885,5.145217629490634,95.1169662475586,0.0,0.0,False,,-47.254273552919614,False,
positive,/mnt/MammoDiffusion/MammoDiffusion/experiments/diffusers/03_sd21_vae_finetuned/generated_images/final/positive/gen_2194.png,gen_2194.png,121.8956,108.0,1.0,0.2871284484863281,0.993529872856023,0.2828788757324219,150.55276110848897,24.358967943919,4.421143238525519,19.03985595703125,0.0,0.0,False,,-8.353039557367435,True,1178.0
positive,/mnt/MammoDiffusion/MammoDiffusion/experiments/diffusers/03_sd21_vae_finetuned/generated_images/final/positive/gen_2195.png,gen_2195.png,113.8956,100.0,1.0,0.7560310363769531,0.9984055623672353,0.7538795471191406,149.53532194813408,21.38483477682459,5.999358487040831,95.72894287109375,0.0,0.0,False,,-8.847167727207955,False,
positive,/mnt/MammoDiffusion/MammoDiffusion/experiments/diffusers/03_sd21_vae_finetuned/generated_images/final/positive/gen_2196.png,gen_2196.png,10.0,0.0,0.0,0.9155502319335938,1.0,0.9049568176269531,141.43258201990483,23.748025027358164,6.190061626835497,37.703880310058594,0.0,0.0,False,,-10.463381289258216,False,
positive,/mnt/MammoDiffusion/MammoDiffusion/experiments/diffusers/03_sd21_vae_finetuned/generated_images/final/positive/gen_2197.png,gen_2197.png,29.8956,16.0,1.0,0.49231719970703125,0.9990779339521766,0.488372802734375,110.91646878710242,51.93018170963658,6.111543983047851,408.4337158203125,0.0,0.0,False,,-5.323934614075717,True,38.0
positive,/mnt/MammoDiffusion/MammoDiffusion/experiments/diffusers/03_sd21_vae_finetuned/generated_images/final/positive/gen_2198.png,gen_2198.png,82.8956,69.0,1.0,0.7563514709472656,0.9999949564489365,0.7505226135253906,144.9471549467585,24.522988354577272,6.279959988989121,59.361183166503906,0.0,0.0,False,,-9.533789158978774,False,
positive,/mnt/MammoDiffusion/MammoDiffusion/experiments/diffusers/03_sd21_vae_finetuned/generated_images/final/positive/gen_2199.png,gen_2199.png,84.8956,71.0,1.0,0.6993484497070312,1.0,0.6931381225585938,152.15056521116995,19.560657334193714,5.911978709078678,36.70238494873047,0.0,0.0,False,,-9.385459275435572,False,
positive,/mnt/MammoDiffusion/MammoDiffusion/experiments/diffusers/03_sd21_vae_finetuned/generated_images/final/positive/gen_2200.png,gen_2200.png,60.0,55.0,0.0,0.4510765075683594,0.995653166676533,0.4435157775878906,159.9754182256053,24.158965460850187,4.889255521017001,181.07135009765625,0.0,0.0,False,,-7.206795180548778,True,561.0
positive,/mnt/MammoDiffusion/MammoDiffusion/experiments/diffusers/03_sd21_vae_finetuned/generated_images/final/positive/gen_2201.png,gen_2201.png,93.8956,80.0,1.0,0.798004150390625,0.9977102374851811,0.7963714599609375,133.1228708014792,24.290868207840155,6.170319821005405,44.92131042480469,0.0,0.0,False,,-9.044137727266854,False,
positive,/mnt/MammoDiffusion/MammoDiffusion/experiments/diffusers/03_sd21_vae_finetuned/generated_images/final/positive/gen_2202.png,gen_2202.png,220.0,218.0,12.0,0.3232765197753906,0.981320431883887,0.30815887451171875,230.9938476393256,6.034608766275217,6.7991576986488695,392.520751953125,0.0,0.0,True,low_contrast,,False,
positive,/mnt/MammoDiffusion/MammoDiffusion/experiments/diffusers/03_sd21_vae_finetuned/generated_images/final/positive/gen_2203.png,gen_2203.png,144.0,139.0,0.0,0.0948944091796875,0.7766521948866377,0.07218551635742188,191.23944406278073,22.579627200103833,4.901797560944223,179.71463012695312,0.0,0.0,True,too_empty,,False,
positive,/mnt/MammoDiffusion/MammoDiffusion/experiments/diffusers/03_sd21_vae_finetuned/generated_images/final/positive/gen_2204.png,gen_2204.png,110.8956,97.0,1.0,0.4724082946777344,0.9980942998570725,0.4695854187011719,151.64939601458988,25.838734536732975,5.558861305893043,47.957054138183594,0.0,0.0,False,,-6.477903273264291,True,276.0
positive,/mnt/MammoDiffusion/MammoDiffusion/experiments/diffusers/03_sd21_vae_finetuned/generated_images/final/positive/gen_2205.png,gen_2205.png,185.0,138.0,11.0,0.0496368408203125,0.8527513064863204,0.04338836669921875,194.53261825215404,9.138835941699735,6.846834478769011,95.60346984863281,0.0,0.0,True,too_empty,,False,
positive,/mnt/MammoDiffusion/MammoDiffusion/experiments/diffusers/03_sd21_vae_finetuned/generated_images/final/positive/gen_2206.png,gen_2206.png,117.8956,104.0,1.0,0.4006843566894531,0.9936212953530661,0.3991813659667969,152.70112668788167,28.497567731641446,5.402406197338712,42.90967559814453,0.0,0.0,False,,-8.228900576754516,True,1104.0
positive,/mnt/MammoDiffusion/MammoDiffusion/experiments/diffusers/03_sd21_vae_finetuned/generated_images/final/positive/gen_2207.png,gen_2207.png,220.0,254.0,1.0,0.2020721435546875,0.5680359435173299,0.10992431640625,254.71307606885063,1.172214895642007,6.382403486789498,394.8588562011719,0.0,0.0,True,too_empty,,False,
positive,/mnt/MammoDiffusion/MammoDiffusion/experiments/diffusers/03_sd21_vae_finetuned/generated_images/final/positive/gen_2208.png,gen_2208.png,63.8956,50.0,1.0,0.8199996948242188,0.9982973418063064,0.8108253479003906,145.03002545247537,26.79917838877196,6.297282392842076,196.38119506835938,0.0,0.0,False,,-8.940855944753475,False,
positive,/mnt/MammoDiffusion/MammoDiffusion/experiments/diffusers/03_sd21_vae_finetuned/generated_images/final/positive/gen_2209.png,gen_2209.png,26.8956,13.0,1.0,0.6157951354980469,0.9980424588203956,0.6086273193359375,157.505659738762,22.549016187585732,5.801707589893847,198.81808471679688,0.0,0.0,False,,-7.90893204156299,True,925.0
positive,/mnt/MammoDiffusion/MammoDiffusion/experiments/diffusers/03_sd21_vae_finetuned/generated_images/final/positive/gen_2210.png,gen_2210.png,43.8956,30.0,1.0,0.811279296875,1.0,0.8040695190429688,141.78597792980426,22.07502888316277,6.21851598480677,75.30604553222656,0.0,0.0,False,,-9.893744680220378,False,
positive,/mnt/MammoDiffusion/MammoDiffusion/experiments/diffusers/03_sd21_vae_finetuned/generated_images/final/positive/gen_2211.png,gen_2211.png,39.8956,26.0,1.0,0.8144569396972656,0.999395798693239,0.8154678344726562,110.70568367872012,46.71296354001121,7.269611771297148,465.6025390625,0.0,0.0,False,,-8.401843300308805,True,1209.0
positive,/mnt/MammoDiffusion/MammoDiffusion/experiments/diffusers/03_sd21_vae_finetuned/generated_images/final/positive/gen_2212.png,gen_2212.png,10.0,0.0,0.0,0.8166236877441406,0.9984537984706152,0.8087539672851562,151.02047073251262,21.80266142623032,5.500428179587438,215.47409057617188,0.0,0.0,False,,-8.567192088550728,True,1294.0
positive,/mnt/MammoDiffusion/MammoDiffusion/experiments/diffusers/03_sd21_vae_finetuned/generated_images/final/positive/gen_2213.png,gen_2213.png,96.8956,83.0,1.0,0.2818183898925781,0.9499979695981158,0.2685127258300781,154.05772208725796,43.04214262869005,5.577289526814145,249.4939422607422,0.0,0.0,False,,-32.64623949186994,False,
positive,/mnt/MammoDiffusion/MammoDiffusion/experiments/diffusers/03_sd21_vae_finetuned/generated_images/final/positive/gen_2214.png,gen_2214.png,77.8956,64.0,1.0,0.5559921264648438,1.0,0.5502586364746094,151.26230701505057,22.675431029514552,5.788445002080432,47.19336700439453,0.0,0.0,False,,-8.040303247928168,True,1005.0
positive,/mnt/MammoDiffusion/MammoDiffusion/experiments/diffusers/03_sd21_vae_finetuned/generated_images/final/positive/gen_2215.png,gen_2215.png,220.0,229.0,24.0,0.21430587768554688,0.6323181259901387,0.13055038452148438,253.17225257867517,3.875451798358776,6.842837206211107,368.2501525878906,0.0,0.0,True,too_empty,,False,
positive,/mnt/MammoDiffusion/MammoDiffusion/experiments/diffusers/03_sd21_vae_finetuned/generated_images/final/positive/gen_2216.png,gen_2216.png,213.0,200.0,9.0,0.031219482421875,0.08113391984359726,0.002349853515625,216.28733766233765,2.5026418618295243,6.695154719954884,403.94342041015625,0.0,0.0,True,too_empty,,False,
positive,/mnt/MammoDiffusion/MammoDiffusion/experiments/diffusers/03_sd21_vae_finetuned/generated_images/final/positive/gen_2217.png,gen_2217.png,64.0,59.0,0.0,0.6902351379394531,0.9977672279914447,0.68255615234375,165.2764855137262,17.11738234588988,5.38310136798836,177.9014434814453,0.0,0.0,False,,-8.7945177189003,False,
positive,/mnt/MammoDiffusion/MammoDiffusion/experiments/diffusers/03_sd21_vae_finetuned/generated_images/final/positive/gen_2218.png,gen_2218.png,108.8956,95.0,1.0,0.78485107421875,0.9909839412084921,0.7868843078613281,143.17590909311267,21.537151781772064,6.234249853110077,78.64503479003906,0.0,0.0,False,,-13.237893287234222,False,
positive,/mnt/MammoDiffusion/MammoDiffusion/experiments/diffusers/03_sd21_vae_finetuned/generated_images/final/positive/gen_2219.png,gen_2219.png,23.8956,10.0,1.0,0.6929244995117188,0.9982218160598086,0.6857337951660156,164.19066983383493,22.984652381295845,5.986015829004563,218.27987670898438,0.0,0.0,False,,-8.66039635205749,True,1331.0
positive,/mnt/MammoDiffusion/MammoDiffusion/experiments/diffusers/03_sd21_vae_finetuned/generated_images/final/positive/gen_2220.png,gen_2220.png,127.8956,114.0,1.0,0.11069869995117188,0.6744546676315517,0.07230758666992188,195.08620416776577,27.987970003397862,6.260002149450948,287.6820068359375,0.0,0.0,True,too_empty,,False,
positive,/mnt/MammoDiffusion/MammoDiffusion/experiments/diffusers/03_sd21_vae_finetuned/generated_images/final/positive/gen_2221.png,gen_2221.png,10.0,0.0,0.0,0.7541122436523438,0.9984166809991603,0.7466926574707031,141.84098885772525,22.642364238968586,5.470047017579297,232.8822479248047,0.0,0.0,False,,-7.7781872685400035,True,855.0
positive,/mnt/MammoDiffusion/MammoDiffusion/experiments/diffusers/03_sd21_vae_finetuned/generated_images/final/positive/gen_2222.png,gen_2222.png,66.8956,53.0,1.0,0.6756935119628906,0.9981030774181529,0.6682662963867188,155.285845577742,23.56079347229067,5.749416181663384,204.8476104736328,0.0,0.0,False,,-8.079208092118646,True,1030.0
positive,/mnt/MammoDiffusion/MammoDiffusion/experiments/diffusers/03_sd21_vae_finetuned/generated_images/final/positive/gen_2223.png,gen_2223.png,93.8956,80.0,1.0,0.7974891662597656,1.0,0.7900199890136719,140.00118300909227,15.367278986995508,5.5639080519795385,26.879226684570312,0.0,0.0,False,,-9.63277203388845,False,
positive,/mnt/MammoDiffusion/MammoDiffusion/experiments/diffusers/03_sd21_vae_finetuned/generated_images/final/positive/gen_2224.png,gen_2224.png,191.0,86.0,14.0,0.049457550048828125,0.7810258387967605,0.037036895751953125,209.65990318261407,10.507480575229684,6.622878774245404,194.28318786621094,0.0,0.0,True,too_empty,,False,
positive,/mnt/MammoDiffusion/MammoDiffusion/experiments/diffusers/03_sd21_vae_finetuned/generated_images/final/positive/gen_2225.png,gen_2225.png,91.8956,78.0,1.0,0.7801895141601562,0.999574617889518,0.7749252319335938,146.4501924761989,26.69103013225597,6.389199315638791,37.64179992675781,0.0,0.0,False,,-9.492172240690792,False,
positive,/mnt/MammoDiffusion/MammoDiffusion/experiments/diffusers/03_sd21_vae_finetuned/generated_images/final/positive/gen_2226.png,gen_2226.png,98.8956,85.0,1.0,0.7576789855957031,0.9979458365429638,0.7492866516113281,150.7133453144012,21.759075909470162,6.223472651345184,193.23822021484375,0.0,0.0,False,,-9.181740485198961,False,
positive,/mnt/MammoDiffusion/MammoDiffusion/experiments/diffusers/03_sd21_vae_finetuned/generated_images/final/positive/gen_2227.png,gen_2227.png,117.0,112.0,0.0,0.32389068603515625,0.9997762231173297,0.3189353942871094,156.52701328836102,27.206801778945632,3.859012737084896,14.169448852539062,0.0,0.0,False,,-5.464636444709667,True,56.0
positive,/mnt/MammoDiffusion/MammoDiffusion/experiments/diffusers/03_sd21_vae_finetuned/generated_images/final/positive/gen_2228.png,gen_2228.png,58.8956,45.0,1.0,0.6766242980957031,0.9982353571287625,0.6692352294921875,143.0968900339725,27.293922221649822,6.117339569512481,169.5413360595703,0.0,0.0,False,,-7.782286779397787,True,857.0
positive,/mnt/MammoDiffusion/MammoDiffusion/experiments/diffusers/03_sd21_vae_finetuned/generated_images/final/positive/gen_2229.png,gen_2229.png,220.0,223.0,28.0,0.23066329956054688,0.6986290042502522,0.16542434692382812,249.47955724662745,17.2929487642498,6.601188724127032,644.2846069335938,0.0,0.0,True,fragmented_mask,,False,
positive,/mnt/MammoDiffusion/MammoDiffusion/experiments/diffusers/03_sd21_vae_finetuned/generated_images/final/positive/gen_2230.png,gen_2230.png,110.8956,97.0,1.0,0.18650436401367188,0.8073878627968337,0.14459228515625,162.42660405234275,42.488537243340915,6.171607833878809,277.10516357421875,0.0,0.0,False,,-113.43223487536088,False,
positive,/mnt/MammoDiffusion/MammoDiffusion/experiments/diffusers/03_sd21_vae_finetuned/generated_images/final/positive/gen_2231.png,gen_2231.png,98.8956,85.0,1.0,0.6556549072265625,0.9978356489562242,0.6481094360351562,153.46133562490436,17.313901788757423,5.6024443477342984,171.62295532226562,0.0,0.0,False,,-8.373236034721911,True,1194.0
positive,/mnt/MammoDiffusion/MammoDiffusion/experiments/diffusers/03_sd21_vae_finetuned/generated_images/final/positive/gen_2232.png,gen_2232.png,47.8956,34.0,1.0,0.8117294311523438,1.0,0.8036079406738281,136.55608299590338,22.47504238673118,6.159917225215333,62.093589782714844,0.0,0.0,False,,-9.661132240137231,False,
positive,/mnt/MammoDiffusion/MammoDiffusion/experiments/diffusers/03_sd21_vae_finetuned/generated_images/final/positive/gen_2233.png,gen_2233.png,62.8956,49.0,1.0,0.6857452392578125,1.0,0.6808586120605469,148.80365076786023,23.553216787982993,5.87991164192841,82.75313568115234,0.0,0.0,False,,-8.830166570772228,False,
positive,/mnt/MammoDiffusion/MammoDiffusion/experiments/diffusers/03_sd21_vae_finetuned/generated_images/final/positive/gen_2234.png,gen_2234.png,74.8956,61.0,1.0,0.4207801818847656,1.0,0.41548919677734375,162.81271231568704,28.084969255237002,5.212776491159136,54.078704833984375,0.0,0.0,False,,-6.526793586075796,True,295.0
positive,/mnt/MammoDiffusion/MammoDiffusion/experiments/diffusers/03_sd21_vae_finetuned/generated_images/final/positive/gen_2235.png,gen_2235.png,87.8956,74.0,1.0,0.8226966857910156,0.9908561889968238,0.8154296875,135.4377292290419,28.201799759968935,6.7028639620513255,110.99650573730469,0.0,0.0,False,,-13.216168307011749,False,
positive,/mnt/MammoDiffusion/MammoDiffusion/experiments/diffusers/03_sd21_vae_finetuned/generated_images/final/positive/gen_2236.png,gen_2236.png,86.8956,73.0,1.0,0.4912147521972656,0.9899898267440145,0.5693244934082031,128.12592046634728,42.713159811514316,6.300016026475264,285.39642333984375,0.0,0.0,False,,-10.514155103549918,False,
positive,/mnt/MammoDiffusion/MammoDiffusion/experiments/diffusers/03_sd21_vae_finetuned/generated_images/final/positive/gen_2237.png,gen_2237.png,59.8956,46.0,1.0,0.8371925354003906,0.9983140819720684,0.828399658203125,153.16144317553878,20.444631723491952,6.254362101776783,232.3958282470703,0.0,0.0,False,,-9.660555894877191,False,
positive,/mnt/MammoDiffusion/MammoDiffusion/experiments/diffusers/03_sd21_vae_finetuned/generated_images/final/positive/gen_2238.png,gen_2238.png,117.8956,104.0,1.0,0.5888328552246094,0.9836031588699071,0.5796279907226562,150.31022863385675,22.184634466551337,6.101696899047634,57.53398895263672,0.0,0.0,False,,-16.006085500010972,False,
positive,/mnt/MammoDiffusion/MammoDiffusion/experiments/diffusers/03_sd21_vae_finetuned/generated_images/final/positive/gen_2239.png,gen_2239.png,114.8956,101.0,1.0,0.46250152587890625,0.9974348823015127,0.4556083679199219,177.37544270942354,21.839250241699634,5.367626908274234,164.6758575439453,0.0,0.0,False,,-7.486024802560947,True,697.0
positive,/mnt/MammoDiffusion/MammoDiffusion/experiments/diffusers/03_sd21_vae_finetuned/generated_images/final/positive/gen_2240.png,gen_2240.png,95.7912,73.0,2.0,0.731201171875,0.9983775041736227,0.7339210510253906,143.2288492824583,28.447348943908057,6.677711232921567,203.59597778320312,0.0,0.0,False,,-8.572320208785117,True,1295.0
positive,/mnt/MammoDiffusion/MammoDiffusion/experiments/diffusers/03_sd21_vae_finetuned/generated_images/final/positive/gen_2241.png,gen_2241.png,119.8956,106.0,1.0,0.3982086181640625,0.9957945357703951,0.3915557861328125,163.63725108140758,20.709217903070698,5.067785909318134,139.33502197265625,0.0,0.0,False,,-7.509264217691417,True,709.0
positive,/mnt/MammoDiffusion/MammoDiffusion/experiments/diffusers/03_sd21_vae_finetuned/generated_images/final/positive/gen_2242.png,gen_2242.png,102.8956,89.0,1.0,0.41513824462890625,0.9989524562145076,0.40899658203125,154.8338121175944,25.65388250658098,5.137804195249967,34.194129943847656,0.0,0.0,False,,-5.779878557086906,True,102.0
positive,/mnt/MammoDiffusion/MammoDiffusion/experiments/diffusers/03_sd21_vae_finetuned/generated_images/final/positive/gen_2243.png,gen_2243.png,45.8956,32.0,1.0,0.7621421813964844,1.0,0.7557296752929688,129.4166725556509,22.0471512021892,6.099513195424821,52.15642547607422,0.0,0.0,False,,-9.103090883898126,False,
positive,/mnt/MammoDiffusion/MammoDiffusion/experiments/diffusers/03_sd21_vae_finetuned/generated_images/final/positive/gen_2244.png,gen_2244.png,82.8956,69.0,1.0,0.5039863586425781,0.9931575800237669,0.59698486328125,123.99363562007974,44.392842050219215,6.453643309273711,302.435546875,0.0,0.0,False,,-9.06455078799193,False,
positive,/mnt/MammoDiffusion/MammoDiffusion/experiments/diffusers/03_sd21_vae_finetuned/generated_images/final/positive/gen_2245.png,gen_2245.png,45.8956,32.0,1.0,0.7148208618164062,1.0,0.7086410522460938,152.7032826243769,22.115574721800435,6.002775122937912,63.23548889160156,0.0,0.0,False,,-9.383261473703705,False,
positive,/mnt/MammoDiffusion/MammoDiffusion/experiments/diffusers/03_sd21_vae_finetuned/generated_images/final/positive/gen_2246.png,gen_2246.png,100.8956,87.0,1.0,0.22615432739257812,0.8875094880661213,0.21123504638671875,150.7062520316394,40.043135059963355,5.498911427044699,230.81759643554688,0.0,0.0,False,,-67.4007418119321,False,
positive,/mnt/MammoDiffusion/MammoDiffusion/experiments/diffusers/03_sd21_vae_finetuned/generated_images/final/positive/gen_2247.png,gen_2247.png,81.8956,68.0,1.0,0.49011993408203125,1.0,0.4839897155761719,150.66586798029556,28.94713430315403,5.619065614297814,40.33660888671875,0.0,0.0,False,,-6.9739344917242905,True,458.0
positive,/mnt/MammoDiffusion/MammoDiffusion/experiments/diffusers/03_sd21_vae_finetuned/generated_images/final/positive/gen_2248.png,gen_2248.png,83.8956,70.0,1.0,0.4504814147949219,0.99629099592687,0.471923828125,125.68054028711848,36.604385354290685,5.735548188775085,167.10873413085938,0.0,0.0,False,,-5.968659780171359,True,139.0
positive,/mnt/MammoDiffusion/MammoDiffusion/experiments/diffusers/03_sd21_vae_finetuned/generated_images/final/positive/gen_2249.png,gen_2249.png,28.7912,6.0,2.0,0.55902099609375,0.971878753138989,0.54541015625,97.42711364145032,53.02130239894225,6.52398026572688,785.7733154296875,0.0,0.0,False,,-19.803085481576023,False,
positive,/mnt/MammoDiffusion/MammoDiffusion/experiments/diffusers/03_sd21_vae_finetuned/generated_images/final/positive/gen_2250.png,gen_2250.png,100.8956,87.0,1.0,0.44678497314453125,0.9934512730315398,0.4415397644042969,144.03573310755354,29.365608250905808,5.670384723977093,50.92755889892578,0.0,0.0,False,,-8.491333197106739,True,1258.0
positive,/mnt/MammoDiffusion/MammoDiffusion/experiments/diffusers/03_sd21_vae_finetuned/generated_images/final/positive/gen_2251.png,gen_2251.png,33.8956,20.0,1.0,0.7415580749511719,0.9991975102240284,0.7569084167480469,99.4523457934976,53.4801281019689,7.240252779910063,670.4441528320312,0.0,0.0,False,,-7.749653284165311,True,834.0
positive,/mnt/MammoDiffusion/MammoDiffusion/experiments/diffusers/03_sd21_vae_finetuned/generated_images/final/positive/gen_2252.png,gen_2252.png,51.8956,38.0,1.0,0.6772651672363281,0.9990537396995623,0.6834907531738281,116.78296953223979,49.747624834499504,6.8866295412564416,417.26971435546875,0.0,0.0,False,,-7.40413078016547,True,651.0
positive,/mnt/MammoDiffusion/MammoDiffusion/experiments/diffusers/03_sd21_vae_finetuned/generated_images/final/positive/gen_2253.png,gen_2253.png,91.8956,78.0,1.0,0.48471832275390625,0.9992130074134702,0.47896575927734375,151.27546631835486,24.216593653885003,5.3153614310482125,33.02167510986328,0.0,0.0,False,,-6.5655104984575425,True,310.0
positive,/mnt/MammoDiffusion/MammoDiffusion/experiments/diffusers/03_sd21_vae_finetuned/generated_images/final/positive/gen_2254.png,gen_2254.png,110.8956,97.0,1.0,0.3393516540527344,0.9904675187445902,0.33402252197265625,152.64687878303374,33.26541662610608,5.389090285506979,60.90193176269531,0.0,0.0,False,,-10.045760341932883,False,
positive,/mnt/MammoDiffusion/MammoDiffusion/experiments/diffusers/03_sd21_vae_finetuned/generated_images/final/positive/gen_2255.png,gen_2255.png,113.8956,100.0,1.0,0.5993499755859375,0.9992044094808931,0.5971603393554688,154.23446103920992,24.421008524894294,5.73647373037015,43.080116271972656,0.0,0.0,False,,-7.836235307184584,True,887.0
positive,/mnt/MammoDiffusion/MammoDiffusion/experiments/diffusers/03_sd21_vae_finetuned/generated_images/final/positive/gen_2256.png,gen_2256.png,110.8956,97.0,1.0,0.4488639831542969,0.9957847144908938,0.4417572021484375,162.37122206486822,21.68984081609613,5.287003564584525,144.80287170410156,0.0,0.0,False,,-7.806016845997952,True,871.0
positive,/mnt/MammoDiffusion/MammoDiffusion/experiments/diffusers/03_sd21_vae_finetuned/generated_images/final/positive/gen_2257.png,gen_2257.png,107.8956,94.0,1.0,0.42107391357421875,0.996865430957946,0.4156913757324219,156.83229483073478,20.314198388233677,5.010455591206734,25.762832641601562,0.0,0.0,False,,-6.832239940406321,True,401.0
positive,/mnt/MammoDiffusion/MammoDiffusion/experiments/diffusers/03_sd21_vae_finetuned/generated_images/final/positive/gen_2258.png,gen_2258.png,117.7912,95.0,2.0,0.37155914306640625,0.8285866819983163,0.35306549072265625,148.30114311645093,33.71586514398586,6.481811149985561,310.9056396484375,0.0,0.0,False,,-100.40351269341502,False,
positive,/mnt/MammoDiffusion/MammoDiffusion/experiments/diffusers/03_sd21_vae_finetuned/generated_images/final/positive/gen_2259.png,gen_2259.png,220.0,118.0,94.0,0.20294570922851562,0.8978590627995714,0.17755889892578125,246.44671937438233,8.141505626534592,6.9854861802758705,532.4029541015625,0.0,0.0,False,,-68.15241624817313,False,
positive,/mnt/MammoDiffusion/MammoDiffusion/experiments/diffusers/03_sd21_vae_finetuned/generated_images/final/positive/gen_2260.png,gen_2260.png,90.0,85.0,0.0,0.5641403198242188,0.9974034053257239,0.5567436218261719,160.70783229528527,22.42457041767175,5.17731989206299,175.058837890625,0.0,0.0,False,,-7.434580321240578,True,668.0
positive,/mnt/MammoDiffusion/MammoDiffusion/experiments/diffusers/03_sd21_vae_finetuned/generated_images/final/positive/gen_2261.png,gen_2261.png,104.8956,91.0,1.0,0.7301445007324219,0.9973929353249427,0.7311172485351562,144.90380260672657,25.667111659530892,6.309167682589706,113.2092056274414,0.0,0.0,False,,-9.095771768741272,False,
positive,/mnt/MammoDiffusion/MammoDiffusion/experiments/diffusers/03_sd21_vae_finetuned/generated_images/final/positive/gen_2262.png,gen_2262.png,80.8956,67.0,1.0,0.5680923461914062,0.9975020480520004,0.5609512329101562,162.74935056103365,20.38447942549285,5.6480340778197355,170.01397705078125,0.0,0.0,False,,-8.084619462396375,True,1033.0
positive,/mnt/MammoDiffusion/MammoDiffusion/experiments/diffusers/03_sd21_vae_finetuned/generated_images/final/positive/gen_2263.png,gen_2263.png,93.8956,80.0,1.0,0.5763397216796875,0.9998146726324428,0.5707893371582031,155.1672670404801,21.675983228889876,5.596120156462235,37.87611389160156,0.0,0.0,False,,-8.08770076818535,True,1037.0
positive,/mnt/MammoDiffusion/MammoDiffusion/experiments/diffusers/03_sd21_vae_finetuned/generated_images/final/positive/gen_2264.png,gen_2264.png,104.8956,91.0,1.0,0.4891777038574219,0.9976917378250868,0.4823760986328125,160.465283269541,25.480183434142408,5.852785643481408,171.69017028808594,0.0,0.0,False,,-7.219544618832597,True,570.0
positive,/mnt/MammoDiffusion/MammoDiffusion/experiments/diffusers/03_sd21_vae_finetuned/generated_images/final/positive/gen_2265.png,gen_2265.png,92.8956,79.0,1.0,0.6101493835449219,0.9963925550338549,0.6360626220703125,132.77149454240134,33.943817461712456,6.263901810309892,200.8715362548828,0.0,0.0,False,,-7.9025843252275205,True,922.0
positive,/mnt/MammoDiffusion/MammoDiffusion/experiments/diffusers/03_sd21_vae_finetuned/generated_images/final/positive/gen_2266.png,gen_2266.png,220.0,228.0,26.0,0.13366317749023438,0.6316104911669853,0.07997894287109375,253.68854335590956,3.553613491959695,6.879298869169658,556.7900390625,0.0,0.0,True,too_empty,,False,
positive,/mnt/MammoDiffusion/MammoDiffusion/experiments/diffusers/03_sd21_vae_finetuned/generated_images/final/positive/gen_2267.png,gen_2267.png,119.8956,106.0,1.0,0.3148651123046875,0.9975405863823601,0.309478759765625,159.0440908194458,23.07537748637452,4.6393800641587815,24.767311096191406,0.0,0.0,False,,-6.504833243820211,True,290.0
positive,/mnt/MammoDiffusion/MammoDiffusion/experiments/diffusers/03_sd21_vae_finetuned/generated_images/final/positive/gen_2268.png,gen_2268.png,94.8956,81.0,1.0,0.3266143798828125,0.9648329829479093,0.3438072204589844,141.08946264715345,44.1132930166857,5.6709297683500015,261.9324951171875,0.0,0.0,False,,-23.657951697077507,False,
positive,/mnt/MammoDiffusion/MammoDiffusion/experiments/diffusers/03_sd21_vae_finetuned/generated_images/final/positive/gen_2269.png,gen_2269.png,34.8956,21.0,1.0,0.6298332214355469,0.9980618629131411,0.6226615905761719,158.2263657360608,23.501534721839295,6.036708708910453,221.37571716308594,0.0,0.0,False,,-8.151317703341663,True,1065.0
positive,/mnt/MammoDiffusion/MammoDiffusion/experiments/diffusers/03_sd21_vae_finetuned/generated_images/final/positive/gen_2270.png,gen_2270.png,220.0,250.0,2.0,0.20117950439453125,0.49144829155447683,0.09534454345703125,251.68764503480836,2.411118626239096,6.963664228341818,497.11102294921875,0.0,0.0,True,too_empty,,False,
positive,/mnt/MammoDiffusion/MammoDiffusion/experiments/diffusers/03_sd21_vae_finetuned/generated_images/final/positive/gen_2271.png,gen_2271.png,28.8956,15.0,1.0,0.7007560729980469,0.9990636857032428,0.699951171875,98.70499433205441,53.20289823924962,6.917098910068127,759.8406372070312,0.0,0.0,False,,-6.820361351454578,True,391.0
positive,/mnt/MammoDiffusion/MammoDiffusion/experiments/diffusers/03_sd21_vae_finetuned/generated_images/final/positive/gen_2272.png,gen_2272.png,120.8956,107.0,1.0,0.2247161865234375,0.9289739933455557,0.22517013549804688,159.86568858319075,34.46652976141973,5.357253751735082,106.16009521484375,0.0,0.0,False,,-44.971787570875705,False,
positive,/mnt/MammoDiffusion/MammoDiffusion/experiments/diffusers/03_sd21_vae_finetuned/generated_images/final/positive/gen_2273.png,gen_2273.png,58.8956,45.0,1.0,0.6805572509765625,1.0,0.6742706298828125,156.6784041277241,19.938031019297124,5.773769916077018,57.81011199951172,0.0,0.0,False,,-9.207753538260695,False,
positive,/mnt/MammoDiffusion/MammoDiffusion/experiments/diffusers/03_sd21_vae_finetuned/generated_images/final/positive/gen_2274.png,gen_2274.png,145.8956,132.0,1.0,0.2941703796386719,0.9643519419049471,0.2947883605957031,171.2374703986956,23.984046976514556,4.671431952003205,25.58966827392578,0.0,0.0,False,,-25.37036450952394,False,
positive,/mnt/MammoDiffusion/MammoDiffusion/experiments/diffusers/03_sd21_vae_finetuned/generated_images/final/positive/gen_2275.png,gen_2275.png,76.8956,63.0,1.0,0.7389755249023438,1.0,0.7330245971679688,146.66146088114988,20.93009112172492,5.943585370018505,51.19329071044922,0.0,0.0,False,,-9.403302261129443,False,
positive,/mnt/MammoDiffusion/MammoDiffusion/experiments/diffusers/03_sd21_vae_finetuned/generated_images/final/positive/gen_2276.png,gen_2276.png,53.8956,40.0,1.0,0.5784950256347656,0.9978371106964108,0.5710868835449219,162.39322142585183,20.18234155988497,5.679154328813971,187.56912231445312,0.0,0.0,False,,-7.979358288764685,True,967.0
positive,/mnt/MammoDiffusion/MammoDiffusion/experiments/diffusers/03_sd21_vae_finetuned/generated_images/final/positive/gen_2277.png,gen_2277.png,63.8956,50.0,1.0,0.5444145202636719,0.9974564691868409,0.5373802185058594,164.40456162020573,19.873535297110376,5.61724114801094,145.5867462158203,0.0,0.0,False,,-8.037382853902573,True,1001.0
positive,/mnt/MammoDiffusion/MammoDiffusion/experiments/diffusers/03_sd21_vae_finetuned/generated_images/final/positive/gen_2278.png,gen_2278.png,84.8956,71.0,1.0,0.35056304931640625,0.9678339028052841,0.3284759521484375,135.37596971245412,44.95339358277939,5.879407459543606,360.8533020019531,0.0,0.0,False,,-22.063440724459127,False,
positive,/mnt/MammoDiffusion/MammoDiffusion/experiments/diffusers/03_sd21_vae_finetuned/generated_images/final/positive/gen_2279.png,gen_2279.png,89.8956,76.0,1.0,0.4441070556640625,0.999287064078337,0.43871307373046875,146.51571222371007,27.93960588850118,5.283012613982779,41.13743591308594,0.0,0.0,False,,-5.885024862757141,True,123.0
positive,/mnt/MammoDiffusion/MammoDiffusion/experiments/diffusers/03_sd21_vae_finetuned/generated_images/final/positive/gen_2280.png,gen_2280.png,121.0,116.0,0.0,0.4330940246582031,0.9991632388820871,0.42839813232421875,157.23848195045503,22.54358567573619,4.5289084428208985,20.198143005371094,0.0,0.0,False,,-5.738119135675282,True,90.0
positive,/mnt/MammoDiffusion/MammoDiffusion/experiments/diffusers/03_sd21_vae_finetuned/generated_images/final/positive/gen_2281.png,gen_2281.png,10.0,0.0,0.0,0.8788833618164062,0.9986805211941283,0.8680915832519531,136.83504932656604,22.407123680750704,5.722781701975672,272.2353515625,0.0,0.0,False,,-8.687104405021472,True,1346.0
positive,/mnt/MammoDiffusion/MammoDiffusion/experiments/diffusers/03_sd21_vae_finetuned/generated_images/final/positive/gen_2282.png,gen_2282.png,110.8956,97.0,1.0,0.4983673095703125,0.9207005296837206,0.4572486877441406,142.22028949234556,31.379909254849185,6.032319135642968,203.2210693359375,0.0,0.0,False,,-48.96240228911031,False,
positive,/mnt/MammoDiffusion/MammoDiffusion/experiments/diffusers/03_sd21_vae_finetuned/generated_images/final/positive/gen_2283.png,gen_2283.png,59.8956,46.0,1.0,0.3741111755371094,1.0,0.3686637878417969,149.94019225396562,32.453258649807054,4.858836833862114,38.64417266845703,0.0,0.0,False,,-5.636846669014227,True,76.0
positive,/mnt/MammoDiffusion/MammoDiffusion/experiments/diffusers/03_sd21_vae_finetuned/generated_images/final/positive/gen_2284.png,gen_2284.png,220.0,225.0,30.0,0.16601943969726562,0.6492038326325222,0.1039886474609375,254.85355832721936,0.9169354051041537,6.422242350106818,496.13494873046875,0.0,0.0,True,too_empty,,False,
positive,/mnt/MammoDiffusion/MammoDiffusion/experiments/diffusers/03_sd21_vae_finetuned/generated_images/final/positive/gen_2285.png,gen_2285.png,89.8956,76.0,1.0,0.5427513122558594,1.0,0.5369529724121094,156.67927450464978,24.11311279472322,5.5199803515461,35.401405334472656,0.0,0.0,False,,-7.764578937288764,True,845.0
positive,/mnt/MammoDiffusion/MammoDiffusion/experiments/diffusers/03_sd21_vae_finetuned/generated_images/final/positive/gen_2286.png,gen_2286.png,73.8956,60.0,1.0,0.51190185546875,1.0,0.5063056945800781,158.35246562441137,26.707234426904918,5.7867726658296705,52.347084045410156,0.0,0.0,False,,-7.6678728047592095,True,790.0
positive,/mnt/MammoDiffusion/MammoDiffusion/experiments/diffusers/03_sd21_vae_finetuned/generated_images/final/positive/gen_2287.png,gen_2287.png,63.8956,50.0,1.0,0.6153945922851562,0.9975638784542716,0.6080665588378906,160.15826124051918,20.819532724171292,5.784256212380904,187.48849487304688,0.0,0.0,False,,-8.370800638106973,True,1191.0
positive,/mnt/MammoDiffusion/MammoDiffusion/experiments/diffusers/03_sd21_vae_finetuned/generated_images/final/positive/gen_2288.png,gen_2288.png,38.0,33.0,0.0,0.815643310546875,0.9979421558723388,0.807342529296875,159.44454261954263,22.59755673699258,6.0952467861913,199.5740203857422,0.0,0.0,False,,-9.64867408943567,False,
positive,/mnt/MammoDiffusion/MammoDiffusion/experiments/diffusers/03_sd21_vae_finetuned/generated_images/final/positive/gen_2289.png,gen_2289.png,220.0,253.0,1.0,0.3334770202636719,0.9306329287683456,0.30249786376953125,253.20900905445282,12.252102844439205,6.153901615832469,537.8431396484375,0.0,0.0,False,,-48.20302619156175,False,
positive,/mnt/MammoDiffusion/MammoDiffusion/experiments/diffusers/03_sd21_vae_finetuned/generated_images/final/positive/gen_2290.png,gen_2290.png,104.8956,91.0,1.0,0.45650482177734375,1.0,0.4508781433105469,159.66376750285545,22.564665226695713,5.12622552855153,28.955764770507812,0.0,0.0,False,,-7.004666733290572,True,468.0
positive,/mnt/MammoDiffusion/MammoDiffusion/experiments/diffusers/03_sd21_vae_finetuned/generated_images/final/positive/gen_2291.png,gen_2291.png,10.0,0.0,0.0,0.7290611267089844,0.9983361151952449,0.7219161987304688,153.80615706540692,18.999935904229627,5.607463094012552,277.15032958984375,0.0,0.0,False,,-8.359493111537468,True,1183.0
positive,/mnt/MammoDiffusion/MammoDiffusion/experiments/diffusers/03_sd21_vae_finetuned/generated_images/final/positive/gen_2292.png,gen_2292.png,67.8956,54.0,1.0,0.3343315124511719,0.9968850906518489,0.346221923828125,127.17162847069193,49.75183251410536,5.247157225499469,250.78338623046875,0.0,0.0,False,,-5.414286747183264,True,49.0
positive,/mnt/MammoDiffusion/MammoDiffusion/experiments/diffusers/03_sd21_vae_finetuned/generated_images/final/positive/gen_2293.png,gen_2293.png,108.8956,95.0,1.0,0.6425018310546875,0.9985038117177666,0.6375198364257812,160.24683165591603,23.141790847272905,5.938653249920925,216.71981811523438,0.0,0.0,False,,-8.002375575715424,True,977.0
positive,/mnt/MammoDiffusion/MammoDiffusion/experiments/diffusers/03_sd21_vae_finetuned/generated_images/final/positive/gen_2294.png,gen_2294.png,63.8956,50.0,1.0,0.6741561889648438,0.9991568869323133,0.6854209899902344,121.54558963484881,43.90147227393761,6.914796609648293,345.6147766113281,0.0,0.0,False,,-7.3231427476435025,True,622.0
positive,/mnt/MammoDiffusion/MammoDiffusion/experiments/diffusers/03_sd21_vae_finetuned/generated_images/final/positive/gen_2295.png,gen_2295.png,121.8956,108.0,1.0,0.288177490234375,0.9929445091602245,0.280975341796875,163.62592321060063,24.091308462880242,4.206269922220215,146.08157348632812,0.0,0.0,False,,-8.741027211369909,False,
positive,/mnt/MammoDiffusion/MammoDiffusion/experiments/diffusers/03_sd21_vae_finetuned/generated_images/final/positive/gen_2296.png,gen_2296.png,76.8956,63.0,1.0,0.5805816650390625,0.9961628426502668,0.6508941650390625,117.39463628478327,42.080223855963055,6.606007632194996,360.62969970703125,0.0,0.0,False,,-7.472965885051902,True,689.0
positive,/mnt/MammoDiffusion/MammoDiffusion/experiments/diffusers/03_sd21_vae_finetuned/generated_images/final/positive/gen_2297.png,gen_2297.png,96.0,91.0,0.0,0.5849227905273438,0.9967065360585389,0.577239990234375,159.06075204863865,17.9728546206353,5.175102343613414,167.76907348632812,0.0,0.0,False,,-8.230521695715337,True,1106.0
positive,/mnt/MammoDiffusion/MammoDiffusion/experiments/diffusers/03_sd21_vae_finetuned/generated_images/final/positive/gen_2298.png,gen_2298.png,116.8956,103.0,1.0,0.536834716796875,0.9995665397078052,0.5320777893066406,155.95245230533192,21.604425561590915,5.404770443356275,24.20256805419922,0.0,0.0,False,,-7.546241837127729,True,734.0
positive,/mnt/MammoDiffusion/MammoDiffusion/experiments/diffusers/03_sd21_vae_finetuned/generated_images/final/positive/gen_2299.png,gen_2299.png,220.0,206.0,40.0,0.3284149169921875,0.9400873484179715,0.310882568359375,243.32835967409443,28.164752393756377,6.447337199037062,738.8197021484375,0.0,0.0,False,,-41.51315510232905,False,
positive,/mnt/MammoDiffusion/MammoDiffusion/experiments/diffusers/03_sd21_vae_finetuned/generated_images/final/positive/gen_2300.png,gen_2300.png,72.8956,59.0,1.0,0.6536788940429688,0.9980975501581484,0.6465606689453125,155.90683926085006,23.747410292951777,5.708265812029834,150.6776885986328,0.0,0.0,False,,-7.967886496292751,True,962.0
positive,/mnt/MammoDiffusion/MammoDiffusion/experiments/diffusers/03_sd21_vae_finetuned/generated_images/final/positive/gen_2301.png,gen_2301.png,220.0,216.0,39.0,0.09307861328125,0.6581557377049181,0.05843353271484375,254.9327588458023,0.9595807668721583,6.304613723645135,270.8387451171875,0.0,0.0,True,too_empty,,False,
positive,/mnt/MammoDiffusion/MammoDiffusion/experiments/diffusers/03_sd21_vae_finetuned/generated_images/final/positive/gen_2302.png,gen_2302.png,93.8956,80.0,1.0,0.7067222595214844,1.0,0.7007408142089844,149.05759547075314,21.123908460358464,6.076376433986956,53.033470153808594,0.0,0.0,False,,-9.373709057270254,False,
positive,/mnt/MammoDiffusion/MammoDiffusion/experiments/diffusers/03_sd21_vae_finetuned/generated_images/final/positive/gen_2303.png,gen_2303.png,107.8956,94.0,1.0,0.6197052001953125,0.9980055647206559,0.6120643615722656,165.84456120013212,20.03900635620163,5.678050905744385,146.68600463867188,0.0,0.0,False,,-8.326978450457126,True,1161.0
positive,/mnt/MammoDiffusion/MammoDiffusion/experiments/diffusers/03_sd21_vae_finetuned/generated_images/final/positive/gen_2304.png,gen_2304.png,24.8956,11.0,1.0,0.5501708984375,0.9978783004215664,0.5431022644042969,160.24776113112924,21.351414163486655,5.472366510799429,280.3621826171875,0.0,0.0,False,,-7.301646139796464,True,612.0
positive,/mnt/MammoDiffusion/MammoDiffusion/experiments/diffusers/03_sd21_vae_finetuned/generated_images/final/positive/gen_2305.png,gen_2305.png,134.8956,121.0,1.0,0.291900634765625,0.9771562990067956,0.28382110595703125,160.4703099379049,20.761668833540167,4.689793676092989,29.262977600097656,0.0,0.0,False,,-18.247009327701825,False,
positive,/mnt/MammoDiffusion/MammoDiffusion/experiments/diffusers/03_sd21_vae_finetuned/generated_images/final/positive/gen_2306.png,gen_2306.png,122.8956,109.0,1.0,0.355987548828125,0.9972460351478782,0.3504486083984375,153.4085100361388,20.73084222449788,4.62294129462414,20.344100952148438,0.0,0.0,False,,-6.3747305262415255,True,234.0
positive,/mnt/MammoDiffusion/MammoDiffusion/experiments/diffusers/03_sd21_vae_finetuned/generated_images/final/positive/gen_2307.png,gen_2307.png,99.0,94.0,0.0,0.2645835876464844,0.8907856226300841,0.23712921142578125,153.57178018725267,41.64170233233488,5.413975992299651,224.21969604492188,0.0,0.0,False,,-65.49114818322002,False,
positive,/mnt/MammoDiffusion/MammoDiffusion/experiments/diffusers/03_sd21_vae_finetuned/generated_images/final/positive/gen_2308.png,gen_2308.png,72.7912,50.0,2.0,0.5635185241699219,0.9943204511145861,0.6485214233398438,120.55263931861228,46.965635860640454,6.91018271184319,402.7389221191406,0.0,0.0,False,,-9.169215373732806,False,
positive,/mnt/MammoDiffusion/MammoDiffusion/experiments/diffusers/03_sd21_vae_finetuned/generated_images/final/positive/gen_2309.png,gen_2309.png,82.8956,69.0,1.0,0.5370368957519531,0.99715870749604,0.5297889709472656,160.9630331002801,18.198493741072465,5.395256165865913,175.8297882080078,0.0,0.0,False,,-7.908674819022413,True,924.0
positive,/mnt/MammoDiffusion/MammoDiffusion/experiments/diffusers/03_sd21_vae_finetuned/generated_images/final/positive/gen_2310.png,gen_2310.png,16.8956,3.0,1.0,0.6038475036621094,0.9993619507880855,0.6000251770019531,87.95459429218083,52.97599444983384,6.300089795133299,488.6116943359375,0.0,0.0,False,,-5.693809722057999,True,86.0
positive,/mnt/MammoDiffusion/MammoDiffusion/experiments/diffusers/03_sd21_vae_finetuned/generated_images/final/positive/gen_2311.png,gen_2311.png,88.0,83.0,0.0,0.8066482543945312,0.9985150715508517,0.7985076904296875,149.59468097303701,22.5252633259401,5.828502874162684,181.78482055664062,0.0,0.0,False,,-8.734242260304834,False,
positive,/mnt/MammoDiffusion/MammoDiffusion/experiments/diffusers/03_sd21_vae_finetuned/generated_images/final/positive/gen_2312.png,gen_2312.png,40.7912,18.0,2.0,0.8145294189453125,0.9987870215994455,0.82745361328125,102.22827690491997,48.47019114691455,7.386336496100647,534.8151245117188,0.0,0.0,False,,-8.039474931249368,True,1003.0
positive,/mnt/MammoDiffusion/MammoDiffusion/experiments/diffusers/03_sd21_vae_finetuned/generated_images/final/positive/gen_2313.png,gen_2313.png,15.8956,2.0,1.0,0.7643699645996094,0.9995907673112914,0.7604141235351562,104.62201386589612,50.37249935193656,6.987210835677199,550.5027465820312,0.0,0.0,False,,-7.828570368377996,True,883.0
positive,/mnt/MammoDiffusion/MammoDiffusion/experiments/diffusers/03_sd21_vae_finetuned/generated_images/final/positive/gen_2314.png,gen_2314.png,41.8956,28.0,1.0,0.5601768493652344,0.9975280393879343,0.5528717041015625,159.54952667457843,22.574353528034642,5.710135546554282,210.724853515625,0.0,0.0,False,,-7.774360073154136,True,853.0
positive,/mnt/MammoDiffusion/MammoDiffusion/experiments/diffusers/03_sd21_vae_finetuned/generated_images/final/positive/gen_2315.png,gen_2315.png,10.0,0.0,0.0,0.8622779846191406,0.9996151140722258,0.8602867126464844,74.28100514812499,57.83385875585737,6.856440040196746,614.5127563476562,0.0,0.0,False,,-8.478306984887162,True,1251.0
positive,/mnt/MammoDiffusion/MammoDiffusion/experiments/diffusers/03_sd21_vae_finetuned/generated_images/final/positive/gen_2316.png,gen_2316.png,45.8956,32.0,1.0,0.5083541870117188,1.0,0.5025138854980469,164.4608558349971,21.648172638247747,5.522382423760195,63.8021240234375,0.0,0.0,False,,-7.911544612539679,True,929.0
positive,/mnt/MammoDiffusion/MammoDiffusion/experiments/diffusers/03_sd21_vae_finetuned/generated_images/final/positive/gen_2317.png,gen_2317.png,112.8956,99.0,1.0,0.5861968994140625,0.9950217351693261,0.6146659851074219,147.99796438922368,26.34433433434394,6.314942755884714,145.5116729736328,0.0,0.0,False,,-9.639733145899951,False,
positive,/mnt/MammoDiffusion/MammoDiffusion/experiments/diffusers/03_sd21_vae_finetuned/generated_images/final/positive/gen_2318.png,gen_2318.png,53.8956,40.0,1.0,0.8153915405273438,0.9983251461988304,0.8061866760253906,141.93048543321802,28.388306019527626,6.423641166369293,202.8486328125,0.0,0.0,False,,-8.803764903562284,False,
positive,/mnt/MammoDiffusion/MammoDiffusion/experiments/diffusers/03_sd21_vae_finetuned/generated_images/final/positive/gen_2319.png,gen_2319.png,110.8956,97.0,1.0,0.6640472412109375,0.9941979365334681,0.6550216674804688,140.03310232368528,21.000831097807215,5.838453106488903,27.286270141601562,0.0,0.0,False,,-10.179338263650953,False,
positive,/mnt/MammoDiffusion/MammoDiffusion/experiments/diffusers/03_sd21_vae_finetuned/generated_images/final/positive/gen_2320.png,gen_2320.png,50.8956,37.0,1.0,0.7101516723632812,1.0,0.7040824890136719,156.6850209404511,20.272929868717323,6.160541803106486,96.34138488769531,0.0,0.0,False,,-9.718960149602488,False,
positive,/mnt/MammoDiffusion/MammoDiffusion/experiments/diffusers/03_sd21_vae_finetuned/generated_images/final/positive/gen_2321.png,gen_2321.png,72.8956,59.0,1.0,0.6956443786621094,0.9889393997554274,0.7413177490234375,120.364571969619,41.876836629917165,7.0368301660834645,436.0811767578125,0.0,0.0,False,,-12.501346975639585,False,
positive,/mnt/MammoDiffusion/MammoDiffusion/experiments/diffusers/03_sd21_vae_finetuned/generated_images/final/positive/gen_2322.png,gen_2322.png,220.0,209.0,46.0,0.092193603515625,0.5251572327044025,0.04576873779296875,254.94532422070344,0.8947874038832614,6.155151108267769,352.88043212890625,0.0,0.0,True,too_empty,,False,
positive,/mnt/MammoDiffusion/MammoDiffusion/experiments/diffusers/03_sd21_vae_finetuned/generated_images/final/positive/gen_2323.png,gen_2323.png,71.8956,58.0,1.0,0.8063812255859375,1.0,0.8001899719238281,142.87209973065097,26.025608877033424,6.45198047673389,53.51652526855469,0.0,0.0,False,,-9.8786891755137,False,
positive,/mnt/MammoDiffusion/MammoDiffusion/experiments/diffusers/03_sd21_vae_finetuned/generated_images/final/positive/gen_2324.png,gen_2324.png,92.0,87.0,0.0,0.48049163818359375,0.9987456136172375,0.4746246337890625,148.9735814177785,27.452435837645275,4.736317351021036,32.618858337402344,0.0,0.0,False,,-5.407871947213059,True,48.0
positive,/mnt/MammoDiffusion/MammoDiffusion/experiments/diffusers/03_sd21_vae_finetuned/generated_images/final/positive/gen_2325.png,gen_2325.png,220.0,150.0,82.0,0.1278533935546875,0.6004296455424275,0.07453155517578125,245.74639164704678,8.906189730115193,7.1598281931661525,673.2722778320312,0.0,0.0,True,too_empty,,False,
positive,/mnt/MammoDiffusion/MammoDiffusion/experiments/diffusers/03_sd21_vae_finetuned/generated_images/final/positive/gen_2326.png,gen_2326.png,59.8956,46.0,1.0,0.8352622985839844,1.0,0.8233261108398438,152.8279247555947,21.943253453696226,6.047918445174113,87.52641296386719,0.0,0.0,False,,-10.187123989004894,False,
positive,/mnt/MammoDiffusion/MammoDiffusion/experiments/diffusers/03_sd21_vae_finetuned/generated_images/final/positive/gen_2327.png,gen_2327.png,100.8956,87.0,1.0,0.39377593994140625,0.9050433030438068,0.368133544921875,150.45248901599933,39.711875519858765,5.98320537877292,326.3349304199219,0.0,0.0,False,,-56.9825366485288,False,
positive,/mnt/MammoDiffusion/MammoDiffusion/experiments/diffusers/03_sd21_vae_finetuned/generated_images/final/positive/gen_2328.png,gen_2328.png,167.8956,154.0,1.0,0.0616455078125,0.8009282178217821,0.0467987060546875,200.65194000652102,16.12571299148809,6.04413367592341,477.8337707519531,0.0,0.0,True,too_empty,,False,
positive,/mnt/MammoDiffusion/MammoDiffusion/experiments/diffusers/03_sd21_vae_finetuned/generated_images/final/positive/gen_2329.png,gen_2329.png,76.8956,63.0,1.0,0.5961227416992188,0.9977346899596852,0.5888442993164062,166.12718156022856,19.71977457151268,5.847743121164902,155.7607421875,0.0,0.0,False,,-8.508001237711046,True,1272.0
positive,/mnt/MammoDiffusion/MammoDiffusion/experiments/diffusers/03_sd21_vae_finetuned/generated_images/final/positive/gen_2330.png,gen_2330.png,80.8956,67.0,1.0,0.6346054077148438,0.9977758809314851,0.6266098022460938,173.44080797749936,22.387280811027054,5.916321792370263,205.88011169433594,0.0,0.0,False,,-8.780726605011562,False,
positive,/mnt/MammoDiffusion/MammoDiffusion/experiments/diffusers/03_sd21_vae_finetuned/generated_images/final/positive/gen_2331.png,gen_2331.png,84.8956,71.0,1.0,0.41938018798828125,0.9999909039640524,0.4139976501464844,154.04637555631317,26.881767174644793,4.88126809930371,32.639747619628906,0.0,0.0,False,,-6.028572442613755,True,153.0
positive,/mnt/MammoDiffusion/MammoDiffusion/experiments/diffusers/03_sd21_vae_finetuned/generated_images/final/positive/gen_2332.png,gen_2332.png,117.8956,104.0,1.0,0.6086502075195312,0.9384722413728268,0.5890388488769531,144.94063971297754,26.0876440484233,6.330871089782502,155.33351135253906,0.0,0.0,False,,-40.793532238432576,False,
positive,/mnt/MammoDiffusion/MammoDiffusion/experiments/diffusers/03_sd21_vae_finetuned/generated_images/final/positive/gen_2333.png,gen_2333.png,130.8956,117.0,1.0,0.44034576416015625,0.9937540066185007,0.4358787536621094,160.2722491095105,22.55538812187425,4.90284467224221,29.36920166015625,0.0,0.0,False,,-8.532317557311135,True,1279.0
positive,/mnt/MammoDiffusion/MammoDiffusion/experiments/diffusers/03_sd21_vae_finetuned/generated_images/final/positive/gen_2334.png,gen_2334.png,42.8956,29.0,1.0,0.6379661560058594,0.9980805912496487,0.6306076049804688,167.34105619744722,22.416806216885263,6.038146043806671,264.23321533203125,0.0,0.0,False,,-8.498206034235308,True,1262.0
positive,/mnt/MammoDiffusion/MammoDiffusion/experiments/diffusers/03_sd21_vae_finetuned/generated_images/final/positive/gen_2335.png,gen_2335.png,134.8956,121.0,1.0,0.4476165771484375,0.9930202829384694,0.44341278076171875,161.1216383626697,21.74115116736135,5.332914252362992,35.04852294921875,0.0,0.0,False,,-9.490708653328266,False,
positive,/mnt/MammoDiffusion/MammoDiffusion/experiments/diffusers/03_sd21_vae_finetuned/generated_images/final/positive/gen_2336.png,gen_2336.png,124.8956,111.0,1.0,0.44345855712890625,0.9901591397849462,0.4355201721191406,153.84540461946764,23.40888148529581,5.410707000748434,38.34416198730469,0.0,0.0,False,,-10.75861489162964,False,
positive,/mnt/MammoDiffusion/MammoDiffusion/experiments/diffusers/03_sd21_vae_finetuned/generated_images/final/positive/gen_2337.png,gen_2337.png,10.0,0.0,0.0,0.8840370178222656,0.998683898250232,0.8721199035644531,145.53861193853584,22.45401625230822,5.651169043166428,221.7709503173828,0.0,0.0,False,,-8.970351035077316,False,
positive,/mnt/MammoDiffusion/MammoDiffusion/experiments/diffusers/03_sd21_vae_finetuned/generated_images/final/positive/gen_2338.png,gen_2338.png,97.8956,84.0,1.0,0.2959785461425781,0.9797393960484089,0.2854194641113281,150.94770184841155,41.865061117135525,5.168437528227003,132.24961853027344,0.0,0.0,False,,-15.582166606216855,False,
positive,/mnt/MammoDiffusion/MammoDiffusion/experiments/diffusers/03_sd21_vae_finetuned/generated_images/final/positive/gen_2339.png,gen_2339.png,104.8956,91.0,1.0,0.3698387145996094,0.9999174840899011,0.364715576171875,150.5696280645971,26.65879300174386,4.666191457379668,23.4415283203125,0.0,0.0,False,,-5.874944968270293,True,122.0
positive,/mnt/MammoDiffusion/MammoDiffusion/experiments/diffusers/03_sd21_vae_finetuned/generated_images/final/positive/gen_2340.png,gen_2340.png,12.0,7.0,0.0,0.8626861572265625,0.9994959053363284,0.8574371337890625,97.76304877831758,50.56831529752272,7.162118353856497,460.3965759277344,0.0,0.0,False,,-8.517711388112396,True,1275.0
positive,/mnt/MammoDiffusion/MammoDiffusion/experiments/diffusers/03_sd21_vae_finetuned/generated_images/final/positive/gen_2341.png,gen_2341.png,97.8956,84.0,1.0,0.6510276794433594,0.9999882809982246,0.6449203491210938,145.04988702369545,20.105540880261394,5.66238451150514,34.98051452636719,0.0,0.0,False,,-8.55458874682681,True,1288.0
positive,/mnt/MammoDiffusion/MammoDiffusion/experiments/diffusers/03_sd21_vae_finetuned/generated_images/final/positive/gen_2342.png,gen_2342.png,10.0,0.0,0.0,0.8465347290039062,1.0,0.8382186889648438,135.8959696724221,19.402999262992143,5.647599255908439,103.21305847167969,0.0,0.0,False,,-9.535827665604437,False,
positive,/mnt/MammoDiffusion/MammoDiffusion/experiments/diffusers/03_sd21_vae_finetuned/generated_images/final/positive/gen_2343.png,gen_2343.png,46.8956,33.0,1.0,0.7922630310058594,0.9994318373321393,0.8145294189453125,105.42239748225023,48.29017881702079,7.1747742068580775,503.63983154296875,0.0,0.0,False,,-8.225176877734606,True,1101.0
positive,/mnt/MammoDiffusion/MammoDiffusion/experiments/diffusers/03_sd21_vae_finetuned/generated_images/final/positive/gen_2344.png,gen_2344.png,18.0,13.0,0.0,0.8294944763183594,1.0,0.8225173950195312,156.3661057982172,23.9119898814681,5.857054576831559,136.21002197265625,0.0,0.0,False,,-9.902739035989448,False,
positive,/mnt/MammoDiffusion/MammoDiffusion/experiments/diffusers/03_sd21_vae_finetuned/generated_images/final/positive/gen_2345.png,gen_2345.png,100.8956,87.0,1.0,0.4851531982421875,0.986829690202862,0.48207855224609375,143.03977875195847,31.600997574715954,5.8339685259529315,102.38340759277344,0.0,0.0,False,,-12.350757231681888,False,
positive,/mnt/MammoDiffusion/MammoDiffusion/experiments/diffusers/03_sd21_vae_finetuned/generated_images/final/positive/gen_2346.png,gen_2346.png,83.8956,70.0,1.0,0.5593948364257812,0.9978791887726572,0.5523681640625,167.32125690607734,24.497360012692344,5.732949236060563,174.77896118164062,0.0,0.0,False,,-7.744415213284623,True,828.0
positive,/mnt/MammoDiffusion/MammoDiffusion/experiments/diffusers/03_sd21_vae_finetuned/generated_images/final/positive/gen_2347.png,gen_2347.png,64.0,59.0,0.0,0.6439476013183594,0.9999940760750443,0.6379280090332031,145.41098732875278,19.985873993495233,5.44391353403439,35.52637481689453,0.0,0.0,False,,-8.314206670976043,True,1156.0
positive,/mnt/MammoDiffusion/MammoDiffusion/experiments/diffusers/03_sd21_vae_finetuned/generated_images/final/positive/gen_2348.png,gen_2348.png,125.8956,112.0,1.0,0.4006843566894531,0.9999523977265155,0.3962364196777344,167.3649815636703,23.58428509763109,4.843426905927239,27.418701171875,0.0,0.0,False,,-6.581763028014595,True,313.0
positive,/mnt/MammoDiffusion/MammoDiffusion/experiments/diffusers/03_sd21_vae_finetuned/generated_images/final/positive/gen_2349.png,gen_2349.png,145.8956,132.0,1.0,0.34273529052734375,0.9549117378625648,0.3543663024902344,170.0331126540718,24.788329846452395,5.467785043864738,204.10130310058594,0.0,0.0,False,,-30.681356802062098,False,
positive,/mnt/MammoDiffusion/MammoDiffusion/experiments/diffusers/03_sd21_vae_finetuned/generated_images/final/positive/gen_2350.png,gen_2350.png,79.8956,66.0,1.0,0.8164100646972656,0.9984440488372419,0.8075828552246094,143.9803923421019,20.2929452940953,5.834437652114417,180.11026000976562,0.0,0.0,False,,-8.828870045089877,False,
positive,/mnt/MammoDiffusion/MammoDiffusion/experiments/diffusers/03_sd21_vae_finetuned/generated_images/final/positive/gen_2351.png,gen_2351.png,117.8956,104.0,1.0,0.4518089294433594,0.9947567946369017,0.4485321044921875,155.53731076713726,28.458824147584014,5.309937708429382,38.67158508300781,0.0,0.0,False,,-7.888996804416758,True,914.0
positive,/mnt/MammoDiffusion/MammoDiffusion/experiments/diffusers/03_sd21_vae_finetuned/generated_images/final/positive/gen_2352.png,gen_2352.png,208.0,200.0,4.0,0.028072357177734375,0.12814241065362142,0.003627777099609375,218.2597266035752,4.6088708331194885,6.227279779492999,304.4548645019531,0.0,0.0,True,too_empty,,False,
positive,/mnt/MammoDiffusion/MammoDiffusion/experiments/diffusers/03_sd21_vae_finetuned/generated_images/final/positive/gen_2353.png,gen_2353.png,40.8956,27.0,1.0,0.7253799438476562,1.0,0.7191009521484375,143.84305705858637,22.88624754722609,6.092066092396458,63.820709228515625,0.0,0.0,False,,-9.21592358879505,False,
positive,/mnt/MammoDiffusion/MammoDiffusion/experiments/diffusers/03_sd21_vae_finetuned/generated_images/final/positive/gen_2354.png,gen_2354.png,69.8956,56.0,1.0,0.8067741394042969,0.9982174182352913,0.7975311279296875,138.8444907876863,21.973113679696855,5.935549353969706,160.63748168945312,0.0,0.0,False,,-8.734978064053372,False,
positive,/mnt/MammoDiffusion/MammoDiffusion/experiments/diffusers/03_sd21_vae_finetuned/generated_images/final/positive/gen_2355.png,gen_2355.png,20.8956,7.0,1.0,0.7311172485351562,0.9994573667678887,0.728118896484375,95.93691583888679,53.41505115983991,7.025469558843561,494.9034423828125,0.0,0.0,False,,-7.592387724722162,True,754.0
positive,/mnt/MammoDiffusion/MammoDiffusion/experiments/diffusers/03_sd21_vae_finetuned/generated_images/final/positive/gen_2356.png,gen_2356.png,100.8956,87.0,1.0,0.510406494140625,0.9998804185351271,0.5051918029785156,153.62525956521412,26.66605341611541,5.583693492982621,41.25474548339844,0.0,0.0,False,,-7.26600917974612,True,592.0
positive,/mnt/MammoDiffusion/MammoDiffusion/experiments/diffusers/03_sd21_vae_finetuned/generated_images/final/positive/gen_2357.png,gen_2357.png,220.0,191.0,39.0,0.35973358154296875,0.9825560433500881,0.3577384948730469,228.50933577879908,28.46181711707597,6.7093555183720195,622.2798461914062,0.0,0.0,False,,-17.54503291784794,False,
positive,/mnt/MammoDiffusion/MammoDiffusion/experiments/diffusers/03_sd21_vae_finetuned/generated_images/final/positive/gen_2358.png,gen_2358.png,135.8956,122.0,1.0,0.46187591552734375,0.9958621714927567,0.45516204833984375,176.56889991451416,20.350574637560936,5.395265878336369,165.9176025390625,0.0,0.0,False,,-8.462416910382517,True,1240.0
positive,/mnt/MammoDiffusion/MammoDiffusion/experiments/diffusers/03_sd21_vae_finetuned/generated_images/final/positive/gen_2359.png,gen_2359.png,101.8956,88.0,1.0,0.3530616760253906,0.9180577614988169,0.3431282043457031,140.6591957664899,39.304089839722266,5.880736498532071,199.5130615234375,0.0,0.0,False,,-49.70987548326376,False,
positive,/mnt/MammoDiffusion/MammoDiffusion/experiments/diffusers/03_sd21_vae_finetuned/generated_images/final/positive/gen_2360.png,gen_2360.png,102.8956,89.0,1.0,0.3585205078125,0.9494488423561457,0.3565711975097656,143.20528922790538,35.98425191759259,5.850387990385852,217.07763671875,0.0,0.0,False,,-32.45045235592785,False,
positive,/mnt/MammoDiffusion/MammoDiffusion/experiments/diffusers/03_sd21_vae_finetuned/generated_images/final/positive/gen_2361.png,gen_2361.png,123.8956,110.0,1.0,0.5202217102050781,0.9874241968718148,0.5105781555175781,148.30696701408345,23.43584510142022,5.602067967277415,37.64861297607422,0.0,0.0,False,,-12.801554916764854,False,
positive,/mnt/MammoDiffusion/MammoDiffusion/experiments/diffusers/03_sd21_vae_finetuned/generated_images/final/positive/gen_2362.png,gen_2362.png,121.7912,99.0,2.0,0.2884101867675781,0.875669598571523,0.2648773193359375,151.72301111815196,32.819640091688406,6.141540448788819,276.037841796875,0.0,0.0,False,,-74.73156472089522,False,
positive,/mnt/MammoDiffusion/MammoDiffusion/experiments/diffusers/03_sd21_vae_finetuned/generated_images/final/positive/gen_2363.png,gen_2363.png,152.8956,139.0,1.0,0.22519302368164062,0.949147087222401,0.23338699340820312,177.1300403720109,22.690831986574576,4.65082976772775,25.129493713378906,0.0,0.0,False,,-34.47829288519863,False,
positive,/mnt/MammoDiffusion/MammoDiffusion/experiments/diffusers/03_sd21_vae_finetuned/generated_images/final/positive/gen_2364.png,gen_2364.png,190.0,184.0,3.0,0.03191375732421875,0.25639493186708107,0.00766754150390625,197.42935323383085,5.416138963619362,6.288237417934267,187.1171112060547,0.0,0.0,True,too_empty,,False,
positive,/mnt/MammoDiffusion/MammoDiffusion/experiments/diffusers/03_sd21_vae_finetuned/generated_images/final/positive/gen_2365.png,gen_2365.png,46.8956,33.0,1.0,0.6309051513671875,0.9987302585435461,0.6406173706054688,102.93133612014243,45.85522063022939,6.657084000629954,455.7099914550781,0.0,0.0,False,,-5.9638489103176155,True,138.0
positive,/mnt/MammoDiffusion/MammoDiffusion/experiments/diffusers/03_sd21_vae_finetuned/generated_images/final/positive/gen_2366.png,gen_2366.png,195.0,96.0,13.0,0.048709869384765625,0.8734434959667946,0.0424346923828125,205.35436893203882,11.117467482019604,6.721656033809083,422.862060546875,0.0,0.0,True,too_empty,,False,
positive,/mnt/MammoDiffusion/MammoDiffusion/experiments/diffusers/03_sd21_vae_finetuned/generated_images/final/positive/gen_2367.png,gen_2367.png,104.8956,91.0,1.0,0.3683967590332031,0.9904942375198037,0.4078826904296875,141.69937525719203,36.07897585271689,5.5294978523069,118.20474243164062,0.0,0.0,False,,-9.13913608033284,False,
positive,/mnt/MammoDiffusion/MammoDiffusion/experiments/diffusers/03_sd21_vae_finetuned/generated_images/final/positive/gen_2368.png,gen_2368.png,107.8956,94.0,1.0,0.4850959777832031,1.0,0.4793891906738281,175.54930014562063,22.982296388691132,5.507641185473107,46.490814208984375,0.0,0.0,False,,-8.006998091630216,True,982.0
positive,/mnt/MammoDiffusion/MammoDiffusion/experiments/diffusers/03_sd21_vae_finetuned/generated_images/final/positive/gen_2369.png,gen_2369.png,220.0,208.0,35.0,0.2934417724609375,0.9430606832718007,0.27568817138671875,241.6182510031825,21.350847978018887,6.8407952702171535,817.590576171875,0.0,0.0,False,,-40.81910760588073,False,
positive,/mnt/MammoDiffusion/MammoDiffusion/experiments/diffusers/03_sd21_vae_finetuned/generated_images/final/positive/gen_2370.png,gen_2370.png,83.8956,70.0,1.0,0.2646026611328125,0.9406464448417047,0.25295257568359375,139.3270245815111,44.14701749326613,5.2360656369944785,277.21337890625,0.0,0.0,False,,-37.2010537873354,False,
positive,/mnt/MammoDiffusion/MammoDiffusion/experiments/diffusers/03_sd21_vae_finetuned/generated_images/final/positive/gen_2371.png,gen_2371.png,84.7912,62.0,2.0,0.7431640625,0.9973821452036794,0.8029632568359375,129.39168709499648,39.067298509730215,7.23919136205001,369.05657958984375,0.0,0.0,False,,-8.767315425414328,False,
positive,/mnt/MammoDiffusion/MammoDiffusion/experiments/diffusers/03_sd21_vae_finetuned/generated_images/final/positive/gen_2372.png,gen_2372.png,111.8956,98.0,1.0,0.7030715942382812,0.9966197519342832,0.7071189880371094,137.01321162882283,21.70092802014693,6.029442640214656,61.34325408935547,0.0,0.0,False,,-9.190487391165657,False,
positive,/mnt/MammoDiffusion/MammoDiffusion/experiments/diffusers/03_sd21_vae_finetuned/generated_images/final/positive/gen_2373.png,gen_2373.png,220.0,202.0,50.0,0.1894378662109375,0.4401933145388643,0.08045196533203125,253.02517780938834,1.6184045580667132,6.998372848487255,487.13232421875,0.0,0.0,True,too_empty,,False,
positive,/mnt/MammoDiffusion/MammoDiffusion/experiments/diffusers/03_sd21_vae_finetuned/generated_images/final/positive/gen_2374.png,gen_2374.png,217.0,215.0,1.0,0.0092926025390625,0.5426929392446633,0.00504302978515625,218.86686838124055,1.2121949793666722,6.169564068585682,182.17398071289062,0.0,0.0,True,too_empty,,False,
positive,/mnt/MammoDiffusion/MammoDiffusion/experiments/diffusers/03_sd21_vae_finetuned/generated_images/final/positive/gen_2375.png,gen_2375.png,106.8956,93.0,1.0,0.432464599609375,0.9999823583374498,0.4272117614746094,157.69655597324785,25.09262943541581,5.390435154943621,38.505943298339844,0.0,0.0,False,,-6.845246775681718,True,408.0
positive,/mnt/MammoDiffusion/MammoDiffusion/experiments/diffusers/03_sd21_vae_finetuned/generated_images/final/positive/gen_2376.png,gen_2376.png,103.8956,90.0,1.0,0.6134872436523438,0.9975936128141673,0.6061859130859375,157.8957698794271,20.55629703220148,5.471010953553342,177.27874755859375,0.0,0.0,False,,-7.9950036371767705,True,972.0
positive,/mnt/MammoDiffusion/MammoDiffusion/experiments/diffusers/03_sd21_vae_finetuned/generated_images/final/positive/gen_2377.png,gen_2377.png,80.8956,67.0,1.0,0.7448272705078125,1.0,0.7385520935058594,150.86107423801826,18.043138079788395,5.978368531668323,44.396728515625,0.0,0.0,False,,-9.81537868062377,False,
positive,/mnt/MammoDiffusion/MammoDiffusion/experiments/diffusers/03_sd21_vae_finetuned/generated_images/final/positive/gen_2378.png,gen_2378.png,137.8956,124.0,1.0,0.20070648193359375,0.9965978636864713,0.19291305541992188,170.50131498289534,21.983902721140673,3.8454074849064113,16.22197723388672,0.0,0.0,False,,-7.470470353025723,True,688.0
positive,/mnt/MammoDiffusion/MammoDiffusion/experiments/diffusers/03_sd21_vae_finetuned/generated_images/final/positive/gen_2379.png,gen_2379.png,105.8956,92.0,1.0,0.6031150817871094,0.9997217004104919,0.5971603393554688,152.30374595955078,19.190659729521318,5.580610984363258,26.524124145507812,0.0,0.0,False,,-8.300600032967449,True,1150.0
positive,/mnt/MammoDiffusion/MammoDiffusion/experiments/diffusers/03_sd21_vae_finetuned/generated_images/final/positive/gen_2380.png,gen_2380.png,105.8956,92.0,1.0,0.5944175720214844,0.997997728191602,0.5863800048828125,158.99389133206694,19.870853630703945,5.774146584130945,175.33056640625,0.0,0.0,False,,-8.0201034019836,True,991.0
positive,/mnt/MammoDiffusion/MammoDiffusion/experiments/diffusers/03_sd21_vae_finetuned/generated_images/final/positive/gen_2381.png,gen_2381.png,118.8956,105.0,1.0,0.3232307434082031,0.9949370375178502,0.3168144226074219,164.58194362500151,22.984178211236966,4.682588448266321,137.04478454589844,0.0,0.0,False,,-7.980873756525236,True,968.0
positive,/mnt/MammoDiffusion/MammoDiffusion/experiments/diffusers/03_sd21_vae_finetuned/generated_images/final/positive/gen_2382.png,gen_2382.png,99.8956,86.0,1.0,0.6873359680175781,0.9964147163130408,0.6823997497558594,138.7786926942707,24.462969053539002,6.005722557543351,55.12379455566406,0.0,0.0,False,,-8.980849516182166,False,
positive,/mnt/MammoDiffusion/MammoDiffusion/experiments/diffusers/03_sd21_vae_finetuned/generated_images/final/positive/gen_2383.png,gen_2383.png,192.0,186.0,2.0,0.0443267822265625,0.7142857142857143,0.031894683837890625,201.38476258820714,6.950120602180282,6.460722612570504,272.6266784667969,0.0,0.0,True,too_empty,,False,
positive,/mnt/MammoDiffusion/MammoDiffusion/experiments/diffusers/03_sd21_vae_finetuned/generated_images/final/positive/gen_2384.png,gen_2384.png,53.8956,40.0,1.0,0.45026397705078125,0.9787773014555128,0.4441490173339844,119.4675301251385,51.81382795684582,6.090545906944768,430.42706298828125,0.0,0.0,False,,-15.888719095836965,False,
positive,/mnt/MammoDiffusion/MammoDiffusion/experiments/diffusers/03_sd21_vae_finetuned/generated_images/final/positive/gen_2385.png,gen_2385.png,55.0,50.0,0.0,0.74664306640625,1.0,0.7405281066894531,141.0602962009015,19.257505270647922,5.54212239998073,42.219139099121094,0.0,0.0,False,,-9.016356306936538,False,
positive,/mnt/MammoDiffusion/MammoDiffusion/experiments/diffusers/03_sd21_vae_finetuned/generated_images/final/positive/gen_2386.png,gen_2386.png,23.8956,10.0,1.0,0.6087455749511719,0.9980511220148014,0.6014328002929688,158.93606576093163,24.2881398344807,5.912743129201989,232.0413360595703,0.0,0.0,False,,-7.8449956954135,True,894.0
positive,/mnt/MammoDiffusion/MammoDiffusion/experiments/diffusers/03_sd21_vae_finetuned/generated_images/final/positive/gen_2387.png,gen_2387.png,56.8956,43.0,1.0,0.6135902404785156,0.9978116121331186,0.6063117980957031,172.55742696975608,20.636291019446812,5.731089871616044,173.23910522460938,0.0,0.0,False,,-8.578358696628028,True,1300.0
positive,/mnt/MammoDiffusion/MammoDiffusion/experiments/diffusers/03_sd21_vae_finetuned/generated_images/final/positive/gen_2388.png,gen_2388.png,45.8956,32.0,1.0,0.8184814453125,0.9980005592841164,0.8078079223632812,147.11272088476687,24.881243362223277,6.329888966728658,334.6361999511719,0.0,0.0,False,,-9.146192998985425,False,
positive,/mnt/MammoDiffusion/MammoDiffusion/experiments/diffusers/03_sd21_vae_finetuned/generated_images/final/positive/gen_2389.png,gen_2389.png,16.8956,3.0,1.0,0.8667564392089844,0.9995070747969984,0.8609619140625,122.03170636608536,40.57579410559419,7.023207025728286,466.7476501464844,0.0,0.0,False,,-8.43890287155006,True,1230.0
positive,/mnt/MammoDiffusion/MammoDiffusion/experiments/diffusers/03_sd21_vae_finetuned/generated_images/final/positive/gen_2390.png,gen_2390.png,94.8956,81.0,1.0,0.6435928344726562,1.0,0.6381111145019531,143.0918536319996,24.215065255427398,5.902185757348013,44.597068786621094,0.0,0.0,False,,-8.389613779381387,True,1202.0
positive,/mnt/MammoDiffusion/MammoDiffusion/experiments/diffusers/03_sd21_vae_finetuned/generated_images/final/positive/gen_2391.png,gen_2391.png,14.0,9.0,0.0,0.7357711791992188,0.9989423366065596,0.7315139770507812,84.57450381201699,50.64861770557449,6.740566619755171,499.3513488769531,0.0,0.0,False,,-6.500624480810576,True,288.0
positive,/mnt/MammoDiffusion/MammoDiffusion/experiments/diffusers/03_sd21_vae_finetuned/generated_images/final/positive/gen_2392.png,gen_2392.png,100.8956,87.0,1.0,0.3298835754394531,0.9600934352486789,0.3142967224121094,140.7777427146169,33.68743240577344,5.346113798747726,92.25672912597656,0.0,0.0,False,,-26.570140221744786,False,
positive,/mnt/MammoDiffusion/MammoDiffusion/experiments/diffusers/03_sd21_vae_finetuned/generated_images/final/positive/gen_2393.png,gen_2393.png,125.8956,112.0,1.0,0.5128936767578125,0.9981629131585994,0.5070571899414062,159.5322971366666,21.114599285985065,5.553146485942003,28.44322967529297,0.0,0.0,False,,-7.285306399378035,True,601.0
positive,/mnt/MammoDiffusion/MammoDiffusion/experiments/diffusers/03_sd21_vae_finetuned/generated_images/final/positive/gen_2394.png,gen_2394.png,123.8956,110.0,1.0,0.4478797912597656,0.9964483131616827,0.44162750244140625,169.696760818865,23.35036320353767,5.549118248834809,147.97560119628906,0.0,0.0,False,,-7.79761345185312,True,862.0
positive,/mnt/MammoDiffusion/MammoDiffusion/experiments/diffusers/03_sd21_vae_finetuned/generated_images/final/positive/gen_2395.png,gen_2395.png,94.0,89.0,0.0,0.5990447998046875,0.9999617922005145,0.5933799743652344,151.63286639108716,22.306517599997296,5.3459282930949055,26.956687927246094,0.0,0.0,False,,-7.93614048786116,True,943.0
positive,/mnt/MammoDiffusion/MammoDiffusion/experiments/diffusers/03_sd21_vae_finetuned/generated_images/final/positive/gen_2396.png,gen_2396.png,39.8956,26.0,1.0,0.7765121459960938,1.0,0.7700347900390625,141.836659070643,23.828251214558446,6.154448892215778,78.54814147949219,0.0,0.0,False,,-9.474881316501317,False,
positive,/mnt/MammoDiffusion/MammoDiffusion/experiments/diffusers/03_sd21_vae_finetuned/generated_images/final/positive/gen_2397.png,gen_2397.png,140.8956,127.0,1.0,0.13548660278320312,0.8698651350057719,0.11588668823242188,181.82540570789033,26.01671540805909,4.221997755300552,64.44109344482422,0.0,0.0,True,too_empty,,False,
positive,/mnt/MammoDiffusion/MammoDiffusion/experiments/diffusers/03_sd21_vae_finetuned/generated_images/final/positive/gen_2398.png,gen_2398.png,132.0,127.0,0.0,0.412445068359375,0.99110247872734,0.4111518859863281,158.76069065976378,20.100659305724236,4.486674011074532,18.35784912109375,0.0,0.0,False,,-9.56846004335684,False,
positive,/mnt/MammoDiffusion/MammoDiffusion/experiments/diffusers/03_sd21_vae_finetuned/generated_images/final/positive/gen_2399.png,gen_2399.png,124.8956,111.0,1.0,0.24512481689453125,0.9893398487347879,0.2414093017578125,154.72808292775426,26.107974507733825,4.518847327847698,24.44548797607422,0.0,0.0,False,,-11.052803573376174,False,
positive,/mnt/MammoDiffusion/MammoDiffusion/experiments/diffusers/03_sd21_vae_finetuned/generated_images/final/positive/gen_2400.png,gen_2400.png,89.8956,76.0,1.0,0.5856208801269531,0.9961046659327631,0.5888404846191406,131.33012872422438,28.608361973136514,6.112856273323683,88.95164489746094,0.0,0.0,False,,-8.065734442835867,True,1027.0
positive,/mnt/MammoDiffusion/MammoDiffusion/experiments/diffusers/03_sd21_vae_finetuned/generated_images/final/positive/gen_2401.png,gen_2401.png,146.8956,133.0,1.0,0.08331298828125,0.803937728937729,0.06595230102539062,187.4548556885881,22.535019777376757,5.840601471627224,137.9652099609375,0.0,0.0,True,too_empty,,False,
positive,/mnt/MammoDiffusion/MammoDiffusion/experiments/diffusers/03_sd21_vae_finetuned/generated_images/final/positive/gen_2402.png,gen_2402.png,79.8956,66.0,1.0,0.3902854919433594,0.9838824759800999,0.45502471923828125,122.0071259703895,46.533646515918846,6.012598695193754,273.0924072265625,0.0,0.0,False,,-12.94922340600423,False,
positive,/mnt/MammoDiffusion/MammoDiffusion/experiments/diffusers/03_sd21_vae_finetuned/generated_images/final/positive/gen_2403.png,gen_2403.png,134.478,85.0,5.0,0.19301605224609375,0.6699474287521245,0.12060928344726562,190.913590789765,26.32151377047844,6.559666617110761,341.61846923828125,0.0,0.0,True,too_empty,,False,
positive,/mnt/MammoDiffusion/MammoDiffusion/experiments/diffusers/03_sd21_vae_finetuned/generated_images/final/positive/gen_2404.png,gen_2404.png,100.8956,87.0,1.0,0.5164833068847656,0.9983972583516134,0.5104560852050781,143.15380418942854,25.509822222821956,5.275772965254426,23.843185424804688,0.0,0.0,False,,-6.099710630872219,True,164.0
positive,/mnt/MammoDiffusion/MammoDiffusion/experiments/diffusers/03_sd21_vae_finetuned/generated_images/final/positive/gen_2405.png,gen_2405.png,96.8956,83.0,1.0,0.6575241088867188,0.9966698768898739,0.6487312316894531,148.4132693562898,25.93568966824287,6.058567201224722,202.01736450195312,0.0,0.0,False,,-8.673667509563847,True,1340.0
positive,/mnt/MammoDiffusion/MammoDiffusion/experiments/diffusers/03_sd21_vae_finetuned/generated_images/final/positive/gen_2406.png,gen_2406.png,191.0,180.0,3.0,0.047985076904296875,0.781858653311074,0.038402557373046875,208.38601370815536,14.761451892607308,6.874361925181114,338.39752197265625,0.0,0.0,True,too_empty,,False,
positive,/mnt/MammoDiffusion/MammoDiffusion/experiments/diffusers/03_sd21_vae_finetuned/generated_images/final/positive/gen_2407.png,gen_2407.png,84.8956,71.0,1.0,0.7184715270996094,0.9984124708643273,0.7397117614746094,126.9623796483954,33.42589614471407,6.610463557539682,186.6396484375,0.0,0.0,False,,-7.698045512863483,True,805.0
positive,/mnt/MammoDiffusion/MammoDiffusion/experiments/diffusers/03_sd21_vae_finetuned/generated_images/final/positive/gen_2408.png,gen_2408.png,60.8956,47.0,1.0,0.4318275451660156,0.9969434898984991,0.42498779296875,159.03293300301596,23.753965588188322,5.191728922993601,181.539306640625,0.0,0.0,False,,-6.662679790309503,True,343.0
positive,/mnt/MammoDiffusion/MammoDiffusion/experiments/diffusers/03_sd21_vae_finetuned/generated_images/final/positive/gen_2409.png,gen_2409.png,220.0,225.0,28.0,0.21727752685546875,0.4913269426595035,0.10360336303710938,251.96767185831584,16.896909898511005,6.752507685427195,518.3524169921875,0.0,0.0,True,too_empty,,False,
positive,/mnt/MammoDiffusion/MammoDiffusion/experiments/diffusers/03_sd21_vae_finetuned/generated_images/final/positive/gen_2410.png,gen_2410.png,58.8956,45.0,1.0,0.3786582946777344,0.9929178042170799,0.3721809387207031,138.01832624404244,45.69141269205497,5.490756547834309,331.0948181152344,0.0,0.0,False,,-7.627819276834055,True,772.0
positive,/mnt/MammoDiffusion/MammoDiffusion/experiments/diffusers/03_sd21_vae_finetuned/generated_images/final/positive/gen_2411.png,gen_2411.png,113.0,108.0,0.0,0.6437835693359375,0.996989879358157,0.6402053833007812,152.94317328661828,23.578676433602194,5.668513870162266,41.460670471191406,0.0,0.0,False,,-8.556768977302735,True,1290.0
positive,/mnt/MammoDiffusion/MammoDiffusion/experiments/diffusers/03_sd21_vae_finetuned/generated_images/final/positive/gen_2412.png,gen_2412.png,114.8956,101.0,1.0,0.5745048522949219,0.9890506829213229,0.6414833068847656,146.2204435035472,31.003876721831713,6.403866902494816,212.21282958984375,0.0,0.0,False,,-12.758045404022075,False,
positive,/mnt/MammoDiffusion/MammoDiffusion/experiments/diffusers/03_sd21_vae_finetuned/generated_images/final/positive/gen_2413.png,gen_2413.png,130.8956,117.0,1.0,0.3515777587890625,0.9969076862983377,0.3467826843261719,168.63965371203537,26.503182623397105,4.9079169849538085,16.42181396484375,0.0,0.0,False,,-6.930708234837051,True,444.0
positive,/mnt/MammoDiffusion/MammoDiffusion/experiments/diffusers/03_sd21_vae_finetuned/generated_images/final/positive/gen_2414.png,gen_2414.png,55.8956,42.0,1.0,0.7444877624511719,1.0,0.7384300231933594,142.34886736407077,22.799268177198837,6.133440306572332,58.94043731689453,0.0,0.0,False,,-9.353526485459392,False,
positive,/mnt/MammoDiffusion/MammoDiffusion/experiments/diffusers/03_sd21_vae_finetuned/generated_images/final/positive/gen_2415.png,gen_2415.png,122.8956,109.0,1.0,0.38907623291015625,0.9939702335431496,0.3709373474121094,161.5255710157447,22.428850259230412,5.078460664853749,167.465087890625,0.0,0.0,False,,-8.451140308005632,True,1232.0
positive,/mnt/MammoDiffusion/MammoDiffusion/experiments/diffusers/03_sd21_vae_finetuned/generated_images/final/positive/gen_2416.png,gen_2416.png,138.8956,125.0,1.0,0.26200103759765625,0.9919629597274395,0.2557487487792969,174.4773503572334,22.41051273166465,3.7447071746864564,118.59938049316406,0.0,0.0,False,,-9.684712175356278,False,
positive,/mnt/MammoDiffusion/MammoDiffusion/experiments/diffusers/03_sd21_vae_finetuned/generated_images/final/positive/gen_2417.png,gen_2417.png,121.8956,108.0,1.0,0.3333015441894531,0.9983976743387545,0.32926177978515625,160.44537386750702,27.771653986288012,4.8391009930693425,38.80613708496094,0.0,0.0,False,,-5.786252546979805,True,105.0
positive,/mnt/MammoDiffusion/MammoDiffusion/experiments/diffusers/03_sd21_vae_finetuned/generated_images/final/positive/gen_2418.png,gen_2418.png,80.8956,67.0,1.0,0.6036911010742188,0.9979273825622101,0.5964317321777344,164.428612544851,20.87467457038431,5.641992031215427,141.11468505859375,0.0,0.0,False,,-8.134040938770804,True,1054.0
positive,/mnt/MammoDiffusion/MammoDiffusion/experiments/diffusers/03_sd21_vae_finetuned/generated_images/final/positive/gen_2419.png,gen_2419.png,110.8956,97.0,1.0,0.6054801940917969,0.9999936997158572,0.5995140075683594,159.22295891422064,15.673022012611122,5.425613443087319,27.553787231445312,0.0,0.0,False,,-8.77329356284392,False,
positive,/mnt/MammoDiffusion/MammoDiffusion/experiments/diffusers/03_sd21_vae_finetuned/generated_images/final/positive/gen_2420.png,gen_2420.png,123.8956,110.0,1.0,0.49483489990234375,0.9842504509782759,0.5636215209960938,154.07437563451776,30.974324576749087,6.288452023856538,250.28050231933594,0.0,0.0,False,,-14.97972484333691,False,
positive,/mnt/MammoDiffusion/MammoDiffusion/experiments/diffusers/03_sd21_vae_finetuned/generated_images/final/positive/gen_2421.png,gen_2421.png,119.0,114.0,0.0,0.3860435485839844,0.9891896164981867,0.3771171569824219,160.66083007111138,18.816604192382073,4.222916923502639,125.76766967773438,0.0,0.0,False,,-10.50086725692514,False,
positive,/mnt/MammoDiffusion/MammoDiffusion/experiments/diffusers/03_sd21_vae_finetuned/generated_images/final/positive/gen_2422.png,gen_2422.png,23.8956,10.0,1.0,0.8409194946289062,0.9987071429219477,0.8364219665527344,96.36629983170896,48.42440521664521,7.213112534043349,643.6134033203125,0.0,0.0,False,,-7.568577160609366,True,742.0
positive,/mnt/MammoDiffusion/MammoDiffusion/experiments/diffusers/03_sd21_vae_finetuned/generated_images/final/positive/gen_2423.png,gen_2423.png,72.8956,59.0,1.0,0.6623992919921875,0.99835295201677,0.6553001403808594,158.159695662551,21.09403834732992,5.936905775338493,153.90762329101562,0.0,0.0,False,,-8.362498264632954,True,1185.0
positive,/mnt/MammoDiffusion/MammoDiffusion/experiments/diffusers/03_sd21_vae_finetuned/generated_images/final/positive/gen_2424.png,gen_2424.png,125.8956,112.0,1.0,0.27840423583984375,0.8857937573648297,0.25978851318359375,162.2402866288802,31.01040862128898,5.567152461812098,167.64605712890625,0.0,0.0,False,,-69.16123215888537,False,
positive,/mnt/MammoDiffusion/MammoDiffusion/experiments/diffusers/03_sd21_vae_finetuned/generated_images/final/positive/gen_2425.png,gen_2425.png,17.8956,4.0,1.0,0.8015022277832031,0.998957683868849,0.7967910766601562,103.7280034853548,50.184262580600944,7.02740959248637,460.47314453125,0.0,0.0,False,,-7.8322411102137215,True,885.0
positive,/mnt/MammoDiffusion/MammoDiffusion/experiments/diffusers/03_sd21_vae_finetuned/generated_images/final/positive/gen_2426.png,gen_2426.png,107.8956,94.0,1.0,0.7400093078613281,0.9978813231678085,0.73455810546875,150.77611653510593,24.186760057285053,6.224276914161495,40.33110046386719,0.0,0.0,False,,-9.13787045260958,False,
positive,/mnt/MammoDiffusion/MammoDiffusion/experiments/diffusers/03_sd21_vae_finetuned/generated_images/final/positive/gen_2427.png,gen_2427.png,42.8956,29.0,1.0,0.4806938171386719,0.9975557689408068,0.4736442565917969,167.55820171870846,23.570742292096188,5.624646004754329,224.17840576171875,0.0,0.0,False,,-7.298263008236388,True,607.0
positive,/mnt/MammoDiffusion/MammoDiffusion/experiments/diffusers/03_sd21_vae_finetuned/generated_images/final/positive/gen_2428.png,gen_2428.png,118.8956,105.0,1.0,0.5317459106445312,0.9951360890712656,0.5240516662597656,161.43079991556084,22.2673514115712,5.7186500507245865,144.7476348876953,0.0,0.0,False,,-9.076931168397632,False,
positive,/mnt/MammoDiffusion/MammoDiffusion/experiments/diffusers/03_sd21_vae_finetuned/generated_images/final/positive/gen_2429.png,gen_2429.png,120.8956,107.0,1.0,0.4289817810058594,0.9957316259837268,0.4253387451171875,160.43922869955156,27.170064840573538,5.240207733020828,35.294212341308594,0.0,0.0,False,,-7.3675665569097095,True,637.0
positive,/mnt/MammoDiffusion/MammoDiffusion/experiments/diffusers/03_sd21_vae_finetuned/generated_images/final/positive/gen_2430.png,gen_2430.png,220.0,233.0,4.0,0.313140869140625,0.9510403469447423,0.2900238037109375,236.86528647340452,8.926120264807338,6.370459795147735,423.06915283203125,0.0,0.0,False,,-37.04644790378102,False,
positive,/mnt/MammoDiffusion/MammoDiffusion/experiments/diffusers/03_sd21_vae_finetuned/generated_images/final/positive/gen_2431.png,gen_2431.png,182.0,173.0,3.0,0.047435760498046875,0.6530759951749096,0.0293731689453125,205.7948051948052,13.485508297908538,6.6496720124441815,306.72894287109375,0.0,0.0,True,too_empty,,False,
positive,/mnt/MammoDiffusion/MammoDiffusion/experiments/diffusers/03_sd21_vae_finetuned/generated_images/final/positive/gen_2432.png,gen_2432.png,110.8956,97.0,1.0,0.3844566345214844,0.9737554944782354,0.4083518981933594,153.80785075714405,36.91116087497015,5.809207330985694,274.9701843261719,0.0,0.0,False,,-18.829952899270445,False,
positive,/mnt/MammoDiffusion/MammoDiffusion/experiments/diffusers/03_sd21_vae_finetuned/generated_images/final/positive/gen_2433.png,gen_2433.png,107.8956,94.0,1.0,0.3015556335449219,0.9618600650213154,0.292144775390625,144.51556460879556,37.92536142011115,5.584986938208312,173.4537353515625,0.0,0.0,False,,-25.688930527753122,False,
positive,/mnt/MammoDiffusion/MammoDiffusion/experiments/diffusers/03_sd21_vae_finetuned/generated_images/final/positive/gen_2434.png,gen_2434.png,119.8956,106.0,1.0,0.33795166015625,0.9959815784720968,0.33509063720703125,160.74001047334988,26.527239447825668,4.9121650905468375,143.65167236328125,0.0,0.0,False,,-7.128174621492553,True,528.0
positive,/mnt/MammoDiffusion/MammoDiffusion/experiments/diffusers/03_sd21_vae_finetuned/generated_images/final/positive/gen_2435.png,gen_2435.png,81.0,76.0,0.0,0.7649421691894531,0.9945941902505921,0.7564735412597656,147.42386727515697,24.526478029598525,6.116597885861695,183.46585083007812,0.0,0.0,False,,-10.701975964073203,False,
positive,/mnt/MammoDiffusion/MammoDiffusion/experiments/diffusers/03_sd21_vae_finetuned/generated_images/final/positive/gen_2436.png,gen_2436.png,29.8956,16.0,1.0,0.8211441040039062,0.9977422441906921,0.8153305053710938,122.83793406757933,38.5376852789929,6.998974128830716,254.29270935058594,0.0,0.0,False,,-8.392591830346072,True,1204.0
positive,/mnt/MammoDiffusion/MammoDiffusion/experiments/diffusers/03_sd21_vae_finetuned/generated_images/final/positive/gen_2437.png,gen_2437.png,31.8956,18.0,1.0,0.7159004211425781,0.9982255993264737,0.7082633972167969,143.66731837106218,23.18072976303499,6.185984735455136,198.9074249267578,0.0,0.0,False,,-8.39020180765921,True,1203.0
positive,/mnt/MammoDiffusion/MammoDiffusion/experiments/diffusers/03_sd21_vae_finetuned/generated_images/final/positive/gen_2438.png,gen_2438.png,135.8956,122.0,1.0,0.1876983642578125,0.9442728233476954,0.1725616455078125,167.3337607215492,29.926842476679244,4.966071427915877,142.5613555908203,0.0,0.0,False,,-36.950528146758685,False,
positive,/mnt/MammoDiffusion/MammoDiffusion/experiments/diffusers/03_sd21_vae_finetuned/generated_images/final/positive/gen_2439.png,gen_2439.png,149.5824,109.0,4.0,0.3616676330566406,0.9837462688141421,0.351959228515625,178.37236625335993,20.394288484413487,6.278668726880499,229.0615997314453,0.0,0.0,False,,-16.02090952102755,False,
positive,/mnt/MammoDiffusion/MammoDiffusion/experiments/diffusers/03_sd21_vae_finetuned/generated_images/final/positive/gen_2440.png,gen_2440.png,82.8956,69.0,1.0,0.4619560241699219,1.0,0.45636749267578125,153.02802714947256,23.965700993048397,5.276901043947452,33.12903594970703,0.0,0.0,False,,-6.883330733265292,True,424.0
positive,/mnt/MammoDiffusion/MammoDiffusion/experiments/diffusers/03_sd21_vae_finetuned/generated_images/final/positive/gen_2441.png,gen_2441.png,93.8956,80.0,1.0,0.485870361328125,1.0,0.4802742004394531,151.0778230514452,20.859807848211943,5.3036731037778,36.231842041015625,0.0,0.0,False,,-7.226814235795018,True,577.0
positive,/mnt/MammoDiffusion/MammoDiffusion/experiments/diffusers/03_sd21_vae_finetuned/generated_images/final/positive/gen_2442.png,gen_2442.png,86.8956,73.0,1.0,0.8367576599121094,0.9977068716349595,0.8280181884765625,140.59575232654566,24.46244937620311,6.365119138667871,47.390037536621094,0.0,0.0,False,,-9.66450387906276,False,
positive,/mnt/MammoDiffusion/MammoDiffusion/experiments/diffusers/03_sd21_vae_finetuned/generated_images/final/positive/gen_2443.png,gen_2443.png,81.8956,68.0,1.0,0.6360664367675781,1.0,0.6301078796386719,145.68758135114027,26.64119216860125,5.838191686803387,41.42071533203125,0.0,0.0,False,,-8.184505017250157,True,1082.0
positive,/mnt/MammoDiffusion/MammoDiffusion/experiments/diffusers/03_sd21_vae_finetuned/generated_images/final/positive/gen_2444.png,gen_2444.png,51.8956,38.0,1.0,0.5356216430664062,0.9984758920304821,0.5593948364257812,106.1066338429645,48.68564330799248,6.374270614516998,376.19140625,0.0,0.0,False,,-5.445720568909297,True,53.0
positive,/mnt/MammoDiffusion/MammoDiffusion/experiments/diffusers/03_sd21_vae_finetuned/generated_images/final/positive/gen_2445.png,gen_2445.png,84.8956,71.0,1.0,0.4715728759765625,1.0,0.4660682678222656,150.0722394558714,24.639563062734304,5.473384470719687,42.70582580566406,0.0,0.0,False,,-6.9926527564633965,True,465.0
positive,/mnt/MammoDiffusion/MammoDiffusion/experiments/diffusers/03_sd21_vae_finetuned/generated_images/final/positive/gen_2446.png,gen_2446.png,220.0,219.0,19.0,0.218658447265625,0.521946964410328,0.11006546020507812,238.29535923474162,6.327138462886042,6.810169901908927,365.23321533203125,0.0,0.0,True,too_empty,,False,
positive,/mnt/MammoDiffusion/MammoDiffusion/experiments/diffusers/03_sd21_vae_finetuned/generated_images/final/positive/gen_2447.png,gen_2447.png,134.8956,121.0,1.0,0.3829803466796875,0.9886350053787003,0.3801765441894531,153.75210965171934,18.477505687814027,4.783004805690955,15.815299987792969,0.0,0.0,False,,-11.288320692390496,False,
positive,/mnt/MammoDiffusion/MammoDiffusion/experiments/diffusers/03_sd21_vae_finetuned/generated_images/final/positive/gen_2448.png,gen_2448.png,67.8956,54.0,1.0,0.8010520935058594,1.0,0.7931060791015625,152.4388912403563,24.699817429980396,6.343738917394633,55.83610534667969,0.0,0.0,False,,-10.107326776805616,False,
positive,/mnt/MammoDiffusion/MammoDiffusion/experiments/diffusers/03_sd21_vae_finetuned/generated_images/final/positive/gen_2449.png,gen_2449.png,78.8956,65.0,1.0,0.614044189453125,0.9993290591918891,0.6086235046386719,151.80441499996866,24.90961149479733,5.446351625040188,48.54852294921875,0.0,0.0,False,,-7.581401435644058,True,747.0
positive,/mnt/MammoDiffusion/MammoDiffusion/experiments/diffusers/03_sd21_vae_finetuned/generated_images/final/positive/gen_2450.png,gen_2450.png,220.0,228.0,17.0,0.2792015075683594,0.9399243076334522,0.2538795471191406,245.5112166243445,2.625898839366679,6.541403007925651,484.43145751953125,0.0,0.0,True,low_contrast,,False,
positive,/mnt/MammoDiffusion/MammoDiffusion/experiments/diffusers/03_sd21_vae_finetuned/generated_images/final/positive/gen_2451.png,gen_2451.png,27.8956,14.0,1.0,0.500518798828125,0.9977973904030242,0.4936485290527344,161.65712828517778,26.455774742041587,5.771499871299867,242.0589599609375,0.0,0.0,False,,-7.037657304116246,True,483.0
positive,/mnt/MammoDiffusion/MammoDiffusion/experiments/diffusers/03_sd21_vae_finetuned/generated_images/final/positive/gen_2452.png,gen_2452.png,105.8956,92.0,1.0,0.5278549194335938,1.0,0.522369384765625,158.59289010924812,24.338662605876202,5.389385940092251,29.72576141357422,0.0,0.0,False,,-7.587097993381864,True,750.0
positive,/mnt/MammoDiffusion/MammoDiffusion/experiments/diffusers/03_sd21_vae_finetuned/generated_images/final/positive/gen_2453.png,gen_2453.png,118.6868,87.0,3.0,0.4958763122558594,0.9849681901054689,0.48516845703125,157.43105264813184,22.416251056501395,6.002796888793086,262.3173828125,0.0,0.0,False,,-14.46276184139096,False,
positive,/mnt/MammoDiffusion/MammoDiffusion/experiments/diffusers/03_sd21_vae_finetuned/generated_images/final/positive/gen_2454.png,gen_2454.png,105.8956,92.0,1.0,0.41687774658203125,0.9742135026811368,0.48653411865234375,139.79454611030093,39.73291663392263,6.073531762431561,245.31411743164062,0.0,0.0,False,,-18.772404121037262,False,
positive,/mnt/MammoDiffusion/MammoDiffusion/experiments/diffusers/03_sd21_vae_finetuned/generated_images/final/positive/gen_2455.png,gen_2455.png,156.8956,143.0,1.0,0.073699951171875,0.6723084886128364,0.047168731689453125,182.90214314597654,13.320502769493235,4.911270365151324,42.88463592529297,0.0,0.0,True,too_empty,,False,
positive,/mnt/MammoDiffusion/MammoDiffusion/experiments/diffusers/03_sd21_vae_finetuned/generated_images/final/positive/gen_2456.png,gen_2456.png,220.0,159.0,92.0,0.16179275512695312,0.5209959210619386,0.08124542236328125,253.02873509249696,4.103726093751844,7.079036788513511,606.017578125,0.0,0.0,True,too_empty,,False,
positive,/mnt/MammoDiffusion/MammoDiffusion/experiments/diffusers/03_sd21_vae_finetuned/generated_images/final/positive/gen_2457.png,gen_2457.png,129.8956,116.0,1.0,0.3271369934082031,0.9975745420198934,0.32242584228515625,159.4037883627931,20.782202304961707,4.4775939288616495,18.10991668701172,0.0,0.0,False,,-6.420380330761728,True,250.0
positive,/mnt/MammoDiffusion/MammoDiffusion/experiments/diffusers/03_sd21_vae_finetuned/generated_images/final/positive/gen_2458.png,gen_2458.png,56.8956,43.0,1.0,0.705291748046875,0.9986316039980961,0.7462730407714844,100.93973858948735,42.60531118118886,6.617919534588868,320.828857421875,0.0,0.0,False,,-6.458728203535339,True,265.0
positive,/mnt/MammoDiffusion/MammoDiffusion/experiments/diffusers/03_sd21_vae_finetuned/generated_images/final/positive/gen_2459.png,gen_2459.png,17.8956,4.0,1.0,0.7068023681640625,0.9992713887869433,0.7041168212890625,85.95708635821866,51.090233058506364,6.783743752654031,571.656982421875,0.0,0.0,False,,-6.525495565935375,True,293.0
positive,/mnt/MammoDiffusion/MammoDiffusion/experiments/diffusers/03_sd21_vae_finetuned/generated_images/final/positive/gen_2460.png,gen_2460.png,122.8956,109.0,1.0,0.380218505859375,0.9999699012761859,0.3748359680175781,165.1156104660038,21.976061518106743,4.923686047818988,29.57128143310547,0.0,0.0,False,,-6.857045280752824,True,412.0
positive,/mnt/MammoDiffusion/MammoDiffusion/experiments/diffusers/03_sd21_vae_finetuned/generated_images/final/positive/gen_2461.png,gen_2461.png,117.8956,104.0,1.0,0.38831329345703125,0.9346130420260527,0.37538909912109375,155.297685100502,35.33397405189689,6.1670027990354335,227.54112243652344,0.0,0.0,False,,-41.27538143063922,False,
positive,/mnt/MammoDiffusion/MammoDiffusion/experiments/diffusers/03_sd21_vae_finetuned/generated_images/final/positive/gen_2462.png,gen_2462.png,81.8956,68.0,1.0,0.3039131164550781,0.9685574062684357,0.3698081970214844,124.07837595287953,49.06572500182396,5.735213438737765,262.9132385253906,0.0,0.0,False,,-21.30677114812402,False,
positive,/mnt/MammoDiffusion/MammoDiffusion/experiments/diffusers/03_sd21_vae_finetuned/generated_images/final/positive/gen_2463.png,gen_2463.png,220.0,157.0,76.0,0.21695709228515625,0.9610015121144987,0.18735885620117188,247.42842308866946,8.681619701573023,6.940382872724528,682.3065795898438,0.0,0.0,False,,-32.79017875791581,False,
positive,/mnt/MammoDiffusion/MammoDiffusion/experiments/diffusers/03_sd21_vae_finetuned/generated_images/final/positive/gen_2464.png,gen_2464.png,39.8956,26.0,1.0,0.6340103149414062,1.0,0.6282424926757812,164.53966846803084,23.21903341956432,5.963786054422796,102.30136108398438,0.0,0.0,False,,-9.03832392106296,False,
positive,/mnt/MammoDiffusion/MammoDiffusion/experiments/diffusers/03_sd21_vae_finetuned/generated_images/final/positive/gen_2465.png,gen_2465.png,130.8956,117.0,1.0,0.2044677734375,0.584160447761194,0.108795166015625,182.63341514726508,34.917178283022956,6.500298308363424,209.94264221191406,0.0,0.0,True,too_empty,,False,
positive,/mnt/MammoDiffusion/MammoDiffusion/experiments/diffusers/03_sd21_vae_finetuned/generated_images/final/positive/gen_2466.png,gen_2466.png,10.0,0.0,0.0,0.8431587219238281,0.9984436431418502,0.8339385986328125,156.3897498764935,19.54813541840828,5.668856764447373,272.7101135253906,0.0,0.0,False,,-9.161350332333848,False,
positive,/mnt/MammoDiffusion/MammoDiffusion/experiments/diffusers/03_sd21_vae_finetuned/generated_images/final/positive/gen_2467.png,gen_2467.png,16.0,11.0,0.0,0.7342720031738281,0.997921915993454,0.7263984680175781,158.12617305864373,22.436235918345375,5.785746992716582,238.7239532470703,0.0,0.0,False,,-8.732041474098713,False,
positive,/mnt/MammoDiffusion/MammoDiffusion/experiments/diffusers/03_sd21_vae_finetuned/generated_images/final/positive/gen_2468.png,gen_2468.png,220.0,128.0,50.0,0.077667236328125,0.6572200392927309,0.048114776611328125,254.86942043922937,1.4730845983306446,6.099521040580111,275.4561767578125,0.0,0.0,True,too_empty,,False,
positive,/mnt/MammoDiffusion/MammoDiffusion/experiments/diffusers/03_sd21_vae_finetuned/generated_images/final/positive/gen_2469.png,gen_2469.png,60.8956,47.0,1.0,0.833465576171875,1.0,0.8248977661132812,136.55454999491312,22.46060410844564,6.096667310329799,57.85578918457031,0.0,0.0,False,,-9.748562243452225,False,
positive,/mnt/MammoDiffusion/MammoDiffusion/experiments/diffusers/03_sd21_vae_finetuned/generated_images/final/positive/gen_2470.png,gen_2470.png,96.7912,74.0,2.0,0.8189468383789062,0.9959707846955032,0.8151206970214844,133.85759948333717,25.12394120374864,6.4509668273360745,95.14826965332031,0.0,0.0,False,,-10.314654145854457,False,
positive,/mnt/MammoDiffusion/MammoDiffusion/experiments/diffusers/03_sd21_vae_finetuned/generated_images/final/positive/gen_2471.png,gen_2471.png,128.8956,115.0,1.0,0.19809341430664062,0.9083363823682336,0.19197845458984375,161.08204506616858,25.952271035377407,4.26098712332362,22.979103088378906,0.0,0.0,False,,-56.314992841738096,False,
positive,/mnt/MammoDiffusion/MammoDiffusion/experiments/diffusers/03_sd21_vae_finetuned/generated_images/final/positive/gen_2472.png,gen_2472.png,115.8956,102.0,1.0,0.26519775390625,0.9992663981588032,0.2601432800292969,159.4981890167901,24.980947216357364,4.430602960394673,24.668746948242188,0.0,0.0,False,,-6.376206873060002,True,235.0
positive,/mnt/MammoDiffusion/MammoDiffusion/experiments/diffusers/03_sd21_vae_finetuned/generated_images/final/positive/gen_2473.png,gen_2473.png,114.8956,101.0,1.0,0.47011566162109375,0.9970382511887567,0.46829986572265625,154.3913507437155,23.443456469329945,5.65626735332742,182.31344604492188,0.0,0.0,False,,-7.238987029954713,True,582.0
positive,/mnt/MammoDiffusion/MammoDiffusion/experiments/diffusers/03_sd21_vae_finetuned/generated_images/final/positive/gen_2474.png,gen_2474.png,81.8956,68.0,1.0,0.6876869201660156,1.0,0.681304931640625,152.09452967525195,18.5113265553019,5.63580566974316,40.453941345214844,0.0,0.0,False,,-9.101313983587897,False,
positive,/mnt/MammoDiffusion/MammoDiffusion/experiments/diffusers/03_sd21_vae_finetuned/generated_images/final/positive/gen_2475.png,gen_2475.png,100.8956,87.0,1.0,0.3695716857910156,0.9991845666332924,0.36407470703125,153.6914920368818,25.335615702096867,4.635268949943388,21.40099334716797,0.0,0.0,False,,-5.633183198230874,True,74.0
positive,/mnt/MammoDiffusion/MammoDiffusion/experiments/diffusers/03_sd21_vae_finetuned/generated_images/final/positive/gen_2476.png,gen_2476.png,220.0,222.0,14.0,0.359832763671875,0.9541917564243915,0.3381385803222656,236.47047077537482,15.195695482352523,6.4277437624496745,458.8492431640625,0.0,0.0,False,,-34.529845850155624,False,
positive,/mnt/MammoDiffusion/MammoDiffusion/experiments/diffusers/03_sd21_vae_finetuned/generated_images/final/positive/gen_2477.png,gen_2477.png,69.8956,56.0,1.0,0.5994453430175781,1.0,0.5937385559082031,159.52707764464006,20.349739628020917,5.835679577384013,54.896034240722656,0.0,0.0,False,,-8.787277581714712,False,
positive,/mnt/MammoDiffusion/MammoDiffusion/experiments/diffusers/03_sd21_vae_finetuned/generated_images/final/positive/gen_2478.png,gen_2478.png,122.8956,109.0,1.0,0.49314117431640625,0.9803827529124186,0.5106544494628906,147.89024016733276,25.323107311942586,5.771978518917423,87.4593505859375,0.0,0.0,False,,-16.67179947197665,False,
positive,/mnt/MammoDiffusion/MammoDiffusion/experiments/diffusers/03_sd21_vae_finetuned/generated_images/final/positive/gen_2479.png,gen_2479.png,35.8956,22.0,1.0,0.598968505859375,0.9992548530086106,0.6020278930664062,104.89971993055292,51.226136665716766,6.686293418060939,446.7253723144531,0.0,0.0,False,,-6.474141446309336,True,271.0
positive,/mnt/MammoDiffusion/MammoDiffusion/experiments/diffusers/03_sd21_vae_finetuned/generated_images/final/positive/gen_2480.png,gen_2480.png,10.0,0.0,0.0,0.7625389099121094,0.9983391280422221,0.7551155090332031,155.9593228558871,19.173616588956865,5.307160166933513,261.2298583984375,0.0,0.0,False,,-8.358926729501077,True,1182.0
positive,/mnt/MammoDiffusion/MammoDiffusion/experiments/diffusers/03_sd21_vae_finetuned/generated_images/final/positive/gen_2481.png,gen_2481.png,117.8956,104.0,1.0,0.3352699279785156,0.9686081307103278,0.3094902038574219,157.38072993060607,32.53834493568299,5.584474880750516,246.31878662109375,0.0,0.0,False,,-22.508404723269546,False,
positive,/mnt/MammoDiffusion/MammoDiffusion/experiments/diffusers/03_sd21_vae_finetuned/generated_images/final/positive/gen_2482.png,gen_2482.png,220.0,202.0,24.0,0.3379974365234375,0.9809489413570494,0.3249702453613281,226.4743218021106,14.258016145860488,6.606557146220407,454.9852294921875,0.0,0.0,False,,-19.703836530609927,False,
positive,/mnt/MammoDiffusion/MammoDiffusion/experiments/diffusers/03_sd21_vae_finetuned/generated_images/final/positive/gen_2483.png,gen_2483.png,71.8956,58.0,1.0,0.5666770935058594,0.9977112237548047,0.5596084594726562,170.1508677691584,21.86701819750586,5.622836580469345,183.82034301757812,0.0,0.0,False,,-8.039049787579986,True,1002.0
positive,/mnt/MammoDiffusion/MammoDiffusion/experiments/diffusers/03_sd21_vae_finetuned/generated_images/final/positive/gen_2484.png,gen_2484.png,166.7912,144.0,2.0,0.058422088623046875,0.739079333986288,0.04239654541015625,193.54273888788916,17.00285836682926,5.9128619331551455,263.4414367675781,0.0,0.0,True,too_empty,,False,
positive,/mnt/MammoDiffusion/MammoDiffusion/experiments/diffusers/03_sd21_vae_finetuned/generated_images/final/positive/gen_2485.png,gen_2485.png,110.8956,97.0,1.0,0.3168487548828125,0.9968697327233326,0.31378936767578125,148.1544773760607,29.322467417174042,4.894670166139207,36.08171844482422,0.0,0.0,False,,-6.312027493360996,True,221.0
positive,/mnt/MammoDiffusion/MammoDiffusion/experiments/diffusers/03_sd21_vae_finetuned/generated_images/final/positive/gen_2486.png,gen_2486.png,129.8956,116.0,1.0,0.40636444091796875,0.9982445600135178,0.4034156799316406,162.86212211473907,21.89677010130346,4.881628934662491,25.089622497558594,0.0,0.0,False,,-5.930104384949262,True,128.0
positive,/mnt/MammoDiffusion/MammoDiffusion/experiments/diffusers/03_sd21_vae_finetuned/generated_images/final/positive/gen_2487.png,gen_2487.png,54.8956,41.0,1.0,0.7005882263183594,0.9987912117829626,0.7011680603027344,119.29246981888612,46.988128071270346,7.0307636504773185,426.96331787109375,0.0,0.0,False,,-7.389465847099481,True,645.0
positive,/mnt/MammoDiffusion/MammoDiffusion/experiments/diffusers/03_sd21_vae_finetuned/generated_images/final/positive/gen_2488.png,gen_2488.png,78.0,73.0,0.0,0.609039306640625,0.9969872726361677,0.6014060974121094,165.42593003710633,21.56371772582821,5.411895549784729,223.95455932617188,0.0,0.0,False,,-8.342635622204005,True,1169.0
positive,/mnt/MammoDiffusion/MammoDiffusion/experiments/diffusers/03_sd21_vae_finetuned/generated_images/final/positive/gen_2489.png,gen_2489.png,49.8956,36.0,1.0,0.5400199890136719,0.9980150180485013,0.5682220458984375,110.29227422863127,52.79289594668123,6.446894867273784,483.634765625,0.0,0.0,False,,-6.11825633199606,True,170.0
positive,/mnt/MammoDiffusion/MammoDiffusion/experiments/diffusers/03_sd21_vae_finetuned/generated_images/final/positive/gen_2490.png,gen_2490.png,125.8956,112.0,1.0,0.2995796203613281,0.9943463257484115,0.2947196960449219,155.99461551405014,25.63360204371475,4.888201108165465,35.3719482421875,0.0,0.0,False,,-8.336215371803842,True,1166.0
positive,/mnt/MammoDiffusion/MammoDiffusion/experiments/diffusers/03_sd21_vae_finetuned/generated_images/final/positive/gen_2491.png,gen_2491.png,16.8956,3.0,1.0,0.5059738159179688,0.9978588338183627,0.49689483642578125,96.2964194137788,55.72529286375806,6.070820460586244,619.8177490234375,0.0,0.0,False,,-4.96516725891744,True,10.0
positive,/mnt/MammoDiffusion/MammoDiffusion/experiments/diffusers/03_sd21_vae_finetuned/generated_images/final/positive/gen_2492.png,gen_2492.png,119.8956,106.0,1.0,0.379913330078125,0.9962547192545586,0.3734397888183594,169.69620511772817,25.55241199223635,4.931390931614099,194.66046142578125,0.0,0.0,False,,-7.016518560963762,True,475.0
positive,/mnt/MammoDiffusion/MammoDiffusion/experiments/diffusers/03_sd21_vae_finetuned/generated_images/final/positive/gen_2493.png,gen_2493.png,87.8956,74.0,1.0,0.5989990234375,0.9455815671489709,0.5782394409179688,123.6479529231703,33.92144282150933,6.635413597027044,517.8395385742188,0.0,0.0,False,,-35.42322166884658,False,
positive,/mnt/MammoDiffusion/MammoDiffusion/experiments/diffusers/03_sd21_vae_finetuned/generated_images/final/positive/gen_2494.png,gen_2494.png,115.8956,102.0,1.0,0.8230819702148438,0.9973211720104187,0.8266487121582031,144.06486818242647,20.139065844222415,6.091954344018616,53.77111053466797,0.0,0.0,False,,-10.003682460187303,False,
positive,/mnt/MammoDiffusion/MammoDiffusion/experiments/diffusers/03_sd21_vae_finetuned/generated_images/final/positive/gen_2495.png,gen_2495.png,35.8956,22.0,1.0,0.5034103393554688,0.9990679417425701,0.4998359680175781,109.13693151897671,50.35017091195561,6.049335323159495,380.92791748046875,0.0,0.0,False,,-5.202331372397353,True,24.0
positive,/mnt/MammoDiffusion/MammoDiffusion/experiments/diffusers/03_sd21_vae_finetuned/generated_images/final/positive/gen_2496.png,gen_2496.png,85.8956,72.0,1.0,0.6142120361328125,0.9566057188284103,0.644500732421875,125.47337113499692,36.08791831902208,6.732811930046371,315.3709716796875,0.0,0.0,False,,-29.997164950235543,False,
positive,/mnt/MammoDiffusion/MammoDiffusion/experiments/diffusers/03_sd21_vae_finetuned/generated_images/final/positive/gen_2497.png,gen_2497.png,97.0,92.0,0.0,0.7660865783691406,0.9999402464832565,0.7609481811523438,143.11871985883155,21.30960349928878,5.718817770587158,42.74760437011719,0.0,0.0,False,,-9.212312595065836,False,
positive,/mnt/MammoDiffusion/MammoDiffusion/experiments/diffusers/03_sd21_vae_finetuned/generated_images/final/positive/gen_2498.png,gen_2498.png,10.0,0.0,0.0,0.8487892150878906,1.0,0.8413429260253906,155.51253440216183,20.66190346065586,5.760266063775256,93.05459594726562,0.0,0.0,False,,-10.1908784354174,False,
positive,/mnt/MammoDiffusion/MammoDiffusion/experiments/diffusers/03_sd21_vae_finetuned/generated_images/final/positive/gen_2499.png,gen_2499.png,107.0,102.0,0.0,0.39456939697265625,0.9954560396001315,0.3874168395996094,164.4172353016473,26.00820009178976,4.398969083931354,163.66830444335938,0.0,0.0,False,,-6.685827835734957,True,348.0
positive,/mnt/MammoDiffusion/MammoDiffusion/experiments/diffusers/03_sd21_vae_finetuned/generated_images/final/positive/gen_2500.png,gen_2500.png,108.8956,95.0,1.0,0.411224365234375,0.949025974025974,0.3987541198730469,147.14860663343887,32.73457143096954,5.959646138999102,138.88829040527344,0.0,0.0,False,,-32.95470309520626,False,
positive,/mnt/MammoDiffusion/MammoDiffusion/experiments/diffusers/03_sd21_vae_finetuned/generated_images/final/positive/gen_2501.png,gen_2501.png,52.8956,39.0,1.0,0.5326728820800781,0.9986679748204272,0.5445098876953125,111.86684181028443,47.864326646507635,6.3679097141649095,298.86212158203125,0.0,0.0,False,,-5.604347387216085,True,68.0
positive,/mnt/MammoDiffusion/MammoDiffusion/experiments/diffusers/03_sd21_vae_finetuned/generated_images/final/positive/gen_2502.png,gen_2502.png,92.8956,79.0,1.0,0.5645561218261719,0.9988513125443427,0.5587310791015625,144.23576480869542,27.892571634842117,5.778283841457159,39.65534210205078,0.0,0.0,False,,-6.875845145465326,True,418.0
positive,/mnt/MammoDiffusion/MammoDiffusion/experiments/diffusers/03_sd21_vae_finetuned/generated_images/final/positive/gen_2503.png,gen_2503.png,87.8956,74.0,1.0,0.40598297119140625,0.9988630597786256,0.4005851745605469,162.98279227890413,25.699171931041747,5.413421885459305,46.56462860107422,0.0,0.0,False,,-6.202412904091788,True,196.0
positive,/mnt/MammoDiffusion/MammoDiffusion/experiments/diffusers/03_sd21_vae_finetuned/generated_images/final/positive/gen_2504.png,gen_2504.png,149.8956,136.0,1.0,0.08522796630859375,0.5371050040282875,0.044109344482421875,196.6231081899161,21.659235981114907,4.3362969830888,103.7685546875,0.0,0.0,True,too_empty,,False,
positive,/mnt/MammoDiffusion/MammoDiffusion/experiments/diffusers/03_sd21_vae_finetuned/generated_images/final/positive/gen_2505.png,gen_2505.png,125.8956,112.0,1.0,0.262603759765625,0.9942475305055201,0.2573661804199219,160.2253694398743,27.569669625020737,4.547612467591482,28.491355895996094,0.0,0.0,False,,-8.30839507693733,True,1155.0
positive,/mnt/MammoDiffusion/MammoDiffusion/experiments/diffusers/03_sd21_vae_finetuned/generated_images/final/positive/gen_2506.png,gen_2506.png,10.0,0.0,0.0,0.8615379333496094,0.9985255504832918,0.8521156311035156,153.6329613165187,21.328589482989745,5.451716512441402,226.7664794921875,0.0,0.0,False,,-8.87164334023825,False,
positive,/mnt/MammoDiffusion/MammoDiffusion/experiments/diffusers/03_sd21_vae_finetuned/generated_images/final/positive/gen_2507.png,gen_2507.png,220.0,226.0,11.0,0.4965324401855469,0.9649209068629334,0.4722785949707031,237.05307540083194,12.163920284109574,5.405688817722477,466.7310791015625,0.0,0.0,False,,-27.823346064436492,False,
positive,/mnt/MammoDiffusion/MammoDiffusion/experiments/diffusers/03_sd21_vae_finetuned/generated_images/final/positive/gen_2508.png,gen_2508.png,98.8956,85.0,1.0,0.3597145080566406,0.951589127968016,0.45943450927734375,130.28263504873877,45.00512886619275,5.932270596885939,268.753662109375,0.0,0.0,False,,-30.98048820843955,False,
positive,/mnt/MammoDiffusion/MammoDiffusion/experiments/diffusers/03_sd21_vae_finetuned/generated_images/final/positive/gen_2509.png,gen_2509.png,65.0,60.0,0.0,0.67767333984375,0.9967520039628929,0.6694831848144531,149.4783505507091,22.820835709142536,5.63438883297645,213.602294921875,0.0,0.0,False,,-8.588267802841424,True,1305.0
positive,/mnt/MammoDiffusion/MammoDiffusion/experiments/diffusers/03_sd21_vae_finetuned/generated_images/final/positive/gen_2510.png,gen_2510.png,60.8956,47.0,1.0,0.5660743713378906,0.9990969924457354,0.5739707946777344,125.63929338109702,45.54469005047473,6.483816909149672,328.1629333496094,0.0,0.0,False,,-6.376328260148462,True,236.0
positive,/mnt/MammoDiffusion/MammoDiffusion/experiments/diffusers/03_sd21_vae_finetuned/generated_images/final/positive/gen_2511.png,gen_2511.png,183.0,170.0,2.0,0.04681396484375,0.5330834419817471,0.0251922607421875,195.72577225923683,8.201804080928284,5.500828364633142,52.43463134765625,0.0,0.0,True,too_empty,,False,
positive,/mnt/MammoDiffusion/MammoDiffusion/experiments/diffusers/03_sd21_vae_finetuned/generated_images/final/positive/gen_2512.png,gen_2512.png,70.8956,57.0,1.0,0.6542587280273438,1.0,0.6483612060546875,144.42901437951565,21.492365777699227,5.798206178983987,55.413909912109375,0.0,0.0,False,,-8.57606149228674,True,1298.0
positive,/mnt/MammoDiffusion/MammoDiffusion/experiments/diffusers/03_sd21_vae_finetuned/generated_images/final/positive/gen_2513.png,gen_2513.png,220.0,227.0,26.0,0.18729782104492188,0.4517607283244058,0.08119583129882812,252.9764153159502,3.7810908964027323,6.888480494083504,537.9667358398438,0.0,0.0,True,too_empty,,False,
positive,/mnt/MammoDiffusion/MammoDiffusion/experiments/diffusers/03_sd21_vae_finetuned/generated_images/final/positive/gen_2514.png,gen_2514.png,99.8956,86.0,1.0,0.4565086364746094,0.9814909209415815,0.4868965148925781,138.90068710483638,37.0202000255166,6.243676320429013,220.5120849609375,0.0,0.0,False,,-15.096593766739517,False,
positive,/mnt/MammoDiffusion/MammoDiffusion/experiments/diffusers/03_sd21_vae_finetuned/generated_images/final/positive/gen_2515.png,gen_2515.png,23.8956,10.0,1.0,0.7216453552246094,0.9995401083652703,0.7189826965332031,100.53040424030519,53.511223066929155,6.989135500049157,613.6682739257812,0.0,0.0,False,,-7.5417788358169195,True,731.0
positive,/mnt/MammoDiffusion/MammoDiffusion/experiments/diffusers/03_sd21_vae_finetuned/generated_images/final/positive/gen_2516.png,gen_2516.png,75.8956,62.0,1.0,0.4873161315917969,0.9975107047523621,0.5494499206542969,118.01980768563196,42.38748947495145,6.252071920784035,345.968505859375,0.0,0.0,False,,-5.750663522532041,True,95.0
positive,/mnt/MammoDiffusion/MammoDiffusion/experiments/diffusers/03_sd21_vae_finetuned/generated_images/final/positive/gen_2517.png,gen_2517.png,56.8956,43.0,1.0,0.6562614440917969,0.9983549859040312,0.6497764587402344,128.43358088472715,34.96862347935441,6.306911141503997,183.00363159179688,0.0,0.0,False,,-6.76493087582602,True,370.0
positive,/mnt/MammoDiffusion/MammoDiffusion/experiments/diffusers/03_sd21_vae_finetuned/generated_images/final/positive/gen_2518.png,gen_2518.png,104.8956,91.0,1.0,0.21552276611328125,0.9566887323445078,0.23693466186523438,143.44207950282558,41.920599104459384,4.870273276039392,192.9862518310547,0.0,0.0,False,,-28.113659417506664,False,
positive,/mnt/MammoDiffusion/MammoDiffusion/experiments/diffusers/03_sd21_vae_finetuned/generated_images/final/positive/gen_2519.png,gen_2519.png,154.8956,141.0,1.0,0.11834335327148438,0.928407955387938,0.10556793212890625,182.515899400159,14.956047847389723,3.663666152150708,13.355880737304688,0.0,0.0,True,too_empty,,False,
positive,/mnt/MammoDiffusion/MammoDiffusion/experiments/diffusers/03_sd21_vae_finetuned/generated_images/final/positive/gen_2520.png,gen_2520.png,99.8956,86.0,1.0,0.4472923278808594,0.9994627094793399,0.4414558410644531,151.90304601425794,25.741839485084768,4.738592428211454,22.011459350585938,0.0,0.0,False,,-5.807968188441151,True,110.0
positive,/mnt/MammoDiffusion/MammoDiffusion/experiments/diffusers/03_sd21_vae_finetuned/generated_images/final/positive/gen_2521.png,gen_2521.png,22.8956,9.0,1.0,0.6835289001464844,0.9991405434667351,0.6830673217773438,91.62591728004826,53.12392516453237,6.752166338539592,651.0305786132812,0.0,0.0,False,,-6.498832593042683,True,286.0
positive,/mnt/MammoDiffusion/MammoDiffusion/experiments/diffusers/03_sd21_vae_finetuned/generated_images/final/positive/gen_2522.png,gen_2522.png,72.0,67.0,0.0,0.828216552734375,1.0,0.8214797973632812,151.00301375460887,19.423224950430065,6.015672575339488,42.0465087890625,0.0,0.0,False,,-10.321102200996469,False,
positive,/mnt/MammoDiffusion/MammoDiffusion/experiments/diffusers/03_sd21_vae_finetuned/generated_images/final/positive/gen_2523.png,gen_2523.png,86.8956,73.0,1.0,0.4565544128417969,1.0,0.45075225830078125,162.16760887594998,22.81647035798755,5.174976054109996,30.295631408691406,0.0,0.0,False,,-7.108922456181629,True,512.0
positive,/mnt/MammoDiffusion/MammoDiffusion/experiments/diffusers/03_sd21_vae_finetuned/generated_images/final/positive/gen_2524.png,gen_2524.png,130.8956,117.0,1.0,0.18550491333007812,0.9626560282958728,0.16681671142578125,158.53889778184313,23.377219789713486,4.37111019424184,65.76139068603516,0.0,0.0,False,,-26.484390327038987,False,
positive,/mnt/MammoDiffusion/MammoDiffusion/experiments/diffusers/03_sd21_vae_finetuned/generated_images/final/positive/gen_2525.png,gen_2525.png,107.8956,94.0,1.0,0.5875587463378906,0.9874825515338419,0.6449966430664062,142.66077997657942,33.88416418948231,6.515575081221674,200.37432861328125,0.0,0.0,False,,-13.464928484081456,False,
positive,/mnt/MammoDiffusion/MammoDiffusion/experiments/diffusers/03_sd21_vae_finetuned/generated_images/final/positive/gen_2526.png,gen_2526.png,220.0,209.0,39.0,0.21867752075195312,0.9404622764936764,0.19994735717773438,247.25601449966612,19.103183843453106,6.577735905685444,526.6701049804688,0.0,0.0,False,,-43.20265023540901,False,
positive,/mnt/MammoDiffusion/MammoDiffusion/experiments/diffusers/03_sd21_vae_finetuned/generated_images/final/positive/gen_2527.png,gen_2527.png,39.0,34.0,0.0,0.6150321960449219,0.9982012938279569,0.6079750061035156,147.51275905557264,22.248797002811404,5.282940086327097,169.71031188964844,0.0,0.0,False,,-7.056932343136166,True,494.0
positive,/mnt/MammoDiffusion/MammoDiffusion/experiments/diffusers/03_sd21_vae_finetuned/generated_images/final/positive/gen_2528.png,gen_2528.png,102.0,97.0,0.0,0.5458106994628906,0.9999231204702231,0.5399246215820312,151.61670364142492,23.761455222563846,5.181426194513515,19.506607055664062,0.0,0.0,False,,-7.298081323022739,True,606.0
positive,/mnt/MammoDiffusion/MammoDiffusion/experiments/diffusers/03_sd21_vae_finetuned/generated_images/final/positive/gen_2529.png,gen_2529.png,128.8956,115.0,1.0,0.1789398193359375,0.9336147352264006,0.168365478515625,167.5252854812398,29.91062292743301,4.443250639775729,31.954750061035156,0.0,0.0,False,,-42.52466597515058,False,
positive,/mnt/MammoDiffusion/MammoDiffusion/experiments/diffusers/03_sd21_vae_finetuned/generated_images/final/positive/gen_2530.png,gen_2530.png,121.8956,108.0,1.0,0.8104515075683594,0.9924078040055542,0.8047637939453125,154.79129140516866,19.580614624864886,6.2252700998301895,51.675872802734375,0.0,0.0,False,,-13.08528676916724,False,
positive,/mnt/MammoDiffusion/MammoDiffusion/experiments/diffusers/03_sd21_vae_finetuned/generated_images/final/positive/gen_2531.png,gen_2531.png,46.8956,33.0,1.0,0.8039703369140625,0.9981257947579191,0.7950019836425781,147.60373791415753,24.75790435045784,6.186547334467857,201.16171264648438,0.0,0.0,False,,-9.037182260469047,False,
positive,/mnt/MammoDiffusion/MammoDiffusion/experiments/diffusers/03_sd21_vae_finetuned/generated_images/final/positive/gen_2532.png,gen_2532.png,39.8956,26.0,1.0,0.8620262145996094,0.9994778183427371,0.8562774658203125,103.80292068357183,43.11863422107751,7.168191741446772,478.14776611328125,0.0,0.0,False,,-8.142483515164843,True,1061.0
positive,/mnt/MammoDiffusion/MammoDiffusion/experiments/diffusers/03_sd21_vae_finetuned/generated_images/final/positive/gen_2533.png,gen_2533.png,127.8956,114.0,1.0,0.3587760925292969,0.9915365067888698,0.3512001037597656,157.0134904686906,23.975618339258187,4.798173096173802,24.88501739501953,0.0,0.0,False,,-9.587889995706444,False,
positive,/mnt/MammoDiffusion/MammoDiffusion/experiments/diffusers/03_sd21_vae_finetuned/generated_images/final/positive/gen_2534.png,gen_2534.png,34.8956,21.0,1.0,0.511260986328125,0.9989106428699337,0.5129776000976562,105.47313978910421,55.93091971572499,6.174553105410739,561.1661376953125,0.0,0.0,False,,-5.387105073742855,True,44.0
positive,/mnt/MammoDiffusion/MammoDiffusion/experiments/diffusers/03_sd21_vae_finetuned/generated_images/final/positive/gen_2535.png,gen_2535.png,10.0,0.0,0.0,0.5513916015625,0.9993289240646447,0.5477142333984375,89.0507312996239,56.801478721146474,5.6418333979729,536.6192016601562,0.0,0.0,False,,-4.918633795700488,True,8.0
positive,/mnt/MammoDiffusion/MammoDiffusion/experiments/diffusers/03_sd21_vae_finetuned/generated_images/final/positive/gen_2536.png,gen_2536.png,105.8956,92.0,1.0,0.6010551452636719,0.9484396717503475,0.574493408203125,136.8463081009296,25.065604312890855,6.140496922888258,67.2772216796875,0.0,0.0,False,,-34.90691831533862,False,
positive,/mnt/MammoDiffusion/MammoDiffusion/experiments/diffusers/03_sd21_vae_finetuned/generated_images/final/positive/gen_2537.png,gen_2537.png,102.8956,89.0,1.0,0.4974021911621094,0.9834804549393746,0.5149269104003906,139.6966181427566,29.965173437085003,5.807731258377215,201.21304321289062,0.0,0.0,False,,-14.297651687710518,False,
positive,/mnt/MammoDiffusion/MammoDiffusion/experiments/diffusers/03_sd21_vae_finetuned/generated_images/final/positive/gen_2538.png,gen_2538.png,102.7912,80.0,2.0,0.80438232421875,0.9923552621594962,0.8333473205566406,141.51870619847384,29.275116400861524,6.818986983518158,217.14227294921875,0.0,0.0,False,,-12.598333706961757,False,
positive,/mnt/MammoDiffusion/MammoDiffusion/experiments/diffusers/03_sd21_vae_finetuned/generated_images/final/positive/gen_2539.png,gen_2539.png,116.8956,103.0,1.0,0.738861083984375,1.0,0.7340126037597656,162.52116496983115,19.690889678009842,6.073779736364758,46.746803283691406,0.0,0.0,False,,-10.115790163890123,False,
positive,/mnt/MammoDiffusion/MammoDiffusion/experiments/diffusers/03_sd21_vae_finetuned/generated_images/final/positive/gen_2540.png,gen_2540.png,66.8956,53.0,1.0,0.8530807495117188,1.0,0.8444137573242188,149.26669467559338,23.53294738772039,6.387258712124653,36.845481872558594,0.0,0.0,False,,-10.505038876887664,False,
positive,/mnt/MammoDiffusion/MammoDiffusion/experiments/diffusers/03_sd21_vae_finetuned/generated_images/final/positive/gen_2541.png,gen_2541.png,44.8956,31.0,1.0,0.6423912048339844,0.9978206521416398,0.6649322509765625,105.28296463730867,47.512815108230335,6.766234463781618,424.8108215332031,0.0,0.0,False,,-6.739515640661602,True,364.0
positive,/mnt/MammoDiffusion/MammoDiffusion/experiments/diffusers/03_sd21_vae_finetuned/generated_images/final/positive/gen_2542.png,gen_2542.png,220.0,133.0,43.0,0.10623550415039062,0.7513016625372545,0.07697677612304688,254.9417711482234,0.9052046539548547,6.206976434975099,223.88633728027344,0.0,0.0,True,too_empty,,False,
positive,/mnt/MammoDiffusion/MammoDiffusion/experiments/diffusers/03_sd21_vae_finetuned/generated_images/final/positive/gen_2543.png,gen_2543.png,45.8956,32.0,1.0,0.44356536865234375,0.9985981871033214,0.44857025146484375,114.24861807976869,51.071003088803955,6.035424335366804,348.03204345703125,0.0,0.0,False,,-4.829708705688797,True,6.0
positive,/mnt/MammoDiffusion/MammoDiffusion/experiments/diffusers/03_sd21_vae_finetuned/generated_images/final/positive/gen_2544.png,gen_2544.png,94.8956,81.0,1.0,0.5594940185546875,0.9976409305369951,0.5526123046875,158.71923321184008,21.399068060260113,5.663931506760672,187.9774932861328,0.0,0.0,False,,-7.750041426049464,True,835.0
positive,/mnt/MammoDiffusion/MammoDiffusion/experiments/diffusers/03_sd21_vae_finetuned/generated_images/final/positive/gen_2545.png,gen_2545.png,122.0,117.0,0.0,0.34439849853515625,0.9922132872554884,0.33628082275390625,169.60971708600857,19.783698675074618,4.20002116999026,178.19857788085938,0.0,0.0,False,,-9.215372459176304,False,
positive,/mnt/MammoDiffusion/MammoDiffusion/experiments/diffusers/03_sd21_vae_finetuned/generated_images/final/positive/gen_2546.png,gen_2546.png,92.8956,79.0,1.0,0.48796844482421875,0.9993355118122548,0.4827919006347656,153.7511634705794,29.706630775568055,4.933968918950349,32.44317626953125,0.0,0.0,False,,-5.9722417645707635,True,140.0
positive,/mnt/MammoDiffusion/MammoDiffusion/experiments/diffusers/03_sd21_vae_finetuned/generated_images/final/positive/gen_2547.png,gen_2547.png,72.8956,59.0,1.0,0.47087860107421875,0.9973346943404786,0.5006027221679688,124.85068200868704,45.378944736746725,6.185716694431408,280.0198059082031,0.0,0.0,False,,-5.954794516551864,True,136.0
positive,/mnt/MammoDiffusion/MammoDiffusion/experiments/diffusers/03_sd21_vae_finetuned/generated_images/final/positive/gen_2548.png,gen_2548.png,46.8956,33.0,1.0,0.5443229675292969,0.9978555059534239,0.53759765625,166.86901112624886,22.68271256273777,5.727071976040522,257.7359313964844,0.0,0.0,False,,-7.664313688064053,True,787.0
positive,/mnt/MammoDiffusion/MammoDiffusion/experiments/diffusers/03_sd21_vae_finetuned/generated_images/final/positive/gen_2549.png,gen_2549.png,62.8956,49.0,1.0,0.5460700988769531,0.9975130807759747,0.5387687683105469,162.9215350302687,23.56086948975846,5.553187518903815,225.89419555664062,0.0,0.0,False,,-7.547611621128268,True,736.0
positive,/mnt/MammoDiffusion/MammoDiffusion/experiments/diffusers/03_sd21_vae_finetuned/generated_images/final/positive/gen_2550.png,gen_2550.png,27.8956,14.0,1.0,0.7580833435058594,1.0,0.7518730163574219,157.4374400681891,21.515214521513172,6.1533925430805905,112.8424072265625,0.0,0.0,False,,-9.949115949832029,False,
positive,/mnt/MammoDiffusion/MammoDiffusion/experiments/diffusers/03_sd21_vae_finetuned/generated_images/final/positive/gen_2551.png,gen_2551.png,107.8956,94.0,1.0,0.5195503234863281,1.0,0.5136260986328125,154.98945367041978,20.315687039733813,5.174648947427434,25.39605712890625,0.0,0.0,False,,-7.495859732909002,True,704.0
positive,/mnt/MammoDiffusion/MammoDiffusion/experiments/diffusers/03_sd21_vae_finetuned/generated_images/final/positive/gen_2552.png,gen_2552.png,112.8956,99.0,1.0,0.5313186645507812,0.9978604557659999,0.5248641967773438,170.32312668071808,23.178270421178755,5.767964803015581,202.56932067871094,0.0,0.0,False,,-7.754486643112957,True,840.0
positive,/mnt/MammoDiffusion/MammoDiffusion/experiments/diffusers/03_sd21_vae_finetuned/generated_images/final/positive/gen_2553.png,gen_2553.png,83.8956,70.0,1.0,0.6062049865722656,0.9908188757370385,0.6674957275390625,125.81903646130986,38.411883893699404,6.63857819847521,348.6201171875,0.0,0.0,False,,-10.868521202410976,False,
positive,/mnt/MammoDiffusion/MammoDiffusion/experiments/diffusers/03_sd21_vae_finetuned/generated_images/final/positive/gen_2554.png,gen_2554.png,119.8956,106.0,1.0,0.40704345703125,0.9962794272004798,0.3998832702636719,170.8048498955422,21.020592060345034,4.739534171556271,145.69754028320312,0.0,0.0,False,,-7.04962645681104,True,490.0
positive,/mnt/MammoDiffusion/MammoDiffusion/experiments/diffusers/03_sd21_vae_finetuned/generated_images/final/positive/gen_2555.png,gen_2555.png,220.0,214.0,35.0,0.22516250610351562,0.5827700127064803,0.12702178955078125,249.86377560213828,1.5411749795125471,6.696270376343291,416.07598876953125,0.0,0.0,True,too_empty,,False,
positive,/mnt/MammoDiffusion/MammoDiffusion/experiments/diffusers/03_sd21_vae_finetuned/generated_images/final/positive/gen_2556.png,gen_2556.png,119.8956,106.0,1.0,0.4544525146484375,0.9967598965853003,0.4471893310546875,169.39759272528747,21.463183194742708,4.879109230040329,155.64036560058594,0.0,0.0,False,,-7.1166254683555055,True,517.0
positive,/mnt/MammoDiffusion/MammoDiffusion/experiments/diffusers/03_sd21_vae_finetuned/generated_images/final/positive/gen_2557.png,gen_2557.png,116.8956,103.0,1.0,0.5105476379394531,0.981380335781585,0.5807075500488281,147.15376176681184,32.80151470580708,6.180765006819612,162.84243774414062,0.0,0.0,False,,-16.34965231201168,False,
positive,/mnt/MammoDiffusion/MammoDiffusion/experiments/diffusers/03_sd21_vae_finetuned/generated_images/final/positive/gen_2558.png,gen_2558.png,107.8956,94.0,1.0,0.5921401977539062,0.9942084444616237,0.6653518676757812,140.55848020273137,34.038333006370024,6.528029943412384,293.1819763183594,0.0,0.0,False,,-9.69057241549548,False,
positive,/mnt/MammoDiffusion/MammoDiffusion/experiments/diffusers/03_sd21_vae_finetuned/generated_images/final/positive/gen_2559.png,gen_2559.png,80.8956,67.0,1.0,0.6013412475585938,0.9972468567223639,0.660125732421875,126.65893856039942,41.13315144849864,6.639215367190993,328.3575439453125,0.0,0.0,False,,-7.221983159184138,True,574.0
positive,/mnt/MammoDiffusion/MammoDiffusion/experiments/diffusers/03_sd21_vae_finetuned/generated_images/final/positive/gen_2560.png,gen_2560.png,54.8956,41.0,1.0,0.8147468566894531,1.0,0.8090362548828125,123.22096904999906,28.932839223653293,6.3832169603423985,70.87054443359375,0.0,0.0,False,,-9.04352327746827,False,
positive,/mnt/MammoDiffusion/MammoDiffusion/experiments/diffusers/03_sd21_vae_finetuned/generated_images/final/positive/gen_2561.png,gen_2561.png,24.8956,11.0,1.0,0.809783935546875,0.9994111550781986,0.8101005554199219,91.45785753638816,51.49768219296787,7.109925269260162,489.3504333496094,0.0,0.0,False,,-7.937352447155925,True,944.0
positive,/mnt/MammoDiffusion/MammoDiffusion/experiments/diffusers/03_sd21_vae_finetuned/generated_images/final/positive/gen_2562.png,gen_2562.png,109.8956,96.0,1.0,0.3680763244628906,0.982474686233664,0.39475250244140625,148.99835720221876,35.334242109820195,5.580867137619174,148.3837890625,0.0,0.0,False,,-13.897814046894949,False,
positive,/mnt/MammoDiffusion/MammoDiffusion/experiments/diffusers/03_sd21_vae_finetuned/generated_images/final/positive/gen_2563.png,gen_2563.png,220.0,254.0,1.0,0.1939239501953125,0.8557518294122276,0.15921401977539062,254.6678486714426,2.2455061497068316,6.303404097069501,445.3796691894531,0.0,0.0,True,low_contrast,,False,
positive,/mnt/MammoDiffusion/MammoDiffusion/experiments/diffusers/03_sd21_vae_finetuned/generated_images/final/positive/gen_2564.png,gen_2564.png,107.8956,94.0,1.0,0.5630073547363281,0.9987194167587016,0.557281494140625,167.0471565084059,20.897414857393585,5.608967017752695,37.125885009765625,0.0,0.0,False,,-7.820019681009265,True,876.0
positive,/mnt/MammoDiffusion/MammoDiffusion/experiments/diffusers/03_sd21_vae_finetuned/generated_images/final/positive/gen_2565.png,gen_2565.png,220.0,215.0,14.0,0.3761863708496094,0.9748111342087917,0.36461639404296875,231.33904919336277,18.06716288875272,6.463950598420871,584.5204467773438,0.0,0.0,False,,-22.424041045678045,False,
positive,/mnt/MammoDiffusion/MammoDiffusion/experiments/diffusers/03_sd21_vae_finetuned/generated_images/final/positive/gen_2566.png,gen_2566.png,188.0,178.0,2.0,0.048587799072265625,0.6591819109680459,0.030239105224609375,205.61347294058282,10.586245131459085,6.714165837094527,314.1356201171875,0.0,0.0,True,too_empty,,False,
positive,/mnt/MammoDiffusion/MammoDiffusion/experiments/diffusers/03_sd21_vae_finetuned/generated_images/final/positive/gen_2567.png,gen_2567.png,168.8956,155.0,1.0,0.07856369018554688,0.7582908472930323,0.056095123291015625,208.01067664059843,19.39744709165114,6.1915147812315166,213.92031860351562,0.0,0.0,True,too_empty,,False,
positive,/mnt/MammoDiffusion/MammoDiffusion/experiments/diffusers/03_sd21_vae_finetuned/generated_images/final/positive/gen_2568.png,gen_2568.png,33.0,28.0,0.0,0.62774658203125,0.9990155566358775,0.6295242309570312,95.14954007247343,51.22394624916659,5.987988985669657,435.6849060058594,0.0,0.0,False,,-5.554185064551317,True,64.0
positive,/mnt/MammoDiffusion/MammoDiffusion/experiments/diffusers/03_sd21_vae_finetuned/generated_images/final/positive/gen_2569.png,gen_2569.png,180.0,176.0,1.0,0.0447845458984375,0.8127768313458262,0.034023284912109375,202.9882273797511,10.37406533207542,5.710447906065938,116.52432250976562,0.0,0.0,True,too_empty,,False,
positive,/mnt/MammoDiffusion/MammoDiffusion/experiments/diffusers/03_sd21_vae_finetuned/generated_images/final/positive/gen_2570.png,gen_2570.png,112.8956,99.0,1.0,0.5543785095214844,0.9936144006275502,0.5454788208007812,148.4196469781949,23.336423521343733,5.895994741062132,53.168800354003906,0.0,0.0,False,,-9.88082383228009,False,
positive,/mnt/MammoDiffusion/MammoDiffusion/experiments/diffusers/03_sd21_vae_finetuned/generated_images/final/positive/gen_2571.png,gen_2571.png,23.8956,10.0,1.0,0.8015327453613281,1.0,0.7947769165039062,152.9467616368925,22.098584759651583,6.085493758584087,44.98040771484375,0.0,0.0,False,,-10.076705189911548,False,
positive,/mnt/MammoDiffusion/MammoDiffusion/experiments/diffusers/03_sd21_vae_finetuned/generated_images/final/positive/gen_2572.png,gen_2572.png,23.8956,10.0,1.0,0.7017745971679688,0.9982279334224803,0.6944923400878906,149.67202579411943,22.653865884907884,5.995268254140531,217.7442169189453,0.0,0.0,False,,-8.305598434950706,True,1154.0
positive,/mnt/MammoDiffusion/MammoDiffusion/experiments/diffusers/03_sd21_vae_finetuned/generated_images/final/positive/gen_2573.png,gen_2573.png,61.8956,48.0,1.0,0.5103836059570312,1.0,0.5044364929199219,165.87823949786366,24.36592433077131,5.798887001447005,67.44645690917969,0.0,0.0,False,,-8.04386575648163,True,1010.0
positive,/mnt/MammoDiffusion/MammoDiffusion/experiments/diffusers/03_sd21_vae_finetuned/generated_images/final/positive/gen_2574.png,gen_2574.png,159.8956,146.0,1.0,0.16688919067382812,0.9798166815241491,0.16275405883789062,185.04879878120238,20.29978209715612,4.164683547085944,23.82257843017578,0.0,0.0,False,,-17.859107515010443,False,
positive,/mnt/MammoDiffusion/MammoDiffusion/experiments/diffusers/03_sd21_vae_finetuned/generated_images/final/positive/gen_2575.png,gen_2575.png,89.8956,76.0,1.0,0.48586273193359375,0.9946060958183502,0.5577812194824219,130.32741299010388,41.271442225706025,6.232876120326221,395.67608642578125,0.0,0.0,False,,-7.63668063420122,True,778.0
positive,/mnt/MammoDiffusion/MammoDiffusion/experiments/diffusers/03_sd21_vae_finetuned/generated_images/final/positive/gen_2576.png,gen_2576.png,125.8956,112.0,1.0,0.343475341796875,0.9885828520657486,0.3357582092285156,153.77759978186032,23.091531504503767,4.682973117852447,26.473739624023438,0.0,0.0,False,,-11.180084031697541,False,
positive,/mnt/MammoDiffusion/MammoDiffusion/experiments/diffusers/03_sd21_vae_finetuned/generated_images/final/positive/gen_2577.png,gen_2577.png,48.8956,35.0,1.0,0.7563514709472656,0.9987441557852053,0.7502937316894531,114.0179932379185,38.75698030671391,6.861079196362668,263.4142761230469,0.0,0.0,False,,-7.208948390409808,True,563.0
positive,/mnt/MammoDiffusion/MammoDiffusion/experiments/diffusers/03_sd21_vae_finetuned/generated_images/final/positive/gen_2578.png,gen_2578.png,95.8956,82.0,1.0,0.6090545654296875,0.9999248402856069,0.6029014587402344,151.8167190772365,26.088258893471544,5.828977476335919,38.25929260253906,0.0,0.0,False,,-8.180443537896275,True,1078.0
positive,/mnt/MammoDiffusion/MammoDiffusion/experiments/diffusers/03_sd21_vae_finetuned/generated_images/final/positive/gen_2579.png,gen_2579.png,20.8956,7.0,1.0,0.36615753173828125,0.998083053778676,0.3618583679199219,101.50360008011891,55.72152515955843,5.332062290979034,418.1331481933594,0.0,0.0,False,,-4.158508827482069,True,2.0
positive,/mnt/MammoDiffusion/MammoDiffusion/experiments/diffusers/03_sd21_vae_finetuned/generated_images/final/positive/gen_2580.png,gen_2580.png,10.0,4.0,0.0,0.9070854187011719,1.0,0.897125244140625,137.16817617443957,20.59682201746896,5.899533944949022,30.850845336914062,0.0,0.0,False,,-10.224970849396534,False,
positive,/mnt/MammoDiffusion/MammoDiffusion/experiments/diffusers/03_sd21_vae_finetuned/generated_images/final/positive/gen_2581.png,gen_2581.png,92.8956,79.0,1.0,0.8347434997558594,0.9933782097859915,0.8223037719726562,146.6030608363255,19.958499368802528,6.173739264657192,67.59574890136719,0.0,0.0,False,,-12.31751303418977,False,
positive,/mnt/MammoDiffusion/MammoDiffusion/experiments/diffusers/03_sd21_vae_finetuned/generated_images/final/positive/gen_2582.png,gen_2582.png,80.8956,67.0,1.0,0.4697113037109375,0.9977503817041874,0.4630393981933594,160.8910308692321,31.52659168992787,5.718830082672021,109.42404174804688,0.0,0.0,False,,-6.587370229148932,True,317.0
positive,/mnt/MammoDiffusion/MammoDiffusion/experiments/diffusers/03_sd21_vae_finetuned/generated_images/final/positive/gen_2583.png,gen_2583.png,95.8956,82.0,1.0,0.42716217041015625,0.9970262015753094,0.4201850891113281,160.20037403880198,28.55176149398152,5.36618651263643,200.884033203125,0.0,0.0,False,,-6.429332945941482,True,255.0
positive,/mnt/MammoDiffusion/MammoDiffusion/experiments/diffusers/03_sd21_vae_finetuned/generated_images/final/positive/gen_2584.png,gen_2584.png,26.0,21.0,0.0,0.7279281616210938,0.9976627432895578,0.7202720642089844,151.65344914334136,21.913788682559726,5.620465856812874,249.40951538085938,0.0,0.0,False,,-8.497745914293574,True,1261.0
positive,/mnt/MammoDiffusion/MammoDiffusion/experiments/diffusers/03_sd21_vae_finetuned/generated_images/final/positive/gen_2585.png,gen_2585.png,25.0,20.0,0.0,0.8489494323730469,1.0,0.8398361206054688,153.4394934547007,21.17946276774824,6.0121206219635575,98.20460510253906,0.0,0.0,False,,-10.322644630708755,False,
positive,/mnt/MammoDiffusion/MammoDiffusion/experiments/diffusers/03_sd21_vae_finetuned/generated_images/final/positive/gen_2586.png,gen_2586.png,105.8956,92.0,1.0,0.3963165283203125,0.9962557271012205,0.3953971862792969,147.539695709641,32.547094545059316,5.436744169051366,142.78085327148438,0.0,0.0,False,,-6.258872521144774,True,208.0
positive,/mnt/MammoDiffusion/MammoDiffusion/experiments/diffusers/03_sd21_vae_finetuned/generated_images/final/positive/gen_2587.png,gen_2587.png,84.8956,71.0,1.0,0.4045524597167969,0.9905894333858238,0.4916954040527344,126.54185189495325,45.41074542773114,6.1664686729104075,295.314453125,0.0,0.0,False,,-9.656054335661338,False,
positive,/mnt/MammoDiffusion/MammoDiffusion/experiments/diffusers/03_sd21_vae_finetuned/generated_images/final/positive/gen_2588.png,gen_2588.png,61.8956,48.0,1.0,0.6095237731933594,0.9987420438970354,0.6279678344726562,111.7422335346074,42.22038423654126,6.297071949330087,383.822021484375,0.0,0.0,False,,-5.6314644507030085,True,73.0
positive,/mnt/MammoDiffusion/MammoDiffusion/experiments/diffusers/03_sd21_vae_finetuned/generated_images/final/positive/gen_2589.png,gen_2589.png,109.8956,96.0,1.0,0.6374740600585938,0.9998863024355216,0.6316070556640625,159.9695419515377,20.008518859520535,5.813555432049293,37.26829528808594,0.0,0.0,False,,-9.01702273873152,False,
positive,/mnt/MammoDiffusion/MammoDiffusion/experiments/diffusers/03_sd21_vae_finetuned/generated_images/final/positive/gen_2590.png,gen_2590.png,220.0,89.0,80.0,0.1030120849609375,0.5690268108428381,0.056255340576171875,253.6212110937818,6.668760982112094,7.155505843078964,629.481201171875,0.0,0.0,True,too_empty,,False,
positive,/mnt/MammoDiffusion/MammoDiffusion/experiments/diffusers/03_sd21_vae_finetuned/generated_images/final/positive/gen_2591.png,gen_2591.png,10.0,0.0,0.0,0.8345756530761719,0.9995612010293492,0.8317832946777344,79.6523226643797,54.199430343474496,6.810549217750731,494.1332702636719,0.0,0.0,False,,-7.938486704415718,True,945.0
positive,/mnt/MammoDiffusion/MammoDiffusion/experiments/diffusers/03_sd21_vae_finetuned/generated_images/final/positive/gen_2592.png,gen_2592.png,117.7912,95.0,2.0,0.3547554016113281,0.9139112014366055,0.3713951110839844,154.94902371634876,36.002149769118944,6.057611140875558,245.13021850585938,0.0,0.0,False,,-52.60943125280101,False,
positive,/mnt/MammoDiffusion/MammoDiffusion/experiments/diffusers/03_sd21_vae_finetuned/generated_images/final/positive/gen_2593.png,gen_2593.png,96.8956,83.0,1.0,0.6780471801757812,0.9987847827799219,0.69830322265625,139.3050705794948,30.58598702214723,6.507069537320211,199.54637145996094,0.0,0.0,False,,-7.960352529191197,True,960.0
positive,/mnt/MammoDiffusion/MammoDiffusion/experiments/diffusers/03_sd21_vae_finetuned/generated_images/final/positive/gen_2594.png,gen_2594.png,112.8956,99.0,1.0,0.4633522033691406,0.996739801588935,0.45656585693359375,163.8678625737346,29.043484895824786,5.429911856389816,179.94430541992188,0.0,0.0,False,,-6.999582822083703,True,467.0
positive,/mnt/MammoDiffusion/MammoDiffusion/experiments/diffusers/03_sd21_vae_finetuned/generated_images/final/positive/gen_2595.png,gen_2595.png,125.8956,112.0,1.0,0.363494873046875,0.9887918730585173,0.35654449462890625,154.9665760811418,22.860141504945837,5.065538590879781,37.40528106689453,0.0,0.0,False,,-11.34001020936647,False,
positive,/mnt/MammoDiffusion/MammoDiffusion/experiments/diffusers/03_sd21_vae_finetuned/generated_images/final/positive/gen_2596.png,gen_2596.png,84.7912,62.0,2.0,0.6088142395019531,0.9952693346366159,0.7141838073730469,126.48724755500243,43.61759689732843,7.0430809000921695,494.0370788574219,0.0,0.0,False,,-9.048535670623815,False,
positive,/mnt/MammoDiffusion/MammoDiffusion/experiments/diffusers/03_sd21_vae_finetuned/generated_images/final/positive/gen_2597.png,gen_2597.png,95.8956,82.0,1.0,0.5614700317382812,0.9973502914679385,0.5543098449707031,168.09164607835714,20.877044742482774,5.143612970513084,187.7276611328125,0.0,0.0,False,,-7.733716115921808,True,824.0
positive,/mnt/MammoDiffusion/MammoDiffusion/experiments/diffusers/03_sd21_vae_finetuned/generated_images/final/positive/gen_2598.png,gen_2598.png,98.8956,85.0,1.0,0.4810523986816406,0.9999841402006264,0.4753532409667969,157.3368001219796,25.150021153403923,5.578152958253192,38.13963317871094,0.0,0.0,False,,-7.341221988521038,True,629.0
positive,/mnt/MammoDiffusion/MammoDiffusion/experiments/diffusers/03_sd21_vae_finetuned/generated_images/final/positive/gen_2599.png,gen_2599.png,220.0,212.0,43.0,0.12621688842773438,0.9771511469761538,0.11676025390625,254.87362780972296,1.3242233366672074,6.314575757922818,194.51123046875,0.0,0.0,True,too_empty,,False,
positive,/mnt/MammoDiffusion/MammoDiffusion/experiments/diffusers/03_sd21_vae_finetuned/generated_images/final/positive/gen_2600.png,gen_2600.png,136.8956,123.0,1.0,0.48194122314453125,0.9372872769871298,0.4745979309082031,156.1123676786188,20.168725390144118,5.980192870939025,84.57923889160156,0.0,0.0,False,,-41.18068081503675,False,
positive,/mnt/MammoDiffusion/MammoDiffusion/experiments/diffusers/03_sd21_vae_finetuned/generated_images/final/positive/gen_2601.png,gen_2601.png,56.8956,43.0,1.0,0.5371894836425781,0.9973938546097528,0.5299911499023438,169.68708883354685,21.88411974254578,5.844207280925933,248.94680786132812,0.0,0.0,False,,-8.138078062742817,True,1058.0
positive,/mnt/MammoDiffusion/MammoDiffusion/experiments/diffusers/03_sd21_vae_finetuned/generated_images/final/positive/gen_2602.png,gen_2602.png,114.8956,101.0,1.0,0.2568168640136719,0.8545370824235402,0.23647308349609375,158.29887078561057,34.47504218956803,5.667326749068687,231.38626098632812,0.0,0.0,False,,-86.32839997052702,False,
positive,/mnt/MammoDiffusion/MammoDiffusion/experiments/diffusers/03_sd21_vae_finetuned/generated_images/final/positive/gen_2603.png,gen_2603.png,84.8956,71.0,1.0,0.7366981506347656,0.9999171503875809,0.7305755615234375,145.23469057415568,18.93627723486294,5.767471319025802,29.042144775390625,0.0,0.0,False,,-9.291735910238705,False,
positive,/mnt/MammoDiffusion/MammoDiffusion/experiments/diffusers/03_sd21_vae_finetuned/generated_images/final/positive/gen_2604.png,gen_2604.png,21.8956,8.0,1.0,0.669952392578125,0.9995160114790689,0.6681251525878906,93.89264323845956,51.935438017441484,6.734637022499007,467.68328857421875,0.0,0.0,False,,-6.800442261455818,True,384.0
positive,/mnt/MammoDiffusion/MammoDiffusion/experiments/diffusers/03_sd21_vae_finetuned/generated_images/final/positive/gen_2605.png,gen_2605.png,118.8956,105.0,1.0,0.5899467468261719,0.9960039055680209,0.5865211486816406,146.55186565465388,21.169476754573576,5.555525384058444,44.0009765625,0.0,0.0,False,,-8.602603367752145,True,1309.0
positive,/mnt/MammoDiffusion/MammoDiffusion/experiments/diffusers/03_sd21_vae_finetuned/generated_images/final/positive/gen_2606.png,gen_2606.png,10.0,0.0,0.0,0.824737548828125,0.9985892691951896,0.8154182434082031,155.62819463222257,18.329975128561276,5.457747818219593,255.21414184570312,0.0,0.0,False,,-8.90316858336469,False,
positive,/mnt/MammoDiffusion/MammoDiffusion/experiments/diffusers/03_sd21_vae_finetuned/generated_images/final/positive/gen_2607.png,gen_2607.png,69.8956,56.0,1.0,0.5665206909179688,1.0,0.560760498046875,155.98817006802722,22.01855779254386,5.760209087738675,58.445289611816406,0.0,0.0,False,,-8.260210979459655,True,1130.0
positive,/mnt/MammoDiffusion/MammoDiffusion/experiments/diffusers/03_sd21_vae_finetuned/generated_images/final/positive/gen_2608.png,gen_2608.png,26.8956,13.0,1.0,0.5443191528320312,1.0,0.5388298034667969,165.9670727994846,25.34982951774324,5.791574499267081,102.21233367919922,0.0,0.0,False,,-8.15899560341427,True,1070.0
positive,/mnt/MammoDiffusion/MammoDiffusion/experiments/diffusers/03_sd21_vae_finetuned/generated_images/final/positive/gen_2609.png,gen_2609.png,30.8956,17.0,1.0,0.4551544189453125,0.9991618894364545,0.451904296875,100.50505638843867,51.79316248567584,5.670030734470305,344.2435302734375,0.0,0.0,False,,-4.440900025645782,True,3.0
positive,/mnt/MammoDiffusion/MammoDiffusion/experiments/diffusers/03_sd21_vae_finetuned/generated_images/final/positive/gen_2610.png,gen_2610.png,88.8956,75.0,1.0,0.5869789123535156,0.9991291519629825,0.5815505981445312,141.12591013447033,19.40382040585974,5.338409160556763,25.884368896484375,0.0,0.0,False,,-7.271912479527911,True,596.0
positive,/mnt/MammoDiffusion/MammoDiffusion/experiments/diffusers/03_sd21_vae_finetuned/generated_images/final/positive/gen_2611.png,gen_2611.png,81.8956,68.0,1.0,0.5596237182617188,0.9972870172185792,0.5520744323730469,163.40433794213774,17.417812259706263,5.531789336184832,192.12391662597656,0.0,0.0,False,,-8.23187602840794,True,1109.0
positive,/mnt/MammoDiffusion/MammoDiffusion/experiments/diffusers/03_sd21_vae_finetuned/generated_images/final/positive/gen_2612.png,gen_2612.png,35.8956,22.0,1.0,0.5732307434082031,0.998755565020064,0.5787544250488281,97.98865651179499,51.48322730192503,6.310820816674957,464.3439025878906,0.0,0.0,False,,-5.45532677397965,True,54.0
positive,/mnt/MammoDiffusion/MammoDiffusion/experiments/diffusers/03_sd21_vae_finetuned/generated_images/final/positive/gen_2613.png,gen_2613.png,220.0,212.0,25.0,0.2792472839355469,0.9801784079887437,0.2669219970703125,236.2112845138055,20.03305604784151,6.8489791362234405,440.2298278808594,0.0,0.0,False,,-20.66983880093371,False,
positive,/mnt/MammoDiffusion/MammoDiffusion/experiments/diffusers/03_sd21_vae_finetuned/generated_images/final/positive/gen_2614.png,gen_2614.png,24.8956,11.0,1.0,0.5907783508300781,0.9891779503967869,0.5820541381835938,95.99258103839247,52.875604438916284,6.322784847489757,492.77825927734375,0.0,0.0,False,,-10.553569471091565,False,
positive,/mnt/MammoDiffusion/MammoDiffusion/experiments/diffusers/03_sd21_vae_finetuned/generated_images/final/positive/gen_2615.png,gen_2615.png,128.8956,115.0,1.0,0.2675209045410156,0.9893339417359438,0.27256011962890625,160.5161511546536,28.68442858292643,4.4688133051954235,55.810699462890625,0.0,0.0,False,,-10.753022110481716,False,
positive,/mnt/MammoDiffusion/MammoDiffusion/experiments/diffusers/03_sd21_vae_finetuned/generated_images/final/positive/gen_2616.png,gen_2616.png,107.0,102.0,0.0,0.3899688720703125,0.996312164964589,0.38355255126953125,158.3906172299246,23.14837164603797,4.21970096549237,109.86430358886719,0.0,0.0,False,,-6.14396966372265,True,175.0
positive,/mnt/MammoDiffusion/MammoDiffusion/experiments/diffusers/03_sd21_vae_finetuned/generated_images/final/positive/gen_2617.png,gen_2617.png,71.8956,58.0,1.0,0.561553955078125,1.0,0.5554580688476562,149.50304924112356,20.724569360904752,5.545124403683559,41.98484802246094,0.0,0.0,False,,-7.926033425475753,True,937.0
positive,/mnt/MammoDiffusion/MammoDiffusion/experiments/diffusers/03_sd21_vae_finetuned/generated_images/final/positive/gen_2618.png,gen_2618.png,90.7912,68.0,2.0,0.8180961608886719,0.9967546244270467,0.8104248046875,141.6471889591806,24.597992513546366,6.418062784131573,55.578819274902344,0.0,0.0,False,,-10.139226357594573,False,
positive,/mnt/MammoDiffusion/MammoDiffusion/experiments/diffusers/03_sd21_vae_finetuned/generated_images/final/positive/gen_2619.png,gen_2619.png,97.8956,84.0,1.0,0.5495414733886719,0.9976190310914278,0.5423507690429688,158.57482380744722,22.08863317105047,5.709907703637847,160.30416870117188,0.0,0.0,False,,-7.71928974871721,True,814.0
positive,/mnt/MammoDiffusion/MammoDiffusion/experiments/diffusers/03_sd21_vae_finetuned/generated_images/final/positive/gen_2620.png,gen_2620.png,92.8956,79.0,1.0,0.4747200012207031,0.9987946482381775,0.46906280517578125,155.87840958995463,28.182135832124914,5.336087843309248,36.59313201904297,0.0,0.0,False,,-6.143096783669491,True,174.0
positive,/mnt/MammoDiffusion/MammoDiffusion/experiments/diffusers/03_sd21_vae_finetuned/generated_images/final/positive/gen_2621.png,gen_2621.png,147.6868,116.0,3.0,0.5406455993652344,0.990538147283157,0.5418052673339844,165.23305475565195,15.725476916832706,6.161919525824622,57.80029296875,0.0,0.0,False,,-12.871528387679035,False,
positive,/mnt/MammoDiffusion/MammoDiffusion/experiments/diffusers/03_sd21_vae_finetuned/generated_images/final/positive/gen_2622.png,gen_2622.png,80.8956,67.0,1.0,0.578369140625,0.9958447657239341,0.5709762573242188,153.1505298039792,26.512022573008913,5.957353751854342,186.99359130859375,0.0,0.0,False,,-8.630316846055493,True,1320.0
positive,/mnt/MammoDiffusion/MammoDiffusion/experiments/diffusers/03_sd21_vae_finetuned/generated_images/final/positive/gen_2623.png,gen_2623.png,119.8956,106.0,1.0,0.7226676940917969,0.9954023109853624,0.7221717834472656,153.11042030922334,21.89714713514214,6.218155105605101,61.22077178955078,0.0,0.0,False,,-10.632014628122247,False,
positive,/mnt/MammoDiffusion/MammoDiffusion/experiments/diffusers/03_sd21_vae_finetuned/generated_images/final/positive/gen_2624.png,gen_2624.png,220.0,151.0,42.0,0.08780288696289062,0.5870443585176174,0.049068450927734375,254.9291767083884,1.1000088336644953,6.281038969189565,166.95269775390625,0.0,0.0,True,too_empty,,False,
positive,/mnt/MammoDiffusion/MammoDiffusion/experiments/diffusers/03_sd21_vae_finetuned/generated_images/final/positive/gen_2625.png,gen_2625.png,58.8956,45.0,1.0,0.4482154846191406,1.0,0.442474365234375,149.26398372301537,25.04320165750738,5.277295073648459,38.56074523925781,0.0,0.0,False,,-6.592259992113678,True,321.0
positive,/mnt/MammoDiffusion/MammoDiffusion/experiments/diffusers/03_sd21_vae_finetuned/generated_images/final/positive/gen_2626.png,gen_2626.png,105.8956,92.0,1.0,0.44585418701171875,0.997955132702476,0.44002532958984375,146.56864325964457,28.241343001933185,5.142412475844163,28.823936462402344,0.0,0.0,False,,-5.644203317966097,True,77.0
positive,/mnt/MammoDiffusion/MammoDiffusion/experiments/diffusers/03_sd21_vae_finetuned/generated_images/final/positive/gen_2627.png,gen_2627.png,116.8956,103.0,1.0,0.3718223571777344,0.96889331185686,0.3753776550292969,152.72874810727316,31.45071126142007,5.462295960203493,113.23939514160156,0.0,0.0,False,,-21.883974040809868,False,
positive,/mnt/MammoDiffusion/MammoDiffusion/experiments/diffusers/03_sd21_vae_finetuned/generated_images/final/positive/gen_2628.png,gen_2628.png,76.8956,63.0,1.0,0.8214988708496094,0.9999953564181266,0.8136711120605469,144.73682014449201,22.060490805400942,6.324535554038416,55.38861083984375,0.0,0.0,False,,-10.176088659357843,False,
positive,/mnt/MammoDiffusion/MammoDiffusion/experiments/diffusers/03_sd21_vae_finetuned/generated_images/final/positive/gen_2629.png,gen_2629.png,109.8956,96.0,1.0,0.5652580261230469,0.9999527598377638,0.5606536865234375,155.52745420896497,23.486280142094767,5.658414729314213,44.24833679199219,0.0,0.0,False,,-8.032736420824452,True,997.0
positive,/mnt/MammoDiffusion/MammoDiffusion/experiments/diffusers/03_sd21_vae_finetuned/generated_images/final/positive/gen_2630.png,gen_2630.png,95.8956,82.0,1.0,0.4610443115234375,0.9967565778586794,0.4550590515136719,148.51927639134553,30.39449409311967,5.506139292388308,127.00187683105469,0.0,0.0,False,,-6.556077045238536,True,306.0
positive,/mnt/MammoDiffusion/MammoDiffusion/experiments/diffusers/03_sd21_vae_finetuned/generated_images/final/positive/gen_2631.png,gen_2631.png,69.8956,56.0,1.0,0.5861968994140625,1.0,0.5802345275878906,155.47212123204366,22.841969062230966,5.820151927968391,54.05641174316406,0.0,0.0,False,,-8.3820843744117,True,1196.0
positive,/mnt/MammoDiffusion/MammoDiffusion/experiments/diffusers/03_sd21_vae_finetuned/generated_images/final/positive/gen_2632.png,gen_2632.png,10.0,0.0,0.0,0.8415908813476562,0.9986855107017559,0.8331832885742188,132.3494144148269,24.043174278777933,5.589498634437149,223.76535034179688,0.0,0.0,False,,-8.130289149175901,True,1050.0
positive,/mnt/MammoDiffusion/MammoDiffusion/experiments/diffusers/03_sd21_vae_finetuned/generated_images/final/positive/gen_2633.png,gen_2633.png,18.8956,5.0,1.0,0.6006240844726562,0.9979167989838044,0.593658447265625,153.97841592556418,22.694390727723512,5.831782386695135,213.4726104736328,0.0,0.0,False,,-7.771316006172742,True,850.0
positive,/mnt/MammoDiffusion/MammoDiffusion/experiments/diffusers/03_sd21_vae_finetuned/generated_images/final/positive/gen_2634.png,gen_2634.png,172.8956,159.0,1.0,0.07925796508789062,0.8473793136641479,0.06625747680664062,197.78093154470608,18.635930688680123,6.204181860032302,302.7727966308594,0.0,0.0,True,too_empty,,False,
positive,/mnt/MammoDiffusion/MammoDiffusion/experiments/diffusers/03_sd21_vae_finetuned/generated_images/final/positive/gen_2635.png,gen_2635.png,103.8956,90.0,1.0,0.6663856506347656,0.9984314982626267,0.659454345703125,162.24145032162525,20.894782604009315,5.693389222363974,192.7486572265625,0.0,0.0,False,,-8.197901527412931,True,1090.0
positive,/mnt/MammoDiffusion/MammoDiffusion/experiments/diffusers/03_sd21_vae_finetuned/generated_images/final/positive/gen_2636.png,gen_2636.png,125.8956,112.0,1.0,0.39263153076171875,0.9916444824436974,0.3920135498046875,157.51571562025612,25.07984400996426,5.125034742892229,43.218650817871094,0.0,0.0,False,,-9.489583155789177,False,
positive,/mnt/MammoDiffusion/MammoDiffusion/experiments/diffusers/03_sd21_vae_finetuned/generated_images/final/positive/gen_2637.png,gen_2637.png,10.0,0.0,0.0,0.8507080078125,0.9991480126273496,0.8419761657714844,155.59372777151037,20.674380783492474,5.518482021985047,274.53131103515625,0.0,0.0,False,,-9.261940483824956,False,
positive,/mnt/MammoDiffusion/MammoDiffusion/experiments/diffusers/03_sd21_vae_finetuned/generated_images/final/positive/gen_2638.png,gen_2638.png,118.8956,105.0,1.0,0.3165283203125,0.982464809101427,0.31412506103515625,160.50777208364704,34.848303603341044,5.393473657962035,240.7040252685547,0.0,0.0,False,,-14.534586378851575,False,
positive,/mnt/MammoDiffusion/MammoDiffusion/experiments/diffusers/03_sd21_vae_finetuned/generated_images/final/positive/gen_2639.png,gen_2639.png,93.8956,80.0,1.0,0.7631149291992188,0.9965907841196525,0.7702827453613281,137.33336634889193,28.399240438222858,6.559315067807586,155.63987731933594,0.0,0.0,False,,-9.575239954399917,False,
positive,/mnt/MammoDiffusion/MammoDiffusion/experiments/diffusers/03_sd21_vae_finetuned/generated_images/final/positive/gen_2640.png,gen_2640.png,137.8956,124.0,1.0,0.2006988525390625,0.9524823234243138,0.19118881225585938,171.4117600111734,32.25646429770619,4.8101974542938315,146.2554931640625,0.0,0.0,False,,-32.068685607108506,False,
positive,/mnt/MammoDiffusion/MammoDiffusion/experiments/diffusers/03_sd21_vae_finetuned/generated_images/final/positive/gen_2641.png,gen_2641.png,123.0,118.0,0.0,0.5913352966308594,0.9816340354159275,0.584686279296875,147.51074560258886,17.1494260154618,5.502386416199821,30.88642120361328,0.0,0.0,False,,-16.845843754848342,False,
positive,/mnt/MammoDiffusion/MammoDiffusion/experiments/diffusers/03_sd21_vae_finetuned/generated_images/final/positive/gen_2642.png,gen_2642.png,20.8956,7.0,1.0,0.784332275390625,0.9994455468658807,0.780426025390625,92.98802936691041,52.42029148442579,7.017132082093816,548.5184936523438,0.0,0.0,False,,-7.7039429748623345,True,809.0
positive,/mnt/MammoDiffusion/MammoDiffusion/experiments/diffusers/03_sd21_vae_finetuned/generated_images/final/positive/gen_2643.png,gen_2643.png,220.0,244.0,5.0,0.38935089111328125,0.9567240804969334,0.3657264709472656,248.30047041398518,12.01593210686108,5.909560934274307,391.9146423339844,0.0,0.0,False,,-33.095628831391295,False,
positive,/mnt/MammoDiffusion/MammoDiffusion/experiments/diffusers/03_sd21_vae_finetuned/generated_images/final/positive/gen_2644.png,gen_2644.png,71.8956,58.0,1.0,0.5921554565429688,1.0,0.5867080688476562,158.37221232493727,25.248044386479442,6.084789887491433,68.28026580810547,0.0,0.0,False,,-8.587679010237212,True,1304.0
positive,/mnt/MammoDiffusion/MammoDiffusion/experiments/diffusers/03_sd21_vae_finetuned/generated_images/final/positive/gen_2645.png,gen_2645.png,74.8956,61.0,1.0,0.6131935119628906,0.9977355438738374,0.6063117980957031,136.1736745081508,29.367650126927426,6.028035727143898,161.12985229492188,0.0,0.0,False,,-7.199920542541807,True,558.0
positive,/mnt/MammoDiffusion/MammoDiffusion/experiments/diffusers/03_sd21_vae_finetuned/generated_images/final/positive/gen_2646.png,gen_2646.png,193.0,167.0,4.0,0.0492095947265625,0.8085271317829458,0.037769317626953125,213.04413695586305,10.998883032006074,6.910785017129452,403.330322265625,0.0,0.0,True,too_empty,,False,
positive,/mnt/MammoDiffusion/MammoDiffusion/experiments/diffusers/03_sd21_vae_finetuned/generated_images/final/positive/gen_2647.png,gen_2647.png,14.8956,1.0,1.0,0.7507362365722656,0.998440048576989,0.7421340942382812,158.59047731641874,18.35779746028479,5.5746319575662735,269.64599609375,0.0,0.0,False,,-8.606528748376192,True,1311.0
positive,/mnt/MammoDiffusion/MammoDiffusion/experiments/diffusers/03_sd21_vae_finetuned/generated_images/final/positive/gen_2648.png,gen_2648.png,111.8956,98.0,1.0,0.3164634704589844,0.9989995057799635,0.31288909912109375,154.19274097193437,30.0208753371965,4.851220494853886,31.91448211669922,0.0,0.0,False,,-5.759893021018815,True,98.0
positive,/mnt/MammoDiffusion/MammoDiffusion/experiments/diffusers/03_sd21_vae_finetuned/generated_images/final/positive/gen_2649.png,gen_2649.png,82.8956,69.0,1.0,0.5235710144042969,0.9976757910689176,0.5167465209960938,151.19857967548094,26.500091748293578,5.669909427943827,105.43977355957031,0.0,0.0,False,,-7.006425976554296,True,471.0
positive,/mnt/MammoDiffusion/MammoDiffusion/experiments/diffusers/03_sd21_vae_finetuned/generated_images/final/positive/gen_2650.png,gen_2650.png,105.0,100.0,0.0,0.6615715026855469,0.9993887918259556,0.6572799682617188,147.47695906025467,24.099519728691888,5.600035783909538,42.24662780761719,0.0,0.0,False,,-8.02682947764915,True,995.0
positive,/mnt/MammoDiffusion/MammoDiffusion/experiments/diffusers/03_sd21_vae_finetuned/generated_images/final/positive/gen_2651.png,gen_2651.png,220.0,250.0,1.0,0.2665061950683594,0.5536836379771839,0.14316558837890625,250.71478816946444,1.1924924197753275,6.636445712549669,330.4969482421875,0.0,0.0,True,low_contrast,,False,
positive,/mnt/MammoDiffusion/MammoDiffusion/experiments/diffusers/03_sd21_vae_finetuned/generated_images/final/positive/gen_2652.png,gen_2652.png,65.7912,43.0,2.0,0.6559333801269531,0.9987321822168201,0.6739921569824219,127.7848519665163,44.32735279195169,7.011249731697027,462.47802734375,0.0,0.0,False,,-7.18206496179346,True,552.0
positive,/mnt/MammoDiffusion/MammoDiffusion/experiments/diffusers/03_sd21_vae_finetuned/generated_images/final/positive/gen_2653.png,gen_2653.png,10.0,0.0,0.0,0.8741416931152344,0.9995199671832111,0.8725814819335938,83.59795752419757,56.09275330854718,7.124674758256907,564.4049072265625,0.0,0.0,False,,-8.426787791159315,True,1222.0
positive,/mnt/MammoDiffusion/MammoDiffusion/experiments/diffusers/03_sd21_vae_finetuned/generated_images/final/positive/gen_2654.png,gen_2654.png,58.8956,45.0,1.0,0.6767845153808594,0.9983090494039399,0.6780242919921875,118.32459210082142,44.18249898478589,6.79414738206804,388.365478515625,0.0,0.0,False,,-6.79232344771055,True,381.0
positive,/mnt/MammoDiffusion/MammoDiffusion/experiments/diffusers/03_sd21_vae_finetuned/generated_images/final/positive/gen_2655.png,gen_2655.png,86.8956,73.0,1.0,0.5442276000976562,1.0,0.5385017395019531,161.5711047355931,26.48193124714773,5.6973773478008765,47.780235290527344,0.0,0.0,False,,-7.91676435641406,True,930.0
positive,/mnt/MammoDiffusion/MammoDiffusion/experiments/diffusers/03_sd21_vae_finetuned/generated_images/final/positive/gen_2656.png,gen_2656.png,10.0,0.0,0.0,0.5672225952148438,0.9993611040122669,0.5626716613769531,93.63195503759296,53.98538261177365,5.6200271008470475,479.92498779296875,0.0,0.0,False,,-5.026830068917481,True,14.0
positive,/mnt/MammoDiffusion/MammoDiffusion/experiments/diffusers/03_sd21_vae_finetuned/generated_images/final/positive/gen_2657.png,gen_2657.png,220.0,225.0,10.0,0.31732940673828125,0.9501719039261414,0.29438018798828125,235.4694959181029,2.638577779132145,6.467367452814476,415.70806884765625,0.0,0.0,True,low_contrast,,False,
positive,/mnt/MammoDiffusion/MammoDiffusion/experiments/diffusers/03_sd21_vae_finetuned/generated_images/final/positive/gen_2658.png,gen_2658.png,106.8956,93.0,1.0,0.570709228515625,0.9972595048393134,0.5729026794433594,148.83018051310734,26.47907250005578,5.99883467105718,239.56637573242188,0.0,0.0,False,,-7.704236480423854,True,810.0
positive,/mnt/MammoDiffusion/MammoDiffusion/experiments/diffusers/03_sd21_vae_finetuned/generated_images/final/positive/gen_2659.png,gen_2659.png,114.8956,101.0,1.0,0.5300140380859375,0.9897293795883115,0.5194282531738281,167.48798149304153,20.975853733438548,5.587295670584725,159.5159149169922,0.0,0.0,False,,-12.17639956192248,False,
positive,/mnt/MammoDiffusion/MammoDiffusion/experiments/diffusers/03_sd21_vae_finetuned/generated_images/final/positive/gen_2660.png,gen_2660.png,125.8956,112.0,1.0,0.59344482421875,0.9772318214542837,0.5887489318847656,150.13554105626,20.156825938464774,5.969470658257905,44.31410217285156,0.0,0.0,False,,-19.62902854137773,False,
positive,/mnt/MammoDiffusion/MammoDiffusion/experiments/diffusers/03_sd21_vae_finetuned/generated_images/final/positive/gen_2661.png,gen_2661.png,104.8956,91.0,1.0,0.4022026062011719,1.0,0.3969879150390625,158.41527654994812,28.481473529465173,5.048036934649229,33.67411804199219,0.0,0.0,False,,-6.177788699122079,True,187.0
positive,/mnt/MammoDiffusion/MammoDiffusion/experiments/diffusers/03_sd21_vae_finetuned/generated_images/final/positive/gen_2662.png,gen_2662.png,10.0,1.0,0.0,0.7904815673828125,0.9991361837660457,0.7869224548339844,88.22258310024384,55.659857953073335,6.99670425591321,703.3173217773438,0.0,0.0,False,,-7.448333709551363,True,675.0
positive,/mnt/MammoDiffusion/MammoDiffusion/experiments/diffusers/03_sd21_vae_finetuned/generated_images/final/positive/gen_2663.png,gen_2663.png,145.0,140.0,0.0,0.08563995361328125,0.7415144766146994,0.062007904052734375,195.05401414949247,24.705254287147135,4.66190323676463,242.28054809570312,0.0,0.0,True,too_empty,,False,
positive,/mnt/MammoDiffusion/MammoDiffusion/experiments/diffusers/03_sd21_vae_finetuned/generated_images/final/positive/gen_2664.png,gen_2664.png,79.8956,66.0,1.0,0.7760543823242188,0.9979207424374994,0.8222923278808594,125.03772053126985,39.14256138141483,6.991022850923269,358.56390380859375,0.0,0.0,False,,-8.228663261857836,True,1103.0
positive,/mnt/MammoDiffusion/MammoDiffusion/experiments/diffusers/03_sd21_vae_finetuned/generated_images/final/positive/gen_2665.png,gen_2665.png,114.0,109.0,0.0,0.4943733215332031,0.9994289991280663,0.4891204833984375,151.2072297613477,23.55252242483232,4.88024321227452,27.51104736328125,0.0,0.0,False,,-6.376779575494964,True,237.0
positive,/mnt/MammoDiffusion/MammoDiffusion/experiments/diffusers/03_sd21_vae_finetuned/generated_images/final/positive/gen_2666.png,gen_2666.png,115.8956,102.0,1.0,0.20147323608398438,0.912392312789927,0.19212722778320312,158.26065720242232,32.955961304907476,5.155990513731514,146.54110717773438,0.0,0.0,False,,-54.21091714506215,False,
positive,/mnt/MammoDiffusion/MammoDiffusion/experiments/diffusers/03_sd21_vae_finetuned/generated_images/final/positive/gen_2667.png,gen_2667.png,90.8956,77.0,1.0,0.5528717041015625,0.9991030276267491,0.5471954345703125,151.96066757759127,22.38653198715036,5.459883827875322,38.19917297363281,0.0,0.0,False,,-7.250698906926092,True,585.0
positive,/mnt/MammoDiffusion/MammoDiffusion/experiments/diffusers/03_sd21_vae_finetuned/generated_images/final/positive/gen_2668.png,gen_2668.png,89.1648,13.0,8.0,0.23807144165039062,0.6654008235991604,0.1761932373046875,147.02015675067116,49.154952176818874,7.214807369567206,410.5926818847656,0.0,0.0,True,fragmented_mask,,False,
positive,/mnt/MammoDiffusion/MammoDiffusion/experiments/diffusers/03_sd21_vae_finetuned/generated_images/final/positive/gen_2669.png,gen_2669.png,220.0,250.0,1.0,0.32628631591796875,0.9872916033390231,0.313018798828125,250.9198108608755,0.9659577788105357,5.889520969129739,478.0606384277344,0.0,0.0,True,low_contrast,,False,
positive,/mnt/MammoDiffusion/MammoDiffusion/experiments/diffusers/03_sd21_vae_finetuned/generated_images/final/positive/gen_2670.png,gen_2670.png,220.0,212.0,18.0,0.3518943786621094,0.9759450171821306,0.335540771484375,230.20771941791725,8.37025456125062,6.70562795748286,391.04974365234375,0.0,0.0,False,,-23.117084263816814,False,
positive,/mnt/MammoDiffusion/MammoDiffusion/experiments/diffusers/03_sd21_vae_finetuned/generated_images/final/positive/gen_2671.png,gen_2671.png,19.8956,6.0,1.0,0.6942024230957031,1.0,0.6887474060058594,143.9373085720932,22.558539436590095,5.884472297997975,132.53074645996094,0.0,0.0,False,,-8.7480953028329,False,
positive,/mnt/MammoDiffusion/MammoDiffusion/experiments/diffusers/03_sd21_vae_finetuned/generated_images/final/positive/gen_2672.png,gen_2672.png,114.8956,101.0,1.0,0.311065673828125,0.9824634553124694,0.3455467224121094,155.16680834152103,39.73483662620969,5.323627127590328,131.57470703125,0.0,0.0,False,,-13.88082992180865,False,
positive,/mnt/MammoDiffusion/MammoDiffusion/experiments/diffusers/03_sd21_vae_finetuned/generated_images/final/positive/gen_2673.png,gen_2673.png,55.8956,42.0,1.0,0.389495849609375,0.9946329232938964,0.380706787109375,160.98791583166332,27.69246973501966,5.372469877614478,429.7840881347656,0.0,0.0,False,,-7.595815334050441,True,756.0
positive,/mnt/MammoDiffusion/MammoDiffusion/experiments/diffusers/03_sd21_vae_finetuned/generated_images/final/positive/gen_2674.png,gen_2674.png,130.8956,117.0,1.0,0.190155029296875,0.9165061787835018,0.18214797973632812,172.8077027791158,35.31308504967414,5.531643803360538,207.63259887695312,0.0,0.0,False,,-52.56695370711886,False,
positive,/mnt/MammoDiffusion/MammoDiffusion/experiments/diffusers/03_sd21_vae_finetuned/generated_images/final/positive/gen_2675.png,gen_2675.png,26.8956,13.0,1.0,0.49512481689453125,0.9976038954034855,0.48813629150390625,157.59695065722636,26.48049753572142,5.5258860514692625,264.496826171875,0.0,0.0,False,,-6.712484780645538,True,354.0
positive,/mnt/MammoDiffusion/MammoDiffusion/experiments/diffusers/03_sd21_vae_finetuned/generated_images/final/positive/gen_2676.png,gen_2676.png,129.8956,116.0,1.0,0.3499717712402344,0.8924604601985983,0.3260231018066406,163.17084186509098,30.946380960690412,6.054708052943487,197.41220092773438,0.0,0.0,False,,-65.48969934806159,False,
positive,/mnt/MammoDiffusion/MammoDiffusion/experiments/diffusers/03_sd21_vae_finetuned/generated_images/final/positive/gen_2677.png,gen_2677.png,133.8956,120.0,1.0,0.3099784851074219,0.9922100936511647,0.3020057678222656,161.5920878121487,21.5529015712701,4.714506629503706,31.437843322753906,0.0,0.0,False,,-9.766062288352055,False,
positive,/mnt/MammoDiffusion/MammoDiffusion/experiments/diffusers/03_sd21_vae_finetuned/generated_images/final/positive/gen_2678.png,gen_2678.png,77.2692,10.0,7.0,0.8519210815429688,0.9982044186525527,0.8472671508789062,154.57020071497394,26.316067709890547,6.701849239840945,420.73663330078125,0.0,0.0,False,,-9.686060769284255,False,
positive,/mnt/MammoDiffusion/MammoDiffusion/experiments/diffusers/03_sd21_vae_finetuned/generated_images/final/positive/gen_2679.png,gen_2679.png,95.0,90.0,0.0,0.2609901428222656,0.9517079088530629,0.23256683349609375,146.3126988813437,40.27100782525139,4.974262812430491,212.64161682128906,0.0,0.0,False,,-30.966771069074554,False,
positive,/mnt/MammoDiffusion/MammoDiffusion/experiments/diffusers/03_sd21_vae_finetuned/generated_images/final/positive/gen_2680.png,gen_2680.png,43.8956,30.0,1.0,0.7033119201660156,0.9992948923083599,0.7283210754394531,101.5807830299856,47.77488081446279,6.821989720323838,313.6349792480469,0.0,0.0,False,,-7.30050154626612,True,610.0
positive,/mnt/MammoDiffusion/MammoDiffusion/experiments/diffusers/03_sd21_vae_finetuned/generated_images/final/positive/gen_2681.png,gen_2681.png,102.8956,89.0,1.0,0.6521568298339844,0.9978006422592551,0.6446342468261719,161.58284956831,22.63739623291664,5.907931487307397,156.11058044433594,0.0,0.0,False,,-8.561589905577135,True,1291.0
positive,/mnt/MammoDiffusion/MammoDiffusion/experiments/diffusers/03_sd21_vae_finetuned/generated_images/final/positive/gen_2682.png,gen_2682.png,113.8956,100.0,1.0,0.5818138122558594,0.9991279774978855,0.5766487121582031,152.18657096550126,22.830721175326584,5.454030973643464,25.95012664794922,0.0,0.0,False,,-7.448014474908861,True,674.0
positive,/mnt/MammoDiffusion/MammoDiffusion/experiments/diffusers/03_sd21_vae_finetuned/generated_images/final/positive/gen_2683.png,gen_2683.png,69.7912,47.0,2.0,0.7837257385253906,0.9993818417222766,0.8025169372558594,127.48151633986929,41.37457363454593,7.22736636314856,466.9534606933594,0.0,0.0,False,,-8.399090069960645,True,1207.0
positive,/mnt/MammoDiffusion/MammoDiffusion/experiments/diffusers/03_sd21_vae_finetuned/generated_images/final/positive/gen_2684.png,gen_2684.png,220.0,238.0,3.0,0.3372383117675781,0.9805214637181154,0.3254127502441406,239.1613152804642,20.791174568225976,6.36402442955613,549.449951171875,0.0,0.0,False,,-19.509205989495335,False,
positive,/mnt/MammoDiffusion/MammoDiffusion/experiments/diffusers/03_sd21_vae_finetuned/generated_images/final/positive/gen_2685.png,gen_2685.png,109.8956,96.0,1.0,0.49340057373046875,0.9999072227118802,0.488037109375,156.2019994372186,27.620114168302862,5.221035423946857,34.76763153076172,0.0,0.0,False,,-6.827240345690441,True,397.0
positive,/mnt/MammoDiffusion/MammoDiffusion/experiments/diffusers/03_sd21_vae_finetuned/generated_images/final/positive/gen_2686.png,gen_2686.png,56.8956,43.0,1.0,0.5036277770996094,0.9980306461752877,0.5156364440917969,117.19159435085928,51.732795375741645,6.332712189946903,463.302734375,0.0,0.0,False,,-5.803474022717686,True,109.0
positive,/mnt/MammoDiffusion/MammoDiffusion/experiments/diffusers/03_sd21_vae_finetuned/generated_images/final/positive/gen_2687.png,gen_2687.png,46.8956,33.0,1.0,0.5154685974121094,0.9974024436271064,0.5084495544433594,172.98362931118564,23.78861695752401,5.561304297946064,183.56063842773438,0.0,0.0,False,,-7.756086742760837,True,841.0
positive,/mnt/MammoDiffusion/MammoDiffusion/experiments/diffusers/03_sd21_vae_finetuned/generated_images/final/positive/gen_2688.png,gen_2688.png,92.8956,79.0,1.0,0.6596908569335938,0.999988434894237,0.6554298400878906,143.9206306710046,20.078484416773694,5.956644451925723,57.590850830078125,0.0,0.0,False,,-8.855034504840484,False,
positive,/mnt/MammoDiffusion/MammoDiffusion/experiments/diffusers/03_sd21_vae_finetuned/generated_images/final/positive/gen_2689.png,gen_2689.png,99.8956,86.0,1.0,0.5558662414550781,0.9991627606936734,0.5501327514648438,156.35457029137254,21.12206900405428,5.738608203884635,23.175209045410156,0.0,0.0,False,,-7.8203370965198715,True,877.0
positive,/mnt/MammoDiffusion/MammoDiffusion/experiments/diffusers/03_sd21_vae_finetuned/generated_images/final/positive/gen_2690.png,gen_2690.png,142.7912,120.0,2.0,0.09180450439453125,0.7684284883237763,0.0690155029296875,196.29139951359716,26.600947751502225,6.503697805585908,390.64373779296875,0.0,0.0,True,too_empty,,False,
positive,/mnt/MammoDiffusion/MammoDiffusion/experiments/diffusers/03_sd21_vae_finetuned/generated_images/final/positive/gen_2691.png,gen_2691.png,70.8956,57.0,1.0,0.5253410339355469,0.9963983589296737,0.6112289428710938,116.97033639143731,47.29859906685401,6.471257413846031,335.4872131347656,0.0,0.0,False,,-7.328439939150469,True,623.0
positive,/mnt/MammoDiffusion/MammoDiffusion/experiments/diffusers/03_sd21_vae_finetuned/generated_images/final/positive/gen_2692.png,gen_2692.png,220.0,237.0,2.0,0.3679389953613281,0.9862834748530372,0.357635498046875,237.70532895298234,16.626008402690616,6.303857041685838,521.1260375976562,0.0,0.0,False,,-16.317874444739225,False,
positive,/mnt/MammoDiffusion/MammoDiffusion/experiments/diffusers/03_sd21_vae_finetuned/generated_images/final/positive/gen_2693.png,gen_2693.png,40.8956,27.0,1.0,0.70855712890625,0.9978357308984409,0.7634658813476562,100.42961356663902,55.85746472888891,7.210940043915993,629.2709350585938,0.0,0.0,False,,-8.022830010970331,True,994.0
positive,/mnt/MammoDiffusion/MammoDiffusion/experiments/diffusers/03_sd21_vae_finetuned/generated_images/final/positive/gen_2694.png,gen_2694.png,102.8956,89.0,1.0,0.5630722045898438,0.9912537430727748,0.5605087280273438,144.50448500687384,27.81236956075125,6.099665780204695,124.22476196289062,0.0,0.0,False,,-10.970381780370385,False,
positive,/mnt/MammoDiffusion/MammoDiffusion/experiments/diffusers/03_sd21_vae_finetuned/generated_images/final/positive/gen_2695.png,gen_2695.png,97.8956,84.0,1.0,0.7731666564941406,0.9999901322768291,0.7670059204101562,151.59692339828712,22.029800153852676,6.209904300824269,53.538124084472656,0.0,0.0,False,,-9.959621942355694,False,
positive,/mnt/MammoDiffusion/MammoDiffusion/experiments/diffusers/03_sd21_vae_finetuned/generated_images/final/positive/gen_2696.png,gen_2696.png,31.8956,18.0,1.0,0.4438819885253906,0.9974475984221518,0.43707275390625,159.1826560536238,28.11432366122903,5.496249506456932,240.5098114013672,0.0,0.0,False,,-6.3883703518180655,True,239.0
positive,/mnt/MammoDiffusion/MammoDiffusion/experiments/diffusers/03_sd21_vae_finetuned/generated_images/final/positive/gen_2697.png,gen_2697.png,118.8956,105.0,1.0,0.45355224609375,0.9981412326739335,0.45127105712890625,159.9205481073222,29.160921022489767,5.606928479456327,42.221343994140625,0.0,0.0,False,,-6.400906516449846,True,244.0
positive,/mnt/MammoDiffusion/MammoDiffusion/experiments/diffusers/03_sd21_vae_finetuned/generated_images/final/positive/gen_2698.png,gen_2698.png,45.0,40.0,0.0,0.7759780883789062,0.997910706033881,0.76678466796875,152.68905715195416,22.826798964935705,5.925300360984007,144.11007690429688,0.0,0.0,False,,-9.070928701799351,False,
positive,/mnt/MammoDiffusion/MammoDiffusion/experiments/diffusers/03_sd21_vae_finetuned/generated_images/final/positive/gen_2699.png,gen_2699.png,102.8956,89.0,1.0,0.46630859375,0.9970058900523561,0.45947265625,151.51139910998938,28.46917150761885,5.641749962762953,71.24854278564453,0.0,0.0,False,,-6.877066808174229,True,420.0
positive,/mnt/MammoDiffusion/MammoDiffusion/experiments/diffusers/03_sd21_vae_finetuned/generated_images/final/positive/gen_2700.png,gen_2700.png,114.8956,101.0,1.0,0.4114189147949219,0.8769876959879834,0.37004852294921875,151.00060820980144,31.427100228080317,6.255315837450896,234.0342559814453,0.0,0.0,False,,-73.53063131070759,False,
positive,/mnt/MammoDiffusion/MammoDiffusion/experiments/diffusers/03_sd21_vae_finetuned/generated_images/final/positive/gen_2701.png,gen_2701.png,161.8956,148.0,1.0,0.13607406616210938,0.5618569706484259,0.07355880737304688,186.41539179588239,13.05767449558455,5.1271960812045645,33.350486755371094,0.0,0.0,True,too_empty,,False,
positive,/mnt/MammoDiffusion/MammoDiffusion/experiments/diffusers/03_sd21_vae_finetuned/generated_images/final/positive/gen_2702.png,gen_2702.png,49.8956,36.0,1.0,0.8551788330078125,0.999058792042109,0.8460197448730469,122.59586795864351,39.536468323149734,7.040696980302926,483.0108337402344,0.0,0.0,False,,-8.142676096727419,True,1062.0
positive,/mnt/MammoDiffusion/MammoDiffusion/experiments/diffusers/03_sd21_vae_finetuned/generated_images/final/positive/gen_2703.png,gen_2703.png,220.0,242.0,6.0,0.339874267578125,0.9549362485408998,0.3177680969238281,246.56837252854106,16.9940421156512,6.29838394623389,493.7426452636719,0.0,0.0,False,,-34.264942863433554,False,
positive,/mnt/MammoDiffusion/MammoDiffusion/experiments/diffusers/03_sd21_vae_finetuned/generated_images/final/positive/gen_2704.png,gen_2704.png,100.8956,87.0,1.0,0.3576164245605469,1.0,0.3526039123535156,152.87796566161435,31.29844070770026,4.606774222867115,24.24028778076172,0.0,0.0,False,,-5.685822814730811,True,85.0
positive,/mnt/MammoDiffusion/MammoDiffusion/experiments/diffusers/03_sd21_vae_finetuned/generated_images/final/positive/gen_2705.png,gen_2705.png,50.8956,37.0,1.0,0.3905067443847656,0.9974210942765876,0.40305328369140625,115.64793957864052,54.69688846504471,5.889474143169573,400.6070251464844,0.0,0.0,False,,-5.185395672291162,True,21.0
positive,/mnt/MammoDiffusion/MammoDiffusion/experiments/diffusers/03_sd21_vae_finetuned/generated_images/final/positive/gen_2706.png,gen_2706.png,220.0,240.0,11.0,0.22757720947265625,0.9490764021589728,0.20693206787109375,251.12918924897687,1.7947158781261752,6.77219793226177,468.5325622558594,0.0,0.0,True,low_contrast,,False,
positive,/mnt/MammoDiffusion/MammoDiffusion/experiments/diffusers/03_sd21_vae_finetuned/generated_images/final/positive/gen_2707.png,gen_2707.png,220.0,199.0,55.0,0.14609909057617188,0.48110916734118386,0.06789016723632812,253.88947575434062,11.014677562577123,6.875949201170874,564.124267578125,0.0,0.0,True,too_empty,,False,
positive,/mnt/MammoDiffusion/MammoDiffusion/experiments/diffusers/03_sd21_vae_finetuned/generated_images/final/positive/gen_2708.png,gen_2708.png,14.8956,1.0,1.0,0.7910690307617188,0.999623867987308,0.7874870300292969,96.2121248819241,48.5412741000974,6.9932860639206655,540.1561279296875,0.0,0.0,False,,-7.661978483364559,True,786.0
positive,/mnt/MammoDiffusion/MammoDiffusion/experiments/diffusers/03_sd21_vae_finetuned/generated_images/final/positive/gen_2709.png,gen_2709.png,220.0,204.0,44.0,0.15673828125,0.5341218847352025,0.08224868774414062,244.52618153146886,32.752286638753056,6.853753460711294,451.96234130859375,0.0,0.0,True,too_empty,,False,
positive,/mnt/MammoDiffusion/MammoDiffusion/experiments/diffusers/03_sd21_vae_finetuned/generated_images/final/positive/gen_2710.png,gen_2710.png,110.8956,97.0,1.0,0.45998382568359375,1.0,0.4540443420410156,162.5643688300777,20.386947216004163,5.282809769738643,30.14788818359375,0.0,0.0,False,,-7.421223815241855,True,660.0
positive,/mnt/MammoDiffusion/MammoDiffusion/experiments/diffusers/03_sd21_vae_finetuned/generated_images/final/positive/gen_2711.png,gen_2711.png,86.8956,73.0,1.0,0.511566162109375,0.9996271550438466,0.5058784484863281,152.0117484711152,22.647504078241756,5.375648354899665,34.514808654785156,0.0,0.0,False,,-7.167784970034489,True,544.0
positive,/mnt/MammoDiffusion/MammoDiffusion/experiments/diffusers/03_sd21_vae_finetuned/generated_images/final/positive/gen_2712.png,gen_2712.png,39.7912,17.0,2.0,0.8147468566894531,0.9994756087854256,0.8111381530761719,115.72440096879629,45.19148721636966,7.308678818989471,436.26776123046875,0.0,0.0,False,,-8.537492648462687,True,1281.0
positive,/mnt/MammoDiffusion/MammoDiffusion/experiments/diffusers/03_sd21_vae_finetuned/generated_images/final/positive/gen_2713.png,gen_2713.png,86.8956,73.0,1.0,0.2641181945800781,0.9876799976890969,0.284393310546875,139.18738598562078,50.06653988285026,5.256805748287054,256.7703857421875,0.0,0.0,False,,-11.333671178832223,False,
positive,/mnt/MammoDiffusion/MammoDiffusion/experiments/diffusers/03_sd21_vae_finetuned/generated_images/final/positive/gen_2714.png,gen_2714.png,126.8956,113.0,1.0,0.3495368957519531,0.9422671861528555,0.33797454833984375,156.41654439152126,27.36731511211626,5.547194540662189,91.58983612060547,0.0,0.0,False,,-37.43127919108841,False,
positive,/mnt/MammoDiffusion/MammoDiffusion/experiments/diffusers/03_sd21_vae_finetuned/generated_images/final/positive/gen_2715.png,gen_2715.png,133.7912,111.0,2.0,0.3290252685546875,0.8679566850623753,0.3196144104003906,159.63689204511547,28.01325574907225,6.226435076000404,287.8161315917969,0.0,0.0,False,,-79.29527080791048,False,
positive,/mnt/MammoDiffusion/MammoDiffusion/experiments/diffusers/03_sd21_vae_finetuned/generated_images/final/positive/gen_2716.png,gen_2716.png,119.0,114.0,0.0,0.5170783996582031,0.9967982058148713,0.5100135803222656,177.4960395521216,22.437627750616677,4.999358254089226,187.816162109375,0.0,0.0,False,,-7.776461405431094,True,854.0
positive,/mnt/MammoDiffusion/MammoDiffusion/experiments/diffusers/03_sd21_vae_finetuned/generated_images/final/positive/gen_2717.png,gen_2717.png,199.0,193.0,3.0,0.03488922119140625,0.3230920621036519,0.01273345947265625,207.69472738166567,7.322288978068642,6.618433533033912,207.89613342285156,0.0,0.0,True,too_empty,,False,
positive,/mnt/MammoDiffusion/MammoDiffusion/experiments/diffusers/03_sd21_vae_finetuned/generated_images/final/positive/gen_2718.png,gen_2718.png,74.8956,61.0,1.0,0.5946159362792969,1.0,0.5891189575195312,143.46007355893133,26.051984240356077,5.849729075653995,47.35955047607422,0.0,0.0,False,,-7.885714479523495,True,912.0
positive,/mnt/MammoDiffusion/MammoDiffusion/experiments/diffusers/03_sd21_vae_finetuned/generated_images/final/positive/gen_2719.png,gen_2719.png,68.5824,28.0,4.0,0.9234771728515625,0.9983972505411345,0.913909912109375,130.2372190870538,28.472065811820997,6.822412905483435,88.84120178222656,0.0,0.0,False,,-9.660261858386768,False,
positive,/mnt/MammoDiffusion/MammoDiffusion/experiments/diffusers/03_sd21_vae_finetuned/generated_images/final/positive/gen_2720.png,gen_2720.png,64.8956,51.0,1.0,0.7883796691894531,1.0,0.7817153930664062,145.96832941314256,21.625006126863397,6.04011505126834,45.653594970703125,0.0,0.0,False,,-9.763314697642985,False,
positive,/mnt/MammoDiffusion/MammoDiffusion/experiments/diffusers/03_sd21_vae_finetuned/generated_images/final/positive/gen_2721.png,gen_2721.png,97.8956,84.0,1.0,0.3509635925292969,0.9989022097105529,0.3457374572753906,149.24582657530922,25.256639097427446,4.502096200455684,19.696823120117188,0.0,0.0,False,,-5.34068714730141,True,40.0
