class,source_path,source_name,adaptive_threshold,background_median,background_mad,raw_nonblack_ratio,largest_component_frac,nonblack_ratio,mean_nonblack,std_nonblack,entropy,lap_var,top_border,bottom_border,rejected,reject_reason,selection_score,selected,selection_rank
negative,/mnt/MammoDiffusion/MammoDiffusion/experiments/diffusers/04_sd21_lora/generated_images/final/negative/eval_neg_0000.png,eval_neg_0000.png,68.5824,28.0,4.0,0.4427337646484375,0.9962347061864553,0.4550056457519531,138.55065100564232,49.44076308474974,6.948549638109603,1805.6419677734375,0.0,0.0,False,,-7.063727927881311,True,153.0
negative,/mnt/MammoDiffusion/MammoDiffusion/experiments/diffusers/04_sd21_lora/generated_images/final/negative/eval_neg_0001.png,eval_neg_0001.png,10.0,3.0,0.0,0.8064155578613281,0.9972421557543389,0.7991104125976562,117.17013394945627,54.440860205700396,7.14585174638399,1349.5848388671875,0.0,0.0,False,,-8.459582912730069,True,346.0
negative,/mnt/MammoDiffusion/MammoDiffusion/experiments/diffusers/04_sd21_lora/generated_images/final/negative/eval_neg_0002.png,eval_neg_0002.png,53.8956,40.0,1.0,0.7244873046875,0.9638426705981465,0.7099723815917969,119.68668296483357,53.28618299971827,6.989629973824183,829.7565307617188,0.0,0.0,False,,-19.690627986253364,True,996.0
negative,/mnt/MammoDiffusion/MammoDiffusion/experiments/diffusers/04_sd21_lora/generated_images/final/negative/eval_neg_0003.png,eval_neg_0003.png,52.5824,12.0,4.0,0.44098663330078125,0.9958651234407709,0.4431190490722656,139.5764327097735,50.471797166611694,6.950417194608129,1586.9417724609375,0.0,0.0,False,,-6.908409080650792,True,136.0
negative,/mnt/MammoDiffusion/MammoDiffusion/experiments/diffusers/04_sd21_lora/generated_images/final/negative/eval_neg_0004.png,eval_neg_0004.png,192.8956,179.0,1.0,0.05435943603515625,0.628,0.0371551513671875,209.5729979466119,14.690877396942213,6.980712123361943,1045.8289794921875,0.0,0.0,True,too_empty,,False,
negative,/mnt/MammoDiffusion/MammoDiffusion/experiments/diffusers/04_sd21_lora/generated_images/final/negative/eval_neg_0005.png,eval_neg_0005.png,81.0,76.0,0.0,0.3591423034667969,0.9704929525104358,0.3580513000488281,139.35124279519715,43.3022358092553,4.781398571086663,541.1820068359375,0.0,0.0,False,,-13.125423834049958,True,744.0
negative,/mnt/MammoDiffusion/MammoDiffusion/experiments/diffusers/04_sd21_lora/generated_images/final/negative/eval_neg_0006.png,eval_neg_0006.png,155.5824,115.0,4.0,0.05716705322265625,0.9040437741892433,0.048274993896484375,182.30478071908337,20.17563626646595,5.228375026944166,989.7858276367188,0.0,0.0,True,too_empty,,False,
negative,/mnt/MammoDiffusion/MammoDiffusion/experiments/diffusers/04_sd21_lora/generated_images/final/negative/eval_neg_0007.png,eval_neg_0007.png,85.47800000000001,36.0,5.0,0.6145706176757812,0.9978151030998225,0.6166877746582031,149.3653942509325,37.852255757328,7.3006243975446665,1177.0323486328125,0.0,0.0,False,,-6.73165757824015,True,122.0
negative,/mnt/MammoDiffusion/MammoDiffusion/experiments/diffusers/04_sd21_lora/generated_images/final/negative/eval_neg_0008.png,eval_neg_0008.png,71.5824,31.0,4.0,0.32061767578125,0.9576551494384161,0.375579833984375,131.6518851060372,64.11802189081342,6.888046745435956,1929.8028564453125,0.0,0.0,False,,-22.08789445581617,True,1080.0
negative,/mnt/MammoDiffusion/MammoDiffusion/experiments/diffusers/04_sd21_lora/generated_images/final/negative/eval_neg_0009.png,eval_neg_0009.png,101.5824,61.0,4.0,0.2765960693359375,0.8972113421967232,0.23803329467773438,154.4822192663344,47.484885388198954,6.639850350376332,1341.4476318359375,0.0,0.0,False,,-44.46681908825625,False,
negative,/mnt/MammoDiffusion/MammoDiffusion/experiments/diffusers/04_sd21_lora/generated_images/final/negative/eval_neg_0010.png,eval_neg_0010.png,119.0,108.0,3.0,0.049152374267578125,0.8931315483119907,0.038249969482421875,191.65652737608457,28.1430209471662,4.498480134465676,444.46337890625,0.0,0.0,True,too_empty,,False,
negative,/mnt/MammoDiffusion/MammoDiffusion/experiments/diffusers/04_sd21_lora/generated_images/final/negative/eval_neg_0011.png,eval_neg_0011.png,85.7912,63.0,2.0,0.3143310546875,0.9301941747572815,0.36104583740234375,131.81687551507724,52.10605405315199,5.98807945523292,801.5494995117188,0.0,0.0,False,,-29.702621497266698,True,1280.0
negative,/mnt/MammoDiffusion/MammoDiffusion/experiments/diffusers/04_sd21_lora/generated_images/final/negative/eval_neg_0012.png,eval_neg_0012.png,18.0,13.0,0.0,0.6695671081542969,0.9955276516467927,0.6780815124511719,94.23799611825265,64.61993116942688,6.633756791734521,1538.9263916015625,0.0,0.0,False,,-8.255348865358595,True,314.0
negative,/mnt/MammoDiffusion/MammoDiffusion/experiments/diffusers/04_sd21_lora/generated_images/final/negative/eval_neg_0013.png,eval_neg_0013.png,114.5824,74.0,4.0,0.24632644653320312,0.43891409722329766,0.10572052001953125,188.20650212888793,29.81386967519667,6.678388449289538,862.8477172851562,0.0,0.0,True,too_empty,,False,
negative,/mnt/MammoDiffusion/MammoDiffusion/experiments/diffusers/04_sd21_lora/generated_images/final/negative/eval_neg_0014.png,eval_neg_0014.png,51.7912,29.0,2.0,0.4112052917480469,0.9768449371492184,0.4362297058105469,121.39494556425167,61.24285398594523,6.403023957616706,1496.6494140625,0.0,0.0,False,,-13.75560101194862,True,771.0
negative,/mnt/MammoDiffusion/MammoDiffusion/experiments/diffusers/04_sd21_lora/generated_images/final/negative/eval_neg_0015.png,eval_neg_0015.png,139.6868,108.0,3.0,0.19036865234375,0.8516151009939084,0.17786788940429688,173.2187573723379,29.508280183914543,6.019259237273491,821.1759033203125,0.0,0.0,False,,-61.3640178574023,False,
negative,/mnt/MammoDiffusion/MammoDiffusion/experiments/diffusers/04_sd21_lora/generated_images/final/negative/eval_neg_0016.png,eval_neg_0016.png,95.6868,64.0,3.0,0.1801300048828125,0.8789495976281236,0.2104034423828125,140.293440423526,59.32980725742706,6.004672654294682,1368.278076171875,0.0,0.0,False,,-51.46845366879902,False,
negative,/mnt/MammoDiffusion/MammoDiffusion/experiments/diffusers/04_sd21_lora/generated_images/final/negative/eval_neg_0017.png,eval_neg_0017.png,73.8956,60.0,1.0,0.3786735534667969,0.9522298447621063,0.4272918701171875,128.83868692640075,57.13962652628071,5.897917995547545,1139.2176513671875,0.0,0.0,False,,-22.04319911694915,True,1079.0
negative,/mnt/MammoDiffusion/MammoDiffusion/experiments/diffusers/04_sd21_lora/generated_images/final/negative/eval_neg_0018.png,eval_neg_0018.png,61.6868,30.0,3.0,0.6671104431152344,0.9951166234939587,0.6595001220703125,157.81364383054535,37.336144720681425,7.165062367263467,920.4281616210938,0.0,0.0,False,,-7.765453236828531,True,234.0
negative,/mnt/MammoDiffusion/MammoDiffusion/experiments/diffusers/04_sd21_lora/generated_images/final/negative/eval_neg_0019.png,eval_neg_0019.png,143.8956,130.0,1.0,0.16084671020507812,0.5455472548322068,0.08707809448242188,176.4393043325886,19.325037521946435,5.793416087980408,423.0282287597656,0.0,0.0,True,too_empty,,False,
negative,/mnt/MammoDiffusion/MammoDiffusion/experiments/diffusers/04_sd21_lora/generated_images/final/negative/eval_neg_0020.png,eval_neg_0020.png,215.0,197.0,13.0,0.04692840576171875,0.12355714517964558,0.005344390869140625,157.51534618129907,106.94201808465145,6.906233712138588,1847.013671875,0.0,0.0,True,too_empty,,False,
negative,/mnt/MammoDiffusion/MammoDiffusion/experiments/diffusers/04_sd21_lora/generated_images/final/negative/eval_neg_0021.png,eval_neg_0021.png,220.0,204.0,34.0,0.4014739990234375,0.9569856713921934,0.38401031494140625,238.7903065583216,16.333973385521166,6.963475909334279,2280.01123046875,0.0,0.0,False,,-24.587585290083886,True,1156.0
negative,/mnt/MammoDiffusion/MammoDiffusion/experiments/diffusers/04_sd21_lora/generated_images/final/negative/eval_neg_0022.png,eval_neg_0022.png,196.0,186.0,3.0,0.048221588134765625,0.6207578514358041,0.029541015625,208.08509814049586,10.651716049261145,6.525090345145777,887.1919555664062,0.0,0.0,True,too_empty,,False,
negative,/mnt/MammoDiffusion/MammoDiffusion/experiments/diffusers/04_sd21_lora/generated_images/final/negative/eval_neg_0023.png,eval_neg_0023.png,166.7912,144.0,2.0,0.07497787475585938,0.5982701602645637,0.0446929931640625,203.66865824513485,20.873694960070473,6.141642208316444,880.1383056640625,0.0,0.0,True,too_empty,,False,
negative,/mnt/MammoDiffusion/MammoDiffusion/experiments/diffusers/04_sd21_lora/generated_images/final/negative/eval_neg_0024.png,eval_neg_0024.png,125.6868,94.0,3.0,0.1710357666015625,0.9178561869925952,0.155120849609375,177.8319397993311,34.361541854830534,5.836779951038922,922.5048828125,0.0,0.0,False,,-36.182788153903765,False,
negative,/mnt/MammoDiffusion/MammoDiffusion/experiments/diffusers/04_sd21_lora/generated_images/final/negative/eval_neg_0025.png,eval_neg_0025.png,109.6868,78.0,3.0,0.24898147583007812,0.8939312690557539,0.2751350402832031,159.1456637781629,52.949825719847006,6.250592577010716,1139.4893798828125,0.0,0.0,False,,-45.23921212828528,False,
negative,/mnt/MammoDiffusion/MammoDiffusion/experiments/diffusers/04_sd21_lora/generated_images/final/negative/eval_neg_0026.png,eval_neg_0026.png,69.47800000000001,20.0,5.0,0.5797080993652344,0.9929589976771273,0.6146392822265625,135.1836535835754,51.2249930820479,7.427844712240663,1778.2601318359375,0.0,0.0,False,,-9.790773116677327,True,512.0
negative,/mnt/MammoDiffusion/MammoDiffusion/experiments/diffusers/04_sd21_lora/generated_images/final/negative/eval_neg_0027.png,eval_neg_0027.png,83.47800000000001,34.0,5.0,0.5681877136230469,0.9975494639032676,0.5686912536621094,157.64104937650507,39.27371188195896,7.2878237708714995,1162.068359375,0.0,0.0,False,,-6.55375656730088,True,105.0
negative,/mnt/MammoDiffusion/MammoDiffusion/experiments/diffusers/04_sd21_lora/generated_images/final/negative/eval_neg_0028.png,eval_neg_0028.png,51.7912,29.0,2.0,0.4559898376464844,0.9922031204249802,0.5070762634277344,115.62681020409698,63.07747534950924,6.742263048779524,1764.0250244140625,0.0,0.0,False,,-9.045905728212219,True,422.0
negative,/mnt/MammoDiffusion/MammoDiffusion/experiments/diffusers/04_sd21_lora/generated_images/final/negative/eval_neg_0029.png,eval_neg_0029.png,150.5824,110.0,4.0,0.10007476806640625,0.9801402759777388,0.09906768798828125,183.01775125144397,23.048545657757654,5.462970141758719,1021.0232543945312,0.0,0.0,True,too_empty,,False,
negative,/mnt/MammoDiffusion/MammoDiffusion/experiments/diffusers/04_sd21_lora/generated_images/final/negative/eval_neg_0030.png,eval_neg_0030.png,220.0,196.0,56.0,0.13389968872070312,0.7867297227999203,0.09289932250976562,252.93105572208762,15.35834736956601,7.304654386848723,1396.7054443359375,0.0,0.0,True,too_empty,,False,
negative,/mnt/MammoDiffusion/MammoDiffusion/experiments/diffusers/04_sd21_lora/generated_images/final/negative/eval_neg_0031.png,eval_neg_0031.png,130.6868,99.0,3.0,0.17995452880859375,0.9248526730826303,0.19231033325195312,169.38698351615653,40.84636570598186,5.844800576065567,954.8211059570312,0.0,0.0,False,,-33.0055705322696,False,
negative,/mnt/MammoDiffusion/MammoDiffusion/experiments/diffusers/04_sd21_lora/generated_images/final/negative/eval_neg_0032.png,eval_neg_0032.png,65.6868,34.0,3.0,0.5387649536132812,0.9938116884036422,0.5972251892089844,126.26092399670412,55.743669347067666,7.167547193338313,1421.24072265625,0.0,0.0,False,,-8.741507527010128,True,380.0
negative,/mnt/MammoDiffusion/MammoDiffusion/experiments/diffusers/04_sd21_lora/generated_images/final/negative/eval_neg_0033.png,eval_neg_0033.png,176.7912,154.0,2.0,0.06285476684570312,0.6029010135340171,0.037097930908203125,194.9254498714653,12.943503700184515,6.520119788247179,722.5527954101562,0.0,0.0,True,too_empty,,False,
negative,/mnt/MammoDiffusion/MammoDiffusion/experiments/diffusers/04_sd21_lora/generated_images/final/negative/eval_neg_0034.png,eval_neg_0034.png,66.8956,53.0,1.0,0.4549102783203125,0.9783064434978029,0.46590423583984375,136.88275173170453,55.4265584939538,6.289480901453974,790.9449462890625,0.0,0.0,False,,-12.327594041819077,True,705.0
negative,/mnt/MammoDiffusion/MammoDiffusion/experiments/diffusers/04_sd21_lora/generated_images/final/negative/eval_neg_0035.png,eval_neg_0035.png,133.6868,102.0,3.0,0.20874404907226562,0.6296485809835347,0.087615966796875,192.60357889237198,29.76662359523073,6.478501501252042,634.4911499023438,0.0,0.0,True,too_empty,,False,
negative,/mnt/MammoDiffusion/MammoDiffusion/experiments/diffusers/04_sd21_lora/generated_images/final/negative/eval_neg_0036.png,eval_neg_0036.png,119.6868,88.0,3.0,0.3180274963378906,0.7329702887164293,0.24698257446289062,165.6811800139007,38.87149482806527,6.943750810252501,1162.977294921875,0.0,0.0,True,fragmented_mask,,False,
negative,/mnt/MammoDiffusion/MammoDiffusion/experiments/diffusers/04_sd21_lora/generated_images/final/negative/eval_neg_0037.png,eval_neg_0037.png,141.478,92.0,5.0,0.17105865478515625,0.47462200615494404,0.08080291748046875,196.89675195921066,27.99947495067865,6.310842273719775,945.3090209960938,0.0,0.0,True,too_empty,,False,
negative,/mnt/MammoDiffusion/MammoDiffusion/experiments/diffusers/04_sd21_lora/generated_images/final/negative/eval_neg_0038.png,eval_neg_0038.png,53.6868,22.0,3.0,0.3729438781738281,0.9960210709354064,0.3715667724609375,138.9667056794382,49.41091783759449,6.451090074875937,1221.0771484375,0.0,0.0,False,,-5.583594822501166,True,35.0
negative,/mnt/MammoDiffusion/MammoDiffusion/experiments/diffusers/04_sd21_lora/generated_images/final/negative/eval_neg_0039.png,eval_neg_0039.png,37.6868,6.0,3.0,0.5487251281738281,0.9946817755222636,0.5658645629882812,111.86620420930578,54.82703135935938,7.02897918055723,1806.691650390625,0.0,0.0,False,,-8.291727470897747,True,320.0
negative,/mnt/MammoDiffusion/MammoDiffusion/experiments/diffusers/04_sd21_lora/generated_images/final/negative/eval_neg_0040.png,eval_neg_0040.png,133.5824,93.0,4.0,0.14286041259765625,0.5,0.07094955444335938,185.147158449379,30.273185101439758,5.907860382336899,982.5530395507812,0.0,0.0,True,too_empty,,False,
negative,/mnt/MammoDiffusion/MammoDiffusion/experiments/diffusers/04_sd21_lora/generated_images/final/negative/eval_neg_0041.png,eval_neg_0041.png,148.478,99.0,5.0,0.06243896484375,0.9491080156402737,0.05678558349609375,188.897554749429,26.412615882893906,5.415807964212718,1146.7030029296875,0.0,0.0,True,too_empty,,False,
negative,/mnt/MammoDiffusion/MammoDiffusion/experiments/diffusers/04_sd21_lora/generated_images/final/negative/eval_neg_0042.png,eval_neg_0042.png,62.8956,49.0,1.0,0.4182281494140625,0.9919187128315516,0.4244194030761719,127.36668494234175,50.67737775865197,5.802583615997257,577.4437255859375,0.0,0.0,False,,-6.069870886960599,True,67.0
negative,/mnt/MammoDiffusion/MammoDiffusion/experiments/diffusers/04_sd21_lora/generated_images/final/negative/eval_neg_0043.png,eval_neg_0043.png,144.7912,122.0,2.0,0.09756088256835938,0.9934701857282503,0.09320831298828125,178.90414995498077,19.633274796051253,4.179604006127139,211.41204833984375,0.0,0.0,True,too_empty,,False,
negative,/mnt/MammoDiffusion/MammoDiffusion/experiments/diffusers/04_sd21_lora/generated_images/final/negative/eval_neg_0044.png,eval_neg_0044.png,139.6868,108.0,3.0,0.059627532958984375,0.8922653700978824,0.0491180419921875,192.3550792171482,22.84463812993335,4.805643626608096,641.7955322265625,0.0,0.0,True,too_empty,,False,
negative,/mnt/MammoDiffusion/MammoDiffusion/experiments/diffusers/04_sd21_lora/generated_images/final/negative/eval_neg_0045.png,eval_neg_0045.png,99.7912,77.0,2.0,0.19934844970703125,0.4041677829231888,0.08991622924804688,156.59000466675153,50.50236862752427,5.814176324213543,992.9478759765625,0.0,0.0,True,too_empty,,False,
negative,/mnt/MammoDiffusion/MammoDiffusion/experiments/diffusers/04_sd21_lora/generated_images/final/negative/eval_neg_0046.png,eval_neg_0046.png,139.0,134.0,2.0,0.03917694091796875,0.5397273612463486,0.01840972900390625,179.1512639867385,26.338473846774487,3.7075052435002975,162.56591796875,0.0,0.0,True,too_empty,,False,
negative,/mnt/MammoDiffusion/MammoDiffusion/experiments/diffusers/04_sd21_lora/generated_images/final/negative/eval_neg_0047.png,eval_neg_0047.png,82.8956,69.0,1.0,0.3685569763183594,0.9831910158878021,0.3899078369140625,132.40519704144327,46.785843169855006,5.2021651421572095,530.9134521484375,0.0,0.0,False,,-8.581179909090874,True,366.0
negative,/mnt/MammoDiffusion/MammoDiffusion/experiments/diffusers/04_sd21_lora/generated_images/final/negative/eval_neg_0048.png,eval_neg_0048.png,49.7912,27.0,2.0,0.6441841125488281,0.9954639395034021,0.6828384399414062,114.56942380532061,53.95081726663138,7.2625716493709875,1398.5106201171875,0.0,0.0,False,,-8.44093316260114,True,341.0
negative,/mnt/MammoDiffusion/MammoDiffusion/experiments/diffusers/04_sd21_lora/generated_images/final/negative/eval_neg_0049.png,eval_neg_0049.png,136.0,130.0,2.0,0.044109344482421875,0.3643518118135432,0.0093841552734375,199.2642276422764,27.566447822337846,3.6552955883668505,186.9652862548828,0.0,0.0,True,too_empty,,False,
negative,/mnt/MammoDiffusion/MammoDiffusion/experiments/diffusers/04_sd21_lora/generated_images/final/negative/eval_neg_0050.png,eval_neg_0050.png,131.7912,109.0,2.0,0.23188018798828125,0.9377817260553417,0.2710113525390625,166.549194865154,43.90069253336304,5.744479485122015,621.8998413085938,0.0,0.0,False,,-27.34370698745197,True,1219.0
negative,/mnt/MammoDiffusion/MammoDiffusion/experiments/diffusers/04_sd21_lora/generated_images/final/negative/eval_neg_0051.png,eval_neg_0051.png,98.7912,76.0,2.0,0.18033218383789062,0.9549002601908065,0.180084228515625,150.19814438230807,39.56455241469465,5.22455084276743,695.3047485351562,0.0,0.0,False,,-20.4107640064177,True,1028.0
negative,/mnt/MammoDiffusion/MammoDiffusion/experiments/diffusers/04_sd21_lora/generated_images/final/negative/eval_neg_0052.png,eval_neg_0052.png,111.7912,89.0,2.0,0.2633781433105469,0.9230769230769231,0.2923126220703125,159.13617737641593,48.852999880142505,5.903724831521327,873.0408935546875,0.0,0.0,False,,-33.196030329020445,False,
negative,/mnt/MammoDiffusion/MammoDiffusion/experiments/diffusers/04_sd21_lora/generated_images/final/negative/eval_neg_0053.png,eval_neg_0053.png,124.6868,93.0,3.0,0.14936447143554688,0.8956710509513472,0.13604736328125,168.61860699865412,38.947666329965784,5.802289395869195,1056.35205078125,0.0,0.0,False,,-44.46943050806273,False,
negative,/mnt/MammoDiffusion/MammoDiffusion/experiments/diffusers/04_sd21_lora/generated_images/final/negative/eval_neg_0054.png,eval_neg_0054.png,69.6868,38.0,3.0,0.4429664611816406,0.98433530541418,0.4623374938964844,135.94186420680037,53.27903684923602,6.743918454909119,1428.5833740234375,0.0,0.0,False,,-11.115167462229778,True,627.0
negative,/mnt/MammoDiffusion/MammoDiffusion/experiments/diffusers/04_sd21_lora/generated_images/final/negative/eval_neg_0055.png,eval_neg_0055.png,79.8956,66.0,1.0,0.2977104187011719,0.990146457722025,0.3224372863769531,135.33689440993788,52.60136340494369,5.555492901306243,929.8858032226562,0.0,0.0,False,,-7.107410616946957,True,156.0
negative,/mnt/MammoDiffusion/MammoDiffusion/experiments/diffusers/04_sd21_lora/generated_images/final/negative/eval_neg_0056.png,eval_neg_0056.png,46.7912,24.0,2.0,0.3222465515136719,0.9915596330275229,0.3465003967285156,126.1052921295124,66.39217531212415,6.151564742229914,1740.34716796875,0.0,0.0,False,,-8.569148775730682,True,364.0
negative,/mnt/MammoDiffusion/MammoDiffusion/experiments/diffusers/04_sd21_lora/generated_images/final/negative/eval_neg_0057.png,eval_neg_0057.png,15.8956,2.0,1.0,0.709014892578125,0.9975788748762536,0.7278938293457031,101.41847253593832,67.39954470347841,6.932398360297193,1875.405029296875,0.0,0.0,False,,-8.788724285211376,True,389.0
negative,/mnt/MammoDiffusion/MammoDiffusion/experiments/diffusers/04_sd21_lora/generated_images/final/negative/eval_neg_0058.png,eval_neg_0058.png,115.6868,84.0,3.0,0.21584701538085938,0.7811886962515243,0.18745803833007812,168.04552206914795,43.60579314035683,6.0784890067485655,1197.982177734375,0.0,0.0,False,,-88.19648922968572,False,
negative,/mnt/MammoDiffusion/MammoDiffusion/experiments/diffusers/04_sd21_lora/generated_images/final/negative/eval_neg_0059.png,eval_neg_0059.png,169.2692,102.0,7.0,0.08808517456054688,0.601576371746568,0.05088043212890625,202.24029089818563,17.932043099322176,6.537421793947623,625.428955078125,0.0,0.0,True,too_empty,,False,
negative,/mnt/MammoDiffusion/MammoDiffusion/experiments/diffusers/04_sd21_lora/generated_images/final/negative/eval_neg_0060.png,eval_neg_0060.png,123.6868,92.0,3.0,0.06945037841796875,0.9744589695704713,0.06528854370117188,169.2009348524686,27.957998196642134,4.764112455479668,623.0362548828125,0.0,0.0,True,too_empty,,False,
negative,/mnt/MammoDiffusion/MammoDiffusion/experiments/diffusers/04_sd21_lora/generated_images/final/negative/eval_neg_0061.png,eval_neg_0061.png,103.3736,45.0,6.0,0.3457069396972656,0.967591724137931,0.38893890380859375,157.2708664351988,50.82346353959717,7.208412395962886,2303.5400390625,0.0,0.0,False,,-18.7706214580521,True,965.0
negative,/mnt/MammoDiffusion/MammoDiffusion/experiments/diffusers/04_sd21_lora/generated_images/final/negative/eval_neg_0062.png,eval_neg_0062.png,82.8956,69.0,1.0,0.19488143920898438,0.9758451269403174,0.21307754516601562,135.77449558694522,55.590139355614944,4.9500388872090335,931.2116088867188,0.0,0.0,False,,-12.93005974876163,True,736.0
negative,/mnt/MammoDiffusion/MammoDiffusion/experiments/diffusers/04_sd21_lora/generated_images/final/negative/eval_neg_0063.png,eval_neg_0063.png,87.6868,56.0,3.0,0.26126861572265625,0.930457001022047,0.30741119384765625,134.72484054302237,55.701913851218066,6.262584649442908,1396.17138671875,0.0,0.0,False,,-31.23153349732812,True,1327.0
negative,/mnt/MammoDiffusion/MammoDiffusion/experiments/diffusers/04_sd21_lora/generated_images/final/negative/eval_neg_0064.png,eval_neg_0064.png,108.6868,77.0,3.0,0.18317794799804688,0.9509985630687853,0.19361114501953125,161.70018126650118,46.3119845236205,5.797598036711807,1044.5611572265625,0.0,0.0,False,,-23.313994953490223,True,1123.0
negative,/mnt/MammoDiffusion/MammoDiffusion/experiments/diffusers/04_sd21_lora/generated_images/final/negative/eval_neg_0065.png,eval_neg_0065.png,220.0,193.0,61.0,0.17663955688476562,0.6455026455026455,0.1105804443359375,253.1266386090796,10.445971884282434,6.6663743217083,1171.8455810546875,0.0,0.0,True,fragmented_mask,,False,
negative,/mnt/MammoDiffusion/MammoDiffusion/experiments/diffusers/04_sd21_lora/generated_images/final/negative/eval_neg_0066.png,eval_neg_0066.png,173.6868,142.0,3.0,0.06866073608398438,0.7722095671981777,0.05234527587890625,196.69159014720887,14.963797369265048,6.6068889972514055,988.9404296875,0.0,0.0,True,too_empty,,False,
negative,/mnt/MammoDiffusion/MammoDiffusion/experiments/diffusers/04_sd21_lora/generated_images/final/negative/eval_neg_0067.png,eval_neg_0067.png,125.0,119.0,2.0,0.048503875732421875,0.8567046795123869,0.0379791259765625,176.05333467255926,23.056267486274553,3.855887491871563,211.06358337402344,0.0,0.0,True,too_empty,,False,
negative,/mnt/MammoDiffusion/MammoDiffusion/experiments/diffusers/04_sd21_lora/generated_images/final/negative/eval_neg_0068.png,eval_neg_0068.png,105.6868,74.0,3.0,0.2086181640625,0.9172213282621416,0.2357635498046875,156.12397255841046,57.17757258049645,6.113340419004767,1581.2518310546875,0.0,0.0,False,,-37.31245702444843,False,
negative,/mnt/MammoDiffusion/MammoDiffusion/experiments/diffusers/04_sd21_lora/generated_images/final/negative/eval_neg_0069.png,eval_neg_0069.png,42.6868,11.0,3.0,0.38101959228515625,0.9863939448549288,0.3736915588378906,154.08597298925082,49.80571659082269,6.473361718041698,1647.9786376953125,0.0,0.0,False,,-10.0948983488267,True,546.0
negative,/mnt/MammoDiffusion/MammoDiffusion/experiments/diffusers/04_sd21_lora/generated_images/final/negative/eval_neg_0070.png,eval_neg_0070.png,43.8956,30.0,1.0,0.5099563598632812,0.9909187474753519,0.5331878662109375,112.12867384025412,60.438604436923995,6.524213714909235,1565.1552734375,0.0,0.0,False,,-9.057441756968473,True,423.0
negative,/mnt/MammoDiffusion/MammoDiffusion/experiments/diffusers/04_sd21_lora/generated_images/final/negative/eval_neg_0071.png,eval_neg_0071.png,92.7912,70.0,2.0,0.3566322326660156,0.9895709655681417,0.3938636779785156,142.53247004813605,47.84608501491404,6.350926916406272,1060.7652587890625,0.0,0.0,False,,-7.668642369301532,True,217.0
negative,/mnt/MammoDiffusion/MammoDiffusion/experiments/diffusers/04_sd21_lora/generated_images/final/negative/eval_neg_0072.png,eval_neg_0072.png,220.0,239.0,15.0,0.20941162109375,0.8330843777324395,0.16780471801757812,252.911045943304,15.388889084894457,6.957197049490526,1479.94091796875,0.0,0.0,False,,-72.29260283214703,False,
negative,/mnt/MammoDiffusion/MammoDiffusion/experiments/diffusers/04_sd21_lora/generated_images/final/negative/eval_neg_0073.png,eval_neg_0073.png,131.8956,118.0,1.0,0.13042068481445312,0.5635730790605166,0.07269668579101562,182.70640709450595,29.399892755920014,5.8664805943597065,1094.7392578125,0.0,0.0,True,too_empty,,False,
negative,/mnt/MammoDiffusion/MammoDiffusion/experiments/diffusers/04_sd21_lora/generated_images/final/negative/eval_neg_0074.png,eval_neg_0074.png,220.0,175.0,78.0,0.25228118896484375,0.8462364290682554,0.21502685546875,250.44126099914845,24.97582975622481,6.9153070834317365,2338.617919921875,0.0,0.0,False,,-67.52870717996522,False,
negative,/mnt/MammoDiffusion/MammoDiffusion/experiments/diffusers/04_sd21_lora/generated_images/final/negative/eval_neg_0075.png,eval_neg_0075.png,123.5824,83.0,4.0,0.19063568115234375,0.9239604594389083,0.20653533935546875,169.47597059584058,47.14512231838776,6.116710450904037,1213.87255859375,0.0,0.0,False,,-34.16267812910394,False,
negative,/mnt/MammoDiffusion/MammoDiffusion/experiments/diffusers/04_sd21_lora/generated_images/final/negative/eval_neg_0076.png,eval_neg_0076.png,109.8956,96.0,1.0,0.214508056640625,0.953122777066439,0.25014495849609375,152.93363223228718,46.48316981345212,5.175541818347983,656.1581420898438,0.0,0.0,False,,-21.035966183075224,True,1044.0
negative,/mnt/MammoDiffusion/MammoDiffusion/experiments/diffusers/04_sd21_lora/generated_images/final/negative/eval_neg_0077.png,eval_neg_0077.png,92.7912,70.0,2.0,0.28852081298828125,0.948819314065103,0.3251152038574219,141.55511750970936,51.009135432638445,5.920646661683273,987.0789184570312,0.0,0.0,False,,-23.17942595523292,True,1116.0
negative,/mnt/MammoDiffusion/MammoDiffusion/experiments/diffusers/04_sd21_lora/generated_images/final/negative/eval_neg_0078.png,eval_neg_0078.png,91.6868,60.0,3.0,0.3556327819824219,0.9240134295858496,0.40715789794921875,144.00697059980888,57.339159367852204,6.716247097628742,1632.882568359375,0.0,0.0,False,,-34.23946631972035,False,
negative,/mnt/MammoDiffusion/MammoDiffusion/experiments/diffusers/04_sd21_lora/generated_images/final/negative/eval_neg_0079.png,eval_neg_0079.png,37.7912,15.0,2.0,0.466888427734375,0.9920337930583698,0.459564208984375,148.11082243176838,51.57137972494489,6.3908554384876055,1213.506103515625,0.0,0.0,False,,-7.71284533791287,True,224.0
negative,/mnt/MammoDiffusion/MammoDiffusion/experiments/diffusers/04_sd21_lora/generated_images/final/negative/eval_neg_0080.png,eval_neg_0080.png,220.0,241.0,12.0,0.41043853759765625,0.9697566778816663,0.3901405334472656,251.32457246780675,16.7732940369456,5.86834927200522,1516.36279296875,0.0,0.0,False,,-18.012936295511857,True,939.0
negative,/mnt/MammoDiffusion/MammoDiffusion/experiments/diffusers/04_sd21_lora/generated_images/final/negative/eval_neg_0081.png,eval_neg_0081.png,89.47800000000001,40.0,5.0,0.3850212097167969,0.9552268381369451,0.4338951110839844,144.4403259980834,56.63615622178546,7.077260409939724,1849.70068359375,0.0,0.0,False,,-23.13954171361486,True,1113.0
negative,/mnt/MammoDiffusion/MammoDiffusion/experiments/diffusers/04_sd21_lora/generated_images/final/negative/eval_neg_0082.png,eval_neg_0082.png,93.6868,62.0,3.0,0.3367195129394531,0.8974838278444301,0.3519287109375,132.31425598335068,47.092334022832546,6.643509253346275,787.8909912109375,0.0,0.0,False,,-42.4517090911421,False,
negative,/mnt/MammoDiffusion/MammoDiffusion/experiments/diffusers/04_sd21_lora/generated_images/final/negative/eval_neg_0083.png,eval_neg_0083.png,220.0,234.0,6.0,0.3502616882324219,0.9730992496106471,0.31552886962890625,239.64756873080736,14.121235112054523,6.942777691842705,1362.451171875,0.0,0.0,False,,-17.834066037518838,True,935.0
negative,/mnt/MammoDiffusion/MammoDiffusion/experiments/diffusers/04_sd21_lora/generated_images/final/negative/eval_neg_0084.png,eval_neg_0084.png,85.7912,63.0,2.0,0.5250129699707031,0.9770033931802163,0.5697174072265625,135.3141320941693,46.81780278437745,6.626464880918772,734.7162475585938,0.0,0.0,False,,-13.242879551179065,True,750.0
negative,/mnt/MammoDiffusion/MammoDiffusion/experiments/diffusers/04_sd21_lora/generated_images/final/negative/eval_neg_0085.png,eval_neg_0085.png,220.0,250.0,4.0,0.2918548583984375,0.8796073613216918,0.2533454895019531,252.9777904928252,12.949571010312845,6.477057948216057,1910.3712158203125,0.0,0.0,False,,-54.359539665107874,False,
negative,/mnt/MammoDiffusion/MammoDiffusion/experiments/diffusers/04_sd21_lora/generated_images/final/negative/eval_neg_0086.png,eval_neg_0086.png,57.5824,17.0,4.0,0.4810295104980469,0.9910705080928477,0.5262222290039062,120.69485885781393,56.32140222546808,7.244745795001031,2078.411865234375,0.0,0.0,False,,-10.1733754206846,True,552.0
negative,/mnt/MammoDiffusion/MammoDiffusion/experiments/diffusers/04_sd21_lora/generated_images/final/negative/eval_neg_0087.png,eval_neg_0087.png,39.6868,8.0,3.0,0.5417633056640625,0.9930573158710041,0.5674362182617188,110.17684705882353,57.36070729972311,7.115112396257167,1984.8389892578125,0.0,0.0,False,,-9.334811486224005,True,462.0
negative,/mnt/MammoDiffusion/MammoDiffusion/experiments/diffusers/04_sd21_lora/generated_images/final/negative/eval_neg_0088.png,eval_neg_0088.png,110.8956,97.0,1.0,0.18596267700195312,0.8780487804878049,0.19855880737304688,151.06583927302069,47.0277992786543,4.595293870962832,325.5902099609375,0.0,0.0,False,,-49.81486973143562,False,
negative,/mnt/MammoDiffusion/MammoDiffusion/experiments/diffusers/04_sd21_lora/generated_images/final/negative/eval_neg_0089.png,eval_neg_0089.png,85.6868,54.0,3.0,0.2839698791503906,0.9740868607353474,0.31412506103515625,141.31799965997135,52.10088607630324,6.295657968556991,1545.822998046875,0.0,0.0,False,,-14.779923330222612,True,821.0
negative,/mnt/MammoDiffusion/MammoDiffusion/experiments/diffusers/04_sd21_lora/generated_images/final/negative/eval_neg_0090.png,eval_neg_0090.png,122.8956,109.0,1.0,0.2776985168457031,0.9747791804607333,0.30538177490234375,158.39898068803558,39.068634032927136,5.314211923461686,523.847900390625,0.0,0.0,False,,-12.45078802749522,True,712.0
negative,/mnt/MammoDiffusion/MammoDiffusion/experiments/diffusers/04_sd21_lora/generated_images/final/negative/eval_neg_0091.png,eval_neg_0091.png,89.5824,49.0,4.0,0.3153419494628906,0.969781648823565,0.3487701416015625,144.7871111694448,52.4907450984799,6.683771000980071,1768.591796875,0.0,0.0,False,,-16.8859054897312,True,906.0
negative,/mnt/MammoDiffusion/MammoDiffusion/experiments/diffusers/04_sd21_lora/generated_images/final/negative/eval_neg_0092.png,eval_neg_0092.png,60.8956,47.0,1.0,0.6765861511230469,0.9978293105100838,0.6909599304199219,124.39810965544275,44.53539375510021,6.715915647933197,689.19677734375,0.0,0.0,False,,-5.869056418655275,True,59.0
negative,/mnt/MammoDiffusion/MammoDiffusion/experiments/diffusers/04_sd21_lora/generated_images/final/negative/eval_neg_0093.png,eval_neg_0093.png,220.0,171.0,77.0,0.11894607543945312,0.7898399666463551,0.09500885009765625,249.08367461655826,28.942021934663618,7.132132592769962,1351.6123046875,0.0,0.0,True,too_empty,,False,
negative,/mnt/MammoDiffusion/MammoDiffusion/experiments/diffusers/04_sd21_lora/generated_images/final/negative/eval_neg_0094.png,eval_neg_0094.png,96.7912,74.0,2.0,0.2536506652832031,0.9705232129697863,0.2818565368652344,155.5822675166132,53.05367525984689,5.629380884243393,965.5299682617188,0.0,0.0,False,,-15.31745093271817,True,851.0
negative,/mnt/MammoDiffusion/MammoDiffusion/experiments/diffusers/04_sd21_lora/generated_images/final/negative/eval_neg_0095.png,eval_neg_0095.png,137.7912,115.0,2.0,0.18085861206054688,0.40963067642530215,0.08345794677734375,178.7006581954475,34.8061473761413,5.437851843955995,640.5789184570312,0.0,0.0,True,too_empty,,False,
negative,/mnt/MammoDiffusion/MammoDiffusion/experiments/diffusers/04_sd21_lora/generated_images/final/negative/eval_neg_0096.png,eval_neg_0096.png,117.7912,95.0,2.0,0.0759429931640625,0.9620755475185855,0.06964492797851562,187.76266637454128,29.39085486035049,4.6044407140497015,703.2505493164062,0.0,0.0,True,too_empty,,False,
negative,/mnt/MammoDiffusion/MammoDiffusion/experiments/diffusers/04_sd21_lora/generated_images/final/negative/eval_neg_0097.png,eval_neg_0097.png,40.7912,18.0,2.0,0.5864334106445312,0.9970142457555454,0.6006546020507812,115.50040010669512,56.19886671200008,7.169708924800434,1756.740478515625,0.0,0.0,False,,-7.832100580516259,True,242.0
negative,/mnt/MammoDiffusion/MammoDiffusion/experiments/diffusers/04_sd21_lora/generated_images/final/negative/eval_neg_0098.png,eval_neg_0098.png,87.8956,74.0,1.0,0.4825706481933594,0.9960870493189885,0.52056884765625,136.0685602063548,45.06332653430458,6.399646232084594,751.8558349609375,0.0,0.0,False,,-5.419422599013835,True,32.0
negative,/mnt/MammoDiffusion/MammoDiffusion/experiments/diffusers/04_sd21_lora/generated_images/final/negative/eval_neg_0099.png,eval_neg_0099.png,167.0,145.0,2.0,0.049587249755859375,0.6556658204477267,0.032939910888671875,183.6991314418066,13.132156828298836,5.587630311541614,411.0810546875,0.0,0.0,True,too_empty,,False,
negative,/mnt/MammoDiffusion/MammoDiffusion/experiments/diffusers/04_sd21_lora/generated_images/final/negative/gen_0000.png,gen_0000.png,152.6868,121.0,3.0,0.10135269165039062,0.8682298919793745,0.08849716186523438,187.54114401482823,19.884985986990923,5.043882961961362,657.6975708007812,0.0,0.0,True,too_empty,,False,
negative,/mnt/MammoDiffusion/MammoDiffusion/experiments/diffusers/04_sd21_lora/generated_images/final/negative/gen_0001.png,gen_0001.png,59.8956,46.0,1.0,0.3806343078613281,0.9897475471282108,0.41902923583984375,116.78423429164467,54.92927235678456,5.850065517803716,1069.0010986328125,0.0,0.0,False,,-7.286945686134611,True,172.0
negative,/mnt/MammoDiffusion/MammoDiffusion/experiments/diffusers/04_sd21_lora/generated_images/final/negative/gen_0002.png,gen_0002.png,173.3736,115.0,6.0,0.07033538818359375,0.48622410239722313,0.040172576904296875,185.55132466052606,12.01907533758179,6.454117188506432,639.7811279296875,0.0,0.0,True,too_empty,,False,
negative,/mnt/MammoDiffusion/MammoDiffusion/experiments/diffusers/04_sd21_lora/generated_images/final/negative/gen_0003.png,gen_0003.png,103.7912,81.0,2.0,0.2225189208984375,0.9458273331961874,0.2572669982910156,152.44216426209576,52.68748631574481,5.574327521817351,852.8756103515625,0.0,0.0,False,,-24.58312406465314,True,1155.0
negative,/mnt/MammoDiffusion/MammoDiffusion/experiments/diffusers/04_sd21_lora/generated_images/final/negative/gen_0004.png,gen_0004.png,220.0,249.0,5.0,0.18506240844726562,0.8389297714014801,0.1481781005859375,251.88718978478013,19.98979096974323,7.191226135548988,1612.721923828125,0.0,0.0,False,,-70.31601390892794,False,
negative,/mnt/MammoDiffusion/MammoDiffusion/experiments/diffusers/04_sd21_lora/generated_images/final/negative/gen_0005.png,gen_0005.png,32.0,27.0,0.0,0.6115226745605469,0.9974174552577243,0.6337242126464844,110.55054265712377,63.98355655848183,6.548757695643681,1051.114013671875,0.0,0.0,False,,-6.771617509298706,True,126.0
negative,/mnt/MammoDiffusion/MammoDiffusion/experiments/diffusers/04_sd21_lora/generated_images/final/negative/gen_0006.png,gen_0006.png,44.7912,22.0,2.0,0.43517303466796875,0.9723171864864391,0.45440673828125,118.59586131631968,61.40846131890114,6.536832482706942,1749.3701171875,0.0,0.0,False,,-16.004908365607818,True,878.0
negative,/mnt/MammoDiffusion/MammoDiffusion/experiments/diffusers/04_sd21_lora/generated_images/final/negative/gen_0007.png,gen_0007.png,67.6868,36.0,3.0,0.32425689697265625,0.9752123479447542,0.3269920349121094,146.8845996803509,53.017552860824495,6.365595799397706,1894.2496337890625,0.0,0.0,False,,-14.934988125398945,True,828.0
negative,/mnt/MammoDiffusion/MammoDiffusion/experiments/diffusers/04_sd21_lora/generated_images/final/negative/gen_0008.png,gen_0008.png,123.5824,83.0,4.0,0.079620361328125,0.7445381372173246,0.058322906494140625,177.7797763097652,27.96605389582084,5.366732725853883,1173.8546142578125,0.0,0.0,True,too_empty,,False,
negative,/mnt/MammoDiffusion/MammoDiffusion/experiments/diffusers/04_sd21_lora/generated_images/final/negative/gen_0009.png,gen_0009.png,45.7912,23.0,2.0,0.4405670166015625,0.9635905517265265,0.5098876953125,104.06479680392626,63.07945485458973,6.731661850045462,1779.423828125,0.0,0.0,False,,-19.730121694718985,True,998.0
negative,/mnt/MammoDiffusion/MammoDiffusion/experiments/diffusers/04_sd21_lora/generated_images/final/negative/gen_0010.png,gen_0010.png,149.7912,127.0,2.0,0.07000732421875,0.9007192676547515,0.059856414794921875,169.00407877127014,9.067270453192073,3.9735409430738367,210.05162048339844,0.0,0.0,True,too_empty,,False,
negative,/mnt/MammoDiffusion/MammoDiffusion/experiments/diffusers/04_sd21_lora/generated_images/final/negative/gen_0011.png,gen_0011.png,71.6868,40.0,3.0,0.5328865051269531,0.9956547572176129,0.5264167785644531,155.637977637195,35.66860622200356,6.726949425327985,869.5064697265625,0.0,0.0,False,,-6.275618246574301,True,81.0
negative,/mnt/MammoDiffusion/MammoDiffusion/experiments/diffusers/04_sd21_lora/generated_images/final/negative/gen_0012.png,gen_0012.png,76.47800000000001,27.0,5.0,0.3243141174316406,0.9939071009327546,0.3403472900390625,145.33095718448777,51.90061669799412,6.769628320810367,1843.7379150390625,0.0,0.0,False,,-7.938769243022562,True,259.0
negative,/mnt/MammoDiffusion/MammoDiffusion/experiments/diffusers/04_sd21_lora/generated_images/final/negative/gen_0013.png,gen_0013.png,51.7912,29.0,2.0,0.4487571716308594,0.9776519691598875,0.5347785949707031,107.44214596009672,61.18932777688698,6.6229447139972155,1496.2623291015625,0.0,0.0,False,,-14.052318467799605,True,784.0
negative,/mnt/MammoDiffusion/MammoDiffusion/experiments/diffusers/04_sd21_lora/generated_images/final/negative/gen_0014.png,gen_0014.png,220.0,250.0,3.0,0.307830810546875,0.897504213343908,0.2707786560058594,251.07260893453363,18.465773636300412,6.219298760111089,1996.0950927734375,0.0,0.0,False,,-47.01628308378692,False,
negative,/mnt/MammoDiffusion/MammoDiffusion/experiments/diffusers/04_sd21_lora/generated_images/final/negative/gen_0015.png,gen_0015.png,114.5824,74.0,4.0,0.2572135925292969,0.8929805567502632,0.24293136596679688,170.984438547179,43.96964133521738,6.6741990633480475,1472.4818115234375,0.0,0.0,False,,-46.34310872318146,False,
negative,/mnt/MammoDiffusion/MammoDiffusion/experiments/diffusers/04_sd21_lora/generated_images/final/negative/gen_0016.png,gen_0016.png,134.0,117.0,2.0,0.049968719482421875,0.9770211466524162,0.045269012451171875,164.13390073312547,13.431681361220344,4.320332535060521,395.3660583496094,0.0,0.0,True,too_empty,,False,
negative,/mnt/MammoDiffusion/MammoDiffusion/experiments/diffusers/04_sd21_lora/generated_images/final/negative/gen_0017.png,gen_0017.png,171.5824,131.0,4.0,0.10461044311523438,0.6994129015789665,0.07178878784179688,200.6192146235188,16.82980778549845,6.683142960584203,785.0897827148438,0.0,0.0,True,too_empty,,False,
negative,/mnt/MammoDiffusion/MammoDiffusion/experiments/diffusers/04_sd21_lora/generated_images/final/negative/gen_0018.png,gen_0018.png,140.0,128.0,3.0,0.045337677001953125,0.7721497686159023,0.032146453857421875,181.78913017681262,17.57360652834867,4.582463294614489,536.0228881835938,0.0,0.0,True,too_empty,,False,
negative,/mnt/MammoDiffusion/MammoDiffusion/experiments/diffusers/04_sd21_lora/generated_images/final/negative/gen_0019.png,gen_0019.png,114.8956,101.0,1.0,0.2532844543457031,0.9225718029429041,0.2657432556152344,155.00610079956363,39.481712566620054,5.5155364686437345,518.0068969726562,0.0,0.0,False,,-32.654066939515,False,
negative,/mnt/MammoDiffusion/MammoDiffusion/experiments/diffusers/04_sd21_lora/generated_images/final/negative/gen_0020.png,gen_0020.png,80.6868,49.0,3.0,0.24861907958984375,0.9808205726209839,0.3010978698730469,137.33074457437507,59.8401575348072,6.056261955281143,1259.8702392578125,0.0,0.0,False,,-12.076763630648582,True,694.0
negative,/mnt/MammoDiffusion/MammoDiffusion/experiments/diffusers/04_sd21_lora/generated_images/final/negative/gen_0021.png,gen_0021.png,111.7912,89.0,2.0,0.22137832641601562,0.7244326503885721,0.17958831787109375,164.34478949827945,43.90571519391277,6.029396868984861,997.9345092773438,0.0,0.0,True,fragmented_mask,,False,
negative,/mnt/MammoDiffusion/MammoDiffusion/experiments/diffusers/04_sd21_lora/generated_images/final/negative/gen_0022.png,gen_0022.png,198.0,181.0,12.0,0.04920196533203125,0.354473561792526,0.017208099365234375,215.85369097761028,12.647247872595868,7.029575331073155,1717.0909423828125,0.0,0.0,True,too_empty,,False,
negative,/mnt/MammoDiffusion/MammoDiffusion/experiments/diffusers/04_sd21_lora/generated_images/final/negative/gen_0023.png,gen_0023.png,126.5824,86.0,4.0,0.16945266723632812,0.8510614349069134,0.15973281860351562,180.55305328015666,40.54704745295639,6.085856881945079,1513.675537109375,0.0,0.0,False,,-62.3515277055668,False,
negative,/mnt/MammoDiffusion/MammoDiffusion/experiments/diffusers/04_sd21_lora/generated_images/final/negative/gen_0024.png,gen_0024.png,86.7912,64.0,2.0,0.5379142761230469,0.9615278240704626,0.5662155151367188,147.60441285454422,47.731762980869206,6.817999499278357,1049.105712890625,0.0,0.0,False,,-19.9361620700519,True,1006.0
negative,/mnt/MammoDiffusion/MammoDiffusion/experiments/diffusers/04_sd21_lora/generated_images/final/negative/gen_0025.png,gen_0025.png,101.47800000000001,52.0,5.0,0.3165130615234375,0.9243720773272911,0.3185081481933594,153.31077310018563,50.40345851202087,6.553545034245705,1330.1610107421875,0.0,0.0,False,,-33.66582133016135,False,
negative,/mnt/MammoDiffusion/MammoDiffusion/experiments/diffusers/04_sd21_lora/generated_images/final/negative/gen_0026.png,gen_0026.png,61.478,12.0,5.0,0.6364974975585938,0.9785740827310103,0.6800155639648438,122.1261738340196,50.696149489776346,7.643001742538221,2327.185302734375,0.0,0.0,False,,-16.343496436030964,True,888.0
negative,/mnt/MammoDiffusion/MammoDiffusion/experiments/diffusers/04_sd21_lora/generated_images/final/negative/gen_0027.png,gen_0027.png,92.5824,52.0,4.0,0.5719413757324219,0.9852198678058574,0.6471672058105469,140.19244802565265,45.636104258035346,7.384087914723677,1394.921630859375,0.0,0.0,False,,-12.18830505273561,True,698.0
negative,/mnt/MammoDiffusion/MammoDiffusion/experiments/diffusers/04_sd21_lora/generated_images/final/negative/gen_0028.png,gen_0028.png,179.0,143.0,4.0,0.049800872802734375,0.6047491382612026,0.0332794189453125,193.4876203576341,14.94305890752716,6.680257267905462,804.2933349609375,0.0,0.0,True,too_empty,,False,
negative,/mnt/MammoDiffusion/MammoDiffusion/experiments/diffusers/04_sd21_lora/generated_images/final/negative/gen_0029.png,gen_0029.png,80.7912,58.0,2.0,0.3911781311035156,0.9747037885806231,0.4362602233886719,135.61242709617622,54.96419611353879,6.217421933029729,1134.787841796875,0.0,0.0,False,,-13.84277029159953,True,775.0
negative,/mnt/MammoDiffusion/MammoDiffusion/experiments/diffusers/04_sd21_lora/generated_images/final/negative/gen_0030.png,gen_0030.png,118.6868,87.0,3.0,0.09308242797851562,0.5673128150485636,0.051788330078125,179.99992634060106,28.088324315812027,5.1042902982567435,658.9173583984375,0.0,0.0,True,too_empty,,False,
negative,/mnt/MammoDiffusion/MammoDiffusion/experiments/diffusers/04_sd21_lora/generated_images/final/negative/gen_0031.png,gen_0031.png,113.6868,82.0,3.0,0.1825103759765625,0.8368238441601873,0.20365524291992188,155.19690186749582,55.116920419297564,6.0753067935430884,1394.250732421875,0.0,0.0,False,,-67.62802031468493,False,
negative,/mnt/MammoDiffusion/MammoDiffusion/experiments/diffusers/04_sd21_lora/generated_images/final/negative/gen_0032.png,gen_0032.png,220.0,252.0,1.0,0.24395370483398438,0.9180779033947867,0.21910858154296875,251.17338695637034,17.598043908375715,6.649718484131482,1695.7620849609375,0.0,0.0,False,,-39.57266919996777,False,
negative,/mnt/MammoDiffusion/MammoDiffusion/experiments/diffusers/04_sd21_lora/generated_images/final/negative/gen_0033.png,gen_0033.png,131.0,125.0,1.0,0.042743682861328125,0.8259705488621151,0.032787322998046875,181.32041884816755,15.97851075271395,3.7281528950724705,186.31170654296875,0.0,0.0,True,too_empty,,False,
negative,/mnt/MammoDiffusion/MammoDiffusion/experiments/diffusers/04_sd21_lora/generated_images/final/negative/gen_0034.png,gen_0034.png,220.0,253.0,1.0,0.3254051208496094,0.9291115201106643,0.3025093078613281,251.22351546638757,21.196603231519745,6.272929460612275,1645.048828125,0.0,0.0,False,,-34.24382994460945,False,
negative,/mnt/MammoDiffusion/MammoDiffusion/experiments/diffusers/04_sd21_lora/generated_images/final/negative/gen_0035.png,gen_0035.png,220.0,78.0,78.0,0.142852783203125,0.799428540910062,0.11167144775390625,248.1458973833436,4.96004350517859,7.3999501713504445,1776.472900390625,0.0,0.0,True,low_contrast,,False,
negative,/mnt/MammoDiffusion/MammoDiffusion/experiments/diffusers/04_sd21_lora/generated_images/final/negative/gen_0036.png,gen_0036.png,85.7912,63.0,2.0,0.2933921813964844,0.9716425478800171,0.3429450988769531,131.52344245336536,52.429646167979996,5.864866504663686,851.40673828125,0.0,0.0,False,,-14.071600454492685,True,785.0
negative,/mnt/MammoDiffusion/MammoDiffusion/experiments/diffusers/04_sd21_lora/generated_images/final/negative/gen_0037.png,gen_0037.png,111.8956,98.0,1.0,0.06198883056640625,0.9451692307692308,0.05565643310546875,163.36956819739547,15.44438670713084,3.4106211365388814,134.52749633789062,0.0,0.0,True,too_empty,,False,
negative,/mnt/MammoDiffusion/MammoDiffusion/experiments/diffusers/04_sd21_lora/generated_images/final/negative/gen_0038.png,gen_0038.png,47.6868,16.0,3.0,0.4527473449707031,0.9941273117917175,0.4796104431152344,118.30536797982931,57.06598734394848,6.9599152707374605,1714.94091796875,0.0,0.0,False,,-7.973075727606081,True,268.0
negative,/mnt/MammoDiffusion/MammoDiffusion/experiments/diffusers/04_sd21_lora/generated_images/final/negative/gen_0039.png,gen_0039.png,77.8956,64.0,1.0,0.38703155517578125,0.9801987029115496,0.40718841552734375,140.50715744505442,51.445497787291615,6.014600450194646,1137.27685546875,0.0,0.0,False,,-11.289776917900339,True,640.0
negative,/mnt/MammoDiffusion/MammoDiffusion/experiments/diffusers/04_sd21_lora/generated_images/final/negative/gen_0040.png,gen_0040.png,220.0,254.0,1.0,0.17152023315429688,0.576184863109668,0.08486175537109375,254.31479816596243,5.995759793802542,7.082777463827564,1384.1544189453125,0.0,0.0,True,too_empty,,False,
negative,/mnt/MammoDiffusion/MammoDiffusion/experiments/diffusers/04_sd21_lora/generated_images/final/negative/gen_0041.png,gen_0041.png,132.8956,119.0,1.0,0.2742652893066406,0.9345730698081979,0.2723197937011719,158.63057699581157,30.09806013562661,5.713936596571268,356.19091796875,0.0,0.0,False,,-28.97775933976436,True,1267.0
negative,/mnt/MammoDiffusion/MammoDiffusion/experiments/diffusers/04_sd21_lora/generated_images/final/negative/gen_0042.png,gen_0042.png,131.8956,118.0,1.0,0.05016326904296875,0.8982509505703422,0.0423736572265625,176.40430320489736,22.656075080522392,3.5954194785268476,148.20314025878906,0.0,0.0,True,too_empty,,False,
negative,/mnt/MammoDiffusion/MammoDiffusion/experiments/diffusers/04_sd21_lora/generated_images/final/negative/gen_0043.png,gen_0043.png,220.0,254.0,0.0,0.3472709655761719,0.9209424946449168,0.3176116943359375,249.9147970213788,28.46622830401368,5.9722425344783545,1860.9674072265625,0.0,0.0,False,,-36.859546689581826,False,
negative,/mnt/MammoDiffusion/MammoDiffusion/experiments/diffusers/04_sd21_lora/generated_images/final/negative/gen_0044.png,gen_0044.png,137.8956,124.0,1.0,0.10070037841796875,0.43954087430865973,0.0413818359375,183.7578355457227,23.735038048333642,5.186378469355682,569.9757080078125,0.0,0.0,True,too_empty,,False,
negative,/mnt/MammoDiffusion/MammoDiffusion/experiments/diffusers/04_sd21_lora/generated_images/final/negative/gen_0045.png,gen_0045.png,220.0,244.0,10.0,0.25353240966796875,0.9088050314465409,0.22978973388671875,253.0041170025565,14.654799752926996,6.651450973464284,1846.8193359375,0.0,0.0,False,,-43.41166130707829,False,
negative,/mnt/MammoDiffusion/MammoDiffusion/experiments/diffusers/04_sd21_lora/generated_images/final/negative/gen_0046.png,gen_0046.png,220.0,199.0,55.0,0.13820648193359375,0.6312724261661606,0.08356094360351562,254.19233051814655,5.763277838705194,7.122663622920598,1478.919677734375,0.0,0.0,True,too_empty,,False,
negative,/mnt/MammoDiffusion/MammoDiffusion/experiments/diffusers/04_sd21_lora/generated_images/final/negative/gen_0047.png,gen_0047.png,48.5824,8.0,4.0,0.6792411804199219,0.994192936049287,0.681182861328125,140.37679203440706,49.50101509684615,7.4689583411550124,1521.7823486328125,0.0,0.0,False,,-9.46467083467872,True,476.0
negative,/mnt/MammoDiffusion/MammoDiffusion/experiments/diffusers/04_sd21_lora/generated_images/final/negative/gen_0048.png,gen_0048.png,119.6868,88.0,3.0,0.23485183715820312,0.9277349143182003,0.25547027587890625,162.96580558459013,40.77717517743874,5.968126140362116,785.1343383789062,0.0,0.0,False,,-31.24796679298828,True,1329.0
negative,/mnt/MammoDiffusion/MammoDiffusion/experiments/diffusers/04_sd21_lora/generated_images/final/negative/gen_0049.png,gen_0049.png,133.6868,102.0,3.0,0.09348297119140625,0.9802497347588346,0.08910369873046875,176.2764791506122,20.295767169087743,4.738915299267552,458.9968566894531,0.0,0.0,True,too_empty,,False,
negative,/mnt/MammoDiffusion/MammoDiffusion/experiments/diffusers/04_sd21_lora/generated_images/final/negative/gen_0050.png,gen_0050.png,106.6868,75.0,3.0,0.40869140625,0.9689740143369175,0.41921234130859375,154.60753999308423,34.46549880635662,6.381818846346437,481.8824157714844,0.0,0.0,False,,-15.475130873731551,True,860.0
negative,/mnt/MammoDiffusion/MammoDiffusion/experiments/diffusers/04_sd21_lora/generated_images/final/negative/gen_0051.png,gen_0051.png,93.5824,53.0,4.0,0.277496337890625,0.9600516881117342,0.31897735595703125,143.50145901600135,54.92520755322644,6.6241569846066515,1674.7801513671875,0.0,0.0,False,,-20.712405960003966,True,1037.0
negative,/mnt/MammoDiffusion/MammoDiffusion/experiments/diffusers/04_sd21_lora/generated_images/final/negative/gen_0052.png,gen_0052.png,88.7912,66.0,2.0,0.22920608520507812,0.9026046434218191,0.178955078125,166.68300221691678,47.36779029314596,5.9690632108091695,1154.3409423828125,0.0,0.0,False,,-42.211101497307865,False,
negative,/mnt/MammoDiffusion/MammoDiffusion/experiments/diffusers/04_sd21_lora/generated_images/final/negative/gen_0053.png,gen_0053.png,97.8956,84.0,1.0,0.2554473876953125,0.9526909981482587,0.2572669982910156,153.95919396212986,43.92353069161101,5.0644653407610924,532.609130859375,0.0,0.0,False,,-21.102030802482844,True,1046.0
negative,/mnt/MammoDiffusion/MammoDiffusion/experiments/diffusers/04_sd21_lora/generated_images/final/negative/gen_0054.png,gen_0054.png,184.0,180.0,1.0,0.0473785400390625,0.38534621578099837,0.020832061767578125,198.02270646401757,11.142459382848035,6.003959626940099,1083.6590576171875,0.0,0.0,True,too_empty,,False,
negative,/mnt/MammoDiffusion/MammoDiffusion/experiments/diffusers/04_sd21_lora/generated_images/final/negative/gen_0055.png,gen_0055.png,124.8956,111.0,1.0,0.05145263671875,0.9119217081850534,0.044525146484375,174.7134167237834,21.475204430317827,3.7964350287720987,178.6990966796875,0.0,0.0,True,too_empty,,False,
negative,/mnt/MammoDiffusion/MammoDiffusion/experiments/diffusers/04_sd21_lora/generated_images/final/negative/gen_0056.png,gen_0056.png,66.6868,35.0,3.0,0.43460845947265625,0.9944439568155885,0.4619255065917969,143.33624299080856,58.61657469972202,6.870025423145351,1590.6055908203125,0.0,0.0,False,,-8.015749856882422,True,278.0
negative,/mnt/MammoDiffusion/MammoDiffusion/experiments/diffusers/04_sd21_lora/generated_images/final/negative/gen_0057.png,gen_0057.png,128.8956,115.0,1.0,0.20890045166015625,0.9095540703407472,0.23395919799804688,162.38711255319495,39.20655457614547,5.031351125550634,392.0340270996094,0.0,0.0,False,,-37.680607359747015,False,
negative,/mnt/MammoDiffusion/MammoDiffusion/experiments/diffusers/04_sd21_lora/generated_images/final/negative/gen_0058.png,gen_0058.png,57.6868,26.0,3.0,0.4769554138183594,0.9825883180971119,0.485015869140625,141.63010444849934,51.83021390886993,6.916490613276553,1524.7974853515625,0.0,0.0,False,,-12.227068815179795,True,700.0
negative,/mnt/MammoDiffusion/MammoDiffusion/experiments/diffusers/04_sd21_lora/generated_images/final/negative/gen_0059.png,gen_0059.png,129.8956,116.0,1.0,0.2053375244140625,0.8280263060117411,0.18207931518554688,174.1641071840104,35.0736286361583,5.015982724071865,355.4845886230469,0.0,0.0,False,,-69.43110186232076,False,
negative,/mnt/MammoDiffusion/MammoDiffusion/experiments/diffusers/04_sd21_lora/generated_images/final/negative/gen_0060.png,gen_0060.png,135.0,127.0,2.0,0.047000885009765625,0.9327976625273923,0.039020538330078125,165.27734871443934,15.211141992542428,3.820948010793753,194.34556579589844,0.0,0.0,True,too_empty,,False,
negative,/mnt/MammoDiffusion/MammoDiffusion/experiments/diffusers/04_sd21_lora/generated_images/final/negative/gen_0061.png,gen_0061.png,136.5824,96.0,4.0,0.17124176025390625,0.788126531521497,0.15271759033203125,181.12157166408554,41.35612654668313,5.788280755960306,1002.1046142578125,0.0,0.0,False,,-85.40157935920959,False,
negative,/mnt/MammoDiffusion/MammoDiffusion/experiments/diffusers/04_sd21_lora/generated_images/final/negative/gen_0062.png,gen_0062.png,48.6868,17.0,3.0,0.4284095764160156,0.9893771426027336,0.4328269958496094,131.47258577686117,56.04260990006728,6.859147206499899,1954.30859375,0.0,0.0,False,,-9.868522127561983,True,521.0
negative,/mnt/MammoDiffusion/MammoDiffusion/experiments/diffusers/04_sd21_lora/generated_images/final/negative/gen_0063.png,gen_0063.png,32.7912,10.0,2.0,0.6025657653808594,0.9962965073215201,0.6283950805664062,107.87247010259212,62.37393053914572,7.187337860607451,2233.992919921875,0.0,0.0,False,,-9.138496093529998,True,434.0
negative,/mnt/MammoDiffusion/MammoDiffusion/experiments/diffusers/04_sd21_lora/generated_images/final/negative/gen_0064.png,gen_0064.png,151.7912,129.0,2.0,0.0977783203125,0.9913389513108615,0.0933837890625,185.94648692810458,18.775340064059318,4.526351821972446,465.1928405761719,0.0,0.0,True,too_empty,,False,
negative,/mnt/MammoDiffusion/MammoDiffusion/experiments/diffusers/04_sd21_lora/generated_images/final/negative/gen_0065.png,gen_0065.png,171.8956,158.0,1.0,0.06881332397460938,0.5542435833471921,0.037433624267578125,199.10740853969224,17.304134699336203,4.921971604003326,773.1940307617188,0.0,0.0,True,too_empty,,False,
negative,/mnt/MammoDiffusion/MammoDiffusion/experiments/diffusers/04_sd21_lora/generated_images/final/negative/gen_0066.png,gen_0066.png,81.6868,50.0,3.0,0.24240875244140625,0.9583293991754005,0.3029136657714844,133.86725351669247,62.091384908320876,6.1457143951545135,1578.979736328125,0.0,0.0,False,,-21.15833516037135,True,1050.0
negative,/mnt/MammoDiffusion/MammoDiffusion/experiments/diffusers/04_sd21_lora/generated_images/final/negative/gen_0067.png,gen_0067.png,106.8956,93.0,1.0,0.2926483154296875,0.9931565775066479,0.3083305358886719,154.3478540586685,42.46090640309174,5.132458478453122,376.01519775390625,0.0,0.0,False,,-5.596405393645614,True,36.0
negative,/mnt/MammoDiffusion/MammoDiffusion/experiments/diffusers/04_sd21_lora/generated_images/final/negative/gen_0068.png,gen_0068.png,117.7912,95.0,2.0,0.12395858764648438,0.8140021541775658,0.1151885986328125,162.81798913763413,48.344496536355656,4.872108743271572,482.35821533203125,0.0,0.0,False,,-74.98359176897999,False,
negative,/mnt/MammoDiffusion/MammoDiffusion/experiments/diffusers/04_sd21_lora/generated_images/final/negative/gen_0069.png,gen_0069.png,29.0,24.0,0.0,0.5948143005371094,0.9960943261911023,0.6007423400878906,109.0092519097542,57.0346878399002,6.2142123426952836,1123.08251953125,0.0,0.0,False,,-6.462343185806786,True,96.0
negative,/mnt/MammoDiffusion/MammoDiffusion/experiments/diffusers/04_sd21_lora/generated_images/final/negative/gen_0070.png,gen_0070.png,126.0,116.0,2.0,0.0487823486328125,0.8531435720988426,0.03879547119140625,184.0470993117011,22.534724519878072,4.240258899918277,356.8290710449219,0.0,0.0,True,too_empty,,False,
negative,/mnt/MammoDiffusion/MammoDiffusion/experiments/diffusers/04_sd21_lora/generated_images/final/negative/gen_0071.png,gen_0071.png,138.7912,116.0,2.0,0.20267486572265625,0.9424242424242424,0.213592529296875,177.27586083726246,32.32428983067314,5.599941625078239,596.1926879882812,0.0,0.0,False,,-26.188005778722506,True,1195.0
negative,/mnt/MammoDiffusion/MammoDiffusion/experiments/diffusers/04_sd21_lora/generated_images/final/negative/gen_0072.png,gen_0072.png,80.8956,67.0,1.0,0.3029670715332031,0.936616260183075,0.32244873046875,141.77681951542684,54.214012276855215,5.64675445711195,642.1317138671875,0.0,0.0,False,,-27.44845571331172,True,1223.0
negative,/mnt/MammoDiffusion/MammoDiffusion/experiments/diffusers/04_sd21_lora/generated_images/final/negative/gen_0073.png,gen_0073.png,43.6868,12.0,3.0,0.6160736083984375,0.9906377708978328,0.6458015441894531,118.47496943169534,57.50497689956409,7.462355097277392,2115.75048828125,0.0,0.0,False,,-11.403452582977366,True,650.0
negative,/mnt/MammoDiffusion/MammoDiffusion/experiments/diffusers/04_sd21_lora/generated_images/final/negative/gen_0074.png,gen_0074.png,78.6868,47.0,3.0,0.19336700439453125,0.9763858749260209,0.2344207763671875,135.31658855692248,63.09473573471245,6.030463137528682,1774.250244140625,0.0,0.0,False,,-15.01052580621016,True,832.0
negative,/mnt/MammoDiffusion/MammoDiffusion/experiments/diffusers/04_sd21_lora/generated_images/final/negative/gen_0075.png,gen_0075.png,134.7912,112.0,2.0,0.050357818603515625,0.9561396863873949,0.045207977294921875,186.00202514555733,21.910939529500737,4.088354675957969,256.0010070800781,0.0,0.0,True,too_empty,,False,
negative,/mnt/MammoDiffusion/MammoDiffusion/experiments/diffusers/04_sd21_lora/generated_images/final/negative/gen_0076.png,gen_0076.png,122.5824,82.0,4.0,0.16817474365234375,0.705416685569115,0.14917373657226562,167.01963943229765,40.10085065389816,6.078011097752391,1378.48876953125,0.0,0.0,True,fragmented_mask,,False,
negative,/mnt/MammoDiffusion/MammoDiffusion/experiments/diffusers/04_sd21_lora/generated_images/final/negative/gen_0077.png,gen_0077.png,129.6868,98.0,3.0,0.160675048828125,0.8734093067426401,0.15010452270507812,179.9102137284302,37.57515930289377,5.56206405329598,726.1060791015625,0.0,0.0,False,,-52.45208887504114,False,
negative,/mnt/MammoDiffusion/MammoDiffusion/experiments/diffusers/04_sd21_lora/generated_images/final/negative/gen_0078.png,gen_0078.png,84.8956,71.0,1.0,0.5214042663574219,0.971635097268863,0.6045455932617188,126.21384040687036,45.95458918164506,6.366919474545808,791.6842651367188,0.0,0.0,False,,-15.164512319169276,True,844.0
negative,/mnt/MammoDiffusion/MammoDiffusion/experiments/diffusers/04_sd21_lora/generated_images/final/negative/gen_0079.png,gen_0079.png,143.3736,85.0,6.0,0.1144866943359375,0.36811941889910704,0.048297882080078125,173.06847800331727,31.476921550285805,6.3960326198730435,2003.11669921875,0.0,0.0,True,too_empty,,False,
negative,/mnt/MammoDiffusion/MammoDiffusion/experiments/diffusers/04_sd21_lora/generated_images/final/negative/gen_0080.png,gen_0080.png,98.8956,85.0,1.0,0.6280441284179688,0.9863640228865754,0.6513023376464844,139.22761003894925,36.6253927176984,6.637012912263232,529.509033203125,0.0,0.0,False,,-10.209932460566392,True,557.0
negative,/mnt/MammoDiffusion/MammoDiffusion/experiments/diffusers/04_sd21_lora/generated_images/final/negative/gen_0081.png,gen_0081.png,56.5824,16.0,4.0,0.5042037963867188,0.6481304946509904,0.3424873352050781,117.41339481627516,60.49991720908191,6.952126994888984,1227.5421142578125,0.0,0.0,True,fragmented_mask,,False,
negative,/mnt/MammoDiffusion/MammoDiffusion/experiments/diffusers/04_sd21_lora/generated_images/final/negative/gen_0082.png,gen_0082.png,79.6868,48.0,3.0,0.38956451416015625,0.9896790113785472,0.4335365295410156,133.2508601043564,51.32551349108231,6.538508038843313,1276.6348876953125,0.0,0.0,False,,-8.364997946337617,True,327.0
negative,/mnt/MammoDiffusion/MammoDiffusion/experiments/diffusers/04_sd21_lora/generated_images/final/negative/gen_0083.png,gen_0083.png,95.5824,55.0,4.0,0.24930191040039062,0.9868712989457256,0.2656593322753906,157.900590169584,49.77484244494754,6.281494861631124,1218.8416748046875,0.0,0.0,False,,-9.976382612701535,True,534.0
negative,/mnt/MammoDiffusion/MammoDiffusion/experiments/diffusers/04_sd21_lora/generated_images/final/negative/gen_0084.png,gen_0084.png,90.5824,50.0,4.0,0.3012657165527344,0.9302437480215258,0.3517875671386719,139.2309285505156,56.2159407358533,6.921206360543925,2128.025146484375,0.0,0.0,False,,-32.64899943535471,False,
negative,/mnt/MammoDiffusion/MammoDiffusion/experiments/diffusers/04_sd21_lora/generated_images/final/negative/gen_0085.png,gen_0085.png,127.6868,96.0,3.0,0.16776657104492188,0.4715659746697287,0.07709121704101562,191.55688059775346,27.674705058980894,5.7811171168429745,870.0704956054688,0.0,0.0,True,too_empty,,False,
negative,/mnt/MammoDiffusion/MammoDiffusion/experiments/diffusers/04_sd21_lora/generated_images/final/negative/gen_0086.png,gen_0086.png,183.0,176.0,4.0,0.048038482666015625,0.33089811800206465,0.014354705810546875,201.42545841084242,12.103041536150666,6.734585950142816,982.9396362304688,0.0,0.0,True,too_empty,,False,
negative,/mnt/MammoDiffusion/MammoDiffusion/experiments/diffusers/04_sd21_lora/generated_images/final/negative/gen_0087.png,gen_0087.png,39.8956,26.0,1.0,0.4769783020019531,0.9856522469349073,0.501922607421875,116.10747400741776,62.60781781971604,6.281548756372192,1569.87158203125,0.0,0.0,False,,-10.832150566078953,True,608.0
negative,/mnt/MammoDiffusion/MammoDiffusion/experiments/diffusers/04_sd21_lora/generated_images/final/negative/gen_0088.png,gen_0088.png,191.6868,160.0,3.0,0.07720184326171875,0.636228876371183,0.050296783447265625,208.61880925293895,12.291591063357536,6.21910620332559,904.95947265625,0.0,0.0,True,too_empty,,False,
negative,/mnt/MammoDiffusion/MammoDiffusion/experiments/diffusers/04_sd21_lora/generated_images/final/negative/gen_0089.png,gen_0089.png,220.0,218.0,3.0,0.162017822265625,0.09999529101525712,0.014873504638671875,224.6196460630931,4.557600212866961,6.541635443917251,1777.340576171875,0.0,0.0,True,too_empty,,False,
negative,/mnt/MammoDiffusion/MammoDiffusion/experiments/diffusers/04_sd21_lora/generated_images/final/negative/gen_0090.png,gen_0090.png,64.6868,33.0,3.0,0.21352386474609375,0.9858684389180691,0.23990631103515625,135.52776276037525,61.99670101685102,6.076181935882742,1876.6854248046875,0.0,0.0,False,,-11.494725737996578,True,657.0
negative,/mnt/MammoDiffusion/MammoDiffusion/experiments/diffusers/04_sd21_lora/generated_images/final/negative/gen_0091.png,gen_0091.png,91.47800000000001,42.0,5.0,0.3975830078125,0.932242093951489,0.350830078125,138.8352579157968,46.30720955673712,7.243208623912405,1009.6260986328125,0.0,0.0,False,,-30.144785703100297,True,1290.0
negative,/mnt/MammoDiffusion/MammoDiffusion/experiments/diffusers/04_sd21_lora/generated_images/final/negative/gen_0092.png,gen_0092.png,88.5824,48.0,4.0,0.2956428527832031,0.9768519115882376,0.3459205627441406,136.0870413868396,54.92229558488451,6.695017170187896,1782.414306640625,0.0,0.0,False,,-14.228136361966065,True,793.0
negative,/mnt/MammoDiffusion/MammoDiffusion/experiments/diffusers/04_sd21_lora/generated_images/final/negative/gen_0093.png,gen_0093.png,60.478,11.0,5.0,0.38663482666015625,0.9801981174891963,0.4537086486816406,122.55928769012166,61.55599582658148,7.072669751513782,2434.45166015625,0.0,0.0,False,,-14.450687955712082,True,804.0
negative,/mnt/MammoDiffusion/MammoDiffusion/experiments/diffusers/04_sd21_lora/generated_images/final/negative/gen_0094.png,gen_0094.png,173.0,158.0,8.0,0.046512603759765625,0.339293036988436,0.01422882080078125,201.6994638069705,16.621170154343176,6.925418831510235,1423.56787109375,0.0,0.0,True,too_empty,,False,
negative,/mnt/MammoDiffusion/MammoDiffusion/experiments/diffusers/04_sd21_lora/generated_images/final/negative/gen_0095.png,gen_0095.png,179.0,165.0,4.0,0.049327850341796875,0.7253886010362695,0.03150177001953125,197.685153790264,13.64767635808886,6.8681309525927325,807.241455078125,0.0,0.0,True,too_empty,,False,
negative,/mnt/MammoDiffusion/MammoDiffusion/experiments/diffusers/04_sd21_lora/generated_images/final/negative/gen_0096.png,gen_0096.png,40.6868,9.0,3.0,0.44766998291015625,0.992177514187842,0.4533271789550781,131.95652027567172,57.490131277114905,6.691611718069932,1712.9927978515625,0.0,0.0,False,,-8.568496248422047,True,363.0
negative,/mnt/MammoDiffusion/MammoDiffusion/experiments/diffusers/04_sd21_lora/generated_images/final/negative/gen_0097.png,gen_0097.png,85.7912,63.0,2.0,0.23602294921875,0.8949444013447116,0.264923095703125,145.10546020043773,59.395241789941586,5.9295977941308555,1317.4676513671875,0.0,0.0,False,,-44.988267495041505,False,
negative,/mnt/MammoDiffusion/MammoDiffusion/experiments/diffusers/04_sd21_lora/generated_images/final/negative/gen_0098.png,gen_0098.png,119.7912,97.0,2.0,0.1767425537109375,0.9204869204869205,0.18496322631835938,167.6927011363871,44.78900913742439,5.497285076186575,595.7269287109375,0.0,0.0,False,,-34.38050840782287,False,
negative,/mnt/MammoDiffusion/MammoDiffusion/experiments/diffusers/04_sd21_lora/generated_images/final/negative/gen_0099.png,gen_0099.png,137.0,131.0,2.0,0.044384002685546875,0.696776966050709,0.0257415771484375,188.19561351511558,23.714963518605792,3.68943735372929,168.5457763671875,0.0,0.0,True,too_empty,,False,
negative,/mnt/MammoDiffusion/MammoDiffusion/experiments/diffusers/04_sd21_lora/generated_images/final/negative/gen_0100.png,gen_0100.png,217.0,214.0,1.0,0.03920745849609375,0.3208795485503016,0.005779266357421875,226.55577557755777,8.350254910584873,5.787123011841764,963.9609985351562,0.0,0.0,True,too_empty,,False,
negative,/mnt/MammoDiffusion/MammoDiffusion/experiments/diffusers/04_sd21_lora/generated_images/final/negative/gen_0101.png,gen_0101.png,52.7912,30.0,2.0,0.439788818359375,0.9863472347512316,0.4646797180175781,119.39743705515832,53.24151907981682,6.643483403947173,1393.1588134765625,0.0,0.0,False,,-9.942662007707337,True,530.0
negative,/mnt/MammoDiffusion/MammoDiffusion/experiments/diffusers/04_sd21_lora/generated_images/final/negative/gen_0102.png,gen_0102.png,220.0,201.0,43.0,0.2748374938964844,0.9126819992504893,0.24847412109375,243.59770326701056,20.34057850104555,7.189756188245466,1709.1951904296875,0.0,0.0,False,,-41.61615420281022,False,
negative,/mnt/MammoDiffusion/MammoDiffusion/experiments/diffusers/04_sd21_lora/generated_images/final/negative/gen_0103.png,gen_0103.png,130.0,126.0,1.0,0.039882659912109375,0.5157340985174558,0.0192413330078125,192.95142743854083,25.986649029454036,3.222385246573946,111.38212585449219,0.0,0.0,True,too_empty,,False,
negative,/mnt/MammoDiffusion/MammoDiffusion/experiments/diffusers/04_sd21_lora/generated_images/final/negative/gen_0104.png,gen_0104.png,130.5824,90.0,4.0,0.20998001098632812,0.4233990371514216,0.09106063842773438,182.70763688157177,33.692570905860364,6.321064913915558,1197.97607421875,0.0,0.0,True,too_empty,,False,
negative,/mnt/MammoDiffusion/MammoDiffusion/experiments/diffusers/04_sd21_lora/generated_images/final/negative/gen_0105.png,gen_0105.png,29.7912,7.0,2.0,0.5731925964355469,0.9947357562608563,0.5896263122558594,106.22200728486676,58.028002342651845,6.98502311983049,1736.7142333984375,0.0,0.0,False,,-8.374565333405503,True,330.0
negative,/mnt/MammoDiffusion/MammoDiffusion/experiments/diffusers/04_sd21_lora/generated_images/final/negative/gen_0106.png,gen_0106.png,85.7912,63.0,2.0,0.33940887451171875,0.9843437408681188,0.41770172119140625,134.18111746333267,57.50630793506944,6.235804408433701,1176.169189453125,0.0,0.0,False,,-10.241748764971689,True,559.0
negative,/mnt/MammoDiffusion/MammoDiffusion/experiments/diffusers/04_sd21_lora/generated_images/final/negative/gen_0107.png,gen_0107.png,141.7912,119.0,2.0,0.0703887939453125,0.8897680468241925,0.059322357177734375,182.8058002700791,16.406014816338605,4.568680908475892,495.4791259765625,0.0,0.0,True,too_empty,,False,
negative,/mnt/MammoDiffusion/MammoDiffusion/experiments/diffusers/04_sd21_lora/generated_images/final/negative/gen_0108.png,gen_0108.png,79.6868,48.0,3.0,0.19203567504882812,0.9596948809121789,0.21955490112304688,144.13849361480322,61.44412960376483,5.983857007900251,1624.27099609375,0.0,0.0,False,,-21.271889120003067,True,1053.0
negative,/mnt/MammoDiffusion/MammoDiffusion/experiments/diffusers/04_sd21_lora/generated_images/final/negative/gen_0109.png,gen_0109.png,199.0,192.0,3.0,0.048770904541015625,0.35455612045365664,0.017364501953125,213.3238137082601,12.846008134774292,6.673663809376398,1355.6043701171875,0.0,0.0,True,too_empty,,False,
negative,/mnt/MammoDiffusion/MammoDiffusion/experiments/diffusers/04_sd21_lora/generated_images/final/negative/gen_0110.png,gen_0110.png,146.478,97.0,5.0,0.08185577392578125,0.704119675645447,0.059093475341796875,174.32573752501452,22.789865787219874,5.932260539110039,1851.009765625,0.0,0.0,True,too_empty,,False,
negative,/mnt/MammoDiffusion/MammoDiffusion/experiments/diffusers/04_sd21_lora/generated_images/final/negative/gen_0111.png,gen_0111.png,128.6868,97.0,3.0,0.13596343994140625,0.716037259413052,0.10062789916992188,182.16376663254863,35.65993464036623,5.700617642778642,760.505859375,0.0,0.0,True,too_empty,,False,
negative,/mnt/MammoDiffusion/MammoDiffusion/experiments/diffusers/04_sd21_lora/generated_images/final/negative/gen_0112.png,gen_0112.png,41.7912,19.0,2.0,0.4653205871582031,0.9932530476057747,0.5233497619628906,108.1388044579534,65.00543797029908,6.660054173427006,1513.3690185546875,0.0,0.0,False,,-8.327091633327429,True,323.0
negative,/mnt/MammoDiffusion/MammoDiffusion/experiments/diffusers/04_sd21_lora/generated_images/final/negative/gen_0113.png,gen_0113.png,220.0,206.0,22.0,0.27774810791015625,0.9295563796181843,0.2688255310058594,227.65184260192135,18.3999757833614,7.201736228994121,1995.2841796875,0.0,0.0,False,,-35.2899486590831,False,
negative,/mnt/MammoDiffusion/MammoDiffusion/experiments/diffusers/04_sd21_lora/generated_images/final/negative/gen_0114.png,gen_0114.png,54.7912,32.0,2.0,0.6694259643554688,0.9963244931219585,0.6845169067382812,122.91471338928456,49.762990654423334,7.147726330466266,1017.1082763671875,0.0,0.0,False,,-7.443476027166842,True,195.0
negative,/mnt/MammoDiffusion/MammoDiffusion/experiments/diffusers/04_sd21_lora/generated_images/final/negative/gen_0115.png,gen_0115.png,220.0,195.0,58.0,0.20028305053710938,0.7899167666609527,0.15527725219726562,252.83503255128363,7.757770660155678,7.255182517177487,1165.241455078125,0.0,0.0,False,,-89.00059195915041,False,
negative,/mnt/MammoDiffusion/MammoDiffusion/experiments/diffusers/04_sd21_lora/generated_images/final/negative/gen_0116.png,gen_0116.png,87.6868,56.0,3.0,0.43921661376953125,0.9342267539821779,0.4758872985839844,142.08993114283652,51.48012950973288,6.918209033836693,1332.7703857421875,0.0,0.0,False,,-30.25172080392993,True,1293.0
negative,/mnt/MammoDiffusion/MammoDiffusion/experiments/diffusers/04_sd21_lora/generated_images/final/negative/gen_0117.png,gen_0117.png,193.0,185.0,3.0,0.047313690185546875,0.044747238571313394,0.002017974853515625,206.29489603024575,8.341029413751142,5.789609586741557,876.5218505859375,0.0,0.0,True,too_empty,,False,
negative,/mnt/MammoDiffusion/MammoDiffusion/experiments/diffusers/04_sd21_lora/generated_images/final/negative/gen_0118.png,gen_0118.png,108.7912,86.0,2.0,0.090576171875,0.9420485175202157,0.08224868774414062,168.71133064329112,25.729572756650615,4.297721589300918,356.91943359375,0.0,0.0,True,too_empty,,False,
negative,/mnt/MammoDiffusion/MammoDiffusion/experiments/diffusers/04_sd21_lora/generated_images/final/negative/gen_0119.png,gen_0119.png,105.6868,74.0,3.0,0.2904472351074219,0.9457177005214148,0.3454780578613281,144.5481919063656,49.22099370317141,6.366833098021948,1087.76806640625,0.0,0.0,False,,-24.686668357417147,True,1158.0
negative,/mnt/MammoDiffusion/MammoDiffusion/experiments/diffusers/04_sd21_lora/generated_images/final/negative/gen_0120.png,gen_0120.png,40.6868,9.0,3.0,0.4495429992675781,0.9904959904959905,0.47857666015625,112.87758257875271,61.21287840949266,6.917551446610205,2167.71142578125,0.0,0.0,False,,-10.036986120403078,True,537.0
negative,/mnt/MammoDiffusion/MammoDiffusion/experiments/diffusers/04_sd21_lora/generated_images/final/negative/gen_0121.png,gen_0121.png,63.8956,50.0,1.0,0.4248199462890625,0.9930318594878057,0.4631233215332031,117.79528849717886,52.846460292340566,5.9995574667724965,753.2254638671875,0.0,0.0,False,,-5.951459535979989,True,61.0
negative,/mnt/MammoDiffusion/MammoDiffusion/experiments/diffusers/04_sd21_lora/generated_images/final/negative/gen_0122.png,gen_0122.png,103.5824,63.0,4.0,0.18869400024414062,0.9254826645102597,0.21390151977539062,148.08431865603765,49.98212819567352,6.249912927640457,1700.009033203125,0.0,0.0,False,,-34.070199256458416,False,
negative,/mnt/MammoDiffusion/MammoDiffusion/experiments/diffusers/04_sd21_lora/generated_images/final/negative/gen_0123.png,gen_0123.png,76.6868,45.0,3.0,0.5310554504394531,0.9867253776586956,0.6106109619140625,123.17025264262688,48.483732488169174,7.083145924780601,1413.7838134765625,0.0,0.0,False,,-10.994468624337044,True,617.0
negative,/mnt/MammoDiffusion/MammoDiffusion/experiments/diffusers/04_sd21_lora/generated_images/final/negative/gen_0124.png,gen_0124.png,109.6868,78.0,3.0,0.21254348754882812,0.9084480499667965,0.24584197998046875,151.87308754616268,52.4710410099168,5.997459655266459,1163.26953125,0.0,0.0,False,,-39.59235369544537,False,
negative,/mnt/MammoDiffusion/MammoDiffusion/experiments/diffusers/04_sd21_lora/generated_images/final/negative/gen_0125.png,gen_0125.png,145.7912,123.0,2.0,0.08685684204101562,0.9744828494883394,0.08344268798828125,180.39242936819969,19.256607270651006,4.383748701078662,358.30841064453125,0.0,0.0,True,too_empty,,False,
negative,/mnt/MammoDiffusion/MammoDiffusion/experiments/diffusers/04_sd21_lora/generated_images/final/negative/gen_0126.png,gen_0126.png,142.7912,120.0,2.0,0.08769989013671875,0.9983906046107003,0.08287811279296875,175.39321550216332,14.716636399262006,4.207915811880007,269.2088928222656,0.0,0.0,True,too_empty,,False,
negative,/mnt/MammoDiffusion/MammoDiffusion/experiments/diffusers/04_sd21_lora/generated_images/final/negative/gen_0127.png,gen_0127.png,100.5824,60.0,4.0,0.23461151123046875,0.8907352606419303,0.23553466796875,160.63719551697332,55.34323185953569,6.595758366991765,1671.7138671875,0.0,0.0,False,,-47.87318096136396,False,
negative,/mnt/MammoDiffusion/MammoDiffusion/experiments/diffusers/04_sd21_lora/generated_images/final/negative/gen_0128.png,gen_0128.png,69.47800000000001,20.0,5.0,0.39685821533203125,0.9496126266412903,0.4543914794921875,120.60084287585211,55.002679192807605,7.291883548034991,2484.551513671875,0.0,0.0,False,,-25.925907884008474,True,1189.0
negative,/mnt/MammoDiffusion/MammoDiffusion/experiments/diffusers/04_sd21_lora/generated_images/final/negative/gen_0129.png,gen_0129.png,111.7912,89.0,2.0,0.24041366577148438,0.7576440347174841,0.210205078125,160.2620680894309,40.521436715988784,6.1447654589149305,1067.8067626953125,0.0,0.0,False,,-96.55730647950861,False,
negative,/mnt/MammoDiffusion/MammoDiffusion/experiments/diffusers/04_sd21_lora/generated_images/final/negative/gen_0130.png,gen_0130.png,220.0,71.0,31.0,0.0497894287109375,0.36829604658289916,0.0171661376953125,254.23244444444444,2.4934074459177396,6.962567426450416,1518.2943115234375,0.0,0.0,True,too_empty,,False,
negative,/mnt/MammoDiffusion/MammoDiffusion/experiments/diffusers/04_sd21_lora/generated_images/final/negative/gen_0131.png,gen_0131.png,156.3736,98.0,6.0,0.061435699462890625,0.5439925488978578,0.031978607177734375,197.4501968269116,24.13915223828626,5.946608825874074,2142.4775390625,0.0,0.0,True,too_empty,,False,
negative,/mnt/MammoDiffusion/MammoDiffusion/experiments/diffusers/04_sd21_lora/generated_images/final/negative/gen_0132.png,gen_0132.png,220.0,244.0,10.0,0.2773933410644531,0.9363697622289149,0.24938201904296875,251.05321687521032,25.812262380483705,6.5794107314864965,1656.1351318359375,0.0,0.0,False,,-31.87131125919409,True,1340.0
negative,/mnt/MammoDiffusion/MammoDiffusion/experiments/diffusers/04_sd21_lora/generated_images/final/negative/gen_0133.png,gen_0133.png,69.7912,47.0,2.0,0.4961204528808594,0.9955941716965899,0.5212287902832031,127.38272210309067,46.360766301066256,6.7106417494630755,1030.7392578125,0.0,0.0,False,,-6.161603191926233,True,73.0
negative,/mnt/MammoDiffusion/MammoDiffusion/experiments/diffusers/04_sd21_lora/generated_images/final/negative/gen_0134.png,gen_0134.png,220.0,110.0,60.0,0.064788818359375,0.378061705134244,0.023044586181640625,254.2734646581692,3.6496601575764713,7.08178150520316,768.6046142578125,0.0,0.0,True,too_empty,,False,
negative,/mnt/MammoDiffusion/MammoDiffusion/experiments/diffusers/04_sd21_lora/generated_images/final/negative/gen_0135.png,gen_0135.png,66.8956,53.0,1.0,0.5964431762695312,0.9925937296135692,0.6212501525878906,119.25744057670227,46.43870686257924,6.337132699251938,857.307861328125,0.0,0.0,False,,-7.290336081269322,True,173.0
negative,/mnt/MammoDiffusion/MammoDiffusion/experiments/diffusers/04_sd21_lora/generated_images/final/negative/gen_0136.png,gen_0136.png,56.5824,16.0,4.0,0.4406700134277344,0.9953946969762549,0.45960235595703125,131.71798276921035,57.91379383730017,6.969562313261249,1538.6439208984375,0.0,0.0,False,,-7.412547603966142,True,190.0
negative,/mnt/MammoDiffusion/MammoDiffusion/experiments/diffusers/04_sd21_lora/generated_images/final/negative/gen_0137.png,gen_0137.png,157.8956,144.0,1.0,0.1123199462890625,0.7747588642847439,0.08599090576171875,186.7797444769763,17.46270146054357,6.249428376309463,335.26141357421875,0.0,0.0,True,too_empty,,False,
negative,/mnt/MammoDiffusion/MammoDiffusion/experiments/diffusers/04_sd21_lora/generated_images/final/negative/gen_0138.png,gen_0138.png,113.7912,91.0,2.0,0.21193695068359375,0.921577450592174,0.2480926513671875,149.2887170182668,43.83061510633975,5.427878841804446,480.74456787109375,0.0,0.0,False,,-33.259291090996655,False,
negative,/mnt/MammoDiffusion/MammoDiffusion/experiments/diffusers/04_sd21_lora/generated_images/final/negative/gen_0139.png,gen_0139.png,46.6868,15.0,3.0,0.5006027221679688,0.9962356168559019,0.5029296875,132.58009708737865,52.33370044991885,6.8523736001121724,1680.132568359375,0.0,0.0,False,,-7.189596986479116,True,164.0
negative,/mnt/MammoDiffusion/MammoDiffusion/experiments/diffusers/04_sd21_lora/generated_images/final/negative/gen_0140.png,gen_0140.png,110.7912,88.0,2.0,0.29344940185546875,0.8875282739255909,0.2940635681152344,152.3184583652237,41.64106256856313,6.124598409613322,716.8912353515625,0.0,0.0,False,,-46.14476652348192,False,
negative,/mnt/MammoDiffusion/MammoDiffusion/experiments/diffusers/04_sd21_lora/generated_images/final/negative/gen_0141.png,gen_0141.png,87.6868,56.0,3.0,0.3074607849121094,0.962791101626571,0.36522674560546875,135.51232478953855,54.41476154034682,6.581679538967569,1611.72412109375,0.0,0.0,False,,-19.073085856508182,True,975.0
negative,/mnt/MammoDiffusion/MammoDiffusion/experiments/diffusers/04_sd21_lora/generated_images/final/negative/gen_0142.png,gen_0142.png,132.7912,110.0,2.0,0.10917282104492188,0.9881547223872252,0.10496902465820312,168.89541011011374,24.934702667382354,4.626164480274404,384.10235595703125,0.0,0.0,True,too_empty,,False,
negative,/mnt/MammoDiffusion/MammoDiffusion/experiments/diffusers/04_sd21_lora/generated_images/final/negative/gen_0143.png,gen_0143.png,75.7912,53.0,2.0,0.48670196533203125,0.9953443167745677,0.4843292236328125,151.5747140921836,43.82497318476919,6.533316709440694,925.9569702148438,0.0,0.0,False,,-6.006828695507089,True,64.0
negative,/mnt/MammoDiffusion/MammoDiffusion/experiments/diffusers/04_sd21_lora/generated_images/final/negative/gen_0144.png,gen_0144.png,125.6868,94.0,3.0,0.23418807983398438,0.9454806079066964,0.2655487060546875,163.45286732172613,39.41189300453072,6.033676607153668,856.3019409179688,0.0,0.0,False,,-24.531497254384753,True,1152.0
negative,/mnt/MammoDiffusion/MammoDiffusion/experiments/diffusers/04_sd21_lora/generated_images/final/negative/gen_0145.png,gen_0145.png,52.7912,30.0,2.0,0.5422439575195312,0.9700167433483883,0.5494918823242188,124.87949682740236,55.402388183932445,7.021602675969256,1400.4130859375,0.0,0.0,False,,-17.25422189266308,True,923.0
negative,/mnt/MammoDiffusion/MammoDiffusion/experiments/diffusers/04_sd21_lora/generated_images/final/negative/gen_0146.png,gen_0146.png,114.8956,101.0,1.0,0.1627044677734375,0.7654975147707024,0.13571929931640625,163.698774523582,41.52328668444044,5.04664873666335,683.122314453125,0.0,0.0,False,,-92.77949436799562,False,
negative,/mnt/MammoDiffusion/MammoDiffusion/experiments/diffusers/04_sd21_lora/generated_images/final/negative/gen_0147.png,gen_0147.png,64.5824,24.0,4.0,0.30698394775390625,0.9759549668215821,0.3541755676269531,128.60250955894233,62.733438261490775,6.7240101956292495,2177.84033203125,0.0,0.0,False,,-15.351006451739885,True,853.0
negative,/mnt/MammoDiffusion/MammoDiffusion/experiments/diffusers/04_sd21_lora/generated_images/final/negative/gen_0148.png,gen_0148.png,92.5824,52.0,4.0,0.25121307373046875,0.9200959698727488,0.2697868347167969,154.29585849016587,59.810061319553384,6.559538357707877,1706.1014404296875,0.0,0.0,False,,-36.64498426918188,False,
negative,/mnt/MammoDiffusion/MammoDiffusion/experiments/diffusers/04_sd21_lora/generated_images/final/negative/gen_0149.png,gen_0149.png,10.0,0.0,0.0,0.7724266052246094,0.9987357213055653,0.7692985534667969,118.14658322878805,60.3352636662713,6.987141386129437,1198.5203857421875,0.0,0.0,False,,-7.6909186931618665,True,220.0
negative,/mnt/MammoDiffusion/MammoDiffusion/experiments/diffusers/04_sd21_lora/generated_images/final/negative/gen_0150.png,gen_0150.png,220.0,214.0,23.0,0.2372894287109375,0.8743810687415601,0.20211029052734375,236.15022082971575,18.4667951872508,7.44880858488683,1744.2366943359375,0.0,0.0,False,,-56.698046484171904,False,
negative,/mnt/MammoDiffusion/MammoDiffusion/experiments/diffusers/04_sd21_lora/generated_images/final/negative/gen_0151.png,gen_0151.png,89.6868,58.0,3.0,0.43500518798828125,0.9844607748566218,0.46900177001953125,136.79071299594943,42.47326970809146,6.620313890757338,895.9049682617188,0.0,0.0,False,,-9.734191415588814,True,505.0
negative,/mnt/MammoDiffusion/MammoDiffusion/experiments/diffusers/04_sd21_lora/generated_images/final/negative/gen_0152.png,gen_0152.png,76.6868,45.0,3.0,0.5712509155273438,0.9478931552587646,0.7074699401855469,122.99113550703929,54.40017212765111,7.334441326350317,1090.72119140625,0.0,0.0,False,,-26.482133580780886,True,1202.0
negative,/mnt/MammoDiffusion/MammoDiffusion/experiments/diffusers/04_sd21_lora/generated_images/final/negative/gen_0153.png,gen_0153.png,70.6868,39.0,3.0,0.3204078674316406,0.936911409284107,0.3776206970214844,128.08242163429,62.92322374105016,6.5773635625361475,2057.2275390625,0.0,0.0,False,,-29.724355236278413,True,1281.0
negative,/mnt/MammoDiffusion/MammoDiffusion/experiments/diffusers/04_sd21_lora/generated_images/final/negative/gen_0154.png,gen_0154.png,95.7912,73.0,2.0,0.2731895446777344,0.9485024087132584,0.2834930419921875,138.30814360299263,39.27620514428861,5.604293229037225,475.14697265625,0.0,0.0,False,,-22.52245416536405,True,1095.0
negative,/mnt/MammoDiffusion/MammoDiffusion/experiments/diffusers/04_sd21_lora/generated_images/final/negative/gen_0155.png,gen_0155.png,155.3736,97.0,6.0,0.09518051147460938,0.9189611638812072,0.08342742919921875,186.94051211705533,18.323812974221102,5.899556247154833,1545.5487060546875,0.0,0.0,True,too_empty,,False,
negative,/mnt/MammoDiffusion/MammoDiffusion/experiments/diffusers/04_sd21_lora/generated_images/final/negative/gen_0156.png,gen_0156.png,220.0,254.0,1.0,0.20764541625976562,0.5882277295023239,0.1126861572265625,253.6886594448206,14.394551084042327,6.914566986278265,1470.91552734375,0.0,0.0,True,fragmented_mask,,False,
negative,/mnt/MammoDiffusion/MammoDiffusion/experiments/diffusers/04_sd21_lora/generated_images/final/negative/gen_0157.png,gen_0157.png,70.7912,48.0,2.0,0.32230377197265625,0.9778553674991123,0.3789520263671875,131.75094624521844,62.39989181481514,6.098285826794281,1344.120361328125,0.0,0.0,False,,-12.863294045064844,True,732.0
negative,/mnt/MammoDiffusion/MammoDiffusion/experiments/diffusers/04_sd21_lora/generated_images/final/negative/gen_0158.png,gen_0158.png,80.6868,49.0,3.0,0.32614898681640625,0.9892044258345224,0.34700775146484375,138.20291097772795,48.803509745469825,6.293712673430968,1157.2454833984375,0.0,0.0,False,,-8.071865476925662,True,286.0
negative,/mnt/MammoDiffusion/MammoDiffusion/experiments/diffusers/04_sd21_lora/generated_images/final/negative/gen_0159.png,gen_0159.png,112.8956,99.0,1.0,0.250030517578125,0.9644666178445014,0.2609748840332031,153.32891409527429,36.964027946597845,4.750807031748768,397.12762451171875,0.0,0.0,False,,-16.379057295205875,True,891.0
negative,/mnt/MammoDiffusion/MammoDiffusion/experiments/diffusers/04_sd21_lora/generated_images/final/negative/gen_0160.png,gen_0160.png,55.7912,33.0,2.0,0.47853851318359375,0.9894775441225707,0.4963340759277344,127.86167964276656,53.80314969252851,6.7568186679969005,1646.37744140625,0.0,0.0,False,,-9.579781591787745,True,489.0
negative,/mnt/MammoDiffusion/MammoDiffusion/experiments/diffusers/04_sd21_lora/generated_images/final/negative/gen_0161.png,gen_0161.png,137.7912,115.0,2.0,0.06653213500976562,0.9990826214093229,0.061672210693359375,171.72660357518401,12.672501417949537,3.924980723877522,198.75770568847656,0.0,0.0,True,too_empty,,False,
negative,/mnt/MammoDiffusion/MammoDiffusion/experiments/diffusers/04_sd21_lora/generated_images/final/negative/gen_0162.png,gen_0162.png,102.6868,71.0,3.0,0.2403564453125,0.9585608176739462,0.2629547119140625,158.45837927232634,51.77243205636895,5.912754858090201,823.9537353515625,0.0,0.0,False,,-20.017700574170192,True,1008.0
negative,/mnt/MammoDiffusion/MammoDiffusion/experiments/diffusers/04_sd21_lora/generated_images/final/negative/gen_0163.png,gen_0163.png,220.0,199.0,54.0,0.2198486328125,0.8594704330927263,0.18548965454101562,251.42838046272493,20.820037231796615,6.843885500118539,1772.0308837890625,0.0,0.0,False,,-62.134758360488135,False,
negative,/mnt/MammoDiffusion/MammoDiffusion/experiments/diffusers/04_sd21_lora/generated_images/final/negative/gen_0164.png,gen_0164.png,220.0,231.0,16.0,0.34839630126953125,0.9264644695061863,0.32318878173828125,244.535044026345,24.49954423246618,6.598644183455059,1874.9697265625,0.0,0.0,False,,-35.394364493257214,False,
negative,/mnt/MammoDiffusion/MammoDiffusion/experiments/diffusers/04_sd21_lora/generated_images/final/negative/gen_0165.png,gen_0165.png,68.7912,46.0,2.0,0.3556938171386719,0.996889846959021,0.3618888854980469,134.66537362834285,48.38489894684547,5.727332055136499,549.3220825195312,0.0,0.0,False,,-4.064462876555485,True,8.0
negative,/mnt/MammoDiffusion/MammoDiffusion/experiments/diffusers/04_sd21_lora/generated_images/final/negative/gen_0166.png,gen_0166.png,220.0,236.0,15.0,0.2799263000488281,0.9685885992286831,0.23265457153320312,249.43875125022544,14.879287937197514,7.003899711570463,1484.3525390625,0.0,0.0,False,,-20.450113854725032,True,1029.0
negative,/mnt/MammoDiffusion/MammoDiffusion/experiments/diffusers/04_sd21_lora/generated_images/final/negative/gen_0167.png,gen_0167.png,130.6868,99.0,3.0,0.21628570556640625,0.836537444001552,0.19081497192382812,169.8633373982927,30.71740647716873,6.2345915479308465,1009.9705810546875,0.0,0.0,False,,-67.30667799683677,False,
negative,/mnt/MammoDiffusion/MammoDiffusion/experiments/diffusers/04_sd21_lora/generated_images/final/negative/gen_0168.png,gen_0168.png,114.8956,101.0,1.0,0.11315155029296875,0.9945721798934664,0.10851669311523438,155.21882799592225,26.503838072044207,4.0980216842554436,224.1124267578125,0.0,0.0,True,too_empty,,False,
negative,/mnt/MammoDiffusion/MammoDiffusion/experiments/diffusers/04_sd21_lora/generated_images/final/negative/gen_0169.png,gen_0169.png,89.8956,76.0,1.0,0.3936500549316406,0.926826432025428,0.40018463134765625,136.76456065430003,44.91253305114362,6.021198375620104,794.2158203125,0.0,0.0,False,,-30.627133761463234,True,1304.0
negative,/mnt/MammoDiffusion/MammoDiffusion/experiments/diffusers/04_sd21_lora/generated_images/final/negative/gen_0170.png,gen_0170.png,220.0,217.0,30.0,0.37616729736328125,0.9383531082040361,0.3509941101074219,245.74071578398235,17.27215831232639,6.681000861699104,1751.765869140625,0.0,0.0,False,,-31.01171932123011,True,1319.0
negative,/mnt/MammoDiffusion/MammoDiffusion/experiments/diffusers/04_sd21_lora/generated_images/final/negative/gen_0171.png,gen_0171.png,101.6868,70.0,3.0,0.2503700256347656,0.9390093398138132,0.28204345703125,147.20028132438867,47.43082786625591,6.264683296923726,1267.6522216796875,0.0,0.0,False,,-27.76310411523792,True,1231.0
negative,/mnt/MammoDiffusion/MammoDiffusion/experiments/diffusers/04_sd21_lora/generated_images/final/negative/gen_0172.png,gen_0172.png,173.0,165.0,2.0,0.0487518310546875,0.5861502347417841,0.028118133544921875,196.78768145434813,16.332842107503808,6.42824622912865,676.4793090820312,0.0,0.0,True,too_empty,,False,
negative,/mnt/MammoDiffusion/MammoDiffusion/experiments/diffusers/04_sd21_lora/generated_images/final/negative/gen_0173.png,gen_0173.png,97.8956,84.0,1.0,0.2755241394042969,0.9272848103894665,0.34529876708984375,131.01966459709672,49.062344705148185,5.454756655167614,597.733154296875,0.0,0.0,False,,-30.265081200062347,True,1294.0
negative,/mnt/MammoDiffusion/MammoDiffusion/experiments/diffusers/04_sd21_lora/generated_images/final/negative/gen_0174.png,gen_0174.png,119.5824,79.0,4.0,0.13567352294921875,0.9128662205477142,0.13712310791015625,163.01360373894175,41.95813539992656,5.9406904657616595,1610.24169921875,0.0,0.0,False,,-38.82560185052244,False,
negative,/mnt/MammoDiffusion/MammoDiffusion/experiments/diffusers/04_sd21_lora/generated_images/final/negative/gen_0175.png,gen_0175.png,66.47800000000001,17.0,5.0,0.4330940246582031,0.9861273814661816,0.4767189025878906,122.81269754899215,55.4924527187689,6.900804368323319,1489.796142578125,0.0,0.0,False,,-10.634674947723019,True,593.0
negative,/mnt/MammoDiffusion/MammoDiffusion/experiments/diffusers/04_sd21_lora/generated_images/final/negative/gen_0176.png,gen_0176.png,93.6868,62.0,3.0,0.18964767456054688,0.7492306145026651,0.1683349609375,147.51538705583755,56.62243426742016,5.976227048054879,1419.5372314453125,0.0,0.0,True,fragmented_mask,,False,
negative,/mnt/MammoDiffusion/MammoDiffusion/experiments/diffusers/04_sd21_lora/generated_images/final/negative/gen_0177.png,gen_0177.png,151.0,141.0,6.0,0.04926300048828125,0.5126219606628465,0.023372650146484375,171.67210706708013,11.73701452202744,6.495365086708771,656.8104248046875,0.0,0.0,True,too_empty,,False,
negative,/mnt/MammoDiffusion/MammoDiffusion/experiments/diffusers/04_sd21_lora/generated_images/final/negative/gen_0178.png,gen_0178.png,80.7912,58.0,2.0,0.35082244873046875,0.9805036643977122,0.38169097900390625,142.56430270443144,57.00214036543169,6.097537587491724,1108.778076171875,0.0,0.0,False,,-11.426474757038608,True,652.0
negative,/mnt/MammoDiffusion/MammoDiffusion/experiments/diffusers/04_sd21_lora/generated_images/final/negative/gen_0179.png,gen_0179.png,108.47800000000001,59.0,5.0,0.10911178588867188,0.8281998391777087,0.08283233642578125,181.0834484664272,51.14854141346743,6.057224841919088,1945.5048828125,0.0,0.0,True,too_empty,,False,
negative,/mnt/MammoDiffusion/MammoDiffusion/experiments/diffusers/04_sd21_lora/generated_images/final/negative/gen_0180.png,gen_0180.png,186.0,173.0,6.0,0.04897308349609375,0.5804642467674093,0.028713226318359375,208.0328151986183,14.259093973556572,7.08934701105019,1267.3675537109375,0.0,0.0,True,too_empty,,False,
negative,/mnt/MammoDiffusion/MammoDiffusion/experiments/diffusers/04_sd21_lora/generated_images/final/negative/gen_0181.png,gen_0181.png,190.0,180.0,4.0,0.04662322998046875,0.48118147602683686,0.02698516845703125,200.58976533785693,11.078838834439663,6.478668890581757,1304.890869140625,0.0,0.0,True,too_empty,,False,
negative,/mnt/MammoDiffusion/MammoDiffusion/experiments/diffusers/04_sd21_lora/generated_images/final/negative/gen_0182.png,gen_0182.png,100.8956,87.0,1.0,0.3844642639160156,0.942372376841792,0.4385261535644531,138.1179484502901,41.69737710456458,5.581359674542252,326.7857666015625,0.0,0.0,False,,-24.816592577826828,True,1159.0
negative,/mnt/MammoDiffusion/MammoDiffusion/experiments/diffusers/04_sd21_lora/generated_images/final/negative/gen_0183.png,gen_0183.png,91.7912,69.0,2.0,0.3312568664550781,0.979490309430312,0.3382377624511719,147.64327201777436,43.21002002703309,5.915701226753728,672.9095458984375,0.0,0.0,False,,-10.771413405709769,True,601.0
negative,/mnt/MammoDiffusion/MammoDiffusion/experiments/diffusers/04_sd21_lora/generated_images/final/negative/gen_0184.png,gen_0184.png,53.6868,22.0,3.0,0.2984428405761719,0.9069214545919345,0.3183479309082031,122.01183899919715,63.316986702154324,6.367366604988949,2075.51318359375,0.0,0.0,False,,-41.26507736974024,False,
negative,/mnt/MammoDiffusion/MammoDiffusion/experiments/diffusers/04_sd21_lora/generated_images/final/negative/gen_0185.png,gen_0185.png,59.7912,37.0,2.0,0.4073371887207031,0.993332147104822,0.4307670593261719,128.03606882565995,55.831561923175435,6.460324161414905,1234.8251953125,0.0,0.0,False,,-6.989199432021013,True,140.0
negative,/mnt/MammoDiffusion/MammoDiffusion/experiments/diffusers/04_sd21_lora/generated_images/final/negative/gen_0186.png,gen_0186.png,196.6868,165.0,3.0,0.057491302490234375,0.6062636852232764,0.03577423095703125,215.0801876732779,12.430320608397997,6.5737344157864515,1043.470458984375,0.0,0.0,True,too_empty,,False,
negative,/mnt/MammoDiffusion/MammoDiffusion/experiments/diffusers/04_sd21_lora/generated_images/final/negative/gen_0187.png,gen_0187.png,100.0,88.0,3.0,0.0483856201171875,0.7481866918953012,0.0338134765625,176.5620487364621,38.4251843998658,4.664592999693823,582.3609008789062,0.0,0.0,True,too_empty,,False,
negative,/mnt/MammoDiffusion/MammoDiffusion/experiments/diffusers/04_sd21_lora/generated_images/final/negative/gen_0188.png,gen_0188.png,144.7912,122.0,2.0,0.057891845703125,0.959804955192409,0.0528411865234375,183.87287034363268,15.592594897647903,4.08056331051511,295.828125,0.0,0.0,True,too_empty,,False,
negative,/mnt/MammoDiffusion/MammoDiffusion/experiments/diffusers/04_sd21_lora/generated_images/final/negative/gen_0189.png,gen_0189.png,114.6868,83.0,3.0,0.299102783203125,0.9720309152127334,0.3290748596191406,160.91899379818003,44.974295218259954,6.312074528045614,1031.2452392578125,0.0,0.0,False,,-14.750887062199702,True,818.0
negative,/mnt/MammoDiffusion/MammoDiffusion/experiments/diffusers/04_sd21_lora/generated_images/final/negative/gen_0190.png,gen_0190.png,128.5824,88.0,4.0,0.17763519287109375,0.840291199587682,0.14864730834960938,167.40334128878283,30.79384566205327,6.23384641182903,1330.1187744140625,0.0,0.0,False,,-66.54414749498441,False,
negative,/mnt/MammoDiffusion/MammoDiffusion/experiments/diffusers/04_sd21_lora/generated_images/final/negative/gen_0191.png,gen_0191.png,149.5824,109.0,4.0,0.12343978881835938,0.7483853023888254,0.09304046630859375,189.4180811808118,26.41551147842185,5.85133904796033,970.1560668945312,0.0,0.0,True,too_empty,,False,
negative,/mnt/MammoDiffusion/MammoDiffusion/experiments/diffusers/04_sd21_lora/generated_images/final/negative/gen_0192.png,gen_0192.png,72.7912,50.0,2.0,0.3644371032714844,0.985178206939865,0.399017333984375,135.98772466539197,55.83969648915252,6.445148467172155,1377.0693359375,0.0,0.0,False,,-10.185023825932493,True,553.0
negative,/mnt/MammoDiffusion/MammoDiffusion/experiments/diffusers/04_sd21_lora/generated_images/final/negative/gen_0193.png,gen_0193.png,220.0,243.0,9.0,0.3735237121582031,0.9630401258208483,0.3500251770019531,250.75841625162113,16.667103551039737,6.473211634218428,1456.5201416015625,0.0,0.0,False,,-21.20372262424537,True,1051.0
negative,/mnt/MammoDiffusion/MammoDiffusion/experiments/diffusers/04_sd21_lora/generated_images/final/negative/gen_0194.png,gen_0194.png,179.0,172.0,5.0,0.04814910888671875,0.3660275709079385,0.01557159423828125,201.65360117589418,13.32797921301927,6.807713086980914,1122.404541015625,0.0,0.0,True,too_empty,,False,
negative,/mnt/MammoDiffusion/MammoDiffusion/experiments/diffusers/04_sd21_lora/generated_images/final/negative/gen_0195.png,gen_0195.png,102.7912,80.0,2.0,0.308135986328125,0.954144795483807,0.3335304260253906,149.17351572060892,44.32676409807186,5.949800344662641,692.1768798828125,0.0,0.0,False,,-20.51069399586162,True,1031.0
negative,/mnt/MammoDiffusion/MammoDiffusion/experiments/diffusers/04_sd21_lora/generated_images/final/negative/gen_0196.png,gen_0196.png,56.7912,34.0,2.0,0.32489776611328125,0.9952213220617588,0.33180999755859375,149.03882412453152,55.795739017862246,6.1882717422387925,1414.3455810546875,0.0,0.0,False,,-6.710173838903828,True,120.0
negative,/mnt/MammoDiffusion/MammoDiffusion/experiments/diffusers/04_sd21_lora/generated_images/final/negative/gen_0197.png,gen_0197.png,89.7912,67.0,2.0,0.3961372375488281,0.9488853579854591,0.5131340026855469,120.17377244173512,47.51102408625938,6.509285463300981,876.8842163085938,0.0,0.0,False,,-23.3907843238903,True,1126.0
negative,/mnt/MammoDiffusion/MammoDiffusion/experiments/diffusers/04_sd21_lora/generated_images/final/negative/gen_0198.png,gen_0198.png,94.6868,63.0,3.0,0.2696685791015625,0.9313642279182934,0.3522300720214844,130.49730871283913,51.64343797612198,6.17547748505107,994.6558227539062,0.0,0.0,False,,-29.685141149641968,True,1279.0
negative,/mnt/MammoDiffusion/MammoDiffusion/experiments/diffusers/04_sd21_lora/generated_images/final/negative/gen_0199.png,gen_0199.png,44.8956,31.0,1.0,0.491912841796875,0.9767743036168497,0.5265007019042969,107.70393931270333,60.01037318032029,6.531280646158693,1583.4921875,0.0,0.0,False,,-14.308838328385772,True,800.0
negative,/mnt/MammoDiffusion/MammoDiffusion/experiments/diffusers/04_sd21_lora/generated_images/final/negative/gen_0200.png,gen_0200.png,95.6868,64.0,3.0,0.2149810791015625,0.9787777698914046,0.24433517456054688,152.56659536931508,54.0536866854082,6.010218147130761,1226.532470703125,0.0,0.0,False,,-13.108410221613864,True,741.0
negative,/mnt/MammoDiffusion/MammoDiffusion/experiments/diffusers/04_sd21_lora/generated_images/final/negative/gen_0201.png,gen_0201.png,88.47800000000001,39.0,5.0,0.3994255065917969,0.9970680088246249,0.3950691223144531,155.44762226620963,33.74456304994466,6.744949147035932,1095.6292724609375,0.0,0.0,False,,-5.268139102660742,True,30.0
negative,/mnt/MammoDiffusion/MammoDiffusion/experiments/diffusers/04_sd21_lora/generated_images/final/negative/gen_0202.png,gen_0202.png,70.6868,39.0,3.0,0.2852935791015625,0.9776835856019682,0.319061279296875,143.40538020086083,63.83017741825328,6.383135905933342,1755.415283203125,0.0,0.0,False,,-14.401936864439756,True,803.0
negative,/mnt/MammoDiffusion/MammoDiffusion/experiments/diffusers/04_sd21_lora/generated_images/final/negative/gen_0203.png,gen_0203.png,220.0,232.0,16.0,0.41135406494140625,0.9532244004673851,0.3927154541015625,245.86688425224386,23.36510593198024,5.904458922378046,1677.0260009765625,0.0,0.0,False,,-24.096712482843756,True,1137.0
negative,/mnt/MammoDiffusion/MammoDiffusion/experiments/diffusers/04_sd21_lora/generated_images/final/negative/gen_0204.png,gen_0204.png,137.5824,97.0,4.0,0.11877059936523438,0.9788983459129597,0.12384414672851562,178.25448945017712,35.58618253099938,5.498947434836423,1056.7747802734375,0.0,0.0,False,,-13.06563674650129,True,740.0
negative,/mnt/MammoDiffusion/MammoDiffusion/experiments/diffusers/04_sd21_lora/generated_images/final/negative/gen_0205.png,gen_0205.png,46.6868,15.0,3.0,0.6271591186523438,0.9959733829665584,0.6564254760742188,121.16806332012227,54.418630284852064,7.444058507289887,1663.6602783203125,0.0,0.0,False,,-8.716147824533298,True,377.0
negative,/mnt/MammoDiffusion/MammoDiffusion/experiments/diffusers/04_sd21_lora/generated_images/final/negative/gen_0206.png,gen_0206.png,37.6868,6.0,3.0,0.5362701416015625,0.9880281690140845,0.5621185302734375,118.57946062596704,59.77814452499673,7.219290729039912,2091.644287109375,0.0,0.0,False,,-11.714966367087086,True,676.0
negative,/mnt/MammoDiffusion/MammoDiffusion/experiments/diffusers/04_sd21_lora/generated_images/final/negative/gen_0207.png,gen_0207.png,220.0,215.0,1.0,0.051342010498046875,0.5214354706887585,0.0261993408203125,231.674868957484,8.548305495625648,6.680465064735722,1748.9732666015625,0.0,0.0,True,too_empty,,False,
negative,/mnt/MammoDiffusion/MammoDiffusion/experiments/diffusers/04_sd21_lora/generated_images/final/negative/gen_0208.png,gen_0208.png,43.6868,12.0,3.0,0.4320182800292969,0.9880001059593293,0.43296051025390625,132.48236092265944,53.9568456924917,6.713386407025734,1652.89697265625,0.0,0.0,False,,-9.77386114889839,True,510.0
negative,/mnt/MammoDiffusion/MammoDiffusion/experiments/diffusers/04_sd21_lora/generated_images/final/negative/gen_0209.png,gen_0209.png,127.0,122.0,0.0,0.22270584106445312,0.7864544971823024,0.12344741821289062,160.33107753159666,37.67928592703033,4.749886581419697,318.79022216796875,0.0,0.0,False,,-85.04129540635958,False,
negative,/mnt/MammoDiffusion/MammoDiffusion/experiments/diffusers/04_sd21_lora/generated_images/final/negative/gen_0210.png,gen_0210.png,100.6868,69.0,3.0,0.3127021789550781,0.8750808192941578,0.3119316101074219,150.29419965513446,49.00694229678046,6.595872057762313,794.2312622070312,0.0,0.0,False,,-51.60963590479351,False,
negative,/mnt/MammoDiffusion/MammoDiffusion/experiments/diffusers/04_sd21_lora/generated_images/final/negative/gen_0211.png,gen_0211.png,49.6868,18.0,3.0,0.535064697265625,0.9952660696971425,0.5682411193847656,127.45086969072442,59.90604844146416,7.202619940267559,1945.741455078125,0.0,0.0,False,,-8.964909943830191,True,413.0
negative,/mnt/MammoDiffusion/MammoDiffusion/experiments/diffusers/04_sd21_lora/generated_images/final/negative/gen_0212.png,gen_0212.png,62.8956,49.0,1.0,0.45063018798828125,0.9899432828240075,0.4597206115722656,136.11270153427432,50.37661430093822,5.933756899504074,1056.718994140625,0.0,0.0,False,,-7.636789508952463,True,211.0
negative,/mnt/MammoDiffusion/MammoDiffusion/experiments/diffusers/04_sd21_lora/generated_images/final/negative/gen_0213.png,gen_0213.png,96.7912,74.0,2.0,0.3801383972167969,0.987365907015484,0.4366035461425781,143.6185945322534,49.22068114110584,6.468888245461965,1044.4588623046875,0.0,0.0,False,,-8.965190094614368,True,414.0
negative,/mnt/MammoDiffusion/MammoDiffusion/experiments/diffusers/04_sd21_lora/generated_images/final/negative/gen_0214.png,gen_0214.png,101.8956,88.0,1.0,0.4364013671875,0.9670104895104895,0.4934577941894531,142.01705358040152,42.91423067160382,6.2690415398466826,769.7918090820312,0.0,0.0,False,,-16.171500198916327,True,885.0
negative,/mnt/MammoDiffusion/MammoDiffusion/experiments/diffusers/04_sd21_lora/generated_images/final/negative/gen_0215.png,gen_0215.png,73.7912,51.0,2.0,0.34454345703125,0.979251550044287,0.38573455810546875,134.0720544314563,57.95819447945481,6.123675706479973,1187.023193359375,0.0,0.0,False,,-11.90245925960205,True,685.0
negative,/mnt/MammoDiffusion/MammoDiffusion/experiments/diffusers/04_sd21_lora/generated_images/final/negative/gen_0216.png,gen_0216.png,117.5824,77.0,4.0,0.18173980712890625,0.8934133747533689,0.14385223388671875,170.14245558207372,41.96791172615437,6.340466408860339,1809.9232177734375,0.0,0.0,False,,-46.89087086613298,False,
negative,/mnt/MammoDiffusion/MammoDiffusion/experiments/diffusers/04_sd21_lora/generated_images/final/negative/gen_0217.png,gen_0217.png,112.8956,99.0,1.0,0.3027458190917969,0.9931328200798861,0.30925750732421875,158.76288392747009,35.204258498468775,5.021405123167999,231.40621948242188,0.0,0.0,False,,-5.815129279117819,True,53.0
negative,/mnt/MammoDiffusion/MammoDiffusion/experiments/diffusers/04_sd21_lora/generated_images/final/negative/gen_0218.png,gen_0218.png,78.5824,38.0,4.0,0.5170135498046875,0.9808163385768675,0.6329803466796875,124.21411783140081,52.00627278960045,7.181473307277792,761.7286376953125,0.0,0.0,False,,-12.813010623269417,True,730.0
negative,/mnt/MammoDiffusion/MammoDiffusion/experiments/diffusers/04_sd21_lora/generated_images/final/negative/gen_0219.png,gen_0219.png,135.8956,122.0,1.0,0.17255401611328125,0.6782287659724986,0.11697006225585938,194.96830055767538,26.814696017615177,6.665333985430428,719.8578491210938,0.0,0.0,True,fragmented_mask,,False,
negative,/mnt/MammoDiffusion/MammoDiffusion/experiments/diffusers/04_sd21_lora/generated_images/final/negative/gen_0220.png,gen_0220.png,106.7912,84.0,2.0,0.23432540893554688,0.9949696387582008,0.23177719116210938,169.56014746786485,40.877392765932655,5.610232787669062,613.7002563476562,0.0,0.0,False,,-5.696454354352128,True,40.0
negative,/mnt/MammoDiffusion/MammoDiffusion/experiments/diffusers/04_sd21_lora/generated_images/final/negative/gen_0221.png,gen_0221.png,71.47800000000001,22.0,5.0,0.4176597595214844,0.9931955391964343,0.4446754455566406,137.77969271418644,54.76091092255351,6.779152569140399,1386.0966796875,0.0,0.0,False,,-7.7193920178673565,True,226.0
negative,/mnt/MammoDiffusion/MammoDiffusion/experiments/diffusers/04_sd21_lora/generated_images/final/negative/gen_0222.png,gen_0222.png,79.8956,66.0,1.0,0.4160575866699219,0.9135668900767419,0.45435333251953125,128.69141772874582,50.8318469816583,5.6918194211924185,830.6622924804688,0.0,0.0,False,,-35.9702513177165,False,
negative,/mnt/MammoDiffusion/MammoDiffusion/experiments/diffusers/04_sd21_lora/generated_images/final/negative/gen_0223.png,gen_0223.png,80.7912,58.0,2.0,0.19657135009765625,0.9213856006209975,0.20228958129882812,135.2839389767863,54.524221015809125,5.302667338674759,1090.9278564453125,0.0,0.0,False,,-34.111924538284896,False,
negative,/mnt/MammoDiffusion/MammoDiffusion/experiments/diffusers/04_sd21_lora/generated_images/final/negative/gen_0224.png,gen_0224.png,64.8956,51.0,1.0,0.6462135314941406,0.9970897456331427,0.6736907958984375,120.40324681207673,46.035534227873406,6.924721117042056,931.5765380859375,0.0,0.0,False,,-6.532949132914644,True,102.0
negative,/mnt/MammoDiffusion/MammoDiffusion/experiments/diffusers/04_sd21_lora/generated_images/final/negative/gen_0225.png,gen_0225.png,196.0,168.0,8.0,0.04904937744140625,0.38691864986778657,0.0262451171875,221.42093023255813,21.15635654810349,7.307976767412354,1096.38818359375,0.0,0.0,True,too_empty,,False,
negative,/mnt/MammoDiffusion/MammoDiffusion/experiments/diffusers/04_sd21_lora/generated_images/final/negative/gen_0226.png,gen_0226.png,123.6868,92.0,3.0,0.14466476440429688,0.8681011523349946,0.14255142211914062,166.62613396130482,45.97978458261789,5.609144065537072,997.39306640625,0.0,0.0,False,,-54.960301593507694,False,
negative,/mnt/MammoDiffusion/MammoDiffusion/experiments/diffusers/04_sd21_lora/generated_images/final/negative/gen_0227.png,gen_0227.png,139.6868,108.0,3.0,0.06243896484375,0.9820992179863147,0.05644989013671875,183.70056764427625,21.038101565433195,4.728576558152907,631.022705078125,0.0,0.0,True,too_empty,,False,
negative,/mnt/MammoDiffusion/MammoDiffusion/experiments/diffusers/04_sd21_lora/generated_images/final/negative/gen_0228.png,gen_0228.png,96.6868,65.0,3.0,0.40825653076171875,0.9888340714993179,0.465087890625,148.43296423884513,48.60088964262378,6.762944245656317,1193.6937255859375,0.0,0.0,False,,-9.098811655277302,True,427.0
negative,/mnt/MammoDiffusion/MammoDiffusion/experiments/diffusers/04_sd21_lora/generated_images/final/negative/gen_0229.png,gen_0229.png,101.6868,70.0,3.0,0.20217132568359375,0.9689044869617721,0.23440933227539062,151.5059642955947,56.761830934977034,6.018101313960743,1318.628173828125,0.0,0.0,False,,-17.177812977674574,True,920.0
negative,/mnt/MammoDiffusion/MammoDiffusion/experiments/diffusers/04_sd21_lora/generated_images/final/negative/gen_0230.png,gen_0230.png,220.0,247.0,3.0,0.3661651611328125,0.9475976163687128,0.3436393737792969,248.5321092770001,18.44285659372133,6.253131969354869,2027.0888671875,0.0,0.0,False,,-27.543001611796953,True,1225.0
negative,/mnt/MammoDiffusion/MammoDiffusion/experiments/diffusers/04_sd21_lora/generated_images/final/negative/gen_0231.png,gen_0231.png,64.6868,33.0,3.0,0.3928489685058594,0.9868327782255324,0.4214744567871094,133.4984296795098,60.50352312164933,6.791851452958323,1843.5279541015625,0.0,0.0,False,,-10.828870296375662,True,607.0
negative,/mnt/MammoDiffusion/MammoDiffusion/experiments/diffusers/04_sd21_lora/generated_images/final/negative/gen_0232.png,gen_0232.png,60.478,11.0,5.0,0.40648651123046875,0.9459637005199046,0.4541587829589844,122.88238209231028,60.57964490636034,7.187415448467888,2926.099609375,0.0,0.0,False,,-28.14688594029424,True,1243.0
negative,/mnt/MammoDiffusion/MammoDiffusion/experiments/diffusers/04_sd21_lora/generated_images/final/negative/gen_0233.png,gen_0233.png,71.0,66.0,0.0,0.5588226318359375,0.9957335554159954,0.5684471130371094,120.73044324396872,43.518191902952374,5.973213670073921,559.4649658203125,0.0,0.0,False,,-5.261333794626635,True,29.0
negative,/mnt/MammoDiffusion/MammoDiffusion/experiments/diffusers/04_sd21_lora/generated_images/final/negative/gen_0234.png,gen_0234.png,220.0,179.0,72.0,0.09954833984375,0.4453939301042305,0.034091949462890625,253.8258923576144,8.265071804895271,7.141496395903838,1194.45263671875,0.0,0.0,True,too_empty,,False,
negative,/mnt/MammoDiffusion/MammoDiffusion/experiments/diffusers/04_sd21_lora/generated_images/final/negative/gen_0235.png,gen_0235.png,116.6868,85.0,3.0,0.274017333984375,0.8905362512529235,0.2932167053222656,155.95462173941326,41.889810590677065,6.399074914255911,1260.7530517578125,0.0,0.0,False,,-46.0409125362977,False,
negative,/mnt/MammoDiffusion/MammoDiffusion/experiments/diffusers/04_sd21_lora/generated_images/final/negative/gen_0236.png,gen_0236.png,125.8956,112.0,1.0,0.172882080078125,0.5289055604589585,0.065826416015625,184.78477051460362,30.759941570644894,6.065426266255942,503.078125,0.0,0.0,True,too_empty,,False,
negative,/mnt/MammoDiffusion/MammoDiffusion/experiments/diffusers/04_sd21_lora/generated_images/final/negative/gen_0237.png,gen_0237.png,66.6868,35.0,3.0,0.2893333435058594,0.9573878993236383,0.34906005859375,123.90847394649414,64.86820745214172,6.285163024043804,1790.1951904296875,0.0,0.0,False,,-21.576840053637362,True,1063.0
negative,/mnt/MammoDiffusion/MammoDiffusion/experiments/diffusers/04_sd21_lora/generated_images/final/negative/gen_0238.png,gen_0238.png,124.6868,93.0,3.0,0.1899261474609375,0.8406242468064594,0.16483688354492188,174.67839207609174,38.94618341659149,6.182947390197082,1071.6158447265625,0.0,0.0,False,,-65.61140788562203,False,
negative,/mnt/MammoDiffusion/MammoDiffusion/experiments/diffusers/04_sd21_lora/generated_images/final/negative/gen_0239.png,gen_0239.png,121.0,107.0,3.0,0.04955291748046875,0.8806774441878368,0.044986724853515625,179.72746544560331,28.83086358961231,4.651742820573324,487.8495178222656,0.0,0.0,True,too_empty,,False,
negative,/mnt/MammoDiffusion/MammoDiffusion/experiments/diffusers/04_sd21_lora/generated_images/final/negative/gen_0240.png,gen_0240.png,117.6868,86.0,3.0,0.19809722900390625,0.9620835740419796,0.2407379150390625,160.1364327818977,50.18326610557869,5.835449701601096,915.715576171875,0.0,0.0,False,,-18.8314048158775,True,969.0
negative,/mnt/MammoDiffusion/MammoDiffusion/experiments/diffusers/04_sd21_lora/generated_images/final/negative/gen_0241.png,gen_0241.png,146.5824,106.0,4.0,0.06448745727539062,0.7863945578231293,0.04766845703125,176.87924135723432,16.238594872862237,5.346504954711565,847.5756225585938,0.0,0.0,True,too_empty,,False,
negative,/mnt/MammoDiffusion/MammoDiffusion/experiments/diffusers/04_sd21_lora/generated_images/final/negative/gen_0242.png,gen_0242.png,14.8956,1.0,1.0,0.6963043212890625,0.9828632787675585,0.7273635864257812,85.50036711874718,65.35983638528786,6.847785500107988,2807.28564453125,0.0,0.0,False,,-15.19932762614634,True,846.0
negative,/mnt/MammoDiffusion/MammoDiffusion/experiments/diffusers/04_sd21_lora/generated_images/final/negative/gen_0243.png,gen_0243.png,80.7912,58.0,2.0,0.2976188659667969,0.968353862520668,0.33217620849609375,141.61014263074486,57.262277766185065,5.9861197955664025,988.4517822265625,0.0,0.0,False,,-16.114117483105375,True,880.0
negative,/mnt/MammoDiffusion/MammoDiffusion/experiments/diffusers/04_sd21_lora/generated_images/final/negative/gen_0244.png,gen_0244.png,81.5824,41.0,4.0,0.2733726501464844,0.9222053221327603,0.2870750427246094,149.51868978805396,64.09288753193621,6.567384017135266,1968.180908203125,0.0,0.0,False,,-36.2289407233186,False,
negative,/mnt/MammoDiffusion/MammoDiffusion/experiments/diffusers/04_sd21_lora/generated_images/final/negative/gen_0245.png,gen_0245.png,95.7912,73.0,2.0,0.30374908447265625,0.9604651746916836,0.32318115234375,155.62030217186023,48.929436467959185,6.0285053381739555,1058.14501953125,0.0,0.0,False,,-19.09454211222297,True,977.0
negative,/mnt/MammoDiffusion/MammoDiffusion/experiments/diffusers/04_sd21_lora/generated_images/final/negative/gen_0246.png,gen_0246.png,148.5824,108.0,4.0,0.06993484497070312,0.9428898707249223,0.061004638671875,184.13763131565784,26.806145084649703,5.137524027482181,851.537109375,0.0,0.0,True,too_empty,,False,
negative,/mnt/MammoDiffusion/MammoDiffusion/experiments/diffusers/04_sd21_lora/generated_images/final/negative/gen_0247.png,gen_0247.png,102.7912,80.0,2.0,0.3886451721191406,0.9821458368096112,0.42657470703125,141.35930569466305,38.435231867699656,5.996789451214749,694.3564453125,0.0,0.0,False,,-9.476803834661387,True,479.0
negative,/mnt/MammoDiffusion/MammoDiffusion/experiments/diffusers/04_sd21_lora/generated_images/final/negative/gen_0248.png,gen_0248.png,128.8956,115.0,1.0,0.34052276611328125,0.9542939080949073,0.3753395080566406,159.3996219243239,32.174191343028355,5.477129404380917,210.54901123046875,0.0,0.0,False,,-20.693896964690712,True,1036.0
negative,/mnt/MammoDiffusion/MammoDiffusion/experiments/diffusers/04_sd21_lora/generated_images/final/negative/gen_0249.png,gen_0249.png,160.6868,129.0,3.0,0.11693954467773438,0.566008807698581,0.06424331665039062,200.52134671337808,20.598431610831717,5.527743838613581,688.7158813476562,0.0,0.0,True,too_empty,,False,
negative,/mnt/MammoDiffusion/MammoDiffusion/experiments/diffusers/04_sd21_lora/generated_images/final/negative/gen_0250.png,gen_0250.png,83.6868,52.0,3.0,0.2902717590332031,0.9905904616719015,0.3253211975097656,144.31052637750494,56.918845168686936,6.451189824964503,1468.2432861328125,0.0,0.0,False,,-8.782606489304058,True,387.0
negative,/mnt/MammoDiffusion/MammoDiffusion/experiments/diffusers/04_sd21_lora/generated_images/final/negative/gen_0251.png,gen_0251.png,129.7912,107.0,2.0,0.07443618774414062,0.9789883667298724,0.06963729858398438,168.7176663927691,25.742630744851105,4.393032748546929,298.3722229003906,0.0,0.0,True,too_empty,,False,
negative,/mnt/MammoDiffusion/MammoDiffusion/experiments/diffusers/04_sd21_lora/generated_images/final/negative/gen_0252.png,gen_0252.png,197.8956,184.0,1.0,0.06109619140625,0.6433566433566433,0.03903961181640625,207.30662497557162,10.119347467236185,5.8935111869609695,879.3377685546875,0.0,0.0,True,too_empty,,False,
negative,/mnt/MammoDiffusion/MammoDiffusion/experiments/diffusers/04_sd21_lora/generated_images/final/negative/gen_0253.png,gen_0253.png,168.0,156.0,5.0,0.049884796142578125,0.5716907547602661,0.02838134765625,199.36155913978496,20.455266581064556,6.446234131607245,1090.7501220703125,0.0,0.0,True,too_empty,,False,
negative,/mnt/MammoDiffusion/MammoDiffusion/experiments/diffusers/04_sd21_lora/generated_images/final/negative/gen_0254.png,gen_0254.png,114.8956,101.0,1.0,0.22502899169921875,0.9352771656212917,0.2394561767578125,149.97717135028356,38.33115720162238,4.944893553237714,406.94488525390625,0.0,0.0,False,,-27.618952817797215,True,1228.0
negative,/mnt/MammoDiffusion/MammoDiffusion/experiments/diffusers/04_sd21_lora/generated_images/final/negative/gen_0255.png,gen_0255.png,32.7912,10.0,2.0,0.6014328002929688,0.9999809719526582,0.5964469909667969,136.58354385852707,38.15266032407542,6.578017142638879,648.2051391601562,0.0,0.0,False,,-5.253756502534954,True,28.0
negative,/mnt/MammoDiffusion/MammoDiffusion/experiments/diffusers/04_sd21_lora/generated_images/final/negative/gen_0256.png,gen_0256.png,96.5824,56.0,4.0,0.2698860168457031,0.8507258053117358,0.22309112548828125,163.62950993468075,54.0385248001437,6.6377038804804,1577.7637939453125,0.0,0.0,False,,-63.031759166155844,False,
negative,/mnt/MammoDiffusion/MammoDiffusion/experiments/diffusers/04_sd21_lora/generated_images/final/negative/gen_0257.png,gen_0257.png,71.6868,40.0,3.0,0.4670219421386719,0.9846194058500167,0.5397987365722656,121.94006572205929,54.566314003394965,6.849003356620367,1108.0133056640625,0.0,0.0,False,,-11.01685412188096,True,620.0
negative,/mnt/MammoDiffusion/MammoDiffusion/experiments/diffusers/04_sd21_lora/generated_images/final/negative/gen_0258.png,gen_0258.png,151.7912,129.0,2.0,0.14073944091796875,0.7392529950669485,0.1038360595703125,187.38728875826598,20.697637118500722,6.373540466635652,680.7923583984375,0.0,0.0,True,too_empty,,False,
negative,/mnt/MammoDiffusion/MammoDiffusion/experiments/diffusers/04_sd21_lora/generated_images/final/negative/gen_0259.png,gen_0259.png,220.0,200.0,31.0,0.35111236572265625,0.9355402968210165,0.3231201171875,231.49609227427277,6.7175080122596205,6.983606750778786,1860.117431640625,0.0,0.0,True,low_contrast,,False,
negative,/mnt/MammoDiffusion/MammoDiffusion/experiments/diffusers/04_sd21_lora/generated_images/final/negative/gen_0260.png,gen_0260.png,95.6868,64.0,3.0,0.18632125854492188,0.8061339393567144,0.15338134765625,169.46177377636292,47.24473982217342,5.921148820844639,1363.33056640625,0.0,0.0,False,,-79.26824740523539,False,
negative,/mnt/MammoDiffusion/MammoDiffusion/experiments/diffusers/04_sd21_lora/generated_images/final/negative/gen_0261.png,gen_0261.png,67.5824,27.0,4.0,0.4484367370605469,0.9838968993237208,0.5142707824707031,128.13382982353335,58.097664373374975,7.271647007256222,2352.825439453125,0.0,0.0,False,,-13.428126800009673,True,761.0
negative,/mnt/MammoDiffusion/MammoDiffusion/experiments/diffusers/04_sd21_lora/generated_images/final/negative/gen_0262.png,gen_0262.png,112.6868,81.0,3.0,0.1989898681640625,0.929299900314393,0.22974777221679688,145.72113835987182,41.729084317426754,5.671863787268775,760.2716064453125,0.0,0.0,False,,-30.292076630948554,True,1295.0
negative,/mnt/MammoDiffusion/MammoDiffusion/experiments/diffusers/04_sd21_lora/generated_images/final/negative/gen_0263.png,gen_0263.png,87.7912,65.0,2.0,0.3139190673828125,0.988552957760171,0.329620361328125,155.4058420516619,50.582346839689265,6.187303306646404,1015.6549072265625,0.0,0.0,False,,-8.55648053289061,True,361.0
negative,/mnt/MammoDiffusion/MammoDiffusion/experiments/diffusers/04_sd21_lora/generated_images/final/negative/gen_0264.png,gen_0264.png,138.478,89.0,5.0,0.20216751098632812,0.8129516765099911,0.16881179809570312,184.84236096987775,34.03509891431755,6.480367498953133,1474.6395263671875,0.0,0.0,False,,-77.31459323519442,False,
negative,/mnt/MammoDiffusion/MammoDiffusion/experiments/diffusers/04_sd21_lora/generated_images/final/negative/gen_0265.png,gen_0265.png,131.478,82.0,5.0,0.0972442626953125,0.9859956064647732,0.09806060791015625,176.9398583988174,30.10009173554647,5.648545100562656,1468.925537109375,0.0,0.0,True,too_empty,,False,
negative,/mnt/MammoDiffusion/MammoDiffusion/experiments/diffusers/04_sd21_lora/generated_images/final/negative/gen_0266.png,gen_0266.png,59.6868,28.0,3.0,0.5463485717773438,0.9926477775760707,0.6011505126953125,123.76103510419576,57.65083452430717,7.274265356716244,1567.70458984375,0.0,0.0,False,,-9.553134993655743,True,488.0
negative,/mnt/MammoDiffusion/MammoDiffusion/experiments/diffusers/04_sd21_lora/generated_images/final/negative/gen_0267.png,gen_0267.png,50.7912,28.0,2.0,0.4270896911621094,0.9862092373100867,0.4433479309082031,125.22445169117458,57.11928636692856,6.498227423512531,1504.4791259765625,0.0,0.0,False,,-10.186881920613027,True,555.0
negative,/mnt/MammoDiffusion/MammoDiffusion/experiments/diffusers/04_sd21_lora/generated_images/final/negative/gen_0268.png,gen_0268.png,220.0,250.0,0.0,0.5021781921386719,0.9822018641325403,0.4863548278808594,247.92576179458018,19.04629738966976,5.173590150278082,1401.803466796875,0.0,0.0,False,,-13.017988140973573,True,738.0
negative,/mnt/MammoDiffusion/MammoDiffusion/experiments/diffusers/04_sd21_lora/generated_images/final/negative/gen_0269.png,gen_0269.png,136.7912,114.0,2.0,0.20232391357421875,0.7998227685810174,0.09224319458007812,180.05020470617427,37.411633641513696,6.054237906482135,652.248046875,0.0,0.0,True,too_empty,,False,
negative,/mnt/MammoDiffusion/MammoDiffusion/experiments/diffusers/04_sd21_lora/generated_images/final/negative/gen_0270.png,gen_0270.png,128.6868,97.0,3.0,0.0728912353515625,0.8641930081641197,0.056087493896484375,173.00244847990206,18.054400085108288,4.776110246871515,490.19561767578125,0.0,0.0,True,too_empty,,False,
negative,/mnt/MammoDiffusion/MammoDiffusion/experiments/diffusers/04_sd21_lora/generated_images/final/negative/gen_0271.png,gen_0271.png,73.47800000000001,24.0,5.0,0.35642242431640625,0.9109852944324336,0.34014892578125,139.6555827202584,55.924508014259104,7.223694334957598,2705.220703125,0.0,0.0,False,,-41.049355918766615,False,
negative,/mnt/MammoDiffusion/MammoDiffusion/experiments/diffusers/04_sd21_lora/generated_images/final/negative/gen_0272.png,gen_0272.png,163.8956,150.0,1.0,0.10226058959960938,0.6353564367515947,0.0626983642578125,200.77336334874664,19.33731265960281,6.427406138934871,701.468994140625,0.0,0.0,True,too_empty,,False,
negative,/mnt/MammoDiffusion/MammoDiffusion/experiments/diffusers/04_sd21_lora/generated_images/final/negative/gen_0273.png,gen_0273.png,139.7912,117.0,2.0,0.08723831176757812,0.9751191569373387,0.0818939208984375,162.2531209241662,12.148985357087646,4.000600781297734,257.60986328125,0.0,0.0,True,too_empty,,False,
negative,/mnt/MammoDiffusion/MammoDiffusion/experiments/diffusers/04_sd21_lora/generated_images/final/negative/gen_0274.png,gen_0274.png,103.7912,81.0,2.0,0.2907447814941406,0.982090609706496,0.32122802734375,152.37097425422763,51.24000601583544,6.203759105969125,1064.0345458984375,0.0,0.0,False,,-11.125455928382129,True,628.0
negative,/mnt/MammoDiffusion/MammoDiffusion/experiments/diffusers/04_sd21_lora/generated_images/final/negative/gen_0275.png,gen_0275.png,122.6868,91.0,3.0,0.21714019775390625,0.8360914936228523,0.19739532470703125,171.03028253391565,41.81133570225438,6.053241351340315,732.7255249023438,0.0,0.0,False,,-66.61360147089752,False,
negative,/mnt/MammoDiffusion/MammoDiffusion/experiments/diffusers/04_sd21_lora/generated_images/final/negative/gen_0276.png,gen_0276.png,60.8956,47.0,1.0,0.5951271057128906,0.9963720041792461,0.6210441589355469,126.19231832337242,52.07828000804885,6.562877578267146,857.1888427734375,0.0,0.0,False,,-6.4715827529551575,True,97.0
negative,/mnt/MammoDiffusion/MammoDiffusion/experiments/diffusers/04_sd21_lora/generated_images/final/negative/gen_0277.png,gen_0277.png,156.478,107.0,5.0,0.052463531494140625,0.8838071693448702,0.03984832763671875,193.403120811794,18.003343495346723,5.242120818064715,1131.679443359375,0.0,0.0,True,too_empty,,False,
negative,/mnt/MammoDiffusion/MammoDiffusion/experiments/diffusers/04_sd21_lora/generated_images/final/negative/gen_0278.png,gen_0278.png,111.7912,89.0,2.0,0.08444595336914062,0.9931336676153046,0.07782363891601562,165.48811332777805,27.89223431065619,4.566175844337602,509.3690185546875,0.0,0.0,True,too_empty,,False,
negative,/mnt/MammoDiffusion/MammoDiffusion/experiments/diffusers/04_sd21_lora/generated_images/final/negative/gen_0279.png,gen_0279.png,220.0,254.0,1.0,0.31238555908203125,0.9660642325070217,0.29232025146484375,253.21083126712776,15.891831366761666,6.080395062642899,1568.114990234375,0.0,0.0,False,,-20.34629911028661,True,1025.0
negative,/mnt/MammoDiffusion/MammoDiffusion/experiments/diffusers/04_sd21_lora/generated_images/final/negative/gen_0280.png,gen_0280.png,220.0,254.0,0.0,0.3891334533691406,0.9771000597986452,0.3590354919433594,251.88749349228104,19.32890363898326,5.709158840945772,1623.956787109375,0.0,0.0,False,,-15.260008629588736,True,850.0
negative,/mnt/MammoDiffusion/MammoDiffusion/experiments/diffusers/04_sd21_lora/generated_images/final/negative/gen_0281.png,gen_0281.png,39.0,34.0,0.0,0.6543998718261719,0.9965199041662052,0.6659202575683594,113.40370745902719,58.92529029297881,6.664587429478923,1000.7352905273438,0.0,0.0,False,,-7.138758985842051,True,158.0
negative,/mnt/MammoDiffusion/MammoDiffusion/experiments/diffusers/04_sd21_lora/generated_images/final/negative/gen_0282.png,gen_0282.png,59.6868,28.0,3.0,0.376190185546875,0.894256510099781,0.4225273132324219,124.4882135731246,61.489639398035735,6.641980088480921,1734.6148681640625,0.0,0.0,False,,-45.58675682035867,False,
negative,/mnt/MammoDiffusion/MammoDiffusion/experiments/diffusers/04_sd21_lora/generated_images/final/negative/gen_0283.png,gen_0283.png,61.5824,21.0,4.0,0.4661521911621094,0.995024509202203,0.46771240234375,149.27573241550306,48.22863753842095,7.033649059806261,1827.881591796875,0.0,0.0,False,,-7.833615559638825,True,243.0
negative,/mnt/MammoDiffusion/MammoDiffusion/experiments/diffusers/04_sd21_lora/generated_images/final/negative/gen_0284.png,gen_0284.png,112.8956,99.0,1.0,0.4334602355957031,0.9746015541807109,0.5155220031738281,150.62474008628027,42.201700138761005,6.171794778387197,573.4183349609375,0.0,0.0,False,,-13.526660030646902,True,763.0
negative,/mnt/MammoDiffusion/MammoDiffusion/experiments/diffusers/04_sd21_lora/generated_images/final/negative/gen_0285.png,gen_0285.png,103.8956,90.0,1.0,0.28302001953125,0.9582704334699159,0.3180694580078125,150.6409930438954,48.09939356061787,5.524609558219811,514.7108764648438,0.0,0.0,False,,-19.154067847581118,True,980.0
negative,/mnt/MammoDiffusion/MammoDiffusion/experiments/diffusers/04_sd21_lora/generated_images/final/negative/gen_0286.png,gen_0286.png,78.47800000000001,29.0,5.0,0.4439125061035156,0.9160687124577851,0.5346107482910156,124.57492596953156,53.39352031501378,7.314773407790583,1703.390869140625,0.0,0.0,False,,-38.161096635366484,False,
negative,/mnt/MammoDiffusion/MammoDiffusion/experiments/diffusers/04_sd21_lora/generated_images/final/negative/gen_0287.png,gen_0287.png,118.6868,87.0,3.0,0.17034149169921875,0.9389976261925024,0.19095993041992188,155.84366447591842,41.69333874444326,5.56978573746206,721.8783569335938,0.0,0.0,False,,-26.91283863578746,True,1212.0
negative,/mnt/MammoDiffusion/MammoDiffusion/experiments/diffusers/04_sd21_lora/generated_images/final/negative/gen_0288.png,gen_0288.png,220.0,219.0,21.0,0.28234100341796875,0.9559677898775907,0.2647743225097656,234.97291417539512,27.093711441071687,7.181251200349881,1633.4190673828125,0.0,0.0,False,,-24.458763557934297,True,1148.0
negative,/mnt/MammoDiffusion/MammoDiffusion/experiments/diffusers/04_sd21_lora/generated_images/final/negative/gen_0289.png,gen_0289.png,117.5824,77.0,4.0,0.18642807006835938,0.5607824681303841,0.1038360595703125,176.54000734753856,30.497215295478785,6.16796116944829,1262.484619140625,0.0,0.0,True,too_empty,,False,
negative,/mnt/MammoDiffusion/MammoDiffusion/experiments/diffusers/04_sd21_lora/generated_images/final/negative/gen_0290.png,gen_0290.png,99.5824,59.0,4.0,0.24439620971679688,0.9443395195654549,0.26282501220703125,156.23887485848647,52.80894338738518,6.500818097740106,1511.2193603515625,0.0,0.0,False,,-26.841908125904006,True,1209.0
negative,/mnt/MammoDiffusion/MammoDiffusion/experiments/diffusers/04_sd21_lora/generated_images/final/negative/gen_0291.png,gen_0291.png,41.7912,19.0,2.0,0.3616600036621094,0.9919837142827006,0.38036346435546875,122.63957476682378,63.23782456331537,6.380922183687957,1872.4046630859375,0.0,0.0,False,,-8.318469804733116,True,322.0
negative,/mnt/MammoDiffusion/MammoDiffusion/experiments/diffusers/04_sd21_lora/generated_images/final/negative/gen_0292.png,gen_0292.png,72.8956,59.0,1.0,0.4364204406738281,0.9944233206590621,0.4836273193359375,122.87224325603407,51.34315632337376,6.192938331776764,722.1445922851562,0.0,0.0,False,,-5.692734758543781,True,39.0
negative,/mnt/MammoDiffusion/MammoDiffusion/experiments/diffusers/04_sd21_lora/generated_images/final/negative/gen_0293.png,gen_0293.png,115.7912,93.0,2.0,0.19328689575195312,0.8403560362351734,0.19695281982421875,165.09893472787138,48.26490604123942,5.533430293783423,1098.534912109375,0.0,0.0,False,,-65.28701250558854,False,
negative,/mnt/MammoDiffusion/MammoDiffusion/experiments/diffusers/04_sd21_lora/generated_images/final/negative/gen_0294.png,gen_0294.png,131.8956,118.0,1.0,0.24970626831054688,0.778594234559037,0.13278961181640625,180.47673082447574,26.976362796458783,6.106249318098641,412.6080627441406,0.0,0.0,False,,-89.91446305053192,False,
negative,/mnt/MammoDiffusion/MammoDiffusion/experiments/diffusers/04_sd21_lora/generated_images/final/negative/gen_0295.png,gen_0295.png,137.7912,115.0,2.0,0.137786865234375,0.8888981173864895,0.1367034912109375,162.37484652304946,27.012201857433542,5.075871542056283,393.8467102050781,0.0,0.0,False,,-46.86623980467257,False,
negative,/mnt/MammoDiffusion/MammoDiffusion/experiments/diffusers/04_sd21_lora/generated_images/final/negative/gen_0296.png,gen_0296.png,97.7912,75.0,2.0,0.248748779296875,0.9152711323763956,0.2759437561035156,143.13580878388652,51.3512777629902,5.8562411926650375,1118.267822265625,0.0,0.0,False,,-36.406979336536985,False,
negative,/mnt/MammoDiffusion/MammoDiffusion/experiments/diffusers/04_sd21_lora/generated_images/final/negative/gen_0297.png,gen_0297.png,133.3736,75.0,6.0,0.21912765502929688,0.915150671100047,0.20949172973632812,175.96039477757344,39.85823268257026,6.886099391932504,2003.491455078125,0.0,0.0,False,,-38.90727087003167,False,
negative,/mnt/MammoDiffusion/MammoDiffusion/experiments/diffusers/04_sd21_lora/generated_images/final/negative/gen_0298.png,gen_0298.png,94.5824,54.0,4.0,0.3453941345214844,0.9417182995924588,0.3251800537109375,148.058045141007,48.965147735388,6.878771204327988,1877.701904296875,0.0,0.0,False,,-27.871456892356193,True,1234.0
negative,/mnt/MammoDiffusion/MammoDiffusion/experiments/diffusers/04_sd21_lora/generated_images/final/negative/gen_0299.png,gen_0299.png,211.0,205.0,5.0,0.01236724853515625,0.21375694016039481,0.002490997314453125,212.73813169984686,1.2164143581738651,6.033576944406979,560.2152099609375,0.0,0.0,True,too_empty,,False,
negative,/mnt/MammoDiffusion/MammoDiffusion/experiments/diffusers/04_sd21_lora/generated_images/final/negative/gen_0300.png,gen_0300.png,137.7912,115.0,2.0,0.10506820678710938,0.8410122354137167,0.0965576171875,175.5543615676359,31.95896868579555,4.711646164368449,402.7382507324219,0.0,0.0,True,too_empty,,False,
negative,/mnt/MammoDiffusion/MammoDiffusion/experiments/diffusers/04_sd21_lora/generated_images/final/negative/gen_0301.png,gen_0301.png,220.0,249.0,3.0,0.461273193359375,0.9428217002977175,0.4309272766113281,250.13836143938389,21.43364373167068,5.5524896719963825,2030.00341796875,0.0,0.0,False,,-28.65166344355334,True,1259.0
negative,/mnt/MammoDiffusion/MammoDiffusion/experiments/diffusers/04_sd21_lora/generated_images/final/negative/gen_0302.png,gen_0302.png,97.8956,84.0,1.0,0.23564910888671875,0.9516625117363292,0.2597999572753906,154.28473680346525,49.12185806525232,5.1647080694674115,625.8407592773438,0.0,0.0,False,,-21.721664518936077,True,1067.0
negative,/mnt/MammoDiffusion/MammoDiffusion/experiments/diffusers/04_sd21_lora/generated_images/final/negative/gen_0303.png,gen_0303.png,116.7912,94.0,2.0,0.20927047729492188,0.8558668586740553,0.20653152465820312,146.65200125597977,29.559291127887818,5.370981749451509,437.26904296875,0.0,0.0,False,,-58.707068280313614,False,
negative,/mnt/MammoDiffusion/MammoDiffusion/experiments/diffusers/04_sd21_lora/generated_images/final/negative/gen_0304.png,gen_0304.png,135.7912,113.0,2.0,0.14792251586914062,0.8311370142094541,0.1295166015625,182.77556550424129,32.10838415756691,5.374619036610694,577.494384765625,0.0,0.0,False,,-68.9254304269344,False,
negative,/mnt/MammoDiffusion/MammoDiffusion/experiments/diffusers/04_sd21_lora/generated_images/final/negative/gen_0305.png,gen_0305.png,44.6868,13.0,3.0,0.610137939453125,0.9960611213924874,0.6283378601074219,117.4980238593935,53.06697081380606,7.247721713271794,1839.7108154296875,0.0,0.0,False,,-8.423501135309113,True,339.0
negative,/mnt/MammoDiffusion/MammoDiffusion/experiments/diffusers/04_sd21_lora/generated_images/final/negative/gen_0306.png,gen_0306.png,220.0,203.0,49.0,0.24881744384765625,0.8911630331462913,0.2210693359375,250.75855880728878,19.27038125677863,6.714768367703755,1935.9840087890625,0.0,0.0,False,,-50.04890158510709,False,
negative,/mnt/MammoDiffusion/MammoDiffusion/experiments/diffusers/04_sd21_lora/generated_images/final/negative/gen_0307.png,gen_0307.png,71.6868,40.0,3.0,0.5349044799804688,0.9967480138637304,0.5350341796875,154.03388090349077,43.70785746098473,6.854541265927532,962.6431884765625,0.0,0.0,False,,-6.174157365804114,True,75.0
negative,/mnt/MammoDiffusion/MammoDiffusion/experiments/diffusers/04_sd21_lora/generated_images/final/negative/gen_0308.png,gen_0308.png,96.3736,38.0,6.0,0.4471588134765625,0.9680344651083432,0.50311279296875,146.2782512434793,47.74282025564512,7.392945438934187,1912.830810546875,0.0,0.0,False,,-18.652026329220064,True,957.0
negative,/mnt/MammoDiffusion/MammoDiffusion/experiments/diffusers/04_sd21_lora/generated_images/final/negative/gen_0309.png,gen_0309.png,39.7912,17.0,2.0,0.49785614013671875,0.9923530763926136,0.5043869018554688,114.86025774833234,54.50215628925156,6.594519011624189,1258.0111083984375,0.0,0.0,False,,-7.699056269130728,True,221.0
negative,/mnt/MammoDiffusion/MammoDiffusion/experiments/diffusers/04_sd21_lora/generated_images/final/negative/gen_0310.png,gen_0310.png,220.0,180.0,63.0,0.18719863891601562,0.47942860636195056,0.08838272094726562,246.78937373214208,38.16827050801491,7.037021129906839,1562.97021484375,0.0,0.0,True,too_empty,,False,
negative,/mnt/MammoDiffusion/MammoDiffusion/experiments/diffusers/04_sd21_lora/generated_images/final/negative/gen_0311.png,gen_0311.png,220.0,188.0,63.0,0.16068649291992188,0.8149941837001163,0.12874984741210938,249.97724511866315,27.589938756341652,7.1507942809395395,1566.5330810546875,0.0,0.0,False,,-78.99139699983962,False,
negative,/mnt/MammoDiffusion/MammoDiffusion/experiments/diffusers/04_sd21_lora/generated_images/final/negative/gen_0312.png,gen_0312.png,64.5824,24.0,4.0,0.3188972473144531,0.974963216383363,0.3424339294433594,138.77070638430604,59.260413060310384,6.61924266453489,1738.7781982421875,0.0,0.0,False,,-15.12681974522336,True,839.0
negative,/mnt/MammoDiffusion/MammoDiffusion/experiments/diffusers/04_sd21_lora/generated_images/final/negative/gen_0313.png,gen_0313.png,147.5824,107.0,4.0,0.19876861572265625,0.8916439565501094,0.19191360473632812,181.08141684390466,33.05560122880077,6.284338466368801,1258.3157958984375,0.0,0.0,False,,-46.832622464058986,False,
negative,/mnt/MammoDiffusion/MammoDiffusion/experiments/diffusers/04_sd21_lora/generated_images/final/negative/gen_0314.png,gen_0314.png,89.6868,58.0,3.0,0.26345062255859375,0.9590368075062987,0.3353462219238281,131.61091583341866,56.46390333773976,6.218768565475473,1470.87255859375,0.0,0.0,False,,-20.24679900796518,True,1018.0
negative,/mnt/MammoDiffusion/MammoDiffusion/experiments/diffusers/04_sd21_lora/generated_images/final/negative/gen_0315.png,gen_0315.png,113.6868,82.0,3.0,0.15683746337890625,0.7957873230529746,0.13434600830078125,162.60687716508605,45.62659650407166,5.734828923914064,1016.98388671875,0.0,0.0,False,,-82.49758741465841,False,
negative,/mnt/MammoDiffusion/MammoDiffusion/experiments/diffusers/04_sd21_lora/generated_images/final/negative/gen_0316.png,gen_0316.png,124.7912,102.0,2.0,0.199188232421875,0.9122682702619886,0.21532821655273438,168.06402466030082,43.55521826186432,5.634849861128059,881.4671020507812,0.0,0.0,False,,-37.47258425460245,False,
negative,/mnt/MammoDiffusion/MammoDiffusion/experiments/diffusers/04_sd21_lora/generated_images/final/negative/gen_0317.png,gen_0317.png,220.0,255.0,0.0,0.36714935302734375,0.9390935727199052,0.34497833251953125,251.04579030010837,23.231004771754005,6.097242150981127,1704.546630859375,0.0,0.0,False,,-29.9871149054557,True,1287.0
negative,/mnt/MammoDiffusion/MammoDiffusion/experiments/diffusers/04_sd21_lora/generated_images/final/negative/gen_0318.png,gen_0318.png,146.0,140.0,2.0,0.043193817138671875,0.8336130000883158,0.031688690185546875,185.7948717948718,21.06079999528437,3.6435035115976877,170.4633026123047,0.0,0.0,True,too_empty,,False,
negative,/mnt/MammoDiffusion/MammoDiffusion/experiments/diffusers/04_sd21_lora/generated_images/final/negative/gen_0319.png,gen_0319.png,104.7912,82.0,2.0,0.12736129760742188,0.41638961272351516,0.0517425537109375,162.1526835741669,47.99151385369881,5.2869719578903505,926.816162109375,0.0,0.0,True,too_empty,,False,
negative,/mnt/MammoDiffusion/MammoDiffusion/experiments/diffusers/04_sd21_lora/generated_images/final/negative/gen_0320.png,gen_0320.png,83.8956,70.0,1.0,0.349365234375,0.921591107617051,0.3898735046386719,136.94833811140572,55.439868739669,6.022336399396075,897.1929931640625,0.0,0.0,False,,-33.25134701234351,False,
negative,/mnt/MammoDiffusion/MammoDiffusion/experiments/diffusers/04_sd21_lora/generated_images/final/negative/gen_0321.png,gen_0321.png,159.0,132.0,3.0,0.049587249755859375,0.9583044849603816,0.043487548828125,194.87657894736842,18.383763208328908,4.89537256751119,724.0972290039062,0.0,0.0,True,too_empty,,False,
negative,/mnt/MammoDiffusion/MammoDiffusion/experiments/diffusers/04_sd21_lora/generated_images/final/negative/gen_0322.png,gen_0322.png,210.0,137.0,60.0,0.0447998046875,0.09366485013623978,0.00284576416015625,231.4959785522788,14.307166876864038,7.375323529909139,1969.883056640625,0.0,0.0,True,too_empty,,False,
negative,/mnt/MammoDiffusion/MammoDiffusion/experiments/diffusers/04_sd21_lora/generated_images/final/negative/gen_0323.png,gen_0323.png,51.5824,11.0,4.0,0.373046875,0.9867576079842932,0.4212532043457031,119.20459299640493,64.38157648946544,6.88876632143291,2379.458251953125,0.0,0.0,False,,-11.60692076377185,True,670.0
negative,/mnt/MammoDiffusion/MammoDiffusion/experiments/diffusers/04_sd21_lora/generated_images/final/negative/gen_0324.png,gen_0324.png,74.7912,52.0,2.0,0.5889434814453125,0.9804259398398839,0.6748695373535156,119.8618643061844,49.57185627055307,7.0660603423340085,963.0502319335938,0.0,0.0,False,,-13.206099651093938,True,748.0
negative,/mnt/MammoDiffusion/MammoDiffusion/experiments/diffusers/04_sd21_lora/generated_images/final/negative/gen_0325.png,gen_0325.png,76.7912,54.0,2.0,0.2999076843261719,0.9844312443556901,0.328277587890625,142.21900855257041,55.036591830276706,5.844224837910792,1167.224365234375,0.0,0.0,False,,-10.048151874938739,True,540.0
negative,/mnt/MammoDiffusion/MammoDiffusion/experiments/diffusers/04_sd21_lora/generated_images/final/negative/gen_0326.png,gen_0326.png,74.8956,61.0,1.0,0.3877525329589844,0.984849528269403,0.3977699279785156,136.57071341574522,46.52104735641793,5.677673851099255,387.4057312011719,0.0,0.0,False,,-8.657040604654949,True,374.0
negative,/mnt/MammoDiffusion/MammoDiffusion/experiments/diffusers/04_sd21_lora/generated_images/final/negative/gen_0327.png,gen_0327.png,69.8956,56.0,1.0,0.6802177429199219,0.9970389479292263,0.6991386413574219,127.74695948710954,44.13333321614807,6.726156417909587,716.8212280273438,0.0,0.0,False,,-6.297547860907653,True,85.0
negative,/mnt/MammoDiffusion/MammoDiffusion/experiments/diffusers/04_sd21_lora/generated_images/final/negative/gen_0328.png,gen_0328.png,137.5824,97.0,4.0,0.06479644775390625,0.883374543741905,0.0532684326171875,197.91836150100258,25.48689281277752,5.337441567935749,844.6604614257812,0.0,0.0,True,too_empty,,False,
negative,/mnt/MammoDiffusion/MammoDiffusion/experiments/diffusers/04_sd21_lora/generated_images/final/negative/gen_0329.png,gen_0329.png,60.7912,38.0,2.0,0.28444671630859375,0.9396239572995735,0.2999229431152344,122.58631698103608,59.358230378153024,5.90223632009034,1116.5440673828125,0.0,0.0,False,,-27.11073401420261,True,1216.0
negative,/mnt/MammoDiffusion/MammoDiffusion/experiments/diffusers/04_sd21_lora/generated_images/final/negative/gen_0330.png,gen_0330.png,130.7912,108.0,2.0,0.159759521484375,0.5004536771728749,0.18244171142578125,163.48806088738343,37.978936381090975,5.249278824811393,604.5800170898438,0.0,0.0,True,fragmented_mask,,False,
negative,/mnt/MammoDiffusion/MammoDiffusion/experiments/diffusers/04_sd21_lora/generated_images/final/negative/gen_0331.png,gen_0331.png,139.8956,126.0,1.0,0.08311080932617188,0.8618901179602515,0.06830215454101562,180.89477799497348,14.597631834161922,3.9326017855552307,198.4842529296875,0.0,0.0,True,too_empty,,False,
negative,/mnt/MammoDiffusion/MammoDiffusion/experiments/diffusers/04_sd21_lora/generated_images/final/negative/gen_0332.png,gen_0332.png,68.6868,37.0,3.0,0.3117179870605469,0.9437190234351098,0.3560829162597656,123.82060099630404,59.821891069002994,6.460288065718113,1754.5113525390625,0.0,0.0,False,,-26.543841901186862,True,1203.0
negative,/mnt/MammoDiffusion/MammoDiffusion/experiments/diffusers/04_sd21_lora/generated_images/final/negative/gen_0333.png,gen_0333.png,169.8956,156.0,1.0,0.06328582763671875,0.6559975889089813,0.04062652587890625,192.83708920187794,17.069623652006833,5.64763894883272,456.5551452636719,0.0,0.0,True,too_empty,,False,
negative,/mnt/MammoDiffusion/MammoDiffusion/experiments/diffusers/04_sd21_lora/generated_images/final/negative/gen_0334.png,gen_0334.png,120.5824,80.0,4.0,0.17761993408203125,0.730338043898458,0.1391143798828125,162.2401831742898,35.55877206234463,6.351819937198426,1418.386474609375,0.0,0.0,True,fragmented_mask,,False,
negative,/mnt/MammoDiffusion/MammoDiffusion/experiments/diffusers/04_sd21_lora/generated_images/final/negative/gen_0335.png,gen_0335.png,31.7912,9.0,2.0,0.6100807189941406,0.9980991565006971,0.6075820922851562,140.17830279895023,44.03893989069461,6.985771696973371,1238.6024169921875,0.0,0.0,False,,-6.403088872323437,True,94.0
negative,/mnt/MammoDiffusion/MammoDiffusion/experiments/diffusers/04_sd21_lora/generated_images/final/negative/gen_0336.png,gen_0336.png,220.0,209.0,27.0,0.21881866455078125,0.9466371465430076,0.1828155517578125,234.51656789917368,24.009828589526073,7.2665741197595475,2130.881591796875,0.0,0.0,False,,-29.44326541892086,True,1276.0
negative,/mnt/MammoDiffusion/MammoDiffusion/experiments/diffusers/04_sd21_lora/generated_images/final/negative/gen_0337.png,gen_0337.png,151.478,102.0,5.0,0.062347412109375,0.5547601566324033,0.0364837646484375,171.20535340861565,23.123635040380368,6.862056880860497,815.5745849609375,0.0,0.0,True,too_empty,,False,
negative,/mnt/MammoDiffusion/MammoDiffusion/experiments/diffusers/04_sd21_lora/generated_images/final/negative/gen_0338.png,gen_0338.png,131.0,121.0,3.0,0.049297332763671875,0.7194149965178365,0.032260894775390625,187.85207520397304,26.46146351224113,4.637996307951626,561.9741821289062,0.0,0.0,True,too_empty,,False,
negative,/mnt/MammoDiffusion/MammoDiffusion/experiments/diffusers/04_sd21_lora/generated_images/final/negative/gen_0339.png,gen_0339.png,129.5824,89.0,4.0,0.2524566650390625,0.578105167724388,0.13762283325195312,178.48377082351638,25.835250099022698,6.836021721626017,1175.5819091796875,0.0,0.0,True,fragmented_mask,,False,
negative,/mnt/MammoDiffusion/MammoDiffusion/experiments/diffusers/04_sd21_lora/generated_images/final/negative/gen_0340.png,gen_0340.png,220.0,236.0,0.0,0.43384552001953125,0.9304141387496703,0.397796630859375,235.5306290755658,15.08770363652202,6.083294640299481,1624.109375,0.0,0.0,False,,-33.13105490362814,False,
negative,/mnt/MammoDiffusion/MammoDiffusion/experiments/diffusers/04_sd21_lora/generated_images/final/negative/gen_0341.png,gen_0341.png,63.5824,23.0,4.0,0.27918243408203125,0.9028775995408957,0.3573760986328125,117.67043465266214,68.4344816038136,6.66177950511886,2426.416748046875,0.0,0.0,False,,-43.45016107720551,False,
negative,/mnt/MammoDiffusion/MammoDiffusion/experiments/diffusers/04_sd21_lora/generated_images/final/negative/gen_0342.png,gen_0342.png,52.8956,39.0,1.0,0.542694091796875,0.9866304897936231,0.6075248718261719,115.92755197508461,61.47719246716518,6.602604930295696,1131.880126953125,0.0,0.0,False,,-10.800271168609386,True,603.0
negative,/mnt/MammoDiffusion/MammoDiffusion/experiments/diffusers/04_sd21_lora/generated_images/final/negative/gen_0343.png,gen_0343.png,130.8956,117.0,1.0,0.1438140869140625,0.9522281167108754,0.16711807250976562,159.177862996188,36.358675081806076,4.459190397448121,382.0243835449219,0.0,0.0,False,,-21.565177531722036,True,1061.0
negative,/mnt/MammoDiffusion/MammoDiffusion/experiments/diffusers/04_sd21_lora/generated_images/final/negative/gen_0344.png,gen_0344.png,123.47800000000001,74.0,5.0,0.17815399169921875,0.8991906128217207,0.16944503784179688,174.32378036425854,47.22778389558226,6.549039366547275,1888.698486328125,0.0,0.0,False,,-45.163589345287264,False,
negative,/mnt/MammoDiffusion/MammoDiffusion/experiments/diffusers/04_sd21_lora/generated_images/final/negative/gen_0345.png,gen_0345.png,153.8956,140.0,1.0,0.1373291015625,0.49,0.06518173217773438,183.51524550828114,17.21453248472656,4.698346750617185,299.7559814453125,0.0,0.0,True,too_empty,,False,
negative,/mnt/MammoDiffusion/MammoDiffusion/experiments/diffusers/04_sd21_lora/generated_images/final/negative/gen_0346.png,gen_0346.png,220.0,200.0,53.0,0.2214508056640625,0.6365499896644388,0.13796615600585938,253.51621644040148,4.421961492567312,6.898347574311853,1792.28076171875,0.0,0.0,True,low_contrast,,False,
negative,/mnt/MammoDiffusion/MammoDiffusion/experiments/diffusers/04_sd21_lora/generated_images/final/negative/gen_0347.png,gen_0347.png,112.5824,72.0,4.0,0.302337646484375,0.9326612496214798,0.3244590759277344,148.5155957909588,40.86657728576443,6.330242241710991,555.206787109375,0.0,0.0,False,,-29.029985261771415,True,1269.0
negative,/mnt/MammoDiffusion/MammoDiffusion/experiments/diffusers/04_sd21_lora/generated_images/final/negative/gen_0348.png,gen_0348.png,51.5824,11.0,4.0,0.40801239013671875,0.9429589184539726,0.4593544006347656,113.3855684828554,63.84404550191079,7.084489818545309,2016.6302490234375,0.0,0.0,False,,-28.03612296367949,True,1242.0
negative,/mnt/MammoDiffusion/MammoDiffusion/experiments/diffusers/04_sd21_lora/generated_images/final/negative/gen_0349.png,gen_0349.png,220.0,215.0,20.0,0.4571037292480469,0.9753227569746384,0.43514251708984375,234.58135355483475,17.441265017855887,6.884077059506877,2086.273681640625,0.0,0.0,False,,-17.491147457207976,True,925.0
negative,/mnt/MammoDiffusion/MammoDiffusion/experiments/diffusers/04_sd21_lora/generated_images/final/negative/gen_0350.png,gen_0350.png,59.7912,37.0,2.0,0.5147705078125,0.9961539601612521,0.5336837768554688,135.03040699918515,52.54706881208083,6.756627520987152,1485.286376953125,0.0,0.0,False,,-7.143020554540291,True,159.0
negative,/mnt/MammoDiffusion/MammoDiffusion/experiments/diffusers/04_sd21_lora/generated_images/final/negative/gen_0351.png,gen_0351.png,95.3736,37.0,6.0,0.41826629638671875,0.9535596373784725,0.4685935974121094,137.3384999877889,48.45412968414047,7.405652748261208,2230.974609375,0.0,0.0,False,,-24.225649558222596,True,1139.0
negative,/mnt/MammoDiffusion/MammoDiffusion/experiments/diffusers/04_sd21_lora/generated_images/final/negative/gen_0352.png,gen_0352.png,128.478,79.0,5.0,0.2165985107421875,0.7704121169425854,0.1660919189453125,180.91520440973818,37.62320777543764,6.756670256712816,1779.2353515625,0.0,0.0,False,,-93.85064751790256,False,
negative,/mnt/MammoDiffusion/MammoDiffusion/experiments/diffusers/04_sd21_lora/generated_images/final/negative/gen_0353.png,gen_0353.png,99.6868,68.0,3.0,0.321990966796875,0.9296393706757653,0.3621368408203125,142.50640458433406,51.817751327634426,6.656378748320092,1232.3388671875,0.0,0.0,False,,-31.215935081271553,True,1326.0
negative,/mnt/MammoDiffusion/MammoDiffusion/experiments/diffusers/04_sd21_lora/generated_images/final/negative/gen_0354.png,gen_0354.png,133.7912,111.0,2.0,0.051280975341796875,0.9662277765379752,0.046600341796875,176.12909299279633,24.810495613007443,4.017333790799332,232.25347900390625,0.0,0.0,True,too_empty,,False,
negative,/mnt/MammoDiffusion/MammoDiffusion/experiments/diffusers/04_sd21_lora/generated_images/final/negative/gen_0355.png,gen_0355.png,194.0,177.0,6.0,0.04836273193359375,0.4890361255718568,0.025691986083984375,202.6195991091314,9.867732638581034,6.703517888019949,1359.308349609375,0.0,0.0,True,too_empty,,False,
negative,/mnt/MammoDiffusion/MammoDiffusion/experiments/diffusers/04_sd21_lora/generated_images/final/negative/gen_0356.png,gen_0356.png,154.6868,123.0,3.0,0.055980682373046875,0.9483475298126065,0.0507049560546875,189.8283930183569,19.528938619669248,4.94743581309093,737.2090454101562,0.0,0.0,True,too_empty,,False,
negative,/mnt/MammoDiffusion/MammoDiffusion/experiments/diffusers/04_sd21_lora/generated_images/final/negative/gen_0357.png,gen_0357.png,121.8956,108.0,1.0,0.14764022827148438,0.7712580420122471,0.12072372436523438,163.59323158593233,36.52209712687307,4.5597231416890995,286.95245361328125,0.0,0.0,False,,-90.82678493013088,False,
negative,/mnt/MammoDiffusion/MammoDiffusion/experiments/diffusers/04_sd21_lora/generated_images/final/negative/gen_0358.png,gen_0358.png,131.6868,100.0,3.0,0.1405792236328125,0.7395528058178661,0.05905914306640625,170.39652499677044,33.0158804444088,5.606496496284903,755.4671630859375,0.0,0.0,True,too_empty,,False,
negative,/mnt/MammoDiffusion/MammoDiffusion/experiments/diffusers/04_sd21_lora/generated_images/final/negative/gen_0359.png,gen_0359.png,76.6868,45.0,3.0,0.31634521484375,0.9211122901794327,0.3342781066894531,141.75904095676088,58.85574900955257,6.565787344231913,1427.0458984375,0.0,0.0,False,,-35.186948986730066,False,
negative,/mnt/MammoDiffusion/MammoDiffusion/experiments/diffusers/04_sd21_lora/generated_images/final/negative/gen_0360.png,gen_0360.png,24.8956,11.0,1.0,0.8574676513671875,0.9971171812438829,0.86077880859375,117.25742306601433,54.36089463810015,7.449658786675127,1065.9791259765625,0.0,0.0,False,,-8.801275415144781,True,393.0
negative,/mnt/MammoDiffusion/MammoDiffusion/experiments/diffusers/04_sd21_lora/generated_images/final/negative/gen_0361.png,gen_0361.png,94.8956,81.0,1.0,0.361114501953125,0.9988696864700414,0.36151123046875,162.09719525578254,39.548084998921446,5.516211704210306,434.2819519042969,0.0,0.0,False,,-3.3704881595172655,True,0.0
negative,/mnt/MammoDiffusion/MammoDiffusion/experiments/diffusers/04_sd21_lora/generated_images/final/negative/gen_0362.png,gen_0362.png,97.7912,75.0,2.0,0.25603485107421875,0.9828659971989631,0.2708625793457031,152.2813323005422,44.362771130480425,5.724121067531248,651.0065307617188,0.0,0.0,False,,-9.955887962672898,True,533.0
negative,/mnt/MammoDiffusion/MammoDiffusion/experiments/diffusers/04_sd21_lora/generated_images/final/negative/gen_0363.png,gen_0363.png,96.7912,74.0,2.0,0.5265655517578125,0.9685154597351415,0.5143051147460938,161.98384536648322,38.17230594483603,6.6312918742443445,848.7797241210938,0.0,0.0,False,,-16.360047623068546,True,889.0
negative,/mnt/MammoDiffusion/MammoDiffusion/experiments/diffusers/04_sd21_lora/generated_images/final/negative/gen_0364.png,gen_0364.png,220.0,207.0,21.0,0.13230133056640625,0.9058012802029871,0.1136016845703125,229.4655137676293,7.325887158161027,7.653873931044956,1245.189208984375,0.0,0.0,True,low_contrast,,False,
negative,/mnt/MammoDiffusion/MammoDiffusion/experiments/diffusers/04_sd21_lora/generated_images/final/negative/gen_0365.png,gen_0365.png,146.7912,124.0,2.0,0.066253662109375,0.9081068631966835,0.05753326416015625,173.30659063784643,18.628292524607552,4.576434791149572,415.5942687988281,0.0,0.0,True,too_empty,,False,
negative,/mnt/MammoDiffusion/MammoDiffusion/experiments/diffusers/04_sd21_lora/generated_images/final/negative/gen_0366.png,gen_0366.png,163.6868,132.0,3.0,0.061859130859375,0.921682289097188,0.054576873779296875,186.61773956804362,17.02294205506443,4.803095711629122,549.6038208007812,0.0,0.0,True,too_empty,,False,
negative,/mnt/MammoDiffusion/MammoDiffusion/experiments/diffusers/04_sd21_lora/generated_images/final/negative/gen_0367.png,gen_0367.png,64.6868,33.0,3.0,0.339019775390625,0.9902443964353227,0.3600044250488281,134.12569272991215,57.34238521880159,6.560184785077958,1562.9873046875,0.0,0.0,False,,-8.741563743818237,True,381.0
negative,/mnt/MammoDiffusion/MammoDiffusion/experiments/diffusers/04_sd21_lora/generated_images/final/negative/gen_0368.png,gen_0368.png,220.0,237.0,5.0,0.2982673645019531,0.921702541278185,0.26590728759765625,241.78592947522452,4.049289678835782,7.228765608401166,1615.0224609375,0.0,0.0,True,low_contrast,,False,
negative,/mnt/MammoDiffusion/MammoDiffusion/experiments/diffusers/04_sd21_lora/generated_images/final/negative/gen_0369.png,gen_0369.png,72.47800000000001,23.0,5.0,0.5184898376464844,0.996196263951324,0.5397682189941406,142.2263722905786,52.03239220638009,7.352321731408143,1856.6435546875,0.0,0.0,False,,-8.26424448699418,True,316.0
negative,/mnt/MammoDiffusion/MammoDiffusion/experiments/diffusers/04_sd21_lora/generated_images/final/negative/gen_0370.png,gen_0370.png,63.6868,32.0,3.0,0.5690155029296875,0.9980826472875493,0.5656356811523438,149.70537773641402,44.252068272773045,6.9503463589145404,1205.4014892578125,0.0,0.0,False,,-6.230987697622388,True,78.0
negative,/mnt/MammoDiffusion/MammoDiffusion/experiments/diffusers/04_sd21_lora/generated_images/final/negative/gen_0371.png,gen_0371.png,220.0,229.0,9.0,0.374603271484375,0.9749083503054989,0.3564796447753906,236.332320303053,17.330417852629143,6.916295555094305,1767.98779296875,0.0,0.0,False,,-17.15620286503087,True,919.0
negative,/mnt/MammoDiffusion/MammoDiffusion/experiments/diffusers/04_sd21_lora/generated_images/final/negative/gen_0372.png,gen_0372.png,119.5824,79.0,4.0,0.14398193359375,0.9070845697329377,0.11442184448242188,171.19633272212036,34.77797019793559,5.881629326202949,1105.2457275390625,0.0,0.0,False,,-40.68638630065094,False,
negative,/mnt/MammoDiffusion/MammoDiffusion/experiments/diffusers/04_sd21_lora/generated_images/final/negative/gen_0373.png,gen_0373.png,91.0,86.0,0.0,0.4473991394042969,0.9723659865453647,0.5242385864257812,124.77578478599392,38.89408440572385,6.062798078306365,501.01300048828125,0.0,0.0,False,,-13.83906972131171,True,774.0
negative,/mnt/MammoDiffusion/MammoDiffusion/experiments/diffusers/04_sd21_lora/generated_images/final/negative/gen_0374.png,gen_0374.png,220.0,213.0,36.0,0.22156524658203125,0.8449089218690816,0.18795394897460938,243.44608390331027,36.82093399199437,7.044912338688336,1814.4439697265625,0.0,0.0,False,,-66.86871652837686,False,
negative,/mnt/MammoDiffusion/MammoDiffusion/experiments/diffusers/04_sd21_lora/generated_images/final/negative/gen_0375.png,gen_0375.png,73.5824,33.0,4.0,0.4393882751464844,0.941779602892788,0.4806060791015625,131.85033495253515,56.75588583440062,7.236606491348338,2014.10546875,0.0,0.0,False,,-28.69575068010644,True,1260.0
negative,/mnt/MammoDiffusion/MammoDiffusion/experiments/diffusers/04_sd21_lora/generated_images/final/negative/gen_0376.png,gen_0376.png,90.47800000000001,41.0,5.0,0.222930908203125,0.969678302532512,0.24887466430664062,149.05761714259438,54.968451584771756,6.598063151061025,2298.34130859375,0.0,0.0,False,,-18.438815213406478,True,952.0
negative,/mnt/MammoDiffusion/MammoDiffusion/experiments/diffusers/04_sd21_lora/generated_images/final/negative/gen_0377.png,gen_0377.png,220.0,209.0,10.0,0.14516067504882812,0.10285654219115445,0.0098876953125,229.43171296296296,5.949826003604247,7.133690042769445,1655.24365234375,0.0,0.0,True,too_empty,,False,
negative,/mnt/MammoDiffusion/MammoDiffusion/experiments/diffusers/04_sd21_lora/generated_images/final/negative/gen_0378.png,gen_0378.png,89.6868,58.0,3.0,0.4342155456542969,0.9312904671123723,0.5044097900390625,132.10529539885653,49.705129467936,6.807731831581462,1042.4412841796875,0.0,0.0,False,,-30.808439400478264,True,1313.0
negative,/mnt/MammoDiffusion/MammoDiffusion/experiments/diffusers/04_sd21_lora/generated_images/final/negative/gen_0379.png,gen_0379.png,82.7912,60.0,2.0,0.2325592041015625,0.9416212846926054,0.29327392578125,128.14706035379814,58.43510071456035,5.577677698655151,1040.8175048828125,0.0,0.0,False,,-26.070513401830674,True,1192.0
negative,/mnt/MammoDiffusion/MammoDiffusion/experiments/diffusers/04_sd21_lora/generated_images/final/negative/gen_0380.png,gen_0380.png,46.6868,15.0,3.0,0.5399742126464844,0.9918545259305833,0.5597801208496094,120.49310699658587,53.30887820002488,7.178049767859345,1855.325439453125,0.0,0.0,False,,-9.584173710978552,True,490.0
negative,/mnt/MammoDiffusion/MammoDiffusion/experiments/diffusers/04_sd21_lora/generated_images/final/negative/gen_0381.png,gen_0381.png,105.47800000000001,56.0,5.0,0.26699066162109375,0.932576082297471,0.2973213195800781,149.78332328299612,50.49243411614064,6.8408582924269306,2202.05322265625,0.0,0.0,False,,-32.039590550292,True,1346.0
negative,/mnt/MammoDiffusion/MammoDiffusion/experiments/diffusers/04_sd21_lora/generated_images/final/negative/gen_0382.png,gen_0382.png,172.6868,141.0,3.0,0.0831146240234375,0.6157517899761337,0.051300048828125,197.82369125520523,15.917434974468268,6.1595077405837975,724.9622802734375,0.0,0.0,True,too_empty,,False,
negative,/mnt/MammoDiffusion/MammoDiffusion/experiments/diffusers/04_sd21_lora/generated_images/final/negative/gen_0383.png,gen_0383.png,108.0,94.0,3.0,0.04810333251953125,0.9501982553528945,0.041606903076171875,182.7585037132117,29.698373515304397,4.743251997820239,742.2388916015625,0.0,0.0,True,too_empty,,False,
negative,/mnt/MammoDiffusion/MammoDiffusion/experiments/diffusers/04_sd21_lora/generated_images/final/negative/gen_0384.png,gen_0384.png,40.7912,18.0,2.0,0.625091552734375,0.9972599228628619,0.6244964599609375,119.81244044273951,46.662467333476144,7.033924016339844,751.9429321289062,0.0,0.0,False,,-6.013498818994196,True,65.0
negative,/mnt/MammoDiffusion/MammoDiffusion/experiments/diffusers/04_sd21_lora/generated_images/final/negative/gen_0385.png,gen_0385.png,84.8956,71.0,1.0,0.35243988037109375,0.9956055850200238,0.3651123046875,136.52861710130392,42.94073687461592,5.032196262239584,320.7705078125,0.0,0.0,False,,-3.9847994949073566,True,6.0
negative,/mnt/MammoDiffusion/MammoDiffusion/experiments/diffusers/04_sd21_lora/generated_images/final/negative/gen_0386.png,gen_0386.png,92.6868,61.0,3.0,0.28293609619140625,0.9146555211001752,0.3395843505859375,134.73896877106267,50.843624100081065,6.3219496598764255,1357.66650390625,0.0,0.0,False,,-36.74808351839656,False,
negative,/mnt/MammoDiffusion/MammoDiffusion/experiments/diffusers/04_sd21_lora/generated_images/final/negative/gen_0387.png,gen_0387.png,38.7912,16.0,2.0,0.5542945861816406,0.9959808678297375,0.5536956787109375,124.82568137349465,54.48791029460716,7.0282596510788675,1648.6348876953125,0.0,0.0,False,,-7.715716681778431,True,225.0
negative,/mnt/MammoDiffusion/MammoDiffusion/experiments/diffusers/04_sd21_lora/generated_images/final/negative/gen_0388.png,gen_0388.png,220.0,215.0,27.0,0.3609962463378906,0.966100620291019,0.342437744140625,241.14569779877016,18.22302990555378,6.5201909960720945,1590.1488037109375,0.0,0.0,False,,-20.058177212993705,True,1009.0
negative,/mnt/MammoDiffusion/MammoDiffusion/experiments/diffusers/04_sd21_lora/generated_images/final/negative/gen_0389.png,gen_0389.png,73.6868,42.0,3.0,0.36029815673828125,0.9285865537321334,0.4186363220214844,130.43476121483832,56.553258755024366,6.639435519195068,1424.4552001953125,0.0,0.0,False,,-31.959093209794116,True,1344.0
negative,/mnt/MammoDiffusion/MammoDiffusion/experiments/diffusers/04_sd21_lora/generated_images/final/negative/gen_0390.png,gen_0390.png,73.5824,33.0,4.0,0.2992095947265625,0.9223188331888419,0.3062629699707031,144.08955595690352,57.85738018037209,6.643110495531849,2160.765625,0.0,0.0,False,,-35.945207164027345,False,
negative,/mnt/MammoDiffusion/MammoDiffusion/experiments/diffusers/04_sd21_lora/generated_images/final/negative/gen_0391.png,gen_0391.png,58.7912,36.0,2.0,0.5268669128417969,0.9940267168663794,0.5600814819335938,126.26772554521801,54.68993728588158,6.807411410304375,1299.3909912109375,0.0,0.0,False,,-7.885862724972306,True,252.0
negative,/mnt/MammoDiffusion/MammoDiffusion/experiments/diffusers/04_sd21_lora/generated_images/final/negative/gen_0392.png,gen_0392.png,153.7912,131.0,2.0,0.05738067626953125,0.9980720648849887,0.05348968505859375,192.36999001568964,20.149470864948253,3.822850263034806,171.255615234375,0.0,0.0,True,too_empty,,False,
negative,/mnt/MammoDiffusion/MammoDiffusion/experiments/diffusers/04_sd21_lora/generated_images/final/negative/gen_0393.png,gen_0393.png,95.8956,82.0,1.0,0.33990478515625,0.9772737475309751,0.3809661865234375,139.4088997476669,44.583376902089356,5.793201355462891,796.1881713867188,0.0,0.0,False,,-11.260622661503765,True,638.0
negative,/mnt/MammoDiffusion/MammoDiffusion/experiments/diffusers/04_sd21_lora/generated_images/final/negative/gen_0394.png,gen_0394.png,220.0,204.0,50.0,0.26703643798828125,0.5854975572126511,0.155792236328125,252.24250734573948,21.545992198209017,6.76879588627278,1672.3267822265625,0.0,0.0,True,fragmented_mask,,False,
negative,/mnt/MammoDiffusion/MammoDiffusion/experiments/diffusers/04_sd21_lora/generated_images/final/negative/gen_0395.png,gen_0395.png,130.8956,117.0,1.0,0.13753509521484375,0.746269484661896,0.11485671997070312,172.53362781892457,37.8867110775969,4.670359516741527,365.136474609375,0.0,0.0,True,fragmented_mask,,False,
negative,/mnt/MammoDiffusion/MammoDiffusion/experiments/diffusers/04_sd21_lora/generated_images/final/negative/gen_0396.png,gen_0396.png,87.6868,56.0,3.0,0.24337387084960938,0.9808460947663756,0.24954605102539062,156.06851430056406,48.45906279279885,6.166858006120457,1380.4210205078125,0.0,0.0,False,,-12.385902877082625,True,708.0
negative,/mnt/MammoDiffusion/MammoDiffusion/experiments/diffusers/04_sd21_lora/generated_images/final/negative/gen_0397.png,gen_0397.png,94.2692,27.0,7.0,0.4481849670410156,0.9505315391228115,0.48532867431640625,142.87981230251677,49.574988902706004,7.55871762028167,2401.918212890625,0.0,0.0,False,,-26.00191170186455,True,1191.0
negative,/mnt/MammoDiffusion/MammoDiffusion/experiments/diffusers/04_sd21_lora/generated_images/final/negative/gen_0398.png,gen_0398.png,79.7912,57.0,2.0,0.47650146484375,0.9335051876521071,0.5189170837402344,137.10155773316376,54.065673978214846,6.659588579361154,914.6095581054688,0.0,0.0,False,,-30.09331380915122,True,1288.0
negative,/mnt/MammoDiffusion/MammoDiffusion/experiments/diffusers/04_sd21_lora/generated_images/final/negative/gen_0399.png,gen_0399.png,192.0,179.0,7.0,0.047641754150390625,0.4861878453038674,0.0254364013671875,206.4752549490102,13.343860979297597,6.920335604012045,1217.3316650390625,0.0,0.0,True,too_empty,,False,
negative,/mnt/MammoDiffusion/MammoDiffusion/experiments/diffusers/04_sd21_lora/generated_images/final/negative/gen_0400.png,gen_0400.png,220.0,221.0,10.0,0.3071403503417969,0.9432031298515805,0.2923583984375,228.08773486430061,27.31604063695938,7.290690738078851,2042.669189453125,0.0,0.0,False,,-29.61904396633023,True,1278.0
negative,/mnt/MammoDiffusion/MammoDiffusion/experiments/diffusers/04_sd21_lora/generated_images/final/negative/gen_0401.png,gen_0401.png,93.7912,71.0,2.0,0.2466583251953125,0.9241261985771729,0.2725868225097656,145.02246106049793,55.46261000943397,5.732315898704127,1092.695556640625,0.0,0.0,False,,-33.18512868613476,False,
negative,/mnt/MammoDiffusion/MammoDiffusion/experiments/diffusers/04_sd21_lora/generated_images/final/negative/gen_0402.png,gen_0402.png,62.478,13.0,5.0,0.3269500732421875,0.9383488122462313,0.3642120361328125,126.0945368469563,65.96403945117834,7.024109430598775,2854.98095703125,0.0,0.0,False,,-30.835576306011554,True,1314.0
negative,/mnt/MammoDiffusion/MammoDiffusion/experiments/diffusers/04_sd21_lora/generated_images/final/negative/gen_0403.png,gen_0403.png,11.0,6.0,0.0,0.7129135131835938,0.991914857185664,0.7060165405273438,106.99073363662887,60.383253916002296,6.837388426696044,1895.4332275390625,0.0,0.0,False,,-10.45680271848235,True,577.0
negative,/mnt/MammoDiffusion/MammoDiffusion/experiments/diffusers/04_sd21_lora/generated_images/final/negative/gen_0404.png,gen_0404.png,78.7912,56.0,2.0,0.35410308837890625,0.9385409260336544,0.4126167297363281,134.67369296907503,61.258152849716836,6.397699478397286,1225.709228515625,0.0,0.0,False,,-28.00041699955482,True,1239.0
negative,/mnt/MammoDiffusion/MammoDiffusion/experiments/diffusers/04_sd21_lora/generated_images/final/negative/gen_0405.png,gen_0405.png,113.6868,82.0,3.0,0.17329025268554688,0.8461927928324565,0.15610885620117188,169.32632016225594,50.01732278680025,5.965317246133225,1159.1461181640625,0.0,0.0,False,,-63.96277833376207,False,
negative,/mnt/MammoDiffusion/MammoDiffusion/experiments/diffusers/04_sd21_lora/generated_images/final/negative/gen_0406.png,gen_0406.png,220.0,217.0,34.0,0.24563217163085938,0.9097078784302154,0.21951675415039062,247.023199235381,21.757069965301692,7.216812924028763,1695.6043701171875,0.0,0.0,False,,-42.92905740135441,False,
negative,/mnt/MammoDiffusion/MammoDiffusion/experiments/diffusers/04_sd21_lora/generated_images/final/negative/gen_0407.png,gen_0407.png,134.8956,121.0,1.0,0.09280776977539062,0.9900119199309466,0.0885009765625,174.5996120689655,18.16507614156406,3.8633229450153452,212.18667602539062,0.0,0.0,True,too_empty,,False,
negative,/mnt/MammoDiffusion/MammoDiffusion/experiments/diffusers/04_sd21_lora/generated_images/final/negative/gen_0408.png,gen_0408.png,23.8956,10.0,1.0,0.5671424865722656,0.9963880462491508,0.5779876708984375,103.09122468914174,62.25615199295654,6.59608675748971,1811.02978515625,0.0,0.0,False,,-7.61087295328221,True,208.0
negative,/mnt/MammoDiffusion/MammoDiffusion/experiments/diffusers/04_sd21_lora/generated_images/final/negative/gen_0409.png,gen_0409.png,26.0,21.0,0.0,0.7373847961425781,0.9975426924847777,0.7309913635253906,127.50599869536856,50.276154664784805,6.944899564044949,1139.2791748046875,0.0,0.0,False,,-7.393850702945558,True,187.0
negative,/mnt/MammoDiffusion/MammoDiffusion/experiments/diffusers/04_sd21_lora/generated_images/final/negative/gen_0410.png,gen_0410.png,151.7912,129.0,2.0,0.06449127197265625,0.9865136637880043,0.054996490478515625,179.35284733300963,15.292523645075043,4.494880725198257,412.62054443359375,0.0,0.0,True,too_empty,,False,
negative,/mnt/MammoDiffusion/MammoDiffusion/experiments/diffusers/04_sd21_lora/generated_images/final/negative/gen_0411.png,gen_0411.png,96.7912,74.0,2.0,0.24798202514648438,0.9579122248373252,0.2988090515136719,135.81530939219465,50.9550604744857,5.788375709637484,995.8783569335938,0.0,0.0,False,,-19.70268570122344,True,997.0
negative,/mnt/MammoDiffusion/MammoDiffusion/experiments/diffusers/04_sd21_lora/generated_images/final/negative/gen_0412.png,gen_0412.png,45.5824,5.0,4.0,0.6535682678222656,0.9831435425409593,0.7615852355957031,130.2305392070926,80.42635608928374,7.4810417303225325,2409.527587890625,0.0,0.0,False,,-16.87463385784409,True,905.0
negative,/mnt/MammoDiffusion/MammoDiffusion/experiments/diffusers/04_sd21_lora/generated_images/final/negative/gen_0413.png,gen_0413.png,54.6868,23.0,3.0,0.5099868774414062,0.9950407659510808,0.5385475158691406,129.12985117972474,57.23662233941844,6.963263531691929,1602.6282958984375,0.0,0.0,False,,-8.077586337356411,True,287.0
negative,/mnt/MammoDiffusion/MammoDiffusion/experiments/diffusers/04_sd21_lora/generated_images/final/negative/gen_0414.png,gen_0414.png,10.0,0.0,0.0,0.6956253051757812,0.9876558781271593,0.6944007873535156,85.60456071151934,56.949324285226666,6.6970549966029225,1992.8382568359375,0.0,0.0,False,,-11.494898843029143,True,658.0
negative,/mnt/MammoDiffusion/MammoDiffusion/experiments/diffusers/04_sd21_lora/generated_images/final/negative/gen_0415.png,gen_0415.png,81.8956,68.0,1.0,0.39180755615234375,0.9883068834582805,0.4587974548339844,130.28845690149745,53.449047277698675,6.100082212377724,898.6490478515625,0.0,0.0,False,,-8.245338950323353,True,311.0
negative,/mnt/MammoDiffusion/MammoDiffusion/experiments/diffusers/04_sd21_lora/generated_images/final/negative/gen_0416.png,gen_0416.png,145.0,137.0,2.0,0.0422821044921875,0.8298448213641285,0.03037261962890625,189.3306958050741,17.061940286004702,4.0204526494468125,282.50750732421875,0.0,0.0,True,too_empty,,False,
negative,/mnt/MammoDiffusion/MammoDiffusion/experiments/diffusers/04_sd21_lora/generated_images/final/negative/gen_0417.png,gen_0417.png,73.5824,33.0,4.0,0.5551414489746094,0.9863255615796381,0.5789909362792969,139.33343874976117,48.67484234150688,7.287547890579382,1568.1295166015625,0.0,0.0,False,,-11.60505841867133,True,669.0
negative,/mnt/MammoDiffusion/MammoDiffusion/experiments/diffusers/04_sd21_lora/generated_images/final/negative/gen_0418.png,gen_0418.png,63.8956,50.0,1.0,0.3287506103515625,0.9248201438848921,0.3361358642578125,131.328998138817,61.2917027137679,5.73534780664642,920.9337158203125,0.0,0.0,False,,-32.34014645756695,True,1355.0
negative,/mnt/MammoDiffusion/MammoDiffusion/experiments/diffusers/04_sd21_lora/generated_images/final/negative/gen_0419.png,gen_0419.png,69.7912,47.0,2.0,0.3466606140136719,0.9872682255845943,0.3706398010253906,135.11353320776854,55.96485698795128,6.359148068468592,1464.18359375,0.0,0.0,False,,-9.440908896944782,True,475.0
negative,/mnt/MammoDiffusion/MammoDiffusion/experiments/diffusers/04_sd21_lora/generated_images/final/negative/gen_0420.png,gen_0420.png,144.7912,122.0,2.0,0.055652618408203125,0.9664130509287819,0.050548553466796875,181.77745075843333,19.404928669838103,4.232443444780824,329.8403625488281,0.0,0.0,True,too_empty,,False,
negative,/mnt/MammoDiffusion/MammoDiffusion/experiments/diffusers/04_sd21_lora/generated_images/final/negative/gen_0421.png,gen_0421.png,49.8956,36.0,1.0,0.7656784057617188,0.9887304576570113,0.7658157348632812,120.12614941669905,47.258569144041765,7.008796536368967,670.3195190429688,0.0,0.0,False,,-10.171445299324525,True,551.0
negative,/mnt/MammoDiffusion/MammoDiffusion/experiments/diffusers/04_sd21_lora/generated_images/final/negative/gen_0422.png,gen_0422.png,145.7912,123.0,2.0,0.12874221801757812,0.9565913064090787,0.12020111083984375,178.14617581720088,15.0434478285454,4.383481983957989,288.94354248046875,0.0,0.0,False,,-21.766106567376617,True,1069.0
negative,/mnt/MammoDiffusion/MammoDiffusion/experiments/diffusers/04_sd21_lora/generated_images/final/negative/gen_0423.png,gen_0423.png,75.5824,35.0,4.0,0.41204833984375,0.9713653532809954,0.45615386962890625,135.10464299453076,54.63866989556994,6.826917052688105,1406.31640625,0.0,0.0,False,,-16.093934877324543,True,879.0
negative,/mnt/MammoDiffusion/MammoDiffusion/experiments/diffusers/04_sd21_lora/generated_images/final/negative/gen_0424.png,gen_0424.png,68.5824,28.0,4.0,0.5851249694824219,0.9960166115772523,0.5812110900878906,146.5850053491379,40.57165897482791,7.149277233555315,982.3504638671875,0.0,0.0,False,,-6.739496335626265,True,123.0
negative,/mnt/MammoDiffusion/MammoDiffusion/experiments/diffusers/04_sd21_lora/generated_images/final/negative/gen_0425.png,gen_0425.png,87.47800000000001,38.0,5.0,0.3431053161621094,0.9843234048230546,0.3825569152832031,145.99104552026725,53.764760100989285,7.0432506731976074,2099.927001953125,0.0,0.0,False,,-11.97395630681822,True,691.0
negative,/mnt/MammoDiffusion/MammoDiffusion/experiments/diffusers/04_sd21_lora/generated_images/final/negative/gen_0426.png,gen_0426.png,112.6868,81.0,3.0,0.20772171020507812,0.9054781187446055,0.1873016357421875,152.5221384928717,39.3490228531811,6.03333409471659,1237.7943115234375,0.0,0.0,False,,-40.54928602392775,False,
negative,/mnt/MammoDiffusion/MammoDiffusion/experiments/diffusers/04_sd21_lora/generated_images/final/negative/gen_0427.png,gen_0427.png,97.7912,75.0,2.0,0.2790985107421875,0.9384396697829533,0.31887054443359375,134.1753080512023,44.06393535309237,5.927556969151523,822.0165405273438,0.0,0.0,False,,-26.443390611957163,True,1201.0
negative,/mnt/MammoDiffusion/MammoDiffusion/experiments/diffusers/04_sd21_lora/generated_images/final/negative/gen_0428.png,gen_0428.png,36.6868,5.0,3.0,0.6788520812988281,0.9922509370241126,0.7169151306152344,102.5289594806715,58.77533166928423,7.488122158955736,2116.574951171875,0.0,0.0,False,,-11.082467273314837,True,626.0
negative,/mnt/MammoDiffusion/MammoDiffusion/experiments/diffusers/04_sd21_lora/generated_images/final/negative/gen_0429.png,gen_0429.png,198.0,185.0,5.0,0.0488128662109375,0.5779931228508909,0.027374267578125,214.08612040133778,10.285587387901314,6.694583644299781,1049.8824462890625,0.0,0.0,True,too_empty,,False,
negative,/mnt/MammoDiffusion/MammoDiffusion/experiments/diffusers/04_sd21_lora/generated_images/final/negative/gen_0430.png,gen_0430.png,52.5824,12.0,4.0,0.52911376953125,0.9673549428999885,0.5671615600585938,123.67465933090303,57.44543116635776,7.3814953040545115,2243.63232421875,0.0,0.0,False,,-19.89655447418859,True,1002.0
negative,/mnt/MammoDiffusion/MammoDiffusion/experiments/diffusers/04_sd21_lora/generated_images/final/negative/gen_0431.png,gen_0431.png,163.0,141.0,2.0,0.048084259033203125,0.775327251090837,0.023746490478515625,178.35100401606425,18.126649737854464,4.707538845976757,533.766357421875,0.0,0.0,True,too_empty,,False,
negative,/mnt/MammoDiffusion/MammoDiffusion/experiments/diffusers/04_sd21_lora/generated_images/final/negative/gen_0432.png,gen_0432.png,66.5824,26.0,4.0,0.4123725891113281,0.984680992775275,0.48075103759765625,121.1519448367797,57.46259036522874,7.124715711087152,2035.5384521484375,0.0,0.0,False,,-12.201707473092682,True,699.0
negative,/mnt/MammoDiffusion/MammoDiffusion/experiments/diffusers/04_sd21_lora/generated_images/final/negative/gen_0433.png,gen_0433.png,100.8956,87.0,1.0,0.22217178344726562,0.7355986332652256,0.18635940551757812,168.33529158905287,54.1908757329767,5.426151808940314,817.2333984375,0.0,0.0,True,fragmented_mask,,False,
negative,/mnt/MammoDiffusion/MammoDiffusion/experiments/diffusers/04_sd21_lora/generated_images/final/negative/gen_0434.png,gen_0434.png,98.6868,67.0,3.0,0.3210868835449219,0.9165389504698768,0.322113037109375,154.80485551871152,48.72191613053661,6.687692291912752,977.0458374023438,0.0,0.0,False,,-36.1942338860613,False,
negative,/mnt/MammoDiffusion/MammoDiffusion/experiments/diffusers/04_sd21_lora/generated_images/final/negative/gen_0435.png,gen_0435.png,220.0,250.0,0.0,0.5493354797363281,0.9561890212145412,0.5245628356933594,248.4797143501247,17.655123680906723,4.760173638610691,1520.4598388671875,0.0,0.0,False,,-23.03854453507177,True,1111.0
negative,/mnt/MammoDiffusion/MammoDiffusion/experiments/diffusers/04_sd21_lora/generated_images/final/negative/gen_0436.png,gen_0436.png,136.0,126.0,3.0,0.04927825927734375,0.5788821799040099,0.027118682861328125,189.02855535237023,26.20580117241991,4.523095092068776,543.831787109375,0.0,0.0,True,too_empty,,False,
negative,/mnt/MammoDiffusion/MammoDiffusion/experiments/diffusers/04_sd21_lora/generated_images/final/negative/gen_0437.png,gen_0437.png,74.3736,16.0,6.0,0.5310401916503906,0.9952230100065369,0.533233642578125,154.56735391747267,43.24954540382367,7.354673333684294,2056.75830078125,0.0,0.0,False,,-8.6015068593093,True,368.0
negative,/mnt/MammoDiffusion/MammoDiffusion/experiments/diffusers/04_sd21_lora/generated_images/final/negative/gen_0438.png,gen_0438.png,71.8956,58.0,1.0,0.6634521484375,0.9946009659613615,0.6763687133789062,129.27497095416962,43.46382470244777,6.617087981960949,638.3452758789062,0.0,0.0,False,,-7.007437117520779,True,145.0
negative,/mnt/MammoDiffusion/MammoDiffusion/experiments/diffusers/04_sd21_lora/generated_images/final/negative/gen_0439.png,gen_0439.png,91.6868,60.0,3.0,0.36351776123046875,0.9736394736289797,0.3584938049316406,160.43640465220213,51.60931294397324,6.433671779305009,1249.8692626953125,0.0,0.0,False,,-14.683608598313437,True,816.0
negative,/mnt/MammoDiffusion/MammoDiffusion/experiments/diffusers/04_sd21_lora/generated_images/final/negative/gen_0440.png,gen_0440.png,69.8956,56.0,1.0,0.3670234680175781,0.9684034382048164,0.3948631286621094,132.77271980755668,58.027301766903086,5.626161601923362,801.9013671875,0.0,0.0,False,,-15.126215545978352,True,838.0
negative,/mnt/MammoDiffusion/MammoDiffusion/experiments/diffusers/04_sd21_lora/generated_images/final/negative/gen_0441.png,gen_0441.png,211.0,201.0,4.0,0.043060302734375,0.20499645641389086,0.00815582275390625,225.62394761459308,10.694841387863974,6.771854478920685,1360.6470947265625,0.0,0.0,True,too_empty,,False,
negative,/mnt/MammoDiffusion/MammoDiffusion/experiments/diffusers/04_sd21_lora/generated_images/final/negative/gen_0442.png,gen_0442.png,133.0,124.0,2.0,0.04445648193359375,0.886047708941136,0.0354766845703125,184.5984946236559,20.970124111714835,4.1368042304923724,337.1505126953125,0.0,0.0,True,too_empty,,False,
negative,/mnt/MammoDiffusion/MammoDiffusion/experiments/diffusers/04_sd21_lora/generated_images/final/negative/gen_0443.png,gen_0443.png,113.8956,100.0,1.0,0.13947677612304688,0.5214287667860953,0.06573867797851562,179.3329077931875,32.84351916108226,5.075556027049718,600.0150756835938,0.0,0.0,True,too_empty,,False,
negative,/mnt/MammoDiffusion/MammoDiffusion/experiments/diffusers/04_sd21_lora/generated_images/final/negative/gen_0444.png,gen_0444.png,70.5824,30.0,4.0,0.36292266845703125,0.9926212449284197,0.3880157470703125,136.17443666679776,54.85613909494469,6.859815884963473,1699.6439208984375,0.0,0.0,False,,-8.016242453120393,True,279.0
negative,/mnt/MammoDiffusion/MammoDiffusion/experiments/diffusers/04_sd21_lora/generated_images/final/negative/gen_0445.png,gen_0445.png,137.8956,124.0,1.0,0.060588836669921875,0.9360951961216395,0.05457305908203125,172.109953865511,20.462959281156245,3.74036058748663,190.37657165527344,0.0,0.0,True,too_empty,,False,
negative,/mnt/MammoDiffusion/MammoDiffusion/experiments/diffusers/04_sd21_lora/generated_images/final/negative/gen_0446.png,gen_0446.png,57.7912,35.0,2.0,0.48030853271484375,0.9839726788976253,0.5396270751953125,112.4151774353174,53.61741913563482,6.785893879029764,1515.170654296875,0.0,0.0,False,,-11.529784959984184,True,662.0
negative,/mnt/MammoDiffusion/MammoDiffusion/experiments/diffusers/04_sd21_lora/generated_images/final/negative/gen_0447.png,gen_0447.png,99.7912,77.0,2.0,0.2917442321777344,0.9161599916316897,0.318878173828125,147.51443918078286,52.742904360018336,6.407050377326941,1431.7696533203125,0.0,0.0,False,,-36.81422340330727,False,
negative,/mnt/MammoDiffusion/MammoDiffusion/experiments/diffusers/04_sd21_lora/generated_images/final/negative/gen_0448.png,gen_0448.png,37.6868,6.0,3.0,0.7130508422851562,0.9960518291051883,0.7500228881835938,96.05416196201695,51.640401707134316,7.4619032249543675,1808.40380859375,0.0,0.0,False,,-8.934721372273101,True,410.0
negative,/mnt/MammoDiffusion/MammoDiffusion/experiments/diffusers/04_sd21_lora/generated_images/final/negative/gen_0449.png,gen_0449.png,93.6868,62.0,3.0,0.2523612976074219,0.9483334593001285,0.2850494384765625,142.10425030779936,51.82013947002942,6.331299306554433,1302.8316650390625,0.0,0.0,False,,-24.454501069959235,True,1147.0
negative,/mnt/MammoDiffusion/MammoDiffusion/experiments/diffusers/04_sd21_lora/generated_images/final/negative/gen_0450.png,gen_0450.png,165.7912,143.0,2.0,0.0533447265625,0.9877002288329519,0.0478363037109375,198.87775119617226,16.049106243365202,4.3034921326722335,384.5162353515625,0.0,0.0,True,too_empty,,False,
negative,/mnt/MammoDiffusion/MammoDiffusion/experiments/diffusers/04_sd21_lora/generated_images/final/negative/gen_0451.png,gen_0451.png,56.7912,34.0,2.0,0.3864021301269531,0.9930794822939394,0.40349578857421875,128.65515154953013,55.081914233138484,6.315690538536108,1108.2911376953125,0.0,0.0,False,,-6.581028259614325,True,108.0
negative,/mnt/MammoDiffusion/MammoDiffusion/experiments/diffusers/04_sd21_lora/generated_images/final/negative/gen_0452.png,gen_0452.png,172.0,167.0,1.0,0.048473358154296875,0.6413000708271032,0.030323028564453125,194.5991948672789,12.302591579548302,5.399429497247501,718.095458984375,0.0,0.0,True,too_empty,,False,
negative,/mnt/MammoDiffusion/MammoDiffusion/experiments/diffusers/04_sd21_lora/generated_images/final/negative/gen_0453.png,gen_0453.png,78.6868,47.0,3.0,0.4728279113769531,0.9840579593219791,0.5255165100097656,131.9916449503125,54.004980711752886,6.956083618105858,1351.7403564453125,0.0,0.0,False,,-11.69420925271411,True,675.0
negative,/mnt/MammoDiffusion/MammoDiffusion/experiments/diffusers/04_sd21_lora/generated_images/final/negative/gen_0454.png,gen_0454.png,36.8956,23.0,1.0,0.4640388488769531,0.994993629002425,0.4937095642089844,103.12932786289917,59.93788275169958,6.329794357961214,1529.2349853515625,0.0,0.0,False,,-6.847263691417335,True,130.0
negative,/mnt/MammoDiffusion/MammoDiffusion/experiments/diffusers/04_sd21_lora/generated_images/final/negative/gen_0455.png,gen_0455.png,75.6868,44.0,3.0,0.38784027099609375,0.9873905773581194,0.3931007385253906,143.11678910033092,46.339247815469555,6.493762377051624,1038.131591796875,0.0,0.0,False,,-8.51090214627953,True,355.0
negative,/mnt/MammoDiffusion/MammoDiffusion/experiments/diffusers/04_sd21_lora/generated_images/final/negative/gen_0456.png,gen_0456.png,45.6868,14.0,3.0,0.7224540710449219,0.9977242366160296,0.7230987548828125,128.21788284200974,44.99229374395941,7.391436405953516,1015.8417358398438,0.0,0.0,False,,-7.214050583646578,True,167.0
negative,/mnt/MammoDiffusion/MammoDiffusion/experiments/diffusers/04_sd21_lora/generated_images/final/negative/gen_0457.png,gen_0457.png,220.0,212.0,42.0,0.3330039978027344,0.9254825591385532,0.31097412109375,250.9707433758587,26.593047529858474,6.060862429113325,2140.60791015625,0.0,0.0,False,,-35.747323224708126,False,
negative,/mnt/MammoDiffusion/MammoDiffusion/experiments/diffusers/04_sd21_lora/generated_images/final/negative/gen_0458.png,gen_0458.png,220.0,228.0,26.0,0.22917938232421875,0.9021272345950264,0.19968795776367188,248.15045752383136,32.70219574347185,7.006789655550579,1479.8978271484375,0.0,0.0,False,,-44.90610925748602,False,
negative,/mnt/MammoDiffusion/MammoDiffusion/experiments/diffusers/04_sd21_lora/generated_images/final/negative/gen_0459.png,gen_0459.png,42.8956,29.0,1.0,0.4598274230957031,0.9850756174247767,0.46071624755859375,126.6322304469505,58.71373910298066,5.856112973780161,1332.2159423828125,0.0,0.0,False,,-10.072488701659903,True,544.0
negative,/mnt/MammoDiffusion/MammoDiffusion/experiments/diffusers/04_sd21_lora/generated_images/final/negative/gen_0460.png,gen_0460.png,55.6868,24.0,3.0,0.4720268249511719,0.9792143139996282,0.5224418640136719,120.31876893870249,59.39516845326366,7.009968620130138,1694.9425048828125,0.0,0.0,False,,-14.09747011179774,True,786.0
negative,/mnt/MammoDiffusion/MammoDiffusion/experiments/diffusers/04_sd21_lora/generated_images/final/negative/gen_0461.png,gen_0461.png,119.7912,97.0,2.0,0.1724853515625,0.9352220452937013,0.2287139892578125,153.961238241377,49.17915341541608,5.467554342536978,884.8034057617188,0.0,0.0,False,,-28.589983139328396,True,1257.0
negative,/mnt/MammoDiffusion/MammoDiffusion/experiments/diffusers/04_sd21_lora/generated_images/final/negative/gen_0462.png,gen_0462.png,47.7912,25.0,2.0,0.5059967041015625,0.9415804710352522,0.5152664184570312,131.57814235159987,59.37416299021109,6.786535172705486,1705.2042236328125,0.0,0.0,False,,-28.350245667002554,True,1252.0
negative,/mnt/MammoDiffusion/MammoDiffusion/experiments/diffusers/04_sd21_lora/generated_images/final/negative/gen_0463.png,gen_0463.png,197.0,194.0,0.0,0.045352935791015625,0.4070148877113298,0.0193328857421875,204.92738752959747,8.15050899542774,5.7476069123306255,838.8668823242188,0.0,0.0,True,too_empty,,False,
negative,/mnt/MammoDiffusion/MammoDiffusion/experiments/diffusers/04_sd21_lora/generated_images/final/negative/gen_0464.png,gen_0464.png,49.6868,18.0,3.0,0.43843841552734375,0.9683383507056224,0.4621620178222656,126.9818741591211,61.42391187560064,6.907150286657527,2060.5751953125,0.0,0.0,False,,-18.441982867200842,True,953.0
negative,/mnt/MammoDiffusion/MammoDiffusion/experiments/diffusers/04_sd21_lora/generated_images/final/negative/gen_0465.png,gen_0465.png,96.7912,74.0,2.0,0.24257278442382812,0.9890704367107519,0.26085662841796875,148.62226901816268,46.04215921089017,5.703719886229148,609.9274291992188,0.0,0.0,False,,-7.732512429420521,True,227.0
negative,/mnt/MammoDiffusion/MammoDiffusion/experiments/diffusers/04_sd21_lora/generated_images/final/negative/gen_0466.png,gen_0466.png,76.7912,54.0,2.0,0.3065910339355469,0.9612920083114557,0.332000732421875,139.32758065998712,61.46761563084572,5.84302364072353,1233.2403564453125,0.0,0.0,False,,-19.184893347794794,True,981.0
negative,/mnt/MammoDiffusion/MammoDiffusion/experiments/diffusers/04_sd21_lora/generated_images/final/negative/gen_0467.png,gen_0467.png,132.8956,119.0,1.0,0.1046600341796875,0.8329202507654176,0.10023880004882812,162.69208813791528,32.20816152826576,3.9837150002447608,257.02191162109375,0.0,0.0,True,too_empty,,False,
negative,/mnt/MammoDiffusion/MammoDiffusion/experiments/diffusers/04_sd21_lora/generated_images/final/negative/gen_0468.png,gen_0468.png,120.6868,89.0,3.0,0.16953277587890625,0.8345033976868728,0.15416336059570312,164.49540989285626,40.53741937393534,5.926044744716842,1144.748046875,0.0,0.0,False,,-67.76407121373131,False,
negative,/mnt/MammoDiffusion/MammoDiffusion/experiments/diffusers/04_sd21_lora/generated_images/final/negative/gen_0469.png,gen_0469.png,152.5824,112.0,4.0,0.05243682861328125,0.9196129783209661,0.04656982421875,186.2670380078637,20.230020352628316,4.981547996183469,719.3937377929688,0.0,0.0,True,too_empty,,False,
negative,/mnt/MammoDiffusion/MammoDiffusion/experiments/diffusers/04_sd21_lora/generated_images/final/negative/gen_0470.png,gen_0470.png,187.0,154.0,5.0,0.0487060546875,0.8175908521303258,0.042186737060546875,198.79943937064834,11.435572845183756,6.806935074447538,559.62841796875,0.0,0.0,True,too_empty,,False,
negative,/mnt/MammoDiffusion/MammoDiffusion/experiments/diffusers/04_sd21_lora/generated_images/final/negative/gen_0471.png,gen_0471.png,94.6868,63.0,3.0,0.23815536499023438,0.9173327353398152,0.26285552978515625,146.74962993063014,51.67121652564747,6.258859867123872,1312.9434814453125,0.0,0.0,False,,-36.39316806424043,False,
negative,/mnt/MammoDiffusion/MammoDiffusion/experiments/diffusers/04_sd21_lora/generated_images/final/negative/gen_0472.png,gen_0472.png,126.0,116.0,2.0,0.0497894287109375,0.9904995403003372,0.044750213623046875,184.01474725087374,22.43593337397402,4.118919655754874,291.8109130859375,0.0,0.0,True,too_empty,,False,
negative,/mnt/MammoDiffusion/MammoDiffusion/experiments/diffusers/04_sd21_lora/generated_images/final/negative/gen_0473.png,gen_0473.png,196.0,191.0,1.0,0.04805755615234375,0.44102238450547704,0.01700592041015625,211.17137729923732,13.943816861062963,6.37958610402992,1047.8248291015625,0.0,0.0,True,too_empty,,False,
negative,/mnt/MammoDiffusion/MammoDiffusion/experiments/diffusers/04_sd21_lora/generated_images/final/negative/gen_0474.png,gen_0474.png,76.47800000000001,27.0,5.0,0.4062690734863281,0.9939531084215172,0.4287147521972656,140.99767762601772,48.28289715895844,7.1193406894005085,2189.495849609375,0.0,0.0,False,,-8.386924992117521,True,331.0
negative,/mnt/MammoDiffusion/MammoDiffusion/experiments/diffusers/04_sd21_lora/generated_images/final/negative/gen_0475.png,gen_0475.png,109.7912,87.0,2.0,0.24361419677734375,0.9938774231937616,0.2620277404785156,150.20262341859686,37.2626492385625,5.493186280273653,424.61468505859375,0.0,0.0,False,,-5.733155490677206,True,44.0
negative,/mnt/MammoDiffusion/MammoDiffusion/experiments/diffusers/04_sd21_lora/generated_images/final/negative/gen_0476.png,gen_0476.png,134.0,107.0,3.0,0.049877166748046875,0.955640535372849,0.044269561767578125,186.80180956484273,23.616577039713846,4.584692934278754,450.6457214355469,0.0,0.0,True,too_empty,,False,
negative,/mnt/MammoDiffusion/MammoDiffusion/experiments/diffusers/04_sd21_lora/generated_images/final/negative/gen_0477.png,gen_0477.png,120.8956,107.0,1.0,0.173095703125,0.9271861777150917,0.17230606079101562,166.09400252385487,39.07945338067329,4.758336753802418,424.1385498046875,0.0,0.0,False,,-31.204717105762086,True,1325.0
negative,/mnt/MammoDiffusion/MammoDiffusion/experiments/diffusers/04_sd21_lora/generated_images/final/negative/gen_0478.png,gen_0478.png,71.7912,49.0,2.0,0.4794197082519531,0.9861708984141887,0.5019721984863281,124.99938444702825,45.26001611339737,6.31166971904386,767.6766357421875,0.0,0.0,False,,-8.81902002464252,True,397.0
negative,/mnt/MammoDiffusion/MammoDiffusion/experiments/diffusers/04_sd21_lora/generated_images/final/negative/gen_0479.png,gen_0479.png,178.0,72.0,25.0,0.04943084716796875,0.439265318722025,0.021419525146484375,240.2366874443455,28.621565707998695,6.88458963262716,1649.89404296875,0.0,0.0,True,too_empty,,False,
negative,/mnt/MammoDiffusion/MammoDiffusion/experiments/diffusers/04_sd21_lora/generated_images/final/negative/gen_0480.png,gen_0480.png,134.6868,103.0,3.0,0.07912826538085938,0.9822590753507208,0.07408523559570312,189.7691673961176,30.733790710367973,5.12464883810613,744.5875244140625,0.0,0.0,True,too_empty,,False,
negative,/mnt/MammoDiffusion/MammoDiffusion/experiments/diffusers/04_sd21_lora/generated_images/final/negative/gen_0481.png,gen_0481.png,143.6868,112.0,3.0,0.15569305419921875,0.7304846376243446,0.13267135620117188,187.19301877569796,36.56822438268494,5.617438428564522,715.843994140625,0.0,0.0,True,fragmented_mask,,False,
negative,/mnt/MammoDiffusion/MammoDiffusion/experiments/diffusers/04_sd21_lora/generated_images/final/negative/gen_0482.png,gen_0482.png,132.5824,92.0,4.0,0.2857627868652344,0.8107621043638451,0.248504638671875,176.9224180277539,35.04103003306053,6.876376748096461,579.1087036132812,0.0,0.0,False,,-76.86175590098541,False,
negative,/mnt/MammoDiffusion/MammoDiffusion/experiments/diffusers/04_sd21_lora/generated_images/final/negative/gen_0483.png,gen_0483.png,89.6868,58.0,3.0,0.20233154296875,0.8664027149321267,0.185546875,163.21560444078946,49.344798382297455,6.048394981279486,1437.4952392578125,0.0,0.0,False,,-56.39177151290697,False,
negative,/mnt/MammoDiffusion/MammoDiffusion/experiments/diffusers/04_sd21_lora/generated_images/final/negative/gen_0484.png,gen_0484.png,71.5824,31.0,4.0,0.5472946166992188,0.9899839687739597,0.5676078796386719,145.54104640612923,49.56347108822397,7.249062171408643,1908.787841796875,0.0,0.0,False,,-10.7166914110711,True,600.0
negative,/mnt/MammoDiffusion/MammoDiffusion/experiments/diffusers/04_sd21_lora/generated_images/final/negative/gen_0485.png,gen_0485.png,52.8956,39.0,1.0,0.6666946411132812,0.9932482691537449,0.7131843566894531,105.03963478232963,50.81064798244515,6.782442964470913,1048.1497802734375,0.0,0.0,False,,-8.278417330150532,True,319.0
negative,/mnt/MammoDiffusion/MammoDiffusion/experiments/diffusers/04_sd21_lora/generated_images/final/negative/gen_0486.png,gen_0486.png,220.0,194.0,53.0,0.20894241333007812,0.7938400306720464,0.16412734985351562,245.50835560720512,21.676804744778934,7.113964652153562,2181.871826171875,0.0,0.0,False,,-87.80478443342382,False,
negative,/mnt/MammoDiffusion/MammoDiffusion/experiments/diffusers/04_sd21_lora/generated_images/final/negative/gen_0487.png,gen_0487.png,77.5824,37.0,4.0,0.38653564453125,0.9834596557713564,0.42822265625,133.49643671607754,54.68436585535194,6.9147037624991885,1697.240478515625,0.0,0.0,False,,-11.751004076249636,True,678.0
negative,/mnt/MammoDiffusion/MammoDiffusion/experiments/diffusers/04_sd21_lora/generated_images/final/negative/gen_0488.png,gen_0488.png,220.0,244.0,8.0,0.3011207580566406,0.9251301670952785,0.27283477783203125,250.55170437068315,18.873118862660476,6.390750940435144,1609.8458251953125,0.0,0.0,False,,-36.121107675897484,False,
negative,/mnt/MammoDiffusion/MammoDiffusion/experiments/diffusers/04_sd21_lora/generated_images/final/negative/gen_0489.png,gen_0489.png,32.7912,10.0,2.0,0.5131492614746094,0.9931756852191884,0.5080604553222656,142.56019822052033,52.45923021389356,6.7186325757367396,1711.8994140625,0.0,0.0,False,,-8.496453987251178,True,353.0
negative,/mnt/MammoDiffusion/MammoDiffusion/experiments/diffusers/04_sd21_lora/generated_images/final/negative/gen_0490.png,gen_0490.png,144.5824,104.0,4.0,0.18365478515625,0.815117148554337,0.1528472900390625,179.19451931716083,24.078503515530624,6.245235991130104,1101.676025390625,0.0,0.0,False,,-76.34285084906718,False,
negative,/mnt/MammoDiffusion/MammoDiffusion/experiments/diffusers/04_sd21_lora/generated_images/final/negative/gen_0491.png,gen_0491.png,133.0,129.0,1.0,0.026401519775390625,0.40239849732697586,0.008792877197265625,179.1006507592191,22.873457882410815,2.955886481175336,68.10414123535156,0.0,0.0,True,too_empty,,False,
negative,/mnt/MammoDiffusion/MammoDiffusion/experiments/diffusers/04_sd21_lora/generated_images/final/negative/gen_0492.png,gen_0492.png,127.6868,96.0,3.0,0.15822982788085938,0.45844885363678006,0.13056564331054688,185.23081193210038,39.888405478629466,5.777667370594571,1076.41650390625,0.0,0.0,True,fragmented_mask,,False,
negative,/mnt/MammoDiffusion/MammoDiffusion/experiments/diffusers/04_sd21_lora/generated_images/final/negative/gen_0493.png,gen_0493.png,133.8956,120.0,1.0,0.19887924194335938,0.4363095808957514,0.18026351928710938,176.53672627235213,30.74525047311233,5.28785398682136,307.4761047363281,0.0,0.0,True,fragmented_mask,,False,
negative,/mnt/MammoDiffusion/MammoDiffusion/experiments/diffusers/04_sd21_lora/generated_images/final/negative/gen_0494.png,gen_0494.png,220.0,202.0,15.0,0.15143966674804688,0.03408146300914381,0.0033721923828125,217.6233031674208,36.561600531609336,7.1034688670799895,1428.130126953125,0.0,0.0,True,too_empty,,False,
negative,/mnt/MammoDiffusion/MammoDiffusion/experiments/diffusers/04_sd21_lora/generated_images/final/negative/gen_0495.png,gen_0495.png,143.7912,121.0,2.0,0.07135009765625,0.9322070145423439,0.06402587890625,181.37708531935175,15.578242101308536,4.193427923091722,307.548583984375,0.0,0.0,True,too_empty,,False,
negative,/mnt/MammoDiffusion/MammoDiffusion/experiments/diffusers/04_sd21_lora/generated_images/final/negative/gen_0496.png,gen_0496.png,86.7912,64.0,2.0,0.3109169006347656,0.9885037727746764,0.3540840148925781,140.23120845498326,54.36412776850339,6.092217397952563,1130.4952392578125,0.0,0.0,False,,-8.418667398326228,True,338.0
negative,/mnt/MammoDiffusion/MammoDiffusion/experiments/diffusers/04_sd21_lora/generated_images/final/negative/gen_0497.png,gen_0497.png,129.6868,98.0,3.0,0.1358642578125,0.7268924079065588,0.11189651489257812,167.30051477857702,34.65922072450919,5.573143544129459,858.8978271484375,0.0,0.0,True,fragmented_mask,,False,
negative,/mnt/MammoDiffusion/MammoDiffusion/experiments/diffusers/04_sd21_lora/generated_images/final/negative/gen_0498.png,gen_0498.png,50.7912,28.0,2.0,0.6516647338867188,0.9951881987941228,0.6583404541015625,124.54414184725924,48.47137896042837,7.161077539807271,1086.343017578125,0.0,0.0,False,,-7.760271454459812,True,232.0
negative,/mnt/MammoDiffusion/MammoDiffusion/experiments/diffusers/04_sd21_lora/generated_images/final/negative/gen_0499.png,gen_0499.png,115.7912,93.0,2.0,0.0583038330078125,0.9635566605600628,0.05345916748046875,171.30647923505066,34.322770384094355,4.010218866504521,336.651123046875,0.0,0.0,True,too_empty,,False,
negative,/mnt/MammoDiffusion/MammoDiffusion/experiments/diffusers/04_sd21_lora/generated_images/final/negative/gen_0500.png,gen_0500.png,220.0,83.0,49.0,0.07941818237304688,0.6156875930640281,0.04718017578125,253.97639068564035,11.422906228894536,7.146784153541136,1090.3131103515625,0.0,0.0,True,too_empty,,False,
negative,/mnt/MammoDiffusion/MammoDiffusion/experiments/diffusers/04_sd21_lora/generated_images/final/negative/gen_0501.png,gen_0501.png,192.0,175.0,5.0,0.049285888671875,0.4796439628482972,0.02242279052734375,214.18305546104116,12.852958508314517,6.157687336421727,1240.509765625,0.0,0.0,True,too_empty,,False,
negative,/mnt/MammoDiffusion/MammoDiffusion/experiments/diffusers/04_sd21_lora/generated_images/final/negative/gen_0502.png,gen_0502.png,214.0,177.0,30.0,0.044834136962890625,0.16038458265974645,0.004878997802734375,224.06880375293198,8.474860273848327,7.141139825997422,2211.216064453125,0.0,0.0,True,too_empty,,False,
negative,/mnt/MammoDiffusion/MammoDiffusion/experiments/diffusers/04_sd21_lora/generated_images/final/negative/gen_0503.png,gen_0503.png,70.6868,39.0,3.0,0.29296875,0.9775911458333333,0.321441650390625,127.51473939048704,51.874397766299104,6.375218077664324,1688.2552490234375,0.0,0.0,False,,-13.402487154874652,True,759.0
negative,/mnt/MammoDiffusion/MammoDiffusion/experiments/diffusers/04_sd21_lora/generated_images/final/negative/gen_0504.png,gen_0504.png,43.6868,12.0,3.0,0.5058708190917969,0.9931755284252437,0.5374259948730469,113.7816769943854,59.932820200588466,7.135016096116356,1873.015869140625,0.0,0.0,False,,-9.157453109516366,True,443.0
negative,/mnt/MammoDiffusion/MammoDiffusion/experiments/diffusers/04_sd21_lora/generated_images/final/negative/gen_0505.png,gen_0505.png,93.6868,62.0,3.0,0.4460716247558594,0.9873006371060846,0.5010986328125,134.35258830694275,43.626020741627364,6.686109687548477,617.697021484375,0.0,0.0,False,,-8.777898946652117,True,385.0
negative,/mnt/MammoDiffusion/MammoDiffusion/experiments/diffusers/04_sd21_lora/generated_images/final/negative/gen_0506.png,gen_0506.png,153.5824,113.0,4.0,0.09078216552734375,0.7923775107151861,0.07063674926757812,194.34449424852838,18.840833833983844,5.494597323035972,1148.9375,0.0,0.0,True,too_empty,,False,
negative,/mnt/MammoDiffusion/MammoDiffusion/experiments/diffusers/04_sd21_lora/generated_images/final/negative/gen_0507.png,gen_0507.png,147.7912,125.0,2.0,0.07425689697265625,0.9884413849789376,0.07039642333984375,185.26845128427442,18.43722869605874,4.387676148329586,354.09552001953125,0.0,0.0,True,too_empty,,False,
negative,/mnt/MammoDiffusion/MammoDiffusion/experiments/diffusers/04_sd21_lora/generated_images/final/negative/gen_0508.png,gen_0508.png,84.7912,62.0,2.0,0.240020751953125,0.8908773045136682,0.2556800842285156,136.64528161133904,55.95553298885895,5.872663014745381,931.3696899414062,0.0,0.0,False,,-45.69929304435677,False,
negative,/mnt/MammoDiffusion/MammoDiffusion/experiments/diffusers/04_sd21_lora/generated_images/final/negative/gen_0509.png,gen_0509.png,194.0,181.0,6.0,0.045581817626953125,0.3610343961837811,0.018856048583984375,209.15800121383776,10.92321054621116,6.854132614002438,1409.3773193359375,0.0,0.0,True,too_empty,,False,
negative,/mnt/MammoDiffusion/MammoDiffusion/experiments/diffusers/04_sd21_lora/generated_images/final/negative/gen_0510.png,gen_0510.png,125.7912,103.0,2.0,0.1671142578125,0.9189645726807889,0.14432525634765625,179.0286250462547,37.69028934419801,5.35843941762991,567.7672729492188,0.0,0.0,False,,-35.13275017889251,False,
negative,/mnt/MammoDiffusion/MammoDiffusion/experiments/diffusers/04_sd21_lora/generated_images/final/negative/gen_0511.png,gen_0511.png,129.0,122.0,2.0,0.047168731689453125,0.581318236959159,0.025020599365234375,190.76063424302484,19.110930275859783,4.030038743363718,323.22705078125,0.0,0.0,True,too_empty,,False,
negative,/mnt/MammoDiffusion/MammoDiffusion/experiments/diffusers/04_sd21_lora/generated_images/final/negative/gen_0512.png,gen_0512.png,102.7912,80.0,2.0,0.3858604431152344,0.9700250121106069,0.4486198425292969,137.88612535394506,38.930272602886795,6.343262037676855,869.3843994140625,0.0,0.0,False,,-14.662875624904027,True,814.0
negative,/mnt/MammoDiffusion/MammoDiffusion/experiments/diffusers/04_sd21_lora/generated_images/final/negative/gen_0513.png,gen_0513.png,108.7912,86.0,2.0,0.25994110107421875,0.907736784949077,0.28374481201171875,155.93678578150627,47.150936227280155,5.992990818477063,837.8150634765625,0.0,0.0,False,,-38.95560690681591,False,
negative,/mnt/MammoDiffusion/MammoDiffusion/experiments/diffusers/04_sd21_lora/generated_images/final/negative/gen_0514.png,gen_0514.png,220.0,222.0,24.0,0.37787628173828125,0.9295968018736498,0.350311279296875,243.89182420071435,22.485629898635928,6.674367841955992,1819.6602783203125,0.0,0.0,False,,-34.11040042530158,False,
negative,/mnt/MammoDiffusion/MammoDiffusion/experiments/diffusers/04_sd21_lora/generated_images/final/negative/gen_0515.png,gen_0515.png,114.8956,101.0,1.0,0.220550537109375,0.5450048429500485,0.1062774658203125,183.74203158650394,29.786723930399297,6.041851558860397,713.49169921875,0.0,0.0,True,too_empty,,False,
negative,/mnt/MammoDiffusion/MammoDiffusion/experiments/diffusers/04_sd21_lora/generated_images/final/negative/gen_0516.png,gen_0516.png,127.7912,105.0,2.0,0.10433578491210938,0.993747943402435,0.09989166259765625,180.27885129458488,22.64217268627395,4.5713851025551975,454.9626770019531,0.0,0.0,True,too_empty,,False,
negative,/mnt/MammoDiffusion/MammoDiffusion/experiments/diffusers/04_sd21_lora/generated_images/final/negative/gen_0517.png,gen_0517.png,155.5824,115.0,4.0,0.10062408447265625,0.3803927515353704,0.037357330322265625,198.903502501787,27.356352842285713,5.77045574809199,1109.8966064453125,0.0,0.0,True,too_empty,,False,
negative,/mnt/MammoDiffusion/MammoDiffusion/experiments/diffusers/04_sd21_lora/generated_images/final/negative/gen_0518.png,gen_0518.png,220.0,125.0,77.0,0.10778045654296875,0.6750902527075813,0.06696319580078125,254.15796969351715,6.023022510482546,7.340469289631432,1290.1925048828125,0.0,0.0,True,too_empty,,False,
negative,/mnt/MammoDiffusion/MammoDiffusion/experiments/diffusers/04_sd21_lora/generated_images/final/negative/gen_0519.png,gen_0519.png,158.478,109.0,5.0,0.15126419067382812,0.5300481678561522,0.08266830444335938,190.5737621706428,22.464087327814024,6.3118364205573965,1232.2169189453125,0.0,0.0,True,too_empty,,False,
negative,/mnt/MammoDiffusion/MammoDiffusion/experiments/diffusers/04_sd21_lora/generated_images/final/negative/gen_0520.png,gen_0520.png,72.6868,41.0,3.0,0.33287811279296875,0.9642112259631913,0.36142730712890625,137.96568720579234,61.985715808353916,6.548597578999765,1505.46142578125,0.0,0.0,False,,-18.841243630631624,True,970.0
negative,/mnt/MammoDiffusion/MammoDiffusion/experiments/diffusers/04_sd21_lora/generated_images/final/negative/gen_0521.png,gen_0521.png,49.7912,27.0,2.0,0.5200462341308594,0.9798939315029305,0.5862274169921875,108.8907311486504,58.89060696828443,6.820644692634936,1641.015625,0.0,0.0,False,,-13.810363911275001,True,773.0
negative,/mnt/MammoDiffusion/MammoDiffusion/experiments/diffusers/04_sd21_lora/generated_images/final/negative/gen_0522.png,gen_0522.png,44.7912,22.0,2.0,0.5562324523925781,0.9945203788413928,0.564453125,126.86967452422145,56.4850504470642,6.868886979878907,1150.7645263671875,0.0,0.0,False,,-7.689931959945638,True,219.0
negative,/mnt/MammoDiffusion/MammoDiffusion/experiments/diffusers/04_sd21_lora/generated_images/final/negative/gen_0523.png,gen_0523.png,138.5824,98.0,4.0,0.10181045532226562,0.7419910824684327,0.08086776733398438,177.91626963536015,31.030699408772175,5.787110087712115,1258.5498046875,0.0,0.0,True,too_empty,,False,
negative,/mnt/MammoDiffusion/MammoDiffusion/experiments/diffusers/04_sd21_lora/generated_images/final/negative/gen_0524.png,gen_0524.png,76.5824,36.0,4.0,0.3307037353515625,0.9716813546809394,0.3487510681152344,137.15861435306215,50.50142900069414,6.7147058502037495,1670.5726318359375,0.0,0.0,False,,-15.820119901590399,True,874.0
negative,/mnt/MammoDiffusion/MammoDiffusion/experiments/diffusers/04_sd21_lora/generated_images/final/negative/gen_0525.png,gen_0525.png,72.6868,41.0,3.0,0.24624252319335938,0.9648804820994252,0.2776832580566406,144.16410918632286,66.04947730094712,6.1888787091911865,1524.959228515625,0.0,0.0,False,,-19.201690452927945,True,984.0
negative,/mnt/MammoDiffusion/MammoDiffusion/experiments/diffusers/04_sd21_lora/generated_images/final/negative/gen_0526.png,gen_0526.png,184.0,147.0,5.0,0.04999542236328125,0.6651915153364871,0.030242919921875,204.6060797174571,14.698924237280156,7.013963492560597,1145.80908203125,0.0,0.0,True,too_empty,,False,
negative,/mnt/MammoDiffusion/MammoDiffusion/experiments/diffusers/04_sd21_lora/generated_images/final/negative/gen_0527.png,gen_0527.png,220.0,173.0,81.0,0.12780380249023438,0.4977166223920246,0.054492950439453125,252.39649982499125,8.745394207546035,6.674966588626993,712.1780395507812,0.0,0.0,True,too_empty,,False,
negative,/mnt/MammoDiffusion/MammoDiffusion/experiments/diffusers/04_sd21_lora/generated_images/final/negative/gen_0528.png,gen_0528.png,220.0,78.0,41.0,0.09069442749023438,0.6883280757097792,0.0598602294921875,254.71577874075962,2.7013885694013777,6.93225665101505,905.3489990234375,0.0,0.0,True,too_empty,,False,
negative,/mnt/MammoDiffusion/MammoDiffusion/experiments/diffusers/04_sd21_lora/generated_images/final/negative/gen_0529.png,gen_0529.png,139.0,116.0,3.0,0.048969268798828125,0.8564306302095506,0.034420013427734375,187.085448298792,21.537384458933,4.88048898996505,487.23748779296875,0.0,0.0,True,too_empty,,False,
negative,/mnt/MammoDiffusion/MammoDiffusion/experiments/diffusers/04_sd21_lora/generated_images/final/negative/gen_0530.png,gen_0530.png,117.7912,95.0,2.0,0.21343231201171875,0.7639320822162645,0.102294921875,176.40151402147973,29.526968717726845,6.009759429380959,381.084716796875,0.0,0.0,True,too_empty,,False,
negative,/mnt/MammoDiffusion/MammoDiffusion/experiments/diffusers/04_sd21_lora/generated_images/final/negative/gen_0531.png,gen_0531.png,59.6868,28.0,3.0,0.2625579833984375,0.9785116522345557,0.29451751708984375,120.97154366240966,60.34694144253395,6.147414229264856,1623.650146484375,0.0,0.0,False,,-13.297184906851086,True,754.0
negative,/mnt/MammoDiffusion/MammoDiffusion/experiments/diffusers/04_sd21_lora/generated_images/final/negative/gen_0532.png,gen_0532.png,204.0,166.0,31.0,0.0444488525390625,0.3504977686234123,0.014373779296875,221.12738853503186,14.656567891297922,7.414542645094609,1251.0577392578125,0.0,0.0,True,too_empty,,False,
negative,/mnt/MammoDiffusion/MammoDiffusion/experiments/diffusers/04_sd21_lora/generated_images/final/negative/gen_0533.png,gen_0533.png,67.8956,54.0,1.0,0.4172401428222656,0.9466889748301746,0.4835624694824219,117.36019974282716,57.48153440784816,6.378172039575173,1367.285400390625,0.0,0.0,False,,-25.0516300609094,True,1168.0
negative,/mnt/MammoDiffusion/MammoDiffusion/experiments/diffusers/04_sd21_lora/generated_images/final/negative/gen_0534.png,gen_0534.png,89.7912,67.0,2.0,0.2728118896484375,0.9573801666759886,0.30944061279296875,136.93000320520724,50.67190236579405,6.0353623876764075,1086.5968017578125,0.0,0.0,False,,-20.166699973742517,True,1014.0
negative,/mnt/MammoDiffusion/MammoDiffusion/experiments/diffusers/04_sd21_lora/generated_images/final/negative/gen_0535.png,gen_0535.png,94.8956,81.0,1.0,0.18333816528320312,0.9809825014044652,0.2146759033203125,139.70017414173003,50.15665027084949,4.792983412817552,559.425537109375,0.0,0.0,False,,-10.473806310374329,True,580.0
negative,/mnt/MammoDiffusion/MammoDiffusion/experiments/diffusers/04_sd21_lora/generated_images/final/negative/gen_0536.png,gen_0536.png,48.5824,8.0,4.0,0.6347007751464844,0.9752318445995084,0.6451606750488281,134.03767627494457,50.751786976532316,7.386726538690631,2156.01708984375,0.0,0.0,False,,-17.144489195190605,True,918.0
negative,/mnt/MammoDiffusion/MammoDiffusion/experiments/diffusers/04_sd21_lora/generated_images/final/negative/gen_0537.png,gen_0537.png,94.8956,81.0,1.0,0.21447372436523438,0.9578642192696939,0.2539329528808594,140.1042408400559,50.04853528965357,5.110918651363797,600.4381103515625,0.0,0.0,False,,-19.196852400821182,True,983.0
negative,/mnt/MammoDiffusion/MammoDiffusion/experiments/diffusers/04_sd21_lora/generated_images/final/negative/gen_0538.png,gen_0538.png,111.8956,98.0,1.0,0.20856475830078125,0.9188279621026447,0.2308197021484375,160.00685859721028,48.389976667693794,5.289933255879973,518.4569091796875,0.0,0.0,False,,-34.68605047260371,False,
negative,/mnt/MammoDiffusion/MammoDiffusion/experiments/diffusers/04_sd21_lora/generated_images/final/negative/gen_0539.png,gen_0539.png,126.47800000000001,77.0,5.0,0.17717742919921875,0.5979201653533135,0.10498428344726562,186.7097489190073,28.856132967004076,6.37770829053526,1603.3609619140625,0.0,0.0,True,too_empty,,False,
negative,/mnt/MammoDiffusion/MammoDiffusion/experiments/diffusers/04_sd21_lora/generated_images/final/negative/gen_0540.png,gen_0540.png,123.6868,92.0,3.0,0.17694854736328125,0.8903548484456517,0.15975189208984375,168.40935574764794,38.884742461464604,5.72462981109932,590.5612182617188,0.0,0.0,False,,-45.913227291200315,False,
negative,/mnt/MammoDiffusion/MammoDiffusion/experiments/diffusers/04_sd21_lora/generated_images/final/negative/gen_0541.png,gen_0541.png,78.6868,47.0,3.0,0.37682342529296875,0.9881152436678747,0.3789253234863281,151.87061701549334,45.68285685953972,6.514584741753956,1129.4541015625,0.0,0.0,False,,-8.492086580136395,True,352.0
negative,/mnt/MammoDiffusion/MammoDiffusion/experiments/diffusers/04_sd21_lora/generated_images/final/negative/gen_0542.png,gen_0542.png,133.6868,102.0,3.0,0.20211410522460938,0.9368665420984089,0.21580886840820312,167.00189136160358,35.26510421010564,5.9121766879242355,765.5003051757812,0.0,0.0,False,,-28.17601437727032,True,1245.0
negative,/mnt/MammoDiffusion/MammoDiffusion/experiments/diffusers/04_sd21_lora/generated_images/final/negative/gen_0543.png,gen_0543.png,210.0,197.0,7.0,0.049072265625,0.34678171641791045,0.0163726806640625,224.06616961789376,10.906183081637039,6.976204058568504,1773.6561279296875,0.0,0.0,True,too_empty,,False,
negative,/mnt/MammoDiffusion/MammoDiffusion/experiments/diffusers/04_sd21_lora/generated_images/final/negative/gen_0544.png,gen_0544.png,163.5824,123.0,4.0,0.080902099609375,0.9706714447378347,0.0746307373046875,188.3977203025966,15.915040256147943,5.159908847451973,850.4867553710938,0.0,0.0,True,too_empty,,False,
negative,/mnt/MammoDiffusion/MammoDiffusion/experiments/diffusers/04_sd21_lora/generated_images/final/negative/gen_0545.png,gen_0545.png,110.47800000000001,61.0,5.0,0.2591743469238281,0.8271588584212772,0.24721527099609375,166.97222479400057,50.21835111492724,6.592927356108813,1495.415771484375,0.0,0.0,False,,-71.51720765624903,False,
negative,/mnt/MammoDiffusion/MammoDiffusion/experiments/diffusers/04_sd21_lora/generated_images/final/negative/gen_0546.png,gen_0546.png,220.0,174.0,50.0,0.2588043212890625,0.8691851895525028,0.23897933959960938,224.18103021692977,23.172897069463463,7.269304560489213,2279.66552734375,0.0,0.0,False,,-58.51600448088699,False,
negative,/mnt/MammoDiffusion/MammoDiffusion/experiments/diffusers/04_sd21_lora/generated_images/final/negative/gen_0547.png,gen_0547.png,23.8956,10.0,1.0,0.7904624938964844,0.9950679246193567,0.7976837158203125,112.18237944028922,73.654609688561,6.945678768616238,1307.25244140625,0.0,0.0,False,,-9.99534444334343,True,535.0
negative,/mnt/MammoDiffusion/MammoDiffusion/experiments/diffusers/04_sd21_lora/generated_images/final/negative/gen_0548.png,gen_0548.png,65.8956,52.0,1.0,0.5306167602539062,0.9933500122215991,0.5449180603027344,133.42142292102739,50.67022317701723,6.703791339175057,1031.3175048828125,0.0,0.0,False,,-7.506067235122545,True,201.0
negative,/mnt/MammoDiffusion/MammoDiffusion/experiments/diffusers/04_sd21_lora/generated_images/final/negative/gen_0549.png,gen_0549.png,72.6868,41.0,3.0,0.3213844299316406,0.9407826799131147,0.38486480712890625,128.69542075527804,60.018915938535585,6.56434393633282,1963.3463134765625,0.0,0.0,False,,-27.925351187103466,True,1237.0
negative,/mnt/MammoDiffusion/MammoDiffusion/experiments/diffusers/04_sd21_lora/generated_images/final/negative/gen_0550.png,gen_0550.png,105.7912,83.0,2.0,0.21001815795898438,0.9875215693397511,0.2302093505859375,151.39505865977333,45.01308449413295,5.452409439424455,580.562744140625,0.0,0.0,False,,-8.346757202260154,True,324.0
negative,/mnt/MammoDiffusion/MammoDiffusion/experiments/diffusers/04_sd21_lora/generated_images/final/negative/gen_0551.png,gen_0551.png,40.6868,9.0,3.0,0.5364837646484375,0.9949372849057141,0.5562973022460938,115.10516354659535,56.98337591537388,7.198438080129245,2090.633056640625,0.0,0.0,False,,-8.823597930392642,True,398.0
negative,/mnt/MammoDiffusion/MammoDiffusion/experiments/diffusers/04_sd21_lora/generated_images/final/negative/gen_0552.png,gen_0552.png,36.6868,5.0,3.0,0.6608963012695312,0.9963232323232323,0.67132568359375,114.97094622238386,52.71876157828146,7.287658995955591,1530.23974609375,0.0,0.0,False,,-8.174057035653695,True,302.0
negative,/mnt/MammoDiffusion/MammoDiffusion/experiments/diffusers/04_sd21_lora/generated_images/final/negative/gen_0553.png,gen_0553.png,45.6868,14.0,3.0,0.44420623779296875,0.9952681929821549,0.4540748596191406,134.3544731293003,54.91286913464924,6.862428248929524,1677.7581787109375,0.0,0.0,False,,-7.402123232999433,True,188.0
negative,/mnt/MammoDiffusion/MammoDiffusion/experiments/diffusers/04_sd21_lora/generated_images/final/negative/gen_0554.png,gen_0554.png,220.0,202.0,51.0,0.2751274108886719,0.8710674819405737,0.23890304565429688,251.94636498634773,18.571291154848254,6.657225258418432,1930.80908203125,0.0,0.0,False,,-57.55654642676618,False,
negative,/mnt/MammoDiffusion/MammoDiffusion/experiments/diffusers/04_sd21_lora/generated_images/final/negative/gen_0555.png,gen_0555.png,116.8956,103.0,1.0,0.1949310302734375,0.8793737769080234,0.16752243041992188,174.2147557782079,42.845399280599125,5.378054166273103,471.5018310546875,0.0,0.0,False,,-50.172518828689995,False,
negative,/mnt/MammoDiffusion/MammoDiffusion/experiments/diffusers/04_sd21_lora/generated_images/final/negative/gen_0556.png,gen_0556.png,57.5824,17.0,4.0,0.5694160461425781,0.9785487944583269,0.5891304016113281,135.7250658844707,51.696840324931,7.388565144976461,2007.489013671875,0.0,0.0,False,,-15.392421798797109,True,856.0
negative,/mnt/MammoDiffusion/MammoDiffusion/experiments/diffusers/04_sd21_lora/generated_images/final/negative/gen_0557.png,gen_0557.png,25.8956,12.0,1.0,0.7598457336425781,0.9945328306281973,0.7597007751464844,108.62809626866046,59.11971525776073,7.2408677972564,1228.896484375,0.0,0.0,False,,-9.243301403846255,True,454.0
negative,/mnt/MammoDiffusion/MammoDiffusion/experiments/diffusers/04_sd21_lora/generated_images/final/negative/gen_0558.png,gen_0558.png,181.0,122.0,13.0,0.049701690673828125,0.5016501650165016,0.026622772216796875,208.12709557243159,19.442304144853576,7.426482128276961,1721.03857421875,0.0,0.0,True,too_empty,,False,
negative,/mnt/MammoDiffusion/MammoDiffusion/experiments/diffusers/04_sd21_lora/generated_images/final/negative/gen_0559.png,gen_0559.png,163.478,114.0,5.0,0.05237579345703125,0.949089584850692,0.041927337646484375,190.9255754708398,16.91172045797283,5.373017361673936,1438.8878173828125,0.0,0.0,True,too_empty,,False,
negative,/mnt/MammoDiffusion/MammoDiffusion/experiments/diffusers/04_sd21_lora/generated_images/final/negative/gen_0560.png,gen_0560.png,57.6868,26.0,3.0,0.23303604125976562,0.9778356168868373,0.2748908996582031,123.89080084928047,67.7608419244443,6.017559349208788,1978.999755859375,0.0,0.0,False,,-14.498305113817375,True,807.0
negative,/mnt/MammoDiffusion/MammoDiffusion/experiments/diffusers/04_sd21_lora/generated_images/final/negative/gen_0561.png,gen_0561.png,174.0,100.0,10.0,0.048675537109375,0.796473354231975,0.036579132080078125,195.51840650745646,13.85062513343219,6.176295590138739,469.920654296875,0.0,0.0,True,too_empty,,False,
negative,/mnt/MammoDiffusion/MammoDiffusion/experiments/diffusers/04_sd21_lora/generated_images/final/negative/gen_0562.png,gen_0562.png,58.5824,18.0,4.0,0.44598388671875,0.9965187491446558,0.45052337646484375,137.21741376098626,51.962888973860196,7.03975878676498,1618.230224609375,0.0,0.0,False,,-6.866326817809951,True,132.0
negative,/mnt/MammoDiffusion/MammoDiffusion/experiments/diffusers/04_sd21_lora/generated_images/final/negative/gen_0563.png,gen_0563.png,109.7912,87.0,2.0,0.4483985900878906,0.9917138117316773,0.48554229736328125,153.86876384720543,40.54745472321571,6.346895970154581,479.1138610839844,0.0,0.0,False,,-7.072551292735312,True,154.0
negative,/mnt/MammoDiffusion/MammoDiffusion/experiments/diffusers/04_sd21_lora/generated_images/final/negative/gen_0564.png,gen_0564.png,220.0,226.0,21.0,0.33878326416015625,0.9286003828397703,0.3118743896484375,244.31016683790793,20.600651534562452,6.954859596500919,1258.20263671875,0.0,0.0,False,,-34.34877638019133,False,
negative,/mnt/MammoDiffusion/MammoDiffusion/experiments/diffusers/04_sd21_lora/generated_images/final/negative/gen_0565.png,gen_0565.png,69.5824,29.0,4.0,0.6091079711914062,0.9871738667535103,0.6107711791992188,126.75445006557992,42.19084940402144,7.1384558915880945,903.9271240234375,0.0,0.0,False,,-9.91966702593708,True,526.0
negative,/mnt/MammoDiffusion/MammoDiffusion/experiments/diffusers/04_sd21_lora/generated_images/final/negative/gen_0566.png,gen_0566.png,95.6868,64.0,3.0,0.290435791015625,0.9508379741515184,0.3316764831542969,144.86551577397725,53.27797276421263,6.430149796710663,1593.0643310546875,0.0,0.0,False,,-23.785362830898862,True,1132.0
negative,/mnt/MammoDiffusion/MammoDiffusion/experiments/diffusers/04_sd21_lora/generated_images/final/negative/gen_0567.png,gen_0567.png,60.7912,38.0,2.0,0.5307464599609375,0.9911522870367708,0.6010475158691406,119.51924651404853,55.49918770376326,6.97647222176699,1726.646240234375,0.0,0.0,False,,-9.888489936127968,True,522.0
negative,/mnt/MammoDiffusion/MammoDiffusion/experiments/diffusers/04_sd21_lora/generated_images/final/negative/gen_0568.png,gen_0568.png,104.8956,91.0,1.0,0.2841224670410156,0.9781152240168633,0.3466300964355469,143.64144298810348,49.5425811981756,5.509601889874256,575.3490600585938,0.0,0.0,False,,-11.292606853113256,True,642.0
negative,/mnt/MammoDiffusion/MammoDiffusion/experiments/diffusers/04_sd21_lora/generated_images/final/negative/gen_0569.png,gen_0569.png,37.6868,6.0,3.0,0.6416740417480469,0.9947268609068373,0.6914901733398438,99.14733822474761,57.059303190643924,7.385620188649457,1970.9637451171875,0.0,0.0,False,,-9.53943407171722,True,485.0
negative,/mnt/MammoDiffusion/MammoDiffusion/experiments/diffusers/04_sd21_lora/generated_images/final/negative/gen_0570.png,gen_0570.png,145.5824,105.0,4.0,0.07573318481445312,0.9704830504205914,0.07059860229492188,184.14621494569622,24.901995553031583,5.050732403236237,754.1032104492188,0.0,0.0,True,too_empty,,False,
negative,/mnt/MammoDiffusion/MammoDiffusion/experiments/diffusers/04_sd21_lora/generated_images/final/negative/gen_0571.png,gen_0571.png,60.7912,38.0,2.0,0.4397735595703125,0.993711182818084,0.4518394470214844,132.02488032622185,52.89034299337782,6.500633677925168,1173.2122802734375,0.0,0.0,False,,-6.851850595084183,True,131.0
negative,/mnt/MammoDiffusion/MammoDiffusion/experiments/diffusers/04_sd21_lora/generated_images/final/negative/gen_0572.png,gen_0572.png,57.5824,17.0,4.0,0.4473686218261719,0.9768578128330846,0.4822883605957031,126.5390535399315,60.053383988867736,7.177163159456299,2201.777587890625,0.0,0.0,False,,-15.679767406576502,True,867.0
negative,/mnt/MammoDiffusion/MammoDiffusion/experiments/diffusers/04_sd21_lora/generated_images/final/negative/gen_0573.png,gen_0573.png,156.0,149.0,2.0,0.038928985595703125,0.7065164135227829,0.024200439453125,192.90368852459017,19.107283862683417,3.989266750590682,291.13055419921875,0.0,0.0,True,too_empty,,False,
negative,/mnt/MammoDiffusion/MammoDiffusion/experiments/diffusers/04_sd21_lora/generated_images/final/negative/gen_0574.png,gen_0574.png,47.6868,16.0,3.0,0.5320243835449219,0.9947442764238135,0.5533409118652344,129.97733273585882,59.61917135321774,7.160948461531487,1873.0250244140625,0.0,0.0,False,,-8.959440830300007,True,412.0
negative,/mnt/MammoDiffusion/MammoDiffusion/experiments/diffusers/04_sd21_lora/generated_images/final/negative/gen_0575.png,gen_0575.png,146.6868,115.0,3.0,0.09700775146484375,0.7099095556429414,0.06792068481445312,193.15568660488626,24.760707561835172,6.433160418748129,985.5468139648438,0.0,0.0,True,too_empty,,False,
negative,/mnt/MammoDiffusion/MammoDiffusion/experiments/diffusers/04_sd21_lora/generated_images/final/negative/gen_0576.png,gen_0576.png,117.7912,95.0,2.0,0.2336273193359375,0.908823721507413,0.2735633850097656,150.82393708253733,43.26145946318348,5.623798201234526,926.8712768554688,0.0,0.0,False,,-38.11846529847821,False,
negative,/mnt/MammoDiffusion/MammoDiffusion/experiments/diffusers/04_sd21_lora/generated_images/final/negative/gen_0577.png,gen_0577.png,60.478,11.0,5.0,0.5904273986816406,0.9833114739270047,0.705902099609375,114.4565139855605,57.14349344075871,7.606977823517103,1789.0325927734375,0.0,0.0,False,,-14.187736999953351,True,792.0
negative,/mnt/MammoDiffusion/MammoDiffusion/experiments/diffusers/04_sd21_lora/generated_images/final/negative/gen_0578.png,gen_0578.png,38.7912,16.0,2.0,0.5580863952636719,0.9850785036124649,0.5570449829101562,129.7877843671675,53.99377286105227,6.932085814209556,1394.076416015625,0.0,0.0,False,,-11.516404861005292,True,660.0
negative,/mnt/MammoDiffusion/MammoDiffusion/experiments/diffusers/04_sd21_lora/generated_images/final/negative/gen_0579.png,gen_0579.png,72.5824,32.0,4.0,0.2268524169921875,0.9240768144212013,0.23016738891601562,148.96826159736148,63.72167994881799,6.534358767258823,2258.73583984375,0.0,0.0,False,,-36.23123785065882,False,
negative,/mnt/MammoDiffusion/MammoDiffusion/experiments/diffusers/04_sd21_lora/generated_images/final/negative/gen_0580.png,gen_0580.png,91.6868,60.0,3.0,0.21461105346679688,0.7569455553778062,0.18492507934570312,148.92839903459372,51.59199017637248,6.166857184451707,1225.3399658203125,0.0,0.0,False,,-97.61729924219236,False,
negative,/mnt/MammoDiffusion/MammoDiffusion/experiments/diffusers/04_sd21_lora/generated_images/final/negative/gen_0581.png,gen_0581.png,71.6868,40.0,3.0,0.24573898315429688,0.9691705863177013,0.28232574462890625,126.59473044183218,58.55306506743845,6.252253748358686,1660.1177978515625,0.0,0.0,False,,-17.063434385328424,True,915.0
negative,/mnt/MammoDiffusion/MammoDiffusion/experiments/diffusers/04_sd21_lora/generated_images/final/negative/gen_0582.png,gen_0582.png,79.47800000000001,30.0,5.0,0.3706932067871094,0.9544018523282737,0.4015312194824219,132.66031408240625,53.40129654441758,7.203415277427101,2271.033447265625,0.0,0.0,False,,-23.519169791482,True,1128.0
negative,/mnt/MammoDiffusion/MammoDiffusion/experiments/diffusers/04_sd21_lora/generated_images/final/negative/gen_0583.png,gen_0583.png,122.6868,91.0,3.0,0.14555740356445312,0.8910815839819692,0.13211822509765625,179.98590979961887,47.892193062936805,5.746318896667327,1048.7864990234375,0.0,0.0,False,,-46.83304301329261,False,
negative,/mnt/MammoDiffusion/MammoDiffusion/experiments/diffusers/04_sd21_lora/generated_images/final/negative/gen_0584.png,gen_0584.png,95.47800000000001,46.0,5.0,0.4412078857421875,0.9468960747017119,0.4934196472167969,150.890047701145,50.85556292888389,7.20752564430814,1592.49853515625,0.0,0.0,False,,-26.27367180858412,True,1197.0
negative,/mnt/MammoDiffusion/MammoDiffusion/experiments/diffusers/04_sd21_lora/generated_images/final/negative/gen_0585.png,gen_0585.png,154.0,139.0,2.0,0.0495147705078125,0.912788906009245,0.042911529541015625,187.1178771446351,17.18419685260639,4.368393599174282,390.4903869628906,0.0,0.0,True,too_empty,,False,
negative,/mnt/MammoDiffusion/MammoDiffusion/experiments/diffusers/04_sd21_lora/generated_images/final/negative/gen_0586.png,gen_0586.png,116.7912,94.0,2.0,0.17436599731445312,0.9174123258001706,0.17250823974609375,151.60846490646145,31.356932382334104,4.997610131914722,343.0244140625,0.0,0.0,False,,-35.383122056146746,False,
negative,/mnt/MammoDiffusion/MammoDiffusion/experiments/diffusers/04_sd21_lora/generated_images/final/negative/gen_0587.png,gen_0587.png,34.6868,3.0,3.0,0.6638374328613281,0.9745433022451313,0.6863822937011719,109.86389782750054,62.570129830145966,7.273037186259673,2385.419677734375,0.0,0.0,False,,-18.103349241896016,True,941.0
negative,/mnt/MammoDiffusion/MammoDiffusion/experiments/diffusers/04_sd21_lora/generated_images/final/negative/gen_0588.png,gen_0588.png,62.0,57.0,0.0,0.6628150939941406,0.9954072735434784,0.6800651550292969,120.66852334875894,49.53680000348966,6.636983245070816,794.7805786132812,0.0,0.0,False,,-6.9822012297743905,True,139.0
negative,/mnt/MammoDiffusion/MammoDiffusion/experiments/diffusers/04_sd21_lora/generated_images/final/negative/gen_0589.png,gen_0589.png,119.5824,79.0,4.0,0.14687347412109375,0.5454781569788583,0.07923126220703125,197.4691381800674,29.415526801729644,5.978343702640902,1377.964599609375,0.0,0.0,True,too_empty,,False,
negative,/mnt/MammoDiffusion/MammoDiffusion/experiments/diffusers/04_sd21_lora/generated_images/final/negative/gen_0590.png,gen_0590.png,129.6868,98.0,3.0,0.173309326171875,0.8844426835710513,0.1468353271484375,174.5821469396238,38.93853795949418,5.797442905876252,840.844482421875,0.0,0.0,False,,-48.47221152204858,False,
negative,/mnt/MammoDiffusion/MammoDiffusion/experiments/diffusers/04_sd21_lora/generated_images/final/negative/gen_0591.png,gen_0591.png,220.0,250.0,2.0,0.39322662353515625,0.969102268097243,0.3746757507324219,250.22778688441136,16.414644792973203,6.3431821819765055,1202.8912353515625,0.0,0.0,False,,-18.294444192671683,True,945.0
negative,/mnt/MammoDiffusion/MammoDiffusion/experiments/diffusers/04_sd21_lora/generated_images/final/negative/gen_0592.png,gen_0592.png,113.47800000000001,64.0,5.0,0.23742294311523438,0.8987933610758527,0.2057647705078125,165.67992213570633,45.41616340793439,6.8310418934523485,2021.671630859375,0.0,0.0,False,,-45.23497872774588,False,
negative,/mnt/MammoDiffusion/MammoDiffusion/experiments/diffusers/04_sd21_lora/generated_images/final/negative/gen_0593.png,gen_0593.png,122.5824,82.0,4.0,0.09729766845703125,0.9214302517054811,0.09553909301757812,166.3694949091635,34.624353643166415,5.345782862531056,994.0078125,0.0,0.0,True,too_empty,,False,
negative,/mnt/MammoDiffusion/MammoDiffusion/experiments/diffusers/04_sd21_lora/generated_images/final/negative/gen_0594.png,gen_0594.png,150.7912,128.0,2.0,0.05110931396484375,0.9963427377220481,0.046108245849609375,189.57292959377844,17.341759275131373,4.18690913252638,356.2383117675781,0.0,0.0,True,too_empty,,False,
negative,/mnt/MammoDiffusion/MammoDiffusion/experiments/diffusers/04_sd21_lora/generated_images/final/negative/gen_0595.png,gen_0595.png,48.6868,17.0,3.0,0.2664833068847656,0.990552127918462,0.2826690673828125,126.35909581646423,65.37041283911248,6.189122954647531,1866.261474609375,0.0,0.0,False,,-9.530906373260624,True,484.0
negative,/mnt/MammoDiffusion/MammoDiffusion/experiments/diffusers/04_sd21_lora/generated_images/final/negative/gen_0596.png,gen_0596.png,90.7912,68.0,2.0,0.22071456909179688,0.9826474705750186,0.24634552001953125,148.1441977143919,56.226160357929054,5.739311053460928,1079.74169921875,0.0,0.0,False,,-11.24138943273158,True,636.0
negative,/mnt/MammoDiffusion/MammoDiffusion/experiments/diffusers/04_sd21_lora/generated_images/final/negative/gen_0597.png,gen_0597.png,83.7912,61.0,2.0,0.4867820739746094,0.9920929102635435,0.5275192260742188,135.36021723095612,47.23897437336286,6.593909951421676,644.67578125,0.0,0.0,False,,-7.236109164721578,True,169.0
negative,/mnt/MammoDiffusion/MammoDiffusion/experiments/diffusers/04_sd21_lora/generated_images/final/negative/gen_0598.png,gen_0598.png,87.5824,47.0,4.0,0.422515869140625,0.9852834958468761,0.43547821044921875,154.40029608087036,45.951629165586766,6.861109631570347,1476.0313720703125,0.0,0.0,False,,-10.666472966979885,True,596.0
negative,/mnt/MammoDiffusion/MammoDiffusion/experiments/diffusers/04_sd21_lora/generated_images/final/negative/gen_0599.png,gen_0599.png,41.6868,10.0,3.0,0.6369705200195312,0.9969217501706812,0.6512069702148438,121.23096479409524,53.44860656873816,7.348235988824933,1566.2257080078125,0.0,0.0,False,,-8.059481397810075,True,284.0
negative,/mnt/MammoDiffusion/MammoDiffusion/experiments/diffusers/04_sd21_lora/generated_images/final/negative/gen_0600.png,gen_0600.png,95.5824,55.0,4.0,0.4980926513671875,0.990909230156542,0.4954032897949219,156.34190363987773,33.29040126767717,6.941408725946424,1164.3583984375,0.0,0.0,False,,-8.580259040839168,True,365.0
negative,/mnt/MammoDiffusion/MammoDiffusion/experiments/diffusers/04_sd21_lora/generated_images/final/negative/gen_0601.png,gen_0601.png,136.8956,123.0,1.0,0.23461151123046875,0.755438847517154,0.18207550048828125,155.7926880368741,15.096023155401546,6.309124182952258,318.60858154296875,0.0,0.0,False,,-98.86972770783355,False,
negative,/mnt/MammoDiffusion/MammoDiffusion/experiments/diffusers/04_sd21_lora/generated_images/final/negative/gen_0602.png,gen_0602.png,90.6868,59.0,3.0,0.4446525573730469,0.9717749200003432,0.5069351196289062,133.24743020543306,48.69903449685313,6.792253315389171,1163.224609375,0.0,0.0,False,,-15.577081986490878,True,865.0
negative,/mnt/MammoDiffusion/MammoDiffusion/experiments/diffusers/04_sd21_lora/generated_images/final/negative/gen_0603.png,gen_0603.png,112.0,107.0,0.0,0.2963981628417969,0.8342449709777474,0.25331878662109375,156.09863566545192,36.54075719476903,5.875182058917851,534.4954833984375,0.0,0.0,False,,-66.68367543342248,False,
negative,/mnt/MammoDiffusion/MammoDiffusion/experiments/diffusers/04_sd21_lora/generated_images/final/negative/gen_0604.png,gen_0604.png,220.0,231.0,8.0,0.3161735534667969,0.9602089692699347,0.2982139587402344,237.7273425007995,17.71911364139602,6.709467077801098,1297.8792724609375,0.0,0.0,False,,-22.33154289007125,True,1085.0
negative,/mnt/MammoDiffusion/MammoDiffusion/experiments/diffusers/04_sd21_lora/generated_images/final/negative/gen_0605.png,gen_0605.png,107.7912,85.0,2.0,0.2520599365234375,0.9065167383013499,0.2683906555175781,155.50621828673764,47.8838031084852,5.72618416200226,780.724609375,0.0,0.0,False,,-39.252398441630895,False,
negative,/mnt/MammoDiffusion/MammoDiffusion/experiments/diffusers/04_sd21_lora/generated_images/final/negative/gen_0606.png,gen_0606.png,117.6868,86.0,3.0,0.21825408935546875,0.7531023875275282,0.1867218017578125,169.67050747732287,43.76541485744096,6.230971033648215,905.02734375,0.0,0.0,False,,-98.63594174637464,False,
negative,/mnt/MammoDiffusion/MammoDiffusion/experiments/diffusers/04_sd21_lora/generated_images/final/negative/gen_0607.png,gen_0607.png,104.6868,73.0,3.0,0.17708969116210938,0.9382202787411412,0.18596649169921875,161.38637948717948,53.241429050149875,5.734306712865861,1278.0699462890625,0.0,0.0,False,,-28.838031496157626,True,1263.0
negative,/mnt/MammoDiffusion/MammoDiffusion/experiments/diffusers/04_sd21_lora/generated_images/final/negative/gen_0608.png,gen_0608.png,143.0,132.0,3.0,0.049236297607421875,0.8935461377547067,0.03986358642578125,176.8287081339713,16.163593646683314,4.487101344709279,470.45892333984375,0.0,0.0,True,too_empty,,False,
negative,/mnt/MammoDiffusion/MammoDiffusion/experiments/diffusers/04_sd21_lora/generated_images/final/negative/gen_0609.png,gen_0609.png,144.7912,122.0,2.0,0.15781784057617188,0.88317903845689,0.11768722534179688,195.05860425918124,32.67030168939484,5.334329821299582,713.499755859375,0.0,0.0,False,,-49.284532501496045,False,
negative,/mnt/MammoDiffusion/MammoDiffusion/experiments/diffusers/04_sd21_lora/generated_images/final/negative/gen_0610.png,gen_0610.png,91.8956,78.0,1.0,0.3430023193359375,0.9320588104453045,0.397003173828125,134.0252613575217,50.080007341536415,5.686615566170099,488.88348388671875,0.0,0.0,False,,-28.702603551357956,True,1261.0
negative,/mnt/MammoDiffusion/MammoDiffusion/experiments/diffusers/04_sd21_lora/generated_images/final/negative/gen_0611.png,gen_0611.png,111.5824,71.0,4.0,0.16411972045898438,0.901912930293099,0.16097259521484375,163.61306223043746,44.9645831421384,5.905520546226998,1189.27392578125,0.0,0.0,False,,-42.40431265673852,False,
negative,/mnt/MammoDiffusion/MammoDiffusion/experiments/diffusers/04_sd21_lora/generated_images/final/negative/gen_0612.png,gen_0612.png,73.7912,51.0,2.0,0.340728759765625,0.9476265114196148,0.3946800231933594,136.7454065704648,62.28834110086752,6.214953192587878,1332.888916015625,0.0,0.0,False,,-24.51126368138181,True,1151.0
negative,/mnt/MammoDiffusion/MammoDiffusion/experiments/diffusers/04_sd21_lora/generated_images/final/negative/gen_0613.png,gen_0613.png,122.0,116.0,2.0,0.045093536376953125,0.6733778868116065,0.026092529296875,164.56929824561402,14.303146264888444,3.6416196137923165,156.67440795898438,0.0,0.0,True,too_empty,,False,
negative,/mnt/MammoDiffusion/MammoDiffusion/experiments/diffusers/04_sd21_lora/generated_images/final/negative/gen_0614.png,gen_0614.png,79.7912,57.0,2.0,0.3787078857421875,0.9798339981465812,0.3761711120605469,151.97894758191276,42.51910889757278,6.146190040071263,667.4951782226562,0.0,0.0,False,,-10.626236055723904,True,591.0
negative,/mnt/MammoDiffusion/MammoDiffusion/experiments/diffusers/04_sd21_lora/generated_images/final/negative/gen_0615.png,gen_0615.png,220.0,226.0,27.0,0.21027374267578125,0.8208882116033526,0.17032623291015625,250.0538857782755,27.321212507387948,6.990847775969694,2002.688232421875,0.0,0.0,False,,-76.933709105953,False,
negative,/mnt/MammoDiffusion/MammoDiffusion/experiments/diffusers/04_sd21_lora/generated_images/final/negative/gen_0616.png,gen_0616.png,178.0,170.0,3.0,0.047756195068359375,0.4905343877306494,0.021099090576171875,206.00524317483277,14.35436812538752,6.43827026191323,730.2875366210938,0.0,0.0,True,too_empty,,False,
negative,/mnt/MammoDiffusion/MammoDiffusion/experiments/diffusers/04_sd21_lora/generated_images/final/negative/gen_0617.png,gen_0617.png,220.0,227.0,8.0,0.4197654724121094,0.9611410499913667,0.40192413330078125,233.27560220952526,18.826540102790606,6.455199250400465,2093.805419921875,0.0,0.0,False,,-22.19745445701328,True,1082.0
negative,/mnt/MammoDiffusion/MammoDiffusion/experiments/diffusers/04_sd21_lora/generated_images/final/negative/gen_0618.png,gen_0618.png,134.7912,112.0,2.0,0.05261993408203125,0.9988400753950993,0.04808807373046875,171.8495161034428,18.615589752194474,4.39688573841128,361.5024108886719,0.0,0.0,True,too_empty,,False,
negative,/mnt/MammoDiffusion/MammoDiffusion/experiments/diffusers/04_sd21_lora/generated_images/final/negative/gen_0619.png,gen_0619.png,14.8956,1.0,1.0,0.9317207336425781,0.9973428319924665,0.9269027709960938,104.94189693063684,52.44112155916168,7.575667932600665,1695.7191162109375,0.0,0.0,False,,-9.785177320197183,True,511.0
negative,/mnt/MammoDiffusion/MammoDiffusion/experiments/diffusers/04_sd21_lora/generated_images/final/negative/gen_0620.png,gen_0620.png,49.7912,27.0,2.0,0.3752403259277344,0.9928126302520154,0.38390350341796875,128.48289910371827,61.79346070499318,6.179961297517593,1520.8013916015625,0.0,0.0,False,,-7.368065725960694,True,184.0
negative,/mnt/MammoDiffusion/MammoDiffusion/experiments/diffusers/04_sd21_lora/generated_images/final/negative/gen_0621.png,gen_0621.png,167.0,107.0,8.0,0.048839569091796875,0.6585175349527455,0.030849456787109375,192.01793001112898,24.33183886613771,6.07553762139278,1673.3546142578125,0.0,0.0,True,too_empty,,False,
negative,/mnt/MammoDiffusion/MammoDiffusion/experiments/diffusers/04_sd21_lora/generated_images/final/negative/gen_0622.png,gen_0622.png,220.0,208.0,46.0,0.20384597778320312,0.5434249677189962,0.106689453125,253.92001573226545,1.3266282900231683,6.908753494756981,1739.6024169921875,0.0,0.0,True,too_empty,,False,
negative,/mnt/MammoDiffusion/MammoDiffusion/experiments/diffusers/04_sd21_lora/generated_images/final/negative/gen_0623.png,gen_0623.png,91.7912,69.0,2.0,0.23048019409179688,0.9681557126069614,0.2712669372558594,138.3795615305649,51.435804922473885,5.822061766919358,1063.6197509765625,0.0,0.0,False,,-16.1912163444439,True,886.0
negative,/mnt/MammoDiffusion/MammoDiffusion/experiments/diffusers/04_sd21_lora/generated_images/final/negative/gen_0624.png,gen_0624.png,115.7912,93.0,2.0,0.20101165771484375,0.8961551599802634,0.16735076904296875,164.9059949851835,37.33564280843208,5.507086504899329,792.9299926757812,0.0,0.0,False,,-43.496161840768394,False,
negative,/mnt/MammoDiffusion/MammoDiffusion/experiments/diffusers/04_sd21_lora/generated_images/final/negative/gen_0625.png,gen_0625.png,220.0,241.0,13.0,0.312530517578125,0.8854115809003027,0.2710533142089844,253.81601576243756,6.793268837585951,6.490649039757451,1441.011474609375,0.0,0.0,True,low_contrast,,False,
negative,/mnt/MammoDiffusion/MammoDiffusion/experiments/diffusers/04_sd21_lora/generated_images/final/negative/gen_0626.png,gen_0626.png,126.5824,86.0,4.0,0.126373291015625,0.867664815262014,0.11731719970703125,170.77837029329518,36.115552598450144,5.811953985051307,976.1605834960938,0.0,0.0,False,,-55.31477018601764,False,
negative,/mnt/MammoDiffusion/MammoDiffusion/experiments/diffusers/04_sd21_lora/generated_images/final/negative/gen_0627.png,gen_0627.png,117.6868,86.0,3.0,0.16573333740234375,0.8721631450536298,0.14899826049804688,172.07063672905093,39.91111700885041,5.688329680680727,665.9561157226562,0.0,0.0,False,,-52.84256799247398,False,
negative,/mnt/MammoDiffusion/MammoDiffusion/experiments/diffusers/04_sd21_lora/generated_images/final/negative/gen_0628.png,gen_0628.png,133.0,127.0,2.0,0.042896270751953125,0.6176078257003113,0.012226104736328125,157.46365054602185,14.38443663306759,3.88433337892314,237.37957763671875,0.0,0.0,True,too_empty,,False,
negative,/mnt/MammoDiffusion/MammoDiffusion/experiments/diffusers/04_sd21_lora/generated_images/final/negative/gen_0629.png,gen_0629.png,10.0,2.0,0.0,0.7831993103027344,0.9988164297090755,0.7796974182128906,119.1851628969681,53.28219345415125,7.054064041528958,1073.336669921875,0.0,0.0,False,,-7.293268291713989,True,174.0
negative,/mnt/MammoDiffusion/MammoDiffusion/experiments/diffusers/04_sd21_lora/generated_images/final/negative/gen_0630.png,gen_0630.png,84.7912,62.0,2.0,0.3745613098144531,0.9863324812351689,0.39502716064453125,143.71826293528014,47.8615206715143,6.155456201322345,753.392333984375,0.0,0.0,False,,-8.353396276009804,True,325.0
negative,/mnt/MammoDiffusion/MammoDiffusion/experiments/diffusers/04_sd21_lora/generated_images/final/negative/gen_0631.png,gen_0631.png,36.7912,14.0,2.0,0.46590423583984375,0.9948417312132576,0.4774818420410156,119.46203133363693,61.00365179292091,6.785453958863298,1905.228759765625,0.0,0.0,False,,-8.024762657452612,True,281.0
negative,/mnt/MammoDiffusion/MammoDiffusion/experiments/diffusers/04_sd21_lora/generated_images/final/negative/gen_0632.png,gen_0632.png,132.7912,110.0,2.0,0.1786651611328125,0.9242249551626953,0.20493316650390625,165.83973046424182,42.46034116466429,5.590493644257343,724.90576171875,0.0,0.0,False,,-32.6624356550979,False,
negative,/mnt/MammoDiffusion/MammoDiffusion/experiments/diffusers/04_sd21_lora/generated_images/final/negative/gen_0633.png,gen_0633.png,74.8956,61.0,1.0,0.69366455078125,0.9798449186097669,0.7001457214355469,133.40911195985595,44.24909520690265,6.963469634082843,833.76953125,0.0,0.0,False,,-13.290484474172466,True,753.0
negative,/mnt/MammoDiffusion/MammoDiffusion/experiments/diffusers/04_sd21_lora/generated_images/final/negative/gen_0634.png,gen_0634.png,142.6868,111.0,3.0,0.10346221923828125,0.9462797728781064,0.09690093994140625,182.19699236280607,24.738306139566824,5.2458598532398835,981.0996704101562,0.0,0.0,True,too_empty,,False,
negative,/mnt/MammoDiffusion/MammoDiffusion/experiments/diffusers/04_sd21_lora/generated_images/final/negative/gen_0635.png,gen_0635.png,74.5824,34.0,4.0,0.4001731872558594,0.9330429063039188,0.4356040954589844,135.3627343661059,57.737969553651745,7.1670477356223135,2256.388671875,0.0,0.0,False,,-32.0843710133094,True,1349.0
negative,/mnt/MammoDiffusion/MammoDiffusion/experiments/diffusers/04_sd21_lora/generated_images/final/negative/gen_0636.png,gen_0636.png,184.0,176.0,2.0,0.048427581787109375,0.3918077983458054,0.017650604248046875,207.51739788199697,18.050246545713243,6.768151729397605,1020.9533081054688,0.0,0.0,True,too_empty,,False,
negative,/mnt/MammoDiffusion/MammoDiffusion/experiments/diffusers/04_sd21_lora/generated_images/final/negative/gen_0637.png,gen_0637.png,124.3736,66.0,6.0,0.3151359558105469,0.7538463400757769,0.25762939453125,173.2518212508884,41.17287256512412,7.2173145015261975,929.0723876953125,0.0,0.0,False,,-98.6653193328768,False,
negative,/mnt/MammoDiffusion/MammoDiffusion/experiments/diffusers/04_sd21_lora/generated_images/final/negative/gen_0638.png,gen_0638.png,217.0,196.0,17.0,0.044734954833984375,0.2012449901935704,0.007297515869140625,229.82435964453737,9.807690445077979,7.271225885970029,2000.7529296875,0.0,0.0,True,too_empty,,False,
negative,/mnt/MammoDiffusion/MammoDiffusion/experiments/diffusers/04_sd21_lora/generated_images/final/negative/gen_0639.png,gen_0639.png,76.6868,45.0,3.0,0.4252128601074219,0.9838427516664124,0.4939002990722656,130.4380218269446,54.03667593993119,6.875139910148652,1354.8714599609375,0.0,0.0,False,,-11.472417468337628,True,655.0
negative,/mnt/MammoDiffusion/MammoDiffusion/experiments/diffusers/04_sd21_lora/generated_images/final/negative/gen_0640.png,gen_0640.png,16.8956,3.0,1.0,0.7623329162597656,0.9986239060052742,0.7586288452148438,108.95048524161513,56.19250961305015,6.910923874733083,1112.5953369140625,0.0,0.0,False,,-7.098148908223175,True,155.0
negative,/mnt/MammoDiffusion/MammoDiffusion/experiments/diffusers/04_sd21_lora/generated_images/final/negative/gen_0641.png,gen_0641.png,87.7912,65.0,2.0,0.4050750732421875,0.979781142878668,0.3991737365722656,159.04624382412248,40.70577587825092,6.258601146433156,483.10516357421875,0.0,0.0,False,,-11.036650035952873,True,622.0
negative,/mnt/MammoDiffusion/MammoDiffusion/experiments/diffusers/04_sd21_lora/generated_images/final/negative/gen_0642.png,gen_0642.png,74.47800000000001,25.0,5.0,0.5298118591308594,0.983547776249757,0.5956077575683594,126.93763730105357,51.927447271692024,7.536089660348468,2158.641357421875,0.0,0.0,False,,-13.722848289807137,True,770.0
negative,/mnt/MammoDiffusion/MammoDiffusion/experiments/diffusers/04_sd21_lora/generated_images/final/negative/gen_0643.png,gen_0643.png,142.0,124.0,5.0,0.046955108642578125,0.8583962953936144,0.03578948974609375,196.56277979108933,25.437591134181094,5.181706427640284,1296.9393310546875,0.0,0.0,True,too_empty,,False,
negative,/mnt/MammoDiffusion/MammoDiffusion/experiments/diffusers/04_sd21_lora/generated_images/final/negative/gen_0644.png,gen_0644.png,102.8956,89.0,1.0,0.2981224060058594,0.9271666389425599,0.3210029602050781,141.56486708101107,41.83958752265162,5.362497669553075,485.9538879394531,0.0,0.0,False,,-30.341040902527844,True,1296.0
negative,/mnt/MammoDiffusion/MammoDiffusion/experiments/diffusers/04_sd21_lora/generated_images/final/negative/gen_0645.png,gen_0645.png,74.6868,43.0,3.0,0.4168739318847656,0.919061868028294,0.5278472900390625,120.61418495071257,57.462495883776036,6.85276568114161,1503.10693359375,0.0,0.0,False,,-36.4719207226805,False,
negative,/mnt/MammoDiffusion/MammoDiffusion/experiments/diffusers/04_sd21_lora/generated_images/final/negative/gen_0646.png,gen_0646.png,132.7912,110.0,2.0,0.13571548461914062,0.5847598167355313,0.07800674438476562,174.56076091740428,23.7557447330618,5.260622503278026,540.0095825195312,0.0,0.0,True,too_empty,,False,
negative,/mnt/MammoDiffusion/MammoDiffusion/experiments/diffusers/04_sd21_lora/generated_images/final/negative/gen_0647.png,gen_0647.png,198.0,180.0,5.0,0.04958343505859375,0.5580089244499153,0.027347564697265625,217.82605663272423,14.283384675288204,6.616176867534084,1705.247314453125,0.0,0.0,True,too_empty,,False,
negative,/mnt/MammoDiffusion/MammoDiffusion/experiments/diffusers/04_sd21_lora/generated_images/final/negative/gen_0648.png,gen_0648.png,135.7912,113.0,2.0,0.07953262329101562,0.9743872607798936,0.07418441772460938,171.7662364374968,14.374007437939149,4.458577690570667,313.31561279296875,0.0,0.0,True,too_empty,,False,
negative,/mnt/MammoDiffusion/MammoDiffusion/experiments/diffusers/04_sd21_lora/generated_images/final/negative/gen_0649.png,gen_0649.png,60.5824,20.0,4.0,0.4378242492675781,0.9919754646127573,0.4826087951660156,129.92543849248693,61.12151880630713,7.225218526891377,2210.113525390625,0.0,0.0,False,,-10.1143612392226,True,547.0
negative,/mnt/MammoDiffusion/MammoDiffusion/experiments/diffusers/04_sd21_lora/generated_images/final/negative/gen_0650.png,gen_0650.png,66.5824,26.0,4.0,0.5410499572753906,0.9945569789823243,0.5580215454101562,128.5181225304549,45.889265308440855,7.1662432773138445,1122.6468505859375,0.0,0.0,False,,-7.305927610467098,True,177.0
negative,/mnt/MammoDiffusion/MammoDiffusion/experiments/diffusers/04_sd21_lora/generated_images/final/negative/gen_0651.png,gen_0651.png,51.5824,11.0,4.0,0.5333709716796875,0.9786797310828208,0.6214332580566406,105.1644516742887,57.98028716945593,7.4608672216287015,2088.704833984375,0.0,0.0,False,,-15.530761512657133,True,863.0
negative,/mnt/MammoDiffusion/MammoDiffusion/experiments/diffusers/04_sd21_lora/generated_images/final/negative/gen_0652.png,gen_0652.png,188.0,160.0,3.0,0.049907684326171875,0.5744095390965375,0.034912109375,206.72071678321677,16.813690595590955,6.424845773145774,1218.834228515625,0.0,0.0,True,too_empty,,False,
negative,/mnt/MammoDiffusion/MammoDiffusion/experiments/diffusers/04_sd21_lora/generated_images/final/negative/gen_0653.png,gen_0653.png,91.6868,60.0,3.0,0.18474197387695312,0.933717400730967,0.206634521484375,154.28841751587655,60.46389415329875,5.752794582122451,1217.5364990234375,0.0,0.0,False,,-30.606167809132483,True,1303.0
negative,/mnt/MammoDiffusion/MammoDiffusion/experiments/diffusers/04_sd21_lora/generated_images/final/negative/gen_0654.png,gen_0654.png,64.5824,24.0,4.0,0.4447975158691406,0.9796828500613203,0.5208930969238281,120.58981025126512,58.23482854475533,7.189754599706787,2176.067626953125,0.0,0.0,False,,-14.642588883347774,True,813.0
negative,/mnt/MammoDiffusion/MammoDiffusion/experiments/diffusers/04_sd21_lora/generated_images/final/negative/gen_0655.png,gen_0655.png,110.6868,79.0,3.0,0.19407272338867188,0.8877248157248158,0.2200927734375,162.0325672490294,59.076385925905036,5.825763305228281,1328.91845703125,0.0,0.0,False,,-48.238091286353196,False,
negative,/mnt/MammoDiffusion/MammoDiffusion/experiments/diffusers/04_sd21_lora/generated_images/final/negative/gen_0656.png,gen_0656.png,92.6868,61.0,3.0,0.1939239501953125,0.866590605083012,0.19302749633789062,148.1926246516867,55.79956257644016,6.179975009962183,1569.7855224609375,0.0,0.0,False,,-56.640218313661336,False,
negative,/mnt/MammoDiffusion/MammoDiffusion/experiments/diffusers/04_sd21_lora/generated_images/final/negative/gen_0657.png,gen_0657.png,83.47800000000001,34.0,5.0,0.4255256652832031,0.9491613550995527,0.44146728515625,148.29670434121388,51.80003555992375,7.240783278620083,2182.08447265625,0.0,0.0,False,,-25.8795443293448,True,1187.0
negative,/mnt/MammoDiffusion/MammoDiffusion/experiments/diffusers/04_sd21_lora/generated_images/final/negative/gen_0658.png,gen_0658.png,97.8956,84.0,1.0,0.36165618896484375,0.9125266333354429,0.36767578125,144.7026996181939,46.616470094235176,5.97023952177498,758.6725463867188,0.0,0.0,False,,-36.22083815427873,False,
negative,/mnt/MammoDiffusion/MammoDiffusion/experiments/diffusers/04_sd21_lora/generated_images/final/negative/gen_0659.png,gen_0659.png,59.5824,19.0,4.0,0.4023284912109375,0.9698866006750863,0.4416465759277344,129.4203325415677,59.09297396395023,6.9557330328848215,1704.1719970703125,0.0,0.0,False,,-17.201353289465068,True,921.0
negative,/mnt/MammoDiffusion/MammoDiffusion/experiments/diffusers/04_sd21_lora/generated_images/final/negative/gen_0660.png,gen_0660.png,130.6868,99.0,3.0,0.24488067626953125,0.9090724989874444,0.2532463073730469,175.4322834289846,42.31699788753536,6.248810546139184,1011.631103515625,0.0,0.0,False,,-39.18468903657688,False,
negative,/mnt/MammoDiffusion/MammoDiffusion/experiments/diffusers/04_sd21_lora/generated_images/final/negative/gen_0661.png,gen_0661.png,120.5824,80.0,4.0,0.14606475830078125,0.6191694959519457,0.0908966064453125,184.4338173577304,35.21009071388657,6.9130390606789165,981.6458129882812,0.0,0.0,True,too_empty,,False,
negative,/mnt/MammoDiffusion/MammoDiffusion/experiments/diffusers/04_sd21_lora/generated_images/final/negative/gen_0662.png,gen_0662.png,114.6868,83.0,3.0,0.22792434692382812,0.877152755694656,0.23494720458984375,160.19313200194836,45.12955996794584,6.063134306620292,1002.4103393554688,0.0,0.0,False,,-51.134039674267164,False,
negative,/mnt/MammoDiffusion/MammoDiffusion/experiments/diffusers/04_sd21_lora/generated_images/final/negative/gen_0663.png,gen_0663.png,121.8956,108.0,1.0,0.17464447021484375,0.8247782971473505,0.1573486328125,174.32273079906903,36.76531935827001,4.915934053358533,311.7610778808594,0.0,0.0,False,,-70.71564997367406,False,
negative,/mnt/MammoDiffusion/MammoDiffusion/experiments/diffusers/04_sd21_lora/generated_images/final/negative/gen_0664.png,gen_0664.png,85.7912,63.0,2.0,0.32740020751953125,0.945820613800014,0.3665885925292969,144.3540515510047,58.889576884917794,6.461701212368606,1345.7969970703125,0.0,0.0,False,,-25.44477288235834,True,1176.0
negative,/mnt/MammoDiffusion/MammoDiffusion/experiments/diffusers/04_sd21_lora/generated_images/final/negative/gen_0665.png,gen_0665.png,68.8956,55.0,1.0,0.4770851135253906,0.9937392555870947,0.4794654846191406,139.65514881970577,45.7735910813342,6.050480506411766,791.4343872070312,0.0,0.0,False,,-5.890949436326884,True,60.0
negative,/mnt/MammoDiffusion/MammoDiffusion/experiments/diffusers/04_sd21_lora/generated_images/final/negative/gen_0666.png,gen_0666.png,136.6868,105.0,3.0,0.14556503295898438,0.5711627663198721,0.08185958862304688,192.82529474812432,23.644545736441124,5.52298202341632,631.1402587890625,0.0,0.0,True,too_empty,,False,
negative,/mnt/MammoDiffusion/MammoDiffusion/experiments/diffusers/04_sd21_lora/generated_images/final/negative/gen_0667.png,gen_0667.png,189.0,95.0,12.0,0.049823760986328125,0.4933006661051987,0.022186279296875,204.384628610729,13.949953445600531,6.293510572595968,547.3845825195312,0.0,0.0,True,too_empty,,False,
negative,/mnt/MammoDiffusion/MammoDiffusion/experiments/diffusers/04_sd21_lora/generated_images/final/negative/gen_0668.png,gen_0668.png,58.8956,45.0,1.0,0.3212738037109375,0.9975302778437426,0.34435272216796875,127.1244710313504,59.755459296503055,5.417172973905821,732.6730346679688,0.0,0.0,False,,-4.01927642585046,True,7.0
negative,/mnt/MammoDiffusion/MammoDiffusion/experiments/diffusers/04_sd21_lora/generated_images/final/negative/gen_0669.png,gen_0669.png,94.5824,54.0,4.0,0.23635482788085938,0.986103713746187,0.2572593688964844,148.91533089162058,51.18386545726692,6.2543570808547235,1514.0758056640625,0.0,0.0,False,,-10.611243814494905,True,587.0
negative,/mnt/MammoDiffusion/MammoDiffusion/experiments/diffusers/04_sd21_lora/generated_images/final/negative/gen_0670.png,gen_0670.png,220.0,211.0,43.0,0.20682144165039062,0.800247154951399,0.16643524169921875,249.6075177630071,32.3129143811733,6.943967352017328,1845.0906982421875,0.0,0.0,False,,-84.26677446521843,False,
negative,/mnt/MammoDiffusion/MammoDiffusion/experiments/diffusers/04_sd21_lora/generated_images/final/negative/gen_0671.png,gen_0671.png,133.0,128.0,0.0,0.14066696166992188,0.38500338983050847,0.050052642822265625,188.3475344867007,27.15989463791558,4.871545379859841,341.8358459472656,0.0,0.0,True,too_empty,,False,
negative,/mnt/MammoDiffusion/MammoDiffusion/experiments/diffusers/04_sd21_lora/generated_images/final/negative/gen_0672.png,gen_0672.png,220.0,116.0,109.0,0.2797966003417969,0.8078585354547562,0.22454071044921875,228.6486867588597,5.539210656970406,7.379129305426815,2193.936279296875,0.0,0.0,True,low_contrast,,False,
negative,/mnt/MammoDiffusion/MammoDiffusion/experiments/diffusers/04_sd21_lora/generated_images/final/negative/gen_0673.png,gen_0673.png,61.8956,48.0,1.0,0.40244293212890625,0.9741890841532541,0.4322357177734375,119.41184205881315,55.79439657421193,5.769214543737599,1045.48486328125,0.0,0.0,False,,-13.27275884258962,True,752.0
negative,/mnt/MammoDiffusion/MammoDiffusion/experiments/diffusers/04_sd21_lora/generated_images/final/negative/gen_0674.png,gen_0674.png,171.3736,113.0,6.0,0.05255889892578125,0.8731310785309915,0.034450531005859375,194.1370833794707,25.099620562101045,5.812901757152475,2189.89794921875,0.0,0.0,True,too_empty,,False,
negative,/mnt/MammoDiffusion/MammoDiffusion/experiments/diffusers/04_sd21_lora/generated_images/final/negative/gen_0675.png,gen_0675.png,17.8956,4.0,1.0,0.7521820068359375,0.993188964398012,0.75970458984375,101.53418996545352,63.80526711294898,7.055066721010036,1855.176025390625,0.0,0.0,False,,-10.554890168570145,True,584.0
negative,/mnt/MammoDiffusion/MammoDiffusion/experiments/diffusers/04_sd21_lora/generated_images/final/negative/gen_0676.png,gen_0676.png,45.7912,23.0,2.0,0.5615692138671875,0.9962299269081325,0.556121826171875,140.23819486363388,45.31373737084074,6.883276608639976,1189.2801513671875,0.0,0.0,False,,-6.682271780354372,True,117.0
negative,/mnt/MammoDiffusion/MammoDiffusion/experiments/diffusers/04_sd21_lora/generated_images/final/negative/gen_0677.png,gen_0677.png,76.5824,36.0,4.0,0.3212738037109375,0.9281405841842792,0.3607521057128906,133.35143651725195,58.04392382674935,6.707975860563938,1940.3421630859375,0.0,0.0,False,,-32.95178378968806,False,
negative,/mnt/MammoDiffusion/MammoDiffusion/experiments/diffusers/04_sd21_lora/generated_images/final/negative/gen_0678.png,gen_0678.png,105.0,93.0,3.0,0.048023223876953125,0.6501707840177933,0.027099609375,166.74028716216216,34.392155485321744,4.670236136300597,570.2813110351562,0.0,0.0,True,too_empty,,False,
negative,/mnt/MammoDiffusion/MammoDiffusion/experiments/diffusers/04_sd21_lora/generated_images/final/negative/gen_0679.png,gen_0679.png,220.0,183.0,70.0,0.1676483154296875,0.8608810412305452,0.08758544921875,253.84995644599303,6.298166662466752,7.051442745395331,1134.736572265625,0.0,0.0,True,too_empty,,False,
negative,/mnt/MammoDiffusion/MammoDiffusion/experiments/diffusers/04_sd21_lora/generated_images/final/negative/gen_0680.png,gen_0680.png,116.6868,85.0,3.0,0.17817306518554688,0.7594793071702315,0.14827728271484375,178.8308206843324,45.009558907230094,5.81969722823128,987.5311279296875,0.0,0.0,False,,-96.46514906293612,False,
negative,/mnt/MammoDiffusion/MammoDiffusion/experiments/diffusers/04_sd21_lora/generated_images/final/negative/gen_0681.png,gen_0681.png,220.0,179.0,66.0,0.13771820068359375,0.4489224973685668,0.05945587158203125,249.34069036314642,2.9618704204017603,7.2411240768228256,1352.3011474609375,0.0,0.0,True,too_empty,,False,
negative,/mnt/MammoDiffusion/MammoDiffusion/experiments/diffusers/04_sd21_lora/generated_images/final/negative/gen_0682.png,gen_0682.png,193.0,158.0,4.0,0.048183441162109375,0.6059694402660122,0.03009796142578125,207.69378960709759,13.461310074017314,7.024986335836013,885.7469482421875,0.0,0.0,True,too_empty,,False,
negative,/mnt/MammoDiffusion/MammoDiffusion/experiments/diffusers/04_sd21_lora/generated_images/final/negative/gen_0683.png,gen_0683.png,96.5824,56.0,4.0,0.22111129760742188,0.8314614495453997,0.17528533935546875,153.7054842219804,53.21693286734934,6.335310638339023,1350.6292724609375,0.0,0.0,False,,-69.88807383857691,False,
negative,/mnt/MammoDiffusion/MammoDiffusion/experiments/diffusers/04_sd21_lora/generated_images/final/negative/gen_0684.png,gen_0684.png,110.6868,79.0,3.0,0.17502975463867188,0.8551533247608046,0.13731765747070312,177.56388032336028,47.72891870479416,6.007488563025561,1386.8302001953125,0.0,0.0,False,,-61.049320928810275,False,
negative,/mnt/MammoDiffusion/MammoDiffusion/experiments/diffusers/04_sd21_lora/generated_images/final/negative/gen_0685.png,gen_0685.png,72.8956,59.0,1.0,0.5634841918945312,0.9998646032197355,0.5609245300292969,153.64341723169414,36.63721612707467,6.418867586686952,418.6869812011719,0.0,0.0,False,,-5.521171361742798,True,34.0
negative,/mnt/MammoDiffusion/MammoDiffusion/experiments/diffusers/04_sd21_lora/generated_images/final/negative/gen_0686.png,gen_0686.png,10.0,0.0,0.0,0.8324813842773438,0.997827979654493,0.8278312683105469,93.12972614291442,60.93789889613066,7.113570268107215,1409.8043212890625,0.0,0.0,False,,-8.410817508884332,True,335.0
negative,/mnt/MammoDiffusion/MammoDiffusion/experiments/diffusers/04_sd21_lora/generated_images/final/negative/gen_0687.png,gen_0687.png,54.6868,23.0,3.0,0.6584815979003906,0.9963213356737749,0.6730194091796875,124.74230280907793,48.52755131529577,7.381791136091538,1675.869873046875,0.0,0.0,False,,-8.405532891699718,True,334.0
negative,/mnt/MammoDiffusion/MammoDiffusion/experiments/diffusers/04_sd21_lora/generated_images/final/negative/gen_0688.png,gen_0688.png,87.47800000000001,38.0,5.0,0.37113189697265625,0.9715181416384007,0.40978240966796875,142.53691981158423,53.95968914214836,7.08072499073578,2006.7274169921875,0.0,0.0,False,,-16.829044512749423,True,903.0
negative,/mnt/MammoDiffusion/MammoDiffusion/experiments/diffusers/04_sd21_lora/generated_images/final/negative/gen_0689.png,gen_0689.png,39.7912,17.0,2.0,0.5152969360351562,0.9873780370441657,0.5364151000976562,111.74947019584975,57.03801576303921,6.635740597569507,1510.36279296875,0.0,0.0,False,,-10.254780613243966,True,560.0
negative,/mnt/MammoDiffusion/MammoDiffusion/experiments/diffusers/04_sd21_lora/generated_images/final/negative/gen_0690.png,gen_0690.png,133.478,84.0,5.0,0.11844253540039062,0.4658443106058166,0.051715850830078125,184.83816478571956,27.343410330118257,6.138112737752464,1468.6539306640625,0.0,0.0,True,too_empty,,False,
negative,/mnt/MammoDiffusion/MammoDiffusion/experiments/diffusers/04_sd21_lora/generated_images/final/negative/gen_0691.png,gen_0691.png,10.0,0.0,0.0,0.7255287170410156,0.9930176189449664,0.7180824279785156,113.28610132755351,57.098319886070136,6.559677623246369,1387.5250244140625,0.0,0.0,False,,-9.14426952885372,True,438.0
negative,/mnt/MammoDiffusion/MammoDiffusion/experiments/diffusers/04_sd21_lora/generated_images/final/negative/gen_0692.png,gen_0692.png,162.6868,131.0,3.0,0.05037689208984375,0.9820536119945479,0.04392242431640625,192.64278269932257,16.60926304827002,4.624998467672351,494.65185546875,0.0,0.0,True,too_empty,,False,
negative,/mnt/MammoDiffusion/MammoDiffusion/experiments/diffusers/04_sd21_lora/generated_images/final/negative/gen_0693.png,gen_0693.png,113.7912,91.0,2.0,0.21760940551757812,0.9829608204049435,0.22290802001953125,168.6774309477359,42.162181329338146,5.484984089839846,600.0142211914062,0.0,0.0,False,,-10.27876845397228,True,561.0
negative,/mnt/MammoDiffusion/MammoDiffusion/experiments/diffusers/04_sd21_lora/generated_images/final/negative/gen_0694.png,gen_0694.png,220.0,253.0,2.0,0.2288055419921875,0.941563854618206,0.18947601318359375,251.80499295349304,23.837510795235655,6.759339851805455,1602.1009521484375,0.0,0.0,False,,-30.504978079805873,True,1300.0
negative,/mnt/MammoDiffusion/MammoDiffusion/experiments/diffusers/04_sd21_lora/generated_images/final/negative/gen_0695.png,gen_0695.png,152.6868,121.0,3.0,0.0677032470703125,0.9936330854180753,0.06212615966796875,192.28545990421222,17.27438892953082,4.816053635594497,689.6979370117188,0.0,0.0,True,too_empty,,False,
negative,/mnt/MammoDiffusion/MammoDiffusion/experiments/diffusers/04_sd21_lora/generated_images/final/negative/gen_0696.png,gen_0696.png,37.7912,15.0,2.0,0.43393707275390625,0.9929233257731597,0.45246124267578125,118.23948233707107,64.01790561481297,6.3229353792580385,1532.092041015625,0.0,0.0,False,,-7.837426993136603,True,245.0
negative,/mnt/MammoDiffusion/MammoDiffusion/experiments/diffusers/04_sd21_lora/generated_images/final/negative/gen_0697.png,gen_0697.png,94.6868,63.0,3.0,0.18254852294921875,0.9189409453755172,0.16378021240234375,150.35477709973446,53.87862886370219,5.8747866414663275,1242.3994140625,0.0,0.0,False,,-36.21521889770844,False,
negative,/mnt/MammoDiffusion/MammoDiffusion/experiments/diffusers/04_sd21_lora/generated_images/final/negative/gen_0698.png,gen_0698.png,45.8956,32.0,1.0,0.7456436157226562,0.9950988918788946,0.7978553771972656,107.37138840944189,57.68072955587659,7.387564976652635,1484.6009521484375,0.0,0.0,False,,-9.650332989157237,True,495.0
negative,/mnt/MammoDiffusion/MammoDiffusion/experiments/diffusers/04_sd21_lora/generated_images/final/negative/gen_0699.png,gen_0699.png,76.6868,45.0,3.0,0.4439353942871094,0.9900236305048336,0.47988128662109375,135.11231498116027,52.39575847927765,6.672478251890617,1324.1834716796875,0.0,0.0,False,,-8.814015039854674,True,395.0
negative,/mnt/MammoDiffusion/MammoDiffusion/experiments/diffusers/04_sd21_lora/generated_images/final/negative/gen_0700.png,gen_0700.png,125.6868,94.0,3.0,0.27783966064453125,0.9062113847928165,0.2786979675292969,168.49524357026513,42.00251633456969,6.419987275085525,967.1881713867188,0.0,0.0,False,,-40.04552222791572,False,
negative,/mnt/MammoDiffusion/MammoDiffusion/experiments/diffusers/04_sd21_lora/generated_images/final/negative/gen_0701.png,gen_0701.png,117.8956,104.0,1.0,0.20939254760742188,0.8344355176622762,0.2255706787109375,151.95099100317933,40.55922876337911,5.249243499464295,447.4089660644531,0.0,0.0,False,,-66.24074532230046,False,
negative,/mnt/MammoDiffusion/MammoDiffusion/experiments/diffusers/04_sd21_lora/generated_images/final/negative/gen_0702.png,gen_0702.png,38.7912,16.0,2.0,0.60614013671875,0.9868719162219314,0.6317939758300781,107.5953290947404,59.630508151529654,7.1333580728093855,1506.8419189453125,0.0,0.0,False,,-11.573907665232575,True,666.0
negative,/mnt/MammoDiffusion/MammoDiffusion/experiments/diffusers/04_sd21_lora/generated_images/final/negative/gen_0703.png,gen_0703.png,103.7912,81.0,2.0,0.1836395263671875,0.9513294557540507,0.198089599609375,152.90232629795102,48.2937875190673,5.501953749489295,716.5078125,0.0,0.0,False,,-22.42430606525585,True,1090.0
negative,/mnt/MammoDiffusion/MammoDiffusion/experiments/diffusers/04_sd21_lora/generated_images/final/negative/gen_0704.png,gen_0704.png,115.5824,75.0,4.0,0.1774139404296875,0.41646598434677906,0.07891082763671875,166.00116020496955,50.752220389969075,6.135631224945375,1460.66845703125,0.0,0.0,True,too_empty,,False,
negative,/mnt/MammoDiffusion/MammoDiffusion/experiments/diffusers/04_sd21_lora/generated_images/final/negative/gen_0705.png,gen_0705.png,115.47800000000001,66.0,5.0,0.2273406982421875,0.8827102490100007,0.233551025390625,167.66188096171436,47.35458557610599,6.620484870654224,1911.158203125,0.0,0.0,False,,-50.96415504366455,False,
negative,/mnt/MammoDiffusion/MammoDiffusion/experiments/diffusers/04_sd21_lora/generated_images/final/negative/gen_0706.png,gen_0706.png,99.6868,68.0,3.0,0.3241691589355469,0.9222278445262947,0.3635597229003906,143.4657573054929,47.94865883250285,6.7184280875206115,1323.8826904296875,0.0,0.0,False,,-34.00137051397722,False,
negative,/mnt/MammoDiffusion/MammoDiffusion/experiments/diffusers/04_sd21_lora/generated_images/final/negative/gen_0707.png,gen_0707.png,198.8956,185.0,1.0,0.05849456787109375,0.5772792487283162,0.035037994384765625,208.82504082743603,8.631535909170506,6.657862911534478,786.2108764648438,0.0,0.0,True,too_empty,,False,
negative,/mnt/MammoDiffusion/MammoDiffusion/experiments/diffusers/04_sd21_lora/generated_images/final/negative/gen_0708.png,gen_0708.png,74.8956,61.0,1.0,0.43070220947265625,0.9830301312596319,0.4226799011230469,152.74792198767182,40.05044969409505,5.932073475139758,566.6590576171875,0.0,0.0,False,,-9.42920216840548,True,474.0
negative,/mnt/MammoDiffusion/MammoDiffusion/experiments/diffusers/04_sd21_lora/generated_images/final/negative/gen_0709.png,gen_0709.png,10.0,1.0,0.0,0.8200225830078125,0.9986974563182672,0.8173408508300781,101.58498280134975,55.47024622820241,7.1021677877479465,1441.6800537109375,0.0,0.0,False,,-7.897191654726658,True,253.0
negative,/mnt/MammoDiffusion/MammoDiffusion/experiments/diffusers/04_sd21_lora/generated_images/final/negative/gen_0710.png,gen_0710.png,220.0,185.0,43.0,0.2519111633300781,0.9246331601980707,0.16010665893554688,229.55581234662029,3.1652674535366114,7.172781260778374,1608.7757568359375,0.0,0.0,True,low_contrast,,False,
negative,/mnt/MammoDiffusion/MammoDiffusion/experiments/diffusers/04_sd21_lora/generated_images/final/negative/gen_0711.png,gen_0711.png,52.5824,12.0,4.0,0.6255531311035156,0.9624660792145623,0.7254371643066406,114.8690690911768,61.177126644555784,7.634133907822046,1811.91162109375,0.0,0.0,False,,-22.506959052462257,True,1093.0
negative,/mnt/MammoDiffusion/MammoDiffusion/experiments/diffusers/04_sd21_lora/generated_images/final/negative/gen_0712.png,gen_0712.png,119.7912,97.0,2.0,0.24411392211914062,0.7421436719641211,0.21374893188476562,169.1412738921707,44.22010146143785,6.128905538410681,860.9963989257812,0.0,0.0,True,fragmented_mask,,False,
negative,/mnt/MammoDiffusion/MammoDiffusion/experiments/diffusers/04_sd21_lora/generated_images/final/negative/gen_0713.png,gen_0713.png,139.0,134.0,0.0,0.17506790161132812,0.6000261477785284,0.1032562255859375,181.70112309738437,23.547042424792895,5.402949775279721,437.2040100097656,0.0,0.0,True,too_empty,,False,
negative,/mnt/MammoDiffusion/MammoDiffusion/experiments/diffusers/04_sd21_lora/generated_images/final/negative/gen_0714.png,gen_0714.png,160.0,100.0,16.0,0.049896240234375,0.18111620795107033,0.008106231689453125,193.872,22.357303678321898,6.494185469842117,2029.6429443359375,0.0,0.0,True,too_empty,,False,
negative,/mnt/MammoDiffusion/MammoDiffusion/experiments/diffusers/04_sd21_lora/generated_images/final/negative/gen_0715.png,gen_0715.png,220.0,250.0,4.0,0.2025299072265625,0.4724063889098169,0.09220123291015625,253.85841952834093,1.672745231181215,6.746012085892233,1376.6151123046875,0.0,0.0,True,too_empty,,False,
negative,/mnt/MammoDiffusion/MammoDiffusion/experiments/diffusers/04_sd21_lora/generated_images/final/negative/gen_0716.png,gen_0716.png,118.5824,78.0,4.0,0.23048782348632812,0.9276741530262657,0.24771881103515625,163.30590717299577,45.534538132669844,6.472438269174588,1376.69873046875,0.0,0.0,False,,-32.797704654815256,False,
negative,/mnt/MammoDiffusion/MammoDiffusion/experiments/diffusers/04_sd21_lora/generated_images/final/negative/gen_0717.png,gen_0717.png,220.0,248.0,6.0,0.22156143188476562,0.7955958058573371,0.17368316650390625,252.84236766966836,11.157256685021359,6.733367476297918,1379.0865478515625,0.0,0.0,False,,-86.38081862934102,False,
negative,/mnt/MammoDiffusion/MammoDiffusion/experiments/diffusers/04_sd21_lora/generated_images/final/negative/gen_0718.png,gen_0718.png,61.7912,39.0,2.0,0.3289451599121094,0.9622641509433962,0.3777351379394531,126.77385605073671,66.2104655142632,6.024373961557079,1265.9146728515625,0.0,0.0,False,,-18.738636218754465,True,961.0
negative,/mnt/MammoDiffusion/MammoDiffusion/experiments/diffusers/04_sd21_lora/generated_images/final/negative/gen_0719.png,gen_0719.png,206.0,200.0,2.0,0.04779815673828125,0.15634477254588985,0.007495880126953125,215.98015267175572,8.535280052503007,6.396928201354605,1473.6314697265625,0.0,0.0,True,too_empty,,False,
negative,/mnt/MammoDiffusion/MammoDiffusion/experiments/diffusers/04_sd21_lora/generated_images/final/negative/gen_0720.png,gen_0720.png,34.7912,12.0,2.0,0.3642768859863281,0.9820510403903951,0.3919181823730469,105.46087659019457,66.91006187184932,6.089630753833939,2314.687744140625,0.0,0.0,False,,-12.326623854552292,True,704.0
negative,/mnt/MammoDiffusion/MammoDiffusion/experiments/diffusers/04_sd21_lora/generated_images/final/negative/gen_0721.png,gen_0721.png,86.7912,64.0,2.0,0.5508918762207031,0.9912611745479978,0.5579643249511719,156.49564836907845,42.618463340652696,6.896312602114893,933.9658203125,0.0,0.0,False,,-8.392886761727839,True,332.0
negative,/mnt/MammoDiffusion/MammoDiffusion/experiments/diffusers/04_sd21_lora/generated_images/final/negative/gen_0722.png,gen_0722.png,197.0,179.0,8.0,0.04976654052734375,0.3644028821094588,0.018787384033203125,215.98761421319796,15.00290492661189,7.354019811913761,1568.972412109375,0.0,0.0,True,too_empty,,False,
negative,/mnt/MammoDiffusion/MammoDiffusion/experiments/diffusers/04_sd21_lora/generated_images/final/negative/gen_0723.png,gen_0723.png,49.5824,9.0,4.0,0.5145072937011719,0.9962187210379981,0.5248603820800781,124.73671587118156,53.532063856199535,7.1904542587413225,2087.944580078125,0.0,0.0,False,,-8.098385514837801,True,292.0
negative,/mnt/MammoDiffusion/MammoDiffusion/experiments/diffusers/04_sd21_lora/generated_images/final/negative/gen_0724.png,gen_0724.png,110.5824,70.0,4.0,0.179443359375,0.8299957482993198,0.15385818481445312,169.11077777502294,48.401705954827094,6.316839225531522,1540.5069580078125,0.0,0.0,False,,-70.83710463629558,False,
negative,/mnt/MammoDiffusion/MammoDiffusion/experiments/diffusers/04_sd21_lora/generated_images/final/negative/gen_0725.png,gen_0725.png,68.5824,28.0,4.0,0.35738372802734375,0.9873406912452234,0.4006309509277344,130.21674299915256,57.854564853736704,6.852873322598379,2051.032470703125,0.0,0.0,False,,-10.62237799424961,True,589.0
negative,/mnt/MammoDiffusion/MammoDiffusion/experiments/diffusers/04_sd21_lora/generated_images/final/negative/gen_0726.png,gen_0726.png,69.7912,47.0,2.0,0.23504638671875,0.9616658010906258,0.2773704528808594,131.64221369531433,66.02270713264627,5.757825854856884,1358.2711181640625,0.0,0.0,False,,-19.61578993907533,True,993.0
negative,/mnt/MammoDiffusion/MammoDiffusion/experiments/diffusers/04_sd21_lora/generated_images/final/negative/gen_0727.png,gen_0727.png,220.0,240.0,14.0,0.25492095947265625,0.9143297518929758,0.22730636596679688,253.6964270730193,10.962043905559192,6.54446990591616,1692.5360107421875,0.0,0.0,False,,-41.24752891204641,False,
negative,/mnt/MammoDiffusion/MammoDiffusion/experiments/diffusers/04_sd21_lora/generated_images/final/negative/gen_0728.png,gen_0728.png,67.8956,54.0,1.0,0.38622283935546875,0.9549117989846513,0.3892669677734375,147.31019952177493,50.452448507760494,5.775927829797517,799.5005493164062,0.0,0.0,False,,-20.17936758075109,True,1016.0
negative,/mnt/MammoDiffusion/MammoDiffusion/experiments/diffusers/04_sd21_lora/generated_images/final/negative/gen_0729.png,gen_0729.png,67.8956,54.0,1.0,0.4123382568359375,0.9933020019982978,0.4665107727050781,122.80887704120433,55.58800423447284,6.196964706675546,973.1890258789062,0.0,0.0,False,,-6.566643575975755,True,106.0
negative,/mnt/MammoDiffusion/MammoDiffusion/experiments/diffusers/04_sd21_lora/generated_images/final/negative/gen_0730.png,gen_0730.png,49.5824,9.0,4.0,0.6693115234375,0.9927503191683384,0.7492790222167969,105.81439168308565,56.619384393476224,7.603711842277723,1724.2767333984375,0.0,0.0,False,,-10.630244669781343,True,592.0
negative,/mnt/MammoDiffusion/MammoDiffusion/experiments/diffusers/04_sd21_lora/generated_images/final/negative/gen_0731.png,gen_0731.png,220.0,192.0,60.0,0.18963241577148438,0.8723019050109634,0.15690231323242188,252.81991685103694,4.762883379374578,7.1310352436176565,1105.707275390625,0.0,0.0,True,low_contrast,,False,
negative,/mnt/MammoDiffusion/MammoDiffusion/experiments/diffusers/04_sd21_lora/generated_images/final/negative/gen_0732.png,gen_0732.png,88.5824,48.0,4.0,0.4464836120605469,0.949386123048794,0.4350547790527344,140.87530579497925,43.49416131883373,7.195377007525877,940.5052490234375,0.0,0.0,False,,-23.486675870228034,True,1127.0
negative,/mnt/MammoDiffusion/MammoDiffusion/experiments/diffusers/04_sd21_lora/generated_images/final/negative/gen_0733.png,gen_0733.png,183.0,176.0,3.0,0.036891937255859375,0.10412573673870335,0.00356292724609375,190.84796573875803,6.9972777771106625,5.945804595649674,693.8032836914062,0.0,0.0,True,too_empty,,False,
negative,/mnt/MammoDiffusion/MammoDiffusion/experiments/diffusers/04_sd21_lora/generated_images/final/negative/gen_0734.png,gen_0734.png,220.0,214.0,16.0,0.3812255859375,0.9557817002881844,0.364471435546875,229.98669722850204,16.886880423267133,6.899158042950513,1898.725830078125,0.0,0.0,False,,-24.431150217781187,True,1145.0
negative,/mnt/MammoDiffusion/MammoDiffusion/experiments/diffusers/04_sd21_lora/generated_images/final/negative/gen_0735.png,gen_0735.png,71.8956,58.0,1.0,0.6751441955566406,0.9980280814758313,0.7035179138183594,133.36476469854628,47.72233796991877,7.091999594760505,620.73779296875,0.0,0.0,False,,-6.616802554515576,True,110.0
negative,/mnt/MammoDiffusion/MammoDiffusion/experiments/diffusers/04_sd21_lora/generated_images/final/negative/gen_0736.png,gen_0736.png,220.0,214.0,17.0,0.4173431396484375,0.9578626010017915,0.40637969970703125,229.4199474326481,18.9164163216903,7.065955512627486,2453.928466796875,0.0,0.0,False,,-24.394146305354433,True,1143.0
negative,/mnt/MammoDiffusion/MammoDiffusion/experiments/diffusers/04_sd21_lora/generated_images/final/negative/gen_0737.png,gen_0737.png,94.5824,54.0,4.0,0.5063285827636719,0.94763845672827,0.5687484741210938,141.71460286798933,47.86900522689503,7.180313606995501,1067.7103271484375,0.0,0.0,False,,-25.458808277413382,True,1177.0
negative,/mnt/MammoDiffusion/MammoDiffusion/experiments/diffusers/04_sd21_lora/generated_images/final/negative/gen_0738.png,gen_0738.png,155.0,142.0,3.0,0.045864105224609375,0.8284953838476253,0.032291412353515625,199.00094506792675,20.269262435952477,4.748136367590037,667.1107788085938,0.0,0.0,True,too_empty,,False,
negative,/mnt/MammoDiffusion/MammoDiffusion/experiments/diffusers/04_sd21_lora/generated_images/final/negative/gen_0739.png,gen_0739.png,27.7912,5.0,2.0,0.6630973815917969,0.9825746287975976,0.6536941528320312,117.38519041561139,52.16805762836717,7.13028167130064,1378.422607421875,0.0,0.0,False,,-12.949840972249794,True,737.0
negative,/mnt/MammoDiffusion/MammoDiffusion/experiments/diffusers/04_sd21_lora/generated_images/final/negative/gen_0740.png,gen_0740.png,129.5824,89.0,4.0,0.16933822631835938,0.9091031965939042,0.19235610961914062,164.7037778879524,41.40814812798849,5.980388281547137,1021.0569458007812,0.0,0.0,False,,-39.1319586546366,False,
negative,/mnt/MammoDiffusion/MammoDiffusion/experiments/diffusers/04_sd21_lora/generated_images/final/negative/gen_0741.png,gen_0741.png,104.5824,64.0,4.0,0.15843582153320312,0.9502082681241423,0.18469619750976562,153.2126525807051,53.0745143505727,5.957365912610626,1349.180419921875,0.0,0.0,False,,-24.428428356101023,True,1144.0
negative,/mnt/MammoDiffusion/MammoDiffusion/experiments/diffusers/04_sd21_lora/generated_images/final/negative/gen_0742.png,gen_0742.png,106.3736,48.0,6.0,0.23731231689453125,0.8317955312650699,0.1942901611328125,168.2086900180633,46.385612487298694,6.960485199103013,2443.572998046875,0.0,0.0,False,,-71.50082408311295,False,
negative,/mnt/MammoDiffusion/MammoDiffusion/experiments/diffusers/04_sd21_lora/generated_images/final/negative/gen_0743.png,gen_0743.png,10.0,0.0,0.0,0.7565422058105469,0.9765130620250803,0.7348823547363281,109.65644579407719,59.90866339170529,6.778855416356775,1950.8038330078125,0.0,0.0,False,,-16.541129568086568,True,894.0
negative,/mnt/MammoDiffusion/MammoDiffusion/experiments/diffusers/04_sd21_lora/generated_images/final/negative/gen_0744.png,gen_0744.png,85.7912,63.0,2.0,0.13975143432617188,0.9269823938856285,0.161102294921875,128.6760513354802,54.567579127652714,5.348711336475196,999.5178833007812,0.0,0.0,False,,-32.07014022777856,True,1348.0
negative,/mnt/MammoDiffusion/MammoDiffusion/experiments/diffusers/04_sd21_lora/generated_images/final/negative/gen_0745.png,gen_0745.png,112.6868,81.0,3.0,0.21849822998046875,0.8728656726841021,0.24044418334960938,151.81215592327584,44.51757877632701,6.145949850012695,1116.2137451171875,0.0,0.0,False,,-52.76460253299962,False,
negative,/mnt/MammoDiffusion/MammoDiffusion/experiments/diffusers/04_sd21_lora/generated_images/final/negative/gen_0746.png,gen_0746.png,78.7912,56.0,2.0,0.19755172729492188,0.9216405661652538,0.220855712890625,139.36765925107088,63.60309942130685,5.323458328064867,1099.5501708984375,0.0,0.0,False,,-34.47911812117212,False,
negative,/mnt/MammoDiffusion/MammoDiffusion/experiments/diffusers/04_sd21_lora/generated_images/final/negative/gen_0747.png,gen_0747.png,130.6868,99.0,3.0,0.3051185607910156,0.9610927048821654,0.3297080993652344,167.65637329199015,36.021010037270585,6.3293156873596494,982.6766357421875,0.0,0.0,False,,-18.82680481100008,True,968.0
negative,/mnt/MammoDiffusion/MammoDiffusion/experiments/diffusers/04_sd21_lora/generated_images/final/negative/gen_0748.png,gen_0748.png,95.6868,64.0,3.0,0.4960289001464844,0.9888641939229876,0.5395469665527344,139.29490451714167,39.5558172213511,6.636840693645741,402.78692626953125,0.0,0.0,False,,-8.55574917123864,True,360.0
negative,/mnt/MammoDiffusion/MammoDiffusion/experiments/diffusers/04_sd21_lora/generated_images/final/negative/gen_0749.png,gen_0749.png,42.8956,29.0,1.0,0.79473876953125,0.9985072191075954,0.8154182434082031,104.28264337542163,49.761993188085924,7.13144794451464,899.353271484375,0.0,0.0,False,,-7.001409425965475,True,143.0
negative,/mnt/MammoDiffusion/MammoDiffusion/experiments/diffusers/04_sd21_lora/generated_images/final/negative/gen_0750.png,gen_0750.png,80.8956,67.0,1.0,0.6447906494140625,0.993971413020328,0.6752700805664062,125.27925408715498,42.55109138501572,6.805034238281328,668.1746826171875,0.0,0.0,False,,-7.239066207742514,True,170.0
negative,/mnt/MammoDiffusion/MammoDiffusion/experiments/diffusers/04_sd21_lora/generated_images/final/negative/gen_0751.png,gen_0751.png,65.6868,34.0,3.0,0.4913825988769531,0.9946589241769076,0.49619293212890625,149.58556667742977,50.2469740398723,6.888365650375942,1245.693115234375,0.0,0.0,False,,-7.382674753589253,True,186.0
negative,/mnt/MammoDiffusion/MammoDiffusion/experiments/diffusers/04_sd21_lora/generated_images/final/negative/gen_0752.png,gen_0752.png,220.0,222.0,29.0,0.2506752014160156,0.9515925311582183,0.22265625,248.7309141995614,22.666338777043073,6.9295936465822585,1368.21435546875,0.0,0.0,False,,-26.31818055357857,True,1199.0
negative,/mnt/MammoDiffusion/MammoDiffusion/experiments/diffusers/04_sd21_lora/generated_images/final/negative/gen_0753.png,gen_0753.png,145.0,120.0,3.0,0.049762725830078125,0.9500958221540821,0.044811248779296875,182.97233336170936,16.759954035686707,4.281994295365769,377.787109375,0.0,0.0,True,too_empty,,False,
negative,/mnt/MammoDiffusion/MammoDiffusion/experiments/diffusers/04_sd21_lora/generated_images/final/negative/gen_0754.png,gen_0754.png,129.6868,98.0,3.0,0.23991775512695312,0.9261603040083952,0.2621345520019531,173.09165126533463,41.69937334181942,6.048634003273387,1086.3353271484375,0.0,0.0,False,,-32.49613679509681,True,1360.0
negative,/mnt/MammoDiffusion/MammoDiffusion/experiments/diffusers/04_sd21_lora/generated_images/final/negative/gen_0755.png,gen_0755.png,159.0,151.0,3.0,0.0414581298828125,0.2903938167096062,0.0100555419921875,178.3099393019727,10.910446950141614,5.3789091588202425,433.0127258300781,0.0,0.0,True,too_empty,,False,
negative,/mnt/MammoDiffusion/MammoDiffusion/experiments/diffusers/04_sd21_lora/generated_images/final/negative/gen_0756.png,gen_0756.png,125.5824,85.0,4.0,0.24071502685546875,0.8480396817850464,0.22692489624023438,171.60472035907006,39.94177166892705,6.749035038811425,1431.98681640625,0.0,0.0,False,,-63.30755853100493,False,
negative,/mnt/MammoDiffusion/MammoDiffusion/experiments/diffusers/04_sd21_lora/generated_images/final/negative/gen_0757.png,gen_0757.png,196.8956,183.0,1.0,0.059970855712890625,0.6078493734495262,0.03699493408203125,209.69694782429366,9.853140681032755,6.6760977813295,802.3560180664062,0.0,0.0,True,too_empty,,False,
negative,/mnt/MammoDiffusion/MammoDiffusion/experiments/diffusers/04_sd21_lora/generated_images/final/negative/gen_0758.png,gen_0758.png,150.6868,119.0,3.0,0.0549163818359375,0.9876354542928591,0.0489654541015625,187.50459644749142,20.163241426688142,4.788258133298875,642.7838134765625,0.0,0.0,True,too_empty,,False,
negative,/mnt/MammoDiffusion/MammoDiffusion/experiments/diffusers/04_sd21_lora/generated_images/final/negative/gen_0759.png,gen_0759.png,131.8956,118.0,1.0,0.23963165283203125,0.9074946671336241,0.23232650756835938,169.5327487972678,31.414699001310197,4.18759883820934,190.59146118164062,0.0,0.0,False,,-38.571025803349904,False,
negative,/mnt/MammoDiffusion/MammoDiffusion/experiments/diffusers/04_sd21_lora/generated_images/final/negative/gen_0760.png,gen_0760.png,110.6868,79.0,3.0,0.15904998779296875,0.8587326713675829,0.15132522583007812,158.80372583125362,49.05385888078915,5.781995155620549,1116.8485107421875,0.0,0.0,False,,-58.78871638677327,False,
negative,/mnt/MammoDiffusion/MammoDiffusion/experiments/diffusers/04_sd21_lora/generated_images/final/negative/gen_0761.png,gen_0761.png,116.7912,94.0,2.0,0.1888885498046875,0.8655788028112126,0.19826889038085938,151.52300144300145,43.4684115682521,5.425726516360239,697.85302734375,0.0,0.0,False,,-54.58758171447022,False,
negative,/mnt/MammoDiffusion/MammoDiffusion/experiments/diffusers/04_sd21_lora/generated_images/final/negative/gen_0762.png,gen_0762.png,69.7912,47.0,2.0,0.3727607727050781,0.9914753829937473,0.3910102844238281,142.13342308855525,55.56584946487644,6.320828980307601,1479.0797119140625,0.0,0.0,False,,-7.865018765025535,True,249.0
negative,/mnt/MammoDiffusion/MammoDiffusion/experiments/diffusers/04_sd21_lora/generated_images/final/negative/gen_0763.png,gen_0763.png,10.0,0.0,0.0,0.7067680358886719,0.9983052219673458,0.7132644653320312,107.95943907839425,65.85028051839706,6.5557553292327935,1934.7142333984375,0.0,0.0,False,,-8.205838825138045,True,305.0
negative,/mnt/MammoDiffusion/MammoDiffusion/experiments/diffusers/04_sd21_lora/generated_images/final/negative/gen_0764.png,gen_0764.png,75.6868,44.0,3.0,0.28701019287109375,0.9327866237805365,0.3317070007324219,142.66056005980104,63.02134368699338,6.408319180834729,1632.59228515625,0.0,0.0,False,,-31.154109111509257,True,1324.0
negative,/mnt/MammoDiffusion/MammoDiffusion/experiments/diffusers/04_sd21_lora/generated_images/final/negative/gen_0765.png,gen_0765.png,47.5824,7.0,4.0,0.5613746643066406,0.9924844218237169,0.6091232299804688,112.35106276381217,58.15227579094075,7.3330289401926585,1955.3564453125,0.0,0.0,False,,-10.059820470884022,True,543.0
negative,/mnt/MammoDiffusion/MammoDiffusion/experiments/diffusers/04_sd21_lora/generated_images/final/negative/gen_0766.png,gen_0766.png,220.0,253.0,1.0,0.2783699035644531,0.9814040809614515,0.2681465148925781,251.3228913263056,21.40203479551952,6.160381014147645,1240.109619140625,0.0,0.0,False,,-13.991452842303033,True,782.0
negative,/mnt/MammoDiffusion/MammoDiffusion/experiments/diffusers/04_sd21_lora/generated_images/final/negative/gen_0767.png,gen_0767.png,80.6868,49.0,3.0,0.3364219665527344,0.9846356204147816,0.3748970031738281,143.99114747092403,57.01983300702881,6.446085743732242,1427.796875,0.0,0.0,False,,-10.649194790994713,True,595.0
negative,/mnt/MammoDiffusion/MammoDiffusion/experiments/diffusers/04_sd21_lora/generated_images/final/negative/gen_0768.png,gen_0768.png,127.7912,105.0,2.0,0.06703948974609375,0.9961875497894617,0.06377029418945312,178.85918526051324,27.27024677046854,4.369544300003078,353.8775329589844,0.0,0.0,True,too_empty,,False,
negative,/mnt/MammoDiffusion/MammoDiffusion/experiments/diffusers/04_sd21_lora/generated_images/final/negative/gen_0769.png,gen_0769.png,82.7912,60.0,2.0,0.339599609375,0.9593480409777139,0.37384033203125,139.3343469387755,53.965993145740995,6.3391809903488925,1240.375,0.0,0.0,False,,-19.666055299125883,True,995.0
negative,/mnt/MammoDiffusion/MammoDiffusion/experiments/diffusers/04_sd21_lora/generated_images/final/negative/gen_0770.png,gen_0770.png,83.47800000000001,34.0,5.0,0.5530204772949219,0.9959509143207952,0.5773506164550781,141.83411849434088,44.45782342037287,7.375810096513438,1418.28173828125,0.0,0.0,False,,-7.634525855890334,True,210.0
negative,/mnt/MammoDiffusion/MammoDiffusion/experiments/diffusers/04_sd21_lora/generated_images/final/negative/gen_0771.png,gen_0771.png,81.8956,68.0,1.0,0.3232994079589844,0.995764061780982,0.3373680114746094,140.22881308020217,46.63023834832878,5.010370478445048,387.3147277832031,0.0,0.0,False,,-4.26871315832357,True,14.0
negative,/mnt/MammoDiffusion/MammoDiffusion/experiments/diffusers/04_sd21_lora/generated_images/final/negative/gen_0772.png,gen_0772.png,106.5824,66.0,4.0,0.12808990478515625,0.6857764012150813,0.05870819091796875,172.03359324236519,38.01601833335019,5.922309936939817,1326.4383544921875,0.0,0.0,True,too_empty,,False,
negative,/mnt/MammoDiffusion/MammoDiffusion/experiments/diffusers/04_sd21_lora/generated_images/final/negative/gen_0773.png,gen_0773.png,60.7912,38.0,2.0,0.5294189453125,0.9950210398893244,0.5394401550292969,132.7671256125761,49.88765069705805,6.651329714898361,682.9729614257812,0.0,0.0,False,,-6.300222711565494,True,86.0
negative,/mnt/MammoDiffusion/MammoDiffusion/experiments/diffusers/04_sd21_lora/generated_images/final/negative/gen_0774.png,gen_0774.png,135.8956,122.0,1.0,0.3217048645019531,0.9712805188953316,0.3518257141113281,164.39821531188673,28.162336070969516,5.483087967608987,289.95819091796875,0.0,0.0,False,,-14.610503149942259,True,812.0
negative,/mnt/MammoDiffusion/MammoDiffusion/experiments/diffusers/04_sd21_lora/generated_images/final/negative/gen_0775.png,gen_0775.png,71.7912,49.0,2.0,0.2691459655761719,0.9933668769045425,0.2869071960449219,142.18041243966974,55.52581711005373,6.014182574227844,1256.9732666015625,0.0,0.0,False,,-7.225604180658111,True,168.0
negative,/mnt/MammoDiffusion/MammoDiffusion/experiments/diffusers/04_sd21_lora/generated_images/final/negative/gen_0776.png,gen_0776.png,118.7912,96.0,2.0,0.18730545043945312,0.8348302478564591,0.15936660766601562,159.90911266965077,38.22496626021566,5.631354189959364,821.1746826171875,0.0,0.0,False,,-66.8265247649382,False,
negative,/mnt/MammoDiffusion/MammoDiffusion/experiments/diffusers/04_sd21_lora/generated_images/final/negative/gen_0777.png,gen_0777.png,70.6868,39.0,3.0,0.3172492980957031,0.8918535441592016,0.2982902526855469,135.75511221945138,57.403338006789845,6.62907128182713,1701.8267822265625,0.0,0.0,False,,-46.766763510901875,False,
negative,/mnt/MammoDiffusion/MammoDiffusion/experiments/diffusers/04_sd21_lora/generated_images/final/negative/gen_0778.png,gen_0778.png,147.2692,80.0,7.0,0.10980606079101562,0.6299114121938509,0.06749343872070312,201.60057649918048,23.782281602550448,6.788541361614161,702.47216796875,0.0,0.0,True,too_empty,,False,
negative,/mnt/MammoDiffusion/MammoDiffusion/experiments/diffusers/04_sd21_lora/generated_images/final/negative/gen_0779.png,gen_0779.png,58.8956,45.0,1.0,0.39766693115234375,0.9949350574602382,0.4267921447753906,124.0545132775002,56.83511599530183,6.071386321594163,1055.208740234375,0.0,0.0,False,,-5.770383897652092,True,48.0
negative,/mnt/MammoDiffusion/MammoDiffusion/experiments/diffusers/04_sd21_lora/generated_images/final/negative/gen_0780.png,gen_0780.png,220.0,227.0,27.0,0.3971748352050781,0.9419787354610678,0.3741950988769531,251.56016229496498,24.676817239385883,5.902486953563834,2047.3172607421875,0.0,0.0,False,,-28.91656648610327,True,1266.0
negative,/mnt/MammoDiffusion/MammoDiffusion/experiments/diffusers/04_sd21_lora/generated_images/final/negative/gen_0781.png,gen_0781.png,129.7912,107.0,2.0,0.3177146911621094,0.9747379543025922,0.3759613037109375,161.95182434352043,37.1593683205642,5.929432143799332,570.4174194335938,0.0,0.0,False,,-12.614064680887262,True,722.0
negative,/mnt/MammoDiffusion/MammoDiffusion/experiments/diffusers/04_sd21_lora/generated_images/final/negative/gen_0782.png,gen_0782.png,129.6868,98.0,3.0,0.17833328247070312,0.8046589231855227,0.14065170288085938,173.33120880909115,31.948122358816263,5.7208814430743065,757.6473999023438,0.0,0.0,False,,-78.96633793915933,False,
negative,/mnt/MammoDiffusion/MammoDiffusion/experiments/diffusers/04_sd21_lora/generated_images/final/negative/gen_0783.png,gen_0783.png,219.0,214.0,4.0,0.035053253173828125,0.4150614865600174,0.014347076416015625,225.2145705929274,5.554014133425071,7.181307436851554,883.8340454101562,0.0,0.0,True,too_empty,,False,
negative,/mnt/MammoDiffusion/MammoDiffusion/experiments/diffusers/04_sd21_lora/generated_images/final/negative/gen_0784.png,gen_0784.png,95.47800000000001,46.0,5.0,0.45865631103515625,0.9927890613304057,0.4683799743652344,148.00587214842446,36.7080649927407,6.969504801985306,1113.567626953125,0.0,0.0,False,,-7.3104402760086735,True,178.0
negative,/mnt/MammoDiffusion/MammoDiffusion/experiments/diffusers/04_sd21_lora/generated_images/final/negative/gen_0785.png,gen_0785.png,203.0,186.0,13.0,0.0479736328125,0.27488867684478374,0.013427734375,219.8877840909091,13.28843775785146,6.961592047608357,1853.7833251953125,0.0,0.0,True,too_empty,,False,
negative,/mnt/MammoDiffusion/MammoDiffusion/experiments/diffusers/04_sd21_lora/generated_images/final/negative/gen_0786.png,gen_0786.png,146.5824,106.0,4.0,0.12539291381835938,0.8366036932250311,0.10699844360351562,181.26467966772435,25.339126663889967,5.809156305290915,974.7401123046875,0.0,0.0,True,too_empty,,False,
negative,/mnt/MammoDiffusion/MammoDiffusion/experiments/diffusers/04_sd21_lora/generated_images/final/negative/gen_0787.png,gen_0787.png,148.478,99.0,5.0,0.07146835327148438,0.910808646917534,0.063995361328125,186.845255126371,23.691883292549498,5.5603702007744475,1415.57373046875,0.0,0.0,True,too_empty,,False,
negative,/mnt/MammoDiffusion/MammoDiffusion/experiments/diffusers/04_sd21_lora/generated_images/final/negative/gen_0788.png,gen_0788.png,134.0,130.0,1.0,0.031879425048828125,0.17542180208208688,0.004650115966796875,186.81460213289583,28.524676651665356,3.145445829555102,116.99380493164062,0.0,0.0,True,too_empty,,False,
negative,/mnt/MammoDiffusion/MammoDiffusion/experiments/diffusers/04_sd21_lora/generated_images/final/negative/gen_0789.png,gen_0789.png,220.0,221.0,6.0,0.3914985656738281,0.9598164261563495,0.3928642272949219,226.63691533882917,14.4543030260023,6.9875760510858616,1482.707275390625,0.0,0.0,False,,-22.396771107850718,True,1089.0
negative,/mnt/MammoDiffusion/MammoDiffusion/experiments/diffusers/04_sd21_lora/generated_images/final/negative/gen_0790.png,gen_0790.png,42.6868,11.0,3.0,0.4918365478515625,0.9928566996556324,0.5046730041503906,119.9321073040205,58.100664022526765,6.988592707116206,1762.594970703125,0.0,0.0,False,,-8.796242946869524,True,391.0
negative,/mnt/MammoDiffusion/MammoDiffusion/experiments/diffusers/04_sd21_lora/generated_images/final/negative/gen_0791.png,gen_0791.png,104.8956,91.0,1.0,0.26677703857421875,0.9162925043612549,0.3021087646484375,144.6289206525582,47.34573290344729,5.391068796851993,543.9498291015625,0.0,0.0,False,,-34.89204046499026,False,
negative,/mnt/MammoDiffusion/MammoDiffusion/experiments/diffusers/04_sd21_lora/generated_images/final/negative/gen_0792.png,gen_0792.png,11.0,6.0,0.0,0.5579185485839844,0.9918840381525418,0.5546493530273438,108.87882914483005,65.35778782822071,5.936897247686325,1640.78271484375,0.0,0.0,False,,-8.646801129875435,True,373.0
negative,/mnt/MammoDiffusion/MammoDiffusion/experiments/diffusers/04_sd21_lora/generated_images/final/negative/gen_0793.png,gen_0793.png,82.6868,51.0,3.0,0.3449859619140625,0.9638418328984033,0.4134063720703125,128.18005573395342,55.55959001965324,6.5278664609556305,1220.90625,0.0,0.0,False,,-18.088528424376644,True,940.0
negative,/mnt/MammoDiffusion/MammoDiffusion/experiments/diffusers/04_sd21_lora/generated_images/final/negative/gen_0794.png,gen_0794.png,144.7912,122.0,2.0,0.17425918579101562,0.5482366848361463,0.0941162109375,192.94199902723736,20.10626156797795,5.543334107813693,700.6607055664062,0.0,0.0,True,too_empty,,False,
negative,/mnt/MammoDiffusion/MammoDiffusion/experiments/diffusers/04_sd21_lora/generated_images/final/negative/gen_0795.png,gen_0795.png,100.8956,87.0,1.0,0.3592720031738281,0.9897856255508011,0.4246559143066406,139.08642574177378,44.242861308285384,5.691110330475087,518.2174682617188,0.0,0.0,False,,-6.724940137539784,True,121.0
negative,/mnt/MammoDiffusion/MammoDiffusion/experiments/diffusers/04_sd21_lora/generated_images/final/negative/gen_0796.png,gen_0796.png,125.7912,103.0,2.0,0.13261795043945312,0.5552711059974111,0.08087158203125,162.2702358490566,45.95781742010652,4.968320313611618,592.0416259765625,0.0,0.0,True,too_empty,,False,
negative,/mnt/MammoDiffusion/MammoDiffusion/experiments/diffusers/04_sd21_lora/generated_images/final/negative/gen_0797.png,gen_0797.png,10.0,1.0,0.0,0.8625030517578125,0.9990048651039363,0.8569450378417969,93.29217469496045,53.958845468433985,7.23231499221472,1048.6309814453125,0.0,0.0,False,,-7.585713538198171,True,205.0
negative,/mnt/MammoDiffusion/MammoDiffusion/experiments/diffusers/04_sd21_lora/generated_images/final/negative/gen_0798.png,gen_0798.png,61.6868,30.0,3.0,0.4379768371582031,0.9954012176321496,0.4351310729980469,139.54012992364136,42.70600765579642,6.56518129219781,1194.77001953125,0.0,0.0,False,,-5.765191897183062,True,47.0
negative,/mnt/MammoDiffusion/MammoDiffusion/experiments/diffusers/04_sd21_lora/generated_images/final/negative/gen_0799.png,gen_0799.png,135.478,86.0,5.0,0.2371063232421875,0.8608179419525066,0.136138916015625,155.34838040798027,55.37426094926912,6.883494132399298,1615.644287109375,0.0,0.0,False,,-59.97414299237731,False,
negative,/mnt/MammoDiffusion/MammoDiffusion/experiments/diffusers/04_sd21_lora/generated_images/final/negative/gen_0800.png,gen_0800.png,136.0,121.0,4.0,0.0474700927734375,0.6316297010607522,0.026531219482421875,170.32408339324226,17.93819373685246,4.969453871419284,951.1842651367188,0.0,0.0,True,too_empty,,False,
negative,/mnt/MammoDiffusion/MammoDiffusion/experiments/diffusers/04_sd21_lora/generated_images/final/negative/gen_0801.png,gen_0801.png,220.0,178.0,72.0,0.22674560546875,0.8453230148048452,0.10958480834960938,249.94454694190134,28.664789536954796,6.922430076725714,1881.2884521484375,0.0,0.0,True,too_empty,,False,
negative,/mnt/MammoDiffusion/MammoDiffusion/experiments/diffusers/04_sd21_lora/generated_images/final/negative/gen_0802.png,gen_0802.png,106.6868,75.0,3.0,0.15266799926757812,0.9362834511881263,0.18986892700195312,143.67637072308278,50.027466182728496,5.882477392481547,1205.3499755859375,0.0,0.0,False,,-29.091261318072902,True,1270.0
negative,/mnt/MammoDiffusion/MammoDiffusion/experiments/diffusers/04_sd21_lora/generated_images/final/negative/gen_0803.png,gen_0803.png,94.5824,54.0,4.0,0.2608642578125,0.958718413664015,0.2803382873535156,150.80595735416185,52.35444400472789,6.625124644214548,1747.8387451171875,0.0,0.0,False,,-21.567115300437557,True,1062.0
negative,/mnt/MammoDiffusion/MammoDiffusion/experiments/diffusers/04_sd21_lora/generated_images/final/negative/gen_0804.png,gen_0804.png,220.0,190.0,64.0,0.21941757202148438,0.7839322658599767,0.16828536987304688,251.17202765499263,26.771471263802685,6.98046341537848,1927.08642578125,0.0,0.0,False,,-90.91029654797818,False,
negative,/mnt/MammoDiffusion/MammoDiffusion/experiments/diffusers/04_sd21_lora/generated_images/final/negative/gen_0805.png,gen_0805.png,77.7912,55.0,2.0,0.3853645324707031,0.9900713712990369,0.4273414611816406,133.74576210667263,55.35474446993623,6.391200653822434,1137.0888671875,0.0,0.0,False,,-8.089775994903466,True,290.0
negative,/mnt/MammoDiffusion/MammoDiffusion/experiments/diffusers/04_sd21_lora/generated_images/final/negative/gen_0806.png,gen_0806.png,220.0,216.0,32.0,0.3875885009765625,0.9221782606983977,0.35498046875,246.66918844566712,20.799882322674698,6.081198731573891,1695.368896484375,0.0,0.0,False,,-36.36610825023099,False,
negative,/mnt/MammoDiffusion/MammoDiffusion/experiments/diffusers/04_sd21_lora/generated_images/final/negative/gen_0807.png,gen_0807.png,149.6868,118.0,3.0,0.07587432861328125,0.606586224233283,0.044567108154296875,188.03757596507745,19.019265887278117,5.045871706085379,700.1862182617188,0.0,0.0,True,too_empty,,False,
negative,/mnt/MammoDiffusion/MammoDiffusion/experiments/diffusers/04_sd21_lora/generated_images/final/negative/gen_0808.png,gen_0808.png,208.0,178.0,6.0,0.0488128662109375,0.46631759924976557,0.020145416259765625,225.10035978034463,14.521717859413691,7.345900327515965,1997.2821044921875,0.0,0.0,True,too_empty,,False,
negative,/mnt/MammoDiffusion/MammoDiffusion/experiments/diffusers/04_sd21_lora/generated_images/final/negative/gen_0809.png,gen_0809.png,85.7912,63.0,2.0,0.2717552185058594,0.9779615098471343,0.30893707275390625,139.2771590151384,55.824054667360336,5.862632497170024,1172.541259765625,0.0,0.0,False,,-12.646947939598935,True,723.0
negative,/mnt/MammoDiffusion/MammoDiffusion/experiments/diffusers/04_sd21_lora/generated_images/final/negative/gen_0810.png,gen_0810.png,77.7912,55.0,2.0,0.3928337097167969,0.9794521213062858,0.45172119140625,129.49537224699364,52.64658965636371,6.517062670338667,1196.211181640625,0.0,0.0,False,,-12.248448239171296,True,701.0
negative,/mnt/MammoDiffusion/MammoDiffusion/experiments/diffusers/04_sd21_lora/generated_images/final/negative/gen_0811.png,gen_0811.png,147.5824,107.0,4.0,0.1252593994140625,0.5851199902545986,0.08614730834960938,180.89846344595492,31.974856570684246,5.840177101538134,910.607421875,0.0,0.0,True,too_empty,,False,
negative,/mnt/MammoDiffusion/MammoDiffusion/experiments/diffusers/04_sd21_lora/generated_images/final/negative/gen_0812.png,gen_0812.png,141.5824,101.0,4.0,0.1605224609375,0.8142585551330799,0.13479995727539062,168.36301893199763,22.351988188611376,6.21171716359482,667.888671875,0.0,0.0,False,,-76.15444799777654,False,
negative,/mnt/MammoDiffusion/MammoDiffusion/experiments/diffusers/04_sd21_lora/generated_images/final/negative/gen_0813.png,gen_0813.png,57.6868,26.0,3.0,0.34033203125,0.9542682926829268,0.3747062683105469,123.96761582864183,63.71681289560494,6.564689233821447,1836.2138671875,0.0,0.0,False,,-22.82423611351671,True,1103.0
negative,/mnt/MammoDiffusion/MammoDiffusion/experiments/diffusers/04_sd21_lora/generated_images/final/negative/gen_0814.png,gen_0814.png,86.6868,55.0,3.0,0.2741737365722656,0.9600684540787222,0.2934455871582031,153.3732726681833,56.785601704286385,6.532254765141178,1611.37841796875,0.0,0.0,False,,-20.990072420012044,True,1043.0
negative,/mnt/MammoDiffusion/MammoDiffusion/experiments/diffusers/04_sd21_lora/generated_images/final/negative/gen_0815.png,gen_0815.png,36.7912,14.0,2.0,0.6338844299316406,0.9943551444613616,0.6271095275878906,150.27388027470755,40.675053932058916,6.869991393719561,969.4461059570312,0.0,0.0,False,,-7.496669552466266,True,199.0
negative,/mnt/MammoDiffusion/MammoDiffusion/experiments/diffusers/04_sd21_lora/generated_images/final/negative/gen_0816.png,gen_0816.png,119.0,113.0,2.0,0.03560638427734375,0.8149775016070281,0.025848388671875,180.4836186540732,28.462220920495056,3.624337328218681,165.71070861816406,0.0,0.0,True,too_empty,,False,
negative,/mnt/MammoDiffusion/MammoDiffusion/experiments/diffusers/04_sd21_lora/generated_images/final/negative/gen_0817.png,gen_0817.png,110.47800000000001,61.0,5.0,0.38067626953125,0.983555796055796,0.4372062683105469,152.45456369807437,43.52190121124313,7.006601445093014,1274.4676513671875,0.0,0.0,False,,-11.024328306230476,True,621.0
negative,/mnt/MammoDiffusion/MammoDiffusion/experiments/diffusers/04_sd21_lora/generated_images/final/negative/gen_0818.png,gen_0818.png,85.5824,45.0,4.0,0.5108489990234375,0.9650676543504884,0.5978126525878906,134.93280710598356,51.58473686619596,7.212529204793012,969.3709106445312,0.0,0.0,False,,-19.019038735157537,True,974.0
negative,/mnt/MammoDiffusion/MammoDiffusion/experiments/diffusers/04_sd21_lora/generated_images/final/negative/gen_0819.png,gen_0819.png,106.7912,84.0,2.0,0.15013504028320312,0.9755062631806286,0.16644668579101562,163.93534709967227,50.88917492855741,5.33190879712781,938.51806640625,0.0,0.0,False,,-13.948586566028062,True,780.0
negative,/mnt/MammoDiffusion/MammoDiffusion/experiments/diffusers/04_sd21_lora/generated_images/final/negative/gen_0820.png,gen_0820.png,80.6868,49.0,3.0,0.4050254821777344,0.9847798445961855,0.4844245910644531,131.07703816866027,56.083437012529664,6.792985000101749,1578.4443359375,0.0,0.0,False,,-11.401511121071977,True,648.0
negative,/mnt/MammoDiffusion/MammoDiffusion/experiments/diffusers/04_sd21_lora/generated_images/final/negative/gen_0821.png,gen_0821.png,47.7912,25.0,2.0,0.5448570251464844,0.9875447206838851,0.5386009216308594,138.53361049925277,40.34856575623237,6.752825149796509,929.8358764648438,0.0,0.0,False,,-9.107505214645576,True,430.0
negative,/mnt/MammoDiffusion/MammoDiffusion/experiments/diffusers/04_sd21_lora/generated_images/final/negative/gen_0822.png,gen_0822.png,133.6868,102.0,3.0,0.1385955810546875,0.9015468457558076,0.14243316650390625,164.35098291285018,32.119643898333344,5.497224752014393,796.2676391601562,0.0,0.0,False,,-41.88551973950636,False,
negative,/mnt/MammoDiffusion/MammoDiffusion/experiments/diffusers/04_sd21_lora/generated_images/final/negative/gen_0823.png,gen_0823.png,104.5824,64.0,4.0,0.20285415649414062,0.9119732215055381,0.22562789916992188,148.71391617495394,51.64841786223476,6.4224108396733,1791.91943359375,0.0,0.0,False,,-39.485901815214376,False,
negative,/mnt/MammoDiffusion/MammoDiffusion/experiments/diffusers/04_sd21_lora/generated_images/final/negative/gen_0824.png,gen_0824.png,123.7912,101.0,2.0,0.14066314697265625,0.8018386939306829,0.1094818115234375,172.75128919860626,40.91608592214242,5.041887855631904,590.1141357421875,0.0,0.0,True,too_empty,,False,
negative,/mnt/MammoDiffusion/MammoDiffusion/experiments/diffusers/04_sd21_lora/generated_images/final/negative/gen_0825.png,gen_0825.png,66.5824,26.0,4.0,0.3174095153808594,0.988330308748062,0.34999847412109375,128.67257765667574,57.44929885580207,6.589839231857923,1596.19140625,0.0,0.0,False,,-9.51450494832378,True,483.0
negative,/mnt/MammoDiffusion/MammoDiffusion/experiments/diffusers/04_sd21_lora/generated_images/final/negative/gen_0826.png,gen_0826.png,83.6868,52.0,3.0,0.47077178955078125,0.9247143667449964,0.5556907653808594,122.36012658662328,49.17017381872448,7.090403277445634,1543.583251953125,0.0,0.0,False,,-34.354583975658414,False,
negative,/mnt/MammoDiffusion/MammoDiffusion/experiments/diffusers/04_sd21_lora/generated_images/final/negative/gen_0827.png,gen_0827.png,126.6868,95.0,3.0,0.15996932983398438,0.8894479551687134,0.13436508178710938,172.05252249950317,33.02577363595522,5.8074117713911555,1029.3404541015625,0.0,0.0,False,,-47.189557407474815,False,
negative,/mnt/MammoDiffusion/MammoDiffusion/experiments/diffusers/04_sd21_lora/generated_images/final/negative/gen_0828.png,gen_0828.png,93.8956,80.0,1.0,0.3764991760253906,0.9974973910047924,0.3934364318847656,149.42320408776675,43.34141413696878,5.815943656835016,666.6136474609375,0.0,0.0,False,,-3.6298055875115507,True,2.0
negative,/mnt/MammoDiffusion/MammoDiffusion/experiments/diffusers/04_sd21_lora/generated_images/final/negative/gen_0829.png,gen_0829.png,97.6868,66.0,3.0,0.23316574096679688,0.9827070006380577,0.2617835998535156,150.1511402550091,49.64784025382391,5.87262128297432,1146.61328125,0.0,0.0,False,,-10.997561550099444,True,619.0
negative,/mnt/MammoDiffusion/MammoDiffusion/experiments/diffusers/04_sd21_lora/generated_images/final/negative/gen_0830.png,gen_0830.png,57.7912,35.0,2.0,0.3579978942871094,0.9909427046149584,0.3938026428222656,127.10367808743328,62.215702791646244,6.138311220692822,1262.4588623046875,0.0,0.0,False,,-7.737436713335743,True,230.0
negative,/mnt/MammoDiffusion/MammoDiffusion/experiments/diffusers/04_sd21_lora/generated_images/final/negative/gen_0831.png,gen_0831.png,95.47800000000001,46.0,5.0,0.3616981506347656,0.9624539903181919,0.408050537109375,141.69132824770026,48.91698309482218,7.109867719055614,2012.2119140625,0.0,0.0,False,,-20.00247838784554,True,1007.0
negative,/mnt/MammoDiffusion/MammoDiffusion/experiments/diffusers/04_sd21_lora/generated_images/final/negative/gen_0832.png,gen_0832.png,142.478,93.0,5.0,0.15901947021484375,0.5740056613731229,0.12170028686523438,178.0020374259474,27.39193982108493,6.368881349629493,1818.985107421875,0.0,0.0,True,fragmented_mask,,False,
negative,/mnt/MammoDiffusion/MammoDiffusion/experiments/diffusers/04_sd21_lora/generated_images/final/negative/gen_0833.png,gen_0833.png,135.6868,104.0,3.0,0.18110275268554688,0.7359241706161137,0.1435394287109375,171.2829276071011,32.39035603455531,5.9856174445653165,549.9913940429688,0.0,0.0,True,fragmented_mask,,False,
negative,/mnt/MammoDiffusion/MammoDiffusion/experiments/diffusers/04_sd21_lora/generated_images/final/negative/gen_0834.png,gen_0834.png,220.0,127.0,85.0,0.1373138427734375,0.6352650294477165,0.08577728271484375,251.03233122831983,24.880228523420218,7.310083818992597,1764.500244140625,0.0,0.0,True,too_empty,,False,
negative,/mnt/MammoDiffusion/MammoDiffusion/experiments/diffusers/04_sd21_lora/generated_images/final/negative/gen_0835.png,gen_0835.png,100.8956,87.0,1.0,0.34519195556640625,0.9475301138247321,0.3935050964355469,144.89701904900392,50.35178684418253,6.060439379669969,817.0050659179688,0.0,0.0,False,,-23.22520404741054,True,1119.0
negative,/mnt/MammoDiffusion/MammoDiffusion/experiments/diffusers/04_sd21_lora/generated_images/final/negative/gen_0836.png,gen_0836.png,51.5824,11.0,4.0,0.5640029907226562,0.9952181264795401,0.5778694152832031,134.31597187840381,56.078667944438116,7.40033707251369,2124.947509765625,0.0,0.0,False,,-9.368197970845092,True,465.0
negative,/mnt/MammoDiffusion/MammoDiffusion/experiments/diffusers/04_sd21_lora/generated_images/final/negative/gen_0837.png,gen_0837.png,53.8956,40.0,1.0,0.474822998046875,0.9969310366990166,0.4868888854980469,131.50171191287657,58.582912592257806,6.348512943994429,1147.0755615234375,0.0,0.0,False,,-6.000338181163833,True,63.0
negative,/mnt/MammoDiffusion/MammoDiffusion/experiments/diffusers/04_sd21_lora/generated_images/final/negative/gen_0838.png,gen_0838.png,220.0,79.0,30.0,0.050045013427734375,0.515969204969891,0.0108795166015625,232.46353436185134,12.145408282433158,7.224042588862789,1281.8524169921875,0.0,0.0,True,too_empty,,False,
negative,/mnt/MammoDiffusion/MammoDiffusion/experiments/diffusers/04_sd21_lora/generated_images/final/negative/gen_0839.png,gen_0839.png,53.6868,22.0,3.0,0.37917327880859375,0.9635706955874364,0.414703369140625,124.47382993597763,60.858725522640704,6.715062618283176,2000.0125732421875,0.0,0.0,False,,-19.613068536109417,True,992.0
negative,/mnt/MammoDiffusion/MammoDiffusion/experiments/diffusers/04_sd21_lora/generated_images/final/negative/gen_0840.png,gen_0840.png,107.7912,85.0,2.0,0.1548004150390625,0.9519960571710202,0.17274856567382812,156.25430054101798,51.66195902040478,5.016389223116024,816.8646240234375,0.0,0.0,False,,-22.304775374559096,True,1084.0
negative,/mnt/MammoDiffusion/MammoDiffusion/experiments/diffusers/04_sd21_lora/generated_images/final/negative/gen_0841.png,gen_0841.png,77.8956,64.0,1.0,0.5347137451171875,0.9836914647718518,0.5689620971679688,125.91640630238015,46.2297967944692,6.470609669063788,715.7649536132812,0.0,0.0,False,,-10.346082244304075,True,568.0
negative,/mnt/MammoDiffusion/MammoDiffusion/experiments/diffusers/04_sd21_lora/generated_images/final/negative/gen_0842.png,gen_0842.png,220.0,244.0,8.0,0.4197349548339844,0.9433886813716135,0.3901519775390625,251.29150533849582,14.100638467815145,5.859854581190537,1106.688232421875,0.0,0.0,False,,-27.610291971666886,True,1227.0
negative,/mnt/MammoDiffusion/MammoDiffusion/experiments/diffusers/04_sd21_lora/generated_images/final/negative/gen_0843.png,gen_0843.png,220.0,225.0,0.0,0.3463096618652344,0.9798310256325523,0.3312568664550781,223.3270264979214,21.61517274131571,6.379406378824157,1306.6448974609375,0.0,0.0,False,,-13.93240043533794,True,778.0
negative,/mnt/MammoDiffusion/MammoDiffusion/experiments/diffusers/04_sd21_lora/generated_images/final/negative/gen_0844.png,gen_0844.png,220.0,254.0,0.0,0.2256011962890625,0.9441156577612445,0.19635772705078125,252.3803862143995,18.49542380355524,6.728592959610452,1394.2928466796875,0.0,0.0,False,,-29.485825686799707,True,1277.0
negative,/mnt/MammoDiffusion/MammoDiffusion/experiments/diffusers/04_sd21_lora/generated_images/final/negative/gen_0845.png,gen_0845.png,220.0,240.0,14.0,0.2299346923828125,0.9256420465857057,0.20159912109375,251.63890781108083,21.307832683886637,6.773203613460797,1705.864990234375,0.0,0.0,False,,-36.7472646891159,False,
negative,/mnt/MammoDiffusion/MammoDiffusion/experiments/diffusers/04_sd21_lora/generated_images/final/negative/gen_0846.png,gen_0846.png,82.47800000000001,33.0,5.0,0.5443077087402344,0.9968112021417508,0.5559234619140625,151.1339445008646,44.689686564970685,7.187428120476692,1278.0726318359375,0.0,0.0,False,,-6.993714930571648,True,141.0
negative,/mnt/MammoDiffusion/MammoDiffusion/experiments/diffusers/04_sd21_lora/generated_images/final/negative/gen_0847.png,gen_0847.png,220.0,254.0,1.0,0.2958221435546875,0.9398308144633002,0.25820159912109375,253.14044263215436,17.949596089289,6.334781909305535,1786.2515869140625,0.0,0.0,False,,-30.92385857335627,True,1315.0
negative,/mnt/MammoDiffusion/MammoDiffusion/experiments/diffusers/04_sd21_lora/generated_images/final/negative/gen_0848.png,gen_0848.png,63.478,14.0,5.0,0.36907196044921875,0.9389870801033592,0.439178466796875,124.71582065179626,64.63467271599096,7.2279268193120725,3253.04443359375,0.0,0.0,False,,-31.41177876728472,True,1332.0
negative,/mnt/MammoDiffusion/MammoDiffusion/experiments/diffusers/04_sd21_lora/generated_images/final/negative/gen_0849.png,gen_0849.png,110.5824,70.0,4.0,0.17266082763671875,0.458530334496929,0.164215087890625,166.9775134733321,48.98017953418826,6.1353087505065975,1572.93408203125,0.0,0.0,True,fragmented_mask,,False,
negative,/mnt/MammoDiffusion/MammoDiffusion/experiments/diffusers/04_sd21_lora/generated_images/final/negative/gen_0850.png,gen_0850.png,53.7912,31.0,2.0,0.4627952575683594,0.9538159727660136,0.5066070556640625,111.51371946628113,60.938829184732825,6.620737907691037,1483.208251953125,0.0,0.0,False,,-22.945442180002495,True,1106.0
negative,/mnt/MammoDiffusion/MammoDiffusion/experiments/diffusers/04_sd21_lora/generated_images/final/negative/gen_0851.png,gen_0851.png,89.5824,49.0,4.0,0.37897491455078125,0.8654198457914762,0.3305320739746094,148.62829642111095,50.473982878555056,7.059497331071489,997.5116577148438,0.0,0.0,False,,-55.861914137723076,False,
negative,/mnt/MammoDiffusion/MammoDiffusion/experiments/diffusers/04_sd21_lora/generated_images/final/negative/gen_0852.png,gen_0852.png,148.8956,135.0,1.0,0.08090972900390625,0.9902404526166902,0.07606124877929688,172.0295902502633,12.233527194142628,3.5117579057125567,112.93578338623047,0.0,0.0,True,too_empty,,False,
negative,/mnt/MammoDiffusion/MammoDiffusion/experiments/diffusers/04_sd21_lora/generated_images/final/negative/gen_0853.png,gen_0853.png,106.6868,75.0,3.0,0.16791915893554688,0.8319134919012244,0.144256591796875,154.40673259995768,48.929492929567715,5.833693308798983,1274.8046875,0.0,0.0,False,,-69.18235971744836,False,
negative,/mnt/MammoDiffusion/MammoDiffusion/experiments/diffusers/04_sd21_lora/generated_images/final/negative/gen_0854.png,gen_0854.png,66.47800000000001,17.0,5.0,0.4437751770019531,0.9498938392373617,0.4943695068359375,125.26216086916263,57.863172649002124,7.384379027994663,2673.943603515625,0.0,0.0,False,,-26.654751816319965,True,1206.0
negative,/mnt/MammoDiffusion/MammoDiffusion/experiments/diffusers/04_sd21_lora/generated_images/final/negative/gen_0855.png,gen_0855.png,83.47800000000001,34.0,5.0,0.28424835205078125,0.9679791716992779,0.3270988464355469,136.43986378532193,56.09041920059946,6.871018248366337,2257.947021484375,0.0,0.0,False,,-18.571383644274523,True,955.0
negative,/mnt/MammoDiffusion/MammoDiffusion/experiments/diffusers/04_sd21_lora/generated_images/final/negative/gen_0856.png,gen_0856.png,13.0,8.0,0.0,0.7478675842285156,0.994047406515718,0.7452392578125,96.91114352989354,61.84706038841494,6.932095941153886,1409.415771484375,0.0,0.0,False,,-9.248897924430665,True,455.0
negative,/mnt/MammoDiffusion/MammoDiffusion/experiments/diffusers/04_sd21_lora/generated_images/final/negative/gen_0857.png,gen_0857.png,131.478,82.0,5.0,0.16511917114257812,0.8724731431211736,0.14166641235351562,173.65654199316046,32.17926225749675,6.4733784140321,1595.087646484375,0.0,0.0,False,,-54.96999218963221,False,
negative,/mnt/MammoDiffusion/MammoDiffusion/experiments/diffusers/04_sd21_lora/generated_images/final/negative/gen_0858.png,gen_0858.png,129.0,121.0,2.0,0.045742034912109375,0.7277958468851639,0.03106689453125,187.05427308447938,26.964690792232528,4.272437648222663,487.85406494140625,0.0,0.0,True,too_empty,,False,
negative,/mnt/MammoDiffusion/MammoDiffusion/experiments/diffusers/04_sd21_lora/generated_images/final/negative/gen_0859.png,gen_0859.png,113.5824,73.0,4.0,0.2631683349609375,0.8257378094741115,0.2274932861328125,151.16312294587163,37.23367320877872,6.8033881683458945,1122.162353515625,0.0,0.0,False,,-71.10809465420378,False,
negative,/mnt/MammoDiffusion/MammoDiffusion/experiments/diffusers/04_sd21_lora/generated_images/final/negative/gen_0860.png,gen_0860.png,127.7912,105.0,2.0,0.17708587646484375,0.706410753522037,0.18787765502929688,160.23971086881485,44.21899140756341,5.6645075495868715,938.03955078125,0.0,0.0,True,fragmented_mask,,False,
negative,/mnt/MammoDiffusion/MammoDiffusion/experiments/diffusers/04_sd21_lora/generated_images/final/negative/gen_0861.png,gen_0861.png,220.0,216.0,34.0,0.31504058837890625,0.9167292277141404,0.2793998718261719,248.41823792034734,17.137649912403514,6.905148353907007,1257.0009765625,0.0,0.0,False,,-39.28734637268147,False,
negative,/mnt/MammoDiffusion/MammoDiffusion/experiments/diffusers/04_sd21_lora/generated_images/final/negative/gen_0862.png,gen_0862.png,214.0,206.0,5.0,0.041309356689453125,0.126512143318866,0.006961822509765625,223.42465753424656,9.50736961191221,6.113152016980874,1321.29443359375,0.0,0.0,True,too_empty,,False,
negative,/mnt/MammoDiffusion/MammoDiffusion/experiments/diffusers/04_sd21_lora/generated_images/final/negative/gen_0863.png,gen_0863.png,201.0,191.0,4.0,0.047451019287109375,0.37261837768309347,0.01507568359375,216.20445344129556,10.443393801537225,6.93441144261401,1246.3486328125,0.0,0.0,True,too_empty,,False,
negative,/mnt/MammoDiffusion/MammoDiffusion/experiments/diffusers/04_sd21_lora/generated_images/final/negative/gen_0864.png,gen_0864.png,36.7912,14.0,2.0,0.4023284912109375,0.9561667994083514,0.4209556579589844,121.28955786535691,67.29033865416778,6.499023541067365,1958.575927734375,0.0,0.0,False,,-22.51679933387382,True,1094.0
negative,/mnt/MammoDiffusion/MammoDiffusion/experiments/diffusers/04_sd21_lora/generated_images/final/negative/gen_0865.png,gen_0865.png,53.6868,22.0,3.0,0.487060546875,0.9903117167919799,0.5654716491699219,113.7902856950113,59.51659402630095,7.081014738734674,2058.401123046875,0.0,0.0,False,,-10.611664659880926,True,588.0
negative,/mnt/MammoDiffusion/MammoDiffusion/experiments/diffusers/04_sd21_lora/generated_images/final/negative/gen_0866.png,gen_0866.png,220.0,253.0,0.0,0.4530906677246094,0.974051778572932,0.43563079833984375,249.78686141613687,22.074666873802457,5.634168057975161,1500.96826171875,0.0,0.0,False,,-16.159380488075445,True,883.0
negative,/mnt/MammoDiffusion/MammoDiffusion/experiments/diffusers/04_sd21_lora/generated_images/final/negative/gen_0867.png,gen_0867.png,80.5824,40.0,4.0,0.41706085205078125,0.9169944205616025,0.37796783447265625,138.0340929734967,49.9535210015299,7.056459679677545,1514.20849609375,0.0,0.0,False,,-36.441156052067555,False,
negative,/mnt/MammoDiffusion/MammoDiffusion/experiments/diffusers/04_sd21_lora/generated_images/final/negative/gen_0868.png,gen_0868.png,53.5824,13.0,4.0,0.4728851318359375,0.9925381562389081,0.5107917785644531,125.14774348212485,60.129899003650735,7.174365761016933,2042.1483154296875,0.0,0.0,False,,-9.687741773128224,True,501.0
negative,/mnt/MammoDiffusion/MammoDiffusion/experiments/diffusers/04_sd21_lora/generated_images/final/negative/gen_0869.png,gen_0869.png,140.0,95.0,5.0,0.04972076416015625,0.9655516341875096,0.04386138916015625,173.1508958079666,22.733986937961923,5.17355063262288,919.1876220703125,0.0,0.0,True,too_empty,,False,
negative,/mnt/MammoDiffusion/MammoDiffusion/experiments/diffusers/04_sd21_lora/generated_images/final/negative/gen_0870.png,gen_0870.png,75.8956,62.0,1.0,0.4154548645019531,0.949232845770322,0.4363136291503906,133.84633274172256,48.598620007171,5.956657539148808,590.9995727539062,0.0,0.0,False,,-22.46161903951277,True,1091.0
negative,/mnt/MammoDiffusion/MammoDiffusion/experiments/diffusers/04_sd21_lora/generated_images/final/negative/gen_0871.png,gen_0871.png,220.0,254.0,0.0,0.346954345703125,0.9145923124285338,0.3108100891113281,252.62393067982376,13.54154681662807,6.149080257488831,1459.730224609375,0.0,0.0,False,,-39.78258949324754,False,
negative,/mnt/MammoDiffusion/MammoDiffusion/experiments/diffusers/04_sd21_lora/generated_images/final/negative/gen_0872.png,gen_0872.png,55.5824,15.0,4.0,0.5317611694335938,0.9933069341023544,0.5669937133789062,126.9602042601289,55.644620337848345,7.322918287464331,1656.9312744140625,0.0,0.0,False,,-9.180348540083168,True,448.0
negative,/mnt/MammoDiffusion/MammoDiffusion/experiments/diffusers/04_sd21_lora/generated_images/final/negative/gen_0873.png,gen_0873.png,220.0,252.0,2.0,0.25405120849609375,0.8940809033304303,0.21642684936523438,251.88708909844013,18.944561894099934,6.649258726690871,1649.24658203125,0.0,0.0,False,,-48.57426651881141,False,
negative,/mnt/MammoDiffusion/MammoDiffusion/experiments/diffusers/04_sd21_lora/generated_images/final/negative/gen_0874.png,gen_0874.png,64.6868,33.0,3.0,0.485595703125,0.9936997234791353,0.5225028991699219,128.1391389418198,55.085684207780155,6.806596651967511,1395.5703125,0.0,0.0,False,,-7.937404768501471,True,258.0
negative,/mnt/MammoDiffusion/MammoDiffusion/experiments/diffusers/04_sd21_lora/generated_images/final/negative/gen_0875.png,gen_0875.png,78.7912,56.0,2.0,0.31256103515625,0.9537809998047256,0.36132049560546875,132.39601765239976,56.39593647580946,6.330246780010896,1326.7296142578125,0.0,0.0,False,,-21.978843647126098,True,1076.0
negative,/mnt/MammoDiffusion/MammoDiffusion/experiments/diffusers/04_sd21_lora/generated_images/final/negative/gen_0876.png,gen_0876.png,153.6868,122.0,3.0,0.13736343383789062,0.8086311755394485,0.10519790649414062,188.26826703412263,26.143576227495192,5.4368807243143324,479.86981201171875,0.0,0.0,True,too_empty,,False,
negative,/mnt/MammoDiffusion/MammoDiffusion/experiments/diffusers/04_sd21_lora/generated_images/final/negative/gen_0877.png,gen_0877.png,38.6868,7.0,3.0,0.4689445495605469,0.9414061546721332,0.485931396484375,113.9666677133706,66.54181612077807,7.001487360960399,2363.4658203125,0.0,0.0,False,,-29.350364837200438,True,1275.0
negative,/mnt/MammoDiffusion/MammoDiffusion/experiments/diffusers/04_sd21_lora/generated_images/final/negative/gen_0878.png,gen_0878.png,38.8956,25.0,1.0,0.5012283325195312,0.9955934060916024,0.526702880859375,112.45663856538617,63.08923874381541,6.4242602831338935,1195.7142333984375,0.0,0.0,False,,-6.813105748203435,True,127.0
negative,/mnt/MammoDiffusion/MammoDiffusion/experiments/diffusers/04_sd21_lora/generated_images/final/negative/gen_0879.png,gen_0879.png,104.5824,64.0,4.0,0.2804145812988281,0.8870614482580365,0.3113746643066406,150.99656967840735,49.77557659119922,6.668594193644445,1664.3759765625,0.0,0.0,False,,-48.33801339211387,False,
negative,/mnt/MammoDiffusion/MammoDiffusion/experiments/diffusers/04_sd21_lora/generated_images/final/negative/gen_0880.png,gen_0880.png,55.8956,42.0,1.0,0.6082572937011719,0.9970712005569109,0.6178512573242188,126.00909450131509,50.62890121017733,6.6642144428627414,1076.7303466796875,0.0,0.0,False,,-6.4808066007203236,True,100.0
negative,/mnt/MammoDiffusion/MammoDiffusion/experiments/diffusers/04_sd21_lora/generated_images/final/negative/gen_0881.png,gen_0881.png,117.7912,95.0,2.0,0.16432571411132812,0.9277572718620145,0.18450927734375,150.23577571948397,41.378849826762405,5.19418594987391,489.393798828125,0.0,0.0,False,,-31.019117115857867,True,1321.0
negative,/mnt/MammoDiffusion/MammoDiffusion/experiments/diffusers/04_sd21_lora/generated_images/final/negative/gen_0882.png,gen_0882.png,135.5824,95.0,4.0,0.10557174682617188,0.9239747064137308,0.09236526489257812,180.59501094453393,23.799657238851683,5.5386476187334015,1226.0693359375,0.0,0.0,True,too_empty,,False,
negative,/mnt/MammoDiffusion/MammoDiffusion/experiments/diffusers/04_sd21_lora/generated_images/final/negative/gen_0883.png,gen_0883.png,220.0,196.0,56.0,0.18098068237304688,0.4513416099319183,0.08407974243164062,243.19676965654915,45.088072050009615,6.945418694431479,1528.616943359375,0.0,0.0,True,too_empty,,False,
negative,/mnt/MammoDiffusion/MammoDiffusion/experiments/diffusers/04_sd21_lora/generated_images/final/negative/gen_0884.png,gen_0884.png,10.0,0.0,0.0,0.8409461975097656,0.9969879654704716,0.83392333984375,113.56793438483496,56.28368310540213,7.185381189445719,940.6439819335938,0.0,0.0,False,,-8.317416192596152,True,321.0
negative,/mnt/MammoDiffusion/MammoDiffusion/experiments/diffusers/04_sd21_lora/generated_images/final/negative/gen_0885.png,gen_0885.png,58.478,9.0,5.0,0.6569938659667969,0.99369436847881,0.6508636474609375,147.91767670847497,39.52953382706067,7.3351768218047,1409.0538330078125,0.0,0.0,False,,-8.78226040785391,True,386.0
negative,/mnt/MammoDiffusion/MammoDiffusion/experiments/diffusers/04_sd21_lora/generated_images/final/negative/gen_0886.png,gen_0886.png,212.0,198.0,7.0,0.04463958740234375,0.19338574602632028,0.00759124755859375,224.97889447236182,8.389605724045936,7.0585201258789505,1526.706298828125,0.0,0.0,True,too_empty,,False,
negative,/mnt/MammoDiffusion/MammoDiffusion/experiments/diffusers/04_sd21_lora/generated_images/final/negative/gen_0887.png,gen_0887.png,62.6868,31.0,3.0,0.4757041931152344,0.9896714593875047,0.4850044250488281,145.75654588213087,52.694437404457744,6.939149206211534,1596.793701171875,0.0,0.0,False,,-9.773138184119569,True,508.0
negative,/mnt/MammoDiffusion/MammoDiffusion/experiments/diffusers/04_sd21_lora/generated_images/final/negative/gen_0888.png,gen_0888.png,67.6868,36.0,3.0,0.37558746337890625,0.9678543135143919,0.4018440246582031,137.86753495789864,58.37253222064017,6.739430376404739,1651.44775390625,0.0,0.0,False,,-17.560339226740513,True,927.0
negative,/mnt/MammoDiffusion/MammoDiffusion/experiments/diffusers/04_sd21_lora/generated_images/final/negative/gen_0889.png,gen_0889.png,41.8956,28.0,1.0,0.5696792602539062,0.994375175775757,0.6055107116699219,111.99218174143677,61.28087584264822,6.809091627364081,1295.3272705078125,0.0,0.0,False,,-8.16008173486162,True,300.0
negative,/mnt/MammoDiffusion/MammoDiffusion/experiments/diffusers/04_sd21_lora/generated_images/final/negative/gen_0890.png,gen_0890.png,185.478,136.0,5.0,0.054584503173828125,0.7019358445733455,0.036472320556640625,202.04863508001256,11.434430309154267,7.116136561398886,795.295166015625,0.0,0.0,True,too_empty,,False,
negative,/mnt/MammoDiffusion/MammoDiffusion/experiments/diffusers/04_sd21_lora/generated_images/final/negative/gen_0891.png,gen_0891.png,100.5824,60.0,4.0,0.3404579162597656,0.9760445495187621,0.39023590087890625,151.04685331091517,52.35305704341672,6.691302482752535,1834.327392578125,0.0,0.0,False,,-14.484096296559654,True,805.0
negative,/mnt/MammoDiffusion/MammoDiffusion/experiments/diffusers/04_sd21_lora/generated_images/final/negative/gen_0892.png,gen_0892.png,133.7912,111.0,2.0,0.1761627197265625,0.9833044608055436,0.18231201171875,160.33505607633077,25.255786273077668,5.131714354056935,423.6248779296875,0.0,0.0,False,,-10.802657815900538,True,605.0
negative,/mnt/MammoDiffusion/MammoDiffusion/experiments/diffusers/04_sd21_lora/generated_images/final/negative/gen_0893.png,gen_0893.png,10.0,0.0,0.0,0.70953369140625,0.9969086021505377,0.6996231079101562,138.7270640451031,39.63979582947961,6.083067302107095,673.3914794921875,0.0,0.0,False,,-5.75060118091166,True,46.0
negative,/mnt/MammoDiffusion/MammoDiffusion/experiments/diffusers/04_sd21_lora/generated_images/final/negative/gen_0894.png,gen_0894.png,129.0,121.0,2.0,0.048328399658203125,0.7928013260715131,0.031589508056640625,186.7244294167371,25.103180741949792,4.087471608920738,295.3417053222656,0.0,0.0,True,too_empty,,False,
negative,/mnt/MammoDiffusion/MammoDiffusion/experiments/diffusers/04_sd21_lora/generated_images/final/negative/gen_0895.png,gen_0895.png,104.5824,64.0,4.0,0.17527389526367188,0.8341132174026595,0.1809844970703125,150.59065424500463,53.43990647997434,6.172903578874467,1758.574462890625,0.0,0.0,False,,-69.20479134811863,False,
negative,/mnt/MammoDiffusion/MammoDiffusion/experiments/diffusers/04_sd21_lora/generated_images/final/negative/gen_0896.png,gen_0896.png,129.0,115.0,3.0,0.049724578857421875,0.9924050632911392,0.044952392578125,184.88246775288528,24.46202603504289,4.622270449309772,588.3515625,0.0,0.0,True,too_empty,,False,
negative,/mnt/MammoDiffusion/MammoDiffusion/experiments/diffusers/04_sd21_lora/generated_images/final/negative/gen_0897.png,gen_0897.png,72.6868,41.0,3.0,0.2827301025390625,0.9855766636083977,0.31854248046875,131.32184086989844,58.67569003395436,6.148907560522272,1556.1099853515625,0.0,0.0,False,,-10.457792465195599,True,578.0
negative,/mnt/MammoDiffusion/MammoDiffusion/experiments/diffusers/04_sd21_lora/generated_images/final/negative/gen_0898.png,gen_0898.png,67.6868,36.0,3.0,0.3050575256347656,0.9424026810389026,0.3435478210449219,124.25853051888207,61.283395613587324,6.4622500499974205,1504.1446533203125,0.0,0.0,False,,-26.88352579438194,True,1210.0
negative,/mnt/MammoDiffusion/MammoDiffusion/experiments/diffusers/04_sd21_lora/generated_images/final/negative/gen_0899.png,gen_0899.png,119.7912,97.0,2.0,0.1396026611328125,0.8247622691004481,0.13907623291015625,158.20236985023863,43.891709569585394,5.028458039356677,832.61474609375,0.0,0.0,False,,-70.45766931585314,False,
negative,/mnt/MammoDiffusion/MammoDiffusion/experiments/diffusers/04_sd21_lora/generated_images/final/negative/gen_0900.png,gen_0900.png,95.5824,55.0,4.0,0.24848175048828125,0.9144585341889527,0.3057746887207031,133.45094003019076,51.930733980945256,6.557750666893767,1633.7735595703125,0.0,0.0,False,,-37.65319751686495,False,
negative,/mnt/MammoDiffusion/MammoDiffusion/experiments/diffusers/04_sd21_lora/generated_images/final/negative/gen_0901.png,gen_0901.png,74.8956,61.0,1.0,0.3854408264160156,0.9802456428578498,0.4329185485839844,128.80410091023643,53.95227045385317,6.107398586074176,899.7987060546875,0.0,0.0,False,,-11.13810163369181,True,629.0
negative,/mnt/MammoDiffusion/MammoDiffusion/experiments/diffusers/04_sd21_lora/generated_images/final/negative/gen_0902.png,gen_0902.png,220.0,231.0,23.0,0.15216445922851562,0.9183484168567776,0.0599822998046875,249.17272958534724,28.131096943884533,7.116772809110202,1166.967529296875,0.0,0.0,True,too_empty,,False,
negative,/mnt/MammoDiffusion/MammoDiffusion/experiments/diffusers/04_sd21_lora/generated_images/final/negative/gen_0903.png,gen_0903.png,69.0,64.0,0.0,0.5320549011230469,0.9980713389496325,0.5447120666503906,129.37439510340144,46.64737521224974,6.009661377269072,511.0257568359375,0.0,0.0,False,,-4.629486687995304,True,17.0
negative,/mnt/MammoDiffusion/MammoDiffusion/experiments/diffusers/04_sd21_lora/generated_images/final/negative/gen_0904.png,gen_0904.png,220.0,216.0,38.0,0.2002410888671875,0.7880629429246362,0.153961181640625,252.96256194251734,16.2924876672621,7.136682187733195,1512.869140625,0.0,0.0,False,,-89.61719659579678,False,
negative,/mnt/MammoDiffusion/MammoDiffusion/experiments/diffusers/04_sd21_lora/generated_images/final/negative/gen_0905.png,gen_0905.png,100.7912,78.0,2.0,0.17606735229492188,0.9527895135954935,0.20816421508789062,144.5525848008943,53.472098195042165,5.491584112013491,892.332275390625,0.0,0.0,False,,-22.158774140885605,True,1081.0
negative,/mnt/MammoDiffusion/MammoDiffusion/experiments/diffusers/04_sd21_lora/generated_images/final/negative/gen_0906.png,gen_0906.png,86.8956,73.0,1.0,0.6220741271972656,0.9912309211212157,0.6749496459960938,129.84559214170255,44.0796657255776,6.644077108218786,760.09033203125,0.0,0.0,False,,-8.360011760054926,True,326.0
negative,/mnt/MammoDiffusion/MammoDiffusion/experiments/diffusers/04_sd21_lora/generated_images/final/negative/gen_0907.png,gen_0907.png,39.6868,8.0,3.0,0.5753135681152344,0.9949010376951894,0.5998878479003906,113.60631323247932,58.140992504374104,7.31398933143202,2053.345458984375,0.0,0.0,False,,-9.215933564406756,True,451.0
negative,/mnt/MammoDiffusion/MammoDiffusion/experiments/diffusers/04_sd21_lora/generated_images/final/negative/gen_0908.png,gen_0908.png,220.0,214.0,39.0,0.347564697265625,0.9141386425498288,0.3139457702636719,252.5801650080803,15.509530800411227,6.142501950909246,2374.135498046875,0.0,0.0,False,,-41.035444248972546,False,
negative,/mnt/MammoDiffusion/MammoDiffusion/experiments/diffusers/04_sd21_lora/generated_images/final/negative/gen_0909.png,gen_0909.png,68.6868,37.0,3.0,0.2749443054199219,0.974956642386403,0.3165092468261719,124.88632172686843,61.61195909163947,6.4137819726307805,1487.494140625,0.0,0.0,False,,-14.679228463290919,True,815.0
negative,/mnt/MammoDiffusion/MammoDiffusion/experiments/diffusers/04_sd21_lora/generated_images/final/negative/gen_0910.png,gen_0910.png,55.6868,24.0,3.0,0.29633331298828125,0.9924178059267269,0.2983589172363281,145.97993939626406,54.17668039825583,6.346119856679934,1590.0562744140625,0.0,0.0,False,,-8.225876958534862,True,306.0
negative,/mnt/MammoDiffusion/MammoDiffusion/experiments/diffusers/04_sd21_lora/generated_images/final/negative/gen_0911.png,gen_0911.png,126.5824,86.0,4.0,0.28925323486328125,0.9751668293197584,0.3251800537109375,166.44988503589695,41.70646137728096,6.5218663357943205,1285.103759765625,0.0,0.0,False,,-14.023357900005148,True,783.0
negative,/mnt/MammoDiffusion/MammoDiffusion/experiments/diffusers/04_sd21_lora/generated_images/final/negative/gen_0912.png,gen_0912.png,86.47800000000001,37.0,5.0,0.4397010803222656,0.9763761766364465,0.4980125427246094,133.68786910862423,47.79175719847884,7.237628544610891,1455.2362060546875,0.0,0.0,False,,-14.494619446858119,True,806.0
negative,/mnt/MammoDiffusion/MammoDiffusion/experiments/diffusers/04_sd21_lora/generated_images/final/negative/gen_0913.png,gen_0913.png,87.5824,47.0,4.0,0.42153167724609375,0.9252140232755969,0.4686775207519531,140.4887637248598,56.311150478217726,7.224189546146555,1853.1956787109375,0.0,0.0,False,,-34.80469246653087,False,
negative,/mnt/MammoDiffusion/MammoDiffusion/experiments/diffusers/04_sd21_lora/generated_images/final/negative/gen_0914.png,gen_0914.png,109.8956,96.0,1.0,0.20013809204101562,0.7503669112741828,0.142852783203125,167.3144093142491,46.25705952713989,6.000043803343123,762.4588623046875,0.0,0.0,False,,-99.67795209783569,False,
negative,/mnt/MammoDiffusion/MammoDiffusion/experiments/diffusers/04_sd21_lora/generated_images/final/negative/gen_0915.png,gen_0915.png,48.8956,35.0,1.0,0.7007026672363281,0.9945776737349267,0.7591819763183594,115.20256764565485,57.233878989570634,7.192379682491783,1231.6224365234375,0.0,0.0,False,,-9.199456616219265,True,450.0
negative,/mnt/MammoDiffusion/MammoDiffusion/experiments/diffusers/04_sd21_lora/generated_images/final/negative/gen_0916.png,gen_0916.png,51.5824,11.0,4.0,0.5305900573730469,0.9858222314887376,0.5471916198730469,124.08399155065078,52.826542581173655,7.27802258474382,1861.143798828125,0.0,0.0,False,,-11.917632240754653,True,686.0
negative,/mnt/MammoDiffusion/MammoDiffusion/experiments/diffusers/04_sd21_lora/generated_images/final/negative/gen_0917.png,gen_0917.png,203.0,190.0,3.0,0.04932403564453125,0.18159319412219643,0.013385772705078125,217.2955257908236,14.277134672363765,6.403429567988473,1750.3126220703125,0.0,0.0,True,too_empty,,False,
negative,/mnt/MammoDiffusion/MammoDiffusion/experiments/diffusers/04_sd21_lora/generated_images/final/negative/gen_0918.png,gen_0918.png,220.0,236.0,7.0,0.48769378662109375,0.9593886394568465,0.4626121520996094,242.18085939754764,13.566531633866997,6.197616401645494,1841.9468994140625,0.0,0.0,False,,-23.159230704890156,True,1114.0
negative,/mnt/MammoDiffusion/MammoDiffusion/experiments/diffusers/04_sd21_lora/generated_images/final/negative/gen_0919.png,gen_0919.png,50.6868,19.0,3.0,0.4530029296875,0.9812887361897062,0.4656791687011719,121.81173868523449,55.41267484161279,6.838423497966689,1572.95654296875,0.0,0.0,False,,-12.43184994501974,True,711.0
negative,/mnt/MammoDiffusion/MammoDiffusion/experiments/diffusers/04_sd21_lora/generated_images/final/negative/gen_0920.png,gen_0920.png,141.5824,101.0,4.0,0.08187484741210938,0.9874202115268136,0.07755279541015625,181.9183964584358,22.716169983891778,5.1853168204535125,846.7024536132812,0.0,0.0,True,too_empty,,False,
negative,/mnt/MammoDiffusion/MammoDiffusion/experiments/diffusers/04_sd21_lora/generated_images/final/negative/gen_0921.png,gen_0921.png,131.5824,91.0,4.0,0.1869964599609375,0.7276417788657691,0.09276580810546875,189.1829097787647,27.035783035210997,6.348846152509244,1478.26025390625,0.0,0.0,True,too_empty,,False,
negative,/mnt/MammoDiffusion/MammoDiffusion/experiments/diffusers/04_sd21_lora/generated_images/final/negative/gen_0922.png,gen_0922.png,132.6868,101.0,3.0,0.1829833984375,0.8138133755837225,0.16582107543945312,177.3940049230486,38.21646522516643,5.9158641857673855,928.687744140625,0.0,0.0,False,,-75.44911964217063,False,
negative,/mnt/MammoDiffusion/MammoDiffusion/experiments/diffusers/04_sd21_lora/generated_images/final/negative/gen_0923.png,gen_0923.png,220.0,238.0,7.0,0.23265838623046875,0.4571241187079849,0.10396575927734375,245.46015263814485,3.0665559721586346,6.79756514022657,1610.08447265625,0.0,0.0,True,too_empty,,False,
negative,/mnt/MammoDiffusion/MammoDiffusion/experiments/diffusers/04_sd21_lora/generated_images/final/negative/gen_0924.png,gen_0924.png,27.0,22.0,0.0,0.6129188537597656,0.9970001182526,0.6148796081542969,110.28509122944158,59.86474495769964,6.376863747794354,1240.9222412109375,0.0,0.0,False,,-6.682956569967171,True,118.0
negative,/mnt/MammoDiffusion/MammoDiffusion/experiments/diffusers/04_sd21_lora/generated_images/final/negative/gen_0925.png,gen_0925.png,96.6868,65.0,3.0,0.203094482421875,0.9606686701728024,0.23638534545898438,147.3592234576468,55.429044760954184,5.824146526079835,1018.3023071289062,0.0,0.0,False,,-19.581947638257976,True,990.0
negative,/mnt/MammoDiffusion/MammoDiffusion/experiments/diffusers/04_sd21_lora/generated_images/final/negative/gen_0926.png,gen_0926.png,172.2692,105.0,7.0,0.08685302734375,0.6512649332396345,0.05576324462890625,206.07860172390204,18.02005671510345,6.6232981418700625,627.2572631835938,0.0,0.0,True,too_empty,,False,
negative,/mnt/MammoDiffusion/MammoDiffusion/experiments/diffusers/04_sd21_lora/generated_images/final/negative/gen_0927.png,gen_0927.png,134.5824,94.0,4.0,0.179931640625,0.7992706919945726,0.16446685791015625,172.01326715220114,37.35995588258202,6.370740320757045,1351.960693359375,0.0,0.0,False,,-81.87501519548393,False,
negative,/mnt/MammoDiffusion/MammoDiffusion/experiments/diffusers/04_sd21_lora/generated_images/final/negative/gen_0928.png,gen_0928.png,70.5824,30.0,4.0,0.3452720642089844,0.9654627614323121,0.36058807373046875,141.68883693375366,50.97157628095677,6.629605945112685,1727.0357666015625,0.0,0.0,False,,-18.20765974421985,True,943.0
negative,/mnt/MammoDiffusion/MammoDiffusion/experiments/diffusers/04_sd21_lora/generated_images/final/negative/gen_0929.png,gen_0929.png,84.8956,71.0,1.0,0.3979949951171875,0.9712552237089291,0.43151092529296875,131.40830813840415,50.55926464136709,5.925994913928342,824.8419799804688,0.0,0.0,False,,-14.150089602663321,True,788.0
negative,/mnt/MammoDiffusion/MammoDiffusion/experiments/diffusers/04_sd21_lora/generated_images/final/negative/gen_0930.png,gen_0930.png,165.0,150.0,5.0,0.04975128173828125,0.5776721361754332,0.028896331787109375,190.27551155115512,20.531563103772445,6.921909577759334,881.830078125,0.0,0.0,True,too_empty,,False,
negative,/mnt/MammoDiffusion/MammoDiffusion/experiments/diffusers/04_sd21_lora/generated_images/final/negative/gen_0931.png,gen_0931.png,67.7912,45.0,2.0,0.4380836486816406,0.9969523079736331,0.43869781494140625,138.8046468757065,41.72203898260965,6.138783760393574,604.7931518554688,0.0,0.0,False,,-4.223865577769336,True,13.0
negative,/mnt/MammoDiffusion/MammoDiffusion/experiments/diffusers/04_sd21_lora/generated_images/final/negative/gen_0932.png,gen_0932.png,135.7912,113.0,2.0,0.06899261474609375,0.9884441004091562,0.0650177001953125,169.25158413517954,14.851974787301192,4.358968066738093,316.8988037109375,0.0,0.0,True,too_empty,,False,
negative,/mnt/MammoDiffusion/MammoDiffusion/experiments/diffusers/04_sd21_lora/generated_images/final/negative/gen_0933.png,gen_0933.png,81.8956,68.0,1.0,0.394134521484375,0.9736837011227255,0.4480018615722656,137.33673929888198,56.54516296582926,6.104156018315119,1018.02099609375,0.0,0.0,False,,-14.173558456453033,True,791.0
negative,/mnt/MammoDiffusion/MammoDiffusion/experiments/diffusers/04_sd21_lora/generated_images/final/negative/gen_0934.png,gen_0934.png,119.7912,97.0,2.0,0.17033004760742188,0.924234619605384,0.194671630859375,154.3870708575012,44.05205666362805,5.211409979895155,522.5885009765625,0.0,0.0,False,,-32.474457077338855,True,1359.0
negative,/mnt/MammoDiffusion/MammoDiffusion/experiments/diffusers/04_sd21_lora/generated_images/final/negative/gen_0935.png,gen_0935.png,150.5824,110.0,4.0,0.05553436279296875,0.9309657920043962,0.0467071533203125,183.76984645540674,22.821190059304797,5.1801856594215305,958.9036865234375,0.0,0.0,True,too_empty,,False,
negative,/mnt/MammoDiffusion/MammoDiffusion/experiments/diffusers/04_sd21_lora/generated_images/final/negative/gen_0936.png,gen_0936.png,137.6868,106.0,3.0,0.0819244384765625,0.9904544607934438,0.07759475708007812,179.36242072661128,18.225796243502536,5.003741423717967,735.9669189453125,0.0,0.0,True,too_empty,,False,
negative,/mnt/MammoDiffusion/MammoDiffusion/experiments/diffusers/04_sd21_lora/generated_images/final/negative/gen_0937.png,gen_0937.png,59.8956,46.0,1.0,0.34857940673828125,0.9883888901048392,0.3856201171875,122.74122546691991,62.696781204675936,5.59461628975383,1150.6156005859375,0.0,0.0,False,,-7.995638594737979,True,272.0
negative,/mnt/MammoDiffusion/MammoDiffusion/experiments/diffusers/04_sd21_lora/generated_images/final/negative/gen_0938.png,gen_0938.png,84.8956,71.0,1.0,0.628326416015625,0.9743977366554957,0.7106437683105469,125.95669141289703,45.32160091466414,7.021839768483229,936.54052734375,0.0,0.0,False,,-15.540848842939386,True,864.0
negative,/mnt/MammoDiffusion/MammoDiffusion/experiments/diffusers/04_sd21_lora/generated_images/final/negative/gen_0939.png,gen_0939.png,125.5824,85.0,4.0,0.146148681640625,0.8932710377949468,0.12923812866210938,169.56055373535227,45.39292707968818,6.108519623797362,1334.8497314453125,0.0,0.0,False,,-46.390451823710016,False,
negative,/mnt/MammoDiffusion/MammoDiffusion/experiments/diffusers/04_sd21_lora/generated_images/final/negative/gen_0940.png,gen_0940.png,67.7912,45.0,2.0,0.37175750732421875,0.9855213741867959,0.4210624694824219,125.21626396325388,57.985041809388996,6.406610578441328,1444.1455078125,0.0,0.0,False,,-10.186177958497021,True,554.0
negative,/mnt/MammoDiffusion/MammoDiffusion/experiments/diffusers/04_sd21_lora/generated_images/final/negative/gen_0941.png,gen_0941.png,188.0,171.0,2.0,0.0496673583984375,0.6680491551459293,0.0314178466796875,201.10235551238466,11.211414398281237,6.515017023972848,834.7172241210938,0.0,0.0,True,too_empty,,False,
negative,/mnt/MammoDiffusion/MammoDiffusion/experiments/diffusers/04_sd21_lora/generated_images/final/negative/gen_0942.png,gen_0942.png,77.6868,46.0,3.0,0.34897613525390625,0.979471371417328,0.3405494689941406,161.78858109394778,40.42434088694359,6.203547353464975,928.8502197265625,0.0,0.0,False,,-11.392817545592479,True,647.0
negative,/mnt/MammoDiffusion/MammoDiffusion/experiments/diffusers/04_sd21_lora/generated_images/final/negative/gen_0943.png,gen_0943.png,95.6868,64.0,3.0,0.296966552734375,0.976826636522454,0.3250579833984375,156.2339811294184,53.410992836704395,6.383456234950136,1261.65869140625,0.0,0.0,False,,-13.696222238195713,True,769.0
negative,/mnt/MammoDiffusion/MammoDiffusion/experiments/diffusers/04_sd21_lora/generated_images/final/negative/gen_0944.png,gen_0944.png,108.7912,86.0,2.0,0.3014183044433594,0.9276972726697462,0.3295097351074219,154.83778464673128,48.23475741134964,6.04698006190224,772.22607421875,0.0,0.0,False,,-31.070306166672943,True,1322.0
negative,/mnt/MammoDiffusion/MammoDiffusion/experiments/diffusers/04_sd21_lora/generated_images/final/negative/gen_0945.png,gen_0945.png,131.6868,100.0,3.0,0.16340255737304688,0.8440994513832146,0.13077926635742188,181.00571711927194,28.345338965949143,5.886371338802776,952.3344116210938,0.0,0.0,False,,-64.79483237595457,False,
negative,/mnt/MammoDiffusion/MammoDiffusion/experiments/diffusers/04_sd21_lora/generated_images/final/negative/gen_0946.png,gen_0946.png,79.47800000000001,30.0,5.0,0.3252754211425781,0.9464635447818082,0.3863945007324219,132.661006407282,57.87943908955177,6.873078733476703,1736.0020751953125,0.0,0.0,False,,-25.680006107567067,True,1184.0
negative,/mnt/MammoDiffusion/MammoDiffusion/experiments/diffusers/04_sd21_lora/generated_images/final/negative/gen_0947.png,gen_0947.png,55.8956,42.0,1.0,0.3934326171875,0.9502307632640398,0.4006690979003906,124.60085877771748,58.72343745720792,5.834780238317233,1239.923583984375,0.0,0.0,False,,-22.712959614543887,True,1099.0
negative,/mnt/MammoDiffusion/MammoDiffusion/experiments/diffusers/04_sd21_lora/generated_images/final/negative/gen_0948.png,gen_0948.png,220.0,174.0,52.0,0.13541793823242188,0.8527282458660808,0.10918045043945312,227.58202019496173,25.53587836916608,7.41105311187497,1543.137939453125,0.0,0.0,True,too_empty,,False,
negative,/mnt/MammoDiffusion/MammoDiffusion/experiments/diffusers/04_sd21_lora/generated_images/final/negative/gen_0949.png,gen_0949.png,136.7912,114.0,2.0,0.06793594360351562,0.9955078892694705,0.06333160400390625,170.54517528008674,16.939909207115125,3.956705141879145,205.7109375,0.0,0.0,True,too_empty,,False,
negative,/mnt/MammoDiffusion/MammoDiffusion/experiments/diffusers/04_sd21_lora/generated_images/final/negative/gen_0950.png,gen_0950.png,62.478,13.0,5.0,0.4861869812011719,0.9913143090285679,0.517913818359375,124.84540539744269,51.482319480225854,7.295645888887417,2021.8065185546875,0.0,0.0,False,,-9.805306677005255,True,515.0
negative,/mnt/MammoDiffusion/MammoDiffusion/experiments/diffusers/04_sd21_lora/generated_images/final/negative/gen_0951.png,gen_0951.png,110.8956,97.0,1.0,0.18064498901367188,0.9067891458135361,0.18207168579101562,163.7434683316223,49.212015154305774,4.733295522021413,547.8857421875,0.0,0.0,False,,-39.18285151897947,False,
negative,/mnt/MammoDiffusion/MammoDiffusion/experiments/diffusers/04_sd21_lora/generated_images/final/negative/gen_0952.png,gen_0952.png,83.7912,61.0,2.0,0.2597808837890625,0.9868135095447871,0.3035926818847656,135.60599359175725,54.74346027321104,5.781371810703806,1188.7783203125,0.0,0.0,False,,-9.154278987926364,True,440.0
negative,/mnt/MammoDiffusion/MammoDiffusion/experiments/diffusers/04_sd21_lora/generated_images/final/negative/gen_0953.png,gen_0953.png,140.0,135.0,2.0,0.04904937744140625,0.8778970290869498,0.039508819580078125,185.3843777155547,25.3746377364162,3.912086102337565,230.59161376953125,0.0,0.0,True,too_empty,,False,
negative,/mnt/MammoDiffusion/MammoDiffusion/experiments/diffusers/04_sd21_lora/generated_images/final/negative/gen_0954.png,gen_0954.png,104.8956,91.0,1.0,0.3628578186035156,0.9772920806131138,0.3908271789550781,149.3965818472861,43.0462623034837,5.189904571507021,355.51177978515625,0.0,0.0,False,,-11.14569841023103,True,630.0
negative,/mnt/MammoDiffusion/MammoDiffusion/experiments/diffusers/04_sd21_lora/generated_images/final/negative/gen_0955.png,gen_0955.png,147.478,98.0,5.0,0.06596755981445312,0.7319146475452495,0.044185638427734375,193.23853923853923,25.92275616926562,5.775658266508645,1635.5648193359375,0.0,0.0,True,too_empty,,False,
negative,/mnt/MammoDiffusion/MammoDiffusion/experiments/diffusers/04_sd21_lora/generated_images/final/negative/gen_0956.png,gen_0956.png,127.7912,105.0,2.0,0.18778228759765625,0.8879250802421484,0.1957244873046875,161.6722343494192,39.66507550480481,5.3626493946695035,471.7369689941406,0.0,0.0,False,,-46.33240879056297,False,
negative,/mnt/MammoDiffusion/MammoDiffusion/experiments/diffusers/04_sd21_lora/generated_images/final/negative/gen_0957.png,gen_0957.png,220.0,220.0,25.0,0.3765678405761719,0.9717975991490655,0.3447608947753906,244.25165694811733,18.17688514858159,6.732030658830935,1313.803466796875,0.0,0.0,False,,-17.75030801483953,True,931.0
negative,/mnt/MammoDiffusion/MammoDiffusion/experiments/diffusers/04_sd21_lora/generated_images/final/negative/gen_0958.png,gen_0958.png,119.5824,79.0,4.0,0.19766998291015625,0.7619746034196612,0.18033981323242188,172.58472765732418,49.547044745489096,6.319352399027132,1173.8582763671875,0.0,0.0,False,,-96.10657399739655,False,
negative,/mnt/MammoDiffusion/MammoDiffusion/experiments/diffusers/04_sd21_lora/generated_images/final/negative/gen_0959.png,gen_0959.png,86.7912,64.0,2.0,0.32083892822265625,0.9946852781014435,0.3335914611816406,146.52044048531144,43.45651430542583,5.866341537276406,660.8138427734375,0.0,0.0,False,,-5.004927887622266,True,21.0
negative,/mnt/MammoDiffusion/MammoDiffusion/experiments/diffusers/04_sd21_lora/generated_images/final/negative/gen_0960.png,gen_0960.png,82.6868,51.0,3.0,0.3158721923828125,0.9875006038355635,0.34197235107421875,141.1687191843473,50.93267295405435,6.4598462721712995,1277.9813232421875,0.0,0.0,False,,-9.220017154053316,True,453.0
negative,/mnt/MammoDiffusion/MammoDiffusion/experiments/diffusers/04_sd21_lora/generated_images/final/negative/gen_0961.png,gen_0961.png,56.5824,16.0,4.0,0.4133110046386719,0.9899489602850102,0.4404296875,129.6403738220621,61.36748406174176,7.098789798752569,2120.756103515625,0.0,0.0,False,,-10.38105206255202,True,572.0
negative,/mnt/MammoDiffusion/MammoDiffusion/experiments/diffusers/04_sd21_lora/generated_images/final/negative/gen_0962.png,gen_0962.png,114.7912,92.0,2.0,0.23280715942382812,0.9227908043716921,0.2539024353027344,155.20314307606785,40.783603786480114,5.589907059710182,660.1946411132812,0.0,0.0,False,,-32.59859952620128,False,
negative,/mnt/MammoDiffusion/MammoDiffusion/experiments/diffusers/04_sd21_lora/generated_images/final/negative/gen_0963.png,gen_0963.png,96.8956,83.0,1.0,0.31060791015625,0.9852377677343289,0.3479270935058594,143.90375738704267,48.26177621823967,5.637436607423272,559.4517822265625,0.0,0.0,False,,-8.646270672820629,True,372.0
negative,/mnt/MammoDiffusion/MammoDiffusion/experiments/diffusers/04_sd21_lora/generated_images/final/negative/gen_0964.png,gen_0964.png,128.478,79.0,5.0,0.17441558837890625,0.4621188924369013,0.079376220703125,196.03018069973086,31.249234551579335,6.302695158184408,833.4728393554688,0.0,0.0,True,too_empty,,False,
negative,/mnt/MammoDiffusion/MammoDiffusion/experiments/diffusers/04_sd21_lora/generated_images/final/negative/gen_0965.png,gen_0965.png,97.7912,75.0,2.0,0.15667343139648438,0.9534951669060895,0.1742095947265625,154.83782955242182,53.40149482710497,5.094593038318901,774.7727661132812,0.0,0.0,False,,-21.805093378839693,True,1071.0
negative,/mnt/MammoDiffusion/MammoDiffusion/experiments/diffusers/04_sd21_lora/generated_images/final/negative/gen_0966.png,gen_0966.png,107.6868,76.0,3.0,0.2570037841796875,0.9555304874428546,0.2870826721191406,155.24347236801893,50.777447502849824,6.16339366362473,1327.84814453125,0.0,0.0,False,,-21.77582588149869,True,1070.0
negative,/mnt/MammoDiffusion/MammoDiffusion/experiments/diffusers/04_sd21_lora/generated_images/final/negative/gen_0967.png,gen_0967.png,117.8956,104.0,1.0,0.2594757080078125,0.9140546897971185,0.2870979309082031,157.4932036512935,38.39509862027943,5.407658536007469,498.8067321777344,0.0,0.0,False,,-35.74852142305873,False,
negative,/mnt/MammoDiffusion/MammoDiffusion/experiments/diffusers/04_sd21_lora/generated_images/final/negative/gen_0968.png,gen_0968.png,123.0,112.0,3.0,0.042083740234375,0.6507432922407542,0.019329071044921875,179.41839352674165,27.091928110117287,4.520924170949309,530.377685546875,0.0,0.0,True,too_empty,,False,
negative,/mnt/MammoDiffusion/MammoDiffusion/experiments/diffusers/04_sd21_lora/generated_images/final/negative/gen_0969.png,gen_0969.png,147.5824,107.0,4.0,0.1094818115234375,0.8740418118466899,0.09326171875,178.848617473822,24.236786568907785,5.346603155327182,885.5841674804688,0.0,0.0,True,too_empty,,False,
negative,/mnt/MammoDiffusion/MammoDiffusion/experiments/diffusers/04_sd21_lora/generated_images/final/negative/gen_0970.png,gen_0970.png,96.7912,74.0,2.0,0.2528419494628906,0.9431963911226445,0.27957916259765625,151.3669941328967,50.45323273752,5.822521629603896,934.3577880859375,0.0,0.0,False,,-25.609971883151147,True,1180.0
negative,/mnt/MammoDiffusion/MammoDiffusion/experiments/diffusers/04_sd21_lora/generated_images/final/negative/gen_0971.png,gen_0971.png,117.3736,59.0,6.0,0.24155044555664062,0.9097297894853208,0.2395782470703125,175.44156423157762,46.695497993317574,6.925534581337329,2188.3212890625,0.0,0.0,False,,-41.39858514907855,False,
negative,/mnt/MammoDiffusion/MammoDiffusion/experiments/diffusers/04_sd21_lora/generated_images/final/negative/gen_0972.png,gen_0972.png,94.5824,54.0,4.0,0.18352890014648438,0.8866579368543577,0.20556259155273438,147.20021526527734,58.40783140134054,6.343696725091743,1789.849853515625,0.0,0.0,False,,-49.49481819731618,False,
negative,/mnt/MammoDiffusion/MammoDiffusion/experiments/diffusers/04_sd21_lora/generated_images/final/negative/gen_0973.png,gen_0973.png,105.5824,65.0,4.0,0.18017196655273438,0.9092333425080985,0.1772918701171875,163.00574490059387,47.81736164384778,6.1856726165960705,1491.094970703125,0.0,0.0,False,,-40.29716400465201,False,
negative,/mnt/MammoDiffusion/MammoDiffusion/experiments/diffusers/04_sd21_lora/generated_images/final/negative/gen_0974.png,gen_0974.png,149.7912,127.0,2.0,0.09685516357421875,0.4967703820401733,0.046955108642578125,206.4480461450971,23.44945633999091,4.646690211735232,616.8067626953125,0.0,0.0,True,too_empty,,False,
negative,/mnt/MammoDiffusion/MammoDiffusion/experiments/diffusers/04_sd21_lora/generated_images/final/negative/gen_0975.png,gen_0975.png,92.5824,52.0,4.0,0.27989959716796875,0.9196854471611198,0.3100242614746094,145.9075438963468,53.16322481240529,6.510663440228102,1661.471435546875,0.0,0.0,False,,-35.923364976585255,False,
negative,/mnt/MammoDiffusion/MammoDiffusion/experiments/diffusers/04_sd21_lora/generated_images/final/negative/gen_0976.png,gen_0976.png,10.0,1.0,0.0,0.8803329467773438,1.0,0.8721351623535156,127.9323258611263,43.44833422774166,7.2117289700089735,672.0953369140625,0.0,0.0,False,,-7.646551098639863,True,213.0
negative,/mnt/MammoDiffusion/MammoDiffusion/experiments/diffusers/04_sd21_lora/generated_images/final/negative/gen_0977.png,gen_0977.png,86.7912,64.0,2.0,0.29201507568359375,0.9039973873285434,0.33760833740234375,131.23180267112608,54.192625041535635,6.286069613237259,1561.80859375,0.0,0.0,False,,-41.1648094280248,False,
negative,/mnt/MammoDiffusion/MammoDiffusion/experiments/diffusers/04_sd21_lora/generated_images/final/negative/gen_0978.png,gen_0978.png,106.47800000000001,57.0,5.0,0.21129989624023438,0.743315701106678,0.16486740112304688,171.7870843841829,47.68019090848531,6.655843817598107,2132.943359375,0.0,0.0,True,fragmented_mask,,False,
negative,/mnt/MammoDiffusion/MammoDiffusion/experiments/diffusers/04_sd21_lora/generated_images/final/negative/gen_0979.png,gen_0979.png,139.6868,108.0,3.0,0.10821914672851562,0.9600620395502133,0.10076141357421875,170.77023548118422,19.10475574959435,4.981084152894531,447.9259338378906,0.0,0.0,True,too_empty,,False,
negative,/mnt/MammoDiffusion/MammoDiffusion/experiments/diffusers/04_sd21_lora/generated_images/final/negative/gen_0980.png,gen_0980.png,109.5824,69.0,4.0,0.2228240966796875,0.8160651920838184,0.16184616088867188,167.72253517807056,44.17945192696918,6.532751388394606,1548.8663330078125,0.0,0.0,False,,-76.0113708831583,False,
negative,/mnt/MammoDiffusion/MammoDiffusion/experiments/diffusers/04_sd21_lora/generated_images/final/negative/gen_0981.png,gen_0981.png,143.6868,112.0,3.0,0.06009674072265625,0.9061190808683509,0.052211761474609375,176.38196829107912,20.003267559799195,4.51693122490573,512.20263671875,0.0,0.0,True,too_empty,,False,
negative,/mnt/MammoDiffusion/MammoDiffusion/experiments/diffusers/04_sd21_lora/generated_images/final/negative/gen_0982.png,gen_0982.png,130.478,81.0,5.0,0.16969680786132812,0.6259862875126447,0.0608673095703125,203.86650789671597,30.1093536979632,6.3396007096504405,964.9047241210938,0.0,0.0,True,too_empty,,False,
negative,/mnt/MammoDiffusion/MammoDiffusion/experiments/diffusers/04_sd21_lora/generated_images/final/negative/gen_0983.png,gen_0983.png,204.0,194.0,4.0,0.0404052734375,0.2081759818731118,0.008380889892578125,214.88529813381885,10.038956779588698,6.477405772990491,979.6953125,0.0,0.0,True,too_empty,,False,
negative,/mnt/MammoDiffusion/MammoDiffusion/experiments/diffusers/04_sd21_lora/generated_images/final/negative/gen_0984.png,gen_0984.png,145.7912,123.0,2.0,0.18518829345703125,0.8571046018209533,0.16650772094726562,182.68427684483035,28.833858887456255,5.5741729286291815,834.0233764648438,0.0,0.0,False,,-59.200675282672435,False,
negative,/mnt/MammoDiffusion/MammoDiffusion/experiments/diffusers/04_sd21_lora/generated_images/final/negative/gen_0985.png,gen_0985.png,113.7912,91.0,2.0,0.174957275390625,0.9174733996162567,0.17641830444335938,164.50714640949684,46.87700980922545,5.431526922390234,688.7452392578125,0.0,0.0,False,,-35.45883608090568,False,
negative,/mnt/MammoDiffusion/MammoDiffusion/experiments/diffusers/04_sd21_lora/generated_images/final/negative/gen_0986.png,gen_0986.png,179.478,130.0,5.0,0.06616973876953125,0.6512164187708982,0.044647216796875,198.26384142173615,17.365824996038477,6.827441371188016,1006.6810913085938,0.0,0.0,True,too_empty,,False,
negative,/mnt/MammoDiffusion/MammoDiffusion/experiments/diffusers/04_sd21_lora/generated_images/final/negative/gen_0987.png,gen_0987.png,179.85160000000002,77.0,11.0,0.13875579833984375,0.6062847088579755,0.08108901977539062,213.9804299760079,18.823674135218976,7.177686254753595,760.286865234375,0.0,0.0,True,too_empty,,False,
negative,/mnt/MammoDiffusion/MammoDiffusion/experiments/diffusers/04_sd21_lora/generated_images/final/negative/gen_0988.png,gen_0988.png,101.5824,61.0,4.0,0.2481231689453125,0.9032501076194576,0.2810516357421875,149.40355068136165,52.47852019244514,6.249547718453322,1032.587158203125,0.0,0.0,False,,-41.32384590601874,False,
negative,/mnt/MammoDiffusion/MammoDiffusion/experiments/diffusers/04_sd21_lora/generated_images/final/negative/gen_0989.png,gen_0989.png,75.7912,53.0,2.0,0.38587188720703125,0.9816418530161931,0.4266014099121094,133.89696059232233,55.39646322937906,6.4422304185790935,1126.1536865234375,0.0,0.0,False,,-11.316902725190586,True,646.0
negative,/mnt/MammoDiffusion/MammoDiffusion/experiments/diffusers/04_sd21_lora/generated_images/final/negative/gen_0990.png,gen_0990.png,132.7912,110.0,2.0,0.14104461669921875,0.42064694109374157,0.11816024780273438,178.6080387409201,32.525299123580744,5.471542334387964,538.51904296875,0.0,0.0,True,fragmented_mask,,False,
negative,/mnt/MammoDiffusion/MammoDiffusion/experiments/diffusers/04_sd21_lora/generated_images/final/negative/gen_0991.png,gen_0991.png,98.5824,58.0,4.0,0.233428955078125,0.9213786115832135,0.25559234619140625,156.05575952956627,54.12330573928847,6.422567842328748,1581.1146240234375,0.0,0.0,False,,-35.69719775939844,False,
negative,/mnt/MammoDiffusion/MammoDiffusion/experiments/diffusers/04_sd21_lora/generated_images/final/negative/gen_0992.png,gen_0992.png,220.0,235.0,19.0,0.2156982421875,0.6483092812676854,0.13842010498046875,253.02618089621342,7.863944486639917,6.9505762351308995,1386.8177490234375,0.0,0.0,True,fragmented_mask,,False,
negative,/mnt/MammoDiffusion/MammoDiffusion/experiments/diffusers/04_sd21_lora/generated_images/final/negative/gen_0993.png,gen_0993.png,107.0,98.0,2.0,0.04807281494140625,0.5761783843834312,0.025363922119140625,197.8790795608362,22.83427770318861,4.382453733287459,460.6860656738281,0.0,0.0,True,too_empty,,False,
negative,/mnt/MammoDiffusion/MammoDiffusion/experiments/diffusers/04_sd21_lora/generated_images/final/negative/gen_0994.png,gen_0994.png,119.6868,88.0,3.0,0.16174697875976562,0.8131883681988632,0.13562774658203125,171.8803228891264,36.46707409730832,5.791331055018227,725.896484375,0.0,0.0,False,,-75.51265718224518,False,
negative,/mnt/MammoDiffusion/MammoDiffusion/experiments/diffusers/04_sd21_lora/generated_images/final/negative/gen_0995.png,gen_0995.png,79.5824,39.0,4.0,0.4247016906738281,0.9525387800562277,0.4499015808105469,140.13061837051356,57.613176516992006,7.023624700398872,1477.4697265625,0.0,0.0,False,,-23.704758745602845,True,1131.0
negative,/mnt/MammoDiffusion/MammoDiffusion/experiments/diffusers/04_sd21_lora/generated_images/final/negative/gen_0996.png,gen_0996.png,34.8956,21.0,1.0,0.6590805053710938,0.9978468982601549,0.65399169921875,125.74657022865142,45.61555407772254,6.805040013094725,731.4277954101562,0.0,0.0,False,,-5.816899327670528,True,54.0
negative,/mnt/MammoDiffusion/MammoDiffusion/experiments/diffusers/04_sd21_lora/generated_images/final/negative/gen_0997.png,gen_0997.png,139.6868,108.0,3.0,0.180450439453125,0.523888043294436,0.09416580200195312,189.4384849098643,26.206039099567384,6.135052736201958,1064.809326171875,0.0,0.0,True,too_empty,,False,
negative,/mnt/MammoDiffusion/MammoDiffusion/experiments/diffusers/04_sd21_lora/generated_images/final/negative/gen_0998.png,gen_0998.png,52.6868,21.0,3.0,0.4268836975097656,0.9921987400026808,0.4505119323730469,129.24741107037318,61.009405588191306,6.661446918053233,1418.6488037109375,0.0,0.0,False,,-8.266803136014047,True,317.0
negative,/mnt/MammoDiffusion/MammoDiffusion/experiments/diffusers/04_sd21_lora/generated_images/final/negative/gen_0999.png,gen_0999.png,127.0,120.0,2.0,0.041439056396484375,0.41286937310135324,0.014404296875,192.463718220339,28.052590543028955,3.8383482741022235,315.4637451171875,0.0,0.0,True,too_empty,,False,
negative,/mnt/MammoDiffusion/MammoDiffusion/experiments/diffusers/04_sd21_lora/generated_images/final/negative/gen_1000.png,gen_1000.png,96.47800000000001,47.0,5.0,0.21625518798828125,0.9250308696419122,0.2359161376953125,150.59865144557273,54.22580349630645,6.631277051846938,2142.79345703125,0.0,0.0,False,,-35.27627808908162,False,
negative,/mnt/MammoDiffusion/MammoDiffusion/experiments/diffusers/04_sd21_lora/generated_images/final/negative/gen_1001.png,gen_1001.png,124.7912,102.0,2.0,0.22230911254882812,0.8596358769325806,0.194549560546875,159.6515294117647,32.46721392441675,5.945263009640077,805.595947265625,0.0,0.0,False,,-57.72692124531192,False,
negative,/mnt/MammoDiffusion/MammoDiffusion/experiments/diffusers/04_sd21_lora/generated_images/final/negative/gen_1002.png,gen_1002.png,142.7912,120.0,2.0,0.17184829711914062,0.954405203223157,0.19215774536132812,172.99866992237907,32.5717918283717,4.977596390640784,426.91619873046875,0.0,0.0,False,,-21.395992878492045,True,1058.0
negative,/mnt/MammoDiffusion/MammoDiffusion/experiments/diffusers/04_sd21_lora/generated_images/final/negative/gen_1003.png,gen_1003.png,45.8956,32.0,1.0,0.6519584655761719,0.9965595323772578,0.6815757751464844,116.1972508129467,57.01764051330354,7.102989220870504,1313.03955078125,0.0,0.0,False,,-7.96171817329966,True,264.0
negative,/mnt/MammoDiffusion/MammoDiffusion/experiments/diffusers/04_sd21_lora/generated_images/final/negative/gen_1004.png,gen_1004.png,101.7912,79.0,2.0,0.18654251098632812,0.9612686857119487,0.21239852905273438,146.65164604249358,51.108505159862034,5.222719946651184,704.5187377929688,0.0,0.0,False,,-18.34554195974426,True,948.0
negative,/mnt/MammoDiffusion/MammoDiffusion/experiments/diffusers/04_sd21_lora/generated_images/final/negative/gen_1005.png,gen_1005.png,94.5824,54.0,4.0,0.31610107421875,0.9580034755744352,0.29718780517578125,155.1334428670449,53.17820733652878,6.695220346177187,1428.0087890625,0.0,0.0,False,,-21.47970311298044,True,1059.0
negative,/mnt/MammoDiffusion/MammoDiffusion/experiments/diffusers/04_sd21_lora/generated_images/final/negative/gen_1006.png,gen_1006.png,48.8956,35.0,1.0,0.6869850158691406,0.9973457568202388,0.7027549743652344,114.40977510951402,49.74133120183032,6.893465259204027,982.177734375,0.0,0.0,False,,-6.766802222733028,True,125.0
negative,/mnt/MammoDiffusion/MammoDiffusion/experiments/diffusers/04_sd21_lora/generated_images/final/negative/gen_1007.png,gen_1007.png,49.6868,18.0,3.0,0.6653594970703125,0.9957860337117304,0.6674156188964844,133.60515320732287,50.4893129961278,7.425773035526976,1634.3551025390625,0.0,0.0,False,,-8.814267434581964,True,396.0
negative,/mnt/MammoDiffusion/MammoDiffusion/experiments/diffusers/04_sd21_lora/generated_images/final/negative/gen_1008.png,gen_1008.png,111.7912,89.0,2.0,0.1835784912109375,0.9498379187099991,0.18106842041015625,158.19083133190074,45.31123879036031,5.440167324786769,869.7389526367188,0.0,0.0,False,,-23.188829582561446,True,1117.0
negative,/mnt/MammoDiffusion/MammoDiffusion/experiments/diffusers/04_sd21_lora/generated_images/final/negative/gen_1009.png,gen_1009.png,115.6868,84.0,3.0,0.2679862976074219,0.9857226231655065,0.3154754638671875,165.21194679564692,47.33442637396111,6.044362056695769,808.970458984375,0.0,0.0,False,,-9.328130753751946,True,461.0
negative,/mnt/MammoDiffusion/MammoDiffusion/experiments/diffusers/04_sd21_lora/generated_images/final/negative/gen_1010.png,gen_1010.png,136.0,119.0,4.0,0.04984283447265625,0.9152762896066126,0.0411224365234375,185.5081632653061,27.515929408416607,5.143554328435888,1123.0755615234375,0.0,0.0,True,too_empty,,False,
negative,/mnt/MammoDiffusion/MammoDiffusion/experiments/diffusers/04_sd21_lora/generated_images/final/negative/gen_1011.png,gen_1011.png,64.8956,51.0,1.0,0.44232177734375,0.9971367462398234,0.469451904296875,122.56737144900214,50.7515381985664,5.915843028016144,852.5244750976562,0.0,0.0,False,,-4.468756228730982,True,16.0
negative,/mnt/MammoDiffusion/MammoDiffusion/experiments/diffusers/04_sd21_lora/generated_images/final/negative/gen_1012.png,gen_1012.png,50.5824,10.0,4.0,0.5349388122558594,0.9978464105654242,0.52972412109375,152.51837769328264,36.29596615454425,6.8634833367001065,843.5130615234375,0.0,0.0,False,,-5.4588258259089155,True,33.0
negative,/mnt/MammoDiffusion/MammoDiffusion/experiments/diffusers/04_sd21_lora/generated_images/final/negative/gen_1013.png,gen_1013.png,162.3736,104.0,6.0,0.1098175048828125,0.49225371682645547,0.05052947998046875,210.61173184357543,22.205487119780738,6.306966583533891,2264.38525390625,0.0,0.0,True,too_empty,,False,
negative,/mnt/MammoDiffusion/MammoDiffusion/experiments/diffusers/04_sd21_lora/generated_images/final/negative/gen_1014.png,gen_1014.png,103.7912,81.0,2.0,0.3473777770996094,0.9575019492000044,0.39675140380859375,151.4746456935177,51.205693090059,6.023135522017258,838.408447265625,0.0,0.0,False,,-19.621762346197347,True,994.0
negative,/mnt/MammoDiffusion/MammoDiffusion/experiments/diffusers/04_sd21_lora/generated_images/final/negative/gen_1015.png,gen_1015.png,86.7912,64.0,2.0,0.2595481872558594,0.9823924513881744,0.3048057556152344,138.39248839217552,54.91901124129489,5.713328564234692,863.8875732421875,0.0,0.0,False,,-10.393081862019654,True,574.0
negative,/mnt/MammoDiffusion/MammoDiffusion/experiments/diffusers/04_sd21_lora/generated_images/final/negative/gen_1016.png,gen_1016.png,109.5824,69.0,4.0,0.19863510131835938,0.9001555568358587,0.21947097778320312,155.3373020701163,55.157888687632074,6.1464982470072105,1484.9998779296875,0.0,0.0,False,,-43.67576802034846,False,
negative,/mnt/MammoDiffusion/MammoDiffusion/experiments/diffusers/04_sd21_lora/generated_images/final/negative/gen_1017.png,gen_1017.png,79.5824,39.0,4.0,0.24308395385742188,0.9868022535034446,0.2785682678222656,149.80717562478603,60.58093856676845,6.488296958764614,2035.4058837890625,0.0,0.0,False,,-11.61382200699644,True,671.0
negative,/mnt/MammoDiffusion/MammoDiffusion/experiments/diffusers/04_sd21_lora/generated_images/final/negative/gen_1018.png,gen_1018.png,136.7912,114.0,2.0,0.182342529296875,0.8020711297071129,0.15333175659179688,175.42719243687026,34.19416387130604,5.8981103763721565,660.010498046875,0.0,0.0,False,,-79.88577224448223,False,
negative,/mnt/MammoDiffusion/MammoDiffusion/experiments/diffusers/04_sd21_lora/generated_images/final/negative/gen_1019.png,gen_1019.png,118.6868,87.0,3.0,0.23933792114257812,0.8985671251653624,0.22815704345703125,162.71992977762915,35.70363051047575,6.177756101685601,777.2599487304688,0.0,0.0,False,,-42.76675196601049,False,
negative,/mnt/MammoDiffusion/MammoDiffusion/experiments/diffusers/04_sd21_lora/generated_images/final/negative/gen_1020.png,gen_1020.png,100.5824,60.0,4.0,0.23631668090820312,0.9186104699026618,0.29042816162109375,145.52432553130006,57.52517148943547,6.380388758198045,1470.078369140625,0.0,0.0,False,,-36.32710664085439,False,
negative,/mnt/MammoDiffusion/MammoDiffusion/experiments/diffusers/04_sd21_lora/generated_images/final/negative/gen_1021.png,gen_1021.png,126.7912,104.0,2.0,0.23069381713867188,0.9604795369987598,0.2733650207519531,165.57932487685073,45.38203429884559,5.522301160135683,811.357177734375,0.0,0.0,False,,-18.653428212669507,True,958.0
negative,/mnt/MammoDiffusion/MammoDiffusion/experiments/diffusers/04_sd21_lora/generated_images/final/negative/gen_1022.png,gen_1022.png,122.6868,91.0,3.0,0.16769790649414062,0.5203020859398103,0.14743423461914062,167.380268570985,42.96851053307572,5.8072243426820505,943.8196411132812,0.0,0.0,True,fragmented_mask,,False,
negative,/mnt/MammoDiffusion/MammoDiffusion/experiments/diffusers/04_sd21_lora/generated_images/final/negative/gen_1023.png,gen_1023.png,138.7912,116.0,2.0,0.052089691162109375,0.9845477846942512,0.04735565185546875,178.17399710004833,18.06114457367229,4.52639187031924,491.8614196777344,0.0,0.0,True,too_empty,,False,
negative,/mnt/MammoDiffusion/MammoDiffusion/experiments/diffusers/04_sd21_lora/generated_images/final/negative/gen_1024.png,gen_1024.png,50.6868,19.0,3.0,0.5265350341796875,0.993878053728229,0.5471839904785156,123.1687453378044,56.990365022202376,7.055444289686631,1965.04931640625,0.0,0.0,False,,-9.01829856749753,True,420.0
negative,/mnt/MammoDiffusion/MammoDiffusion/experiments/diffusers/04_sd21_lora/generated_images/final/negative/gen_1025.png,gen_1025.png,128.0,118.0,2.0,0.04248809814453125,0.8245645537798527,0.031597137451171875,181.74840033804176,27.02810782084614,4.472288446597674,542.954345703125,0.0,0.0,True,too_empty,,False,
negative,/mnt/MammoDiffusion/MammoDiffusion/experiments/diffusers/04_sd21_lora/generated_images/final/negative/gen_1026.png,gen_1026.png,220.0,115.0,57.0,0.06329727172851562,0.4510938347495932,0.0272369384765625,254.32535014005603,2.5575507920415834,6.9223564592433195,804.0396118164062,0.0,0.0,True,too_empty,,False,
negative,/mnt/MammoDiffusion/MammoDiffusion/experiments/diffusers/04_sd21_lora/generated_images/final/negative/gen_1027.png,gen_1027.png,124.7912,102.0,2.0,0.14688873291015625,0.7011374850672623,0.11686325073242188,169.2468092051575,34.81333509111803,5.30156472494252,543.5114135742188,0.0,0.0,True,fragmented_mask,,False,
negative,/mnt/MammoDiffusion/MammoDiffusion/experiments/diffusers/04_sd21_lora/generated_images/final/negative/gen_1028.png,gen_1028.png,37.6868,6.0,3.0,0.6571731567382812,0.9969525291106028,0.6596412658691406,127.04810867390312,50.15926397836105,7.281354660483096,1490.013916015625,0.0,0.0,False,,-7.872219313660956,True,250.0
negative,/mnt/MammoDiffusion/MammoDiffusion/experiments/diffusers/04_sd21_lora/generated_images/final/negative/gen_1029.png,gen_1029.png,101.7912,79.0,2.0,0.24138641357421875,0.852255128164607,0.18371200561523438,166.89931269336986,48.4119432328525,5.88964803180871,885.263916015625,0.0,0.0,False,,-60.91933012126478,False,
negative,/mnt/MammoDiffusion/MammoDiffusion/experiments/diffusers/04_sd21_lora/generated_images/final/negative/gen_1030.png,gen_1030.png,49.5824,9.0,4.0,0.5248832702636719,0.9900069043206512,0.5567512512207031,125.2316288566554,61.36732961087538,7.351451521427258,2583.594482421875,0.0,0.0,False,,-11.895417221814373,True,683.0
negative,/mnt/MammoDiffusion/MammoDiffusion/experiments/diffusers/04_sd21_lora/generated_images/final/negative/gen_1031.png,gen_1031.png,57.5824,17.0,4.0,0.4824066162109375,0.9933022299541356,0.51611328125,126.15896257095554,55.455404761109115,7.21117249810066,1944.537841796875,0.0,0.0,False,,-9.101584123269244,True,428.0
negative,/mnt/MammoDiffusion/MammoDiffusion/experiments/diffusers/04_sd21_lora/generated_images/final/negative/gen_1032.png,gen_1032.png,60.6868,29.0,3.0,0.4149360656738281,0.9946677943975067,0.4121131896972656,154.91757148278768,45.24235051516584,6.685618429605567,1357.39697265625,0.0,0.0,False,,-6.612726928962535,True,109.0
negative,/mnt/MammoDiffusion/MammoDiffusion/experiments/diffusers/04_sd21_lora/generated_images/final/negative/gen_1033.png,gen_1033.png,85.6868,54.0,3.0,0.3184242248535156,0.9821858565044984,0.3678550720214844,144.84683348715663,57.779198239459994,6.5396583634329,1638.406982421875,0.0,0.0,False,,-12.04104825250389,True,692.0
negative,/mnt/MammoDiffusion/MammoDiffusion/experiments/diffusers/04_sd21_lora/generated_images/final/negative/gen_1034.png,gen_1034.png,34.7912,12.0,2.0,0.4952659606933594,0.9944235198065177,0.5037193298339844,116.09325467447196,61.01532214383654,6.7310250737735045,1849.857421875,0.0,0.0,False,,-8.182420669187636,True,303.0
negative,/mnt/MammoDiffusion/MammoDiffusion/experiments/diffusers/04_sd21_lora/generated_images/final/negative/gen_1035.png,gen_1035.png,188.0,169.0,7.0,0.04952239990234375,0.4438453242951779,0.023075103759765625,203.3334435443875,14.795439041396138,7.264456573704883,1272.6435546875,0.0,0.0,True,too_empty,,False,
negative,/mnt/MammoDiffusion/MammoDiffusion/experiments/diffusers/04_sd21_lora/generated_images/final/negative/gen_1036.png,gen_1036.png,107.6868,76.0,3.0,0.2759132385253906,0.910063736537212,0.26595306396484375,154.83189420235806,48.21336698308588,6.227427748766923,771.54443359375,0.0,0.0,False,,-38.34101367911773,False,
negative,/mnt/MammoDiffusion/MammoDiffusion/experiments/diffusers/04_sd21_lora/generated_images/final/negative/gen_1037.png,gen_1037.png,117.5824,77.0,4.0,0.2605857849121094,0.9206130784207521,0.2990264892578125,157.51792366178498,47.058862979267296,6.518088778554474,1258.3206787109375,0.0,0.0,False,,-34.992299882132166,False,
negative,/mnt/MammoDiffusion/MammoDiffusion/experiments/diffusers/04_sd21_lora/generated_images/final/negative/gen_1038.png,gen_1038.png,102.5824,62.0,4.0,0.28252410888671875,0.8075396289595204,0.2607460021972656,155.5370649422849,50.45663680768441,6.781167542575168,1539.3055419921875,0.0,0.0,False,,-78.89971617062086,False,
negative,/mnt/MammoDiffusion/MammoDiffusion/experiments/diffusers/04_sd21_lora/generated_images/final/negative/gen_1039.png,gen_1039.png,35.6868,4.0,3.0,0.6894378662109375,0.9949649204346768,0.7349586486816406,101.08395920379934,57.1988136589835,7.397639922773534,2018.7579345703125,0.0,0.0,False,,-9.85779082997876,True,518.0
negative,/mnt/MammoDiffusion/MammoDiffusion/experiments/diffusers/04_sd21_lora/generated_images/final/negative/gen_1040.png,gen_1040.png,104.7912,82.0,2.0,0.18416595458984375,0.9576618749741083,0.198028564453125,152.61097626752968,47.857921569904335,5.566527017495183,951.2138671875,0.0,0.0,False,,-20.35964193815368,True,1026.0
negative,/mnt/MammoDiffusion/MammoDiffusion/experiments/diffusers/04_sd21_lora/generated_images/final/negative/gen_1041.png,gen_1041.png,90.8956,77.0,1.0,0.36431884765625,0.9976964315630759,0.3719673156738281,150.407264970413,41.55972160013361,5.73528186105746,553.692626953125,0.0,0.0,False,,-3.6007883718525213,True,1.0
negative,/mnt/MammoDiffusion/MammoDiffusion/experiments/diffusers/04_sd21_lora/generated_images/final/negative/gen_1042.png,gen_1042.png,50.7912,28.0,2.0,0.4806785583496094,0.9635655162014809,0.5159378051757812,118.55480961182994,58.58313739178114,6.773505225847579,1555.462890625,0.0,0.0,False,,-19.53132798245458,True,988.0
negative,/mnt/MammoDiffusion/MammoDiffusion/experiments/diffusers/04_sd21_lora/generated_images/final/negative/gen_1043.png,gen_1043.png,72.7912,50.0,2.0,0.2893409729003906,0.9470131445371726,0.3398704528808594,122.99143610752567,57.96480278615388,6.100752881635841,1438.87158203125,0.0,0.0,False,,-24.565403533571846,True,1154.0
negative,/mnt/MammoDiffusion/MammoDiffusion/experiments/diffusers/04_sd21_lora/generated_images/final/negative/gen_1044.png,gen_1044.png,220.0,253.0,0.0,0.4106941223144531,0.9741689191071976,0.3911895751953125,249.8327027343293,26.275552659304417,5.577463349213728,1420.329345703125,0.0,0.0,False,,-15.434572819563261,True,858.0
negative,/mnt/MammoDiffusion/MammoDiffusion/experiments/diffusers/04_sd21_lora/generated_images/final/negative/gen_1045.png,gen_1045.png,52.6868,21.0,3.0,0.6409759521484375,0.9851393815316495,0.6677169799804688,125.7583267633314,56.68400801544768,7.277299427231256,1296.10498046875,0.0,0.0,False,,-12.476664671232841,True,715.0
negative,/mnt/MammoDiffusion/MammoDiffusion/experiments/diffusers/04_sd21_lora/generated_images/final/negative/gen_1046.png,gen_1046.png,145.6868,114.0,3.0,0.14093780517578125,0.8532723434201267,0.10861587524414062,170.39893934604714,12.559912190458101,4.90126231079765,294.97491455078125,0.0,0.0,True,too_empty,,False,
negative,/mnt/MammoDiffusion/MammoDiffusion/experiments/diffusers/04_sd21_lora/generated_images/final/negative/gen_1047.png,gen_1047.png,220.0,89.0,20.0,0.058628082275390625,0.6887240549157395,0.0370330810546875,254.51895344046147,2.984017179180496,6.6695708906179,781.617431640625,0.0,0.0,True,too_empty,,False,
negative,/mnt/MammoDiffusion/MammoDiffusion/experiments/diffusers/04_sd21_lora/generated_images/final/negative/gen_1048.png,gen_1048.png,146.7912,124.0,2.0,0.06904220581054688,0.9876788772860379,0.06394577026367188,183.80874545129154,19.791155675770206,4.659583834627933,403.9010009765625,0.0,0.0,True,too_empty,,False,
negative,/mnt/MammoDiffusion/MammoDiffusion/experiments/diffusers/04_sd21_lora/generated_images/final/negative/gen_1049.png,gen_1049.png,220.0,254.0,1.0,0.4320487976074219,0.9186907883700192,0.3965873718261719,252.9724902128642,18.66928096394688,5.747072116620453,1914.6688232421875,0.0,0.0,False,,-37.78629693250008,False,
negative,/mnt/MammoDiffusion/MammoDiffusion/experiments/diffusers/04_sd21_lora/generated_images/final/negative/gen_1050.png,gen_1050.png,220.0,223.0,31.0,0.15212631225585938,0.4792246545801048,0.068878173828125,254.07199822773595,1.9865576490158787,7.084039516118809,928.5736694335938,0.0,0.0,True,too_empty,,False,
negative,/mnt/MammoDiffusion/MammoDiffusion/experiments/diffusers/04_sd21_lora/generated_images/final/negative/gen_1051.png,gen_1051.png,77.8956,64.0,1.0,0.420562744140625,0.9981677672157317,0.4303169250488281,138.54201498160543,44.825219244379355,5.922549313464835,567.9613647460938,0.0,0.0,False,,-3.73425602136978,True,4.0
negative,/mnt/MammoDiffusion/MammoDiffusion/experiments/diffusers/04_sd21_lora/generated_images/final/negative/gen_1052.png,gen_1052.png,103.8956,90.0,1.0,0.2286529541015625,0.9536036036036036,0.24605941772460938,157.0326031347379,49.28020166650238,5.222248439221781,508.9604187011719,0.0,0.0,False,,-21.33862903504995,True,1055.0
negative,/mnt/MammoDiffusion/MammoDiffusion/experiments/diffusers/04_sd21_lora/generated_images/final/negative/gen_1053.png,gen_1053.png,126.7912,104.0,2.0,0.16919708251953125,0.47096090544257563,0.13494873046875,188.7644448213478,35.61672754560242,5.168279376000595,977.0604858398438,0.0,0.0,True,fragmented_mask,,False,
negative,/mnt/MammoDiffusion/MammoDiffusion/experiments/diffusers/04_sd21_lora/generated_images/final/negative/gen_1054.png,gen_1054.png,142.7912,120.0,2.0,0.1504058837890625,0.48942375976463426,0.0718994140625,203.85223896434636,25.66062162954909,5.309282331377064,753.7415161132812,0.0,0.0,True,too_empty,,False,
negative,/mnt/MammoDiffusion/MammoDiffusion/experiments/diffusers/04_sd21_lora/generated_images/final/negative/gen_1055.png,gen_1055.png,77.5824,37.0,4.0,0.34578704833984375,0.9678639984114026,0.3776664733886719,135.71264507136146,54.786234303369625,6.666266342569006,1766.26611328125,0.0,0.0,False,,-17.364519516741478,True,924.0
negative,/mnt/MammoDiffusion/MammoDiffusion/experiments/diffusers/04_sd21_lora/generated_images/final/negative/gen_1056.png,gen_1056.png,220.0,225.0,29.0,0.14564895629882812,0.8858856499305937,0.1259765625,251.89543968023256,15.976452392335695,6.9843740805363925,1695.2742919921875,0.0,0.0,False,,-52.7993082172198,False,
negative,/mnt/MammoDiffusion/MammoDiffusion/experiments/diffusers/04_sd21_lora/generated_images/final/negative/gen_1057.png,gen_1057.png,187.0,179.0,3.0,0.04659271240234375,0.6042246602259702,0.031780242919921875,203.23442563917897,16.648033636856777,6.588701531154207,918.3660278320312,0.0,0.0,True,too_empty,,False,
negative,/mnt/MammoDiffusion/MammoDiffusion/experiments/diffusers/04_sd21_lora/generated_images/final/negative/gen_1058.png,gen_1058.png,126.7912,104.0,2.0,0.1096038818359375,0.5698176249477934,0.06099700927734375,178.75209505941214,24.53338309028391,4.957870700765525,663.9188842773438,0.0,0.0,True,too_empty,,False,
negative,/mnt/MammoDiffusion/MammoDiffusion/experiments/diffusers/04_sd21_lora/generated_images/final/negative/gen_1059.png,gen_1059.png,59.8956,46.0,1.0,0.39182281494140625,0.9692544346437681,0.4365653991699219,117.46338351843276,56.723235094794454,6.139568986663404,1209.060791015625,0.0,0.0,False,,-15.720879032216324,True,868.0
negative,/mnt/MammoDiffusion/MammoDiffusion/experiments/diffusers/04_sd21_lora/generated_images/final/negative/gen_1060.png,gen_1060.png,92.7912,70.0,2.0,0.26059722900390625,0.9230904353426823,0.315032958984375,138.5439189189189,55.9816501660099,5.987740859736748,1059.889404296875,0.0,0.0,False,,-33.37827425082017,False,
negative,/mnt/MammoDiffusion/MammoDiffusion/experiments/diffusers/04_sd21_lora/generated_images/final/negative/gen_1061.png,gen_1061.png,20.8956,7.0,1.0,0.7711601257324219,0.9997427716356261,0.7697677612304688,117.30634322810843,53.920696466310616,7.2478182306643415,1455.90380859375,0.0,0.0,False,,-8.251033975823134,True,313.0
negative,/mnt/MammoDiffusion/MammoDiffusion/experiments/diffusers/04_sd21_lora/generated_images/final/negative/gen_1062.png,gen_1062.png,14.0,9.0,0.0,0.7001228332519531,0.9975208818032725,0.7001228332519531,108.40865130521486,64.71446986749275,6.743852060918073,1719.9251708984375,0.0,0.0,False,,-8.235563636565319,True,308.0
negative,/mnt/MammoDiffusion/MammoDiffusion/experiments/diffusers/04_sd21_lora/generated_images/final/negative/gen_1063.png,gen_1063.png,115.6868,84.0,3.0,0.16550827026367188,0.46601516583308367,0.07580184936523438,182.92018519450454,32.652911696023324,5.881100557525087,1162.900634765625,0.0,0.0,True,too_empty,,False,
negative,/mnt/MammoDiffusion/MammoDiffusion/experiments/diffusers/04_sd21_lora/generated_images/final/negative/gen_1064.png,gen_1064.png,96.8956,83.0,1.0,0.3788642883300781,0.992458491496924,0.38466644287109375,160.27646323806502,37.404261885169866,5.746681119967095,514.2205810546875,0.0,0.0,False,,-5.708589188814685,True,42.0
negative,/mnt/MammoDiffusion/MammoDiffusion/experiments/diffusers/04_sd21_lora/generated_images/final/negative/gen_1065.png,gen_1065.png,133.0,125.0,2.0,0.049823760986328125,0.8107342469948702,0.044353485107421875,182.9522662767696,25.29321047032326,4.0815692961786,284.5050354003906,0.0,0.0,True,too_empty,,False,
negative,/mnt/MammoDiffusion/MammoDiffusion/experiments/diffusers/04_sd21_lora/generated_images/final/negative/gen_1066.png,gen_1066.png,86.6868,55.0,3.0,0.2706871032714844,0.9808199100889246,0.2832603454589844,150.07021749377145,55.34879769773907,6.142897601380308,1324.6046142578125,0.0,0.0,False,,-12.339045021822502,True,707.0
negative,/mnt/MammoDiffusion/MammoDiffusion/experiments/diffusers/04_sd21_lora/generated_images/final/negative/gen_1067.png,gen_1067.png,107.7912,85.0,2.0,0.21471023559570312,0.73063871368926,0.19454193115234375,153.62992666379074,46.66760482319018,5.687713208412894,619.710693359375,0.0,0.0,True,fragmented_mask,,False,
negative,/mnt/MammoDiffusion/MammoDiffusion/experiments/diffusers/04_sd21_lora/generated_images/final/negative/gen_1068.png,gen_1068.png,112.47800000000001,63.0,5.0,0.20714187622070312,0.9309036665991418,0.18013763427734375,164.343716911609,51.10158500871515,6.668623752528818,2050.674072265625,0.0,0.0,False,,-33.407326832290146,False,
negative,/mnt/MammoDiffusion/MammoDiffusion/experiments/diffusers/04_sd21_lora/generated_images/final/negative/gen_1069.png,gen_1069.png,28.8956,15.0,1.0,0.5334739685058594,0.9948872696589844,0.5706825256347656,105.83632462349851,66.9091651899754,6.778052516564269,2033.2197265625,0.0,0.0,False,,-8.878674498590192,True,404.0
negative,/mnt/MammoDiffusion/MammoDiffusion/experiments/diffusers/04_sd21_lora/generated_images/final/negative/gen_1070.png,gen_1070.png,68.7912,46.0,2.0,0.4341163635253906,0.995580003690653,0.4561119079589844,136.01137437587295,52.53297905797353,6.658566715353688,1167.585205078125,0.0,0.0,False,,-6.348668761835508,True,90.0
negative,/mnt/MammoDiffusion/MammoDiffusion/experiments/diffusers/04_sd21_lora/generated_images/final/negative/gen_1071.png,gen_1071.png,140.6868,109.0,3.0,0.061336517333984375,0.996206231730829,0.0569610595703125,199.49524511117065,23.848181894953946,5.060633419194477,960.57666015625,0.0,0.0,True,too_empty,,False,
negative,/mnt/MammoDiffusion/MammoDiffusion/experiments/diffusers/04_sd21_lora/generated_images/final/negative/gen_1072.png,gen_1072.png,39.8956,26.0,1.0,0.7046852111816406,0.9974990391330002,0.7265548706054688,111.87547647299724,59.16202181370999,7.03056755307112,1375.7784423828125,0.0,0.0,False,,-7.970323660725864,True,266.0
negative,/mnt/MammoDiffusion/MammoDiffusion/experiments/diffusers/04_sd21_lora/generated_images/final/negative/gen_1073.png,gen_1073.png,109.8956,96.0,1.0,0.25771331787109375,0.8956896296515586,0.31600189208984375,142.06038291605302,44.20749199781342,5.428814226016963,583.0450439453125,0.0,0.0,False,,-42.381941236961,False,
negative,/mnt/MammoDiffusion/MammoDiffusion/experiments/diffusers/04_sd21_lora/generated_images/final/negative/gen_1074.png,gen_1074.png,39.6868,8.0,3.0,0.4859657287597656,0.991074862826058,0.47847747802734375,142.78559355815992,45.50395505443922,6.905241841029195,1467.0927734375,0.0,0.0,False,,-8.556547097956578,True,362.0
negative,/mnt/MammoDiffusion/MammoDiffusion/experiments/diffusers/04_sd21_lora/generated_images/final/negative/gen_1075.png,gen_1075.png,162.8956,149.0,1.0,0.063995361328125,0.9717453505007153,0.057369232177734375,185.39849724050802,9.661189028524682,3.6143705782645865,145.27137756347656,0.0,0.0,True,too_empty,,False,
negative,/mnt/MammoDiffusion/MammoDiffusion/experiments/diffusers/04_sd21_lora/generated_images/final/negative/gen_1076.png,gen_1076.png,156.6868,125.0,3.0,0.10315704345703125,0.9876858220545818,0.09920501708984375,190.09440129200954,19.89159195416427,5.182064300856116,903.918701171875,0.0,0.0,True,too_empty,,False,
negative,/mnt/MammoDiffusion/MammoDiffusion/experiments/diffusers/04_sd21_lora/generated_images/final/negative/gen_1077.png,gen_1077.png,96.8956,83.0,1.0,0.38118743896484375,0.9674258951624202,0.452117919921875,132.99715659804252,42.98483749125135,5.691809111065701,598.4278564453125,0.0,0.0,False,,-15.114022552410919,True,837.0
negative,/mnt/MammoDiffusion/MammoDiffusion/experiments/diffusers/04_sd21_lora/generated_images/final/negative/gen_1078.png,gen_1078.png,215.0,214.0,0.0,0.03739166259765625,0.16159967353601307,0.006908416748046875,223.0745444505798,11.54457274462661,6.387197420435782,975.5601196289062,0.0,0.0,True,too_empty,,False,
negative,/mnt/MammoDiffusion/MammoDiffusion/experiments/diffusers/04_sd21_lora/generated_images/final/negative/gen_1079.png,gen_1079.png,220.0,234.0,20.0,0.23263168334960938,0.4421396126789433,0.100494384765625,253.70581536592772,4.309160104530948,6.882565530690484,1779.947998046875,0.0,0.0,True,too_empty,,False,
negative,/mnt/MammoDiffusion/MammoDiffusion/experiments/diffusers/04_sd21_lora/generated_images/final/negative/gen_1080.png,gen_1080.png,39.7912,17.0,2.0,0.46600341796875,0.9921578258022266,0.485321044921875,126.56110482298938,65.83178195807979,6.698293591311989,1951.2335205078125,0.0,0.0,False,,-9.467933905475315,True,477.0
negative,/mnt/MammoDiffusion/MammoDiffusion/experiments/diffusers/04_sd21_lora/generated_images/final/negative/gen_1081.png,gen_1081.png,134.7912,112.0,2.0,0.1923828125,0.7884874682741116,0.16181182861328125,176.36081380545994,34.919910233503025,5.557421429029114,472.02935791015625,0.0,0.0,False,,-84.92129204832737,False,
negative,/mnt/MammoDiffusion/MammoDiffusion/experiments/diffusers/04_sd21_lora/generated_images/final/negative/gen_1082.png,gen_1082.png,107.6868,76.0,3.0,0.19738006591796875,0.9309845000193266,0.19826126098632812,158.32526504146384,45.142175279498055,6.054167988721615,912.111572265625,0.0,0.0,False,,-30.795923022873225,True,1312.0
negative,/mnt/MammoDiffusion/MammoDiffusion/experiments/diffusers/04_sd21_lora/generated_images/final/negative/gen_1083.png,gen_1083.png,140.8956,127.0,1.0,0.15580368041992188,0.47019073035771125,0.0778045654296875,180.3848793881153,35.03263033395406,4.755263797902716,305.4989013671875,0.0,0.0,True,too_empty,,False,
negative,/mnt/MammoDiffusion/MammoDiffusion/experiments/diffusers/04_sd21_lora/generated_images/final/negative/gen_1084.png,gen_1084.png,99.8956,86.0,1.0,0.2661476135253906,0.9665037480829595,0.28047943115234375,150.39061012430977,44.069713487722396,5.378973056440922,554.4658813476562,0.0,0.0,False,,-15.886500455253444,True,875.0
negative,/mnt/MammoDiffusion/MammoDiffusion/experiments/diffusers/04_sd21_lora/generated_images/final/negative/gen_1085.png,gen_1085.png,137.7912,115.0,2.0,0.09455490112304688,0.8523822971719046,0.0808868408203125,159.99995283908697,19.08943619463532,5.071216719087584,342.08721923828125,0.0,0.0,True,too_empty,,False,
negative,/mnt/MammoDiffusion/MammoDiffusion/experiments/diffusers/04_sd21_lora/generated_images/final/negative/gen_1086.png,gen_1086.png,89.8956,76.0,1.0,0.3024444580078125,0.9418419857726653,0.3379554748535156,142.767622724143,51.47162648966523,5.333533616330228,690.4425048828125,0.0,0.0,False,,-24.901426085894016,True,1162.0
negative,/mnt/MammoDiffusion/MammoDiffusion/experiments/diffusers/04_sd21_lora/generated_images/final/negative/gen_1087.png,gen_1087.png,45.7912,23.0,2.0,0.4834136962890625,0.9874293740727881,0.510894775390625,110.78091959859029,55.676349422062614,6.642465218707359,1356.029296875,0.0,0.0,False,,-9.773474954225247,True,509.0
negative,/mnt/MammoDiffusion/MammoDiffusion/experiments/diffusers/04_sd21_lora/generated_images/final/negative/gen_1088.png,gen_1088.png,96.8956,83.0,1.0,0.2682342529296875,0.9317367313271517,0.29122161865234375,141.68683031620864,46.5647447581545,5.518896189046947,441.25836181640625,0.0,0.0,False,,-29.256151100251103,True,1272.0
negative,/mnt/MammoDiffusion/MammoDiffusion/experiments/diffusers/04_sd21_lora/generated_images/final/negative/gen_1089.png,gen_1089.png,107.6868,76.0,3.0,0.13797378540039062,0.853410379053886,0.13176727294921875,158.4442417926003,52.86367872603276,5.348892389598872,780.9389038085938,0.0,0.0,False,,-60.32627441881183,False,
negative,/mnt/MammoDiffusion/MammoDiffusion/experiments/diffusers/04_sd21_lora/generated_images/final/negative/gen_1090.png,gen_1090.png,103.0,86.0,5.0,0.045879364013671875,0.6488733682547602,0.02552032470703125,172.5168908819133,35.34035788677124,5.11643377852297,1065.766357421875,0.0,0.0,True,too_empty,,False,
negative,/mnt/MammoDiffusion/MammoDiffusion/experiments/diffusers/04_sd21_lora/generated_images/final/negative/gen_1091.png,gen_1091.png,128.6868,97.0,3.0,0.17377471923828125,0.8973964964657329,0.1555023193359375,172.1375968992248,38.2465376922771,5.7298966133902525,964.710205078125,0.0,0.0,False,,-43.59997038435582,False,
negative,/mnt/MammoDiffusion/MammoDiffusion/experiments/diffusers/04_sd21_lora/generated_images/final/negative/gen_1092.png,gen_1092.png,80.5824,40.0,4.0,0.4770851135253906,0.9901491224563227,0.48712158203125,145.18057730860795,44.79949929875195,7.05904327375206,1447.7977294921875,0.0,0.0,False,,-9.074969475563817,True,424.0
negative,/mnt/MammoDiffusion/MammoDiffusion/experiments/diffusers/04_sd21_lora/generated_images/final/negative/gen_1093.png,gen_1093.png,141.478,92.0,5.0,0.13657379150390625,0.42452935590190494,0.1057281494140625,190.57147496031175,34.16360878342521,6.251212768240633,1582.692138671875,0.0,0.0,True,too_empty,,False,
negative,/mnt/MammoDiffusion/MammoDiffusion/experiments/diffusers/04_sd21_lora/generated_images/final/negative/gen_1094.png,gen_1094.png,99.7912,77.0,2.0,0.3893318176269531,0.9423188093395126,0.4090003967285156,149.10888198699834,42.62076147717167,6.212222732952549,724.0250854492188,0.0,0.0,False,,-24.970369621693003,True,1164.0
negative,/mnt/MammoDiffusion/MammoDiffusion/experiments/diffusers/04_sd21_lora/generated_images/final/negative/gen_1095.png,gen_1095.png,150.8956,137.0,1.0,0.11232376098632812,0.7267447784004075,0.08012771606445312,195.02723161152107,21.991717321110812,6.375703842275195,717.8289794921875,0.0,0.0,True,too_empty,,False,
negative,/mnt/MammoDiffusion/MammoDiffusion/experiments/diffusers/04_sd21_lora/generated_images/final/negative/gen_1096.png,gen_1096.png,81.6868,50.0,3.0,0.2620697021484375,0.9783842794759825,0.2923469543457031,144.94806686065476,59.26002999937457,6.303007565757081,1425.216064453125,0.0,0.0,False,,-13.591412368754069,True,766.0
negative,/mnt/MammoDiffusion/MammoDiffusion/experiments/diffusers/04_sd21_lora/generated_images/final/negative/gen_1097.png,gen_1097.png,131.5824,91.0,4.0,0.17171096801757812,0.40343900650923065,0.11815643310546875,185.72841738232066,37.287105780345286,6.39296846327624,1405.09130859375,0.0,0.0,True,fragmented_mask,,False,
negative,/mnt/MammoDiffusion/MammoDiffusion/experiments/diffusers/04_sd21_lora/generated_images/final/negative/gen_1098.png,gen_1098.png,86.5824,46.0,4.0,0.178131103515625,0.9778567757409629,0.19625091552734375,143.09324340084748,53.895820888278884,6.021525940946908,1633.404052734375,0.0,0.0,False,,-14.15732789404405,True,789.0
negative,/mnt/MammoDiffusion/MammoDiffusion/experiments/diffusers/04_sd21_lora/generated_images/final/negative/gen_1099.png,gen_1099.png,75.6868,44.0,3.0,0.36328125,0.994172127016129,0.3914794921875,136.93951707202993,53.31144533840616,6.43485657333964,1186.6964111328125,0.0,0.0,False,,-6.3406531757765965,True,89.0
negative,/mnt/MammoDiffusion/MammoDiffusion/experiments/diffusers/04_sd21_lora/generated_images/final/negative/gen_1100.png,gen_1100.png,140.6868,109.0,3.0,0.10050582885742188,0.994838121987323,0.09672927856445312,182.8865796427022,20.88044284974501,5.05548633347301,725.025634765625,0.0,0.0,True,too_empty,,False,
negative,/mnt/MammoDiffusion/MammoDiffusion/experiments/diffusers/04_sd21_lora/generated_images/final/negative/gen_1101.png,gen_1101.png,123.0,116.0,2.0,0.04931640625,0.8315284653465347,0.0380859375,180.21053685897436,23.10510113090775,3.9410826431740613,236.35108947753906,0.0,0.0,True,too_empty,,False,
negative,/mnt/MammoDiffusion/MammoDiffusion/experiments/diffusers/04_sd21_lora/generated_images/final/negative/gen_1102.png,gen_1102.png,89.6868,58.0,3.0,0.21086502075195312,0.9537420627023898,0.23873519897460938,141.50833293386384,54.670007893767455,5.99186055544416,1374.5767822265625,0.0,0.0,False,,-22.665694708287837,True,1098.0
negative,/mnt/MammoDiffusion/MammoDiffusion/experiments/diffusers/04_sd21_lora/generated_images/final/negative/gen_1103.png,gen_1103.png,91.6868,60.0,3.0,0.5112838745117188,0.9922554651943595,0.557708740234375,144.67136798905608,46.417003770509346,7.041655088576639,1170.7900390625,0.0,0.0,False,,-8.447896248049346,True,342.0
negative,/mnt/MammoDiffusion/MammoDiffusion/experiments/diffusers/04_sd21_lora/generated_images/final/negative/gen_1104.png,gen_1104.png,87.6868,56.0,3.0,0.2667655944824219,0.8934950165162804,0.3291435241699219,136.18412665299073,59.48357074733915,6.470395944369681,1768.0859375,0.0,0.0,False,,-46.00869273635617,False,
negative,/mnt/MammoDiffusion/MammoDiffusion/experiments/diffusers/04_sd21_lora/generated_images/final/negative/gen_1105.png,gen_1105.png,54.5824,14.0,4.0,0.42610931396484375,0.9926232296646434,0.47847747802734375,110.66662680379494,55.39945848109357,6.999183753422264,1920.259033203125,0.0,0.0,False,,-8.618060874786355,True,369.0
negative,/mnt/MammoDiffusion/MammoDiffusion/experiments/diffusers/04_sd21_lora/generated_images/final/negative/gen_1106.png,gen_1106.png,135.0,129.0,2.0,0.045856475830078125,0.6679144829881042,0.028011322021484375,171.78047119705843,13.224746835130082,3.6003884657671588,164.7861785888672,0.0,0.0,True,too_empty,,False,
negative,/mnt/MammoDiffusion/MammoDiffusion/experiments/diffusers/04_sd21_lora/generated_images/final/negative/gen_1107.png,gen_1107.png,220.0,191.0,61.0,0.3346519470214844,0.9264308593705473,0.31809234619140625,246.1807137888854,36.42265158733278,6.079037683461229,2185.352294921875,0.0,0.0,False,,-34.80117349190503,False,
negative,/mnt/MammoDiffusion/MammoDiffusion/experiments/diffusers/04_sd21_lora/generated_images/final/negative/gen_1108.png,gen_1108.png,149.5824,109.0,4.0,0.07616806030273438,0.9281314168377823,0.067718505859375,184.59582018927443,23.375017634349582,5.379035172224542,1069.6754150390625,0.0,0.0,True,too_empty,,False,
negative,/mnt/MammoDiffusion/MammoDiffusion/experiments/diffusers/04_sd21_lora/generated_images/final/negative/gen_1109.png,gen_1109.png,111.6868,80.0,3.0,0.13202667236328125,0.960733891938746,0.15172958374023438,154.61257071024514,51.45566121810802,5.6183725070766,1213.7911376953125,0.0,0.0,False,,-20.127878700840288,True,1013.0
negative,/mnt/MammoDiffusion/MammoDiffusion/experiments/diffusers/04_sd21_lora/generated_images/final/negative/gen_1110.png,gen_1110.png,220.0,248.0,6.0,0.21094894409179688,0.7930703991030579,0.16646194458007812,250.1084859179137,27.06897807751567,6.989626050911447,1335.876220703125,0.0,0.0,False,,-86.64326375919937,False,
negative,/mnt/MammoDiffusion/MammoDiffusion/experiments/diffusers/04_sd21_lora/generated_images/final/negative/gen_1111.png,gen_1111.png,129.0,120.0,2.0,0.0470733642578125,0.8972447325769854,0.0386810302734375,177.73293885601578,25.639048895127807,4.196495746517977,361.2308349609375,0.0,0.0,True,too_empty,,False,
negative,/mnt/MammoDiffusion/MammoDiffusion/experiments/diffusers/04_sd21_lora/generated_images/final/negative/gen_1112.png,gen_1112.png,41.8956,28.0,1.0,0.3875770568847656,0.9904626922963357,0.43398284912109375,111.61265228627182,66.75443726585658,6.097657114889334,1778.131591796875,0.0,0.0,False,,-8.813035040930892,True,394.0
negative,/mnt/MammoDiffusion/MammoDiffusion/experiments/diffusers/04_sd21_lora/generated_images/final/negative/gen_1113.png,gen_1113.png,125.6868,94.0,3.0,0.18262481689453125,0.8165810251911267,0.20377731323242188,164.57713547614145,49.03450242277462,6.123418814541997,1161.88037109375,0.0,0.0,False,,-74.87807214020134,False,
negative,/mnt/MammoDiffusion/MammoDiffusion/experiments/diffusers/04_sd21_lora/generated_images/final/negative/gen_1114.png,gen_1114.png,140.0,131.0,2.0,0.04761505126953125,0.556000640922929,0.023899078369140625,170.92817238627293,13.53564463150517,4.36301996223888,421.621337890625,0.0,0.0,True,too_empty,,False,
negative,/mnt/MammoDiffusion/MammoDiffusion/experiments/diffusers/04_sd21_lora/generated_images/final/negative/gen_1115.png,gen_1115.png,82.47800000000001,33.0,5.0,0.4216194152832031,0.9785206966749604,0.4785270690917969,138.64135902362028,52.824090847633926,7.293449586896655,2157.43896484375,0.0,0.0,False,,-14.886759950503382,True,824.0
negative,/mnt/MammoDiffusion/MammoDiffusion/experiments/diffusers/04_sd21_lora/generated_images/final/negative/gen_1116.png,gen_1116.png,70.7912,48.0,2.0,0.4210700988769531,0.998958154030132,0.42917633056640625,144.40042308854638,49.75956313269481,6.380049178950436,889.3954467773438,0.0,0.0,False,,-4.419143201314323,True,15.0
negative,/mnt/MammoDiffusion/MammoDiffusion/experiments/diffusers/04_sd21_lora/generated_images/final/negative/gen_1117.png,gen_1117.png,139.5824,99.0,4.0,0.12844085693359375,0.4890703890703891,0.061870574951171875,197.81410691164683,28.024509162095054,5.62172204097571,838.2999267578125,0.0,0.0,True,too_empty,,False,
negative,/mnt/MammoDiffusion/MammoDiffusion/experiments/diffusers/04_sd21_lora/generated_images/final/negative/gen_1118.png,gen_1118.png,37.7912,15.0,2.0,0.49657440185546875,0.994238480802618,0.5131263732910156,114.12914736865582,61.28620968727196,6.606626451000741,1811.7752685546875,0.0,0.0,False,,-8.140318249772687,True,298.0
negative,/mnt/MammoDiffusion/MammoDiffusion/experiments/diffusers/04_sd21_lora/generated_images/final/negative/gen_1119.png,gen_1119.png,82.3736,24.0,6.0,0.3467826843261719,0.9524789070148614,0.3365058898925781,146.3320825728634,53.690311849446104,7.288520021353924,2160.343994140625,0.0,0.0,False,,-24.657987801169533,True,1157.0
negative,/mnt/MammoDiffusion/MammoDiffusion/experiments/diffusers/04_sd21_lora/generated_images/final/negative/gen_1120.png,gen_1120.png,82.7912,60.0,2.0,0.3030586242675781,0.9717288690288879,0.3744544982910156,134.4806593249865,60.31234629200452,6.007907970712271,1176.1990966796875,0.0,0.0,False,,-14.854526372050804,True,823.0
negative,/mnt/MammoDiffusion/MammoDiffusion/experiments/diffusers/04_sd21_lora/generated_images/final/negative/gen_1121.png,gen_1121.png,56.5824,16.0,4.0,0.42638397216796875,0.9914828135344534,0.4529457092285156,132.6311006678626,58.40246660233106,7.07313079168964,2245.62841796875,0.0,0.0,False,,-9.920671930763689,True,527.0
negative,/mnt/MammoDiffusion/MammoDiffusion/experiments/diffusers/04_sd21_lora/generated_images/final/negative/gen_1122.png,gen_1122.png,211.0,192.0,12.0,0.044036865234375,0.10923423423423423,0.0041351318359375,238.18634686346863,20.32971662782117,7.0687581579586585,1880.9722900390625,0.0,0.0,True,too_empty,,False,
negative,/mnt/MammoDiffusion/MammoDiffusion/experiments/diffusers/04_sd21_lora/generated_images/final/negative/gen_1123.png,gen_1123.png,106.7912,84.0,2.0,0.3107452392578125,0.9905475079793764,0.3397178649902344,153.90167873785862,42.69295434855881,5.732096807253694,571.2595825195312,0.0,0.0,False,,-6.6275381981795025,True,113.0
negative,/mnt/MammoDiffusion/MammoDiffusion/experiments/diffusers/04_sd21_lora/generated_images/final/negative/gen_1124.png,gen_1124.png,130.0,117.0,2.0,0.04978179931640625,0.9320306513409962,0.043033599853515625,161.90311142629199,13.794826361998018,4.420397705368492,419.91790771484375,0.0,0.0,True,too_empty,,False,
negative,/mnt/MammoDiffusion/MammoDiffusion/experiments/diffusers/04_sd21_lora/generated_images/final/negative/gen_1125.png,gen_1125.png,197.0,180.0,6.0,0.049007415771484375,0.46228691523312837,0.022914886474609375,217.3133011486599,13.815741289597616,6.7861267507641365,1781.2337646484375,0.0,0.0,True,too_empty,,False,
negative,/mnt/MammoDiffusion/MammoDiffusion/experiments/diffusers/04_sd21_lora/generated_images/final/negative/gen_1126.png,gen_1126.png,111.8956,98.0,1.0,0.20941543579101562,0.969287939231652,0.21440887451171875,153.47644379603602,33.72788978892202,4.944327503964027,419.5208435058594,0.0,0.0,False,,-15.17485904207435,True,845.0
negative,/mnt/MammoDiffusion/MammoDiffusion/experiments/diffusers/04_sd21_lora/generated_images/final/negative/gen_1127.png,gen_1127.png,220.0,230.0,18.0,0.4445915222167969,0.9429071533372803,0.4163780212402344,246.78898956491466,16.389601350241886,6.046521452741372,2020.5599365234375,0.0,0.0,False,,-29.139219799578516,True,1271.0
negative,/mnt/MammoDiffusion/MammoDiffusion/experiments/diffusers/04_sd21_lora/generated_images/final/negative/gen_1128.png,gen_1128.png,87.5824,47.0,4.0,0.3207206726074219,0.9109247695509961,0.31685638427734375,159.10515036960342,55.60964711962015,6.750211880161645,1086.936767578125,0.0,0.0,False,,-39.00500536531936,False,
negative,/mnt/MammoDiffusion/MammoDiffusion/experiments/diffusers/04_sd21_lora/generated_images/final/negative/gen_1129.png,gen_1129.png,59.7912,37.0,2.0,0.38767242431640625,0.9850136776021884,0.40041351318359375,131.02642760512927,58.31404181334455,6.4661581621957325,1511.3831787109375,0.0,0.0,False,,-10.498918582122329,True,583.0
negative,/mnt/MammoDiffusion/MammoDiffusion/experiments/diffusers/04_sd21_lora/generated_images/final/negative/gen_1130.png,gen_1130.png,89.7912,67.0,2.0,0.2528266906738281,0.9375952442023628,0.272674560546875,144.0017907106883,55.547227516429814,5.78833417088275,1254.6474609375,0.0,0.0,False,,-28.322843894203373,True,1251.0
negative,/mnt/MammoDiffusion/MammoDiffusion/experiments/diffusers/04_sd21_lora/generated_images/final/negative/gen_1131.png,gen_1131.png,78.6868,47.0,3.0,0.4011573791503906,0.9865539506090661,0.46012115478515625,130.64129731880814,53.54478926524082,6.7572790409127785,1406.7841796875,0.0,0.0,False,,-10.161839779202094,True,550.0
negative,/mnt/MammoDiffusion/MammoDiffusion/experiments/diffusers/04_sd21_lora/generated_images/final/negative/gen_1132.png,gen_1132.png,162.0,152.0,4.0,0.047943115234375,0.7267663908338637,0.0348358154296875,178.9844502847131,11.95301152194548,6.53526993024688,548.6951293945312,0.0,0.0,True,too_empty,,False,
negative,/mnt/MammoDiffusion/MammoDiffusion/experiments/diffusers/04_sd21_lora/generated_images/final/negative/gen_1133.png,gen_1133.png,116.7912,94.0,2.0,0.16009521484375,0.8952773541746092,0.13934707641601562,166.4470968271784,39.319828243022826,5.368360277633851,602.4003295898438,0.0,0.0,False,,-43.819996535276104,False,
negative,/mnt/MammoDiffusion/MammoDiffusion/experiments/diffusers/04_sd21_lora/generated_images/final/negative/gen_1134.png,gen_1134.png,127.5824,87.0,4.0,0.1483001708984375,0.919178927873238,0.1440582275390625,184.9988348691876,41.83909095010234,5.820972181157931,1333.557373046875,0.0,0.0,False,,-36.29478230611557,False,
negative,/mnt/MammoDiffusion/MammoDiffusion/experiments/diffusers/04_sd21_lora/generated_images/final/negative/gen_1135.png,gen_1135.png,23.8956,10.0,1.0,0.5765762329101562,0.9939793312426396,0.5743179321289062,120.8658952933831,59.218418617555066,6.841058579569139,1577.76123046875,0.0,0.0,False,,-8.546750882795314,True,359.0
negative,/mnt/MammoDiffusion/MammoDiffusion/experiments/diffusers/04_sd21_lora/generated_images/final/negative/gen_1136.png,gen_1136.png,136.6868,105.0,3.0,0.1301116943359375,0.8012489738477776,0.057720184326171875,199.0571674046659,25.131061586015175,5.663111445563894,906.28076171875,0.0,0.0,True,too_empty,,False,
negative,/mnt/MammoDiffusion/MammoDiffusion/experiments/diffusers/04_sd21_lora/generated_images/final/negative/gen_1137.png,gen_1137.png,133.7912,111.0,2.0,0.11343765258789062,0.990584120792279,0.1114959716796875,168.89161078417956,26.060442465966975,4.476007949120869,332.07733154296875,0.0,0.0,False,,-8.192126467972559,True,304.0
negative,/mnt/MammoDiffusion/MammoDiffusion/experiments/diffusers/04_sd21_lora/generated_images/final/negative/gen_1138.png,gen_1138.png,98.5824,58.0,4.0,0.27489471435546875,0.8533901362715439,0.3087577819824219,143.22735640420564,54.375859631996285,6.569070115448843,962.721923828125,0.0,0.0,False,,-60.22714762568804,False,
negative,/mnt/MammoDiffusion/MammoDiffusion/experiments/diffusers/04_sd21_lora/generated_images/final/negative/gen_1139.png,gen_1139.png,64.6868,33.0,3.0,0.49144744873046875,0.9654040208026081,0.5754280090332031,115.67981040140542,57.961041032634824,7.2520617210293015,2077.629638671875,0.0,0.0,False,,-20.249853571725648,True,1019.0
negative,/mnt/MammoDiffusion/MammoDiffusion/experiments/diffusers/04_sd21_lora/generated_images/final/negative/gen_1140.png,gen_1140.png,126.7912,104.0,2.0,0.1631927490234375,0.7811360448807854,0.14625930786132812,177.73099293184842,39.455309643205325,5.46554588262994,746.804443359375,0.0,0.0,False,,-87.32361614453409,False,
negative,/mnt/MammoDiffusion/MammoDiffusion/experiments/diffusers/04_sd21_lora/generated_images/final/negative/gen_1141.png,gen_1141.png,130.7912,108.0,2.0,0.10816192626953125,0.9166960569937223,0.10367202758789062,177.58762924531774,24.086108391952806,4.719378742971172,480.9759826660156,0.0,0.0,True,too_empty,,False,
negative,/mnt/MammoDiffusion/MammoDiffusion/experiments/diffusers/04_sd21_lora/generated_images/final/negative/gen_1142.png,gen_1142.png,220.0,252.0,0.0,0.4411125183105469,0.9566913131837247,0.4178810119628906,250.15088776301977,18.412833651303238,5.727382196867452,1597.05126953125,0.0,0.0,False,,-23.036777747788847,True,1110.0
negative,/mnt/MammoDiffusion/MammoDiffusion/experiments/diffusers/04_sd21_lora/generated_images/final/negative/gen_1143.png,gen_1143.png,220.0,81.0,53.0,0.08145523071289062,0.6766262351894348,0.05500030517578125,249.3818837564156,28.531729748544358,7.107034156474075,1312.1944580078125,0.0,0.0,True,too_empty,,False,
negative,/mnt/MammoDiffusion/MammoDiffusion/experiments/diffusers/04_sd21_lora/generated_images/final/negative/gen_1144.png,gen_1144.png,108.8956,95.0,1.0,0.18654632568359375,0.9687333851376222,0.19455718994140625,151.10393710050587,39.868076841328104,4.889183721685661,581.8740234375,0.0,0.0,False,,-14.956061583642192,True,829.0
negative,/mnt/MammoDiffusion/MammoDiffusion/experiments/diffusers/04_sd21_lora/generated_images/final/negative/gen_1145.png,gen_1145.png,220.0,187.0,41.0,0.22829437255859375,0.916034488520536,0.2134246826171875,228.25907985986987,28.675899416774424,7.363742749983882,2197.78759765625,0.0,0.0,False,,-40.65867113440955,False,
negative,/mnt/MammoDiffusion/MammoDiffusion/experiments/diffusers/04_sd21_lora/generated_images/final/negative/gen_1146.png,gen_1146.png,127.5824,87.0,4.0,0.13790130615234375,0.8426002766251729,0.10953521728515625,181.10486173991782,35.39085202751473,5.905956234268691,1213.613525390625,0.0,0.0,True,too_empty,,False,
negative,/mnt/MammoDiffusion/MammoDiffusion/experiments/diffusers/04_sd21_lora/generated_images/final/negative/gen_1147.png,gen_1147.png,14.8956,1.0,1.0,0.7500724792480469,0.9946192537138847,0.7628173828125,90.13805208833413,59.670520158839004,7.036445998521083,1695.6285400390625,0.0,0.0,False,,-9.382805214497138,True,468.0
negative,/mnt/MammoDiffusion/MammoDiffusion/experiments/diffusers/04_sd21_lora/generated_images/final/negative/gen_1148.png,gen_1148.png,58.8956,45.0,1.0,0.6009407043457031,0.9944519560980873,0.6074981689453125,128.23132519528798,48.25424725802661,6.846022040259463,758.8995971679688,0.0,0.0,False,,-7.047980453560003,True,150.0
negative,/mnt/MammoDiffusion/MammoDiffusion/experiments/diffusers/04_sd21_lora/generated_images/final/negative/gen_1149.png,gen_1149.png,90.6868,59.0,3.0,0.2266845703125,0.9197125740441573,0.24304580688476562,148.7392525858145,57.43457703343375,6.09589919050439,1491.61572265625,0.0,0.0,False,,-36.06823262388321,False,
negative,/mnt/MammoDiffusion/MammoDiffusion/experiments/diffusers/04_sd21_lora/generated_images/final/negative/gen_1150.png,gen_1150.png,61.5824,21.0,4.0,0.6776046752929688,0.9980971682711254,0.6887435913085938,121.68226530047079,42.48160619855421,7.272195930970769,814.7656860351562,0.0,0.0,False,,-6.222678706910933,True,77.0
negative,/mnt/MammoDiffusion/MammoDiffusion/experiments/diffusers/04_sd21_lora/generated_images/final/negative/gen_1151.png,gen_1151.png,38.8956,25.0,1.0,0.4576606750488281,0.9947738241104248,0.4674224853515625,112.39734110273234,57.00747408116106,6.129828542312378,1446.364501953125,0.0,0.0,False,,-6.479101456449032,True,99.0
negative,/mnt/MammoDiffusion/MammoDiffusion/experiments/diffusers/04_sd21_lora/generated_images/final/negative/gen_1152.png,gen_1152.png,43.7912,21.0,2.0,0.5108718872070312,0.9842445602664237,0.5218887329101562,125.09168189459835,56.94962637890609,6.808006288538504,1637.2720947265625,0.0,0.0,False,,-11.889801446980936,True,681.0
negative,/mnt/MammoDiffusion/MammoDiffusion/experiments/diffusers/04_sd21_lora/generated_images/final/negative/gen_1153.png,gen_1153.png,110.8956,97.0,1.0,0.3052406311035156,0.9599335141282478,0.3458137512207031,152.16910637265175,46.9694279484772,5.90236110912156,595.07470703125,0.0,0.0,False,,-18.514859345091356,True,954.0
negative,/mnt/MammoDiffusion/MammoDiffusion/experiments/diffusers/04_sd21_lora/generated_images/final/negative/gen_1154.png,gen_1154.png,37.6868,6.0,3.0,0.5691680908203125,0.9934653226455055,0.5897750854492188,115.37938372378821,58.928212133653645,7.148558341105857,1687.912109375,0.0,0.0,False,,-9.14068634181832,True,436.0
negative,/mnt/MammoDiffusion/MammoDiffusion/experiments/diffusers/04_sd21_lora/generated_images/final/negative/gen_1155.png,gen_1155.png,59.8956,46.0,1.0,0.3593902587890625,0.9857130726446737,0.4194793701171875,117.1228129205922,62.05875052195562,5.82284999314593,1129.2847900390625,0.0,0.0,False,,-9.267381282671158,True,458.0
negative,/mnt/MammoDiffusion/MammoDiffusion/experiments/diffusers/04_sd21_lora/generated_images/final/negative/gen_1156.png,gen_1156.png,117.7912,95.0,2.0,0.226898193359375,0.7738903833221251,0.19039154052734375,152.11528751753156,36.91769795467444,6.171912815180951,883.406005859375,0.0,0.0,False,,-90.21396829434838,False,
negative,/mnt/MammoDiffusion/MammoDiffusion/experiments/diffusers/04_sd21_lora/generated_images/final/negative/gen_1157.png,gen_1157.png,140.8956,127.0,1.0,0.08547592163085938,0.9550586870174499,0.07814407348632812,178.49709543568466,16.598586147709245,4.0401158955471885,240.26083374023438,0.0,0.0,True,too_empty,,False,
negative,/mnt/MammoDiffusion/MammoDiffusion/experiments/diffusers/04_sd21_lora/generated_images/final/negative/gen_1158.png,gen_1158.png,16.0,11.0,0.0,0.6560478210449219,0.9978078718913356,0.6606674194335938,103.24346093885329,67.95352993275822,6.454543173578356,1667.4361572265625,0.0,0.0,False,,-7.629109299482951,True,209.0
negative,/mnt/MammoDiffusion/MammoDiffusion/experiments/diffusers/04_sd21_lora/generated_images/final/negative/gen_1159.png,gen_1159.png,95.6868,64.0,3.0,0.2716331481933594,0.9113570295055261,0.2793998718261719,148.53595565446528,51.45803440332861,6.480409085473187,1567.047119140625,0.0,0.0,False,,-39.09379388213951,False,
negative,/mnt/MammoDiffusion/MammoDiffusion/experiments/diffusers/04_sd21_lora/generated_images/final/negative/gen_1160.png,gen_1160.png,148.8956,135.0,1.0,0.15062713623046875,0.5600972496581067,0.08378219604492188,188.25005691390066,24.33846379495661,5.205095170390124,693.848388671875,0.0,0.0,True,too_empty,,False,
negative,/mnt/MammoDiffusion/MammoDiffusion/experiments/diffusers/04_sd21_lora/generated_images/final/negative/gen_1161.png,gen_1161.png,176.8956,163.0,1.0,0.09759902954101562,0.6849325776822357,0.06574630737304688,202.7543951261967,13.851140623816795,6.042243953296328,506.4590148925781,0.0,0.0,True,too_empty,,False,
negative,/mnt/MammoDiffusion/MammoDiffusion/experiments/diffusers/04_sd21_lora/generated_images/final/negative/gen_1162.png,gen_1162.png,101.6868,70.0,3.0,0.28200531005859375,0.9274680085490896,0.33722686767578125,140.83391778466552,50.2010078699608,6.509976556073071,1573.3006591796875,0.0,0.0,False,,-32.42042629089977,True,1357.0
negative,/mnt/MammoDiffusion/MammoDiffusion/experiments/diffusers/04_sd21_lora/generated_images/final/negative/gen_1163.png,gen_1163.png,79.7912,57.0,2.0,0.4525604248046875,0.9904329208671904,0.45178985595703125,142.96754310417617,38.69301194893771,6.329761258261112,729.1207885742188,0.0,0.0,False,,-6.8450237181249385,True,129.0
negative,/mnt/MammoDiffusion/MammoDiffusion/experiments/diffusers/04_sd21_lora/generated_images/final/negative/gen_1164.png,gen_1164.png,57.7912,35.0,2.0,0.5141944885253906,0.9907784528870194,0.5778007507324219,114.10494035004325,57.07777559692336,6.787628918066922,1312.0032958984375,0.0,0.0,False,,-9.15271221107756,True,439.0
negative,/mnt/MammoDiffusion/MammoDiffusion/experiments/diffusers/04_sd21_lora/generated_images/final/negative/gen_1165.png,gen_1165.png,220.0,246.0,7.0,0.3159675598144531,0.9232877373866641,0.2915229797363281,250.59736198165425,22.13520493051425,6.2226341319446945,1760.0562744140625,0.0,0.0,False,,-36.5764312582509,False,
negative,/mnt/MammoDiffusion/MammoDiffusion/experiments/diffusers/04_sd21_lora/generated_images/final/negative/gen_1166.png,gen_1166.png,109.8956,96.0,1.0,0.2965431213378906,0.823327373065593,0.2801017761230469,151.58323232598363,44.82235506568671,5.902511760088367,565.1910400390625,0.0,0.0,False,,-70.70705442423828,False,
negative,/mnt/MammoDiffusion/MammoDiffusion/experiments/diffusers/04_sd21_lora/generated_images/final/negative/gen_1167.png,gen_1167.png,41.7912,19.0,2.0,0.4582672119140625,0.9817034595278527,0.48914337158203125,112.34499243523155,61.12524391562762,6.692064305624186,1786.938232421875,0.0,0.0,False,,-12.734065467984127,True,727.0
negative,/mnt/MammoDiffusion/MammoDiffusion/experiments/diffusers/04_sd21_lora/generated_images/final/negative/gen_1168.png,gen_1168.png,74.7912,52.0,2.0,0.30007171630859375,0.982062495232768,0.33245086669921875,129.80629948364887,59.42809934594321,6.213260464773274,1495.8526611328125,0.0,0.0,False,,-11.685630801738139,True,674.0
negative,/mnt/MammoDiffusion/MammoDiffusion/experiments/diffusers/04_sd21_lora/generated_images/final/negative/gen_1169.png,gen_1169.png,220.0,255.0,0.0,0.29166412353515625,0.9181903790316253,0.25992584228515625,254.71661921394818,3.102065849304188,6.401753623534443,1302.456298828125,0.0,0.0,True,low_contrast,,False,
negative,/mnt/MammoDiffusion/MammoDiffusion/experiments/diffusers/04_sd21_lora/generated_images/final/negative/gen_1170.png,gen_1170.png,92.6868,61.0,3.0,0.3195533752441406,0.9475939786794637,0.3111305236816406,154.25767217174877,51.120629420665004,6.551376799370474,1321.7431640625,0.0,0.0,False,,-24.94642035221172,True,1163.0
negative,/mnt/MammoDiffusion/MammoDiffusion/experiments/diffusers/04_sd21_lora/generated_images/final/negative/gen_1171.png,gen_1171.png,52.7912,30.0,2.0,0.4818992614746094,0.9926539852921387,0.5129051208496094,120.59405005392139,58.362738396400204,6.8971461984840285,1934.900390625,0.0,0.0,False,,-9.105841674130629,True,429.0
negative,/mnt/MammoDiffusion/MammoDiffusion/experiments/diffusers/04_sd21_lora/generated_images/final/negative/gen_1172.png,gen_1172.png,91.6868,60.0,3.0,0.193115234375,0.9015486725663717,0.22409820556640625,128.39551629047085,50.73033847381035,5.953285707944401,1335.793701171875,0.0,0.0,False,,-42.04242862046073,False,
negative,/mnt/MammoDiffusion/MammoDiffusion/experiments/diffusers/04_sd21_lora/generated_images/final/negative/gen_1173.png,gen_1173.png,220.0,231.0,16.0,0.15474700927734375,0.79376818024947,0.07869338989257812,246.74598865674537,2.8677186398529932,7.043832520751756,705.7152099609375,0.0,0.0,True,too_empty,,False,
negative,/mnt/MammoDiffusion/MammoDiffusion/experiments/diffusers/04_sd21_lora/generated_images/final/negative/gen_1174.png,gen_1174.png,108.7912,86.0,2.0,0.20470046997070312,0.8957156966884702,0.19871139526367188,163.536657004089,42.03011751037274,5.508036584614176,817.1349487304688,0.0,0.0,False,,-43.51115779972703,False,
negative,/mnt/MammoDiffusion/MammoDiffusion/experiments/diffusers/04_sd21_lora/generated_images/final/negative/gen_1175.png,gen_1175.png,104.6868,73.0,3.0,0.22186279296875,0.9606774415405778,0.24114990234375,157.3194602632245,52.59538638880074,6.0227138717120035,1458.6170654296875,0.0,0.0,False,,-20.321812795227007,True,1021.0
negative,/mnt/MammoDiffusion/MammoDiffusion/experiments/diffusers/04_sd21_lora/generated_images/final/negative/gen_1176.png,gen_1176.png,142.2692,75.0,7.0,0.17849349975585938,0.4740014105276656,0.08229446411132812,199.82325128633013,26.39017157850314,6.775274112442026,1889.9970703125,0.0,0.0,True,too_empty,,False,
negative,/mnt/MammoDiffusion/MammoDiffusion/experiments/diffusers/04_sd21_lora/generated_images/final/negative/gen_1177.png,gen_1177.png,166.6868,135.0,3.0,0.0540008544921875,0.8940378638033343,0.046283721923828125,190.61740707162284,12.747501920420182,4.388082261412405,392.4019775390625,0.0,0.0,True,too_empty,,False,
negative,/mnt/MammoDiffusion/MammoDiffusion/experiments/diffusers/04_sd21_lora/generated_images/final/negative/gen_1178.png,gen_1178.png,92.5824,52.0,4.0,0.36902618408203125,0.9730199094461328,0.4000892639160156,148.03082541165702,47.9758454571401,6.905293769933571,1568.0947265625,0.0,0.0,False,,-15.237466919211649,True,847.0
negative,/mnt/MammoDiffusion/MammoDiffusion/experiments/diffusers/04_sd21_lora/generated_images/final/negative/gen_1179.png,gen_1179.png,214.0,207.0,3.0,0.037982940673828125,0.19303002912523853,0.004974365234375,231.12653374233128,17.0745415987412,6.4850063970626675,1347.5667724609375,0.0,0.0,True,too_empty,,False,
negative,/mnt/MammoDiffusion/MammoDiffusion/experiments/diffusers/04_sd21_lora/generated_images/final/negative/gen_1180.png,gen_1180.png,121.7912,99.0,2.0,0.23611831665039062,0.8647430408581999,0.21781539916992188,158.07133224749995,39.07422620341906,6.033548235253794,420.9431457519531,0.0,0.0,False,,-55.53427340638418,False,
negative,/mnt/MammoDiffusion/MammoDiffusion/experiments/diffusers/04_sd21_lora/generated_images/final/negative/gen_1181.png,gen_1181.png,87.6868,56.0,3.0,0.4582862854003906,0.9964207529736884,0.4926414489746094,146.5447527159815,49.40907908103201,6.817227353835481,924.2247314453125,0.0,0.0,False,,-6.104587646303781,True,68.0
negative,/mnt/MammoDiffusion/MammoDiffusion/experiments/diffusers/04_sd21_lora/generated_images/final/negative/gen_1182.png,gen_1182.png,77.7912,55.0,2.0,0.4411659240722656,0.9776997639408901,0.4441680908203125,148.97583221684016,42.39244280586043,6.375984420979133,766.6463012695312,0.0,0.0,False,,-11.963311117662037,True,689.0
negative,/mnt/MammoDiffusion/MammoDiffusion/experiments/diffusers/04_sd21_lora/generated_images/final/negative/gen_1183.png,gen_1183.png,205.0,189.0,9.0,0.04616546630859375,0.2203767972235994,0.010349273681640625,220.89126428308145,14.388108430086003,7.305814956441241,1627.689453125,0.0,0.0,True,too_empty,,False,
negative,/mnt/MammoDiffusion/MammoDiffusion/experiments/diffusers/04_sd21_lora/generated_images/final/negative/gen_1184.png,gen_1184.png,183.8956,170.0,1.0,0.07318878173828125,0.7130720316897738,0.049839019775390625,201.75147340221966,11.952021813144883,6.295066823589187,583.027587890625,0.0,0.0,True,too_empty,,False,
negative,/mnt/MammoDiffusion/MammoDiffusion/experiments/diffusers/04_sd21_lora/generated_images/final/negative/gen_1185.png,gen_1185.png,175.6868,144.0,3.0,0.08258438110351562,0.7382327128273823,0.061100006103515625,202.54354748080164,17.602089196638477,7.08836673321223,906.9235229492188,0.0,0.0,True,too_empty,,False,
negative,/mnt/MammoDiffusion/MammoDiffusion/experiments/diffusers/04_sd21_lora/generated_images/final/negative/gen_1186.png,gen_1186.png,51.6868,20.0,3.0,0.5263442993164062,0.9963834814245749,0.5206298828125,146.334679073857,44.53079057332315,6.781146238696197,1135.229736328125,0.0,0.0,False,,-6.2911711687234595,True,84.0
negative,/mnt/MammoDiffusion/MammoDiffusion/experiments/diffusers/04_sd21_lora/generated_images/final/negative/gen_1187.png,gen_1187.png,77.7912,55.0,2.0,0.3258934020996094,0.9741077594784094,0.3553314208984375,130.7272512560656,52.77119573944087,5.933170945420131,924.75537109375,0.0,0.0,False,,-13.21215128005633,True,749.0
negative,/mnt/MammoDiffusion/MammoDiffusion/experiments/diffusers/04_sd21_lora/generated_images/final/negative/gen_1188.png,gen_1188.png,92.47800000000001,43.0,5.0,0.3200035095214844,0.948978983632744,0.3808860778808594,143.6250363055475,57.49694541802208,7.056903192271776,2244.2744140625,0.0,0.0,False,,-25.7589266820868,True,1186.0
negative,/mnt/MammoDiffusion/MammoDiffusion/experiments/diffusers/04_sd21_lora/generated_images/final/negative/gen_1189.png,gen_1189.png,108.8956,95.0,1.0,0.20312118530273438,0.8787161718031062,0.1950531005859375,158.42597590549948,44.04441977480187,5.38996412226277,651.4611206054688,0.0,0.0,False,,-49.79426707976092,False,
negative,/mnt/MammoDiffusion/MammoDiffusion/experiments/diffusers/04_sd21_lora/generated_images/final/negative/gen_1190.png,gen_1190.png,96.47800000000001,47.0,5.0,0.3516845703125,0.9904547032280459,0.3669776916503906,160.83125955031653,45.23213191634615,6.828618991357898,1709.8382568359375,0.0,0.0,False,,-8.85479598284338,True,401.0
negative,/mnt/MammoDiffusion/MammoDiffusion/experiments/diffusers/04_sd21_lora/generated_images/final/negative/gen_1191.png,gen_1191.png,181.0,83.0,52.0,0.049327850341796875,0.1706751218003248,0.0078582763671875,207.9733009708738,21.91941919046398,7.2626591573175405,1468.3177490234375,0.0,0.0,True,too_empty,,False,
negative,/mnt/MammoDiffusion/MammoDiffusion/experiments/diffusers/04_sd21_lora/generated_images/final/negative/gen_1192.png,gen_1192.png,70.6868,39.0,3.0,0.266815185546875,0.9359916504632277,0.3134727478027344,124.89025859446303,61.564877476956944,6.417646536746998,1704.3270263671875,0.0,0.0,False,,-29.7735094239299,True,1283.0
negative,/mnt/MammoDiffusion/MammoDiffusion/experiments/diffusers/04_sd21_lora/generated_images/final/negative/gen_1193.png,gen_1193.png,220.0,202.0,20.0,0.2901725769042969,0.9123930219411834,0.31974029541015625,224.29092796296737,5.47540506509524,7.131410859813666,2190.669921875,0.0,0.0,True,low_contrast,,False,
negative,/mnt/MammoDiffusion/MammoDiffusion/experiments/diffusers/04_sd21_lora/generated_images/final/negative/gen_1194.png,gen_1194.png,39.7912,17.0,2.0,0.4444389343261719,0.9909275837503326,0.4806404113769531,112.85732199973015,65.70109225603629,6.687502694866284,2067.767578125,0.0,0.0,False,,-9.800812731268268,True,513.0
negative,/mnt/MammoDiffusion/MammoDiffusion/experiments/diffusers/04_sd21_lora/generated_images/final/negative/gen_1195.png,gen_1195.png,93.7912,71.0,2.0,0.4370574951171875,0.9460513912648815,0.4677696228027344,142.16404752778843,45.992674386517955,6.36542430984041,871.7786254882812,0.0,0.0,False,,-24.336098310729966,True,1141.0
negative,/mnt/MammoDiffusion/MammoDiffusion/experiments/diffusers/04_sd21_lora/generated_images/final/negative/gen_1196.png,gen_1196.png,47.7912,25.0,2.0,0.5892486572265625,0.995021622601445,0.5924835205078125,133.08060341497335,53.33797515504663,7.104112239958116,1620.185791015625,0.0,0.0,False,,-8.451278807510432,True,345.0
negative,/mnt/MammoDiffusion/MammoDiffusion/experiments/diffusers/04_sd21_lora/generated_images/final/negative/gen_1197.png,gen_1197.png,78.5824,38.0,4.0,0.24439239501953125,0.9521431024256236,0.2918281555175781,135.75992470686657,62.44885624237371,6.621924432029795,2196.73095703125,0.0,0.0,False,,-24.856433370900287,True,1160.0
negative,/mnt/MammoDiffusion/MammoDiffusion/experiments/diffusers/04_sd21_lora/generated_images/final/negative/gen_1198.png,gen_1198.png,121.6868,90.0,3.0,0.14676284790039062,0.8653081381748239,0.1366729736328125,169.40691637825165,37.79334617093715,5.5976483945912126,891.4948120117188,0.0,0.0,False,,-55.670081499387166,False,
negative,/mnt/MammoDiffusion/MammoDiffusion/experiments/diffusers/04_sd21_lora/generated_images/final/negative/gen_1199.png,gen_1199.png,192.0,182.0,2.0,0.049991607666015625,0.6466234261732163,0.03047943115234375,208.54155193992491,11.058880442445043,6.200964528622341,995.2081298828125,0.0,0.0,True,too_empty,,False,
negative,/mnt/MammoDiffusion/MammoDiffusion/experiments/diffusers/04_sd21_lora/generated_images/final/negative/gen_1200.png,gen_1200.png,89.5824,49.0,4.0,0.36708831787109375,0.8043333679725657,0.3162841796875,138.81493631802394,43.60444807051181,7.073226059418095,1380.912109375,0.0,0.0,False,,-79.11565947260146,False,
negative,/mnt/MammoDiffusion/MammoDiffusion/experiments/diffusers/04_sd21_lora/generated_images/final/negative/gen_1201.png,gen_1201.png,99.7912,77.0,2.0,0.22311782836914062,0.4693532117150233,0.12598800659179688,149.60977382141883,56.99680363264224,5.706273732403465,948.6561889648438,0.0,0.0,True,fragmented_mask,,False,
negative,/mnt/MammoDiffusion/MammoDiffusion/experiments/diffusers/04_sd21_lora/generated_images/final/negative/gen_1202.png,gen_1202.png,111.6868,80.0,3.0,0.2512702941894531,0.9800057690264009,0.2879600524902344,150.79115609310213,43.32785463127443,6.198124793340313,980.5994262695312,0.0,0.0,False,,-11.572153235707452,True,665.0
negative,/mnt/MammoDiffusion/MammoDiffusion/experiments/diffusers/04_sd21_lora/generated_images/final/negative/gen_1203.png,gen_1203.png,119.7912,97.0,2.0,0.22240447998046875,0.9726596000137216,0.24202346801757812,159.03180707699582,38.96245756808667,5.567917140650008,571.8214721679688,0.0,0.0,False,,-13.850783375923095,True,776.0
negative,/mnt/MammoDiffusion/MammoDiffusion/experiments/diffusers/04_sd21_lora/generated_images/final/negative/gen_1204.png,gen_1204.png,193.8956,180.0,1.0,0.052677154541015625,0.5630385980157868,0.026691436767578125,213.52136629984278,11.152560209180873,6.128200658105741,1071.1834716796875,0.0,0.0,True,too_empty,,False,
negative,/mnt/MammoDiffusion/MammoDiffusion/experiments/diffusers/04_sd21_lora/generated_images/final/negative/gen_1205.png,gen_1205.png,187.7912,165.0,2.0,0.051380157470703125,0.6854257925606949,0.0358734130859375,203.85942152275626,12.19212147052557,5.708700250711709,619.1116333007812,0.0,0.0,True,too_empty,,False,
negative,/mnt/MammoDiffusion/MammoDiffusion/experiments/diffusers/04_sd21_lora/generated_images/final/negative/gen_1206.png,gen_1206.png,111.8956,98.0,1.0,0.20218276977539062,0.7611177147600988,0.16132736206054688,153.67614858953442,35.953927931443346,5.208209955990851,364.9690856933594,0.0,0.0,False,,-94.70199393681997,False,
negative,/mnt/MammoDiffusion/MammoDiffusion/experiments/diffusers/04_sd21_lora/generated_images/final/negative/gen_1207.png,gen_1207.png,91.6868,60.0,3.0,0.27501678466796875,0.9297167586761728,0.3050537109375,147.15805072028812,56.50442343223044,6.3587544024633615,1321.6170654296875,0.0,0.0,False,,-31.77249137813616,True,1338.0
negative,/mnt/MammoDiffusion/MammoDiffusion/experiments/diffusers/04_sd21_lora/generated_images/final/negative/gen_1208.png,gen_1208.png,220.0,208.0,42.0,0.4309654235839844,0.9540075237884488,0.40648651123046875,248.50578088928094,17.54643445234365,6.631828793492938,1295.8248291015625,0.0,0.0,False,,-24.36164674715749,True,1142.0
negative,/mnt/MammoDiffusion/MammoDiffusion/experiments/diffusers/04_sd21_lora/generated_images/final/negative/gen_1209.png,gen_1209.png,57.6868,26.0,3.0,0.48749542236328125,0.9939981532779316,0.502471923828125,139.74768448223503,56.67940869201386,6.842046897005072,1390.1009521484375,0.0,0.0,False,,-8.001469546561394,True,275.0
negative,/mnt/MammoDiffusion/MammoDiffusion/experiments/diffusers/04_sd21_lora/generated_images/final/negative/gen_1210.png,gen_1210.png,42.6868,11.0,3.0,0.3985748291015625,0.9920466291489606,0.4063262939453125,129.38105073416202,60.04717513973669,6.590434723834997,1793.84765625,0.0,0.0,False,,-8.414805434087967,True,336.0
negative,/mnt/MammoDiffusion/MammoDiffusion/experiments/diffusers/04_sd21_lora/generated_images/final/negative/gen_1211.png,gen_1211.png,99.5824,59.0,4.0,0.27793121337890625,0.9045128880836696,0.32686614990234375,143.1644375977406,51.06381006534889,6.6466633493147835,1754.17041015625,0.0,0.0,False,,-41.64384573089095,False,
negative,/mnt/MammoDiffusion/MammoDiffusion/experiments/diffusers/04_sd21_lora/generated_images/final/negative/gen_1212.png,gen_1212.png,137.7912,115.0,2.0,0.12754440307617188,0.5247495139823538,0.0662384033203125,192.90451508868924,27.89662946279593,5.309444079980052,665.6936645507812,0.0,0.0,True,too_empty,,False,
negative,/mnt/MammoDiffusion/MammoDiffusion/experiments/diffusers/04_sd21_lora/generated_images/final/negative/gen_1213.png,gen_1213.png,93.5824,53.0,4.0,0.2645378112792969,0.9222605159559895,0.27767181396484375,150.3549938178321,54.030305102637485,6.570382196396325,1615.060302734375,0.0,0.0,False,,-35.278480471113475,False,
negative,/mnt/MammoDiffusion/MammoDiffusion/experiments/diffusers/04_sd21_lora/generated_images/final/negative/gen_1214.png,gen_1214.png,34.8956,21.0,1.0,0.5287971496582031,0.9642911247213626,0.5559959411621094,114.34140417561457,62.03240583473779,6.580359020532434,1649.505615234375,0.0,0.0,False,,-19.599337273308272,True,991.0
negative,/mnt/MammoDiffusion/MammoDiffusion/experiments/diffusers/04_sd21_lora/generated_images/final/negative/gen_1215.png,gen_1215.png,95.8956,82.0,1.0,0.2630615234375,0.7173433874709977,0.19964599609375,151.38915851421584,46.303260748969954,6.26890504183649,960.2158813476562,0.0,0.0,True,fragmented_mask,,False,
negative,/mnt/MammoDiffusion/MammoDiffusion/experiments/diffusers/04_sd21_lora/generated_images/final/negative/gen_1216.png,gen_1216.png,43.6868,12.0,3.0,0.5078964233398438,0.993330429165853,0.5441207885742188,114.50810443219899,60.17045817868064,7.165600692373861,2216.59619140625,0.0,0.0,False,,-9.651518932551625,True,496.0
negative,/mnt/MammoDiffusion/MammoDiffusion/experiments/diffusers/04_sd21_lora/generated_images/final/negative/gen_1217.png,gen_1217.png,138.7912,116.0,2.0,0.081634521484375,0.9876635514018691,0.07626724243164062,183.79212724453558,24.536815673689322,4.6770280503652355,502.451904296875,0.0,0.0,True,too_empty,,False,
negative,/mnt/MammoDiffusion/MammoDiffusion/experiments/diffusers/04_sd21_lora/generated_images/final/negative/gen_1218.png,gen_1218.png,115.8956,102.0,1.0,0.177581787109375,0.6836655782780546,0.1174163818359375,166.76091617933724,29.644674801048172,6.687457875074811,486.2581787109375,0.0,0.0,True,fragmented_mask,,False,
negative,/mnt/MammoDiffusion/MammoDiffusion/experiments/diffusers/04_sd21_lora/generated_images/final/negative/gen_1219.png,gen_1219.png,111.7912,89.0,2.0,0.1508636474609375,0.5496358855062203,0.0809478759765625,185.18364750235628,31.02447828505296,5.4525025772804305,893.48583984375,0.0,0.0,True,too_empty,,False,
negative,/mnt/MammoDiffusion/MammoDiffusion/experiments/diffusers/04_sd21_lora/generated_images/final/negative/gen_1220.png,gen_1220.png,117.2692,50.0,7.0,0.32192230224609375,0.884168740372082,0.3539314270019531,161.67907222383894,50.78679071562157,7.168897661797388,1904.6326904296875,0.0,0.0,False,,-50.133037375538976,False,
negative,/mnt/MammoDiffusion/MammoDiffusion/experiments/diffusers/04_sd21_lora/generated_images/final/negative/gen_1221.png,gen_1221.png,220.0,230.0,23.0,0.2278594970703125,0.8743889372530637,0.1941070556640625,252.83030029085765,6.143934363846194,7.0053741144056145,1918.9547119140625,0.0,0.0,True,low_contrast,,False,
negative,/mnt/MammoDiffusion/MammoDiffusion/experiments/diffusers/04_sd21_lora/generated_images/final/negative/gen_1222.png,gen_1222.png,90.7912,68.0,2.0,0.343719482421875,0.9886575512740833,0.3916053771972656,140.4395803500979,49.94637328907374,6.105788956248914,1008.369873046875,0.0,0.0,False,,-7.799091239829556,True,240.0
negative,/mnt/MammoDiffusion/MammoDiffusion/experiments/diffusers/04_sd21_lora/generated_images/final/negative/gen_1223.png,gen_1223.png,195.0,181.0,5.0,0.04000091552734375,0.2371733740225062,0.00775909423828125,203.63176007866272,12.110097777896978,6.769044864598783,1344.048583984375,0.0,0.0,True,too_empty,,False,
negative,/mnt/MammoDiffusion/MammoDiffusion/experiments/diffusers/04_sd21_lora/generated_images/final/negative/gen_1224.png,gen_1224.png,198.0,195.0,2.0,0.04738616943359375,0.36507808726453067,0.014064788818359375,205.38947653919175,6.011261281020447,6.228948328963845,626.3489379882812,0.0,0.0,True,too_empty,,False,
negative,/mnt/MammoDiffusion/MammoDiffusion/experiments/diffusers/04_sd21_lora/generated_images/final/negative/gen_1225.png,gen_1225.png,16.0,11.0,0.0,0.7803115844726562,0.9913128073760474,0.7772293090820312,117.23897401666781,57.25138664123891,7.119677777539702,1544.10791015625,0.0,0.0,False,,-10.950243213682059,True,615.0
negative,/mnt/MammoDiffusion/MammoDiffusion/experiments/diffusers/04_sd21_lora/generated_images/final/negative/gen_1226.png,gen_1226.png,220.0,223.0,15.0,0.3245124816894531,0.9479363810553786,0.30448150634765625,236.82436292565586,14.408297856804817,6.681299236853254,1767.6756591796875,0.0,0.0,False,,-27.708179142950762,True,1230.0
negative,/mnt/MammoDiffusion/MammoDiffusion/experiments/diffusers/04_sd21_lora/generated_images/final/negative/gen_1227.png,gen_1227.png,111.8956,98.0,1.0,0.40897369384765625,0.9783135901501726,0.422637939453125,158.7027944255903,37.72000565699956,5.925947074696825,457.5141296386719,0.0,0.0,False,,-11.497702305660463,True,659.0
negative,/mnt/MammoDiffusion/MammoDiffusion/experiments/diffusers/04_sd21_lora/generated_images/final/negative/gen_1228.png,gen_1228.png,108.5824,68.0,4.0,0.18135452270507812,0.4744536294987485,0.09079742431640625,184.71468784135786,39.35500769598203,6.204734419181128,1568.071533203125,0.0,0.0,True,too_empty,,False,
negative,/mnt/MammoDiffusion/MammoDiffusion/experiments/diffusers/04_sd21_lora/generated_images/final/negative/gen_1229.png,gen_1229.png,106.7912,84.0,2.0,0.22982025146484375,0.9061846429638483,0.18487930297851562,167.63614979882388,40.85303047953047,5.842770023014568,915.953125,0.0,0.0,False,,-40.055491414535396,False,
negative,/mnt/MammoDiffusion/MammoDiffusion/experiments/diffusers/04_sd21_lora/generated_images/final/negative/gen_1230.png,gen_1230.png,39.6868,8.0,3.0,0.5039596557617188,0.9957989554159412,0.5149574279785156,122.33654337632322,58.52371375480717,7.062604660847359,1959.41796875,0.0,0.0,False,,-8.13827892167479,True,297.0
negative,/mnt/MammoDiffusion/MammoDiffusion/experiments/diffusers/04_sd21_lora/generated_images/final/negative/gen_1231.png,gen_1231.png,99.8956,86.0,1.0,0.3600883483886719,0.9814291011176439,0.4057884216308594,142.1572455934195,46.16594018245792,5.485322843219506,707.5376586914062,0.0,0.0,False,,-9.539728707118988,True,486.0
negative,/mnt/MammoDiffusion/MammoDiffusion/experiments/diffusers/04_sd21_lora/generated_images/final/negative/gen_1232.png,gen_1232.png,118.7912,96.0,2.0,0.2866668701171875,0.8994916697716506,0.29634857177734375,165.10248950904926,39.46457224145182,5.784463273970259,562.5624389648438,0.0,0.0,False,,-41.55012789861913,False,
negative,/mnt/MammoDiffusion/MammoDiffusion/experiments/diffusers/04_sd21_lora/generated_images/final/negative/gen_1233.png,gen_1233.png,124.7912,102.0,2.0,0.14084625244140625,0.9806348518498457,0.14374542236328125,162.70760575341012,38.003046285713516,4.680584774643951,334.83111572265625,0.0,0.0,False,,-11.167871228935276,True,632.0
negative,/mnt/MammoDiffusion/MammoDiffusion/experiments/diffusers/04_sd21_lora/generated_images/final/negative/gen_1234.png,gen_1234.png,146.0,142.0,1.0,0.049747467041015625,0.9247757073844031,0.041072845458984375,187.58140614841645,16.461269130837827,3.1044430209720297,115.16656494140625,0.0,0.0,True,too_empty,,False,
negative,/mnt/MammoDiffusion/MammoDiffusion/experiments/diffusers/04_sd21_lora/generated_images/final/negative/gen_1235.png,gen_1235.png,42.6868,11.0,3.0,0.5508270263671875,0.9965303748026261,0.5465888977050781,152.1786648986286,48.279134387152524,7.194606082428738,1601.8330078125,0.0,0.0,False,,-7.684681505770999,True,218.0
negative,/mnt/MammoDiffusion/MammoDiffusion/experiments/diffusers/04_sd21_lora/generated_images/final/negative/gen_1236.png,gen_1236.png,132.7912,110.0,2.0,0.13816452026367188,0.9938982302106629,0.13282394409179688,172.00462391223184,20.6896797122096,4.76976812680672,471.2569274902344,0.0,0.0,False,,-7.198180449961617,True,165.0
negative,/mnt/MammoDiffusion/MammoDiffusion/experiments/diffusers/04_sd21_lora/generated_images/final/negative/gen_1237.png,gen_1237.png,36.8956,23.0,1.0,0.5363807678222656,0.9953488041306033,0.5544013977050781,117.46656299670413,64.28382529270795,6.412194112332145,1668.878662109375,0.0,0.0,False,,-7.8633097579757525,True,248.0
negative,/mnt/MammoDiffusion/MammoDiffusion/experiments/diffusers/04_sd21_lora/generated_images/final/negative/gen_1238.png,gen_1238.png,182.1648,106.0,8.0,0.12177658081054688,0.5847821320051374,0.070465087890625,218.61455175400607,19.345130209543555,6.533764208096789,1069.7830810546875,0.0,0.0,True,too_empty,,False,
negative,/mnt/MammoDiffusion/MammoDiffusion/experiments/diffusers/04_sd21_lora/generated_images/final/negative/gen_1239.png,gen_1239.png,115.8956,102.0,1.0,0.14649581909179688,0.806785928182694,0.1288299560546875,152.16948951794384,39.07946371493964,4.843395111653837,473.5732727050781,0.0,0.0,False,,-76.94514573711027,False,
negative,/mnt/MammoDiffusion/MammoDiffusion/experiments/diffusers/04_sd21_lora/generated_images/final/negative/gen_1240.png,gen_1240.png,32.7912,10.0,2.0,0.634429931640625,0.9974866515945933,0.6511917114257812,112.49032840087636,59.5911905686844,7.097316767994153,1547.5606689453125,0.0,0.0,False,,-7.784656930734424,True,236.0
negative,/mnt/MammoDiffusion/MammoDiffusion/experiments/diffusers/04_sd21_lora/generated_images/final/negative/gen_1241.png,gen_1241.png,181.0,169.0,8.0,0.049053192138671875,0.2464421805739171,0.01218414306640625,227.64621164683783,22.052750409278676,6.572773200205134,944.9146728515625,0.0,0.0,True,too_empty,,False,
negative,/mnt/MammoDiffusion/MammoDiffusion/experiments/diffusers/04_sd21_lora/generated_images/final/negative/gen_1242.png,gen_1242.png,176.478,127.0,5.0,0.060413360595703125,0.6914188293237356,0.041469573974609375,195.16051881151688,15.295124782715549,6.911102882036879,692.6964721679688,0.0,0.0,True,too_empty,,False,
negative,/mnt/MammoDiffusion/MammoDiffusion/experiments/diffusers/04_sd21_lora/generated_images/final/negative/gen_1243.png,gen_1243.png,220.0,208.0,46.0,0.13422393798828125,0.5089524242596487,0.06579208374023438,250.80512552907751,26.295117005715092,7.204749949488285,1434.4510498046875,0.0,0.0,True,too_empty,,False,
negative,/mnt/MammoDiffusion/MammoDiffusion/experiments/diffusers/04_sd21_lora/generated_images/final/negative/gen_1244.png,gen_1244.png,99.8956,86.0,1.0,0.23067092895507812,0.9780714084903008,0.23770523071289062,148.8256704058543,43.173204159404364,4.756794078372806,332.62298583984375,0.0,0.0,False,,-11.478092772982288,True,656.0
negative,/mnt/MammoDiffusion/MammoDiffusion/experiments/diffusers/04_sd21_lora/generated_images/final/negative/gen_1245.png,gen_1245.png,36.7912,14.0,2.0,0.5231781005859375,0.9948522763729694,0.5559577941894531,114.10537185829656,61.3728628807174,6.924061015219461,1665.2960205078125,0.0,0.0,False,,-8.275118383229882,True,318.0
negative,/mnt/MammoDiffusion/MammoDiffusion/experiments/diffusers/04_sd21_lora/generated_images/final/negative/gen_1246.png,gen_1246.png,130.8956,117.0,1.0,0.11218643188476562,0.6132476452786562,0.06668472290039062,198.90503975745094,28.36514300678158,6.605810804372369,605.9010620117188,0.0,0.0,True,too_empty,,False,
negative,/mnt/MammoDiffusion/MammoDiffusion/experiments/diffusers/04_sd21_lora/generated_images/final/negative/gen_1247.png,gen_1247.png,36.8956,23.0,1.0,0.462646484375,0.9762450527704486,0.4669456481933594,127.70036027351377,59.171400599873664,6.209176116855893,1435.7637939453125,0.0,0.0,False,,-13.945055553704309,True,779.0
negative,/mnt/MammoDiffusion/MammoDiffusion/experiments/diffusers/04_sd21_lora/generated_images/final/negative/gen_1248.png,gen_1248.png,138.7912,116.0,2.0,0.20784378051757812,0.9657887491970267,0.22487640380859375,170.3414927905004,31.935132623039717,5.22991820460868,404.1997985839844,0.0,0.0,False,,-17.086969222234533,True,916.0
negative,/mnt/MammoDiffusion/MammoDiffusion/experiments/diffusers/04_sd21_lora/generated_images/final/negative/gen_1249.png,gen_1249.png,151.0,141.0,3.0,0.04186248779296875,0.6232914160743576,0.0234832763671875,189.69168291098114,15.35086089365211,4.440353406371527,481.70916748046875,0.0,0.0,True,too_empty,,False,
negative,/mnt/MammoDiffusion/MammoDiffusion/experiments/diffusers/04_sd21_lora/generated_images/final/negative/gen_1250.png,gen_1250.png,20.8956,7.0,1.0,0.6575584411621094,0.9980855692530819,0.6652145385742188,101.34251814980904,61.96897443894291,6.481216179996887,1504.8118896484375,0.0,0.0,False,,-7.005699441466541,True,144.0
negative,/mnt/MammoDiffusion/MammoDiffusion/experiments/diffusers/04_sd21_lora/generated_images/final/negative/gen_1251.png,gen_1251.png,100.8956,87.0,1.0,0.30115509033203125,0.9674207686266562,0.3234214782714844,141.40896170222805,39.119944570906796,5.290680598156749,305.0502624511719,0.0,0.0,False,,-15.090267436671729,True,835.0
negative,/mnt/MammoDiffusion/MammoDiffusion/experiments/diffusers/04_sd21_lora/generated_images/final/negative/gen_1252.png,gen_1252.png,96.7912,74.0,2.0,0.246124267578125,0.9238995660260384,0.2762565612792969,145.4946077686795,55.4220940548887,6.103310058865691,1140.185302734375,0.0,0.0,False,,-33.629606611176364,False,
negative,/mnt/MammoDiffusion/MammoDiffusion/experiments/diffusers/04_sd21_lora/generated_images/final/negative/gen_1253.png,gen_1253.png,220.0,220.0,26.0,0.2924842834472656,0.9347358261708816,0.2712249755859375,244.42642756680732,20.805942886339466,6.663825098940136,1923.1650390625,0.0,0.0,False,,-32.92269490312633,False,
negative,/mnt/MammoDiffusion/MammoDiffusion/experiments/diffusers/04_sd21_lora/generated_images/final/negative/gen_1254.png,gen_1254.png,78.6868,47.0,3.0,0.3319587707519531,0.9754771836683099,0.3937416076660156,133.4864508753403,59.02299431744619,6.487169777126845,1504.2139892578125,0.0,0.0,False,,-14.16209941568259,True,790.0
negative,/mnt/MammoDiffusion/MammoDiffusion/experiments/diffusers/04_sd21_lora/generated_images/final/negative/gen_1255.png,gen_1255.png,46.7912,24.0,2.0,0.4255332946777344,0.9688572939731602,0.43675994873046875,120.39998602546858,60.94463374181314,6.2851798147188305,1684.17724609375,0.0,0.0,False,,-16.905740386422153,True,908.0
negative,/mnt/MammoDiffusion/MammoDiffusion/experiments/diffusers/04_sd21_lora/generated_images/final/negative/gen_1256.png,gen_1256.png,152.6868,121.0,3.0,0.06296539306640625,0.983763479946686,0.056087493896484375,192.51071209957152,22.277179752608017,4.765198215655369,685.14013671875,0.0,0.0,True,too_empty,,False,
negative,/mnt/MammoDiffusion/MammoDiffusion/experiments/diffusers/04_sd21_lora/generated_images/final/negative/gen_1257.png,gen_1257.png,110.5824,70.0,4.0,0.20686721801757812,0.8585627616220104,0.20069122314453125,161.75422923398594,44.38346625994397,6.241826194275763,1268.7799072265625,0.0,0.0,False,,-58.911474664768186,False,
negative,/mnt/MammoDiffusion/MammoDiffusion/experiments/diffusers/04_sd21_lora/generated_images/final/negative/gen_1258.png,gen_1258.png,154.7912,132.0,2.0,0.0812530517578125,0.5903286384976526,0.049594879150390625,189.47634797323283,22.226811505047905,5.3745696515509795,455.478271484375,0.0,0.0,True,too_empty,,False,
negative,/mnt/MammoDiffusion/MammoDiffusion/experiments/diffusers/04_sd21_lora/generated_images/final/negative/gen_1259.png,gen_1259.png,168.0,56.0,22.0,0.049930572509765625,0.331270532508213,0.01847076416015625,185.924204874019,17.970828530276343,7.019588711123309,1467.712646484375,0.0,0.0,True,too_empty,,False,
negative,/mnt/MammoDiffusion/MammoDiffusion/experiments/diffusers/04_sd21_lora/generated_images/final/negative/gen_1260.png,gen_1260.png,63.5824,23.0,4.0,0.3082427978515625,0.9908049106479877,0.333251953125,133.98357371794873,58.80931066530345,6.420751163636682,1561.94677734375,0.0,0.0,False,,-8.666513472241151,True,375.0
negative,/mnt/MammoDiffusion/MammoDiffusion/experiments/diffusers/04_sd21_lora/generated_images/final/negative/gen_1261.png,gen_1261.png,112.0,109.0,1.0,0.038196563720703125,0.8016578448017577,0.027637481689453125,162.77018633540374,21.58487943093718,3.0130500501955275,78.33248901367188,0.0,0.0,True,too_empty,,False,
negative,/mnt/MammoDiffusion/MammoDiffusion/experiments/diffusers/04_sd21_lora/generated_images/final/negative/gen_1262.png,gen_1262.png,12.0,7.0,0.0,0.638763427734375,0.9923618078448234,0.6321601867675781,113.5469987991576,64.56963605873611,6.227266546393707,1515.2138671875,0.0,0.0,False,,-9.107634320631774,True,431.0
negative,/mnt/MammoDiffusion/MammoDiffusion/experiments/diffusers/04_sd21_lora/generated_images/final/negative/gen_1263.png,gen_1263.png,70.8956,57.0,1.0,0.5211944580078125,0.9947668120736599,0.5278511047363281,137.5673939280062,46.48602783115976,6.221719736640982,701.1487426757812,0.0,0.0,False,,-5.854481064624267,True,58.0
negative,/mnt/MammoDiffusion/MammoDiffusion/experiments/diffusers/04_sd21_lora/generated_images/final/negative/gen_1264.png,gen_1264.png,220.0,203.0,32.0,0.3032569885253906,0.9398971030353347,0.2834053039550781,234.2427011966134,23.098900176299185,7.00694527983162,1832.98779296875,0.0,0.0,False,,-30.75040950275076,True,1310.0
negative,/mnt/MammoDiffusion/MammoDiffusion/experiments/diffusers/04_sd21_lora/generated_images/final/negative/gen_1265.png,gen_1265.png,220.0,222.0,19.0,0.3509368896484375,0.9297686855950259,0.32720947265625,238.33055866442828,24.184162377291763,7.0477994117539495,1857.610107421875,0.0,0.0,False,,-34.37856309468221,False,
negative,/mnt/MammoDiffusion/MammoDiffusion/experiments/diffusers/04_sd21_lora/generated_images/final/negative/gen_1266.png,gen_1266.png,92.6868,61.0,3.0,0.33972930908203125,0.9561746277706663,0.3849449157714844,143.57041353271694,53.66392145807846,6.465369136035822,1212.435546875,0.0,0.0,False,,-20.92315719723534,True,1040.0
negative,/mnt/MammoDiffusion/MammoDiffusion/experiments/diffusers/04_sd21_lora/generated_images/final/negative/gen_1267.png,gen_1267.png,141.5824,101.0,4.0,0.17084121704101562,0.675828960589483,0.13741302490234375,179.41119315973572,31.52294230543445,6.061910503789975,974.3722534179688,0.0,0.0,True,fragmented_mask,,False,
negative,/mnt/MammoDiffusion/MammoDiffusion/experiments/diffusers/04_sd21_lora/generated_images/final/negative/gen_1268.png,gen_1268.png,220.0,128.0,83.0,0.11109542846679688,0.795900147649624,0.048480987548828125,248.70233692658746,31.54942958670258,7.234179991827463,1167.23193359375,0.0,0.0,True,too_empty,,False,
negative,/mnt/MammoDiffusion/MammoDiffusion/experiments/diffusers/04_sd21_lora/generated_images/final/negative/gen_1269.png,gen_1269.png,220.0,231.0,17.0,0.2773170471191406,0.9569308224548468,0.24509811401367188,245.11464413005245,24.57044880471486,6.9326493578433865,1719.5125732421875,0.0,0.0,False,,-24.444074418895028,True,1146.0
negative,/mnt/MammoDiffusion/MammoDiffusion/experiments/diffusers/04_sd21_lora/generated_images/final/negative/gen_1270.png,gen_1270.png,95.47800000000001,46.0,5.0,0.23046112060546875,0.897440990498891,0.1927642822265625,152.51693976094356,56.59915572225744,6.71368767981812,1971.475341796875,0.0,0.0,False,,-46.04019802157799,False,
negative,/mnt/MammoDiffusion/MammoDiffusion/experiments/diffusers/04_sd21_lora/generated_images/final/negative/gen_1271.png,gen_1271.png,52.8956,39.0,1.0,0.479461669921875,0.9918926230029915,0.47418212890625,140.77763386536233,46.38497120430235,6.156492278624302,652.1726684570312,0.0,0.0,False,,-6.6209736961773835,True,112.0
negative,/mnt/MammoDiffusion/MammoDiffusion/experiments/diffusers/04_sd21_lora/generated_images/final/negative/gen_1272.png,gen_1272.png,122.7912,100.0,2.0,0.14513015747070312,0.9340254961230122,0.17120361328125,154.74532085561498,43.38386186226645,5.280506603703285,914.8663330078125,0.0,0.0,False,,-29.01586623639522,True,1268.0
negative,/mnt/MammoDiffusion/MammoDiffusion/experiments/diffusers/04_sd21_lora/generated_images/final/negative/gen_1273.png,gen_1273.png,45.8956,32.0,1.0,0.48764801025390625,0.9816480748470673,0.4956474304199219,123.6043438440403,60.21469261948227,6.247420410768689,1218.2197265625,0.0,0.0,False,,-11.81636779379551,True,680.0
negative,/mnt/MammoDiffusion/MammoDiffusion/experiments/diffusers/04_sd21_lora/generated_images/final/negative/gen_1274.png,gen_1274.png,101.8956,88.0,1.0,0.218536376953125,0.9175569054601312,0.23504257202148438,152.22806134869757,50.515119348921715,5.452970438230029,869.7872314453125,0.0,0.0,False,,-35.25932735061235,False,
negative,/mnt/MammoDiffusion/MammoDiffusion/experiments/diffusers/04_sd21_lora/generated_images/final/negative/gen_1275.png,gen_1275.png,26.7912,4.0,2.0,0.5935211181640625,0.9939326940381006,0.6195182800292969,100.99218610493648,61.41900971951198,7.072525072314616,1834.6121826171875,0.0,0.0,False,,-9.175695025891118,True,446.0
negative,/mnt/MammoDiffusion/MammoDiffusion/experiments/diffusers/04_sd21_lora/generated_images/final/negative/gen_1276.png,gen_1276.png,92.6868,61.0,3.0,0.2801055908203125,0.8780029416571336,0.24913406372070312,148.749513849546,51.040201159708474,6.503084777437706,1398.86572265625,0.0,0.0,False,,-51.73135985847597,False,
negative,/mnt/MammoDiffusion/MammoDiffusion/experiments/diffusers/04_sd21_lora/generated_images/final/negative/gen_1277.png,gen_1277.png,68.6868,37.0,3.0,0.253173828125,0.9789054966248795,0.27846527099609375,138.2974739033946,60.437509529038806,6.224236519623135,1430.44384765625,0.0,0.0,False,,-13.374068482096266,True,757.0
negative,/mnt/MammoDiffusion/MammoDiffusion/experiments/diffusers/04_sd21_lora/generated_images/final/negative/gen_1278.png,gen_1278.png,135.7912,113.0,2.0,0.07896041870117188,0.9519783564423402,0.07284927368164062,176.28397130439336,20.378983801019825,4.202100828926265,299.86895751953125,0.0,0.0,True,too_empty,,False,
negative,/mnt/MammoDiffusion/MammoDiffusion/experiments/diffusers/04_sd21_lora/generated_images/final/negative/gen_1279.png,gen_1279.png,122.5824,82.0,4.0,0.19090652465820312,0.7335797781996204,0.16234970092773438,173.73624850207946,43.453604104922846,6.431677035876009,1560.5787353515625,0.0,0.0,True,fragmented_mask,,False,
negative,/mnt/MammoDiffusion/MammoDiffusion/experiments/diffusers/04_sd21_lora/generated_images/final/negative/gen_1280.png,gen_1280.png,220.0,254.0,1.0,0.143035888671875,0.809499679965863,0.05974578857421875,253.3553824543481,12.044282416930253,7.30245878343721,1293.8582763671875,0.0,0.0,True,too_empty,,False,
negative,/mnt/MammoDiffusion/MammoDiffusion/experiments/diffusers/04_sd21_lora/generated_images/final/negative/gen_1281.png,gen_1281.png,76.7912,54.0,2.0,0.211517333984375,0.9580688212379166,0.227325439453125,134.79055913545443,62.03458459607575,5.795308020939932,1303.22021484375,0.0,0.0,False,,-21.117965892911727,True,1047.0
negative,/mnt/MammoDiffusion/MammoDiffusion/experiments/diffusers/04_sd21_lora/generated_images/final/negative/gen_1282.png,gen_1282.png,51.8956,38.0,1.0,0.5945091247558594,0.9912542429433996,0.6425971984863281,110.39451953957483,56.27391384471317,6.881321812178987,1304.1517333984375,0.0,0.0,False,,-9.370113276427698,True,466.0
negative,/mnt/MammoDiffusion/MammoDiffusion/experiments/diffusers/04_sd21_lora/generated_images/final/negative/gen_1283.png,gen_1283.png,36.6868,5.0,3.0,0.5556106567382812,0.9927772056299348,0.6048774719238281,104.75198183710151,63.49823771057192,7.084349376296553,1918.451416015625,0.0,0.0,False,,-9.814569083050008,True,516.0
negative,/mnt/MammoDiffusion/MammoDiffusion/experiments/diffusers/04_sd21_lora/generated_images/final/negative/gen_1284.png,gen_1284.png,220.0,253.0,1.0,0.22308349609375,0.9263337893296854,0.17478179931640625,253.5010694486883,4.030982545257923,6.847826226319337,1787.3692626953125,0.0,0.0,True,low_contrast,,False,
negative,/mnt/MammoDiffusion/MammoDiffusion/experiments/diffusers/04_sd21_lora/generated_images/final/negative/gen_1285.png,gen_1285.png,52.8956,39.0,1.0,0.45590972900390625,0.9825208762153388,0.4681510925292969,133.9374852309673,58.80734555111089,6.193100077159885,1268.02392578125,0.0,0.0,False,,-11.42558820172458,True,651.0
negative,/mnt/MammoDiffusion/MammoDiffusion/experiments/diffusers/04_sd21_lora/generated_images/final/negative/gen_1286.png,gen_1286.png,106.8956,93.0,1.0,0.2985992431640625,0.9863559711789054,0.3132286071777344,152.7925125744419,37.66171684542429,5.252999615729867,432.69464111328125,0.0,0.0,False,,-8.051400567598915,True,283.0
negative,/mnt/MammoDiffusion/MammoDiffusion/experiments/diffusers/04_sd21_lora/generated_images/final/negative/gen_1287.png,gen_1287.png,153.6868,122.0,3.0,0.059123992919921875,0.9679979353506678,0.05277252197265625,178.23637415064334,13.378507490240839,5.011970143157997,947.7633056640625,0.0,0.0,True,too_empty,,False,
negative,/mnt/MammoDiffusion/MammoDiffusion/experiments/diffusers/04_sd21_lora/generated_images/final/negative/gen_1288.png,gen_1288.png,121.8956,108.0,1.0,0.2821083068847656,0.9637607669736183,0.31560516357421875,145.91697488336112,30.980735773689158,4.698146870965834,231.0435028076172,0.0,0.0,False,,-16.645582050167604,True,896.0
negative,/mnt/MammoDiffusion/MammoDiffusion/experiments/diffusers/04_sd21_lora/generated_images/final/negative/gen_1289.png,gen_1289.png,91.5824,51.0,4.0,0.31395721435546875,0.9846662292532381,0.35120391845703125,149.80959311798057,53.26363727943568,6.529249940589653,1276.010986328125,0.0,0.0,False,,-10.566617683940645,True,585.0
negative,/mnt/MammoDiffusion/MammoDiffusion/experiments/diffusers/04_sd21_lora/generated_images/final/negative/gen_1290.png,gen_1290.png,97.0,91.0,1.0,0.04488372802734375,0.8804181540030597,0.035037994384765625,183.589330430049,26.374297864546293,3.7509239718036063,183.06260681152344,0.0,0.0,True,too_empty,,False,
negative,/mnt/MammoDiffusion/MammoDiffusion/experiments/diffusers/04_sd21_lora/generated_images/final/negative/gen_1291.png,gen_1291.png,72.6868,41.0,3.0,0.57318115234375,0.9820572888936215,0.6317062377929688,126.82831918259882,50.37278926414285,7.32532217913417,1329.77587890625,0.0,0.0,False,,-13.167613944253565,True,746.0
negative,/mnt/MammoDiffusion/MammoDiffusion/experiments/diffusers/04_sd21_lora/generated_images/final/negative/gen_1292.png,gen_1292.png,130.7912,108.0,2.0,0.123870849609375,0.4101379650160138,0.050205230712890625,170.54091634374288,35.09544793143203,4.917245597713046,407.5284118652344,0.0,0.0,True,too_empty,,False,
negative,/mnt/MammoDiffusion/MammoDiffusion/experiments/diffusers/04_sd21_lora/generated_images/final/negative/gen_1293.png,gen_1293.png,111.5824,71.0,4.0,0.13316726684570312,0.8625282878340829,0.11919021606445312,155.89790366458632,38.070080627341945,5.824469965629994,1179.050537109375,0.0,0.0,False,,-57.164407105630175,False,
negative,/mnt/MammoDiffusion/MammoDiffusion/experiments/diffusers/04_sd21_lora/generated_images/final/negative/gen_1294.png,gen_1294.png,69.5824,29.0,4.0,0.39144134521484375,0.9443155904652386,0.4112281799316406,137.19778109665032,58.902940238709846,7.081971890213698,2200.4306640625,0.0,0.0,False,,-27.591029364628746,True,1226.0
negative,/mnt/MammoDiffusion/MammoDiffusion/experiments/diffusers/04_sd21_lora/generated_images/final/negative/gen_1295.png,gen_1295.png,94.6868,63.0,3.0,0.2320098876953125,0.9428806313712594,0.26305389404296875,147.67200324835406,57.132889889029805,6.123656876468882,1307.5213623046875,0.0,0.0,False,,-26.886209471901797,True,1211.0
negative,/mnt/MammoDiffusion/MammoDiffusion/experiments/diffusers/04_sd21_lora/generated_images/final/negative/gen_1296.png,gen_1296.png,37.0,32.0,0.0,0.6169395446777344,0.9967785218299975,0.6231117248535156,108.27935351556522,52.31671198861459,6.427205495036295,962.7523803710938,0.0,0.0,False,,-6.0545439479027,True,66.0
negative,/mnt/MammoDiffusion/MammoDiffusion/experiments/diffusers/04_sd21_lora/generated_images/final/negative/gen_1297.png,gen_1297.png,75.8956,62.0,1.0,0.265777587890625,0.9578883913193248,0.3184318542480469,124.98637915543576,59.327241731078196,5.74146054019584,1226.3656005859375,0.0,0.0,False,,-20.10563544596684,True,1011.0
negative,/mnt/MammoDiffusion/MammoDiffusion/experiments/diffusers/04_sd21_lora/generated_images/final/negative/gen_1298.png,gen_1298.png,127.7912,105.0,2.0,0.05278778076171875,0.9971094088741148,0.048107147216796875,184.22274205059077,25.077024027104454,4.389220885082286,376.97149658203125,0.0,0.0,True,too_empty,,False,
negative,/mnt/MammoDiffusion/MammoDiffusion/experiments/diffusers/04_sd21_lora/generated_images/final/negative/gen_1299.png,gen_1299.png,220.0,243.0,11.0,0.3284759521484375,0.9000557439494589,0.2883415222167969,253.63939566327542,11.79156250438919,6.540632039186079,1553.173583984375,0.0,0.0,False,,-46.01769223164571,False,
negative,/mnt/MammoDiffusion/MammoDiffusion/experiments/diffusers/04_sd21_lora/generated_images/final/negative/gen_1300.png,gen_1300.png,64.8956,51.0,1.0,0.484710693359375,0.9940266322483158,0.5494804382324219,123.84224849524101,56.59494983320145,6.52227121678472,1138.8294677734375,0.0,0.0,False,,-7.41958522360649,True,192.0
negative,/mnt/MammoDiffusion/MammoDiffusion/experiments/diffusers/04_sd21_lora/generated_images/final/negative/gen_1301.png,gen_1301.png,97.7912,75.0,2.0,0.25688934326171875,0.937824834427252,0.2979011535644531,146.69691265542366,53.204923642286694,5.814669487753322,822.556640625,0.0,0.0,False,,-27.43533360075324,True,1222.0
negative,/mnt/MammoDiffusion/MammoDiffusion/experiments/diffusers/04_sd21_lora/generated_images/final/negative/gen_1302.png,gen_1302.png,86.8956,73.0,1.0,0.377777099609375,0.9368789886097423,0.4267616271972656,130.47255369928402,50.61292976883533,6.247470423376383,830.5845947265625,0.0,0.0,False,,-27.428138490238872,True,1221.0
negative,/mnt/MammoDiffusion/MammoDiffusion/experiments/diffusers/04_sd21_lora/generated_images/final/negative/gen_1303.png,gen_1303.png,91.7912,69.0,2.0,0.2724418640136719,0.8978143071171537,0.3209228515625,143.1750427919361,59.9883044103672,5.991511318905574,1095.8494873046875,0.0,0.0,False,,-43.277316770310414,False,
negative,/mnt/MammoDiffusion/MammoDiffusion/experiments/diffusers/04_sd21_lora/generated_images/final/negative/gen_1304.png,gen_1304.png,123.7912,101.0,2.0,0.20973587036132812,0.9681890107491679,0.2030029296875,163.15437086590498,35.15316831875648,5.371532330714724,524.8452758789062,0.0,0.0,False,,-15.984124278250118,True,877.0
negative,/mnt/MammoDiffusion/MammoDiffusion/experiments/diffusers/04_sd21_lora/generated_images/final/negative/gen_1305.png,gen_1305.png,220.0,215.0,31.0,0.3966064453125,0.9728089412126808,0.375579833984375,246.11505647192655,17.97719495574724,6.908016501181384,1601.5789794921875,0.0,0.0,False,,-17.733051940813205,True,930.0
negative,/mnt/MammoDiffusion/MammoDiffusion/experiments/diffusers/04_sd21_lora/generated_images/final/negative/gen_1306.png,gen_1306.png,52.7912,30.0,2.0,0.5760841369628906,0.9950998894164234,0.5874519348144531,123.77198257108904,53.02177421634916,6.837994464496472,1137.991455078125,0.0,0.0,False,,-7.341432514205597,True,182.0
negative,/mnt/MammoDiffusion/MammoDiffusion/experiments/diffusers/04_sd21_lora/generated_images/final/negative/gen_1307.png,gen_1307.png,37.6868,6.0,3.0,0.7263298034667969,0.9977048680955657,0.7313613891601562,122.63477326545728,52.09512677717894,7.551951866536754,1752.230712890625,0.0,0.0,False,,-8.674835742067094,True,376.0
negative,/mnt/MammoDiffusion/MammoDiffusion/experiments/diffusers/04_sd21_lora/generated_images/final/negative/gen_1308.png,gen_1308.png,121.5824,81.0,4.0,0.19127273559570312,0.8224806046947608,0.17954635620117188,165.69262965559733,45.389813394054,6.467102580868194,1555.0625,0.0,0.0,False,,-73.43964750119022,False,
negative,/mnt/MammoDiffusion/MammoDiffusion/experiments/diffusers/04_sd21_lora/generated_images/final/negative/gen_1309.png,gen_1309.png,43.6868,12.0,3.0,0.428985595703125,0.9771910791776339,0.4571075439453125,120.55932670160564,61.64496117956147,6.948278736196755,1989.633544921875,0.0,0.0,False,,-14.88835431290789,True,825.0
negative,/mnt/MammoDiffusion/MammoDiffusion/experiments/diffusers/04_sd21_lora/generated_images/final/negative/gen_1310.png,gen_1310.png,55.8956,42.0,1.0,0.5268135070800781,0.9934178608409787,0.5254287719726562,136.4460642669416,47.4491609403688,6.414204453273028,808.9931030273438,0.0,0.0,False,,-6.688236165604815,True,119.0
negative,/mnt/MammoDiffusion/MammoDiffusion/experiments/diffusers/04_sd21_lora/generated_images/final/negative/gen_1311.png,gen_1311.png,159.0,150.0,2.0,0.043399810791015625,0.6560604728838886,0.02642822265625,171.06784064665126,7.148338714446461,4.289850756408901,455.8105163574219,0.0,0.0,True,too_empty,,False,
negative,/mnt/MammoDiffusion/MammoDiffusion/experiments/diffusers/04_sd21_lora/generated_images/final/negative/gen_1312.png,gen_1312.png,117.7912,95.0,2.0,0.05107879638671875,0.9960418222554145,0.04599761962890625,178.64720517498756,24.801272196645503,4.287104687145532,341.854736328125,0.0,0.0,True,too_empty,,False,
negative,/mnt/MammoDiffusion/MammoDiffusion/experiments/diffusers/04_sd21_lora/generated_images/final/negative/gen_1313.png,gen_1313.png,199.0,193.0,3.0,0.0483245849609375,0.21013577518155985,0.0088043212890625,211.05372616984403,9.333539760020317,6.498883224666933,1395.44287109375,0.0,0.0,True,too_empty,,False,
negative,/mnt/MammoDiffusion/MammoDiffusion/experiments/diffusers/04_sd21_lora/generated_images/final/negative/gen_1314.png,gen_1314.png,93.8956,80.0,1.0,0.38915252685546875,0.922442017762268,0.4372711181640625,139.94667969431552,50.385883492802606,6.215952246993169,792.5488891601562,0.0,0.0,False,,-33.0542721201096,False,
negative,/mnt/MammoDiffusion/MammoDiffusion/experiments/diffusers/04_sd21_lora/generated_images/final/negative/gen_1315.png,gen_1315.png,42.0,37.0,0.0,0.6168632507324219,0.9875886634468514,0.6054763793945312,135.00310605965146,46.81733265567817,6.2797768109711,673.2254638671875,0.0,0.0,False,,-9.138780314963267,True,435.0
negative,/mnt/MammoDiffusion/MammoDiffusion/experiments/diffusers/04_sd21_lora/generated_images/final/negative/gen_1316.png,gen_1316.png,65.8956,52.0,1.0,0.4464302062988281,0.9586341846892651,0.4608917236328125,123.59621751365668,51.54131535130553,6.081860157260922,784.4935913085938,0.0,0.0,False,,-19.131360293289763,True,979.0
negative,/mnt/MammoDiffusion/MammoDiffusion/experiments/diffusers/04_sd21_lora/generated_images/final/negative/gen_1317.png,gen_1317.png,23.8956,10.0,1.0,0.6553916931152344,0.9979628303852579,0.65875244140625,116.70177429815621,59.056897965878555,6.974332506208743,1727.917236328125,0.0,0.0,False,,-7.835656953254178,True,244.0
negative,/mnt/MammoDiffusion/MammoDiffusion/experiments/diffusers/04_sd21_lora/generated_images/final/negative/gen_1318.png,gen_1318.png,59.7912,37.0,2.0,0.4011192321777344,0.95278218942283,0.4360160827636719,126.8525446416854,65.07924263815093,6.195552739314744,1472.004638671875,0.0,0.0,False,,-22.978618736696426,True,1107.0
negative,/mnt/MammoDiffusion/MammoDiffusion/experiments/diffusers/04_sd21_lora/generated_images/final/negative/gen_1319.png,gen_1319.png,151.8956,138.0,1.0,0.12039566040039062,0.738538069135959,0.0872344970703125,189.81314500612208,21.873040099223214,6.698013193232653,652.2188110351562,0.0,0.0,True,too_empty,,False,
negative,/mnt/MammoDiffusion/MammoDiffusion/experiments/diffusers/04_sd21_lora/generated_images/final/negative/gen_1320.png,gen_1320.png,80.8956,67.0,1.0,0.2735748291015625,0.9754448100842211,0.3208503723144531,130.43027500029723,56.17091399571911,5.704545783231296,806.7384033203125,0.0,0.0,False,,-12.765072680516163,True,728.0
negative,/mnt/MammoDiffusion/MammoDiffusion/experiments/diffusers/04_sd21_lora/generated_images/final/negative/gen_1321.png,gen_1321.png,126.6868,95.0,3.0,0.15445709228515625,0.7413682390713756,0.06625747680664062,169.09280902757786,40.17383235995231,5.9563932588242015,850.3556518554688,0.0,0.0,True,too_empty,,False,
negative,/mnt/MammoDiffusion/MammoDiffusion/experiments/diffusers/04_sd21_lora/generated_images/final/negative/gen_1322.png,gen_1322.png,108.5824,68.0,4.0,0.173583984375,0.8371791490857946,0.18687057495117188,153.55841345663134,52.34280228401993,6.060440551637335,1447.389404296875,0.0,0.0,False,,-67.48644705101876,False,
negative,/mnt/MammoDiffusion/MammoDiffusion/experiments/diffusers/04_sd21_lora/generated_images/final/negative/gen_1323.png,gen_1323.png,104.6868,73.0,3.0,0.23016738891601562,0.9171321079934369,0.23476791381835938,162.97265326682157,51.030497843078216,6.2315682700234465,1304.8055419921875,0.0,0.0,False,,-36.87573440926099,False,
negative,/mnt/MammoDiffusion/MammoDiffusion/experiments/diffusers/04_sd21_lora/generated_images/final/negative/gen_1324.png,gen_1324.png,10.0,1.0,0.0,0.8726615905761719,0.998797882524709,0.8634986877441406,132.4069473098281,50.652263049155394,7.326282939434186,1124.2850341796875,0.0,0.0,False,,-8.241094972606525,True,309.0
negative,/mnt/MammoDiffusion/MammoDiffusion/experiments/diffusers/04_sd21_lora/generated_images/final/negative/gen_1325.png,gen_1325.png,102.7912,80.0,2.0,0.2582740783691406,0.8805996602909681,0.2645416259765625,151.94511737901598,45.74645661274668,6.073282564717546,784.625732421875,0.0,0.0,False,,-49.233936887098814,False,
negative,/mnt/MammoDiffusion/MammoDiffusion/experiments/diffusers/04_sd21_lora/generated_images/final/negative/gen_1326.png,gen_1326.png,100.7912,78.0,2.0,0.20006942749023438,0.956298739680058,0.23329544067382812,151.68141014111222,53.46352638376009,5.527634191155844,997.3133544921875,0.0,0.0,False,,-20.95228719037722,True,1041.0
negative,/mnt/MammoDiffusion/MammoDiffusion/experiments/diffusers/04_sd21_lora/generated_images/final/negative/gen_1327.png,gen_1327.png,220.0,249.0,5.0,0.2650566101074219,0.9437416346444454,0.24786758422851562,249.65116887514043,30.20781487566367,6.591529612170817,1689.5164794921875,0.0,0.0,False,,-28.877762770684647,True,1264.0
negative,/mnt/MammoDiffusion/MammoDiffusion/experiments/diffusers/04_sd21_lora/generated_images/final/negative/gen_1328.png,gen_1328.png,170.0,165.0,0.0,0.05126953125,0.8279761904761904,0.042217254638671875,186.52534562211983,11.446307217042976,5.461810243566916,266.0611267089844,0.0,0.0,True,too_empty,,False,
negative,/mnt/MammoDiffusion/MammoDiffusion/experiments/diffusers/04_sd21_lora/generated_images/final/negative/gen_1329.png,gen_1329.png,149.6868,118.0,3.0,0.18241119384765625,0.8735204316366222,0.15767288208007812,178.26063919870322,22.688441381359773,5.933280887517726,720.362548828125,0.0,0.0,False,,-53.43741462507742,False,
negative,/mnt/MammoDiffusion/MammoDiffusion/experiments/diffusers/04_sd21_lora/generated_images/final/negative/gen_1330.png,gen_1330.png,196.0,178.5,11.5,0.048755645751953125,0.4638134731241687,0.024532318115234375,206.60550458715596,8.721883008755226,7.136489527974197,1303.572021484375,0.0,0.0,True,too_empty,,False,
negative,/mnt/MammoDiffusion/MammoDiffusion/experiments/diffusers/04_sd21_lora/generated_images/final/negative/gen_1331.png,gen_1331.png,220.0,224.0,7.0,0.4137229919433594,0.9467244479277119,0.3894462585449219,229.4537520447444,14.586897031865986,6.57458257055978,1852.732421875,0.0,0.0,False,,-27.525416469384844,True,1224.0
negative,/mnt/MammoDiffusion/MammoDiffusion/experiments/diffusers/04_sd21_lora/generated_images/final/negative/gen_1332.png,gen_1332.png,124.8956,111.0,1.0,0.13696670532226562,0.9953209859351065,0.13452911376953125,158.55509555946236,18.70869120083933,4.030096311165612,147.9706268310547,0.0,0.0,False,,-6.320003864718811,True,87.0
negative,/mnt/MammoDiffusion/MammoDiffusion/experiments/diffusers/04_sd21_lora/generated_images/final/negative/gen_1333.png,gen_1333.png,110.8956,97.0,1.0,0.4285736083984375,0.9809431409548902,0.4493827819824219,150.65995772603415,35.13104548214081,5.979575756470185,522.7420043945312,0.0,0.0,False,,-10.637226411362935,True,594.0
negative,/mnt/MammoDiffusion/MammoDiffusion/experiments/diffusers/04_sd21_lora/generated_images/final/negative/gen_1334.png,gen_1334.png,182.0,172.0,5.0,0.04575347900390625,0.4468067367016842,0.021640777587890625,199.46677243081263,15.150749546174113,6.84369536463697,1218.6942138671875,0.0,0.0,True,too_empty,,False,
negative,/mnt/MammoDiffusion/MammoDiffusion/experiments/diffusers/04_sd21_lora/generated_images/final/negative/gen_1335.png,gen_1335.png,120.5824,80.0,4.0,0.2839164733886719,0.9476399693659558,0.3108177185058594,161.2323666220744,39.492966708701886,6.359752633129409,340.4194030761719,0.0,0.0,False,,-23.898296467590313,True,1134.0
negative,/mnt/MammoDiffusion/MammoDiffusion/experiments/diffusers/04_sd21_lora/generated_images/final/negative/gen_1336.png,gen_1336.png,44.8956,31.0,1.0,0.6140556335449219,0.9938063377875518,0.6249618530273438,127.65281694439358,58.269501209952615,6.481783661639129,1121.5421142578125,0.0,0.0,False,,-8.112680956077716,True,293.0
negative,/mnt/MammoDiffusion/MammoDiffusion/experiments/diffusers/04_sd21_lora/generated_images/final/negative/gen_1337.png,gen_1337.png,145.8956,132.0,1.0,0.105224609375,0.6474767981438515,0.06763839721679688,194.16473972139192,26.76936147632158,5.682865612321323,773.8902587890625,0.0,0.0,True,too_empty,,False,
negative,/mnt/MammoDiffusion/MammoDiffusion/experiments/diffusers/04_sd21_lora/generated_images/final/negative/gen_1338.png,gen_1338.png,145.6868,114.0,3.0,0.14644241333007812,0.7930657219516007,0.13330841064453125,181.5674469181022,37.503315837154695,5.6273145661825,741.57373046875,0.0,0.0,False,,-83.1602414457838,False,
negative,/mnt/MammoDiffusion/MammoDiffusion/experiments/diffusers/04_sd21_lora/generated_images/final/negative/gen_1339.png,gen_1339.png,47.6868,16.0,3.0,0.43079376220703125,0.9890640219605065,0.4501495361328125,124.79415104572726,60.955997062394765,6.862057530306467,2007.7020263671875,0.0,0.0,False,,-10.324612194277274,True,563.0
negative,/mnt/MammoDiffusion/MammoDiffusion/experiments/diffusers/04_sd21_lora/generated_images/final/negative/gen_1340.png,gen_1340.png,115.5824,75.0,4.0,0.20948410034179688,0.8117636347081854,0.23796463012695312,156.48043474775974,50.33378167877346,6.345319272328443,1571.5467529296875,0.0,0.0,False,,-77.13454843861142,False,
negative,/mnt/MammoDiffusion/MammoDiffusion/experiments/diffusers/04_sd21_lora/generated_images/final/negative/gen_1341.png,gen_1341.png,41.6868,10.0,3.0,0.5938453674316406,0.9942700404052084,0.6158332824707031,115.26827183359453,56.841944779304214,7.345349769283686,2018.3875732421875,0.0,0.0,False,,-9.502484655276444,True,482.0
negative,/mnt/MammoDiffusion/MammoDiffusion/experiments/diffusers/04_sd21_lora/generated_images/final/negative/gen_1342.png,gen_1342.png,175.0,117.0,6.0,0.049365997314453125,0.9326172629626768,0.042308807373046875,193.44197998377064,14.265920654535408,5.66810485933879,2098.15869140625,0.0,0.0,True,too_empty,,False,
negative,/mnt/MammoDiffusion/MammoDiffusion/experiments/diffusers/04_sd21_lora/generated_images/final/negative/gen_1343.png,gen_1343.png,128.7912,106.0,2.0,0.06777191162109375,0.9355510525723292,0.0518341064453125,189.98969679128643,25.071878649693012,4.405167713231643,478.8277587890625,0.0,0.0,True,too_empty,,False,
negative,/mnt/MammoDiffusion/MammoDiffusion/experiments/diffusers/04_sd21_lora/generated_images/final/negative/gen_1344.png,gen_1344.png,220.0,251.0,2.0,0.34607696533203125,0.9276581204118075,0.3183479309082031,250.3576623967982,24.75341792951678,6.3777478166030885,1563.6522216796875,0.0,0.0,False,,-34.46245148999844,False,
negative,/mnt/MammoDiffusion/MammoDiffusion/experiments/diffusers/04_sd21_lora/generated_images/final/negative/gen_1345.png,gen_1345.png,156.6868,125.0,3.0,0.06409072875976562,0.9413130170823165,0.056316375732421875,184.65718349928875,12.517321212300342,4.932143208774353,830.052734375,0.0,0.0,True,too_empty,,False,
negative,/mnt/MammoDiffusion/MammoDiffusion/experiments/diffusers/04_sd21_lora/generated_images/final/negative/gen_1346.png,gen_1346.png,16.8956,3.0,1.0,0.7399826049804688,0.9973244940252188,0.7385025024414062,112.43932663202372,52.442304434814965,7.2016096909679375,1351.8746337890625,0.0,0.0,False,,-7.878668207160185,True,251.0
negative,/mnt/MammoDiffusion/MammoDiffusion/experiments/diffusers/04_sd21_lora/generated_images/final/negative/gen_1347.png,gen_1347.png,93.6868,62.0,3.0,0.1648406982421875,0.7525918726279737,0.11746597290039062,165.66070210762186,51.71705350349952,5.789470341241917,1122.7899169921875,0.0,0.0,False,,-99.5699649839465,False,
negative,/mnt/MammoDiffusion/MammoDiffusion/experiments/diffusers/04_sd21_lora/generated_images/final/negative/gen_1348.png,gen_1348.png,142.6868,111.0,3.0,0.23970794677734375,0.7462363537986568,0.19653701782226562,177.90753285068226,29.334872139535236,6.253168132848599,953.7056884765625,0.0,0.0,True,fragmented_mask,,False,
negative,/mnt/MammoDiffusion/MammoDiffusion/experiments/diffusers/04_sd21_lora/generated_images/final/negative/gen_1349.png,gen_1349.png,87.8956,74.0,1.0,0.47624969482421875,0.9811207407526072,0.5409011840820312,129.0045911674683,46.16790925869302,6.257243335738287,517.455810546875,0.0,0.0,False,,-11.204345186959836,True,634.0
negative,/mnt/MammoDiffusion/MammoDiffusion/experiments/diffusers/04_sd21_lora/generated_images/final/negative/gen_1350.png,gen_1350.png,76.8956,63.0,1.0,0.24434661865234375,0.849142910669123,0.2496337890625,146.56763447432763,58.7047397123749,5.756334392603709,1012.5631103515625,0.0,0.0,False,,-61.90767405896816,False,
negative,/mnt/MammoDiffusion/MammoDiffusion/experiments/diffusers/04_sd21_lora/generated_images/final/negative/gen_1351.png,gen_1351.png,196.0,167.0,5.0,0.0486297607421875,0.4082993410731095,0.020786285400390625,204.49183336392,10.931491282859001,6.5561851392711965,1648.0516357421875,0.0,0.0,True,too_empty,,False,
negative,/mnt/MammoDiffusion/MammoDiffusion/experiments/diffusers/04_sd21_lora/generated_images/final/negative/gen_1352.png,gen_1352.png,220.0,234.0,2.0,0.3670616149902344,0.9644263845442358,0.3454170227050781,234.72905277805387,16.69557397051164,6.50220709815502,1498.948486328125,0.0,0.0,False,,-20.506411915812283,True,1030.0
negative,/mnt/MammoDiffusion/MammoDiffusion/experiments/diffusers/04_sd21_lora/generated_images/final/negative/gen_1353.png,gen_1353.png,84.47800000000001,35.0,5.0,0.38307952880859375,0.9886877377467089,0.4202308654785156,145.79097865850892,54.25952514682277,6.9977115133940835,1888.7998046875,0.0,0.0,False,,-10.231150448792075,True,558.0
negative,/mnt/MammoDiffusion/MammoDiffusion/experiments/diffusers/04_sd21_lora/generated_images/final/negative/gen_1354.png,gen_1354.png,132.0,127.0,1.0,0.040897369384765625,0.8322917638280011,0.023654937744140625,190.9830672472182,27.026649877295153,3.6833614104988497,199.18988037109375,0.0,0.0,True,too_empty,,False,
negative,/mnt/MammoDiffusion/MammoDiffusion/experiments/diffusers/04_sd21_lora/generated_images/final/negative/gen_1355.png,gen_1355.png,117.0,110.0,2.0,0.038265228271484375,0.7993221014853953,0.026836395263671875,186.10604122245914,23.022558984832656,3.7875267080795,234.3564453125,0.0,0.0,True,too_empty,,False,
negative,/mnt/MammoDiffusion/MammoDiffusion/experiments/diffusers/04_sd21_lora/generated_images/final/negative/gen_1356.png,gen_1356.png,78.7912,56.0,2.0,0.3819313049316406,0.994216997433106,0.39861297607421875,142.58049265986563,49.362232260528856,6.223356650776193,909.0488891601562,0.0,0.0,False,,-5.710768929036574,True,43.0
negative,/mnt/MammoDiffusion/MammoDiffusion/experiments/diffusers/04_sd21_lora/generated_images/final/negative/gen_1357.png,gen_1357.png,37.6868,6.0,3.0,0.7000808715820312,0.9989265592136093,0.6957244873046875,125.57521109770808,42.65857274897979,7.194475798534423,865.60546875,0.0,0.0,False,,-6.151869520817932,True,71.0
negative,/mnt/MammoDiffusion/MammoDiffusion/experiments/diffusers/04_sd21_lora/generated_images/final/negative/gen_1358.png,gen_1358.png,46.0,41.0,0.0,0.5973320007324219,0.9764092804638955,0.5957145690917969,135.00694786857323,46.47483507670019,6.140981581059606,537.7251586914062,0.0,0.0,False,,-13.358873882658035,True,756.0
negative,/mnt/MammoDiffusion/MammoDiffusion/experiments/diffusers/04_sd21_lora/generated_images/final/negative/gen_1359.png,gen_1359.png,111.6868,80.0,3.0,0.16102981567382812,0.8491696870632269,0.13906097412109375,162.07645251549897,38.96793867886208,5.9246397283557535,1081.7257080078125,0.0,0.0,False,,-62.11497330075898,False,
negative,/mnt/MammoDiffusion/MammoDiffusion/experiments/diffusers/04_sd21_lora/generated_images/final/negative/gen_1360.png,gen_1360.png,220.0,249.0,4.0,0.3166923522949219,0.9055156048615377,0.2816352844238281,251.20181771390645,18.489303704811284,6.525984195965626,1837.6309814453125,0.0,0.0,False,,-43.95334282904123,False,
negative,/mnt/MammoDiffusion/MammoDiffusion/experiments/diffusers/04_sd21_lora/generated_images/final/negative/gen_1361.png,gen_1361.png,65.6868,34.0,3.0,0.4211540222167969,0.7857304602230012,0.3308372497558594,128.5990176069736,53.24407881957352,7.06016602158805,1115.9644775390625,0.0,0.0,False,,-86.052390466762,False,
negative,/mnt/MammoDiffusion/MammoDiffusion/experiments/diffusers/04_sd21_lora/generated_images/final/negative/gen_1362.png,gen_1362.png,114.6868,83.0,3.0,0.3640937805175781,0.9834250091675835,0.4000892639160156,150.1968516699879,36.45661804382815,6.207374052244685,275.1299743652344,0.0,0.0,False,,-9.804823454959395,True,514.0
negative,/mnt/MammoDiffusion/MammoDiffusion/experiments/diffusers/04_sd21_lora/generated_images/final/negative/gen_1363.png,gen_1363.png,78.6868,47.0,3.0,0.48856353759765625,0.9891703234067805,0.5237197875976562,139.92966712797727,52.51031974338647,7.0216067979193495,1412.590576171875,0.0,0.0,False,,-9.937603286730596,True,529.0
negative,/mnt/MammoDiffusion/MammoDiffusion/experiments/diffusers/04_sd21_lora/generated_images/final/negative/gen_1364.png,gen_1364.png,111.6868,80.0,3.0,0.16986465454101562,0.7495115542680051,0.15517807006835938,170.19425256274735,45.12319613978158,5.939161049264838,1261.09912109375,0.0,0.0,True,fragmented_mask,,False,
negative,/mnt/MammoDiffusion/MammoDiffusion/experiments/diffusers/04_sd21_lora/generated_images/final/negative/gen_1365.png,gen_1365.png,126.6868,95.0,3.0,0.13122940063476562,0.8943053980988924,0.1042022705078125,189.71375750475912,34.613105881549814,5.455440397952144,856.2477416992188,0.0,0.0,True,too_empty,,False,
negative,/mnt/MammoDiffusion/MammoDiffusion/experiments/diffusers/04_sd21_lora/generated_images/final/negative/gen_1366.png,gen_1366.png,114.6868,83.0,3.0,0.16861724853515625,0.8827881091353332,0.17453384399414062,160.46928070290474,52.51344248182452,5.793524928968964,1035.8673095703125,0.0,0.0,False,,-49.6219439927454,False,
negative,/mnt/MammoDiffusion/MammoDiffusion/experiments/diffusers/04_sd21_lora/generated_images/final/negative/gen_1367.png,gen_1367.png,220.0,230.0,24.0,0.20220565795898438,0.8200049050125455,0.11191940307617188,253.9267187020689,3.6011880460536796,7.104539314216799,1310.8375244140625,0.0,0.0,True,low_contrast,,False,
negative,/mnt/MammoDiffusion/MammoDiffusion/experiments/diffusers/04_sd21_lora/generated_images/final/negative/gen_1368.png,gen_1368.png,220.0,243.0,2.0,0.38755035400390625,0.9584128983995118,0.36541748046875,243.6436341239352,15.287856427212395,6.44688104963155,1866.5289306640625,0.0,0.0,False,,-23.326811005494022,True,1124.0
negative,/mnt/MammoDiffusion/MammoDiffusion/experiments/diffusers/04_sd21_lora/generated_images/final/negative/gen_1369.png,gen_1369.png,101.6868,70.0,3.0,0.23270034790039062,0.9719512794872215,0.2615699768066406,151.41228543510917,49.63944651401032,5.959498837080746,948.9925537109375,0.0,0.0,False,,-14.913084848246458,True,827.0
negative,/mnt/MammoDiffusion/MammoDiffusion/experiments/diffusers/04_sd21_lora/generated_images/final/negative/gen_1370.png,gen_1370.png,208.0,198.0,5.0,0.046398162841796875,0.22617775219929293,0.01197052001953125,218.0748884639898,10.72376668119388,6.562750526480425,1603.6097412109375,0.0,0.0,True,too_empty,,False,
negative,/mnt/MammoDiffusion/MammoDiffusion/experiments/diffusers/04_sd21_lora/generated_images/final/negative/gen_1371.png,gen_1371.png,84.3736,26.0,6.0,0.19001007080078125,0.9620357357960249,0.19704437255859375,163.32535718434195,62.88488014855601,6.525899976616422,3054.798095703125,0.0,0.0,False,,-23.308730373689876,True,1122.0
negative,/mnt/MammoDiffusion/MammoDiffusion/experiments/diffusers/04_sd21_lora/generated_images/final/negative/gen_1372.png,gen_1372.png,115.7912,93.0,2.0,0.19186782836914062,0.8402886852098534,0.1968841552734375,165.69055645973805,51.90310771829031,5.61799884247022,786.0515747070312,0.0,0.0,False,,-65.1758712050039,False,
negative,/mnt/MammoDiffusion/MammoDiffusion/experiments/diffusers/04_sd21_lora/generated_images/final/negative/gen_1373.png,gen_1373.png,148.7912,126.0,2.0,0.0879669189453125,0.8830008673026887,0.06952285766601562,187.30875171467764,18.093361982354185,4.788174067738894,505.789306640625,0.0,0.0,True,too_empty,,False,
negative,/mnt/MammoDiffusion/MammoDiffusion/experiments/diffusers/04_sd21_lora/generated_images/final/negative/gen_1374.png,gen_1374.png,63.7912,41.0,2.0,0.3820991516113281,0.9782159436929067,0.42562103271484375,120.81199024862423,55.86253780589412,6.47673819875061,1412.1905517578125,0.0,0.0,False,,-12.814294240049742,True,731.0
negative,/mnt/MammoDiffusion/MammoDiffusion/experiments/diffusers/04_sd21_lora/generated_images/final/negative/gen_1375.png,gen_1375.png,46.8956,33.0,1.0,0.4450187683105469,0.9902279292639231,0.4743232727050781,122.20767888307155,62.108642342536946,6.349146498552468,1550.20361328125,0.0,0.0,False,,-9.021065626129486,True,421.0
negative,/mnt/MammoDiffusion/MammoDiffusion/experiments/diffusers/04_sd21_lora/generated_images/final/negative/gen_1376.png,gen_1376.png,220.0,90.0,33.0,0.12406158447265625,0.9032039849947727,0.10387420654296875,252.9590525156078,16.954517090783536,6.852333726727574,1154.73974609375,0.0,0.0,True,too_empty,,False,
negative,/mnt/MammoDiffusion/MammoDiffusion/experiments/diffusers/04_sd21_lora/generated_images/final/negative/gen_1377.png,gen_1377.png,125.5824,85.0,4.0,0.0668487548828125,0.9411664003652134,0.05805206298828125,179.73912472072547,25.975243130591522,5.434112709704527,1387.1566162109375,0.0,0.0,True,too_empty,,False,
negative,/mnt/MammoDiffusion/MammoDiffusion/experiments/diffusers/04_sd21_lora/generated_images/final/negative/gen_1378.png,gen_1378.png,51.6868,20.0,3.0,0.4284477233886719,0.9954235854516316,0.4378929138183594,138.9380961922102,58.879378051855674,6.767992786996482,1624.93798828125,0.0,0.0,False,,-7.377795048136894,True,185.0
negative,/mnt/MammoDiffusion/MammoDiffusion/experiments/diffusers/04_sd21_lora/generated_images/final/negative/gen_1379.png,gen_1379.png,142.5824,102.0,4.0,0.11458969116210938,0.8192017044508805,0.09889984130859375,176.96320296227725,27.419718569462525,5.809857939321214,822.171142578125,0.0,0.0,True,too_empty,,False,
negative,/mnt/MammoDiffusion/MammoDiffusion/experiments/diffusers/04_sd21_lora/generated_images/final/negative/gen_1380.png,gen_1380.png,123.0,117.0,2.0,0.047229766845703125,0.8866004361521687,0.037506103515625,180.07017900732302,23.377956330642146,3.679061184425242,187.37213134765625,0.0,0.0,True,too_empty,,False,
negative,/mnt/MammoDiffusion/MammoDiffusion/experiments/diffusers/04_sd21_lora/generated_images/final/negative/gen_1381.png,gen_1381.png,43.8956,30.0,1.0,0.4527549743652344,0.9574426853825608,0.4629058837890625,127.4596697102548,59.24887628135719,6.246079693739616,1344.369140625,0.0,0.0,False,,-20.962072851316023,True,1042.0
negative,/mnt/MammoDiffusion/MammoDiffusion/experiments/diffusers/04_sd21_lora/generated_images/final/negative/gen_1382.png,gen_1382.png,138.6868,107.0,3.0,0.0860748291015625,0.9804112745967027,0.08232498168945312,167.7364348269311,19.51344925637392,4.610873410406155,373.44329833984375,0.0,0.0,True,too_empty,,False,
negative,/mnt/MammoDiffusion/MammoDiffusion/experiments/diffusers/04_sd21_lora/generated_images/final/negative/gen_1383.png,gen_1383.png,220.0,215.0,39.0,0.20386123657226562,0.5719952845193765,0.11463165283203125,254.55600665557404,4.061901396517471,6.947027741899687,1582.86083984375,0.0,0.0,True,low_contrast,,False,
negative,/mnt/MammoDiffusion/MammoDiffusion/experiments/diffusers/04_sd21_lora/generated_images/final/negative/gen_1384.png,gen_1384.png,123.8956,110.0,1.0,0.06765365600585938,0.9762616295460953,0.0635986328125,171.33649232245682,27.89041943975337,3.490481549461053,140.1595458984375,0.0,0.0,True,too_empty,,False,
negative,/mnt/MammoDiffusion/MammoDiffusion/experiments/diffusers/04_sd21_lora/generated_images/final/negative/gen_1385.png,gen_1385.png,58.6868,27.0,3.0,0.4000663757324219,0.9662169249106078,0.4545745849609375,114.91352254036454,57.47704953810644,6.806752615034872,1648.32080078125,0.0,0.0,False,,-18.138855688261813,True,942.0
negative,/mnt/MammoDiffusion/MammoDiffusion/experiments/diffusers/04_sd21_lora/generated_images/final/negative/gen_1386.png,gen_1386.png,98.6868,67.0,3.0,0.23170852661132812,0.9071467377883143,0.2470703125,151.96152420948616,54.059013561404555,6.218936558173411,1482.309326171875,0.0,0.0,False,,-40.7759384093716,False,
negative,/mnt/MammoDiffusion/MammoDiffusion/experiments/diffusers/04_sd21_lora/generated_images/final/negative/gen_1387.png,gen_1387.png,140.0,135.0,1.0,0.03753662109375,0.6580284552845529,0.021800994873046875,189.14313210848644,20.40985522645554,3.3951190577706853,140.05776977539062,0.0,0.0,True,too_empty,,False,
negative,/mnt/MammoDiffusion/MammoDiffusion/experiments/diffusers/04_sd21_lora/generated_images/final/negative/gen_1388.png,gen_1388.png,103.7912,81.0,2.0,0.2469482421875,0.9333601087493821,0.2822113037109375,151.88077858880777,53.78514254034601,5.708021712026039,878.87890625,0.0,0.0,False,,-29.342223941381775,True,1274.0
negative,/mnt/MammoDiffusion/MammoDiffusion/experiments/diffusers/04_sd21_lora/generated_images/final/negative/gen_1389.png,gen_1389.png,105.7912,83.0,2.0,0.22516250610351562,0.9280304955527319,0.253509521484375,152.78506079210305,52.68870421360461,5.5029654414637355,820.4120483398438,0.0,0.0,False,,-31.263988734975943,True,1330.0
negative,/mnt/MammoDiffusion/MammoDiffusion/experiments/diffusers/04_sd21_lora/generated_images/final/negative/gen_1390.png,gen_1390.png,220.0,250.0,4.0,0.25226593017578125,0.8195221533343414,0.207611083984375,249.9899125385859,25.943590455999615,6.851245266910626,1785.631591796875,0.0,0.0,False,,-76.8669095525845,False,
negative,/mnt/MammoDiffusion/MammoDiffusion/experiments/diffusers/04_sd21_lora/generated_images/final/negative/gen_1391.png,gen_1391.png,202.0,188.0,3.0,0.04889678955078125,0.3887501950382275,0.02094268798828125,212.49799635701274,11.474946797261708,6.835022540880937,1273.4351806640625,0.0,0.0,True,too_empty,,False,
negative,/mnt/MammoDiffusion/MammoDiffusion/experiments/diffusers/04_sd21_lora/generated_images/final/negative/gen_1392.png,gen_1392.png,91.7912,69.0,2.0,0.336456298828125,0.9496598639455782,0.37923431396484375,131.4938036896212,42.89301396758518,5.974997943864316,538.2373657226562,0.0,0.0,False,,-21.741690860768358,True,1068.0
negative,/mnt/MammoDiffusion/MammoDiffusion/experiments/diffusers/04_sd21_lora/generated_images/final/negative/gen_1393.png,gen_1393.png,115.0,96.0,5.0,0.04959869384765625,0.7489616982002769,0.032955169677734375,184.26959138789212,37.31345796555934,5.296676601009968,1376.1259765625,0.0,0.0,True,too_empty,,False,
negative,/mnt/MammoDiffusion/MammoDiffusion/experiments/diffusers/04_sd21_lora/generated_images/final/negative/gen_1394.png,gen_1394.png,116.5824,76.0,4.0,0.24920272827148438,0.9091187411024538,0.2520103454589844,159.50895357461818,43.49646869300594,6.453601111667808,1386.2515869140625,0.0,0.0,False,,-39.62982479330283,False,
negative,/mnt/MammoDiffusion/MammoDiffusion/experiments/diffusers/04_sd21_lora/generated_images/final/negative/gen_1395.png,gen_1395.png,98.7912,76.0,2.0,0.24731826782226562,0.8719479277528419,0.2749290466308594,150.4916540633542,54.578823290181965,5.962976136616517,1026.865966796875,0.0,0.0,False,,-53.12455783349276,False,
negative,/mnt/MammoDiffusion/MammoDiffusion/experiments/diffusers/04_sd21_lora/generated_images/final/negative/gen_1396.png,gen_1396.png,101.8956,88.0,1.0,0.16997528076171875,0.5611562457920014,0.09458541870117188,173.89828594474693,37.59055342344522,5.920035703318629,833.2572631835938,0.0,0.0,True,too_empty,,False,
negative,/mnt/MammoDiffusion/MammoDiffusion/experiments/diffusers/04_sd21_lora/generated_images/final/negative/gen_1397.png,gen_1397.png,90.5824,50.0,4.0,0.2755088806152344,0.9110255735707462,0.2858772277832031,141.416847920364,51.26104291624021,6.5803294119523725,1624.0992431640625,0.0,0.0,False,,-39.20043251270231,False,
negative,/mnt/MammoDiffusion/MammoDiffusion/experiments/diffusers/04_sd21_lora/generated_images/final/negative/gen_1398.png,gen_1398.png,116.6868,85.0,3.0,0.15290069580078125,0.8464148495584053,0.13225936889648438,155.33405439704651,38.345554599647386,5.829613850777217,927.5247192382812,0.0,0.0,False,,-62.835983438413614,False,
negative,/mnt/MammoDiffusion/MammoDiffusion/experiments/diffusers/04_sd21_lora/generated_images/final/negative/gen_1399.png,gen_1399.png,114.5824,74.0,4.0,0.16064453125,0.653566679331307,0.12708663940429688,154.0133573465406,42.45469694144852,6.171814810065027,1320.77294921875,0.0,0.0,True,fragmented_mask,,False,
negative,/mnt/MammoDiffusion/MammoDiffusion/experiments/diffusers/04_sd21_lora/generated_images/final/negative/gen_1400.png,gen_1400.png,46.6868,15.0,3.0,0.4683799743652344,0.9958056082682456,0.4708404541015625,138.6252065981787,55.51058378501429,6.909517629913509,1533.4332275390625,0.0,0.0,False,,-7.266875410672124,True,171.0
negative,/mnt/MammoDiffusion/MammoDiffusion/experiments/diffusers/04_sd21_lora/generated_images/final/negative/gen_1401.png,gen_1401.png,220.0,254.0,1.0,0.3436431884765625,0.9387904622352471,0.3170166015625,252.67016028109356,20.44603522010816,6.044838542866909,1698.01025390625,0.0,0.0,False,,-30.41627663719452,True,1299.0
negative,/mnt/MammoDiffusion/MammoDiffusion/experiments/diffusers/04_sd21_lora/generated_images/final/negative/gen_1402.png,gen_1402.png,127.7912,105.0,2.0,0.08034896850585938,0.9897925271803637,0.07522964477539062,163.23447086861722,19.012254963213696,4.40683451962904,409.18096923828125,0.0,0.0,True,too_empty,,False,
negative,/mnt/MammoDiffusion/MammoDiffusion/experiments/diffusers/04_sd21_lora/generated_images/final/negative/gen_1403.png,gen_1403.png,78.7912,56.0,2.0,0.524810791015625,0.9957623422690004,0.5371971130371094,138.9570879756858,46.23274723843101,6.763832827914257,964.1436157226562,0.0,0.0,False,,-6.358789714487785,True,91.0
negative,/mnt/MammoDiffusion/MammoDiffusion/experiments/diffusers/04_sd21_lora/generated_images/final/negative/gen_1404.png,gen_1404.png,127.6868,96.0,3.0,0.1299591064453125,0.7967300692732183,0.104248046875,161.82227019906324,27.71486462096845,5.518388322863329,633.4808959960938,0.0,0.0,True,too_empty,,False,
negative,/mnt/MammoDiffusion/MammoDiffusion/experiments/diffusers/04_sd21_lora/generated_images/final/negative/gen_1405.png,gen_1405.png,89.5824,49.0,4.0,0.4309120178222656,0.9279839944759696,0.4941864013671875,133.83882421959427,50.9755568871747,7.211449663146172,1757.8948974609375,0.0,0.0,False,,-33.38459664463645,False,
negative,/mnt/MammoDiffusion/MammoDiffusion/experiments/diffusers/04_sd21_lora/generated_images/final/negative/gen_1406.png,gen_1406.png,60.8956,47.0,1.0,0.6962127685546875,0.9926030639752778,0.695526123046875,122.86032315387654,44.294187847364455,6.858693792218964,717.3175659179688,0.0,0.0,False,,-7.9919522145469974,True,271.0
negative,/mnt/MammoDiffusion/MammoDiffusion/experiments/diffusers/04_sd21_lora/generated_images/final/negative/gen_1407.png,gen_1407.png,113.6868,82.0,3.0,0.170806884765625,0.9248704663212435,0.19290924072265625,148.66143958868895,43.98364800038477,5.737029763840521,1085.0543212890625,0.0,0.0,False,,-32.880928617193604,False,
negative,/mnt/MammoDiffusion/MammoDiffusion/experiments/diffusers/04_sd21_lora/generated_images/final/negative/gen_1408.png,gen_1408.png,134.5824,94.0,4.0,0.19221115112304688,0.923551709766408,0.2018890380859375,171.427858816416,38.71374502949921,6.153456001865047,1173.45751953125,0.0,0.0,False,,-33.96044043979195,False,
negative,/mnt/MammoDiffusion/MammoDiffusion/experiments/diffusers/04_sd21_lora/generated_images/final/negative/gen_1409.png,gen_1409.png,127.8956,114.0,1.0,0.2514915466308594,0.9756852276002245,0.2617950439453125,157.43074255405958,28.632016278491754,4.944386805136607,419.2508544921875,0.0,0.0,False,,-12.771571575217248,True,729.0
negative,/mnt/MammoDiffusion/MammoDiffusion/experiments/diffusers/04_sd21_lora/generated_images/final/negative/gen_1410.png,gen_1410.png,79.7912,57.0,2.0,0.33306884765625,0.9812396921385377,0.37441253662109375,135.0933774834437,55.03748097179295,6.1501117103258345,1133.9766845703125,0.0,0.0,False,,-11.037276363416407,True,624.0
negative,/mnt/MammoDiffusion/MammoDiffusion/experiments/diffusers/04_sd21_lora/generated_images/final/negative/gen_1411.png,gen_1411.png,140.5824,100.0,4.0,0.09782028198242188,0.8877666419685685,0.08556747436523438,173.61036066158442,26.264989947559453,5.586501920266163,1386.1629638671875,0.0,0.0,True,too_empty,,False,
negative,/mnt/MammoDiffusion/MammoDiffusion/experiments/diffusers/04_sd21_lora/generated_images/final/negative/gen_1412.png,gen_1412.png,180.0,168.0,3.0,0.048595428466796875,0.6477745505926682,0.030078887939453125,205.6424857324033,15.531526092504937,6.684290606254846,881.5665283203125,0.0,0.0,True,too_empty,,False,
negative,/mnt/MammoDiffusion/MammoDiffusion/experiments/diffusers/04_sd21_lora/generated_images/final/negative/gen_1413.png,gen_1413.png,27.0,22.0,0.0,0.6489219665527344,0.9990888302343763,0.6516838073730469,116.12008663330114,56.29082075645556,6.45557398153724,969.6098022460938,0.0,0.0,False,,-5.99584813872752,True,62.0
negative,/mnt/MammoDiffusion/MammoDiffusion/experiments/diffusers/04_sd21_lora/generated_images/final/negative/gen_1414.png,gen_1414.png,145.6868,114.0,3.0,0.057598114013671875,0.9803960527187231,0.05225372314453125,191.46933858957513,22.81244768056551,4.785810173644883,686.7199096679688,0.0,0.0,True,too_empty,,False,
negative,/mnt/MammoDiffusion/MammoDiffusion/experiments/diffusers/04_sd21_lora/generated_images/final/negative/gen_1415.png,gen_1415.png,220.0,45.0,45.0,0.1782989501953125,0.7809798887462559,0.13473129272460938,253.55610294742206,4.387997878670013,6.884879799266853,1822.4501953125,0.0,0.0,True,low_contrast,,False,
negative,/mnt/MammoDiffusion/MammoDiffusion/experiments/diffusers/04_sd21_lora/generated_images/final/negative/gen_1416.png,gen_1416.png,90.8956,77.0,1.0,0.22661590576171875,0.9248224085109248,0.2799339294433594,133.86331984247033,55.99543412742909,5.39061840447174,995.937255859375,0.0,0.0,False,,-32.28610074392615,True,1353.0
negative,/mnt/MammoDiffusion/MammoDiffusion/experiments/diffusers/04_sd21_lora/generated_images/final/negative/gen_1417.png,gen_1417.png,79.47800000000001,30.0,5.0,0.3931388854980469,0.9850571032127228,0.4397621154785156,136.94118718609312,52.78855670922548,7.129805102770592,2138.562255859375,0.0,0.0,False,,-11.94940366198998,True,688.0
negative,/mnt/MammoDiffusion/MammoDiffusion/experiments/diffusers/04_sd21_lora/generated_images/final/negative/gen_1418.png,gen_1418.png,47.6868,16.0,3.0,0.5392608642578125,0.9962791092498797,0.5578804016113281,121.24320147697357,56.601583484800976,7.069521802829559,1424.2821044921875,0.0,0.0,False,,-7.4186009651013665,True,191.0
negative,/mnt/MammoDiffusion/MammoDiffusion/experiments/diffusers/04_sd21_lora/generated_images/final/negative/gen_1419.png,gen_1419.png,76.6868,45.0,3.0,0.3346138000488281,0.9810869044768973,0.4075279235839844,128.8076775467795,58.32533187779752,6.442358234355025,1387.9947509765625,0.0,0.0,False,,-11.814577222702592,True,679.0
negative,/mnt/MammoDiffusion/MammoDiffusion/experiments/diffusers/04_sd21_lora/generated_images/final/negative/gen_1420.png,gen_1420.png,98.6868,67.0,3.0,0.2964935302734375,0.909796201945345,0.30985260009765625,154.274321030212,49.82390253549303,6.420513656325859,1039.5142822265625,0.0,0.0,False,,-38.74222978183079,False,
negative,/mnt/MammoDiffusion/MammoDiffusion/experiments/diffusers/04_sd21_lora/generated_images/final/negative/gen_1421.png,gen_1421.png,59.478,10.0,5.0,0.5392570495605469,0.9932301946053776,0.5413665771484375,151.17697793060682,49.19572905156115,7.30457034271682,1850.056884765625,0.0,0.0,False,,-9.356040768783469,True,464.0
negative,/mnt/MammoDiffusion/MammoDiffusion/experiments/diffusers/04_sd21_lora/generated_images/final/negative/gen_1422.png,gen_1422.png,99.5824,59.0,4.0,0.33499908447265625,0.9295930219317224,0.38590240478515625,151.971342994405,57.014472768001234,6.737064634479491,1507.139892578125,0.0,0.0,False,,-31.95220404693852,True,1343.0
negative,/mnt/MammoDiffusion/MammoDiffusion/experiments/diffusers/04_sd21_lora/generated_images/final/negative/gen_1423.png,gen_1423.png,42.6868,11.0,3.0,0.6406669616699219,0.9813095798079156,0.6505241394042969,124.6511719276847,54.38152102097612,7.459542994595493,1815.8638916015625,0.0,0.0,False,,-14.514835890709444,True,809.0
negative,/mnt/MammoDiffusion/MammoDiffusion/experiments/diffusers/04_sd21_lora/generated_images/final/negative/gen_1424.png,gen_1424.png,106.5824,66.0,4.0,0.21577835083007812,0.4600017678776629,0.09843826293945312,174.82662274752954,36.0918924020118,6.575438283004196,1827.5233154296875,0.0,0.0,True,too_empty,,False,
negative,/mnt/MammoDiffusion/MammoDiffusion/experiments/diffusers/04_sd21_lora/generated_images/final/negative/gen_1425.png,gen_1425.png,64.5824,24.0,4.0,0.52935791015625,0.9895148737461086,0.5868949890136719,123.16475031036522,53.37074031947364,7.290679443312362,1542.69287109375,0.0,0.0,False,,-10.38557083962275,True,573.0
negative,/mnt/MammoDiffusion/MammoDiffusion/experiments/diffusers/04_sd21_lora/generated_images/final/negative/gen_1426.png,gen_1426.png,149.6868,118.0,3.0,0.0720367431640625,0.9713514085998729,0.0696868896484375,185.39177797241078,23.92211360719836,4.717801754244188,473.39788818359375,0.0,0.0,True,too_empty,,False,
negative,/mnt/MammoDiffusion/MammoDiffusion/experiments/diffusers/04_sd21_lora/generated_images/final/negative/gen_1427.png,gen_1427.png,90.7912,68.0,2.0,0.22832870483398438,0.9463202739954891,0.23538589477539062,159.41217081273803,56.68945771187792,5.91170328936861,1208.7232666015625,0.0,0.0,False,,-25.639763322021658,True,1181.0
negative,/mnt/MammoDiffusion/MammoDiffusion/experiments/diffusers/04_sd21_lora/generated_images/final/negative/gen_1428.png,gen_1428.png,110.6868,79.0,3.0,0.2463531494140625,0.877299473521214,0.2713661193847656,156.562941928954,52.98478181652068,6.328301864927284,1349.74072265625,0.0,0.0,False,,-51.87694390446097,False,
negative,/mnt/MammoDiffusion/MammoDiffusion/experiments/diffusers/04_sd21_lora/generated_images/final/negative/gen_1429.png,gen_1429.png,106.8956,93.0,1.0,0.3581809997558594,0.9537781564513552,0.4077491760253906,145.99025156938507,44.903622135846156,5.703479643128258,623.076171875,0.0,0.0,False,,-20.301789039044735,True,1020.0
negative,/mnt/MammoDiffusion/MammoDiffusion/experiments/diffusers/04_sd21_lora/generated_images/final/negative/gen_1430.png,gen_1430.png,220.0,241.0,10.0,0.1877899169921875,0.5984805395303486,0.10510635375976562,250.3394185751098,5.139888853562863,7.096961202999463,1763.7449951171875,0.0,0.0,True,too_empty,,False,
negative,/mnt/MammoDiffusion/MammoDiffusion/experiments/diffusers/04_sd21_lora/generated_images/final/negative/gen_1431.png,gen_1431.png,129.6868,98.0,3.0,0.13666534423828125,0.9171272260369564,0.14781570434570312,171.5270845699244,42.74354185065179,5.591625906295992,892.8600463867188,0.0,0.0,False,,-36.080467434819695,False,
negative,/mnt/MammoDiffusion/MammoDiffusion/experiments/diffusers/04_sd21_lora/generated_images/final/negative/gen_1432.png,gen_1432.png,74.6868,43.0,3.0,0.7409172058105469,0.9956082316052866,0.7348365783691406,144.5912434525756,36.30314796854243,7.082759019207208,607.506591796875,0.0,0.0,False,,-7.651728836823498,True,214.0
negative,/mnt/MammoDiffusion/MammoDiffusion/experiments/diffusers/04_sd21_lora/generated_images/final/negative/gen_1433.png,gen_1433.png,97.7912,75.0,2.0,0.24010086059570312,0.9722438474126563,0.2695732116699219,143.74975589737784,50.402427766341184,5.777930868208585,954.310791015625,0.0,0.0,False,,-14.507733504330094,True,808.0
negative,/mnt/MammoDiffusion/MammoDiffusion/experiments/diffusers/04_sd21_lora/generated_images/final/negative/gen_1434.png,gen_1434.png,63.478,14.0,5.0,0.577606201171875,0.9945052042056322,0.5722503662109375,155.96716262698985,42.301221378989254,7.359103340804678,1578.416748046875,0.0,0.0,False,,-8.479534567033008,True,350.0
negative,/mnt/MammoDiffusion/MammoDiffusion/experiments/diffusers/04_sd21_lora/generated_images/final/negative/gen_1435.png,gen_1435.png,220.0,184.0,68.0,0.172027587890625,0.7961016498137307,0.13575363159179688,253.99126085368252,8.175592625699666,7.086087692128454,1487.13232421875,0.0,0.0,False,,-87.06767396301339,False,
negative,/mnt/MammoDiffusion/MammoDiffusion/experiments/diffusers/04_sd21_lora/generated_images/final/negative/gen_1436.png,gen_1436.png,51.8956,38.0,1.0,0.4111213684082031,0.9929017471908549,0.43145751953125,124.40514040175414,61.03596153356536,6.115672085315346,1402.644775390625,0.0,0.0,False,,-7.304395471852723,True,175.0
negative,/mnt/MammoDiffusion/MammoDiffusion/experiments/diffusers/04_sd21_lora/generated_images/final/negative/gen_1437.png,gen_1437.png,195.0,185.0,6.0,0.046566009521484375,0.3348078971082166,0.01937103271484375,210.99448601811736,13.701667501493615,7.058463025518664,1412.294921875,0.0,0.0,True,too_empty,,False,
negative,/mnt/MammoDiffusion/MammoDiffusion/experiments/diffusers/04_sd21_lora/generated_images/final/negative/gen_1438.png,gen_1438.png,101.7912,79.0,2.0,0.22183990478515625,0.9259208308972727,0.23349761962890625,156.39645482764254,53.76072777458247,5.687177081727543,1004.7272338867188,0.0,0.0,False,,-32.721452790200104,False,
negative,/mnt/MammoDiffusion/MammoDiffusion/experiments/diffusers/04_sd21_lora/generated_images/final/negative/gen_1439.png,gen_1439.png,107.47800000000001,58.0,5.0,0.5699081420898438,0.9977175062584506,0.5739784240722656,151.90060811484398,27.235146819992842,6.950928760285612,681.5083618164062,0.0,0.0,False,,-6.17174305500344,True,74.0
negative,/mnt/MammoDiffusion/MammoDiffusion/experiments/diffusers/04_sd21_lora/generated_images/final/negative/gen_1440.png,gen_1440.png,18.8956,5.0,1.0,0.6886787414550781,0.9966875862030764,0.6854820251464844,116.15516847992431,52.747588169975856,7.147076483090431,1503.3941650390625,0.0,0.0,False,,-7.999094472308976,True,274.0
negative,/mnt/MammoDiffusion/MammoDiffusion/experiments/diffusers/04_sd21_lora/generated_images/final/negative/gen_1441.png,gen_1441.png,150.6868,119.0,3.0,0.08568572998046875,0.9857091977562105,0.08190536499023438,183.18303758558056,19.39851520530134,4.960005816349577,672.9972534179688,0.0,0.0,True,too_empty,,False,
negative,/mnt/MammoDiffusion/MammoDiffusion/experiments/diffusers/04_sd21_lora/generated_images/final/negative/gen_1442.png,gen_1442.png,105.7912,83.0,2.0,0.25823211669921875,0.959243064377936,0.30554962158203125,153.8044021074184,52.2916584705854,5.896814272786554,1072.101318359375,0.0,0.0,False,,-19.733330510375463,True,999.0
negative,/mnt/MammoDiffusion/MammoDiffusion/experiments/diffusers/04_sd21_lora/generated_images/final/negative/gen_1443.png,gen_1443.png,90.5824,50.0,4.0,0.38509368896484375,0.9484992570579495,0.3774604797363281,150.58771690466807,51.822545725301346,7.108142859704664,1944.6573486328125,0.0,0.0,False,,-25.426744049197826,True,1175.0
negative,/mnt/MammoDiffusion/MammoDiffusion/experiments/diffusers/04_sd21_lora/generated_images/final/negative/gen_1444.png,gen_1444.png,118.7912,96.0,2.0,0.23178482055664062,0.9084281035532661,0.23234939575195312,160.50884105797172,41.10754488633987,5.511521403944872,499.3119201660156,0.0,0.0,False,,-38.45192630560012,False,
negative,/mnt/MammoDiffusion/MammoDiffusion/experiments/diffusers/04_sd21_lora/generated_images/final/negative/gen_1445.png,gen_1445.png,114.6868,83.0,3.0,0.3051643371582031,0.9730489893371002,0.3465728759765625,159.11072953814997,47.10472884871213,6.435465667824717,1006.2669067382812,0.0,0.0,False,,-14.40057088333154,True,802.0
negative,/mnt/MammoDiffusion/MammoDiffusion/experiments/diffusers/04_sd21_lora/generated_images/final/negative/gen_1446.png,gen_1446.png,60.8956,47.0,1.0,0.6685943603515625,0.9844295593034667,0.6817665100097656,121.02624201968432,44.71884084665588,6.697673313783156,674.9714965820312,0.0,0.0,False,,-10.845491495626122,True,610.0
negative,/mnt/MammoDiffusion/MammoDiffusion/experiments/diffusers/04_sd21_lora/generated_images/final/negative/gen_1447.png,gen_1447.png,121.7912,99.0,2.0,0.15122222900390625,0.8913273800514606,0.15592575073242188,162.25604892966362,40.51841011455994,5.131401134940306,518.0025024414062,0.0,0.0,False,,-45.109116211489,False,
negative,/mnt/MammoDiffusion/MammoDiffusion/experiments/diffusers/04_sd21_lora/generated_images/final/negative/gen_1448.png,gen_1448.png,147.6868,116.0,3.0,0.054790496826171875,0.9793218686903851,0.04885101318359375,190.16703107918164,24.70711731756909,4.741273594091474,579.8682250976562,0.0,0.0,True,too_empty,,False,
negative,/mnt/MammoDiffusion/MammoDiffusion/experiments/diffusers/04_sd21_lora/generated_images/final/negative/gen_1449.png,gen_1449.png,66.6868,35.0,3.0,0.4945106506347656,0.9861609312443591,0.5402908325195312,125.06347345976249,52.87666903385752,6.849177873770158,1466.905029296875,0.0,0.0,False,,-10.875917396082883,True,611.0
negative,/mnt/MammoDiffusion/MammoDiffusion/experiments/diffusers/04_sd21_lora/generated_images/final/negative/gen_1450.png,gen_1450.png,220.0,245.0,9.0,0.23005294799804688,0.9327607077122059,0.19720840454101562,248.26676596320868,33.699593067101006,6.631055396054151,1417.2418212890625,0.0,0.0,False,,-32.84622456086154,False,
negative,/mnt/MammoDiffusion/MammoDiffusion/experiments/diffusers/04_sd21_lora/generated_images/final/negative/gen_1451.png,gen_1451.png,129.8956,116.0,1.0,0.12933731079101562,0.648134493437546,0.08069992065429688,181.3133065469156,24.492123579404804,6.170415165601554,559.9031372070312,0.0,0.0,True,too_empty,,False,
negative,/mnt/MammoDiffusion/MammoDiffusion/experiments/diffusers/04_sd21_lora/generated_images/final/negative/gen_1452.png,gen_1452.png,77.7912,55.0,2.0,0.4703712463378906,0.9847613640971574,0.4942474365234375,135.5787795992714,46.16064440263078,6.656221171924898,819.0027465820312,0.0,0.0,False,,-9.895974004891677,True,523.0
negative,/mnt/MammoDiffusion/MammoDiffusion/experiments/diffusers/04_sd21_lora/generated_images/final/negative/gen_1453.png,gen_1453.png,97.7912,75.0,2.0,0.30048370361328125,0.9581058778722864,0.3453712463378906,143.75190253708428,51.86822781746702,5.773043787832559,959.8800659179688,0.0,0.0,False,,-19.442676279185193,True,986.0
negative,/mnt/MammoDiffusion/MammoDiffusion/experiments/diffusers/04_sd21_lora/generated_images/final/negative/gen_1454.png,gen_1454.png,103.0,98.0,0.0,0.3292045593261719,0.9685396122782419,0.3378486633300781,145.71529385197312,40.06228737753429,4.7292925567844915,238.29885864257812,0.0,0.0,False,,-14.298611818231866,True,798.0
negative,/mnt/MammoDiffusion/MammoDiffusion/experiments/diffusers/04_sd21_lora/generated_images/final/negative/gen_1455.png,gen_1455.png,43.8956,30.0,1.0,0.7826385498046875,0.9958764695560625,0.7909774780273438,119.87353267422233,52.126412567281015,7.22173506122142,991.2784423828125,0.0,0.0,False,,-8.434370139245166,True,340.0
negative,/mnt/MammoDiffusion/MammoDiffusion/experiments/diffusers/04_sd21_lora/generated_images/final/negative/gen_1456.png,gen_1456.png,131.478,82.0,5.0,0.2183074951171875,0.8594743831690781,0.21071624755859375,179.71325898837756,40.92300100309787,6.564865729191491,1754.748046875,0.0,0.0,False,,-59.54611508269217,False,
negative,/mnt/MammoDiffusion/MammoDiffusion/experiments/diffusers/04_sd21_lora/generated_images/final/negative/gen_1457.png,gen_1457.png,89.6868,58.0,3.0,0.32549285888671875,0.898542062208471,0.28040313720703125,147.5480096862841,49.13440928673038,6.648223641525735,1131.3907470703125,0.0,0.0,False,,-43.37084067734972,False,
negative,/mnt/MammoDiffusion/MammoDiffusion/experiments/diffusers/04_sd21_lora/generated_images/final/negative/gen_1458.png,gen_1458.png,145.6868,114.0,3.0,0.068115234375,0.9682459677419355,0.06458282470703125,184.5815121086828,27.122223429105798,4.982181325100676,625.0816040039062,0.0,0.0,True,too_empty,,False,
negative,/mnt/MammoDiffusion/MammoDiffusion/experiments/diffusers/04_sd21_lora/generated_images/final/negative/gen_1459.png,gen_1459.png,167.6868,136.0,3.0,0.07500839233398438,0.7329502110562987,0.052593231201171875,197.08856168854717,12.112360697034164,4.506465777637135,391.0576171875,0.0,0.0,True,too_empty,,False,
negative,/mnt/MammoDiffusion/MammoDiffusion/experiments/diffusers/04_sd21_lora/generated_images/final/negative/gen_1460.png,gen_1460.png,134.0,128.0,2.0,0.0301361083984375,0.5058227848101265,0.012416839599609375,186.87772657450077,24.59736186056828,3.4793668612408837,140.01596069335938,0.0,0.0,True,too_empty,,False,
negative,/mnt/MammoDiffusion/MammoDiffusion/experiments/diffusers/04_sd21_lora/generated_images/final/negative/gen_1461.png,gen_1461.png,131.7912,109.0,2.0,0.16405487060546875,0.9919546109845138,0.16387939453125,166.55945065176908,23.789154807950094,5.106095701839963,438.07562255859375,0.0,0.0,False,,-7.792306797391598,True,237.0
negative,/mnt/MammoDiffusion/MammoDiffusion/experiments/diffusers/04_sd21_lora/generated_images/final/negative/gen_1462.png,gen_1462.png,53.5824,13.0,4.0,0.6019515991210938,0.9965335428839402,0.5957069396972656,148.61588360730272,39.925934653476226,7.229075107383351,1238.2386474609375,0.0,0.0,False,,-7.049498884545402,True,151.0
negative,/mnt/MammoDiffusion/MammoDiffusion/experiments/diffusers/04_sd21_lora/generated_images/final/negative/gen_1463.png,gen_1463.png,62.6868,31.0,3.0,0.42583465576171875,0.9924751410911046,0.4428291320800781,139.59222121721152,54.78761665756914,6.795339715597363,1757.689453125,0.0,0.0,False,,-8.520662704126138,True,356.0
negative,/mnt/MammoDiffusion/MammoDiffusion/experiments/diffusers/04_sd21_lora/generated_images/final/negative/gen_1464.png,gen_1464.png,71.5824,31.0,4.0,0.4434013366699219,0.9848840710629329,0.5116996765136719,127.03479972267573,56.66945827327976,7.178853333854644,1628.162841796875,0.0,0.0,False,,-11.899295542326762,True,684.0
negative,/mnt/MammoDiffusion/MammoDiffusion/experiments/diffusers/04_sd21_lora/generated_images/final/negative/gen_1465.png,gen_1465.png,57.6868,26.0,3.0,0.4127845764160156,0.99282869262261,0.4361228942871094,130.74125971992618,58.05469905432553,6.856616297501447,1630.7039794921875,0.0,0.0,False,,-8.244692904565166,True,310.0
negative,/mnt/MammoDiffusion/MammoDiffusion/experiments/diffusers/04_sd21_lora/generated_images/final/negative/gen_1466.png,gen_1466.png,64.5824,24.0,4.0,0.3460273742675781,0.9786790726388782,0.3808135986328125,140.9170773730817,63.47188626360353,6.882539297429728,2345.929931640625,0.0,0.0,False,,-14.751087262563624,True,819.0
negative,/mnt/MammoDiffusion/MammoDiffusion/experiments/diffusers/04_sd21_lora/generated_images/final/negative/gen_1467.png,gen_1467.png,99.7912,77.0,2.0,0.44631195068359375,0.9684439050240176,0.5063972473144531,142.62130034877853,44.96515075581064,6.708729804733096,1181.3553466796875,0.0,0.0,False,,-16.754632207880636,True,900.0
negative,/mnt/MammoDiffusion/MammoDiffusion/experiments/diffusers/04_sd21_lora/generated_images/final/negative/gen_1468.png,gen_1468.png,41.7912,19.0,2.0,0.532623291015625,0.9951082908382513,0.5438156127929688,121.51314552673298,56.65018311900741,6.947171218324821,1650.9962158203125,0.0,0.0,False,,-7.972692259329772,True,267.0
negative,/mnt/MammoDiffusion/MammoDiffusion/experiments/diffusers/04_sd21_lora/generated_images/final/negative/gen_1469.png,gen_1469.png,96.8956,83.0,1.0,0.1767730712890625,0.9544454035390592,0.17440032958984375,153.0238855592983,38.58189159103082,4.2320505799670585,289.920166015625,0.0,0.0,False,,-20.376871407633793,True,1027.0
negative,/mnt/MammoDiffusion/MammoDiffusion/experiments/diffusers/04_sd21_lora/generated_images/final/negative/gen_1470.png,gen_1470.png,14.8956,1.0,1.0,0.7510108947753906,0.9990450696641998,0.7409172058105469,97.96063884012007,60.583007459220354,7.213062429171872,1817.2025146484375,0.0,0.0,False,,-8.260169124046605,True,315.0
negative,/mnt/MammoDiffusion/MammoDiffusion/experiments/diffusers/04_sd21_lora/generated_images/final/negative/gen_1471.png,gen_1471.png,119.6868,88.0,3.0,0.21489715576171875,0.7909788049845564,0.10149002075195312,194.66964856230032,30.595552960749533,6.388715301442895,1140.0068359375,0.0,0.0,True,too_empty,,False,
negative,/mnt/MammoDiffusion/MammoDiffusion/experiments/diffusers/04_sd21_lora/generated_images/final/negative/gen_1472.png,gen_1472.png,137.7912,115.0,2.0,0.12436294555664062,0.495997055305052,0.060760498046875,187.32339276745356,24.739721449913596,5.026087976215868,541.827392578125,0.0,0.0,True,too_empty,,False,
negative,/mnt/MammoDiffusion/MammoDiffusion/experiments/diffusers/04_sd21_lora/generated_images/final/negative/gen_1473.png,gen_1473.png,128.7912,106.0,2.0,0.12958145141601562,0.4273308016132356,0.053844451904296875,184.51094580233794,24.536154703382234,5.030115876368553,495.3851623535156,0.0,0.0,True,too_empty,,False,
negative,/mnt/MammoDiffusion/MammoDiffusion/experiments/diffusers/04_sd21_lora/generated_images/final/negative/gen_1474.png,gen_1474.png,56.8956,43.0,1.0,0.5335884094238281,0.9952887179450517,0.5409278869628906,135.06648754240098,50.959013117144345,6.524298954105452,1111.5023193359375,0.0,0.0,False,,-6.7424534477214255,True,124.0
negative,/mnt/MammoDiffusion/MammoDiffusion/experiments/diffusers/04_sd21_lora/generated_images/final/negative/gen_1475.png,gen_1475.png,113.8956,100.0,1.0,0.19250869750976562,0.8786683840285346,0.07795333862304688,159.6910692439442,42.66560832334433,5.02670473557138,526.161376953125,0.0,0.0,True,too_empty,,False,
negative,/mnt/MammoDiffusion/MammoDiffusion/experiments/diffusers/04_sd21_lora/generated_images/final/negative/gen_1476.png,gen_1476.png,122.7912,100.0,2.0,0.16748428344726562,0.9351554492654595,0.18322372436523438,162.408236347359,41.608632836622796,5.045900264713543,447.9165954589844,0.0,0.0,False,,-28.376460162480313,True,1253.0
negative,/mnt/MammoDiffusion/MammoDiffusion/experiments/diffusers/04_sd21_lora/generated_images/final/negative/gen_1477.png,gen_1477.png,143.0,112.0,4.0,0.049777984619140625,0.76925434899226,0.036144256591796875,187.1640105540897,24.06701972137427,5.06070905392931,830.0874633789062,0.0,0.0,True,too_empty,,False,
negative,/mnt/MammoDiffusion/MammoDiffusion/experiments/diffusers/04_sd21_lora/generated_images/final/negative/gen_1478.png,gen_1478.png,84.7912,62.0,2.0,0.29401397705078125,0.9633858369878299,0.3753089904785156,129.1398383899985,55.364921059729674,6.07284402131397,1250.415283203125,0.0,0.0,False,,-17.807929482550822,True,933.0
negative,/mnt/MammoDiffusion/MammoDiffusion/experiments/diffusers/04_sd21_lora/generated_images/final/negative/gen_1479.png,gen_1479.png,89.6868,58.0,3.0,0.30028533935546875,0.9729922000050815,0.3587303161621094,140.77267942024054,55.911625107662566,6.441923775539359,1252.4173583984375,0.0,0.0,False,,-14.823807769201526,True,822.0
negative,/mnt/MammoDiffusion/MammoDiffusion/experiments/diffusers/04_sd21_lora/generated_images/final/negative/gen_1480.png,gen_1480.png,68.6868,37.0,3.0,0.47226715087890625,0.9946204423191871,0.49927520751953125,137.09758408337282,52.66597717344125,6.981704705502315,1665.828857421875,0.0,0.0,False,,-7.96557908846645,True,265.0
negative,/mnt/MammoDiffusion/MammoDiffusion/experiments/diffusers/04_sd21_lora/generated_images/final/negative/gen_1481.png,gen_1481.png,113.7912,91.0,2.0,0.3019142150878906,0.9631309621580643,0.3378868103027344,162.100705616709,44.36859412441306,6.061667694758338,812.683837890625,0.0,0.0,False,,-17.55442147302283,True,926.0
negative,/mnt/MammoDiffusion/MammoDiffusion/experiments/diffusers/04_sd21_lora/generated_images/final/negative/gen_1482.png,gen_1482.png,75.8956,62.0,1.0,0.31063079833984375,0.9856441115068156,0.3333473205566406,131.89419236711106,50.14126290744249,5.532554747172821,572.5665893554688,0.0,0.0,False,,-8.374336996535265,True,329.0
negative,/mnt/MammoDiffusion/MammoDiffusion/experiments/diffusers/04_sd21_lora/generated_images/final/negative/gen_1483.png,gen_1483.png,97.7912,75.0,2.0,0.37310028076171875,0.9684170705273705,0.4175148010253906,145.67131723451106,48.131638115409544,6.3036412087807765,941.210693359375,0.0,0.0,False,,-15.726843177362444,True,870.0
negative,/mnt/MammoDiffusion/MammoDiffusion/experiments/diffusers/04_sd21_lora/generated_images/final/negative/gen_1484.png,gen_1484.png,119.6868,88.0,3.0,0.18483352661132812,0.9107382411821765,0.18809127807617188,163.45922485651124,40.06607315236788,5.93229941538169,938.965087890625,0.0,0.0,False,,-38.296551761454666,False,
negative,/mnt/MammoDiffusion/MammoDiffusion/experiments/diffusers/04_sd21_lora/generated_images/final/negative/gen_1485.png,gen_1485.png,99.6868,68.0,3.0,0.3481559753417969,0.9206723131033122,0.3606300354003906,155.51118609644902,51.80876852980504,6.746729421958987,1403.0052490234375,0.0,0.0,False,,-35.159825874618825,False,
negative,/mnt/MammoDiffusion/MammoDiffusion/experiments/diffusers/04_sd21_lora/generated_images/final/negative/gen_1486.png,gen_1486.png,101.7912,79.0,2.0,0.20312118530273438,0.9530489980656187,0.2334442138671875,150.45671285704947,52.371994217877386,5.6055846888559095,799.5308837890625,0.0,0.0,False,,-21.907513004109106,True,1073.0
negative,/mnt/MammoDiffusion/MammoDiffusion/experiments/diffusers/04_sd21_lora/generated_images/final/negative/gen_1487.png,gen_1487.png,188.0,181.0,3.0,0.043552398681640625,0.22203731277918892,0.010013580322265625,201.77142857142857,13.999685127654457,6.362371994082665,766.5444946289062,0.0,0.0,True,too_empty,,False,
negative,/mnt/MammoDiffusion/MammoDiffusion/experiments/diffusers/04_sd21_lora/generated_images/final/negative/gen_1488.png,gen_1488.png,205.0,192.0,10.0,0.047428131103515625,0.6429662993645943,0.019287109375,217.50652689873417,11.219630109974936,7.428836216929527,1297.416748046875,0.0,0.0,True,too_empty,,False,
negative,/mnt/MammoDiffusion/MammoDiffusion/experiments/diffusers/04_sd21_lora/generated_images/final/negative/gen_1489.png,gen_1489.png,98.8956,85.0,1.0,0.3408470153808594,0.9816566126848049,0.3703727722167969,139.20954568394598,42.33340071517144,5.536573668948215,364.4552307128906,0.0,0.0,False,,-9.625605722550507,True,493.0
negative,/mnt/MammoDiffusion/MammoDiffusion/experiments/diffusers/04_sd21_lora/generated_images/final/negative/gen_1490.png,gen_1490.png,144.7912,122.0,2.0,0.13609695434570312,0.4386019003840009,0.1009979248046875,164.36315908747545,37.88841810329468,5.069650707218305,434.7559814453125,0.0,0.0,True,too_empty,,False,
negative,/mnt/MammoDiffusion/MammoDiffusion/experiments/diffusers/04_sd21_lora/generated_images/final/negative/gen_1491.png,gen_1491.png,220.0,251.0,1.0,0.2719841003417969,0.9697050449515421,0.24160385131835938,247.57382174153312,28.541999760333873,6.656731681118533,1125.1578369140625,0.0,0.0,False,,-18.427351267436826,True,951.0
negative,/mnt/MammoDiffusion/MammoDiffusion/experiments/diffusers/04_sd21_lora/generated_images/final/negative/gen_1492.png,gen_1492.png,128.0,112.0,2.0,0.04961395263671875,0.32861756112563434,0.014400482177734375,135.62463576158942,6.375597286636768,3.982777443940968,81.55519104003906,0.0,0.0,True,too_empty,,False,
negative,/mnt/MammoDiffusion/MammoDiffusion/experiments/diffusers/04_sd21_lora/generated_images/final/negative/gen_1493.png,gen_1493.png,116.5824,76.0,4.0,0.23125076293945312,0.8991768529057588,0.193817138671875,169.84655959691386,45.540350367827635,6.554793963524871,1521.8270263671875,0.0,0.0,False,,-44.35251488325767,False,
negative,/mnt/MammoDiffusion/MammoDiffusion/experiments/diffusers/04_sd21_lora/generated_images/final/negative/gen_1494.png,gen_1494.png,140.6868,109.0,3.0,0.16039276123046875,0.8573704989773105,0.14190673828125,182.17362903225808,36.1189594905444,5.769997737361942,878.3955078125,0.0,0.0,False,,-59.089661324525274,False,
negative,/mnt/MammoDiffusion/MammoDiffusion/experiments/diffusers/04_sd21_lora/generated_images/final/negative/gen_1495.png,gen_1495.png,82.5824,42.0,4.0,0.2503662109375,0.9485007313505607,0.2816162109375,143.32551744690073,58.15697276208159,6.4061813109429835,1826.3939208984375,0.0,0.0,False,,-25.535174008551966,True,1179.0
negative,/mnt/MammoDiffusion/MammoDiffusion/experiments/diffusers/04_sd21_lora/generated_images/final/negative/gen_1496.png,gen_1496.png,173.0,150.0,7.0,0.049983978271484375,0.6821338624742426,0.0350494384765625,188.82879843273835,13.42729701665838,6.95220132385511,1142.5599365234375,0.0,0.0,True,too_empty,,False,
negative,/mnt/MammoDiffusion/MammoDiffusion/experiments/diffusers/04_sd21_lora/generated_images/final/negative/gen_1497.png,gen_1497.png,108.6868,77.0,3.0,0.3604469299316406,0.8289324683296468,0.3015251159667969,158.62436901433398,38.50390387309677,6.754289131731746,960.4790649414062,0.0,0.0,False,,-69.20259663142035,False,
negative,/mnt/MammoDiffusion/MammoDiffusion/experiments/diffusers/04_sd21_lora/generated_images/final/negative/gen_1498.png,gen_1498.png,120.7912,98.0,2.0,0.189453125,0.9739247744845361,0.1988525390625,162.5019567219153,37.11517137425807,5.235343424678812,468.2796325683594,0.0,0.0,False,,-13.678519254916505,True,768.0
negative,/mnt/MammoDiffusion/MammoDiffusion/experiments/diffusers/04_sd21_lora/generated_images/final/negative/gen_1499.png,gen_1499.png,220.0,219.0,34.0,0.19724655151367188,0.5627864699170325,0.10955429077148438,252.2928026741878,13.345435881897686,7.165415103017066,1129.30615234375,0.0,0.0,True,too_empty,,False,
negative,/mnt/MammoDiffusion/MammoDiffusion/experiments/diffusers/04_sd21_lora/generated_images/final/negative/gen_1500.png,gen_1500.png,121.7912,99.0,2.0,0.15208816528320312,0.8314981564624144,0.14149856567382812,163.41878521553932,38.457434519488814,5.052437486285806,533.85791015625,0.0,0.0,False,,-67.81081863530767,False,
negative,/mnt/MammoDiffusion/MammoDiffusion/experiments/diffusers/04_sd21_lora/generated_images/final/negative/gen_1501.png,gen_1501.png,104.7912,82.0,2.0,0.3284492492675781,0.9762836668563664,0.3660011291503906,153.61530043253947,45.81744673752042,5.944666899549948,691.9984130859375,0.0,0.0,False,,-12.045136806905946,True,693.0
negative,/mnt/MammoDiffusion/MammoDiffusion/experiments/diffusers/04_sd21_lora/generated_images/final/negative/gen_1502.png,gen_1502.png,85.7912,63.0,2.0,0.19997024536132812,0.9820491787642357,0.21728515625,149.37161165730336,55.14804976459235,5.410512314252152,958.4722290039062,0.0,0.0,False,,-11.188817450630058,True,633.0
negative,/mnt/MammoDiffusion/MammoDiffusion/experiments/diffusers/04_sd21_lora/generated_images/final/negative/gen_1503.png,gen_1503.png,134.7912,112.0,2.0,0.12829971313476562,0.8822584961198823,0.11088180541992188,154.2709601954106,20.362223616304032,5.094374137222053,345.4465637207031,0.0,0.0,False,,-49.85522235139284,False,
negative,/mnt/MammoDiffusion/MammoDiffusion/experiments/diffusers/04_sd21_lora/generated_images/final/negative/gen_1504.png,gen_1504.png,71.47800000000001,22.0,5.0,0.6747245788574219,0.9965964664310955,0.6788902282714844,143.0686700343322,39.577084448200104,7.416297466183233,1293.4893798828125,0.0,0.0,False,,-7.702870623189469,True,222.0
negative,/mnt/MammoDiffusion/MammoDiffusion/experiments/diffusers/04_sd21_lora/generated_images/final/negative/gen_1505.png,gen_1505.png,111.5824,71.0,4.0,0.2873344421386719,0.9637693665945328,0.25672149658203125,158.92943326696187,44.30879928608916,6.658683410745233,1164.82958984375,0.0,0.0,False,,-18.774259740333093,True,966.0
negative,/mnt/MammoDiffusion/MammoDiffusion/experiments/diffusers/04_sd21_lora/generated_images/final/negative/gen_1506.png,gen_1506.png,57.8956,44.0,1.0,0.4229621887207031,0.9978264202675037,0.4325714111328125,125.3014744788176,48.821453484886874,5.893645952947087,705.9248657226562,0.0,0.0,False,,-3.6888186559010565,True,3.0
negative,/mnt/MammoDiffusion/MammoDiffusion/experiments/diffusers/04_sd21_lora/generated_images/final/negative/gen_1507.png,gen_1507.png,99.5824,59.0,4.0,0.1637115478515625,0.8793223972411222,0.15900421142578125,165.39340722614077,49.15555393846757,5.858941124317626,1091.5711669921875,0.0,0.0,False,,-51.07708665060402,False,
negative,/mnt/MammoDiffusion/MammoDiffusion/experiments/diffusers/04_sd21_lora/generated_images/final/negative/gen_1508.png,gen_1508.png,74.8956,61.0,1.0,0.4518318176269531,0.9950272278272616,0.4545745849609375,141.96743983082138,44.46249725783069,6.147434695319298,645.68408203125,0.0,0.0,False,,-5.217599388238116,True,27.0
negative,/mnt/MammoDiffusion/MammoDiffusion/experiments/diffusers/04_sd21_lora/generated_images/final/negative/gen_1509.png,gen_1509.png,150.0,146.0,1.0,0.029144287109375,0.7608638743455497,0.01874542236328125,188.13573463573462,13.403163181572816,3.2423745456178734,114.73883056640625,0.0,0.0,True,too_empty,,False,
negative,/mnt/MammoDiffusion/MammoDiffusion/experiments/diffusers/04_sd21_lora/generated_images/final/negative/gen_1510.png,gen_1510.png,130.7912,108.0,2.0,0.060665130615234375,0.9724580267873986,0.055126190185546875,183.23161026918552,26.94729142510894,4.1768064041654,264.12982177734375,0.0,0.0,True,too_empty,,False,
negative,/mnt/MammoDiffusion/MammoDiffusion/experiments/diffusers/04_sd21_lora/generated_images/final/negative/gen_1511.png,gen_1511.png,75.7912,53.0,2.0,0.3783454895019531,0.9655982496647544,0.4444007873535156,117.223233216306,51.51429817481744,6.438542014778171,1040.26611328125,0.0,0.0,False,,-16.90562679725377,True,907.0
negative,/mnt/MammoDiffusion/MammoDiffusion/experiments/diffusers/04_sd21_lora/generated_images/final/negative/gen_1512.png,gen_1512.png,220.0,241.0,11.0,0.30510711669921875,0.9128553924633043,0.273040771484375,250.39000502961886,18.02403453946053,6.804118418402923,1725.82421875,0.0,0.0,False,,-41.32411040454335,False,
negative,/mnt/MammoDiffusion/MammoDiffusion/experiments/diffusers/04_sd21_lora/generated_images/final/negative/gen_1513.png,gen_1513.png,136.8956,123.0,1.0,0.0888671875,0.9871651785714286,0.08382415771484375,176.58405388186037,22.55188515412275,4.214718996625101,273.00531005859375,0.0,0.0,True,too_empty,,False,
negative,/mnt/MammoDiffusion/MammoDiffusion/experiments/diffusers/04_sd21_lora/generated_images/final/negative/gen_1514.png,gen_1514.png,36.7912,14.0,2.0,0.6451606750488281,0.9822971175166297,0.6543960571289062,125.21111538596061,54.001505581287006,7.165230326312796,1553.9857177734375,0.0,0.0,False,,-13.558782431968197,True,765.0
negative,/mnt/MammoDiffusion/MammoDiffusion/experiments/diffusers/04_sd21_lora/generated_images/final/negative/gen_1515.png,gen_1515.png,84.6868,53.0,3.0,0.3145904541015625,0.9100863365184071,0.3335304260253906,140.79837132432834,57.619296705453145,6.453886088071111,1462.9500732421875,0.0,0.0,False,,-39.245264167845846,False,
negative,/mnt/MammoDiffusion/MammoDiffusion/experiments/diffusers/04_sd21_lora/generated_images/final/negative/gen_1516.png,gen_1516.png,104.7912,82.0,2.0,0.2118682861328125,0.9328411955347498,0.22496795654296875,154.2055312510598,48.1569545736708,5.484481648260451,742.9601440429688,0.0,0.0,False,,-29.2939736046047,True,1273.0
negative,/mnt/MammoDiffusion/MammoDiffusion/experiments/diffusers/04_sd21_lora/generated_images/final/negative/gen_1517.png,gen_1517.png,105.6868,74.0,3.0,0.22101211547851562,0.9383468249995685,0.2508354187011719,153.9848224469622,50.380878696408416,6.107426361475828,1211.511962890625,0.0,0.0,False,,-28.295515967619586,True,1250.0
negative,/mnt/MammoDiffusion/MammoDiffusion/experiments/diffusers/04_sd21_lora/generated_images/final/negative/gen_1518.png,gen_1518.png,139.478,90.0,5.0,0.196746826171875,0.8300953932061423,0.18219375610351562,186.1263583258307,38.552188994957426,6.027545965401933,976.7811279296875,0.0,0.0,False,,-69.4542833551832,False,
negative,/mnt/MammoDiffusion/MammoDiffusion/experiments/diffusers/04_sd21_lora/generated_images/final/negative/gen_1519.png,gen_1519.png,82.47800000000001,33.0,5.0,0.4175872802734375,0.9796652903131509,0.45722198486328125,142.88755026781692,54.40280284035523,7.309276211389427,2658.404296875,0.0,0.0,False,,-15.146731792218375,True,840.0
negative,/mnt/MammoDiffusion/MammoDiffusion/experiments/diffusers/04_sd21_lora/generated_images/final/negative/gen_1520.png,gen_1520.png,91.7912,69.0,2.0,0.24211883544921875,0.9687096265952418,0.27063751220703125,145.9873424858343,55.169239165978766,5.620335742801569,640.5869140625,0.0,0.0,False,,-15.725716475716712,True,869.0
negative,/mnt/MammoDiffusion/MammoDiffusion/experiments/diffusers/04_sd21_lora/generated_images/final/negative/gen_1521.png,gen_1521.png,160.8956,147.0,1.0,0.08260345458984375,0.6791354945968412,0.05096435546875,201.17380239520958,20.652993488422172,6.702579596062996,751.63037109375,0.0,0.0,True,too_empty,,False,
negative,/mnt/MammoDiffusion/MammoDiffusion/experiments/diffusers/04_sd21_lora/generated_images/final/negative/gen_1522.png,gen_1522.png,181.1648,105.0,8.0,0.06792068481445312,0.6604324627913507,0.0435943603515625,215.81694084704236,16.219548998370353,6.941461555964863,554.568603515625,0.0,0.0,True,too_empty,,False,
negative,/mnt/MammoDiffusion/MammoDiffusion/experiments/diffusers/04_sd21_lora/generated_images/final/negative/gen_1523.png,gen_1523.png,80.7912,58.0,2.0,0.2566184997558594,0.9726479463661905,0.2928466796875,143.95061744476865,59.3108443559531,5.886332266850531,1242.8701171875,0.0,0.0,False,,-15.154989214578404,True,842.0
negative,/mnt/MammoDiffusion/MammoDiffusion/experiments/diffusers/04_sd21_lora/generated_images/final/negative/gen_1524.png,gen_1524.png,95.7912,73.0,2.0,0.231414794921875,0.9903237504945273,0.23868942260742188,164.40640232695657,48.21759812924799,5.424599944411219,706.2855834960938,0.0,0.0,False,,-7.473043582351211,True,197.0
negative,/mnt/MammoDiffusion/MammoDiffusion/experiments/diffusers/04_sd21_lora/generated_images/final/negative/gen_1525.png,gen_1525.png,83.7912,61.0,2.0,0.2512702941894531,0.9272191774582884,0.30725860595703125,127.41656941375115,55.571117547122924,5.858048533364114,1010.8681640625,0.0,0.0,False,,-31.47156396247067,True,1334.0
negative,/mnt/MammoDiffusion/MammoDiffusion/experiments/diffusers/04_sd21_lora/generated_images/final/negative/gen_1526.png,gen_1526.png,48.5824,8.0,4.0,0.49341583251953125,0.9926012400847339,0.5111846923828125,124.55849825378347,56.717780702377325,7.188322330315389,2188.213623046875,0.0,0.0,False,,-9.678274642689463,True,499.0
negative,/mnt/MammoDiffusion/MammoDiffusion/experiments/diffusers/04_sd21_lora/generated_images/final/negative/gen_1527.png,gen_1527.png,148.6868,117.0,3.0,0.08169174194335938,0.9717954704646276,0.07738494873046875,176.17203983042492,19.702837191732435,5.212294818876518,868.7254028320312,0.0,0.0,True,too_empty,,False,
negative,/mnt/MammoDiffusion/MammoDiffusion/experiments/diffusers/04_sd21_lora/generated_images/final/negative/gen_1528.png,gen_1528.png,220.0,62.0,38.0,0.07452011108398438,0.6435116457640133,0.04595947265625,254.69878818061088,2.355024549716487,7.019088718667749,608.3211059570312,0.0,0.0,True,too_empty,,False,
negative,/mnt/MammoDiffusion/MammoDiffusion/experiments/diffusers/04_sd21_lora/generated_images/final/negative/gen_1529.png,gen_1529.png,141.7912,119.0,2.0,0.17822647094726562,0.891954367415081,0.17818069458007812,168.28097368815432,37.443391229343256,5.5956496721164575,883.5655517578125,0.0,0.0,False,,-45.26585560857108,False,
negative,/mnt/MammoDiffusion/MammoDiffusion/experiments/diffusers/04_sd21_lora/generated_images/final/negative/gen_1530.png,gen_1530.png,117.6868,86.0,3.0,0.18919754028320312,0.7499243905881404,0.16178131103515625,170.24838481490215,46.37648022740058,6.041695289070237,1115.348876953125,0.0,0.0,True,fragmented_mask,,False,
negative,/mnt/MammoDiffusion/MammoDiffusion/experiments/diffusers/04_sd21_lora/generated_images/final/negative/gen_1531.png,gen_1531.png,220.0,246.0,5.0,0.3367919921875,0.9793969735411381,0.32376861572265625,247.72560501449206,22.649740153564554,6.710444617695353,1724.41552734375,0.0,0.0,False,,-15.355838373183463,True,854.0
negative,/mnt/MammoDiffusion/MammoDiffusion/experiments/diffusers/04_sd21_lora/generated_images/final/negative/gen_1532.png,gen_1532.png,107.7912,85.0,2.0,0.29946136474609375,0.9720516674734402,0.3371086120605469,147.02137579070057,41.671833419837405,5.94745463856021,684.6322631835938,0.0,0.0,False,,-13.519220732612128,True,762.0
negative,/mnt/MammoDiffusion/MammoDiffusion/experiments/diffusers/04_sd21_lora/generated_images/final/negative/gen_1533.png,gen_1533.png,133.0,125.0,2.0,0.0475921630859375,0.8134017313241424,0.03545379638671875,184.87066924897783,27.486973937138373,4.244742030477736,355.0479736328125,0.0,0.0,True,too_empty,,False,
negative,/mnt/MammoDiffusion/MammoDiffusion/experiments/diffusers/04_sd21_lora/generated_images/final/negative/gen_1534.png,gen_1534.png,129.3736,71.0,6.0,0.11190414428710938,0.5486620078404636,0.061679840087890625,181.6381965489517,28.827598866664264,6.233974103384465,2353.464111328125,0.0,0.0,True,too_empty,,False,
negative,/mnt/MammoDiffusion/MammoDiffusion/experiments/diffusers/04_sd21_lora/generated_images/final/negative/gen_1535.png,gen_1535.png,114.0,108.0,2.0,0.0478363037109375,0.6802232854864434,0.028949737548828125,187.13190143628935,27.754721117244017,3.702708986242892,181.22860717773438,0.0,0.0,True,too_empty,,False,
negative,/mnt/MammoDiffusion/MammoDiffusion/experiments/diffusers/04_sd21_lora/generated_images/final/negative/gen_1536.png,gen_1536.png,118.47800000000001,69.0,5.0,0.3226165771484375,0.7899659461760393,0.261505126953125,162.68784280546154,38.303652761306026,7.258714762795181,2007.439453125,0.0,0.0,False,,-86.15782654978689,False,
negative,/mnt/MammoDiffusion/MammoDiffusion/experiments/diffusers/04_sd21_lora/generated_images/final/negative/gen_1537.png,gen_1537.png,10.0,0.0,0.0,0.7428169250488281,0.9961073308512004,0.7389450073242188,124.7549636053895,58.6420650419382,6.6927567236237175,1358.5849609375,0.0,0.0,False,,-8.471660160876006,True,349.0
negative,/mnt/MammoDiffusion/MammoDiffusion/experiments/diffusers/04_sd21_lora/generated_images/final/negative/gen_1538.png,gen_1538.png,89.7912,67.0,2.0,0.228607177734375,0.986183420104125,0.2547416687011719,141.83280672067565,52.2758998712472,5.666599736281566,933.5254516601562,0.0,0.0,False,,-9.26382603619857,True,457.0
negative,/mnt/MammoDiffusion/MammoDiffusion/experiments/diffusers/04_sd21_lora/generated_images/final/negative/gen_1539.png,gen_1539.png,128.0,118.0,3.0,0.04538726806640625,0.8721633888048411,0.03546142578125,176.8677925989673,28.917627607317137,4.450850037929483,421.04998779296875,0.0,0.0,True,too_empty,,False,
negative,/mnt/MammoDiffusion/MammoDiffusion/experiments/diffusers/04_sd21_lora/generated_images/final/negative/gen_1540.png,gen_1540.png,220.0,223.0,23.0,0.3217353820800781,0.9600431581318695,0.2997627258300781,244.76470139092146,18.5212446006016,6.638984113342012,1660.6143798828125,0.0,0.0,False,,-22.88650046379402,True,1105.0
negative,/mnt/MammoDiffusion/MammoDiffusion/experiments/diffusers/04_sd21_lora/generated_images/final/negative/gen_1541.png,gen_1541.png,65.8956,52.0,1.0,0.5011138916015625,0.9950290795042782,0.516754150390625,131.4693128801748,48.61837817173102,6.436809048209736,940.2123413085938,0.0,0.0,False,,-6.187083892959172,True,76.0
negative,/mnt/MammoDiffusion/MammoDiffusion/experiments/diffusers/04_sd21_lora/generated_images/final/negative/gen_1542.png,gen_1542.png,201.8956,188.0,1.0,0.08057785034179688,0.6665246413861667,0.0548858642578125,215.5929246594384,11.08058271472715,6.977475834991543,1014.9075927734375,0.0,0.0,True,too_empty,,False,
negative,/mnt/MammoDiffusion/MammoDiffusion/experiments/diffusers/04_sd21_lora/generated_images/final/negative/gen_1543.png,gen_1543.png,178.8956,165.0,1.0,0.06612396240234375,0.5835929387331257,0.039867401123046875,191.4877045258827,12.381054671807878,5.480058166672061,454.79083251953125,0.0,0.0,True,too_empty,,False,
negative,/mnt/MammoDiffusion/MammoDiffusion/experiments/diffusers/04_sd21_lora/generated_images/final/negative/gen_1544.png,gen_1544.png,220.0,124.0,36.0,0.0814666748046875,0.6057782356246488,0.041141510009765625,253.6269819193324,3.490052733374025,6.731942513762471,745.3145751953125,0.0,0.0,True,too_empty,,False,
negative,/mnt/MammoDiffusion/MammoDiffusion/experiments/diffusers/04_sd21_lora/generated_images/final/negative/gen_1545.png,gen_1545.png,60.478,11.0,5.0,0.4101676940917969,0.9816690382522809,0.4814109802246094,119.41417919317902,60.68085112139181,7.178763531408464,2566.749267578125,0.0,0.0,False,,-14.242712373213404,True,794.0
negative,/mnt/MammoDiffusion/MammoDiffusion/experiments/diffusers/04_sd21_lora/generated_images/final/negative/gen_1546.png,gen_1546.png,220.0,229.0,22.0,0.2750053405761719,0.9138311300994576,0.24458694458007812,250.33250152065756,17.31543610200835,6.810084304495433,1586.41357421875,0.0,0.0,False,,-41.003056310545354,False,
negative,/mnt/MammoDiffusion/MammoDiffusion/experiments/diffusers/04_sd21_lora/generated_images/final/negative/gen_1547.png,gen_1547.png,196.0,183.0,7.0,0.0485687255859375,0.4391297518064719,0.0211029052734375,213.36370209689082,14.32491617132357,6.992071793281962,1328.0936279296875,0.0,0.0,True,too_empty,,False,
negative,/mnt/MammoDiffusion/MammoDiffusion/experiments/diffusers/04_sd21_lora/generated_images/final/negative/gen_1548.png,gen_1548.png,107.7912,85.0,2.0,0.32772064208984375,0.8892329181701781,0.3137969970703125,156.2774738633601,49.645035609313425,6.353556277752182,864.339599609375,0.0,0.0,False,,-46.25454367518123,False,
negative,/mnt/MammoDiffusion/MammoDiffusion/experiments/diffusers/04_sd21_lora/generated_images/final/negative/gen_1549.png,gen_1549.png,72.5824,32.0,4.0,0.4270210266113281,0.9894229996158691,0.4477424621582031,145.01531016502943,52.5957250017704,7.0028898878543835,1633.2547607421875,0.0,0.0,False,,-9.6998523429293,True,503.0
negative,/mnt/MammoDiffusion/MammoDiffusion/experiments/diffusers/04_sd21_lora/generated_images/final/negative/gen_1550.png,gen_1550.png,132.7912,110.0,2.0,0.10197830200195312,0.9650993154528111,0.095245361328125,161.25813040692086,20.655934463142408,4.271912375094147,306.1100158691406,0.0,0.0,True,too_empty,,False,
negative,/mnt/MammoDiffusion/MammoDiffusion/experiments/diffusers/04_sd21_lora/generated_images/final/negative/gen_1551.png,gen_1551.png,200.0,191.0,1.0,0.049884796142578125,0.5159440238586832,0.030292510986328125,209.48180329933257,12.790439524441828,6.85408228616007,909.6834716796875,0.0,0.0,True,too_empty,,False,
negative,/mnt/MammoDiffusion/MammoDiffusion/experiments/diffusers/04_sd21_lora/generated_images/final/negative/gen_1552.png,gen_1552.png,124.5824,84.0,4.0,0.14800262451171875,0.7298829836589515,0.11450958251953125,178.87031114664535,34.74504578285358,6.0301760806046385,1341.1180419921875,0.0,0.0,True,fragmented_mask,,False,
negative,/mnt/MammoDiffusion/MammoDiffusion/experiments/diffusers/04_sd21_lora/generated_images/final/negative/gen_1553.png,gen_1553.png,211.0,197.0,9.0,0.0462188720703125,0.4040937603169363,0.018306732177734375,227.2062929777037,11.718887019332698,7.335048364289582,1594.549072265625,0.0,0.0,True,too_empty,,False,
negative,/mnt/MammoDiffusion/MammoDiffusion/experiments/diffusers/04_sd21_lora/generated_images/final/negative/gen_1554.png,gen_1554.png,53.8956,40.0,1.0,0.5834808349609375,0.9929849106932712,0.627349853515625,117.37941455465291,58.86723768451889,6.675208406290013,1244.7545166015625,0.0,0.0,False,,-8.619414397482014,True,370.0
negative,/mnt/MammoDiffusion/MammoDiffusion/experiments/diffusers/04_sd21_lora/generated_images/final/negative/gen_1555.png,gen_1555.png,220.0,221.0,31.0,0.2847137451171875,0.9309984457902353,0.2463531494140625,251.2407556519046,16.686929593228587,6.674474862634641,1265.6754150390625,0.0,0.0,False,,-33.9861902437849,False,
negative,/mnt/MammoDiffusion/MammoDiffusion/experiments/diffusers/04_sd21_lora/generated_images/final/negative/gen_1556.png,gen_1556.png,63.6868,32.0,3.0,0.50115966796875,0.9863825965168677,0.5253410339355469,132.462062956105,55.13443275405144,7.006502863454014,1820.2342529296875,0.0,0.0,False,,-11.544718921624924,True,663.0
negative,/mnt/MammoDiffusion/MammoDiffusion/experiments/diffusers/04_sd21_lora/generated_images/final/negative/gen_1557.png,gen_1557.png,176.0,147.0,4.0,0.049106597900390625,0.31142701778917115,0.01499176025390625,190.7562340966921,12.303214088689177,6.815207849965281,977.0332641601562,0.0,0.0,True,too_empty,,False,
negative,/mnt/MammoDiffusion/MammoDiffusion/experiments/diffusers/04_sd21_lora/generated_images/final/negative/gen_1558.png,gen_1558.png,90.7912,68.0,2.0,0.383697509765625,0.9684244014952677,0.4246559143066406,143.35421888053466,50.00099031916051,6.166412759844991,719.299560546875,0.0,0.0,False,,-15.421301823750824,True,857.0
negative,/mnt/MammoDiffusion/MammoDiffusion/experiments/diffusers/04_sd21_lora/generated_images/final/negative/gen_1559.png,gen_1559.png,72.6868,41.0,3.0,0.4364128112792969,0.901829497478213,0.3831367492675781,124.1547437697263,46.03098876629938,7.023515370092891,1239.64453125,0.0,0.0,False,,-41.313048908264534,False,
negative,/mnt/MammoDiffusion/MammoDiffusion/experiments/diffusers/04_sd21_lora/generated_images/final/negative/gen_1560.png,gen_1560.png,147.7912,125.0,2.0,0.07421112060546875,0.9995373702066414,0.06842422485351562,185.9449183252495,18.18823908446816,4.069670152213578,215.960205078125,0.0,0.0,True,too_empty,,False,
negative,/mnt/MammoDiffusion/MammoDiffusion/experiments/diffusers/04_sd21_lora/generated_images/final/negative/gen_1561.png,gen_1561.png,220.0,254.0,1.0,0.2745933532714844,0.9637275467818791,0.2368621826171875,252.50800425175547,21.216380092315195,6.533772784850327,1550.324462890625,0.0,0.0,False,,-21.668786993419086,True,1066.0
negative,/mnt/MammoDiffusion/MammoDiffusion/experiments/diffusers/04_sd21_lora/generated_images/final/negative/gen_1562.png,gen_1562.png,182.0,171.0,5.0,0.043811798095703125,0.41375707444492815,0.01644134521484375,201.0951276102088,11.892080439851219,6.23456877344939,789.3246459960938,0.0,0.0,True,too_empty,,False,
negative,/mnt/MammoDiffusion/MammoDiffusion/experiments/diffusers/04_sd21_lora/generated_images/final/negative/gen_1563.png,gen_1563.png,105.7912,83.0,2.0,0.2731971740722656,0.9553876872809528,0.32720184326171875,150.65899923053607,51.34536542897722,6.133157031174961,1185.150146484375,0.0,0.0,False,,-21.294023671227958,True,1054.0
negative,/mnt/MammoDiffusion/MammoDiffusion/experiments/diffusers/04_sd21_lora/generated_images/final/negative/gen_1564.png,gen_1564.png,10.0,3.0,0.0,0.775421142578125,0.9972598291943799,0.7712020874023438,110.3685288327414,57.83229885329147,7.074019062020024,1692.20556640625,0.0,0.0,False,,-8.721445920950902,True,378.0
negative,/mnt/MammoDiffusion/MammoDiffusion/experiments/diffusers/04_sd21_lora/generated_images/final/negative/gen_1565.png,gen_1565.png,85.3736,27.0,6.0,0.49536895751953125,0.9698670855857937,0.4972419738769531,143.86818464276672,51.2057641422051,7.441609629630438,1096.82080078125,0.0,0.0,False,,-17.018696320256755,True,911.0
negative,/mnt/MammoDiffusion/MammoDiffusion/experiments/diffusers/04_sd21_lora/generated_images/final/negative/gen_1566.png,gen_1566.png,109.5824,69.0,4.0,0.24002838134765625,0.8449191061949716,0.2295684814453125,159.35510136257892,48.932672847312176,6.529242429646944,1493.8218994140625,0.0,0.0,False,,-64.63822405742951,False,
negative,/mnt/MammoDiffusion/MammoDiffusion/experiments/diffusers/04_sd21_lora/generated_images/final/negative/gen_1567.png,gen_1567.png,105.6868,74.0,3.0,0.21010589599609375,0.9257779875812484,0.22188186645507812,153.64093527035158,51.27501105732962,5.931411854938262,1011.7803955078125,0.0,0.0,False,,-32.88804695758784,False,
negative,/mnt/MammoDiffusion/MammoDiffusion/experiments/diffusers/04_sd21_lora/generated_images/final/negative/gen_1568.png,gen_1568.png,220.0,235.0,15.0,0.3142585754394531,0.8804578725677037,0.2740478515625,248.9178452115813,12.287812149774929,6.529360727265491,1848.152099609375,0.0,0.0,False,,-53.822938912052265,False,
negative,/mnt/MammoDiffusion/MammoDiffusion/experiments/diffusers/04_sd21_lora/generated_images/final/negative/gen_1569.png,gen_1569.png,112.8956,99.0,1.0,0.328582763671875,0.9144376335097985,0.3530082702636719,134.09405764056237,26.518875794959012,5.4310988689180615,255.07374572753906,0.0,0.0,False,,-35.729297867410715,False,
negative,/mnt/MammoDiffusion/MammoDiffusion/experiments/diffusers/04_sd21_lora/generated_images/final/negative/gen_1570.png,gen_1570.png,104.7912,82.0,2.0,0.2630424499511719,0.9750852004930752,0.28624725341796875,158.5162984088062,48.39813758642872,5.95305977777892,891.30126953125,0.0,0.0,False,,-13.533349696582349,True,764.0
negative,/mnt/MammoDiffusion/MammoDiffusion/experiments/diffusers/04_sd21_lora/generated_images/final/negative/gen_1571.png,gen_1571.png,138.0,129.0,2.0,0.044803619384765625,0.9031928480204342,0.037136077880859375,167.0764252696456,15.330527666759627,4.197322574007514,332.7845764160156,0.0,0.0,True,too_empty,,False,
negative,/mnt/MammoDiffusion/MammoDiffusion/experiments/diffusers/04_sd21_lora/generated_images/final/negative/gen_1572.png,gen_1572.png,124.7912,102.0,2.0,0.13150787353515625,0.4637117827928294,0.05875396728515625,170.8600181794572,25.31166616495045,5.2862709383402615,545.4183959960938,0.0,0.0,True,too_empty,,False,
negative,/mnt/MammoDiffusion/MammoDiffusion/experiments/diffusers/04_sd21_lora/generated_images/final/negative/gen_1573.png,gen_1573.png,220.0,247.0,7.0,0.224273681640625,0.8343652197577902,0.18267440795898438,253.55674817800238,5.573467121787262,6.916894896566871,1527.7259521484375,0.0,0.0,True,low_contrast,,False,
negative,/mnt/MammoDiffusion/MammoDiffusion/experiments/diffusers/04_sd21_lora/generated_images/final/negative/gen_1574.png,gen_1574.png,212.0,177.0,25.0,0.04515838623046875,0.15948639972968406,0.00687408447265625,230.4322974472808,11.586959265545168,7.233513149323279,2454.686279296875,0.0,0.0,True,too_empty,,False,
negative,/mnt/MammoDiffusion/MammoDiffusion/experiments/diffusers/04_sd21_lora/generated_images/final/negative/gen_1575.png,gen_1575.png,196.0,191.0,2.0,0.030975341796875,0.1188423645320197,0.0026397705078125,221.3049132947977,14.245811842442876,5.924041026183209,842.7485961914062,0.0,0.0,True,too_empty,,False,
negative,/mnt/MammoDiffusion/MammoDiffusion/experiments/diffusers/04_sd21_lora/generated_images/final/negative/gen_1576.png,gen_1576.png,72.8956,59.0,1.0,0.5528144836425781,0.9884071572003285,0.5593338012695312,138.08731739254975,44.90358478606538,6.198216774851977,709.625244140625,0.0,0.0,False,,-8.395551722102308,True,333.0
negative,/mnt/MammoDiffusion/MammoDiffusion/experiments/diffusers/04_sd21_lora/generated_images/final/negative/gen_1577.png,gen_1577.png,10.0,0.0,0.0,0.7891273498535156,0.9984917699949242,0.7990951538085938,95.23700340847249,64.35033587070012,6.9925306649231285,1721.95068359375,0.0,0.0,False,,-8.497535574734563,True,354.0
negative,/mnt/MammoDiffusion/MammoDiffusion/experiments/diffusers/04_sd21_lora/generated_images/final/negative/gen_1578.png,gen_1578.png,76.7912,54.0,2.0,0.21852874755859375,0.9911147575323814,0.2272796630859375,154.35505203088286,57.052396550487316,5.427967677867832,846.1810913085938,0.0,0.0,False,,-7.737186354000224,True,229.0
negative,/mnt/MammoDiffusion/MammoDiffusion/experiments/diffusers/04_sd21_lora/generated_images/final/negative/gen_1579.png,gen_1579.png,101.7912,79.0,2.0,0.25075531005859375,0.8545197310372106,0.23380279541015625,154.65929189100996,43.07931824955303,6.042943612518297,873.6287841796875,0.0,0.0,False,,-59.33408730072937,False,
negative,/mnt/MammoDiffusion/MammoDiffusion/experiments/diffusers/04_sd21_lora/generated_images/final/negative/gen_1580.png,gen_1580.png,55.7912,33.0,2.0,0.39420318603515625,0.9937389924325998,0.4042701721191406,128.98881832850523,57.731987499203925,6.489554858818702,1525.7022705078125,0.0,0.0,False,,-7.185869246387978,True,163.0
negative,/mnt/MammoDiffusion/MammoDiffusion/experiments/diffusers/04_sd21_lora/generated_images/final/negative/gen_1581.png,gen_1581.png,57.6868,26.0,3.0,0.7120018005371094,0.9982373142884696,0.7232398986816406,134.9166530409878,48.087775646380926,7.471717863374359,1304.438720703125,0.0,0.0,False,,-7.755768194082102,True,231.0
negative,/mnt/MammoDiffusion/MammoDiffusion/experiments/diffusers/04_sd21_lora/generated_images/final/negative/gen_1582.png,gen_1582.png,220.0,214.0,25.0,0.36679840087890625,0.934771304365913,0.3411369323730469,238.86605834926812,17.61244040557425,6.937561423031381,2005.7520751953125,0.0,0.0,False,,-32.85265954407876,False,
negative,/mnt/MammoDiffusion/MammoDiffusion/experiments/diffusers/04_sd21_lora/generated_images/final/negative/gen_1583.png,gen_1583.png,115.5824,75.0,4.0,0.17557144165039062,0.8493210211841391,0.17358779907226562,165.25755411493242,50.84348147090279,6.362371047645335,1708.608154296875,0.0,0.0,False,,-63.69639612212184,False,
negative,/mnt/MammoDiffusion/MammoDiffusion/experiments/diffusers/04_sd21_lora/generated_images/final/negative/gen_1584.png,gen_1584.png,100.7912,78.0,2.0,0.2982292175292969,0.986901853438903,0.30448150634765625,157.57914254929966,39.39771301714013,5.868663783782132,657.94091796875,0.0,0.0,False,,-8.13666219528804,True,296.0
negative,/mnt/MammoDiffusion/MammoDiffusion/experiments/diffusers/04_sd21_lora/generated_images/final/negative/gen_1585.png,gen_1585.png,76.7912,54.0,2.0,0.24503326416015625,0.9973689946134446,0.25634002685546875,144.8456352867645,54.2280385566526,5.76676212489985,852.633544921875,0.0,0.0,False,,-5.144107609980143,True,24.0
negative,/mnt/MammoDiffusion/MammoDiffusion/experiments/diffusers/04_sd21_lora/generated_images/final/negative/gen_1586.png,gen_1586.png,72.8956,59.0,1.0,0.3283119201660156,0.987648870040086,0.3822059631347656,125.95454772289482,58.02759387495772,5.872350207771788,1247.3760986328125,0.0,0.0,False,,-8.468365888320431,True,348.0
negative,/mnt/MammoDiffusion/MammoDiffusion/experiments/diffusers/04_sd21_lora/generated_images/final/negative/gen_1587.png,gen_1587.png,146.5824,106.0,4.0,0.09218978881835938,0.38109819174907933,0.04425048828125,158.8616379310345,33.80769771669447,5.570895275101135,1031.888916015625,0.0,0.0,True,too_empty,,False,
negative,/mnt/MammoDiffusion/MammoDiffusion/experiments/diffusers/04_sd21_lora/generated_images/final/negative/gen_1588.png,gen_1588.png,220.0,255.0,0.0,0.3415107727050781,0.9047193521362747,0.30213165283203125,253.760725739249,14.27864865799115,6.313935400644576,1765.281982421875,0.0,0.0,False,,-44.113022847436696,False,
negative,/mnt/MammoDiffusion/MammoDiffusion/experiments/diffusers/04_sd21_lora/generated_images/final/negative/gen_1589.png,gen_1589.png,159.8956,146.0,1.0,0.06314468383789062,0.5866610282124086,0.036533355712890625,187.30562806724444,21.723067460134107,5.4254863903818045,556.857666015625,0.0,0.0,True,too_empty,,False,
negative,/mnt/MammoDiffusion/MammoDiffusion/experiments/diffusers/04_sd21_lora/generated_images/final/negative/gen_1590.png,gen_1590.png,129.3736,71.0,6.0,0.154144287109375,0.43590378142941993,0.06526947021484375,207.19082407948568,33.074469186142494,6.60167791930162,2291.4716796875,0.0,0.0,True,too_empty,,False,
negative,/mnt/MammoDiffusion/MammoDiffusion/experiments/diffusers/04_sd21_lora/generated_images/final/negative/gen_1591.png,gen_1591.png,220.0,251.0,3.0,0.2549934387207031,0.9337871194554567,0.2296905517578125,251.88256493722182,16.897321527396706,6.468359291265282,2088.68310546875,0.0,0.0,False,,-33.958764224543906,False,
negative,/mnt/MammoDiffusion/MammoDiffusion/experiments/diffusers/04_sd21_lora/generated_images/final/negative/gen_1592.png,gen_1592.png,149.5824,109.0,4.0,0.10227584838867188,0.8260788482339338,0.07945632934570312,190.5042968937539,22.0074041475751,5.735866402185794,1056.5357666015625,0.0,0.0,True,too_empty,,False,
negative,/mnt/MammoDiffusion/MammoDiffusion/experiments/diffusers/04_sd21_lora/generated_images/final/negative/gen_1593.png,gen_1593.png,102.8956,89.0,1.0,0.21390914916992188,0.8711725367810967,0.21195602416992188,158.03019995320628,50.071284304978754,4.956522108326871,388.0625,0.0,0.0,False,,-52.84260540736429,False,
negative,/mnt/MammoDiffusion/MammoDiffusion/experiments/diffusers/04_sd21_lora/generated_images/final/negative/gen_1594.png,gen_1594.png,10.0,4.0,0.0,0.7111968994140625,0.9977257611190972,0.7053642272949219,123.20540055271029,57.89716683103478,6.550451481197577,1361.5638427734375,0.0,0.0,False,,-7.446976118181833,True,196.0
negative,/mnt/MammoDiffusion/MammoDiffusion/experiments/diffusers/04_sd21_lora/generated_images/final/negative/gen_1595.png,gen_1595.png,82.7912,60.0,2.0,0.21073150634765625,0.9671988704246769,0.2350921630859375,137.0543097293438,53.22879839586599,5.756241897876617,1059.4539794921875,0.0,0.0,False,,-16.810458254627655,True,901.0
negative,/mnt/MammoDiffusion/MammoDiffusion/experiments/diffusers/04_sd21_lora/generated_images/final/negative/gen_1596.png,gen_1596.png,115.6868,84.0,3.0,0.18279266357421875,0.8624525230602279,0.15391159057617188,165.24247155922373,36.258716162468,5.852715630836537,1006.7648315429688,0.0,0.0,False,,-57.015589295994936,False,
negative,/mnt/MammoDiffusion/MammoDiffusion/experiments/diffusers/04_sd21_lora/generated_images/final/negative/gen_1597.png,gen_1597.png,123.47800000000001,74.0,5.0,0.21692657470703125,0.7284317518376534,0.17404937744140625,173.04731951080524,43.173223794618785,6.665450419533079,1733.4879150390625,0.0,0.0,True,fragmented_mask,,False,
negative,/mnt/MammoDiffusion/MammoDiffusion/experiments/diffusers/04_sd21_lora/generated_images/final/negative/gen_1598.png,gen_1598.png,71.5824,31.0,4.0,0.2068939208984375,0.9594734124935467,0.23752593994140625,137.52476471910833,64.4805386380427,6.297984998094639,1972.957763671875,0.0,0.0,False,,-22.01060458905687,True,1077.0
negative,/mnt/MammoDiffusion/MammoDiffusion/experiments/diffusers/04_sd21_lora/generated_images/final/negative/gen_1599.png,gen_1599.png,106.7912,84.0,2.0,0.15290451049804688,0.7859940623206846,0.13949966430664062,156.3937761491974,42.333447151421026,5.308673768759175,801.194091796875,0.0,0.0,False,,-85.24509537546896,False,
negative,/mnt/MammoDiffusion/MammoDiffusion/experiments/diffusers/04_sd21_lora/generated_images/final/negative/gen_1600.png,gen_1600.png,10.0,0.0,0.0,0.7848739624023438,0.9980170109356015,0.7915306091308594,93.26787151497626,62.5350186737137,7.103794659284386,1759.5960693359375,0.0,0.0,False,,-8.638502817497917,True,371.0
negative,/mnt/MammoDiffusion/MammoDiffusion/experiments/diffusers/04_sd21_lora/generated_images/final/negative/gen_1601.png,gen_1601.png,120.6868,89.0,3.0,0.16714859008789062,0.8350868384417007,0.13682174682617188,167.52457690913653,34.955302497707514,5.719260321138398,801.9090576171875,0.0,0.0,False,,-67.24001205114011,False,
negative,/mnt/MammoDiffusion/MammoDiffusion/experiments/diffusers/04_sd21_lora/generated_images/final/negative/gen_1602.png,gen_1602.png,109.47800000000001,60.0,5.0,0.278106689453125,0.952197410292988,0.3104209899902344,154.81554531490016,48.37300987116707,6.69637023417908,1435.7379150390625,0.0,0.0,False,,-23.340550239109174,True,1125.0
negative,/mnt/MammoDiffusion/MammoDiffusion/experiments/diffusers/04_sd21_lora/generated_images/final/negative/gen_1603.png,gen_1603.png,220.0,253.0,1.0,0.35382843017578125,0.887012959009854,0.3070220947265625,253.05005963918293,15.673133107579474,6.232568890599133,1889.880126953125,0.0,0.0,False,,-50.80763474978017,False,
negative,/mnt/MammoDiffusion/MammoDiffusion/experiments/diffusers/04_sd21_lora/generated_images/final/negative/gen_1604.png,gen_1604.png,59.7912,37.0,2.0,0.2891807556152344,0.9541203318954714,0.35100555419921875,115.46138631077879,64.38316715727743,5.670204697713198,1322.7183837890625,0.0,0.0,False,,-21.48766076754383,True,1060.0
negative,/mnt/MammoDiffusion/MammoDiffusion/experiments/diffusers/04_sd21_lora/generated_images/final/negative/gen_1605.png,gen_1605.png,220.0,208.0,35.0,0.2957649230957031,0.909445010511653,0.2687225341796875,242.05436942819827,18.731007932934727,6.481056922890035,1835.677978515625,0.0,0.0,False,,-42.335109235290645,False,
negative,/mnt/MammoDiffusion/MammoDiffusion/experiments/diffusers/04_sd21_lora/generated_images/final/negative/gen_1606.png,gen_1606.png,168.478,119.0,5.0,0.13957977294921875,0.6666848865810331,0.09297561645507812,196.249415336643,18.09173368492121,6.1517031853126305,1039.737060546875,0.0,0.0,True,too_empty,,False,
negative,/mnt/MammoDiffusion/MammoDiffusion/experiments/diffusers/04_sd21_lora/generated_images/final/negative/gen_1607.png,gen_1607.png,118.6868,87.0,3.0,0.18500518798828125,0.8997484432347725,0.17354965209960938,171.8260907792065,44.40335011560576,5.727482330467615,815.509033203125,0.0,0.0,False,,-42.60787229682834,False,
negative,/mnt/MammoDiffusion/MammoDiffusion/experiments/diffusers/04_sd21_lora/generated_images/final/negative/gen_1608.png,gen_1608.png,97.8956,84.0,1.0,0.3488807678222656,0.9796079031676088,0.3934822082519531,142.64448516224104,48.68224649067308,5.592636780914013,494.5695495605469,0.0,0.0,False,,-10.625760655825227,True,590.0
negative,/mnt/MammoDiffusion/MammoDiffusion/experiments/diffusers/04_sd21_lora/generated_images/final/negative/gen_1609.png,gen_1609.png,134.0,122.0,3.0,0.0439910888671875,0.48300381546999654,0.01922607421875,192.50595238095238,20.98843134403919,4.711811513316322,719.37255859375,0.0,0.0,True,too_empty,,False,
negative,/mnt/MammoDiffusion/MammoDiffusion/experiments/diffusers/04_sd21_lora/generated_images/final/negative/gen_1610.png,gen_1610.png,21.0,16.0,0.0,0.662353515625,0.9954155915960192,0.6588592529296875,108.42983278908729,62.706159333241494,6.486405291292068,1709.242919921875,0.0,0.0,False,,-8.415969055807828,True,337.0
negative,/mnt/MammoDiffusion/MammoDiffusion/experiments/diffusers/04_sd21_lora/generated_images/final/negative/gen_1611.png,gen_1611.png,115.6868,84.0,3.0,0.4099311828613281,0.9290998594839058,0.3921661376953125,152.50266526594297,36.36754735662716,6.745894831310222,368.62542724609375,0.0,0.0,False,,-30.741832099703522,True,1309.0
negative,/mnt/MammoDiffusion/MammoDiffusion/experiments/diffusers/04_sd21_lora/generated_images/final/negative/gen_1612.png,gen_1612.png,45.8956,32.0,1.0,0.46469879150390625,0.9964373081153852,0.4633216857910156,135.76014556592045,54.16099011571262,6.339902277143305,1082.3648681640625,0.0,0.0,False,,-5.772288566787617,True,49.0
negative,/mnt/MammoDiffusion/MammoDiffusion/experiments/diffusers/04_sd21_lora/generated_images/final/negative/gen_1613.png,gen_1613.png,69.8956,56.0,1.0,0.41015625,0.9703497023809524,0.4582862854003906,118.81998052223712,57.003759087113124,6.163063171143725,1195.328857421875,0.0,0.0,False,,-15.492544227420407,True,861.0
negative,/mnt/MammoDiffusion/MammoDiffusion/experiments/diffusers/04_sd21_lora/generated_images/final/negative/gen_1614.png,gen_1614.png,139.7912,117.0,2.0,0.1409912109375,0.734469696969697,0.12592697143554688,179.5050437732877,34.363574135338055,5.291800655782632,774.535400390625,0.0,0.0,True,fragmented_mask,,False,
negative,/mnt/MammoDiffusion/MammoDiffusion/experiments/diffusers/04_sd21_lora/generated_images/final/negative/gen_1615.png,gen_1615.png,126.8956,113.0,1.0,0.17063522338867188,0.8308332029241465,0.14449691772460938,163.33504052377307,36.09428862786822,5.008194249381252,589.1868896484375,0.0,0.0,False,,-68.05763736213278,False,
negative,/mnt/MammoDiffusion/MammoDiffusion/experiments/diffusers/04_sd21_lora/generated_images/final/negative/gen_1616.png,gen_1616.png,47.6868,16.0,3.0,0.41071319580078125,0.9762877788716958,0.4226531982421875,124.8288927398101,60.97585990134704,6.784519608317004,1711.06201171875,0.0,0.0,False,,-14.529004808355632,True,811.0
negative,/mnt/MammoDiffusion/MammoDiffusion/experiments/diffusers/04_sd21_lora/generated_images/final/negative/gen_1617.png,gen_1617.png,102.0,87.0,4.0,0.044048309326171875,0.5636961981467048,0.022449493408203125,178.92523364485982,26.721952010528195,4.992866548007125,926.1881713867188,0.0,0.0,True,too_empty,,False,
negative,/mnt/MammoDiffusion/MammoDiffusion/experiments/diffusers/04_sd21_lora/generated_images/final/negative/gen_1618.png,gen_1618.png,220.0,204.0,49.0,0.2486724853515625,0.47013253973123886,0.11418533325195312,253.4613637122908,2.9557509491350147,6.706411160399517,2096.54296875,0.0,0.0,True,low_contrast,,False,
negative,/mnt/MammoDiffusion/MammoDiffusion/experiments/diffusers/04_sd21_lora/generated_images/final/negative/gen_1619.png,gen_1619.png,131.7912,109.0,2.0,0.09410858154296875,0.4719497365220916,0.042446136474609375,203.92774332704232,29.468009969162136,4.781323865750757,591.7772827148438,0.0,0.0,True,too_empty,,False,
negative,/mnt/MammoDiffusion/MammoDiffusion/experiments/diffusers/04_sd21_lora/generated_images/final/negative/gen_1620.png,gen_1620.png,143.478,94.0,5.0,0.1074371337890625,0.34796193722482605,0.034999847412109375,189.98212534059945,25.85437960581782,5.984535083588106,1330.57373046875,0.0,0.0,True,too_empty,,False,
negative,/mnt/MammoDiffusion/MammoDiffusion/experiments/diffusers/04_sd21_lora/generated_images/final/negative/gen_1621.png,gen_1621.png,220.0,184.0,46.0,0.3406829833984375,0.94987011241994,0.32468414306640625,231.00733134384473,17.10725693482511,7.14236794102214,1907.474853515625,0.0,0.0,False,,-27.166525358787908,True,1217.0
negative,/mnt/MammoDiffusion/MammoDiffusion/experiments/diffusers/04_sd21_lora/generated_images/final/negative/gen_1622.png,gen_1622.png,165.8956,152.0,1.0,0.08987045288085938,0.7501591748376417,0.06700897216796875,186.3336559262211,17.519084830336336,5.821122989413313,407.23541259765625,0.0,0.0,True,too_empty,,False,
negative,/mnt/MammoDiffusion/MammoDiffusion/experiments/diffusers/04_sd21_lora/generated_images/final/negative/gen_1623.png,gen_1623.png,95.6868,64.0,3.0,0.41021728515625,0.9010284927838119,0.3435478210449219,151.81799709079604,44.5625152070888,7.079801847525445,1644.0015869140625,0.0,0.0,False,,-42.876096794000624,False,
negative,/mnt/MammoDiffusion/MammoDiffusion/experiments/diffusers/04_sd21_lora/generated_images/final/negative/gen_1624.png,gen_1624.png,60.6868,29.0,3.0,0.4297142028808594,0.9824673537688532,0.4752082824707031,122.9548056159842,58.50582832487069,6.8341333394925154,1810.2275390625,0.0,0.0,False,,-12.546888482049866,True,717.0
negative,/mnt/MammoDiffusion/MammoDiffusion/experiments/diffusers/04_sd21_lora/generated_images/final/negative/gen_1625.png,gen_1625.png,81.6868,50.0,3.0,0.3594818115234375,0.993749734708604,0.360321044921875,155.96527483696113,49.381076821882786,6.502058018133507,1322.0079345703125,0.0,0.0,False,,-6.9957339996254,True,142.0
negative,/mnt/MammoDiffusion/MammoDiffusion/experiments/diffusers/04_sd21_lora/generated_images/final/negative/gen_1626.png,gen_1626.png,92.6868,61.0,3.0,0.18585205078125,0.9477832512315271,0.21528244018554688,146.0849827234872,58.27909199301885,5.9246389251060005,1298.896240234375,0.0,0.0,False,,-25.202322041989074,True,1171.0
negative,/mnt/MammoDiffusion/MammoDiffusion/experiments/diffusers/04_sd21_lora/generated_images/final/negative/gen_1627.png,gen_1627.png,131.478,82.0,5.0,0.42345428466796875,0.9923157306812245,0.42891693115234375,168.5315729557623,24.751904283280645,6.72871942327334,943.7814331054688,0.0,0.0,False,,-7.798372717433322,True,239.0
negative,/mnt/MammoDiffusion/MammoDiffusion/experiments/diffusers/04_sd21_lora/generated_images/final/negative/gen_1628.png,gen_1628.png,125.7912,103.0,2.0,0.2007904052734375,0.9307318185272437,0.20517349243164062,164.23151436274054,34.177230085264505,5.44391926373543,640.6536254882812,0.0,0.0,False,,-30.161371511291776,True,1291.0
negative,/mnt/MammoDiffusion/MammoDiffusion/experiments/diffusers/04_sd21_lora/generated_images/final/negative/gen_1629.png,gen_1629.png,158.8956,145.0,1.0,0.12465667724609375,0.7321439500581431,0.08838653564453125,189.50699179974106,17.107620160572118,6.231868975880985,498.233642578125,0.0,0.0,True,too_empty,,False,
negative,/mnt/MammoDiffusion/MammoDiffusion/experiments/diffusers/04_sd21_lora/generated_images/final/negative/gen_1630.png,gen_1630.png,47.6868,16.0,3.0,0.6545791625976562,0.9718113686958751,0.706634521484375,112.69703627726193,55.85343256648268,7.493309802808235,1770.480224609375,0.0,0.0,False,,-18.33513705842185,True,946.0
negative,/mnt/MammoDiffusion/MammoDiffusion/experiments/diffusers/04_sd21_lora/generated_images/final/negative/gen_1631.png,gen_1631.png,140.8956,127.0,1.0,0.1118927001953125,0.5381835537979,0.057384490966796875,184.74712490859537,21.661133029361324,4.932191830341105,429.4208984375,0.0,0.0,True,too_empty,,False,
negative,/mnt/MammoDiffusion/MammoDiffusion/experiments/diffusers/04_sd21_lora/generated_images/final/negative/gen_1632.png,gen_1632.png,127.7912,105.0,2.0,0.13057708740234375,0.8437919953257377,0.11588287353515625,170.95177431035617,39.03834661033968,5.271464984023014,703.7830200195312,0.0,0.0,False,,-63.409436928108114,False,
negative,/mnt/MammoDiffusion/MammoDiffusion/experiments/diffusers/04_sd21_lora/generated_images/final/negative/gen_1633.png,gen_1633.png,120.7912,98.0,2.0,0.16953659057617188,0.8605404675651959,0.18387985229492188,163.50828786590046,47.60533083150794,5.499646562319461,909.4715576171875,0.0,0.0,False,,-57.37332337070661,False,
negative,/mnt/MammoDiffusion/MammoDiffusion/experiments/diffusers/04_sd21_lora/generated_images/final/negative/gen_1634.png,gen_1634.png,99.7912,77.0,2.0,0.20752716064453125,0.9795963383699129,0.21450042724609375,146.9901298239374,42.84281216065775,5.469247587799966,707.8585205078125,0.0,0.0,False,,-11.151397863611152,True,631.0
negative,/mnt/MammoDiffusion/MammoDiffusion/experiments/diffusers/04_sd21_lora/generated_images/final/negative/gen_1635.png,gen_1635.png,106.6868,75.0,3.0,0.15760040283203125,0.9241661422278162,0.1841583251953125,149.7246872151794,55.65964853290829,5.739294232603437,1173.1368408203125,0.0,0.0,False,,-33.973023290393236,False,
negative,/mnt/MammoDiffusion/MammoDiffusion/experiments/diffusers/04_sd21_lora/generated_images/final/negative/gen_1636.png,gen_1636.png,50.5824,10.0,4.0,0.704010009765625,0.9951883479994799,0.7328300476074219,122.60197702322144,55.57819823251749,7.653047476896214,2077.01123046875,0.0,0.0,False,,-10.343271292574995,True,566.0
negative,/mnt/MammoDiffusion/MammoDiffusion/experiments/diffusers/04_sd21_lora/generated_images/final/negative/gen_1637.png,gen_1637.png,82.8956,69.0,1.0,0.2748527526855469,0.9274958015849885,0.3095817565917969,143.1428008132586,61.09257770566229,5.584504829520082,1200.656982421875,0.0,0.0,False,,-31.94482820065778,True,1342.0
negative,/mnt/MammoDiffusion/MammoDiffusion/experiments/diffusers/04_sd21_lora/generated_images/final/negative/gen_1638.png,gen_1638.png,16.0,11.0,0.0,0.7622489929199219,0.9985136548576462,0.7573699951171875,112.88688929183036,57.31916729174431,6.997842902100611,1181.1431884765625,0.0,0.0,False,,-7.425896151540918,True,193.0
negative,/mnt/MammoDiffusion/MammoDiffusion/experiments/diffusers/04_sd21_lora/generated_images/final/negative/gen_1639.png,gen_1639.png,94.8956,81.0,1.0,0.2637519836425781,0.9166485876686771,0.2728919982910156,145.43360778338482,48.0684211816233,5.388637859748881,462.8378601074219,0.0,0.0,False,,-35.11286728140234,False,
negative,/mnt/MammoDiffusion/MammoDiffusion/experiments/diffusers/04_sd21_lora/generated_images/final/negative/gen_1640.png,gen_1640.png,46.7912,24.0,2.0,0.5333290100097656,0.991531303421096,0.5932083129882812,107.51847517137602,58.971955800000536,6.875854914406654,1169.8780517578125,0.0,0.0,False,,-8.843199405498144,True,400.0
negative,/mnt/MammoDiffusion/MammoDiffusion/experiments/diffusers/04_sd21_lora/generated_images/final/negative/gen_1641.png,gen_1641.png,117.8956,104.0,1.0,0.17200469970703125,0.4626746506986028,0.09666824340820312,154.19817686752694,48.55839649821169,5.172746997540495,583.3704223632812,0.0,0.0,True,too_empty,,False,
negative,/mnt/MammoDiffusion/MammoDiffusion/experiments/diffusers/04_sd21_lora/generated_images/final/negative/gen_1642.png,gen_1642.png,103.7912,81.0,2.0,0.2020416259765625,0.9648818065100824,0.23512649536132812,144.35666888394957,46.35778111182288,5.233667192449283,572.97509765625,0.0,0.0,False,,-16.677610661224136,True,897.0
negative,/mnt/MammoDiffusion/MammoDiffusion/experiments/diffusers/04_sd21_lora/generated_images/final/negative/gen_1643.png,gen_1643.png,76.5824,36.0,4.0,0.42615509033203125,0.9694756252573536,0.4967002868652344,127.56051517967543,52.55411981729072,7.0591684903324285,2071.98876953125,0.0,0.0,False,,-17.920466435054127,True,936.0
negative,/mnt/MammoDiffusion/MammoDiffusion/experiments/diffusers/04_sd21_lora/generated_images/final/negative/gen_1644.png,gen_1644.png,106.7912,84.0,2.0,0.17528533935546875,0.9180848748639826,0.18914031982421875,154.54636763341534,43.54398784483965,5.436619206963732,901.2705078125,0.0,0.0,False,,-35.06257644372373,False,
negative,/mnt/MammoDiffusion/MammoDiffusion/experiments/diffusers/04_sd21_lora/generated_images/final/negative/gen_1645.png,gen_1645.png,146.8956,133.0,1.0,0.14946365356445312,0.5987851254434547,0.08919143676757812,190.17274710234807,22.038237233631826,5.213677170899661,553.146484375,0.0,0.0,True,too_empty,,False,
negative,/mnt/MammoDiffusion/MammoDiffusion/experiments/diffusers/04_sd21_lora/generated_images/final/negative/gen_1646.png,gen_1646.png,48.7912,26.0,2.0,0.3829765319824219,0.9532347228447632,0.4191398620605469,115.8372332195677,65.23269886993589,6.429581836857064,1694.4053955078125,0.0,0.0,False,,-23.001009170497902,True,1108.0
negative,/mnt/MammoDiffusion/MammoDiffusion/experiments/diffusers/04_sd21_lora/generated_images/final/negative/gen_1647.png,gen_1647.png,91.8956,78.0,1.0,0.19686508178710938,0.897320130989982,0.2263946533203125,131.67212037473882,49.629235770615814,5.211042009848898,852.9185180664062,0.0,0.0,False,,-42.36024568359205,False,
negative,/mnt/MammoDiffusion/MammoDiffusion/experiments/diffusers/04_sd21_lora/generated_images/final/negative/gen_1648.png,gen_1648.png,75.6868,44.0,3.0,0.33895111083984375,0.9790442748778896,0.3799285888671875,135.99673681673963,58.870952320002374,6.530741098383972,1298.3602294921875,0.0,0.0,False,,-12.59570624814709,True,721.0
negative,/mnt/MammoDiffusion/MammoDiffusion/experiments/diffusers/04_sd21_lora/generated_images/final/negative/gen_1649.png,gen_1649.png,118.6868,87.0,3.0,0.3708343505859375,0.9222215364358309,0.3348655700683594,153.70080767346752,34.89113392019091,6.571732074907465,602.2536010742188,0.0,0.0,False,,-33.29714308303592,False,
negative,/mnt/MammoDiffusion/MammoDiffusion/experiments/diffusers/04_sd21_lora/generated_images/final/negative/gen_1650.png,gen_1650.png,73.6868,42.0,3.0,0.4450645446777344,0.9885918523026288,0.5104522705078125,131.6244283023944,56.96841416743106,6.990859148028523,1830.505126953125,0.0,0.0,False,,-10.690238840966067,True,599.0
negative,/mnt/MammoDiffusion/MammoDiffusion/experiments/diffusers/04_sd21_lora/generated_images/final/negative/gen_1651.png,gen_1651.png,89.47800000000001,40.0,5.0,0.5306930541992188,0.9960465216578732,0.5493354797363281,154.89934377278567,43.67365092436084,7.278701892812164,1748.6646728515625,0.0,0.0,False,,-7.953013833333458,True,262.0
negative,/mnt/MammoDiffusion/MammoDiffusion/experiments/diffusers/04_sd21_lora/generated_images/final/negative/gen_1652.png,gen_1652.png,116.6868,85.0,3.0,0.2575836181640625,0.721476808245957,0.20616531372070312,163.30093440651308,40.67312197729155,6.6079864130843795,723.01806640625,0.0,0.0,True,fragmented_mask,,False,
negative,/mnt/MammoDiffusion/MammoDiffusion/experiments/diffusers/04_sd21_lora/generated_images/final/negative/gen_1653.png,gen_1653.png,39.6868,8.0,3.0,0.4794578552246094,0.9951387176080263,0.4821586608886719,125.44400490525733,53.616757888649936,6.851221932481522,1973.09130859375,0.0,0.0,False,,-7.797155656689326,True,238.0
negative,/mnt/MammoDiffusion/MammoDiffusion/experiments/diffusers/04_sd21_lora/generated_images/final/negative/gen_1654.png,gen_1654.png,143.8956,130.0,1.0,0.1123504638671875,0.5130381637919327,0.056903839111328125,197.00596634712073,26.04612539680911,5.130240071948502,548.87060546875,0.0,0.0,True,too_empty,,False,
negative,/mnt/MammoDiffusion/MammoDiffusion/experiments/diffusers/04_sd21_lora/generated_images/final/negative/gen_1655.png,gen_1655.png,115.0,108.0,2.0,0.038135528564453125,0.7746323897169151,0.02362823486328125,178.02970616725864,18.771851045645118,3.7265472679415774,184.53024291992188,0.0,0.0,True,too_empty,,False,
negative,/mnt/MammoDiffusion/MammoDiffusion/experiments/diffusers/04_sd21_lora/generated_images/final/negative/gen_1656.png,gen_1656.png,220.0,148.0,77.0,0.10314559936523438,0.6336772809645327,0.05925750732421875,254.42365134543581,2.696852025398554,7.229010566408387,1022.1258544921875,0.0,0.0,True,too_empty,,False,
negative,/mnt/MammoDiffusion/MammoDiffusion/experiments/diffusers/04_sd21_lora/generated_images/final/negative/gen_1657.png,gen_1657.png,209.0,190.0,15.0,0.0471954345703125,0.18525703200775945,0.00785064697265625,226.1627793974733,12.16361708593057,7.325240502865732,1682.54345703125,0.0,0.0,True,too_empty,,False,
negative,/mnt/MammoDiffusion/MammoDiffusion/experiments/diffusers/04_sd21_lora/generated_images/final/negative/gen_1658.png,gen_1658.png,116.8956,103.0,1.0,0.19530868530273438,0.9493154163167249,0.20888900756835938,155.9322120564656,37.666286569107,4.9730270794856954,410.7425537109375,0.0,0.0,False,,-22.657828547772123,True,1097.0
negative,/mnt/MammoDiffusion/MammoDiffusion/experiments/diffusers/04_sd21_lora/generated_images/final/negative/gen_1659.png,gen_1659.png,97.6868,66.0,3.0,0.311981201171875,0.8877041964198377,0.28418731689453125,156.05526322854305,51.25458284251179,6.508069124231731,1436.8447265625,0.0,0.0,False,,-48.00818681051916,False,
negative,/mnt/MammoDiffusion/MammoDiffusion/experiments/diffusers/04_sd21_lora/generated_images/final/negative/gen_1660.png,gen_1660.png,79.6868,48.0,3.0,0.3750457763671875,0.9873062370316124,0.42279052734375,131.67359607333623,56.25443296228704,6.622741080207971,1514.9571533203125,0.0,0.0,False,,-9.817984911919808,True,517.0
negative,/mnt/MammoDiffusion/MammoDiffusion/experiments/diffusers/04_sd21_lora/generated_images/final/negative/gen_1661.png,gen_1661.png,10.0,0.0,0.0,0.7389450073242188,0.9920086727582469,0.7373542785644531,95.78876627710264,65.09011209174221,6.766518487984179,1439.6131591796875,0.0,0.0,False,,-10.02391446323589,True,536.0
negative,/mnt/MammoDiffusion/MammoDiffusion/experiments/diffusers/04_sd21_lora/generated_images/final/negative/gen_1662.png,gen_1662.png,64.7912,42.0,2.0,0.4587211608886719,0.9825032640061205,0.465911865234375,136.9113447304644,50.135055534847034,6.430127387956129,869.3856811523438,0.0,0.0,False,,-10.674213273278603,True,598.0
negative,/mnt/MammoDiffusion/MammoDiffusion/experiments/diffusers/04_sd21_lora/generated_images/final/negative/gen_1663.png,gen_1663.png,142.5824,102.0,4.0,0.0828704833984375,0.9825998895231081,0.07939529418945312,180.8670061980493,22.22938325504961,5.262087480256001,861.3665771484375,0.0,0.0,True,too_empty,,False,
negative,/mnt/MammoDiffusion/MammoDiffusion/experiments/diffusers/04_sd21_lora/generated_images/final/negative/gen_1664.png,gen_1664.png,55.7912,33.0,2.0,0.5041694641113281,0.9905875231717929,0.5674819946289062,117.53537193638161,58.292501049043985,6.837508914179686,1594.1492919921875,0.0,0.0,False,,-9.697991360881844,True,502.0
negative,/mnt/MammoDiffusion/MammoDiffusion/experiments/diffusers/04_sd21_lora/generated_images/final/negative/gen_1665.png,gen_1665.png,164.0,122.0,5.0,0.049350738525390625,0.9375434799412538,0.03815460205078125,186.746950609878,15.339178436941662,5.33812873490185,1186.189697265625,0.0,0.0,True,too_empty,,False,
negative,/mnt/MammoDiffusion/MammoDiffusion/experiments/diffusers/04_sd21_lora/generated_images/final/negative/gen_1666.png,gen_1666.png,105.8956,92.0,1.0,0.216461181640625,0.9906598054419851,0.2151641845703125,163.05036876817246,36.428328985208644,4.966424631971293,346.4871826171875,0.0,0.0,False,,-7.198992932120493,True,166.0
negative,/mnt/MammoDiffusion/MammoDiffusion/experiments/diffusers/04_sd21_lora/generated_images/final/negative/gen_1667.png,gen_1667.png,60.6868,29.0,3.0,0.4576148986816406,0.9851951884362418,0.4769134521484375,133.20594304911214,53.855553635343284,6.918598767991837,1633.6405029296875,0.0,0.0,False,,-11.290384710299001,True,641.0
negative,/mnt/MammoDiffusion/MammoDiffusion/experiments/diffusers/04_sd21_lora/generated_images/final/negative/gen_1668.png,gen_1668.png,120.8956,107.0,1.0,0.09605026245117188,1.0,0.09097671508789062,168.7224202272632,17.872818639004592,3.511923091208257,119.4632339477539,0.0,0.0,True,too_empty,,False,
negative,/mnt/MammoDiffusion/MammoDiffusion/experiments/diffusers/04_sd21_lora/generated_images/final/negative/gen_1669.png,gen_1669.png,220.0,239.0,1.0,0.20927810668945312,0.9679918339075118,0.1992340087890625,236.89668377115723,27.888277154301957,6.63709149526204,1658.885986328125,0.0,0.0,False,,-19.90302568516752,True,1003.0
negative,/mnt/MammoDiffusion/MammoDiffusion/experiments/diffusers/04_sd21_lora/generated_images/final/negative/gen_1670.png,gen_1670.png,110.8956,97.0,1.0,0.10250091552734375,0.9855973204317082,0.100189208984375,159.28190679256778,32.385350838111165,4.14485934013231,282.7394714355469,0.0,0.0,True,too_empty,,False,
negative,/mnt/MammoDiffusion/MammoDiffusion/experiments/diffusers/04_sd21_lora/generated_images/final/negative/gen_1671.png,gen_1671.png,121.5824,81.0,4.0,0.13430023193359375,0.8282679088791683,0.07682037353515625,165.38812195848644,40.540681403779004,5.89667084689785,1035.672607421875,0.0,0.0,True,too_empty,,False,
negative,/mnt/MammoDiffusion/MammoDiffusion/experiments/diffusers/04_sd21_lora/generated_images/final/negative/gen_1672.png,gen_1672.png,128.8956,115.0,1.0,0.1634674072265625,0.9068421543918603,0.16167831420898438,169.62598211547083,40.530841332639476,5.138556845016431,532.438232421875,0.0,0.0,False,,-39.30038128795498,False,
negative,/mnt/MammoDiffusion/MammoDiffusion/experiments/diffusers/04_sd21_lora/generated_images/final/negative/gen_1673.png,gen_1673.png,167.0,140.0,24.0,0.04965972900390625,0.5099861729912429,0.02562713623046875,204.8484668055969,23.694624068889894,6.197573839619826,497.3416748046875,0.0,0.0,True,too_empty,,False,
negative,/mnt/MammoDiffusion/MammoDiffusion/experiments/diffusers/04_sd21_lora/generated_images/final/negative/gen_1674.png,gen_1674.png,86.0,81.0,0.0,0.28447723388671875,0.9761310912650522,0.30316162109375,138.97168814173546,50.13384520260398,4.850155671601566,775.1923217773438,0.0,0.0,False,,-11.684216235328009,True,673.0
negative,/mnt/MammoDiffusion/MammoDiffusion/experiments/diffusers/04_sd21_lora/generated_images/final/negative/gen_1675.png,gen_1675.png,127.7912,105.0,2.0,0.09632110595703125,0.9987722772277228,0.09204483032226562,174.02117783579925,22.940914451963874,4.693511416163667,454.5465393066406,0.0,0.0,True,too_empty,,False,
negative,/mnt/MammoDiffusion/MammoDiffusion/experiments/diffusers/04_sd21_lora/generated_images/final/negative/gen_1676.png,gen_1676.png,50.5824,10.0,4.0,0.35596466064453125,0.9735195147566281,0.4290618896484375,112.89884064155909,66.35180315671516,6.906428477385253,2501.990966796875,0.0,0.0,False,,-16.8555789785648,True,904.0
negative,/mnt/MammoDiffusion/MammoDiffusion/experiments/diffusers/04_sd21_lora/generated_images/final/negative/gen_1677.png,gen_1677.png,83.6868,52.0,3.0,0.3846931457519531,0.9421885071148792,0.42293548583984375,138.80662036619464,54.23160730937179,6.668362940066854,1044.98046875,0.0,0.0,False,,-26.369822011978595,True,1200.0
negative,/mnt/MammoDiffusion/MammoDiffusion/experiments/diffusers/04_sd21_lora/generated_images/final/negative/gen_1678.png,gen_1678.png,101.7912,79.0,2.0,0.22089385986328125,0.952561047214451,0.2582511901855469,145.93589270151702,49.16594110367344,5.3530167578727745,730.4760131835938,0.0,0.0,False,,-21.36768849248944,True,1056.0
negative,/mnt/MammoDiffusion/MammoDiffusion/experiments/diffusers/04_sd21_lora/generated_images/final/negative/gen_1679.png,gen_1679.png,71.47800000000001,22.0,5.0,0.4530677795410156,0.9823859761385547,0.5247459411621094,126.47203745302016,56.31505856606167,7.441911881626069,2262.197509765625,0.0,0.0,False,,-13.97086516557868,True,781.0
negative,/mnt/MammoDiffusion/MammoDiffusion/experiments/diffusers/04_sd21_lora/generated_images/final/negative/gen_1680.png,gen_1680.png,75.7912,53.0,2.0,0.39141845703125,0.9658993450803056,0.4082221984863281,142.42381766701243,53.88544537054164,6.415518337470571,1000.1927490234375,0.0,0.0,False,,-17.04494991569596,True,913.0
negative,/mnt/MammoDiffusion/MammoDiffusion/experiments/diffusers/04_sd21_lora/generated_images/final/negative/gen_1681.png,gen_1681.png,91.6868,60.0,3.0,0.32068634033203125,0.9127828135036757,0.35181427001953125,135.90025589313208,52.992815914277514,6.634453678649719,1492.4364013671875,0.0,0.0,False,,-37.955650484754194,False,
negative,/mnt/MammoDiffusion/MammoDiffusion/experiments/diffusers/04_sd21_lora/generated_images/final/negative/gen_1682.png,gen_1682.png,166.2692,99.0,7.0,0.06551361083984375,0.9136485384884128,0.05735015869140625,190.29825728349076,25.60049415422659,5.914757617148322,2309.979736328125,0.0,0.0,True,too_empty,,False,
negative,/mnt/MammoDiffusion/MammoDiffusion/experiments/diffusers/04_sd21_lora/generated_images/final/negative/gen_1683.png,gen_1683.png,65.8956,52.0,1.0,0.4852943420410156,0.9939159074651973,0.5129356384277344,134.19226850509062,54.71963968691389,6.455589918601812,1097.5836181640625,0.0,0.0,False,,-7.18466563462629,True,162.0
negative,/mnt/MammoDiffusion/MammoDiffusion/experiments/diffusers/04_sd21_lora/generated_images/final/negative/gen_1684.png,gen_1684.png,181.0,150.0,8.0,0.049785614013671875,0.6002605164355221,0.023990631103515625,204.79615201144856,19.429920499127864,7.408329637783503,1507.4229736328125,0.0,0.0,True,too_empty,,False,
negative,/mnt/MammoDiffusion/MammoDiffusion/experiments/diffusers/04_sd21_lora/generated_images/final/negative/gen_1685.png,gen_1685.png,42.7912,20.0,2.0,0.5031280517578125,0.9970657810936221,0.5124282836914062,122.62289883123651,54.44577560907232,6.828339072270419,1420.0870361328125,0.0,0.0,False,,-6.511711725474661,True,101.0
negative,/mnt/MammoDiffusion/MammoDiffusion/experiments/diffusers/04_sd21_lora/generated_images/final/negative/gen_1686.png,gen_1686.png,91.8956,78.0,1.0,0.5919113159179688,0.9797313844527796,0.6484870910644531,126.09464284663846,37.4798802901221,6.555803812892631,417.40447998046875,0.0,0.0,False,,-12.51091243609972,True,716.0
negative,/mnt/MammoDiffusion/MammoDiffusion/experiments/diffusers/04_sd21_lora/generated_images/final/negative/gen_1687.png,gen_1687.png,127.8956,114.0,1.0,0.06749725341796875,0.9980219283372894,0.062347412109375,160.73568281938327,14.497004074221055,3.1810064375020017,58.71867370605469,0.0,0.0,True,too_empty,,False,
negative,/mnt/MammoDiffusion/MammoDiffusion/experiments/diffusers/04_sd21_lora/generated_images/final/negative/gen_1688.png,gen_1688.png,220.0,198.0,46.0,0.30455780029296875,0.9421202935945289,0.2852592468261719,241.05321012583747,25.127314935252787,6.944912948654943,1893.0631103515625,0.0,0.0,False,,-29.932143950029914,True,1286.0
negative,/mnt/MammoDiffusion/MammoDiffusion/experiments/diffusers/04_sd21_lora/generated_images/final/negative/gen_1689.png,gen_1689.png,123.5824,83.0,4.0,0.17275619506835938,0.8736061121293086,0.14032745361328125,179.55018213450768,40.71746521677955,6.15003047789352,1292.6600341796875,0.0,0.0,False,,-53.680506935736695,False,
negative,/mnt/MammoDiffusion/MammoDiffusion/experiments/diffusers/04_sd21_lora/generated_images/final/negative/gen_1690.png,gen_1690.png,101.6868,70.0,3.0,0.13536453247070312,0.9430181766943779,0.14959716796875,146.31201550387595,45.97468342658144,5.615325943885597,1062.469970703125,0.0,0.0,False,,-26.22012105929355,True,1196.0
negative,/mnt/MammoDiffusion/MammoDiffusion/experiments/diffusers/04_sd21_lora/generated_images/final/negative/gen_1691.png,gen_1691.png,83.8956,70.0,1.0,0.4396095275878906,0.9850487239784451,0.46617889404296875,129.64302080094268,41.669195042370546,6.091184163777266,829.1760864257812,0.0,0.0,False,,-8.786565901265806,True,388.0
negative,/mnt/MammoDiffusion/MammoDiffusion/experiments/diffusers/04_sd21_lora/generated_images/final/negative/gen_1692.png,gen_1692.png,84.6868,53.0,3.0,0.24342727661132812,0.9467976744550484,0.24267196655273438,154.42258901202547,59.72969932030699,6.232218443637356,1472.720458984375,0.0,0.0,False,,-26.107158894010514,True,1193.0
negative,/mnt/MammoDiffusion/MammoDiffusion/experiments/diffusers/04_sd21_lora/generated_images/final/negative/gen_1693.png,gen_1693.png,92.6868,61.0,3.0,0.3539848327636719,0.9793954415647395,0.4173927307128906,139.39792719595675,52.665743046980275,6.6573864765706405,1437.251708984375,0.0,0.0,False,,-12.652107000431272,True,724.0
negative,/mnt/MammoDiffusion/MammoDiffusion/experiments/diffusers/04_sd21_lora/generated_images/final/negative/gen_1694.png,gen_1694.png,115.6868,84.0,3.0,0.23320388793945312,0.9606431878036412,0.2561378479003906,152.92002382902675,40.274554162384035,5.84299804744305,681.1986083984375,0.0,0.0,False,,-18.339470075705922,True,947.0
negative,/mnt/MammoDiffusion/MammoDiffusion/experiments/diffusers/04_sd21_lora/generated_images/final/negative/gen_1695.png,gen_1695.png,77.8956,64.0,1.0,0.3784294128417969,0.9173714504601675,0.4110145568847656,131.51385215091187,58.44237720755302,6.1983608551126705,1082.7427978515625,0.0,0.0,False,,-35.45662362951715,False,
negative,/mnt/MammoDiffusion/MammoDiffusion/experiments/diffusers/04_sd21_lora/generated_images/final/negative/gen_1696.png,gen_1696.png,89.7912,67.0,2.0,0.3534355163574219,0.9532115141768572,0.39914703369140625,138.9192709826634,51.39733848079196,6.218088335883088,650.8461303710938,0.0,0.0,False,,-21.08259956764018,True,1045.0
negative,/mnt/MammoDiffusion/MammoDiffusion/experiments/diffusers/04_sd21_lora/generated_images/final/negative/gen_1697.png,gen_1697.png,73.7912,51.0,2.0,0.3435173034667969,0.9507612352999967,0.3383636474609375,133.78103720405863,55.081984330603156,6.318330462938753,1367.454833984375,0.0,0.0,False,,-23.277322269875548,True,1121.0
negative,/mnt/MammoDiffusion/MammoDiffusion/experiments/diffusers/04_sd21_lora/generated_images/final/negative/gen_1698.png,gen_1698.png,201.0,179.0,6.0,0.049335479736328125,0.4857341684064022,0.017242431640625,214.97278761061946,16.03516360612653,7.449130479780537,1692.393310546875,0.0,0.0,True,too_empty,,False,
negative,/mnt/MammoDiffusion/MammoDiffusion/experiments/diffusers/04_sd21_lora/generated_images/final/negative/gen_1699.png,gen_1699.png,116.8956,103.0,1.0,0.08913421630859375,0.8802105623555594,0.08058929443359375,142.48991763703492,29.65035713987343,4.057366117788002,197.28701782226562,0.0,0.0,True,too_empty,,False,
negative,/mnt/MammoDiffusion/MammoDiffusion/experiments/diffusers/04_sd21_lora/generated_images/final/negative/gen_1700.png,gen_1700.png,138.7912,116.0,2.0,0.14719390869140625,0.9183900896698284,0.14364242553710938,168.5800823263843,22.562322698919342,4.88245235539684,303.40228271484375,0.0,0.0,False,,-35.933635265652086,False,
negative,/mnt/MammoDiffusion/MammoDiffusion/experiments/diffusers/04_sd21_lora/generated_images/final/negative/gen_1701.png,gen_1701.png,220.0,212.0,7.0,0.12624359130859375,0.05686831449809633,0.00336456298828125,223.15079365079364,30.74319319689396,6.45945655536687,1731.329833984375,0.0,0.0,True,too_empty,,False,
negative,/mnt/MammoDiffusion/MammoDiffusion/experiments/diffusers/04_sd21_lora/generated_images/final/negative/gen_1702.png,gen_1702.png,62.5824,22.0,4.0,0.4650154113769531,0.9836916842355682,0.4901771545410156,130.213071122283,55.84240919747737,7.098973066468054,1829.6851806640625,0.0,0.0,False,,-12.417733900511532,True,709.0
negative,/mnt/MammoDiffusion/MammoDiffusion/experiments/diffusers/04_sd21_lora/generated_images/final/negative/gen_1703.png,gen_1703.png,120.6868,89.0,3.0,0.23118972778320312,0.7828066991172346,0.1416015625,173.5839709051724,33.868362159286676,6.315107505837438,520.3369750976562,0.0,0.0,False,,-87.79838139697382,False,
negative,/mnt/MammoDiffusion/MammoDiffusion/experiments/diffusers/04_sd21_lora/generated_images/final/negative/gen_1704.png,gen_1704.png,71.6868,40.0,3.0,0.41426849365234375,0.9843643529346765,0.4427757263183594,138.27244531364423,57.29745921314807,6.853824399205029,1742.3446044921875,0.0,0.0,False,,-11.738875468047475,True,677.0
negative,/mnt/MammoDiffusion/MammoDiffusion/experiments/diffusers/04_sd21_lora/generated_images/final/negative/gen_1705.png,gen_1705.png,190.5824,150.0,4.0,0.064910888671875,0.7161495063469676,0.048473358154296875,205.45746438970647,12.488085955187959,6.6579038814250255,985.0498657226562,0.0,0.0,True,too_empty,,False,
negative,/mnt/MammoDiffusion/MammoDiffusion/experiments/diffusers/04_sd21_lora/generated_images/final/negative/gen_1706.png,gen_1706.png,117.8956,104.0,1.0,0.2987251281738281,0.9353841831717938,0.3255729675292969,154.37479934854184,38.33638794090688,5.656159467706177,335.40869140625,0.0,0.0,False,,-27.77104378305992,True,1232.0
negative,/mnt/MammoDiffusion/MammoDiffusion/experiments/diffusers/04_sd21_lora/generated_images/final/negative/gen_1707.png,gen_1707.png,97.7912,75.0,2.0,0.2816352844238281,0.9022064500399573,0.2854766845703125,153.74818269282164,48.954604583658494,5.841305091079485,923.9253540039062,0.0,0.0,False,,-41.086855285819624,False,
negative,/mnt/MammoDiffusion/MammoDiffusion/experiments/diffusers/04_sd21_lora/generated_images/final/negative/gen_1708.png,gen_1708.png,78.8956,65.0,1.0,0.22050094604492188,0.8619967821739356,0.18096542358398438,134.35479247033032,51.78931847437723,5.304647441084357,1058.362060546875,0.0,0.0,False,,-56.585655247041316,False,
negative,/mnt/MammoDiffusion/MammoDiffusion/experiments/diffusers/04_sd21_lora/generated_images/final/negative/gen_1709.png,gen_1709.png,90.6868,59.0,3.0,0.2886466979980469,0.9887797851110788,0.28741455078125,155.53571618177958,53.93479678957137,6.450008674321295,1805.1474609375,0.0,0.0,False,,-10.20870400861946,True,556.0
negative,/mnt/MammoDiffusion/MammoDiffusion/experiments/diffusers/04_sd21_lora/generated_images/final/negative/gen_1710.png,gen_1710.png,116.7912,94.0,2.0,0.08967971801757812,0.9955336254200519,0.08530044555664062,163.66651759760296,21.318913014787476,4.181834281240329,354.7347412109375,0.0,0.0,True,too_empty,,False,
negative,/mnt/MammoDiffusion/MammoDiffusion/experiments/diffusers/04_sd21_lora/generated_images/final/negative/gen_1711.png,gen_1711.png,137.5824,97.0,4.0,0.11172866821289062,0.781351360579057,0.0942535400390625,172.92435648372998,28.738870573046444,5.949006728135428,1260.3807373046875,0.0,0.0,True,too_empty,,False,
negative,/mnt/MammoDiffusion/MammoDiffusion/experiments/diffusers/04_sd21_lora/generated_images/final/negative/gen_1712.png,gen_1712.png,105.5824,65.0,4.0,0.2924156188964844,0.9187006718413672,0.32285308837890625,158.1746815700546,53.5057459302404,6.626949491531837,1400.6549072265625,0.0,0.0,False,,-36.19662256270856,False,
negative,/mnt/MammoDiffusion/MammoDiffusion/experiments/diffusers/04_sd21_lora/generated_images/final/negative/gen_1713.png,gen_1713.png,70.5824,30.0,4.0,0.4857063293457031,0.9818888670724524,0.4912757873535156,141.14514889156345,49.66832271748537,7.061863901457823,1370.6876220703125,0.0,0.0,False,,-12.328354731144197,True,706.0
negative,/mnt/MammoDiffusion/MammoDiffusion/experiments/diffusers/04_sd21_lora/generated_images/final/negative/gen_1714.png,gen_1714.png,125.7912,103.0,2.0,0.16089248657226562,0.4980913768167485,0.06487655639648438,161.43076380313988,38.88083619018671,5.049601901342493,523.8252563476562,0.0,0.0,True,too_empty,,False,
negative,/mnt/MammoDiffusion/MammoDiffusion/experiments/diffusers/04_sd21_lora/generated_images/final/negative/gen_1715.png,gen_1715.png,126.6868,95.0,3.0,0.0778961181640625,0.9952007835455435,0.07318878173828125,178.62832273532786,26.421177654632416,5.055851692852423,755.8191528320312,0.0,0.0,True,too_empty,,False,
negative,/mnt/MammoDiffusion/MammoDiffusion/experiments/diffusers/04_sd21_lora/generated_images/final/negative/gen_1716.png,gen_1716.png,124.2692,57.0,7.0,0.16741561889648438,0.47907125116777177,0.08068466186523438,188.06354309488913,34.15017894055331,6.7269125051080465,947.3427124023438,0.0,0.0,True,too_empty,,False,
negative,/mnt/MammoDiffusion/MammoDiffusion/experiments/diffusers/04_sd21_lora/generated_images/final/negative/gen_1717.png,gen_1717.png,220.0,125.0,70.0,0.254974365234375,0.7903052064631957,0.20019149780273438,251.50778406600736,20.946200555518868,6.37345043159575,1323.0130615234375,0.0,0.0,False,,-87.28003359142336,False,
negative,/mnt/MammoDiffusion/MammoDiffusion/experiments/diffusers/04_sd21_lora/generated_images/final/negative/gen_1718.png,gen_1718.png,51.8956,38.0,1.0,0.5104560852050781,0.99343860461988,0.5780525207519531,110.13324490375034,60.39778853008901,6.228750857821348,1355.6885986328125,0.0,0.0,False,,-7.838691715869588,True,246.0
negative,/mnt/MammoDiffusion/MammoDiffusion/experiments/diffusers/04_sd21_lora/generated_images/final/negative/gen_1719.png,gen_1719.png,145.8956,132.0,1.0,0.15079879760742188,0.7972224330272445,0.14120864868164062,169.46178782721452,26.822345338189773,4.281400117906639,320.5472412109375,0.0,0.0,False,,-81.18120250950881,False,
negative,/mnt/MammoDiffusion/MammoDiffusion/experiments/diffusers/04_sd21_lora/generated_images/final/negative/gen_1720.png,gen_1720.png,61.8956,48.0,1.0,0.454833984375,0.9955632716049383,0.4510383605957031,137.7299914578347,43.62093734701579,6.132647254585206,693.0595703125,0.0,0.0,False,,-4.796179699861071,True,18.0
negative,/mnt/MammoDiffusion/MammoDiffusion/experiments/diffusers/04_sd21_lora/generated_images/final/negative/gen_1721.png,gen_1721.png,60.7912,38.0,2.0,0.4439353942871094,0.999905477980666,0.439483642578125,148.50203110895077,39.13090074707653,6.35732020035789,597.3342895507812,0.0,0.0,False,,-4.202849943517295,True,12.0
negative,/mnt/MammoDiffusion/MammoDiffusion/experiments/diffusers/04_sd21_lora/generated_images/final/negative/gen_1722.png,gen_1722.png,220.0,193.0,15.0,0.054325103759765625,0.07169440348290149,0.001605987548828125,232.60095011876484,10.681633360998426,7.295992521425586,2356.13134765625,0.0,0.0,True,too_empty,,False,
negative,/mnt/MammoDiffusion/MammoDiffusion/experiments/diffusers/04_sd21_lora/generated_images/final/negative/gen_1723.png,gen_1723.png,144.7912,122.0,2.0,0.1381072998046875,0.5686940669539278,0.07855606079101562,194.5803428349439,26.969852760743276,6.051541404414754,645.39404296875,0.0,0.0,True,too_empty,,False,
negative,/mnt/MammoDiffusion/MammoDiffusion/experiments/diffusers/04_sd21_lora/generated_images/final/negative/gen_1724.png,gen_1724.png,220.0,248.0,5.0,0.4963493347167969,0.9453022326403566,0.4656028747558594,251.86801032321495,15.032453700591653,5.328504321281011,1820.245361328125,0.0,0.0,False,,-27.851239235985524,True,1233.0
negative,/mnt/MammoDiffusion/MammoDiffusion/experiments/diffusers/04_sd21_lora/generated_images/final/negative/gen_1725.png,gen_1725.png,207.7912,185.0,2.0,0.06536102294921875,0.5797828878253765,0.039333343505859375,218.4019008825526,10.092936978605756,6.7580364897971394,1448.81103515625,0.0,0.0,True,too_empty,,False,
negative,/mnt/MammoDiffusion/MammoDiffusion/experiments/diffusers/04_sd21_lora/generated_images/final/negative/gen_1726.png,gen_1726.png,59.6868,28.0,3.0,0.3758735656738281,0.932175007357941,0.39392852783203125,130.54329595413785,64.19774756453245,6.388425833478216,1465.656005859375,0.0,0.0,False,,-30.686039238969357,True,1307.0
negative,/mnt/MammoDiffusion/MammoDiffusion/experiments/diffusers/04_sd21_lora/generated_images/final/negative/gen_1727.png,gen_1727.png,118.7912,96.0,2.0,0.22821044921875,0.7340197913880717,0.18391799926757812,167.277352581254,38.41342816958319,5.8611716529504445,772.0825805664062,0.0,0.0,True,fragmented_mask,,False,
negative,/mnt/MammoDiffusion/MammoDiffusion/experiments/diffusers/04_sd21_lora/generated_images/final/negative/gen_1728.png,gen_1728.png,55.6868,24.0,3.0,0.3153114318847656,0.9782474563557836,0.3687400817871094,121.97620599402046,66.20326519233963,6.450796808513143,1922.376953125,0.0,0.0,False,,-13.882500296780165,True,777.0
negative,/mnt/MammoDiffusion/MammoDiffusion/experiments/diffusers/04_sd21_lora/generated_images/final/negative/gen_1729.png,gen_1729.png,50.8956,37.0,1.0,0.5748023986816406,0.9944983110013871,0.615936279296875,117.34452261804489,58.62710421687849,6.859156516871207,1149.5462646484375,0.0,0.0,False,,-7.983882718266983,True,270.0
negative,/mnt/MammoDiffusion/MammoDiffusion/experiments/diffusers/04_sd21_lora/generated_images/final/negative/gen_1730.png,gen_1730.png,59.6868,28.0,3.0,0.3444099426269531,0.9929224123608573,0.376983642578125,125.46091030518902,58.01182746792963,6.362949279003289,1707.0850830078125,0.0,0.0,False,,-7.518809734833331,True,203.0
negative,/mnt/MammoDiffusion/MammoDiffusion/experiments/diffusers/04_sd21_lora/generated_images/final/negative/gen_1731.png,gen_1731.png,101.7912,79.0,2.0,0.2715873718261719,0.9409228176135964,0.3464202880859375,135.2983746641413,50.02667825909794,6.001896779012723,991.3361206054688,0.0,0.0,False,,-25.943456401453744,True,1190.0
negative,/mnt/MammoDiffusion/MammoDiffusion/experiments/diffusers/04_sd21_lora/generated_images/final/negative/gen_1732.png,gen_1732.png,220.0,226.0,7.0,0.5071525573730469,0.9648506547722024,0.4827690124511719,232.07493974951603,15.723704155165747,6.561697228836669,1857.7713623046875,0.0,0.0,False,,-21.258338871152045,True,1052.0
negative,/mnt/MammoDiffusion/MammoDiffusion/experiments/diffusers/04_sd21_lora/generated_images/final/negative/gen_1733.png,gen_1733.png,133.0,117.0,4.0,0.04917144775390625,0.8453840186190845,0.037990570068359375,184.30474947283864,27.62945701246567,5.093770803460491,1009.4859008789062,0.0,0.0,True,too_empty,,False,
negative,/mnt/MammoDiffusion/MammoDiffusion/experiments/diffusers/04_sd21_lora/generated_images/final/negative/gen_1734.png,gen_1734.png,134.6868,103.0,3.0,0.07956695556640625,0.9961165979480295,0.07562637329101562,185.63258511979822,22.786770514208868,4.60246749353612,425.8123779296875,0.0,0.0,True,too_empty,,False,
negative,/mnt/MammoDiffusion/MammoDiffusion/experiments/diffusers/04_sd21_lora/generated_images/final/negative/gen_1735.png,gen_1735.png,133.7912,111.0,2.0,0.06924819946289062,0.9793422574781028,0.064544677734375,173.81258865248228,13.76844715405855,4.273030780731717,334.7841491699219,0.0,0.0,True,too_empty,,False,
negative,/mnt/MammoDiffusion/MammoDiffusion/experiments/diffusers/04_sd21_lora/generated_images/final/negative/gen_1736.png,gen_1736.png,26.7912,4.0,2.0,0.5982017517089844,0.9792111724005994,0.5977134704589844,124.44816098336173,48.54438280889824,6.863807433536641,1210.711669921875,0.0,0.0,False,,-13.329012934592242,True,755.0
negative,/mnt/MammoDiffusion/MammoDiffusion/experiments/diffusers/04_sd21_lora/generated_images/final/negative/gen_1737.png,gen_1737.png,58.6868,27.0,3.0,0.4166107177734375,0.9515437863970992,0.41281890869140625,144.9934299284777,47.60379341390722,6.593894244527037,1063.8935546875,0.0,0.0,False,,-22.465927084565728,True,1092.0
negative,/mnt/MammoDiffusion/MammoDiffusion/experiments/diffusers/04_sd21_lora/generated_images/final/negative/gen_1738.png,gen_1738.png,66.5824,26.0,4.0,0.39917755126953125,0.9936354427476539,0.4216880798339844,137.27211130510298,54.97910262956532,6.948620157098837,1904.7445068359375,0.0,0.0,False,,-8.232186162744545,True,307.0
negative,/mnt/MammoDiffusion/MammoDiffusion/experiments/diffusers/04_sd21_lora/generated_images/final/negative/gen_1739.png,gen_1739.png,82.7912,60.0,2.0,0.403900146484375,0.9305062334718549,0.45488739013671875,131.17463898160105,54.21394892350507,6.532215107135882,983.8828735351562,0.0,0.0,False,,-30.68685146224066,True,1308.0
negative,/mnt/MammoDiffusion/MammoDiffusion/experiments/diffusers/04_sd21_lora/generated_images/final/negative/gen_1740.png,gen_1740.png,124.3736,66.0,6.0,0.18886947631835938,0.7435721354850438,0.123382568359375,178.6661204551076,39.78103150137905,6.993774286583395,732.3602905273438,0.0,0.0,True,fragmented_mask,,False,
negative,/mnt/MammoDiffusion/MammoDiffusion/experiments/diffusers/04_sd21_lora/generated_images/final/negative/gen_1741.png,gen_1741.png,92.6868,61.0,3.0,0.4146881103515625,0.9850241012620966,0.48653411865234375,134.85647080961564,49.14336415057235,6.805988939707437,698.181396484375,0.0,0.0,False,,-9.858352907256108,True,519.0
negative,/mnt/MammoDiffusion/MammoDiffusion/experiments/diffusers/04_sd21_lora/generated_images/final/negative/gen_1742.png,gen_1742.png,150.6868,119.0,3.0,0.0673370361328125,0.9727509630636755,0.06207275390625,184.6776057030482,22.051902995715256,4.643653567778221,517.015380859375,0.0,0.0,True,too_empty,,False,
negative,/mnt/MammoDiffusion/MammoDiffusion/experiments/diffusers/04_sd21_lora/generated_images/final/negative/gen_1743.png,gen_1743.png,144.7912,122.0,2.0,0.08772659301757812,0.7150932730356133,0.03931427001953125,176.27508247622745,21.865361570257374,5.0434465053447,484.9772644042969,0.0,0.0,True,too_empty,,False,
negative,/mnt/MammoDiffusion/MammoDiffusion/experiments/diffusers/04_sd21_lora/generated_images/final/negative/gen_1744.png,gen_1744.png,10.0,4.0,0.0,0.7945289611816406,0.9985500357689852,0.7904586791992188,111.60569749148223,53.443314423609976,7.064507337866099,1071.00537109375,0.0,0.0,False,,-7.314661957727512,True,180.0
negative,/mnt/MammoDiffusion/MammoDiffusion/experiments/diffusers/04_sd21_lora/generated_images/final/negative/gen_1745.png,gen_1745.png,145.6868,114.0,3.0,0.05243682861328125,0.9581696493525389,0.04720306396484375,180.25480846937126,21.578435209296114,4.585809477067517,494.7350769042969,0.0,0.0,True,too_empty,,False,
negative,/mnt/MammoDiffusion/MammoDiffusion/experiments/diffusers/04_sd21_lora/generated_images/final/negative/gen_1746.png,gen_1746.png,71.5824,31.0,4.0,0.5452957153320312,0.9898213311320359,0.5529441833496094,147.7885561327621,48.14091917190113,7.275522188149846,1669.3031005859375,0.0,0.0,False,,-10.346787531959407,True,569.0
negative,/mnt/MammoDiffusion/MammoDiffusion/experiments/diffusers/04_sd21_lora/generated_images/final/negative/gen_1747.png,gen_1747.png,220.0,174.0,74.0,0.18471527099609375,0.8739209450249886,0.16394805908203125,245.9883196053795,37.8550713255828,6.920824821235755,1727.6097412109375,0.0,0.0,False,,-55.79104178543411,False,
negative,/mnt/MammoDiffusion/MammoDiffusion/experiments/diffusers/04_sd21_lora/generated_images/final/negative/gen_1748.png,gen_1748.png,63.6868,32.0,3.0,0.4922943115234375,0.9830533428385457,0.5867729187011719,116.46778356379902,57.44226922817668,7.085621198218059,1503.438232421875,0.0,0.0,False,,-12.71215428416376,True,725.0
negative,/mnt/MammoDiffusion/MammoDiffusion/experiments/diffusers/04_sd21_lora/generated_images/final/negative/gen_1749.png,gen_1749.png,205.0,187.0,7.0,0.047008514404296875,0.10979469285076686,0.00347900390625,234.9594298245614,11.429201351562106,6.528206072926953,1877.8868408203125,0.0,0.0,True,too_empty,,False,
negative,/mnt/MammoDiffusion/MammoDiffusion/experiments/diffusers/04_sd21_lora/generated_images/final/negative/gen_1750.png,gen_1750.png,36.7912,14.0,2.0,0.4938392639160156,0.9952571124002565,0.5316581726074219,109.009004742737,64.592971654317,6.647034905846289,1473.4864501953125,0.0,0.0,False,,-7.551887076335139,True,204.0
negative,/mnt/MammoDiffusion/MammoDiffusion/experiments/diffusers/04_sd21_lora/generated_images/final/negative/gen_1751.png,gen_1751.png,150.7912,128.0,2.0,0.052883148193359375,0.9030512876000866,0.0460205078125,182.78854442970822,15.229079599708559,4.113665246845319,317.93072509765625,0.0,0.0,True,too_empty,,False,
negative,/mnt/MammoDiffusion/MammoDiffusion/experiments/diffusers/04_sd21_lora/generated_images/final/negative/gen_1752.png,gen_1752.png,108.47800000000001,59.0,5.0,0.28681182861328125,0.9462798925331843,0.3560905456542969,155.21384725808008,57.09310882225092,6.894960197677436,2080.39208984375,0.0,0.0,False,,-26.77779025426557,True,1208.0
negative,/mnt/MammoDiffusion/MammoDiffusion/experiments/diffusers/04_sd21_lora/generated_images/final/negative/gen_1753.png,gen_1753.png,127.8956,114.0,1.0,0.16520309448242188,0.5744106033666613,0.09636688232421875,176.9725279075291,30.232066904272404,6.138344350138637,648.281982421875,0.0,0.0,True,too_empty,,False,
negative,/mnt/MammoDiffusion/MammoDiffusion/experiments/diffusers/04_sd21_lora/generated_images/final/negative/gen_1754.png,gen_1754.png,137.2692,70.0,7.0,0.11075210571289062,0.5497537285158268,0.0594329833984375,197.28331193838255,24.832154737927365,5.658691449581408,1090.5684814453125,0.0,0.0,True,too_empty,,False,
negative,/mnt/MammoDiffusion/MammoDiffusion/experiments/diffusers/04_sd21_lora/generated_images/final/negative/gen_1755.png,gen_1755.png,101.7912,79.0,2.0,0.317901611328125,0.9447657674954402,0.32967376708984375,152.8445997546921,46.46515255706298,6.01806309833689,810.2920532226562,0.0,0.0,False,,-24.488459748506354,True,1150.0
negative,/mnt/MammoDiffusion/MammoDiffusion/experiments/diffusers/04_sd21_lora/generated_images/final/negative/gen_1756.png,gen_1756.png,220.0,222.0,1.0,0.4250946044921875,0.9595014178541943,0.4072837829589844,222.2195996890425,11.948315044013848,6.012967060102294,1538.788330078125,0.0,0.0,False,,-21.920189288439303,True,1075.0
negative,/mnt/MammoDiffusion/MammoDiffusion/experiments/diffusers/04_sd21_lora/generated_images/final/negative/gen_1757.png,gen_1757.png,95.7912,73.0,2.0,0.18624114990234375,0.963909712834378,0.21417999267578125,149.1124033769102,58.743291497697655,5.593572420608403,1069.3497314453125,0.0,0.0,False,,-18.583787361010756,True,956.0
negative,/mnt/MammoDiffusion/MammoDiffusion/experiments/diffusers/04_sd21_lora/generated_images/final/negative/gen_1758.png,gen_1758.png,112.6868,81.0,3.0,0.1727294921875,0.8863957597173144,0.15920257568359375,168.3821823932525,46.772450252494,5.985651817019509,1134.8990478515625,0.0,0.0,False,,-48.48091958208783,False,
negative,/mnt/MammoDiffusion/MammoDiffusion/experiments/diffusers/04_sd21_lora/generated_images/final/negative/gen_1759.png,gen_1759.png,74.8956,61.0,1.0,0.40326690673828125,0.9390430784948067,0.4209709167480469,121.18341715373114,52.209666985617226,6.088442415652905,681.4815673828125,0.0,0.0,False,,-26.187603484436288,True,1194.0
negative,/mnt/MammoDiffusion/MammoDiffusion/experiments/diffusers/04_sd21_lora/generated_images/final/negative/gen_1760.png,gen_1760.png,97.6868,66.0,3.0,0.2921791076660156,0.9286357761153108,0.3372917175292969,148.8675397821735,52.21340218179241,6.4333322054747395,1461.941650390625,0.0,0.0,False,,-32.013627666773495,True,1345.0
negative,/mnt/MammoDiffusion/MammoDiffusion/experiments/diffusers/04_sd21_lora/generated_images/final/negative/gen_1761.png,gen_1761.png,140.0,133.0,2.0,0.040149688720703125,0.4433254156769596,0.01497650146484375,185.1444218033622,18.141819143720888,3.8818786541481938,303.2710266113281,0.0,0.0,True,too_empty,,False,
negative,/mnt/MammoDiffusion/MammoDiffusion/experiments/diffusers/04_sd21_lora/generated_images/final/negative/gen_1762.png,gen_1762.png,220.0,160.0,88.0,0.20190048217773438,0.8371530598749221,0.16826248168945312,248.38282436690926,32.447777650411965,7.0437256215206805,1596.9912109375,0.0,0.0,False,,-69.97693479680636,False,
negative,/mnt/MammoDiffusion/MammoDiffusion/experiments/diffusers/04_sd21_lora/generated_images/final/negative/gen_1763.png,gen_1763.png,138.8956,125.0,1.0,0.1045074462890625,0.6278653818075631,0.06415557861328125,194.38536092282078,29.10808513999599,6.06289387824885,514.3228759765625,0.0,0.0,True,too_empty,,False,
negative,/mnt/MammoDiffusion/MammoDiffusion/experiments/diffusers/04_sd21_lora/generated_images/final/negative/gen_1764.png,gen_1764.png,108.5824,68.0,4.0,0.26251220703125,0.9319634968611951,0.3354148864746094,142.38446665984281,47.88283427583928,6.708928560267017,1478.5933837890625,0.0,0.0,False,,-30.67209014802031,True,1306.0
negative,/mnt/MammoDiffusion/MammoDiffusion/experiments/diffusers/04_sd21_lora/generated_images/final/negative/gen_1765.png,gen_1765.png,108.7912,86.0,2.0,0.32977294921875,0.9586687951138256,0.34880828857421875,147.93492858548962,41.29528101748055,6.155289056086664,645.6456298828125,0.0,0.0,False,,-18.741805220653106,True,962.0
negative,/mnt/MammoDiffusion/MammoDiffusion/experiments/diffusers/04_sd21_lora/generated_images/final/negative/gen_1766.png,gen_1766.png,78.6868,47.0,3.0,0.2782249450683594,0.9731678892164256,0.30783843994140625,141.73571835733227,58.018013786521635,6.094255436086936,1355.690185546875,0.0,0.0,False,,-15.073809457425382,True,834.0
negative,/mnt/MammoDiffusion/MammoDiffusion/experiments/diffusers/04_sd21_lora/generated_images/final/negative/gen_1767.png,gen_1767.png,74.6868,43.0,3.0,0.3834648132324219,0.9879430578076659,0.42575836181640625,134.19302929844997,55.78308875868649,6.7194291463783955,1643.6964111328125,0.0,0.0,False,,-9.868104446971758,True,520.0
negative,/mnt/MammoDiffusion/MammoDiffusion/experiments/diffusers/04_sd21_lora/generated_images/final/negative/gen_1768.png,gen_1768.png,220.0,198.0,27.0,0.3668556213378906,0.9332945127847851,0.4308280944824219,224.42776188916142,18.303930246987605,6.890380072560182,2242.6005859375,0.0,0.0,False,,-33.39742592846507,False,
negative,/mnt/MammoDiffusion/MammoDiffusion/experiments/diffusers/04_sd21_lora/generated_images/final/negative/gen_1769.png,gen_1769.png,84.5824,44.0,4.0,0.2756843566894531,0.9574091242441434,0.318695068359375,138.89804175045484,58.01464803122814,6.576647800550114,2018.2481689453125,0.0,0.0,False,,-22.218138227421377,True,1083.0
negative,/mnt/MammoDiffusion/MammoDiffusion/experiments/diffusers/04_sd21_lora/generated_images/final/negative/gen_1770.png,gen_1770.png,10.0,0.0,0.0,0.7366485595703125,0.9976645193363299,0.7361183166503906,106.5040706020138,62.7252766283016,6.931219772877118,2070.90478515625,0.0,0.0,False,,-8.908246320579511,True,408.0
negative,/mnt/MammoDiffusion/MammoDiffusion/experiments/diffusers/04_sd21_lora/generated_images/final/negative/gen_1771.png,gen_1771.png,26.7912,4.0,2.0,0.6917037963867188,0.9977885135060609,0.7139663696289062,105.91141898462294,56.378261638074086,7.37078758295407,1913.5867919921875,0.0,0.0,False,,-8.522985939329145,True,357.0
negative,/mnt/MammoDiffusion/MammoDiffusion/experiments/diffusers/04_sd21_lora/generated_images/final/negative/gen_1772.png,gen_1772.png,10.0,0.0,0.0,0.8945198059082031,0.9977653917174499,0.8915901184082031,117.14476414589795,75.94505410872641,7.245570538111302,1569.11865234375,0.0,0.0,False,,-10.417917112857356,True,575.0
negative,/mnt/MammoDiffusion/MammoDiffusion/experiments/diffusers/04_sd21_lora/generated_images/final/negative/gen_1773.png,gen_1773.png,87.7912,65.0,2.0,0.22426223754882812,0.9121944581469322,0.193817138671875,137.32697606676115,51.09562419514889,5.8435056113059,1447.6480712890625,0.0,0.0,False,,-38.43962634163479,False,
negative,/mnt/MammoDiffusion/MammoDiffusion/experiments/diffusers/04_sd21_lora/generated_images/final/negative/gen_1774.png,gen_1774.png,128.6868,97.0,3.0,0.16778182983398438,0.7922151740445172,0.15044403076171875,172.884781175516,39.73043213750756,5.949344943861146,1063.8538818359375,0.0,0.0,False,,-83.85160836491431,False,
negative,/mnt/MammoDiffusion/MammoDiffusion/experiments/diffusers/04_sd21_lora/generated_images/final/negative/gen_1775.png,gen_1775.png,170.7912,148.0,2.0,0.06951904296875,0.7016022827041264,0.048664093017578125,203.2683232734969,19.40814827041107,6.15719046573151,722.6393432617188,0.0,0.0,True,too_empty,,False,
negative,/mnt/MammoDiffusion/MammoDiffusion/experiments/diffusers/04_sd21_lora/generated_images/final/negative/gen_1776.png,gen_1776.png,131.5824,91.0,4.0,0.19049453735351562,0.7807036866451729,0.1444549560546875,187.31171437625434,32.76842435352071,6.216661810787091,678.203857421875,0.0,0.0,False,,-88.58462694314395,False,
negative,/mnt/MammoDiffusion/MammoDiffusion/experiments/diffusers/04_sd21_lora/generated_images/final/negative/gen_1777.png,gen_1777.png,124.7912,102.0,2.0,0.23723983764648438,0.9768616037690341,0.262969970703125,168.22197400487408,41.21471369490819,5.85118130282129,698.8091430664062,0.0,0.0,False,,-12.458762747937378,True,713.0
negative,/mnt/MammoDiffusion/MammoDiffusion/experiments/diffusers/04_sd21_lora/generated_images/final/negative/gen_1778.png,gen_1778.png,38.8956,25.0,1.0,0.5764198303222656,0.9885046821746468,0.5901412963867188,103.3387415805872,56.65263812239926,6.336616971656631,1295.6727294921875,0.0,0.0,False,,-9.483169797258276,True,481.0
negative,/mnt/MammoDiffusion/MammoDiffusion/experiments/diffusers/04_sd21_lora/generated_images/final/negative/gen_1779.png,gen_1779.png,122.6868,91.0,3.0,0.15803146362304688,0.8665363168947787,0.14284515380859375,163.12636863750467,38.43993825234754,5.765105941344398,886.2159423828125,0.0,0.0,False,,-55.151953490919844,False,
negative,/mnt/MammoDiffusion/MammoDiffusion/experiments/diffusers/04_sd21_lora/generated_images/final/negative/gen_1780.png,gen_1780.png,88.6868,57.0,3.0,0.2809333801269531,0.9356779143186911,0.33406829833984375,134.27479617237992,55.83729941624125,6.365741211732461,1208.14208984375,0.0,0.0,False,,-28.907542404170062,True,1265.0
negative,/mnt/MammoDiffusion/MammoDiffusion/experiments/diffusers/04_sd21_lora/generated_images/final/negative/gen_1781.png,gen_1781.png,90.5824,50.0,4.0,0.25774383544921875,0.9228310096794246,0.28583526611328125,148.6415187508341,60.28471238973942,6.475628351110063,1603.6534423828125,0.0,0.0,False,,-35.217905910720944,False,
negative,/mnt/MammoDiffusion/MammoDiffusion/experiments/diffusers/04_sd21_lora/generated_images/final/negative/gen_1782.png,gen_1782.png,190.0,183.0,3.0,0.045650482177734375,0.43344196540486335,0.01741790771484375,207.27682873412178,9.12062168501532,6.646735009828772,925.8023071289062,0.0,0.0,True,too_empty,,False,
negative,/mnt/MammoDiffusion/MammoDiffusion/experiments/diffusers/04_sd21_lora/generated_images/final/negative/gen_1783.png,gen_1783.png,110.5824,70.0,4.0,0.16374969482421875,0.8690770162605413,0.11812591552734375,169.65752761092813,45.76220485174041,6.228516521168817,1440.4722900390625,0.0,0.0,False,,-55.90918615140635,False,
negative,/mnt/MammoDiffusion/MammoDiffusion/experiments/diffusers/04_sd21_lora/generated_images/final/negative/gen_1784.png,gen_1784.png,49.0,44.0,0.0,0.6979866027832031,0.9959611527383821,0.6988372802734375,110.86083757287277,46.33933573899829,6.48158434834075,835.331298828125,0.0,0.0,False,,-6.476632720294998,True,98.0
negative,/mnt/MammoDiffusion/MammoDiffusion/experiments/diffusers/04_sd21_lora/generated_images/final/negative/gen_1785.png,gen_1785.png,220.0,255.0,0.0,0.27974700927734375,0.9242506886301034,0.23996353149414062,252.95736427946903,19.23055025957053,6.394656544938519,1368.4664306640625,0.0,0.0,False,,-36.38264223989646,False,
negative,/mnt/MammoDiffusion/MammoDiffusion/experiments/diffusers/04_sd21_lora/generated_images/final/negative/gen_1786.png,gen_1786.png,123.8956,110.0,1.0,0.19617843627929688,0.8629708129970638,0.19953536987304688,165.2266809413654,42.42343435190482,4.938525783632054,368.104736328125,0.0,0.0,False,,-55.76486563748544,False,
negative,/mnt/MammoDiffusion/MammoDiffusion/experiments/diffusers/04_sd21_lora/generated_images/final/negative/gen_1787.png,gen_1787.png,137.5824,97.0,4.0,0.09175872802734375,0.9797954602145174,0.0910797119140625,170.90978388339755,25.2901769572947,5.307237502088547,899.97265625,0.0,0.0,True,too_empty,,False,
negative,/mnt/MammoDiffusion/MammoDiffusion/experiments/diffusers/04_sd21_lora/generated_images/final/negative/gen_1788.png,gen_1788.png,190.7912,168.0,2.0,0.07135772705078125,0.58660322891051,0.042339324951171875,209.30993783223713,14.952372999517657,7.1303389964001695,1165.572998046875,0.0,0.0,True,too_empty,,False,
negative,/mnt/MammoDiffusion/MammoDiffusion/experiments/diffusers/04_sd21_lora/generated_images/final/negative/gen_1789.png,gen_1789.png,74.8956,61.0,1.0,0.489105224609375,0.9933549634990952,0.5237579345703125,120.53128186453023,44.454281091792964,5.94057920776631,635.9461669921875,0.0,0.0,False,,-5.779818164519366,True,51.0
negative,/mnt/MammoDiffusion/MammoDiffusion/experiments/diffusers/04_sd21_lora/generated_images/final/negative/gen_1790.png,gen_1790.png,71.6868,40.0,3.0,0.39110565185546875,0.7359596590133235,0.30051422119140625,141.26480743354745,59.35834371635764,6.790840970134365,1526.580078125,0.0,0.0,True,fragmented_mask,,False,
negative,/mnt/MammoDiffusion/MammoDiffusion/experiments/diffusers/04_sd21_lora/generated_images/final/negative/gen_1791.png,gen_1791.png,106.6868,75.0,3.0,0.12854385375976562,0.6546873608926611,0.08355331420898438,157.3131991051454,49.7105402312026,5.549948073416539,981.9619140625,0.0,0.0,True,too_empty,,False,
negative,/mnt/MammoDiffusion/MammoDiffusion/experiments/diffusers/04_sd21_lora/generated_images/final/negative/gen_1792.png,gen_1792.png,100.7912,78.0,2.0,0.23761367797851562,0.9299073672719099,0.19533920288085938,160.73290761028767,47.32879670462665,5.863738997286944,924.0673217773438,0.0,0.0,False,,-31.238988163311568,True,1328.0
negative,/mnt/MammoDiffusion/MammoDiffusion/experiments/diffusers/04_sd21_lora/generated_images/final/negative/gen_1793.png,gen_1793.png,127.47800000000001,78.0,5.0,0.23779296875,0.7743679414784395,0.20167160034179688,176.40630260843247,39.976022903387545,6.786975574981334,1207.349853515625,0.0,0.0,False,,-91.25254586099943,False,
negative,/mnt/MammoDiffusion/MammoDiffusion/experiments/diffusers/04_sd21_lora/generated_images/final/negative/gen_1794.png,gen_1794.png,82.8956,69.0,1.0,0.6435317993164062,0.9730050148786589,0.7589569091796875,111.11364321759585,34.888507825369615,6.728108063671069,722.3967895507812,0.0,0.0,False,,-15.505055376794068,True,862.0
negative,/mnt/MammoDiffusion/MammoDiffusion/experiments/diffusers/04_sd21_lora/generated_images/final/negative/gen_1795.png,gen_1795.png,49.8956,36.0,1.0,0.365447998046875,0.9819624217118998,0.3590087890625,152.55848350901053,52.296321086634244,5.629028063971306,1033.630126953125,0.0,0.0,False,,-10.45218172970385,True,576.0
negative,/mnt/MammoDiffusion/MammoDiffusion/experiments/diffusers/04_sd21_lora/generated_images/final/negative/gen_1796.png,gen_1796.png,70.5824,30.0,4.0,0.2594795227050781,0.9896502550682877,0.26160430908203125,159.07903409256613,48.809511293489706,6.2453153195320255,1499.703369140625,0.0,0.0,False,,-9.260364775980117,True,456.0
negative,/mnt/MammoDiffusion/MammoDiffusion/experiments/diffusers/04_sd21_lora/generated_images/final/negative/gen_1797.png,gen_1797.png,118.7912,96.0,2.0,0.25553131103515625,0.7931508076314454,0.22542953491210938,170.04612911413824,43.33022684325681,6.068630459269917,830.6532592773438,0.0,0.0,False,,-82.92541076977632,False,
negative,/mnt/MammoDiffusion/MammoDiffusion/experiments/diffusers/04_sd21_lora/generated_images/final/negative/gen_1798.png,gen_1798.png,112.6868,81.0,3.0,0.14342498779296875,0.873131549550508,0.160186767578125,161.26124023623547,51.38102398273692,5.687928466627961,1203.1728515625,0.0,0.0,False,,-53.468685837145955,False,
negative,/mnt/MammoDiffusion/MammoDiffusion/experiments/diffusers/04_sd21_lora/generated_images/final/negative/gen_1799.png,gen_1799.png,59.6868,28.0,3.0,0.4360809326171875,0.9937629028307499,0.44631195068359375,139.66154977008154,53.12673518113687,6.880182638997692,1778.4722900390625,0.0,0.0,False,,-8.06682712615733,True,285.0
negative,/mnt/MammoDiffusion/MammoDiffusion/experiments/diffusers/04_sd21_lora/generated_images/final/negative/gen_1800.png,gen_1800.png,129.8956,116.0,1.0,0.3460350036621094,0.9158095490072868,0.3207435607910156,162.84909789369775,29.313891902000314,5.652402927900882,296.3311767578125,0.0,0.0,False,,-35.914247921839845,False,
negative,/mnt/MammoDiffusion/MammoDiffusion/experiments/diffusers/04_sd21_lora/generated_images/final/negative/gen_1801.png,gen_1801.png,120.7912,98.0,2.0,0.07712173461914062,0.8770341791561557,0.06458663940429688,181.364656547162,26.09297494032936,4.570410520882907,434.9649963378906,0.0,0.0,True,too_empty,,False,
negative,/mnt/MammoDiffusion/MammoDiffusion/experiments/diffusers/04_sd21_lora/generated_images/final/negative/gen_1802.png,gen_1802.png,139.478,90.0,5.0,0.052677154541015625,0.9378666087334347,0.04659271240234375,184.024152611757,27.718434288257736,5.276461027230804,1045.389892578125,0.0,0.0,True,too_empty,,False,
negative,/mnt/MammoDiffusion/MammoDiffusion/experiments/diffusers/04_sd21_lora/generated_images/final/negative/gen_1803.png,gen_1803.png,101.8956,88.0,1.0,0.192230224609375,0.6934235592951262,0.07611083984375,145.0891138732959,38.50441004351816,5.342395238539563,508.06268310546875,0.0,0.0,True,too_empty,,False,
negative,/mnt/MammoDiffusion/MammoDiffusion/experiments/diffusers/04_sd21_lora/generated_images/final/negative/gen_1804.png,gen_1804.png,116.7912,94.0,2.0,0.25054168701171875,0.8557203325314413,0.23599624633789062,163.2822112664673,41.68816044907376,5.844118226357697,777.8638305664062,0.0,0.0,False,,-58.64496246010813,False,
negative,/mnt/MammoDiffusion/MammoDiffusion/experiments/diffusers/04_sd21_lora/generated_images/final/negative/gen_1805.png,gen_1805.png,144.0,134.0,2.0,0.049530029296875,0.8525107825015403,0.038906097412109375,164.78517501715854,9.827935907136515,4.034167171108107,292.7868347167969,0.0,0.0,True,too_empty,,False,
negative,/mnt/MammoDiffusion/MammoDiffusion/experiments/diffusers/04_sd21_lora/generated_images/final/negative/gen_1806.png,gen_1806.png,138.478,89.0,5.0,0.13763046264648438,0.7599988913218215,0.1032257080078125,191.18115299334812,31.274466246850217,6.100833687008532,1351.1007080078125,0.0,0.0,True,too_empty,,False,
negative,/mnt/MammoDiffusion/MammoDiffusion/experiments/diffusers/04_sd21_lora/generated_images/final/negative/gen_1807.png,gen_1807.png,74.7912,52.0,2.0,0.36423492431640625,0.9728954148425881,0.4198951721191406,126.75355445931336,54.46101687525962,6.230361990920173,1150.5543212890625,0.0,0.0,False,,-14.26754399841975,True,796.0
negative,/mnt/MammoDiffusion/MammoDiffusion/experiments/diffusers/04_sd21_lora/generated_images/final/negative/gen_1808.png,gen_1808.png,99.7912,77.0,2.0,0.2750587463378906,0.7424450454198738,0.24005889892578125,143.0190846972827,43.899519798504706,6.37014869641847,1122.4212646484375,0.0,0.0,True,fragmented_mask,,False,
negative,/mnt/MammoDiffusion/MammoDiffusion/experiments/diffusers/04_sd21_lora/generated_images/final/negative/gen_1809.png,gen_1809.png,46.6868,15.0,3.0,0.5068626403808594,0.9970046134973019,0.5061721801757812,133.66744291205063,50.54719734410788,7.014545913729156,1225.2313232421875,0.0,0.0,False,,-6.375994092360221,True,92.0
negative,/mnt/MammoDiffusion/MammoDiffusion/experiments/diffusers/04_sd21_lora/generated_images/final/negative/gen_1810.png,gen_1810.png,80.7912,58.0,2.0,0.3290977478027344,0.9903559712997415,0.35532379150390625,139.6899276404784,52.87732371985374,6.232992568338939,1130.4930419921875,0.0,0.0,False,,-7.7371594188109345,True,228.0
negative,/mnt/MammoDiffusion/MammoDiffusion/experiments/diffusers/04_sd21_lora/generated_images/final/negative/gen_1811.png,gen_1811.png,64.8956,51.0,1.0,0.5975914001464844,0.9889949251540008,0.7193489074707031,106.39198082440222,50.83618084312521,6.857931403670705,837.5512084960938,0.0,0.0,False,,-9.743382708882402,True,506.0
negative,/mnt/MammoDiffusion/MammoDiffusion/experiments/diffusers/04_sd21_lora/generated_images/final/negative/gen_1812.png,gen_1812.png,109.7912,87.0,2.0,0.227630615234375,0.9129742592840864,0.236785888671875,161.59940069596598,52.070674232150594,5.871532258745811,714.159912109375,0.0,0.0,False,,-37.38256587573048,False,
negative,/mnt/MammoDiffusion/MammoDiffusion/experiments/diffusers/04_sd21_lora/generated_images/final/negative/gen_1813.png,gen_1813.png,60.8956,47.0,1.0,0.51788330078125,0.9974071891573365,0.5601387023925781,124.26630209007267,54.436784659892375,6.6446409254158745,857.9183349609375,0.0,0.0,False,,-5.830774081397524,True,56.0
negative,/mnt/MammoDiffusion/MammoDiffusion/experiments/diffusers/04_sd21_lora/generated_images/final/negative/gen_1814.png,gen_1814.png,137.6868,106.0,3.0,0.16279220581054688,0.9197891036906855,0.15276336669921875,172.13334665135093,30.961961480250803,5.629570810467767,929.28857421875,0.0,0.0,False,,-35.38158682107425,False,
negative,/mnt/MammoDiffusion/MammoDiffusion/experiments/diffusers/04_sd21_lora/generated_images/final/negative/gen_1815.png,gen_1815.png,116.7912,94.0,2.0,0.1575775146484375,0.930376682482812,0.17927932739257812,152.42715492478243,45.183969723372655,5.43926425447815,810.8473510742188,0.0,0.0,False,,-30.398257183346537,True,1298.0
negative,/mnt/MammoDiffusion/MammoDiffusion/experiments/diffusers/04_sd21_lora/generated_images/final/negative/gen_1816.png,gen_1816.png,59.6868,28.0,3.0,0.4084434509277344,0.9810032595193844,0.4464836120605469,125.18016455490717,59.264749941234115,6.831254891367642,1741.83251953125,0.0,0.0,False,,-12.895180315881653,True,733.0
negative,/mnt/MammoDiffusion/MammoDiffusion/experiments/diffusers/04_sd21_lora/generated_images/final/negative/gen_1817.png,gen_1817.png,220.0,254.0,0.0,0.48706817626953125,0.9362635297066149,0.4496879577636719,252.90298007346266,13.795620996664544,5.252807636507085,1634.4130859375,0.0,0.0,False,,-30.947382408666122,True,1316.0
negative,/mnt/MammoDiffusion/MammoDiffusion/experiments/diffusers/04_sd21_lora/generated_images/final/negative/gen_1818.png,gen_1818.png,86.7912,64.0,2.0,0.32977294921875,0.9857023875624653,0.3569183349609375,143.0859839254414,53.08722205018614,5.992281518354884,963.3421630859375,0.0,0.0,False,,-9.13743755803377,True,433.0
negative,/mnt/MammoDiffusion/MammoDiffusion/experiments/diffusers/04_sd21_lora/generated_images/final/negative/gen_1819.png,gen_1819.png,68.5824,28.0,4.0,0.37583160400390625,0.9814254684232964,0.4047088623046875,137.79479131319985,57.02306133002966,6.97551857697858,2297.240966796875,0.0,0.0,False,,-13.41362249393477,True,760.0
negative,/mnt/MammoDiffusion/MammoDiffusion/experiments/diffusers/04_sd21_lora/generated_images/final/negative/gen_1820.png,gen_1820.png,67.7912,45.0,2.0,0.5594444274902344,0.9966792813064675,0.5742111206054688,129.6094827471666,48.19634387008221,6.588415984418383,762.3076782226562,0.0,0.0,False,,-5.785618559904948,True,52.0
negative,/mnt/MammoDiffusion/MammoDiffusion/experiments/diffusers/04_sd21_lora/generated_images/final/negative/gen_1821.png,gen_1821.png,147.2692,80.0,7.0,0.16539764404296875,0.5858665067576918,0.09702301025390625,190.51505858299913,24.76442340080325,6.404597802983748,1330.7353515625,0.0,0.0,True,too_empty,,False,
negative,/mnt/MammoDiffusion/MammoDiffusion/experiments/diffusers/04_sd21_lora/generated_images/final/negative/gen_1822.png,gen_1822.png,104.7912,82.0,2.0,0.26459503173828125,0.925131916611401,0.3087196350097656,147.41128643625893,52.4941364592409,6.145662375472346,960.8328247070312,0.0,0.0,False,,-32.616683758582056,False,
negative,/mnt/MammoDiffusion/MammoDiffusion/experiments/diffusers/04_sd21_lora/generated_images/final/negative/gen_1823.png,gen_1823.png,66.47800000000001,17.0,5.0,0.36147308349609375,0.9081132991409696,0.3926200866699219,123.08554939129252,60.73322679067771,7.185275601905117,2290.73486328125,0.0,0.0,False,,-41.25992827921093,False,
negative,/mnt/MammoDiffusion/MammoDiffusion/experiments/diffusers/04_sd21_lora/generated_images/final/negative/gen_1824.png,gen_1824.png,12.0,7.0,0.0,0.7497482299804688,0.9984023771000601,0.7484092712402344,115.01887446417012,59.86632564710402,7.0037560535852785,1417.7362060546875,0.0,0.0,False,,-7.901279112960791,True,254.0
negative,/mnt/MammoDiffusion/MammoDiffusion/experiments/diffusers/04_sd21_lora/generated_images/final/negative/gen_1825.png,gen_1825.png,88.47800000000001,39.0,5.0,0.2779197692871094,0.9173152151533869,0.2832527160644531,152.19570926427215,57.50627675152705,6.90038931192329,2040.758056640625,0.0,0.0,False,,-38.18124824641754,False,
negative,/mnt/MammoDiffusion/MammoDiffusion/experiments/diffusers/04_sd21_lora/generated_images/final/negative/gen_1826.png,gen_1826.png,143.7912,121.0,2.0,0.053073883056640625,0.9581686192769352,0.0474700927734375,184.25072324011572,15.88821987060252,3.785573178083074,178.8393096923828,0.0,0.0,True,too_empty,,False,
negative,/mnt/MammoDiffusion/MammoDiffusion/experiments/diffusers/04_sd21_lora/generated_images/final/negative/gen_1827.png,gen_1827.png,36.6868,5.0,3.0,0.5691604614257812,0.9941622766450852,0.5926666259765625,111.47554774593857,59.87119218906965,7.17698497013332,2062.161865234375,0.0,0.0,False,,-9.398844746110374,True,470.0
negative,/mnt/MammoDiffusion/MammoDiffusion/experiments/diffusers/04_sd21_lora/generated_images/final/negative/gen_1828.png,gen_1828.png,52.7912,30.0,2.0,0.42562103271484375,0.9668650402423503,0.44659423828125,130.34843515101818,59.19054968380784,6.434428929900973,1552.96142578125,0.0,0.0,False,,-17.760728579127615,True,932.0
negative,/mnt/MammoDiffusion/MammoDiffusion/experiments/diffusers/04_sd21_lora/generated_images/final/negative/gen_1829.png,gen_1829.png,81.7912,59.0,2.0,0.4193115234375,0.964164847161572,0.46598052978515625,139.2480229873766,55.50603400935296,6.589751015296329,1316.1964111328125,0.0,0.0,False,,-18.691536214821628,True,959.0
negative,/mnt/MammoDiffusion/MammoDiffusion/experiments/diffusers/04_sd21_lora/generated_images/final/negative/gen_1830.png,gen_1830.png,62.6868,31.0,3.0,0.6456565856933594,0.9934241233641546,0.6976509094238281,121.51484266068842,49.870500366338334,7.359176137029333,1274.9915771484375,0.0,0.0,False,,-9.135287223560322,True,432.0
negative,/mnt/MammoDiffusion/MammoDiffusion/experiments/diffusers/04_sd21_lora/generated_images/final/negative/gen_1831.png,gen_1831.png,71.6868,40.0,3.0,0.2696800231933594,0.9774100007072636,0.3176765441894531,127.81538720174838,60.713866509213105,6.4209348672593505,1765.8880615234375,0.0,0.0,False,,-14.119294810694065,True,787.0
negative,/mnt/MammoDiffusion/MammoDiffusion/experiments/diffusers/04_sd21_lora/generated_images/final/negative/gen_1832.png,gen_1832.png,101.6868,70.0,3.0,0.2763252258300781,0.9492524538564546,0.2821617126464844,154.95472305217191,47.53234162737371,6.4407171408540895,1206.8626708984375,0.0,0.0,False,,-24.08569689390547,True,1135.0
negative,/mnt/MammoDiffusion/MammoDiffusion/experiments/diffusers/04_sd21_lora/generated_images/final/negative/gen_1833.png,gen_1833.png,124.7912,102.0,2.0,0.21575164794921875,0.9466918915096008,0.23491287231445312,159.635423263669,32.764740641221486,5.337066062517508,425.2033386230469,0.0,0.0,False,,-24.095404988657442,True,1136.0
negative,/mnt/MammoDiffusion/MammoDiffusion/experiments/diffusers/04_sd21_lora/generated_images/final/negative/gen_1834.png,gen_1834.png,111.0,106.0,0.0,0.2662467956542969,0.9574038254889319,0.2706565856933594,148.3627292074812,33.76112391786917,4.788225594394218,184.93893432617188,0.0,0.0,False,,-19.392066860372452,True,985.0
negative,/mnt/MammoDiffusion/MammoDiffusion/experiments/diffusers/04_sd21_lora/generated_images/final/negative/gen_1835.png,gen_1835.png,82.47800000000001,33.0,5.0,0.592620849609375,0.9920374375611515,0.6435394287109375,136.92554831061054,47.29495480253102,7.468792259978486,1565.8935546875,0.0,0.0,False,,-9.907461578134873,True,525.0
negative,/mnt/MammoDiffusion/MammoDiffusion/experiments/diffusers/04_sd21_lora/generated_images/final/negative/gen_1836.png,gen_1836.png,204.0,190.0,6.0,0.048919677734375,0.574235807860262,0.027645111083984375,219.01034910997654,11.345923854307083,6.885167343371765,1456.8929443359375,0.0,0.0,True,too_empty,,False,
negative,/mnt/MammoDiffusion/MammoDiffusion/experiments/diffusers/04_sd21_lora/generated_images/final/negative/gen_1837.png,gen_1837.png,90.6868,59.0,3.0,0.2520408630371094,0.9713792738115058,0.305511474609375,143.80952202577166,60.021420033036776,6.318794722335186,1464.235595703125,0.0,0.0,False,,-16.246663037716615,True,887.0
negative,/mnt/MammoDiffusion/MammoDiffusion/experiments/diffusers/04_sd21_lora/generated_images/final/negative/gen_1838.png,gen_1838.png,220.0,91.0,31.0,0.053192138671875,0.45611015490533563,0.022907257080078125,254.2314737718568,5.962556653090916,7.226573941765238,1356.053466796875,0.0,0.0,True,too_empty,,False,
negative,/mnt/MammoDiffusion/MammoDiffusion/experiments/diffusers/04_sd21_lora/generated_images/final/negative/gen_1839.png,gen_1839.png,125.7912,103.0,2.0,0.16551971435546875,0.8008757778289929,0.18887710571289062,155.63074344111646,46.65856349609918,5.6094095155933665,655.456298828125,0.0,0.0,False,,-79.64410491567534,False,
negative,/mnt/MammoDiffusion/MammoDiffusion/experiments/diffusers/04_sd21_lora/generated_images/final/negative/gen_1840.png,gen_1840.png,44.7912,22.0,2.0,0.434600830078125,0.9508373709711396,0.4865074157714844,115.81120476731877,65.35191946234755,6.626199031388559,2037.5758056640625,0.0,0.0,False,,-24.99360636394639,True,1165.0
negative,/mnt/MammoDiffusion/MammoDiffusion/experiments/diffusers/04_sd21_lora/generated_images/final/negative/gen_1841.png,gen_1841.png,76.7912,54.0,2.0,0.22788619995117188,0.9460653844222368,0.258087158203125,137.65772437034408,62.741140688882275,5.463452898091505,1006.4011840820312,0.0,0.0,False,,-24.87826214933598,True,1161.0
negative,/mnt/MammoDiffusion/MammoDiffusion/experiments/diffusers/04_sd21_lora/generated_images/final/negative/gen_1842.png,gen_1842.png,80.7912,58.0,2.0,0.4720191955566406,0.992564875502073,0.5209083557128906,135.77273293153573,47.949547474543095,6.809494434642792,1061.5025634765625,0.0,0.0,False,,-7.666387862116185,True,216.0
negative,/mnt/MammoDiffusion/MammoDiffusion/experiments/diffusers/04_sd21_lora/generated_images/final/negative/gen_1843.png,gen_1843.png,89.7912,67.0,2.0,0.2899360656738281,0.936859417143609,0.3275718688964844,137.241187362439,53.290617828191856,5.8943067845148835,1115.04296875,0.0,0.0,False,,-27.895484040709746,True,1236.0
negative,/mnt/MammoDiffusion/MammoDiffusion/experiments/diffusers/04_sd21_lora/generated_images/final/negative/gen_1844.png,gen_1844.png,118.7912,96.0,2.0,0.1941070556640625,0.8807090637528496,0.19921875,160.95057827818627,39.739550513922026,5.422813591303463,635.12109375,0.0,0.0,False,,-48.8722194242458,False,
negative,/mnt/MammoDiffusion/MammoDiffusion/experiments/diffusers/04_sd21_lora/generated_images/final/negative/gen_1845.png,gen_1845.png,101.7912,79.0,2.0,0.277679443359375,0.9656967798659193,0.3023529052734375,154.3715871814282,48.543595315511,5.883306630573986,1007.833984375,0.0,0.0,False,,-17.017633873141488,True,910.0
negative,/mnt/MammoDiffusion/MammoDiffusion/experiments/diffusers/04_sd21_lora/generated_images/final/negative/gen_1846.png,gen_1846.png,220.0,202.0,45.0,0.26041412353515625,0.8553892127852811,0.2177276611328125,246.7047620716238,3.514838308166595,7.0384277304279275,1940.8353271484375,0.0,0.0,True,low_contrast,,False,
negative,/mnt/MammoDiffusion/MammoDiffusion/experiments/diffusers/04_sd21_lora/generated_images/final/negative/gen_1847.png,gen_1847.png,146.7912,124.0,2.0,0.1029052734375,0.6647390272835113,0.06792068481445312,187.83650659926988,24.18495041328691,6.420896450413051,639.8729858398438,0.0,0.0,True,too_empty,,False,
negative,/mnt/MammoDiffusion/MammoDiffusion/experiments/diffusers/04_sd21_lora/generated_images/final/negative/gen_1848.png,gen_1848.png,69.6868,38.0,3.0,0.3541831970214844,0.9811625577563088,0.44012451171875,123.40727707668839,62.68810149747149,6.744308542572967,1925.522216796875,0.0,0.0,False,,-13.115103311251762,True,743.0
negative,/mnt/MammoDiffusion/MammoDiffusion/experiments/diffusers/04_sd21_lora/generated_images/final/negative/gen_1849.png,gen_1849.png,220.0,213.0,25.0,0.3466911315917969,0.9450832388895613,0.32823944091796875,235.7523417706808,26.734143211579617,6.703324361073793,1921.185791015625,0.0,0.0,False,,-28.170840037224394,True,1244.0
negative,/mnt/MammoDiffusion/MammoDiffusion/experiments/diffusers/04_sd21_lora/generated_images/final/negative/gen_1850.png,gen_1850.png,126.0,117.0,3.0,0.046382904052734375,0.48194752857965295,0.020030975341796875,173.928965911255,28.190973811388176,4.2980503686138904,386.333251953125,0.0,0.0,True,too_empty,,False,
negative,/mnt/MammoDiffusion/MammoDiffusion/experiments/diffusers/04_sd21_lora/generated_images/final/negative/gen_1851.png,gen_1851.png,64.8956,51.0,1.0,0.562469482421875,0.9928245890076501,0.5715255737304688,132.58776414678752,47.4548399144004,6.493278092545136,738.465576171875,0.0,0.0,False,,-7.130385936693841,True,157.0
negative,/mnt/MammoDiffusion/MammoDiffusion/experiments/diffusers/04_sd21_lora/generated_images/final/negative/gen_1852.png,gen_1852.png,121.7912,99.0,2.0,0.107696533203125,0.4460895437801077,0.046695709228515625,167.22057021485173,26.698953533720385,4.998000302240013,415.3394775390625,0.0,0.0,True,too_empty,,False,
negative,/mnt/MammoDiffusion/MammoDiffusion/experiments/diffusers/04_sd21_lora/generated_images/final/negative/gen_1853.png,gen_1853.png,95.7912,73.0,2.0,0.22028350830078125,0.9676341218439373,0.23646163940429688,159.83114201364802,51.80831370593423,5.71006672948122,927.5328369140625,0.0,0.0,False,,-16.74575616649531,True,899.0
negative,/mnt/MammoDiffusion/MammoDiffusion/experiments/diffusers/04_sd21_lora/generated_images/final/negative/gen_1854.png,gen_1854.png,186.5824,146.0,4.0,0.07267379760742188,0.7160778961734292,0.051883697509765625,204.88074406293654,13.516628831616979,6.582572832640695,710.849853515625,0.0,0.0,True,too_empty,,False,
negative,/mnt/MammoDiffusion/MammoDiffusion/experiments/diffusers/04_sd21_lora/generated_images/final/negative/gen_1855.png,gen_1855.png,111.5824,71.0,4.0,0.24572372436523438,0.9453232942637585,0.25658416748046875,160.0125182123636,48.89287482792509,6.341034150985433,1255.6905517578125,0.0,0.0,False,,-25.891844623330748,True,1188.0
negative,/mnt/MammoDiffusion/MammoDiffusion/experiments/diffusers/04_sd21_lora/generated_images/final/negative/gen_1856.png,gen_1856.png,135.8956,122.0,1.0,0.19701385498046875,0.9678193858188436,0.21526336669921875,163.5554669502038,31.502155255231642,4.837912901215098,267.50201416015625,0.0,0.0,False,,-16.13499716511711,True,881.0
negative,/mnt/MammoDiffusion/MammoDiffusion/experiments/diffusers/04_sd21_lora/generated_images/final/negative/gen_1857.png,gen_1857.png,220.0,252.0,1.0,0.4662017822265625,0.9566736490688312,0.4400596618652344,251.46920483013895,16.676134157753044,5.5524690610493135,1977.154052734375,0.0,0.0,False,,-23.666444875590194,True,1130.0
negative,/mnt/MammoDiffusion/MammoDiffusion/experiments/diffusers/04_sd21_lora/generated_images/final/negative/gen_1858.png,gen_1858.png,133.0,118.0,3.0,0.047496795654296875,0.9399245040558991,0.040302276611328125,162.46417415996214,15.097680655816045,4.820302700992481,750.9837646484375,0.0,0.0,True,too_empty,,False,
negative,/mnt/MammoDiffusion/MammoDiffusion/experiments/diffusers/04_sd21_lora/generated_images/final/negative/gen_1859.png,gen_1859.png,95.6868,64.0,3.0,0.32877349853515625,0.955387185853851,0.3792610168457031,144.78226933947556,53.561113962484576,6.360601141516506,826.7369384765625,0.0,0.0,False,,-20.67528679097599,True,1035.0
negative,/mnt/MammoDiffusion/MammoDiffusion/experiments/diffusers/04_sd21_lora/generated_images/final/negative/gen_1860.png,gen_1860.png,220.0,254.0,0.0,0.3772163391113281,0.9316377610355463,0.3447265625,253.09762305240793,12.691724066856073,5.836329953151628,1698.5076904296875,0.0,0.0,False,,-33.192081385126656,False,
negative,/mnt/MammoDiffusion/MammoDiffusion/experiments/diffusers/04_sd21_lora/generated_images/final/negative/gen_1861.png,gen_1861.png,220.0,233.0,0.0,0.21309661865234375,0.5778346639934123,0.118072509765625,233.3894094081158,1.8513811216245468,7.077027095006555,1038.737548828125,0.0,0.0,True,low_contrast,,False,
negative,/mnt/MammoDiffusion/MammoDiffusion/experiments/diffusers/04_sd21_lora/generated_images/final/negative/gen_1862.png,gen_1862.png,159.5824,119.0,4.0,0.14219284057617188,0.9758551307847082,0.13415145874023438,189.5386015298433,21.496077888460917,5.507001560609192,1012.435791015625,0.0,0.0,False,,-15.05515564240065,True,833.0
negative,/mnt/MammoDiffusion/MammoDiffusion/experiments/diffusers/04_sd21_lora/generated_images/final/negative/gen_1863.png,gen_1863.png,36.8956,23.0,1.0,0.7049713134765625,0.9967046167831866,0.7269058227539062,107.30175698227274,57.85796185189225,7.023183898563615,1358.26953125,0.0,0.0,False,,-8.094075102724545,True,291.0
negative,/mnt/MammoDiffusion/MammoDiffusion/experiments/diffusers/04_sd21_lora/generated_images/final/negative/gen_1864.png,gen_1864.png,129.7912,107.0,2.0,0.21607589721679688,0.8252564306269089,0.19752120971679688,179.31470287182063,39.074399853822655,5.760798052282133,846.6705322265625,0.0,0.0,False,,-70.64049148937376,False,
negative,/mnt/MammoDiffusion/MammoDiffusion/experiments/diffusers/04_sd21_lora/generated_images/final/negative/gen_1865.png,gen_1865.png,174.8956,161.0,1.0,0.11299896240234375,0.6866518128418068,0.0789337158203125,201.9571815194278,16.514001906884427,6.85748290807207,994.8612060546875,0.0,0.0,True,too_empty,,False,
negative,/mnt/MammoDiffusion/MammoDiffusion/experiments/diffusers/04_sd21_lora/generated_images/final/negative/gen_1866.png,gen_1866.png,53.7912,31.0,2.0,0.3829765319824219,0.9466706509288311,0.39923095703125,129.96803814401468,62.92857857482939,6.571002044132583,1607.27099609375,0.0,0.0,False,,-25.48574754248451,True,1178.0
negative,/mnt/MammoDiffusion/MammoDiffusion/experiments/diffusers/04_sd21_lora/generated_images/final/negative/gen_1867.png,gen_1867.png,46.6868,15.0,3.0,0.4909934997558594,0.9971175734785682,0.49622344970703125,130.30599160529513,53.38683355993766,6.871282994173605,1527.752685546875,0.0,0.0,False,,-6.64003401664751,True,115.0
negative,/mnt/MammoDiffusion/MammoDiffusion/experiments/diffusers/04_sd21_lora/generated_images/final/negative/gen_1868.png,gen_1868.png,81.5824,41.0,4.0,0.3589439392089844,0.9826664541155216,0.4057350158691406,140.39931929936725,56.033672680218615,6.840244447539136,1594.23876953125,0.0,0.0,False,,-11.894278434134225,True,682.0
negative,/mnt/MammoDiffusion/MammoDiffusion/experiments/diffusers/04_sd21_lora/generated_images/final/negative/gen_1869.png,gen_1869.png,44.6868,13.0,3.0,0.47978973388671875,0.9975909170416779,0.4775848388671875,139.92189047573405,51.87919927745216,6.9530368549854416,1366.8421630859375,0.0,0.0,False,,-6.27805604848059,True,82.0
negative,/mnt/MammoDiffusion/MammoDiffusion/experiments/diffusers/04_sd21_lora/generated_images/final/negative/gen_1870.png,gen_1870.png,153.6868,122.0,3.0,0.1217041015625,0.9641424272818455,0.11595916748046875,178.5436541877755,15.795423806104381,5.335985375656438,711.8629760742188,0.0,0.0,False,,-19.191884843678476,True,982.0
negative,/mnt/MammoDiffusion/MammoDiffusion/experiments/diffusers/04_sd21_lora/generated_images/final/negative/gen_1871.png,gen_1871.png,149.6868,118.0,3.0,0.13502120971679688,0.7816358242689645,0.0774688720703125,180.4887236557022,16.129816727900312,5.404083802967676,683.7828369140625,0.0,0.0,True,too_empty,,False,
negative,/mnt/MammoDiffusion/MammoDiffusion/experiments/diffusers/04_sd21_lora/generated_images/final/negative/gen_1872.png,gen_1872.png,10.0,0.0,0.0,0.7657585144042969,0.9939722724532851,0.7604560852050781,125.75509282715238,52.652912809692154,6.795501607444813,1264.268798828125,0.0,0.0,False,,-9.084148712722145,True,425.0
negative,/mnt/MammoDiffusion/MammoDiffusion/experiments/diffusers/04_sd21_lora/generated_images/final/negative/gen_1873.png,gen_1873.png,154.0,135.0,2.0,0.049793243408203125,0.9741821803416839,0.0458831787109375,190.54032258064515,16.980689563547585,4.109066184491855,330.4508972167969,0.0,0.0,True,too_empty,,False,
negative,/mnt/MammoDiffusion/MammoDiffusion/experiments/diffusers/04_sd21_lora/generated_images/final/negative/gen_1874.png,gen_1874.png,60.6868,29.0,3.0,0.3806114196777344,0.984394888499123,0.3950996398925781,126.33958657178995,57.296858988316934,6.550953253518152,1293.9676513671875,0.0,0.0,False,,-10.343836212242586,True,567.0
negative,/mnt/MammoDiffusion/MammoDiffusion/experiments/diffusers/04_sd21_lora/generated_images/final/negative/gen_1875.png,gen_1875.png,129.7912,107.0,2.0,0.14634323120117188,0.9881135469071762,0.147979736328125,163.4947927407713,26.549202440762834,4.55453016542764,300.744384765625,0.0,0.0,False,,-8.870148267629151,True,402.0
negative,/mnt/MammoDiffusion/MammoDiffusion/experiments/diffusers/04_sd21_lora/generated_images/final/negative/gen_1876.png,gen_1876.png,122.7912,100.0,2.0,0.09397125244140625,0.9756434196638792,0.09099960327148438,164.1888073779082,31.89360299549035,4.53138134211215,362.643310546875,0.0,0.0,True,too_empty,,False,
negative,/mnt/MammoDiffusion/MammoDiffusion/experiments/diffusers/04_sd21_lora/generated_images/final/negative/gen_1877.png,gen_1877.png,143.7912,121.0,2.0,0.051578521728515625,0.9954884993713483,0.047649383544921875,171.2760387478985,14.799944766608009,3.7563247831482887,186.07144165039062,0.0,0.0,True,too_empty,,False,
negative,/mnt/MammoDiffusion/MammoDiffusion/experiments/diffusers/04_sd21_lora/generated_images/final/negative/gen_1878.png,gen_1878.png,103.6868,72.0,3.0,0.15752029418945312,0.9640617053737922,0.17515182495117188,153.411194598715,57.54794196525139,5.624302449001732,1124.9923095703125,0.0,0.0,False,,-18.90078546238682,True,971.0
negative,/mnt/MammoDiffusion/MammoDiffusion/experiments/diffusers/04_sd21_lora/generated_images/final/negative/gen_1879.png,gen_1879.png,66.7912,44.0,2.0,0.3120536804199219,0.9854161827805826,0.3753814697265625,121.17419007357425,59.536896963105285,5.924488766186168,1302.2633056640625,0.0,0.0,False,,-9.475819350822137,True,478.0
negative,/mnt/MammoDiffusion/MammoDiffusion/experiments/diffusers/04_sd21_lora/generated_images/final/negative/gen_1880.png,gen_1880.png,135.0,129.0,1.0,0.046413421630859375,0.9380290950932851,0.039142608642578125,189.48250657830621,24.69627629330322,3.7337609242820013,146.41062927246094,0.0,0.0,True,too_empty,,False,
negative,/mnt/MammoDiffusion/MammoDiffusion/experiments/diffusers/04_sd21_lora/generated_images/final/negative/gen_1881.png,gen_1881.png,115.7912,93.0,2.0,0.14865875244140625,0.8929689504747241,0.15514373779296875,157.39264814359478,45.10785010594172,5.35420182759408,685.0342407226562,0.0,0.0,False,,-44.61979207598491,False,
negative,/mnt/MammoDiffusion/MammoDiffusion/experiments/diffusers/04_sd21_lora/generated_images/final/negative/gen_1882.png,gen_1882.png,10.0,0.0,0.0,0.84722900390625,0.9929534975866292,0.8365554809570312,112.39390236117065,55.37342905678034,7.282995128784834,1299.4530029296875,0.0,0.0,False,,-10.355487102594227,True,571.0
negative,/mnt/MammoDiffusion/MammoDiffusion/experiments/diffusers/04_sd21_lora/generated_images/final/negative/gen_1883.png,gen_1883.png,126.6868,95.0,3.0,0.17561721801757812,0.44518539435671306,0.07826995849609375,175.7517301881275,37.04582412071616,6.001219464532791,1209.4627685546875,0.0,0.0,True,too_empty,,False,
negative,/mnt/MammoDiffusion/MammoDiffusion/experiments/diffusers/04_sd21_lora/generated_images/final/negative/gen_1884.png,gen_1884.png,182.0,153.0,5.0,0.04901885986328125,0.6988326848249027,0.034679412841796875,203.82939170608293,14.043485689958585,6.71418891147635,1212.6414794921875,0.0,0.0,True,too_empty,,False,
negative,/mnt/MammoDiffusion/MammoDiffusion/experiments/diffusers/04_sd21_lora/generated_images/final/negative/gen_1885.png,gen_1885.png,123.6868,92.0,3.0,0.16380691528320312,0.768822337626045,0.15283203125,160.1831819089457,39.102604693155584,5.820351381582478,866.2489624023438,0.0,0.0,False,,-92.09446859317877,False,
negative,/mnt/MammoDiffusion/MammoDiffusion/experiments/diffusers/04_sd21_lora/generated_images/final/negative/gen_1886.png,gen_1886.png,156.5824,116.0,4.0,0.08461380004882812,0.9388665975384338,0.08440780639648438,181.5802865277715,20.94751852020988,5.13062000988932,706.65869140625,0.0,0.0,True,too_empty,,False,
negative,/mnt/MammoDiffusion/MammoDiffusion/experiments/diffusers/04_sd21_lora/generated_images/final/negative/gen_1887.png,gen_1887.png,95.8956,82.0,1.0,0.3599205017089844,0.973153437695414,0.3809471130371094,150.32961156784796,44.58716166775567,5.688156079901336,449.95611572265625,0.0,0.0,False,,-13.112228734226576,True,742.0
negative,/mnt/MammoDiffusion/MammoDiffusion/experiments/diffusers/04_sd21_lora/generated_images/final/negative/gen_1888.png,gen_1888.png,201.0,182.0,11.0,0.0486602783203125,0.18320790216368768,0.006916046142578125,219.11362382790955,11.958066867409354,7.337733487347451,1612.7913818359375,0.0,0.0,True,too_empty,,False,
negative,/mnt/MammoDiffusion/MammoDiffusion/experiments/diffusers/04_sd21_lora/generated_images/final/negative/gen_1889.png,gen_1889.png,66.8956,53.0,1.0,0.22927093505859375,0.9436790788992047,0.2612724304199219,123.57486385072491,61.92118925430413,5.336652715894282,978.4068603515625,0.0,0.0,False,,-25.326040076053793,True,1174.0
negative,/mnt/MammoDiffusion/MammoDiffusion/experiments/diffusers/04_sd21_lora/generated_images/final/negative/gen_1890.png,gen_1890.png,181.0,168.0,5.0,0.047760009765625,0.3226837060702875,0.02080535888671875,201.28071140447378,17.79644525367321,6.864263569650097,1238.862060546875,0.0,0.0,True,too_empty,,False,
negative,/mnt/MammoDiffusion/MammoDiffusion/experiments/diffusers/04_sd21_lora/generated_images/final/negative/gen_1891.png,gen_1891.png,84.7912,62.0,2.0,0.354217529296875,0.9872490738347549,0.41222381591796875,132.54053228702043,50.79394798533278,6.335893107637241,1025.9228515625,0.0,0.0,False,,-8.59761410237255,True,367.0
negative,/mnt/MammoDiffusion/MammoDiffusion/experiments/diffusers/04_sd21_lora/generated_images/final/negative/gen_1892.png,gen_1892.png,80.8956,67.0,1.0,0.2810401916503906,0.9284269678172464,0.30127716064453125,142.37826989794627,57.72076182273964,5.36079955153123,1013.2002563476562,0.0,0.0,False,,-31.014437123255327,True,1320.0
negative,/mnt/MammoDiffusion/MammoDiffusion/experiments/diffusers/04_sd21_lora/generated_images/final/negative/gen_1893.png,gen_1893.png,14.8956,1.0,1.0,0.8648414611816406,0.9982047787290539,0.8550491333007812,124.48339475163509,31.9067071397944,6.7060516227748215,408.975341796875,0.0,0.0,False,,-7.305926441179243,True,176.0
negative,/mnt/MammoDiffusion/MammoDiffusion/experiments/diffusers/04_sd21_lora/generated_images/final/negative/gen_1894.png,gen_1894.png,27.8956,14.0,1.0,0.5280952453613281,0.9942862096115923,0.5572166442871094,97.81621266370463,62.178069409987216,6.485922584478064,1638.649658203125,0.0,0.0,False,,-7.849085273276433,True,247.0
negative,/mnt/MammoDiffusion/MammoDiffusion/experiments/diffusers/04_sd21_lora/generated_images/final/negative/gen_1895.png,gen_1895.png,54.5824,14.0,4.0,0.3922576904296875,0.9808515190415062,0.44568634033203125,109.612227604978,55.31310849155506,6.862666043350432,1921.27392578125,0.0,0.0,False,,-12.725957596438464,True,726.0
negative,/mnt/MammoDiffusion/MammoDiffusion/experiments/diffusers/04_sd21_lora/generated_images/final/negative/gen_1896.png,gen_1896.png,220.0,46.0,46.0,0.11706924438476562,0.6843168562025481,0.07869720458984375,253.46514784294718,11.291661569642816,7.278120287077487,2329.577880859375,0.0,0.0,True,too_empty,,False,
negative,/mnt/MammoDiffusion/MammoDiffusion/experiments/diffusers/04_sd21_lora/generated_images/final/negative/gen_1897.png,gen_1897.png,113.6868,82.0,3.0,0.18399810791015625,0.8801882489530207,0.18085098266601562,174.5841717817292,51.256365134793725,5.81727969320755,1104.25439453125,0.0,0.0,False,,-50.857186474073735,False,
negative,/mnt/MammoDiffusion/MammoDiffusion/experiments/diffusers/04_sd21_lora/generated_images/final/negative/gen_1898.png,gen_1898.png,51.6868,20.0,3.0,0.4775238037109375,0.9971880492091388,0.4754829406738281,141.9136186770428,47.03208820208825,6.687928668357591,1142.9293212890625,0.0,0.0,False,,-5.669210443798401,True,38.0
negative,/mnt/MammoDiffusion/MammoDiffusion/experiments/diffusers/04_sd21_lora/generated_images/final/negative/gen_1899.png,gen_1899.png,24.7912,2.0,2.0,0.8180160522460938,0.9963392682267136,0.8106918334960938,118.86282573711404,46.575364269807345,7.352754440437131,1548.47802734375,0.0,0.0,False,,-8.926197538461496,True,409.0
negative,/mnt/MammoDiffusion/MammoDiffusion/experiments/diffusers/04_sd21_lora/generated_images/final/negative/gen_1900.png,gen_1900.png,122.7912,100.0,2.0,0.200714111328125,0.8803025695605899,0.19916534423828125,164.3359126604099,39.938820951016076,5.211772153921347,650.3320922851562,0.0,0.0,False,,-48.898185107663515,False,
negative,/mnt/MammoDiffusion/MammoDiffusion/experiments/diffusers/04_sd21_lora/generated_images/final/negative/gen_1901.png,gen_1901.png,124.6868,93.0,3.0,0.10905838012695312,0.9614537059708279,0.11046981811523438,171.568873234573,37.621911315076346,5.078258214903089,663.3308715820312,0.0,0.0,False,,-18.74751941025615,True,963.0
negative,/mnt/MammoDiffusion/MammoDiffusion/experiments/diffusers/04_sd21_lora/generated_images/final/negative/gen_1902.png,gen_1902.png,111.7912,89.0,2.0,0.11491012573242188,0.8750456461839791,0.12601089477539062,154.34728907456181,46.089747483011436,4.899513225840067,732.01416015625,0.0,0.0,False,,-51.27386967901537,False,
negative,/mnt/MammoDiffusion/MammoDiffusion/experiments/diffusers/04_sd21_lora/generated_images/final/negative/gen_1903.png,gen_1903.png,130.7912,108.0,2.0,0.18796539306640625,0.9184762755205585,0.19077682495117188,165.058347163624,30.986058880948974,5.031426866607976,348.1005859375,0.0,0.0,False,,-35.13432822525037,False,
negative,/mnt/MammoDiffusion/MammoDiffusion/experiments/diffusers/04_sd21_lora/generated_images/final/negative/gen_1904.png,gen_1904.png,102.6868,71.0,3.0,0.19038772583007812,0.9675809974152958,0.22156143188476562,152.49000533737367,51.356025349008945,5.724314460637186,1134.872802734375,0.0,0.0,False,,-17.000502548497067,True,909.0
negative,/mnt/MammoDiffusion/MammoDiffusion/experiments/diffusers/04_sd21_lora/generated_images/final/negative/gen_1905.png,gen_1905.png,130.0,114.0,2.0,0.046657562255859375,0.3866405036382961,0.012599945068359375,156.95186194368756,25.292436430962994,4.220874831452668,244.76344299316406,0.0,0.0,True,too_empty,,False,
negative,/mnt/MammoDiffusion/MammoDiffusion/experiments/diffusers/04_sd21_lora/generated_images/final/negative/gen_1906.png,gen_1906.png,44.7912,22.0,2.0,0.5213279724121094,0.9920388107973629,0.5336418151855469,129.84043290847873,60.27215716070271,6.7708102928515,1275.7628173828125,0.0,0.0,False,,-8.76241903399233,True,384.0
negative,/mnt/MammoDiffusion/MammoDiffusion/experiments/diffusers/04_sd21_lora/generated_images/final/negative/gen_1907.png,gen_1907.png,138.0,131.0,2.0,0.047252655029296875,0.5783482683458464,0.02429962158203125,196.41161695447408,24.293705021360847,4.01969860964956,246.51597595214844,0.0,0.0,True,too_empty,,False,
negative,/mnt/MammoDiffusion/MammoDiffusion/experiments/diffusers/04_sd21_lora/generated_images/final/negative/gen_1908.png,gen_1908.png,95.8956,82.0,1.0,0.23641204833984375,0.8781585826314261,0.2739830017089844,136.92541386463947,51.99991718979837,5.175254392035156,727.7261352539062,0.0,0.0,False,,-49.333045399768196,False,
negative,/mnt/MammoDiffusion/MammoDiffusion/experiments/diffusers/04_sd21_lora/generated_images/final/negative/gen_1909.png,gen_1909.png,114.7912,92.0,2.0,0.16258621215820312,0.6199526055230989,0.1575164794921875,161.75360844715684,36.64762894199525,5.145027610741003,484.7026062011719,0.0,0.0,True,fragmented_mask,,False,
negative,/mnt/MammoDiffusion/MammoDiffusion/experiments/diffusers/04_sd21_lora/generated_images/final/negative/gen_1910.png,gen_1910.png,92.8956,79.0,1.0,0.1687469482421875,0.9215118907677006,0.18926239013671875,134.90413996049503,47.32518865326242,4.825500144674371,650.9916381835938,0.0,0.0,False,,-32.8805312108243,False,
negative,/mnt/MammoDiffusion/MammoDiffusion/experiments/diffusers/04_sd21_lora/generated_images/final/negative/gen_1911.png,gen_1911.png,220.0,239.0,12.0,0.3950653076171875,0.9219612992931907,0.360198974609375,249.4961874099805,18.861081370004783,6.492367121259747,1784.92919921875,0.0,0.0,False,,-37.034216256792035,False,
negative,/mnt/MammoDiffusion/MammoDiffusion/experiments/diffusers/04_sd21_lora/generated_images/final/negative/gen_1912.png,gen_1912.png,99.8956,86.0,1.0,0.2885284423828125,0.972975831614575,0.33730316162109375,143.81576983103753,48.902624713616284,5.4049844290123,697.3648071289062,0.0,0.0,False,,-13.036231674431015,True,739.0
negative,/mnt/MammoDiffusion/MammoDiffusion/experiments/diffusers/04_sd21_lora/generated_images/final/negative/gen_1913.png,gen_1913.png,75.5824,35.0,4.0,0.4255943298339844,0.9944159115150537,0.46001434326171875,140.7932747325649,51.99698553027769,7.042447275774282,1550.661865234375,0.0,0.0,False,,-7.705575578312701,True,223.0
negative,/mnt/MammoDiffusion/MammoDiffusion/experiments/diffusers/04_sd21_lora/generated_images/final/negative/gen_1914.png,gen_1914.png,104.5824,64.0,4.0,0.25612640380859375,0.7391498614875934,0.18893051147460938,166.62668847295416,42.97974502139624,6.702905830579123,1277.614501953125,0.0,0.0,True,fragmented_mask,,False,
negative,/mnt/MammoDiffusion/MammoDiffusion/experiments/diffusers/04_sd21_lora/generated_images/final/negative/gen_1915.png,gen_1915.png,58.7912,36.0,2.0,0.38431549072265625,0.9689913247176066,0.4445457458496094,115.655571287596,61.06028293957481,6.37998873128619,1272.316162109375,0.0,0.0,False,,-16.3636937019004,True,890.0
negative,/mnt/MammoDiffusion/MammoDiffusion/experiments/diffusers/04_sd21_lora/generated_images/final/negative/gen_1916.png,gen_1916.png,56.6868,25.0,3.0,0.4504432678222656,0.9206222847028734,0.4850425720214844,125.78900677147644,59.684177404261675,7.022684512890064,1939.32275390625,0.0,0.0,False,,-36.52434422694508,False,
negative,/mnt/MammoDiffusion/MammoDiffusion/experiments/diffusers/04_sd21_lora/generated_images/final/negative/gen_1917.png,gen_1917.png,55.6868,24.0,3.0,0.34688568115234375,0.9903996305012427,0.3674774169921875,128.5602499688577,59.49994576781361,6.49000842990006,1674.2989501953125,0.0,0.0,False,,-8.738836386764604,True,379.0
negative,/mnt/MammoDiffusion/MammoDiffusion/experiments/diffusers/04_sd21_lora/generated_images/final/negative/gen_1918.png,gen_1918.png,172.0,162.0,8.0,0.049999237060546875,0.5539787899595636,0.029827117919921875,195.67860340196955,17.141837860542662,7.182945845761233,790.9796752929688,0.0,0.0,True,too_empty,,False,
negative,/mnt/MammoDiffusion/MammoDiffusion/experiments/diffusers/04_sd21_lora/generated_images/final/negative/gen_1919.png,gen_1919.png,62.6868,31.0,3.0,0.3465461730957031,0.9887060377566184,0.3888740539550781,125.19153235695157,61.85685541396862,6.53290824584349,1845.5443115234375,0.0,0.0,False,,-9.608195358236383,True,492.0
negative,/mnt/MammoDiffusion/MammoDiffusion/experiments/diffusers/04_sd21_lora/generated_images/final/negative/gen_1920.png,gen_1920.png,112.8956,99.0,1.0,0.2811241149902344,0.8836963158966008,0.26099395751953125,160.91606010114296,42.077188211635246,5.6317186513913535,367.0634460449219,0.0,0.0,False,,-47.979547982819966,False,
negative,/mnt/MammoDiffusion/MammoDiffusion/experiments/diffusers/04_sd21_lora/generated_images/final/negative/gen_1921.png,gen_1921.png,92.47800000000001,43.0,5.0,0.3940925598144531,0.9743778373617012,0.4250068664550781,150.70532164110114,49.192763709244,7.09269317755146,1800.4501953125,0.0,0.0,False,,-15.470105498429076,True,859.0
negative,/mnt/MammoDiffusion/MammoDiffusion/experiments/diffusers/04_sd21_lora/generated_images/final/negative/gen_1922.png,gen_1922.png,35.6868,4.0,3.0,0.7567481994628906,0.999480786583122,0.7630882263183594,130.22153180129874,53.13052373959175,7.4874331139556,2066.9453125,0.0,0.0,False,,-9.305209735091323,True,460.0
negative,/mnt/MammoDiffusion/MammoDiffusion/experiments/diffusers/04_sd21_lora/generated_images/final/negative/gen_1923.png,gen_1923.png,88.6868,57.0,3.0,0.23640823364257812,0.9173188323947525,0.26729583740234375,139.87588126159554,56.98384287984963,6.2094101197655425,1770.3428955078125,0.0,0.0,False,,-37.09891500533272,False,
negative,/mnt/MammoDiffusion/MammoDiffusion/experiments/diffusers/04_sd21_lora/generated_images/final/negative/gen_1924.png,gen_1924.png,85.7912,63.0,2.0,0.2604942321777344,0.9908474526630252,0.2849693298339844,147.5290282853433,53.3369630174634,5.860430789522242,969.4724731445312,0.0,0.0,False,,-7.659026962941496,True,215.0
negative,/mnt/MammoDiffusion/MammoDiffusion/experiments/diffusers/04_sd21_lora/generated_images/final/negative/gen_1925.png,gen_1925.png,132.6868,101.0,3.0,0.15071487426757812,0.6838188767116353,0.12152099609375,174.13203164239076,38.512805779787655,5.84503285523511,1008.8247680664062,0.0,0.0,True,fragmented_mask,,False,
negative,/mnt/MammoDiffusion/MammoDiffusion/experiments/diffusers/04_sd21_lora/generated_images/final/negative/gen_1926.png,gen_1926.png,88.5824,48.0,4.0,0.26909637451171875,0.8421791273284001,0.21890640258789062,150.7391827132526,50.6644018295902,6.702255986277136,1766.0631103515625,0.0,0.0,False,,-66.19955007819216,False,
negative,/mnt/MammoDiffusion/MammoDiffusion/experiments/diffusers/04_sd21_lora/generated_images/final/negative/gen_1927.png,gen_1927.png,86.5824,46.0,4.0,0.34029388427734375,0.9747662713270407,0.3767127990722656,147.82380282118012,54.77627693547487,6.870908759326071,1773.954833984375,0.0,0.0,False,,-15.147743751186994,True,841.0
negative,/mnt/MammoDiffusion/MammoDiffusion/experiments/diffusers/04_sd21_lora/generated_images/final/negative/gen_1928.png,gen_1928.png,220.0,222.0,6.0,0.4510459899902344,0.9803787244479402,0.4521484375,227.72233565064795,15.883512344618476,6.871869733124314,1727.71826171875,0.0,0.0,False,,-15.16434544280497,True,843.0
negative,/mnt/MammoDiffusion/MammoDiffusion/experiments/diffusers/04_sd21_lora/generated_images/final/negative/gen_1929.png,gen_1929.png,220.0,209.0,44.0,0.3215904235839844,0.9380686333819674,0.30146026611328125,250.7809075494141,22.04986050883018,6.1439680783351385,1959.18994140625,0.0,0.0,False,,-31.106416330846997,True,1323.0
negative,/mnt/MammoDiffusion/MammoDiffusion/experiments/diffusers/04_sd21_lora/generated_images/final/negative/gen_1930.png,gen_1930.png,61.7912,39.0,2.0,0.5155792236328125,0.9878288792210482,0.5422439575195312,126.05018783504285,52.96445551804953,6.84409147213451,1302.01416015625,0.0,0.0,False,,-10.055037730986559,True,541.0
negative,/mnt/MammoDiffusion/MammoDiffusion/experiments/diffusers/04_sd21_lora/generated_images/final/negative/gen_1931.png,gen_1931.png,60.7912,38.0,2.0,0.5002250671386719,0.9849997330913361,0.5196266174316406,128.2595123956628,54.88957634380476,6.879053738733118,1415.713134765625,0.0,0.0,False,,-11.298803761938974,True,643.0
negative,/mnt/MammoDiffusion/MammoDiffusion/experiments/diffusers/04_sd21_lora/generated_images/final/negative/gen_1932.png,gen_1932.png,148.6868,117.0,3.0,0.11212158203125,0.7171679368535656,0.05100250244140625,184.04996260284219,18.689868675249645,5.609426863277276,723.7982788085938,0.0,0.0,True,too_empty,,False,
negative,/mnt/MammoDiffusion/MammoDiffusion/experiments/diffusers/04_sd21_lora/generated_images/final/negative/gen_1933.png,gen_1933.png,53.7912,31.0,2.0,0.4171485900878906,0.9936993040885939,0.439605712890625,127.17120791391878,58.96375733889226,6.441186287386479,1582.4578857421875,0.0,0.0,False,,-7.508248303766829,True,202.0
negative,/mnt/MammoDiffusion/MammoDiffusion/experiments/diffusers/04_sd21_lora/generated_images/final/negative/gen_1934.png,gen_1934.png,113.6868,82.0,3.0,0.19057083129882812,0.8710290850131113,0.2133026123046875,148.32128549967808,45.81860860211905,5.854217566255441,934.7151489257812,0.0,0.0,False,,-53.16541562926554,False,
negative,/mnt/MammoDiffusion/MammoDiffusion/experiments/diffusers/04_sd21_lora/generated_images/final/negative/gen_1935.png,gen_1935.png,220.0,192.0,36.0,0.3611640930175781,0.9714502994391457,0.3675537109375,231.80092784789107,17.429654302535283,7.337562349611019,2075.306884765625,0.0,0.0,False,,-19.0732696643091,True,976.0
negative,/mnt/MammoDiffusion/MammoDiffusion/experiments/diffusers/04_sd21_lora/generated_images/final/negative/gen_1936.png,gen_1936.png,85.6868,54.0,3.0,0.3589820861816406,0.9555071462727804,0.40099334716796875,140.4793850720143,55.69942400138434,6.860541013266371,1492.6624755859375,0.0,0.0,False,,-22.03346347587591,True,1078.0
negative,/mnt/MammoDiffusion/MammoDiffusion/experiments/diffusers/04_sd21_lora/generated_images/final/negative/gen_1937.png,gen_1937.png,162.6868,131.0,3.0,0.11238861083984375,0.6305070938836468,0.0705718994140625,208.17156756756756,22.71158704695426,6.47859278889273,943.3746337890625,0.0,0.0,True,too_empty,,False,
negative,/mnt/MammoDiffusion/MammoDiffusion/experiments/diffusers/04_sd21_lora/generated_images/final/negative/gen_1938.png,gen_1938.png,220.0,233.0,7.0,0.3117485046386719,0.9234854324975833,0.2851142883300781,237.63083180583615,20.853446803273897,6.409796007449431,1630.16748046875,0.0,0.0,False,,-36.371715428280524,False,
negative,/mnt/MammoDiffusion/MammoDiffusion/experiments/diffusers/04_sd21_lora/generated_images/final/negative/gen_1939.png,gen_1939.png,61.7912,39.0,2.0,0.503692626953125,0.9950242350802787,0.4991645812988281,147.95396360801817,44.16262973616317,6.532992163666506,889.0987548828125,0.0,0.0,False,,-6.133759171688526,True,69.0
negative,/mnt/MammoDiffusion/MammoDiffusion/experiments/diffusers/04_sd21_lora/generated_images/final/negative/gen_1940.png,gen_1940.png,84.7912,62.0,2.0,0.500579833984375,0.9852237395598367,0.5496940612792969,130.2179265643759,45.77633392452989,6.877922993958914,813.6707763671875,0.0,0.0,False,,-10.160614447928452,True,549.0
negative,/mnt/MammoDiffusion/MammoDiffusion/experiments/diffusers/04_sd21_lora/generated_images/final/negative/gen_1941.png,gen_1941.png,70.7912,48.0,2.0,0.5302734375,0.9958851289134438,0.5641708374023438,131.63158748833624,50.77422234965071,6.952671299775377,1081.5897216796875,0.0,0.0,False,,-6.92571374572929,True,138.0
negative,/mnt/MammoDiffusion/MammoDiffusion/experiments/diffusers/04_sd21_lora/generated_images/final/negative/gen_1942.png,gen_1942.png,117.7912,95.0,2.0,0.20017242431640625,0.9463162709151198,0.21877670288085938,138.3288521560217,30.061640291581035,5.35396375942469,428.5123291015625,0.0,0.0,False,,-24.12770013103201,True,1138.0
negative,/mnt/MammoDiffusion/MammoDiffusion/experiments/diffusers/04_sd21_lora/generated_images/final/negative/gen_1943.png,gen_1943.png,65.6868,34.0,3.0,0.32917022705078125,0.9904160389384633,0.3545684814453125,139.49868743813747,59.1592079252367,6.3916552758190495,1547.2425537109375,0.0,0.0,False,,-8.741751796294356,True,382.0
negative,/mnt/MammoDiffusion/MammoDiffusion/experiments/diffusers/04_sd21_lora/generated_images/final/negative/gen_1944.png,gen_1944.png,126.8956,113.0,1.0,0.0692901611328125,0.9503413345078177,0.06319427490234375,156.2496076300857,13.305515936753777,3.4456147447091903,127.63477325439453,0.0,0.0,True,too_empty,,False,
negative,/mnt/MammoDiffusion/MammoDiffusion/experiments/diffusers/04_sd21_lora/generated_images/final/negative/gen_1945.png,gen_1945.png,55.6868,24.0,3.0,0.4216575622558594,0.9916225629890985,0.4656715393066406,118.67095098834304,57.88047547657225,6.947193813924455,1801.4034423828125,0.0,0.0,False,,-8.98365148581706,True,417.0
negative,/mnt/MammoDiffusion/MammoDiffusion/experiments/diffusers/04_sd21_lora/generated_images/final/negative/gen_1946.png,gen_1946.png,62.7912,40.0,2.0,0.3517112731933594,0.9930259547283593,0.37476348876953125,134.8748600394943,57.33286247391843,6.146476732349787,1131.497314453125,0.0,0.0,False,,-6.6759552070742965,True,116.0
negative,/mnt/MammoDiffusion/MammoDiffusion/experiments/diffusers/04_sd21_lora/generated_images/final/negative/gen_1947.png,gen_1947.png,136.0,106.0,3.0,0.049549102783203125,0.8503348987604896,0.039386749267578125,187.93075060532686,27.648617541912735,4.966627374945396,525.6051635742188,0.0,0.0,True,too_empty,,False,
negative,/mnt/MammoDiffusion/MammoDiffusion/experiments/diffusers/04_sd21_lora/generated_images/final/negative/gen_1948.png,gen_1948.png,29.8956,16.0,1.0,0.6429977416992188,0.9979650921344582,0.6447868347167969,120.88520177249788,59.95465442889584,6.869637170638365,1519.297119140625,0.0,0.0,False,,-7.496707520607039,True,200.0
negative,/mnt/MammoDiffusion/MammoDiffusion/experiments/diffusers/04_sd21_lora/generated_images/final/negative/gen_1949.png,gen_1949.png,77.5824,37.0,4.0,0.4065513610839844,0.9254890921885995,0.47015380859375,128.77371640919122,56.80288834421102,7.109258794549482,1558.094482421875,0.0,0.0,False,,-34.041691066017435,False,
negative,/mnt/MammoDiffusion/MammoDiffusion/experiments/diffusers/04_sd21_lora/generated_images/final/negative/gen_1950.png,gen_1950.png,68.7912,46.0,2.0,0.2512397766113281,0.9271647864441779,0.2925300598144531,124.85396100932385,62.85818383326886,5.918814742009011,1445.601806640625,0.0,0.0,False,,-32.56733107771835,False,
negative,/mnt/MammoDiffusion/MammoDiffusion/experiments/diffusers/04_sd21_lora/generated_images/final/negative/gen_1951.png,gen_1951.png,56.5824,16.0,4.0,0.44972991943359375,0.9813391690840925,0.5390777587890625,112.85228848821082,60.42742689667396,7.267915896782259,2430.2060546875,0.0,0.0,False,,-14.52245270451879,True,810.0
negative,/mnt/MammoDiffusion/MammoDiffusion/experiments/diffusers/04_sd21_lora/generated_images/final/negative/gen_1952.png,gen_1952.png,142.0,133.0,3.0,0.04852294921875,0.7255503144654089,0.0333099365234375,183.15231333027944,19.598183652618424,4.216853878655848,322.08184814453125,0.0,0.0,True,too_empty,,False,
negative,/mnt/MammoDiffusion/MammoDiffusion/experiments/diffusers/04_sd21_lora/generated_images/final/negative/gen_1953.png,gen_1953.png,101.7912,79.0,2.0,0.23298263549804688,0.8507245190339746,0.21856307983398438,157.7671000959944,46.546739665067975,5.803347695396196,711.9493408203125,0.0,0.0,False,,-60.700731749283584,False,
negative,/mnt/MammoDiffusion/MammoDiffusion/experiments/diffusers/04_sd21_lora/generated_images/final/negative/gen_1954.png,gen_1954.png,61.8956,48.0,1.0,0.5604820251464844,0.9968011325352045,0.575714111328125,126.97928703949113,52.40798236686097,6.559761749983263,1129.8848876953125,0.0,0.0,False,,-6.393686206852462,True,93.0
negative,/mnt/MammoDiffusion/MammoDiffusion/experiments/diffusers/04_sd21_lora/generated_images/final/negative/gen_1955.png,gen_1955.png,64.7912,42.0,2.0,0.4624481201171875,0.977538192496783,0.5377731323242188,114.64743144125868,53.887743734556224,6.718963318483702,666.3865356445312,0.0,0.0,False,,-12.898730120453221,True,734.0
negative,/mnt/MammoDiffusion/MammoDiffusion/experiments/diffusers/04_sd21_lora/generated_images/final/negative/gen_1956.png,gen_1956.png,196.0,193.0,2.0,0.0389862060546875,0.05949119373776908,0.002231597900390625,207.98290598290598,8.332802963617766,5.846478582609708,652.0333862304688,0.0,0.0,True,too_empty,,False,
negative,/mnt/MammoDiffusion/MammoDiffusion/experiments/diffusers/04_sd21_lora/generated_images/final/negative/gen_1957.png,gen_1957.png,143.6868,112.0,3.0,0.19516372680664062,0.8198041476906237,0.18407821655273438,175.36309190757436,28.386162576415295,5.901721046917125,919.6395263671875,0.0,0.0,False,,-73.52188323548562,False,
negative,/mnt/MammoDiffusion/MammoDiffusion/experiments/diffusers/04_sd21_lora/generated_images/final/negative/gen_1958.png,gen_1958.png,184.8956,171.0,1.0,0.0604248046875,0.7169823232323232,0.0425567626953125,204.47624596629618,15.94740454840539,5.498132817721134,714.123291015625,0.0,0.0,True,too_empty,,False,
negative,/mnt/MammoDiffusion/MammoDiffusion/experiments/diffusers/04_sd21_lora/generated_images/final/negative/gen_1959.png,gen_1959.png,83.6868,52.0,3.0,0.34066009521484375,0.9741327181922017,0.3943328857421875,136.2699667221298,55.40273300084417,6.570639990897657,1567.722412109375,0.0,0.0,False,,-14.68538332220351,True,817.0
negative,/mnt/MammoDiffusion/MammoDiffusion/experiments/diffusers/04_sd21_lora/generated_images/final/negative/gen_1960.png,gen_1960.png,89.6868,58.0,3.0,0.2794342041015625,0.780074264183913,0.23204803466796875,159.7661022521782,50.50682632303399,6.432134420056995,1131.6417236328125,0.0,0.0,False,,-88.75534893185011,False,
negative,/mnt/MammoDiffusion/MammoDiffusion/experiments/diffusers/04_sd21_lora/generated_images/final/negative/gen_1961.png,gen_1961.png,134.7912,112.0,2.0,0.09592056274414062,0.9917677470670113,0.09168624877929688,173.62051175369254,21.904923143058134,4.488207894133681,387.1499938964844,0.0,0.0,True,too_empty,,False,
negative,/mnt/MammoDiffusion/MammoDiffusion/experiments/diffusers/04_sd21_lora/generated_images/final/negative/gen_1962.png,gen_1962.png,96.8956,83.0,1.0,0.2949333190917969,0.9976977300653173,0.3014335632324219,151.29845986408333,39.886534535909064,5.348515707189136,454.9228210449219,0.0,0.0,False,,-3.805893413354464,True,5.0
negative,/mnt/MammoDiffusion/MammoDiffusion/experiments/diffusers/04_sd21_lora/generated_images/final/negative/gen_1963.png,gen_1963.png,70.7912,48.0,2.0,0.3936653137207031,0.954989001618264,0.4272041320800781,130.95245068712106,55.89480667828012,6.50334089443875,1280.1722412109375,0.0,0.0,False,,-21.665550773343362,True,1065.0
negative,/mnt/MammoDiffusion/MammoDiffusion/experiments/diffusers/04_sd21_lora/generated_images/final/negative/gen_1964.png,gen_1964.png,181.0,132.0,7.0,0.049224853515625,0.6699473031618103,0.032848358154296875,201.00464522122866,14.985441059807224,6.604930722226424,813.9022827148438,0.0,0.0,True,too_empty,,False,
negative,/mnt/MammoDiffusion/MammoDiffusion/experiments/diffusers/04_sd21_lora/generated_images/final/negative/gen_1965.png,gen_1965.png,104.7912,82.0,2.0,0.17287826538085938,0.8775568746000574,0.13462448120117188,171.48890652007594,44.83049231807414,5.620319084194303,923.0708618164062,0.0,0.0,False,,-51.36032245275623,False,
negative,/mnt/MammoDiffusion/MammoDiffusion/experiments/diffusers/04_sd21_lora/generated_images/final/negative/gen_1966.png,gen_1966.png,220.0,218.0,36.0,0.30904388427734375,0.8642209988397067,0.25972747802734375,253.42546191581235,13.595346059166964,6.561458458529133,1913.69189453125,0.0,0.0,False,,-60.20371379615814,False,
negative,/mnt/MammoDiffusion/MammoDiffusion/experiments/diffusers/04_sd21_lora/generated_images/final/negative/gen_1967.png,gen_1967.png,220.0,252.0,2.0,0.252655029296875,0.8716330474695011,0.21616744995117188,251.89244180916583,19.417201481095425,6.838682204007838,1742.3424072265625,0.0,0.0,False,,-57.352384853726704,False,
negative,/mnt/MammoDiffusion/MammoDiffusion/experiments/diffusers/04_sd21_lora/generated_images/final/negative/gen_1968.png,gen_1968.png,172.6868,141.0,3.0,0.0687713623046875,0.9547370756600844,0.060070037841796875,195.66825427065473,16.611892518024916,5.080536039848402,823.4133911132812,0.0,0.0,True,too_empty,,False,
negative,/mnt/MammoDiffusion/MammoDiffusion/experiments/diffusers/04_sd21_lora/generated_images/final/negative/gen_1969.png,gen_1969.png,220.0,212.0,42.0,0.20621109008789062,0.7451763878868601,0.15218734741210938,252.31282115553327,18.37947055170786,6.984470003748179,1743.9625244140625,0.0,0.0,True,fragmented_mask,,False,
negative,/mnt/MammoDiffusion/MammoDiffusion/experiments/diffusers/04_sd21_lora/generated_images/final/negative/gen_1970.png,gen_1970.png,34.7912,12.0,2.0,0.4177589416503906,0.9835453325176007,0.424407958984375,125.74330373193357,61.433628346691066,6.3280827578339,1616.884033203125,0.0,0.0,False,,-11.316244381162996,True,645.0
negative,/mnt/MammoDiffusion/MammoDiffusion/experiments/diffusers/04_sd21_lora/generated_images/final/negative/gen_1971.png,gen_1971.png,32.7912,10.0,2.0,0.3923072814941406,0.9935045361285868,0.407257080078125,115.57979580367179,63.029599597617704,6.348851937530136,1801.8265380859375,0.0,0.0,False,,-7.591822713498648,True,206.0
negative,/mnt/MammoDiffusion/MammoDiffusion/experiments/diffusers/04_sd21_lora/generated_images/final/negative/gen_1972.png,gen_1972.png,37.8956,24.0,1.0,0.5576362609863281,0.9873581381985347,0.5674629211425781,121.22074927566433,55.89803676002234,6.555212263006159,1345.1727294921875,0.0,0.0,False,,-10.289615942297669,True,562.0
negative,/mnt/MammoDiffusion/MammoDiffusion/experiments/diffusers/04_sd21_lora/generated_images/final/negative/gen_1973.png,gen_1973.png,95.6868,64.0,3.0,0.2163543701171875,0.9763735101206009,0.22565078735351562,164.2297093976637,49.91874599224944,6.017611830235096,1356.9046630859375,0.0,0.0,False,,-14.30876212715468,True,799.0
negative,/mnt/MammoDiffusion/MammoDiffusion/experiments/diffusers/04_sd21_lora/generated_images/final/negative/gen_1974.png,gen_1974.png,70.5824,30.0,4.0,0.41332244873046875,0.9823534840793724,0.4750213623046875,131.7570829719572,59.8850750539254,7.068977721426622,1938.887939453125,0.0,0.0,False,,-13.187419469232076,True,747.0
negative,/mnt/MammoDiffusion/MammoDiffusion/experiments/diffusers/04_sd21_lora/generated_images/final/negative/gen_1975.png,gen_1975.png,126.7912,104.0,2.0,0.1209716796875,0.9711150353178607,0.12229537963867188,166.51545587822451,33.511542184883574,4.545577934739464,420.399169921875,0.0,0.0,False,,-15.00562772525523,True,831.0
negative,/mnt/MammoDiffusion/MammoDiffusion/experiments/diffusers/04_sd21_lora/generated_images/final/negative/gen_1976.png,gen_1976.png,127.8956,114.0,1.0,0.055149078369140625,0.9724700836964792,0.05097198486328125,164.09564436461608,16.44322250715622,3.770964027156563,173.47874450683594,0.0,0.0,True,too_empty,,False,
negative,/mnt/MammoDiffusion/MammoDiffusion/experiments/diffusers/04_sd21_lora/generated_images/final/negative/gen_1977.png,gen_1977.png,148.6868,117.0,3.0,0.07485580444335938,0.9773734902920043,0.07030487060546875,182.00748779164405,17.533963579913827,4.391930869148846,382.8771667480469,0.0,0.0,True,too_empty,,False,
negative,/mnt/MammoDiffusion/MammoDiffusion/experiments/diffusers/04_sd21_lora/generated_images/final/negative/gen_1978.png,gen_1978.png,73.6868,42.0,3.0,0.34426116943359375,0.9892072778848924,0.37532806396484375,142.12041874174204,57.677103691678866,6.555017001178534,1645.7650146484375,0.0,0.0,False,,-9.29570095265569,True,459.0
negative,/mnt/MammoDiffusion/MammoDiffusion/experiments/diffusers/04_sd21_lora/generated_images/final/negative/gen_1979.png,gen_1979.png,121.0,116.0,0.0,0.22008514404296875,0.8888272610670087,0.20952987670898438,149.55131356163636,27.451064914984826,3.8331054837424787,122.11474609375,0.0,0.0,False,,-45.46102222365685,False,
negative,/mnt/MammoDiffusion/MammoDiffusion/experiments/diffusers/04_sd21_lora/generated_images/final/negative/gen_1980.png,gen_1980.png,102.8956,89.0,1.0,0.191802978515625,0.9864757358790772,0.19604110717773438,165.45455429939094,43.187364835986976,4.837062467902612,433.10845947265625,0.0,0.0,False,,-8.798037501723737,True,392.0
negative,/mnt/MammoDiffusion/MammoDiffusion/experiments/diffusers/04_sd21_lora/generated_images/final/negative/gen_1981.png,gen_1981.png,220.0,218.0,9.0,0.3263206481933594,0.9540815730100651,0.3583946228027344,225.06294770678332,23.704793857702963,7.145926480774076,2233.376708984375,0.0,0.0,False,,-25.31716665992463,True,1173.0
negative,/mnt/MammoDiffusion/MammoDiffusion/experiments/diffusers/04_sd21_lora/generated_images/final/negative/gen_1982.png,gen_1982.png,103.8956,90.0,1.0,0.2697181701660156,0.982122905027933,0.27407073974609375,159.78860340172034,36.58661159405156,5.242584994650789,468.92718505859375,0.0,0.0,False,,-10.045911198727506,True,539.0
negative,/mnt/MammoDiffusion/MammoDiffusion/experiments/diffusers/04_sd21_lora/generated_images/final/negative/gen_1983.png,gen_1983.png,131.8956,118.0,1.0,0.1246490478515625,0.9869323050556984,0.12326812744140625,161.04279878690352,21.931443967258634,3.5646856858036324,151.023681640625,0.0,0.0,False,,-9.379592642176187,True,467.0
negative,/mnt/MammoDiffusion/MammoDiffusion/experiments/diffusers/04_sd21_lora/generated_images/final/negative/gen_1984.png,gen_1984.png,118.6868,87.0,3.0,0.1508331298828125,0.5058927668184118,0.09019851684570312,145.2233453161345,55.11541150976463,5.864148442104828,1184.3468017578125,0.0,0.0,True,too_empty,,False,
negative,/mnt/MammoDiffusion/MammoDiffusion/experiments/diffusers/04_sd21_lora/generated_images/final/negative/gen_1985.png,gen_1985.png,135.0,119.0,2.0,0.049835205078125,0.9745866503368035,0.044567108154296875,177.6560814859197,22.90066176902055,4.071898104277998,262.6734619140625,0.0,0.0,True,too_empty,,False,
negative,/mnt/MammoDiffusion/MammoDiffusion/experiments/diffusers/04_sd21_lora/generated_images/final/negative/gen_1986.png,gen_1986.png,86.8956,73.0,1.0,0.31121826171875,0.9749215532457345,0.3476295471191406,134.00921770237795,47.51810690912554,5.605703801013436,661.6724243164062,0.0,0.0,False,,-12.18618689368405,True,697.0
negative,/mnt/MammoDiffusion/MammoDiffusion/experiments/diffusers/04_sd21_lora/generated_images/final/negative/gen_1987.png,gen_1987.png,124.5824,84.0,4.0,0.22611236572265625,0.9367682289030603,0.28141021728515625,162.05690660159956,51.297543252002036,6.515676710669852,1670.8892822265625,0.0,0.0,False,,-29.834842152516597,True,1284.0
negative,/mnt/MammoDiffusion/MammoDiffusion/experiments/diffusers/04_sd21_lora/generated_images/final/negative/gen_1988.png,gen_1988.png,116.0,106.0,3.0,0.047420501708984375,0.8122435845869198,0.0348358154296875,170.92947875602277,20.6008373890473,4.459913480129398,431.5232238769531,0.0,0.0,True,too_empty,,False,
negative,/mnt/MammoDiffusion/MammoDiffusion/experiments/diffusers/04_sd21_lora/generated_images/final/negative/gen_1989.png,gen_1989.png,220.0,252.0,1.0,0.3578948974609375,0.9015988062246856,0.3213653564453125,249.7575851099188,24.39035143633278,6.213752679794657,1869.1337890625,0.0,0.0,False,,-44.60590271109746,False,
negative,/mnt/MammoDiffusion/MammoDiffusion/experiments/diffusers/04_sd21_lora/generated_images/final/negative/gen_1990.png,gen_1990.png,32.7912,10.0,2.0,0.5691261291503906,0.9939206263028426,0.5962905883789062,107.72163082001612,62.67521639057769,6.974897436242017,1901.85009765625,0.0,0.0,False,,-9.215939215199597,True,452.0
negative,/mnt/MammoDiffusion/MammoDiffusion/experiments/diffusers/04_sd21_lora/generated_images/final/negative/gen_1991.png,gen_1991.png,122.47800000000001,73.0,5.0,0.23394012451171875,0.87197925838959,0.21266555786132812,179.41075176236345,43.86698187462983,6.678684855513163,1609.5830078125,0.0,0.0,False,,-54.844733880909246,False,
negative,/mnt/MammoDiffusion/MammoDiffusion/experiments/diffusers/04_sd21_lora/generated_images/final/negative/gen_1992.png,gen_1992.png,128.0,122.0,2.0,0.031864166259765625,0.5915240033520891,0.015987396240234375,185.98854688618468,24.55507908584459,3.5581939438586723,179.7259063720703,0.0,0.0,True,too_empty,,False,
negative,/mnt/MammoDiffusion/MammoDiffusion/experiments/diffusers/04_sd21_lora/generated_images/final/negative/gen_1993.png,gen_1993.png,80.5824,40.0,4.0,0.2940788269042969,0.9305496102009314,0.35009765625,136.20670981520223,60.9907743744607,6.59765396975315,1901.823974609375,0.0,0.0,False,,-32.173826732482134,True,1351.0
negative,/mnt/MammoDiffusion/MammoDiffusion/experiments/diffusers/04_sd21_lora/generated_images/final/negative/gen_1994.png,gen_1994.png,34.8956,21.0,1.0,0.7312850952148438,0.9973187551512243,0.7370834350585938,108.013880406993,56.123333414394814,6.899161024520362,1064.76025390625,0.0,0.0,False,,-7.354247363371739,True,183.0
negative,/mnt/MammoDiffusion/MammoDiffusion/experiments/diffusers/04_sd21_lora/generated_images/final/negative/gen_1995.png,gen_1995.png,179.478,130.0,5.0,0.0629119873046875,0.7427843803056027,0.0495758056640625,200.05063096337335,17.057275658199842,6.770957201762805,862.5829467773438,0.0,0.0,True,too_empty,,False,
negative,/mnt/MammoDiffusion/MammoDiffusion/experiments/diffusers/04_sd21_lora/generated_images/final/negative/gen_1996.png,gen_1996.png,206.0,184.0,18.0,0.04358673095703125,0.2313145457727989,0.0094757080078125,216.8095813204509,8.501277065298574,7.094113046869944,1291.4691162109375,0.0,0.0,True,too_empty,,False,
negative,/mnt/MammoDiffusion/MammoDiffusion/experiments/diffusers/04_sd21_lora/generated_images/final/negative/gen_1997.png,gen_1997.png,14.8956,1.0,1.0,0.8950843811035156,0.9956614572900729,0.8904495239257812,105.08288708198744,56.463136811863265,7.547977041473547,1457.669189453125,0.0,0.0,False,,-10.056387155914368,True,542.0
negative,/mnt/MammoDiffusion/MammoDiffusion/experiments/diffusers/04_sd21_lora/generated_images/final/negative/gen_1998.png,gen_1998.png,104.5824,64.0,4.0,0.21797943115234375,0.8806832102481538,0.2625236511230469,142.00780307763844,55.02747891308595,6.49587909850155,1739.2489013671875,0.0,0.0,False,,-51.16580007524655,False,
negative,/mnt/MammoDiffusion/MammoDiffusion/experiments/diffusers/04_sd21_lora/generated_images/final/negative/gen_1999.png,gen_1999.png,92.5824,52.0,4.0,0.4227409362792969,0.9290645105983631,0.455718994140625,136.92175885622447,49.086966013102725,7.184489085630232,1203.1177978515625,0.0,0.0,False,,-31.908013168663942,True,1341.0
negative,/mnt/MammoDiffusion/MammoDiffusion/experiments/diffusers/04_sd21_lora/generated_images/final/negative/gen_2000.png,gen_2000.png,72.5824,32.0,4.0,0.3864898681640625,0.9927158592917209,0.3984031677246094,142.1585327320254,51.97016156543289,6.896631705978693,1795.9158935546875,0.0,0.0,False,,-8.159389849912133,True,299.0
negative,/mnt/MammoDiffusion/MammoDiffusion/experiments/diffusers/04_sd21_lora/generated_images/final/negative/gen_2001.png,gen_2001.png,120.7912,98.0,2.0,0.15312957763671875,0.8634348064371481,0.17223358154296875,149.11131782945736,41.14738507199851,5.201207780856068,695.567626953125,0.0,0.0,False,,-55.21651960073498,False,
negative,/mnt/MammoDiffusion/MammoDiffusion/experiments/diffusers/04_sd21_lora/generated_images/final/negative/gen_2002.png,gen_2002.png,160.6868,129.0,3.0,0.08589553833007812,0.7405071723586624,0.0781707763671875,177.7803045090767,23.514487884896933,6.743953387562394,947.33447265625,0.0,0.0,True,too_empty,,False,
negative,/mnt/MammoDiffusion/MammoDiffusion/experiments/diffusers/04_sd21_lora/generated_images/final/negative/gen_2003.png,gen_2003.png,99.6868,68.0,3.0,0.2825813293457031,0.9029388339160603,0.29460906982421875,154.83494755923863,54.21657394930718,6.444997763044437,1389.6307373046875,0.0,0.0,False,,-42.17893736436014,False,
negative,/mnt/MammoDiffusion/MammoDiffusion/experiments/diffusers/04_sd21_lora/generated_images/final/negative/gen_2004.png,gen_2004.png,113.7912,91.0,2.0,0.119049072265625,0.9654575749807741,0.11412429809570312,165.5747902530334,33.616112942012016,4.755562846407386,618.0811767578125,0.0,0.0,False,,-17.100635553614644,True,917.0
negative,/mnt/MammoDiffusion/MammoDiffusion/experiments/diffusers/04_sd21_lora/generated_images/final/negative/gen_2005.png,gen_2005.png,123.47800000000001,74.0,5.0,0.19676971435546875,0.9080299329223372,0.20353317260742188,174.74900196795053,45.814075585740355,6.480728797162639,1629.2943115234375,0.0,0.0,False,,-41.10854346002174,False,
negative,/mnt/MammoDiffusion/MammoDiffusion/experiments/diffusers/04_sd21_lora/generated_images/final/negative/gen_2006.png,gen_2006.png,136.6868,105.0,3.0,0.15670013427734375,0.9125809435707678,0.1718292236328125,173.4937172542403,44.73849194916808,5.517573617525864,941.9955444335938,0.0,0.0,False,,-37.78783865584343,False,
negative,/mnt/MammoDiffusion/MammoDiffusion/experiments/diffusers/04_sd21_lora/generated_images/final/negative/gen_2007.png,gen_2007.png,64.6868,33.0,3.0,0.4575462341308594,0.9722034633117398,0.5294532775878906,118.52228858804118,57.54258348886016,7.117053617217019,1906.3868408203125,0.0,0.0,False,,-17.04519691703056,True,914.0
negative,/mnt/MammoDiffusion/MammoDiffusion/experiments/diffusers/04_sd21_lora/generated_images/final/negative/gen_2008.png,gen_2008.png,82.8956,69.0,1.0,0.24127197265625,0.9358873007842146,0.242462158203125,152.13167086217746,54.59828595803725,5.355964389243294,1015.75146484375,0.0,0.0,False,,-28.583521318462196,True,1256.0
negative,/mnt/MammoDiffusion/MammoDiffusion/experiments/diffusers/04_sd21_lora/generated_images/final/negative/gen_2009.png,gen_2009.png,105.7912,83.0,2.0,0.14706802368164062,0.6394054937358961,0.10311508178710938,163.79327438866486,42.69178538927792,5.20273708643422,891.5289306640625,0.0,0.0,True,too_empty,,False,
negative,/mnt/MammoDiffusion/MammoDiffusion/experiments/diffusers/04_sd21_lora/generated_images/final/negative/gen_2010.png,gen_2010.png,131.7912,109.0,2.0,0.10559463500976562,0.7894945991835555,0.08545303344726562,174.1889647783581,36.13210235624007,4.59720552651908,467.7088928222656,0.0,0.0,True,too_empty,,False,
negative,/mnt/MammoDiffusion/MammoDiffusion/experiments/diffusers/04_sd21_lora/generated_images/final/negative/gen_2011.png,gen_2011.png,27.0,22.0,0.0,0.5788688659667969,0.9879931728469097,0.5787200927734375,113.49717879083502,61.077256605912304,6.229684901558624,1125.3897705078125,0.0,0.0,False,,-9.7001402622974,True,504.0
negative,/mnt/MammoDiffusion/MammoDiffusion/experiments/diffusers/04_sd21_lora/generated_images/final/negative/gen_2012.png,gen_2012.png,37.6868,6.0,3.0,0.7089042663574219,0.9896790163316921,0.7272758483886719,105.46930254758695,56.70488427463117,7.476540472481431,2010.674560546875,0.0,0.0,False,,-11.918202441510221,True,687.0
negative,/mnt/MammoDiffusion/MammoDiffusion/experiments/diffusers/04_sd21_lora/generated_images/final/negative/gen_2013.png,gen_2013.png,220.0,235.0,1.0,0.38813018798828125,0.9577477247262791,0.3572845458984375,234.63062139654068,19.80329840117635,6.317692098325316,1289.623291015625,0.0,0.0,False,,-22.357387035982697,True,1087.0
negative,/mnt/MammoDiffusion/MammoDiffusion/experiments/diffusers/04_sd21_lora/generated_images/final/negative/gen_2014.png,gen_2014.png,94.5824,54.0,4.0,0.32949066162109375,0.9409660314446477,0.3498344421386719,150.7682401561495,52.29177423721417,6.842676640886461,1517.14599609375,0.0,0.0,False,,-27.707765115542994,True,1229.0
negative,/mnt/MammoDiffusion/MammoDiffusion/experiments/diffusers/04_sd21_lora/generated_images/final/negative/gen_2015.png,gen_2015.png,36.8956,23.0,1.0,0.5756454467773438,0.9958317318524605,0.602783203125,110.58661148238153,62.49464631967469,6.271183312352871,1286.9486083984375,0.0,0.0,False,,-7.163055205549959,True,161.0
negative,/mnt/MammoDiffusion/MammoDiffusion/experiments/diffusers/04_sd21_lora/generated_images/final/negative/gen_2016.png,gen_2016.png,128.7912,106.0,2.0,0.15567398071289062,0.9189884584282879,0.14920425415039062,180.8304655741058,38.042656986599994,5.461310841797044,608.5416870117188,0.0,0.0,False,,-35.136411813864214,False,
negative,/mnt/MammoDiffusion/MammoDiffusion/experiments/diffusers/04_sd21_lora/generated_images/final/negative/gen_2017.png,gen_2017.png,195.0,132.0,7.0,0.049236297607421875,0.3371038971100953,0.030422210693359375,214.3784326018809,17.237270585269105,7.1973324027544425,1243.465576171875,0.0,0.0,True,too_empty,,False,
negative,/mnt/MammoDiffusion/MammoDiffusion/experiments/diffusers/04_sd21_lora/generated_images/final/negative/gen_2018.png,gen_2018.png,101.5824,61.0,4.0,0.23491287231445312,0.8684009678309869,0.21929931640625,164.33123434455885,52.34510246641785,6.323132296257178,1290.3056640625,0.0,0.0,False,,-55.62384234928035,False,
negative,/mnt/MammoDiffusion/MammoDiffusion/experiments/diffusers/04_sd21_lora/generated_images/final/negative/gen_2019.png,gen_2019.png,123.5824,83.0,4.0,0.21203994750976562,0.6797697220473149,0.14359283447265625,179.06723872270337,35.86711360628599,6.457207434682966,1189.2236328125,0.0,0.0,True,fragmented_mask,,False,
negative,/mnt/MammoDiffusion/MammoDiffusion/experiments/diffusers/04_sd21_lora/generated_images/final/negative/gen_2020.png,gen_2020.png,43.7912,21.0,2.0,0.4155426025390625,0.9610399148092388,0.4364509582519531,124.4554290159335,64.76227358789167,6.434317709461849,1727.19921875,0.0,0.0,False,,-20.32998873456396,True,1023.0
negative,/mnt/MammoDiffusion/MammoDiffusion/experiments/diffusers/04_sd21_lora/generated_images/final/negative/gen_2021.png,gen_2021.png,220.0,128.0,62.0,0.11043930053710938,0.746779040447653,0.07903289794921875,253.88464137465007,4.7201554428271635,7.032413809598362,818.5830688476562,0.0,0.0,True,too_empty,,False,
negative,/mnt/MammoDiffusion/MammoDiffusion/experiments/diffusers/04_sd21_lora/generated_images/final/negative/gen_2022.png,gen_2022.png,161.8956,148.0,1.0,0.051548004150390625,0.39221490416635835,0.018337249755859375,207.53650925733305,29.912838302023278,6.196622898272202,555.2289428710938,0.0,0.0,True,too_empty,,False,
negative,/mnt/MammoDiffusion/MammoDiffusion/experiments/diffusers/04_sd21_lora/generated_images/final/negative/gen_2023.png,gen_2023.png,53.6868,22.0,3.0,0.3559684753417969,0.9759309864437657,0.375701904296875,131.6481601819511,58.893134816835705,6.553129716626033,1743.756591796875,0.0,0.0,False,,-14.340651499511697,True,801.0
negative,/mnt/MammoDiffusion/MammoDiffusion/experiments/diffusers/04_sd21_lora/generated_images/final/negative/gen_2024.png,gen_2024.png,220.0,103.0,74.0,0.09830093383789062,0.630292211572044,0.05947113037109375,254.716805644644,3.442505845907689,7.086909513752154,1127.579833984375,0.0,0.0,True,too_empty,,False,
negative,/mnt/MammoDiffusion/MammoDiffusion/experiments/diffusers/04_sd21_lora/generated_images/final/negative/gen_2025.png,gen_2025.png,64.8956,51.0,1.0,0.8091888427734375,0.9941685052139315,0.8448066711425781,123.23825865502278,43.35180287938287,7.338263736219954,761.9528198242188,0.0,0.0,False,,-8.827126851389547,True,399.0
negative,/mnt/MammoDiffusion/MammoDiffusion/experiments/diffusers/04_sd21_lora/generated_images/final/negative/gen_2026.png,gen_2026.png,101.6868,70.0,3.0,0.3402214050292969,0.8887954522520098,0.30999755859375,157.76197332151997,47.26415460700823,6.815410773647708,933.3367309570312,0.0,0.0,False,,-46.82681197818452,False,
negative,/mnt/MammoDiffusion/MammoDiffusion/experiments/diffusers/04_sd21_lora/generated_images/final/negative/gen_2027.png,gen_2027.png,129.0,123.0,1.0,0.04694366455078125,0.588330895498131,0.025424957275390625,177.72288072018006,15.51787276650138,3.641660669214366,145.44227600097656,0.0,0.0,True,too_empty,,False,
negative,/mnt/MammoDiffusion/MammoDiffusion/experiments/diffusers/04_sd21_lora/generated_images/final/negative/gen_2028.png,gen_2028.png,51.6868,20.0,3.0,0.503021240234375,0.9805102226536432,0.5724716186523438,106.43195175584727,58.82320249418102,7.077157976077734,1433.603759765625,0.0,0.0,False,,-13.378562138758864,True,758.0
negative,/mnt/MammoDiffusion/MammoDiffusion/experiments/diffusers/04_sd21_lora/generated_images/final/negative/gen_2029.png,gen_2029.png,76.7912,54.0,2.0,0.2967567443847656,0.9951538056123301,0.3326377868652344,138.6573584559456,55.6476747640672,5.853039835821992,928.4205932617188,0.0,0.0,False,,-5.6107501312469426,True,37.0
negative,/mnt/MammoDiffusion/MammoDiffusion/experiments/diffusers/04_sd21_lora/generated_images/final/negative/gen_2030.png,gen_2030.png,110.6868,79.0,3.0,0.14461898803710938,0.938566642926855,0.15670013427734375,164.5924825940893,51.25022984980504,5.59661229334802,1110.0330810546875,0.0,0.0,False,,-28.513756208858815,True,1255.0
negative,/mnt/MammoDiffusion/MammoDiffusion/experiments/diffusers/04_sd21_lora/generated_images/final/negative/gen_2031.png,gen_2031.png,108.8956,95.0,1.0,0.45925140380859375,0.9959382008472465,0.4747200012207031,152.24830246293544,34.30944558867831,5.631934029534713,333.38818359375,0.0,0.0,False,,-5.147728756105179,True,26.0
negative,/mnt/MammoDiffusion/MammoDiffusion/experiments/diffusers/04_sd21_lora/generated_images/final/negative/gen_2032.png,gen_2032.png,107.8956,94.0,1.0,0.22996902465820312,0.952492328108153,0.2435455322265625,154.039408558361,39.82485361843803,4.891666509865754,341.8305358886719,0.0,0.0,False,,-21.157969337133554,True,1049.0
negative,/mnt/MammoDiffusion/MammoDiffusion/experiments/diffusers/04_sd21_lora/generated_images/final/negative/gen_2033.png,gen_2033.png,80.7912,58.0,2.0,0.398223876953125,0.9531860678979233,0.461822509765625,138.06113295447037,57.41229743824126,6.500737052192878,1181.7947998046875,0.0,0.0,False,,-22.657188858184604,True,1096.0
negative,/mnt/MammoDiffusion/MammoDiffusion/experiments/diffusers/04_sd21_lora/generated_images/final/negative/gen_2034.png,gen_2034.png,71.8956,58.0,1.0,0.386444091796875,0.992290531469636,0.40299224853515625,129.55142840915545,51.0035565690755,5.876916115345268,1099.7891845703125,0.0,0.0,False,,-6.290561911347363,True,83.0
negative,/mnt/MammoDiffusion/MammoDiffusion/experiments/diffusers/04_sd21_lora/generated_images/final/negative/gen_2035.png,gen_2035.png,109.6868,78.0,3.0,0.17312240600585938,0.43893087720071394,0.149383544921875,171.64948927477016,46.57298984705413,5.843478043881243,1122.468994140625,0.0,0.0,True,fragmented_mask,,False,
negative,/mnt/MammoDiffusion/MammoDiffusion/experiments/diffusers/04_sd21_lora/generated_images/final/negative/gen_2036.png,gen_2036.png,129.7912,107.0,2.0,0.12437057495117188,0.5614207281538509,0.06984710693359375,171.93817586018568,26.567577155806855,5.360739512618229,396.6405334472656,0.0,0.0,True,too_empty,,False,
negative,/mnt/MammoDiffusion/MammoDiffusion/experiments/diffusers/04_sd21_lora/generated_images/final/negative/gen_2037.png,gen_2037.png,112.7912,90.0,2.0,0.12134552001953125,0.9513674944985854,0.12092971801757812,160.48806031355477,38.65886728354793,5.041058941082198,572.0025634765625,0.0,0.0,False,,-22.343252041789036,True,1086.0
negative,/mnt/MammoDiffusion/MammoDiffusion/experiments/diffusers/04_sd21_lora/generated_images/final/negative/gen_2038.png,gen_2038.png,40.6868,9.0,3.0,0.4924507141113281,0.994833182279442,0.4912757873535156,131.6061808440424,53.88858589024115,6.99393237996291,1907.35205078125,0.0,0.0,False,,-8.131128786978621,True,295.0
negative,/mnt/MammoDiffusion/MammoDiffusion/experiments/diffusers/04_sd21_lora/generated_images/final/negative/gen_2039.png,gen_2039.png,123.6868,92.0,3.0,0.17628097534179688,0.45067191794161565,0.14924240112304688,180.49597423510468,49.976407315262705,5.895343207627682,1053.6376953125,0.0,0.0,True,fragmented_mask,,False,
negative,/mnt/MammoDiffusion/MammoDiffusion/experiments/diffusers/04_sd21_lora/generated_images/final/negative/gen_2040.png,gen_2040.png,70.7912,48.0,2.0,0.49275970458984375,0.9934661774041216,0.5483665466308594,129.12040264067727,53.95506503504575,6.798358624150499,1263.143310546875,0.0,0.0,False,,-7.97427088085377,True,269.0
negative,/mnt/MammoDiffusion/MammoDiffusion/experiments/diffusers/04_sd21_lora/generated_images/final/negative/gen_2041.png,gen_2041.png,104.8956,91.0,1.0,0.24422836303710938,0.8773565749808663,0.26409149169921875,149.52536472627474,50.55713334339178,5.635745263136821,781.6024169921875,0.0,0.0,False,,-50.309401624872066,False,
negative,/mnt/MammoDiffusion/MammoDiffusion/experiments/diffusers/04_sd21_lora/generated_images/final/negative/gen_2042.png,gen_2042.png,195.0,189.0,3.0,0.048633575439453125,0.47603733626166755,0.02326202392578125,208.4489996720236,13.360792042549857,6.439660989003862,1345.6627197265625,0.0,0.0,True,too_empty,,False,
negative,/mnt/MammoDiffusion/MammoDiffusion/experiments/diffusers/04_sd21_lora/generated_images/final/negative/gen_2043.png,gen_2043.png,53.5824,13.0,4.0,0.5186233520507812,0.987297174044162,0.5352859497070312,130.51878536508886,53.04885838133736,7.238373985075118,1932.2960205078125,0.0,0.0,False,,-11.46356313918115,True,654.0
negative,/mnt/MammoDiffusion/MammoDiffusion/experiments/diffusers/04_sd21_lora/generated_images/final/negative/gen_2044.png,gen_2044.png,188.0,169.0,10.0,0.049884796142578125,0.5217557543779154,0.025012969970703125,209.792435565045,12.46791523451118,7.044628762148299,1451.579345703125,0.0,0.0,True,too_empty,,False,
negative,/mnt/MammoDiffusion/MammoDiffusion/experiments/diffusers/04_sd21_lora/generated_images/final/negative/gen_2045.png,gen_2045.png,51.5824,11.0,4.0,0.4408760070800781,0.9682624834520174,0.5752067565917969,102.09261408476858,63.437960593630834,7.282805578932715,2775.14990234375,0.0,0.0,False,,-20.171726710646325,True,1015.0
negative,/mnt/MammoDiffusion/MammoDiffusion/experiments/diffusers/04_sd21_lora/generated_images/final/negative/gen_2046.png,gen_2046.png,122.7912,100.0,2.0,0.13204574584960938,0.41612017911310123,0.054534912109375,161.2158645775042,35.609289987725084,5.3837229817553105,663.7184448242188,0.0,0.0,True,too_empty,,False,
negative,/mnt/MammoDiffusion/MammoDiffusion/experiments/diffusers/04_sd21_lora/generated_images/final/negative/gen_2047.png,gen_2047.png,81.7912,59.0,2.0,0.21155548095703125,0.9463738324497818,0.24349594116210938,139.44949945951026,59.598736425800176,5.689975725524777,1138.773193359375,0.0,0.0,False,,-25.0897060848463,True,1169.0
negative,/mnt/MammoDiffusion/MammoDiffusion/experiments/diffusers/04_sd21_lora/generated_images/final/negative/gen_2048.png,gen_2048.png,134.0,129.0,1.0,0.047214508056640625,0.769653389351216,0.03307342529296875,189.81176470588235,27.935930983372074,3.669514224630863,173.37103271484375,0.0,0.0,True,too_empty,,False,
negative,/mnt/MammoDiffusion/MammoDiffusion/experiments/diffusers/04_sd21_lora/generated_images/final/negative/gen_2049.png,gen_2049.png,49.6868,18.0,3.0,0.6356925964355469,0.9966335219601183,0.6448631286621094,124.07025265162943,52.03617783269998,7.361542561391496,1486.2645263671875,0.0,0.0,False,,-8.005028050388548,True,276.0
negative,/mnt/MammoDiffusion/MammoDiffusion/experiments/diffusers/04_sd21_lora/generated_images/final/negative/gen_2050.png,gen_2050.png,19.8956,6.0,1.0,0.7760734558105469,0.9984860624351785,0.7775230407714844,105.88187790386758,56.130889571749975,7.3932424941214006,1403.248046875,0.0,0.0,False,,-8.015024075463428,True,277.0
negative,/mnt/MammoDiffusion/MammoDiffusion/experiments/diffusers/04_sd21_lora/generated_images/final/negative/gen_2051.png,gen_2051.png,220.0,254.0,1.0,0.2496795654296875,0.8810120393570862,0.2164306640625,253.24150451212634,16.205474437391686,6.57942825863443,1614.6573486328125,0.0,0.0,False,,-53.5992875708323,False,
negative,/mnt/MammoDiffusion/MammoDiffusion/experiments/diffusers/04_sd21_lora/generated_images/final/negative/gen_2052.png,gen_2052.png,63.6868,32.0,3.0,0.4999656677246094,0.9940028841091689,0.5039482116699219,139.8248011081926,48.5575598383133,6.967544630999127,1324.2259521484375,0.0,0.0,False,,-7.592805410739656,True,207.0
negative,/mnt/MammoDiffusion/MammoDiffusion/experiments/diffusers/04_sd21_lora/generated_images/final/negative/gen_2053.png,gen_2053.png,102.7912,80.0,2.0,0.19077682495117188,0.8652096538761472,0.21073150634765625,156.36647840411283,52.49874992601953,5.589827217384201,926.3021240234375,0.0,0.0,False,,-55.65675095499951,False,
negative,/mnt/MammoDiffusion/MammoDiffusion/experiments/diffusers/04_sd21_lora/generated_images/final/negative/gen_2054.png,gen_2054.png,86.6868,55.0,3.0,0.40959930419921875,0.9944772477508521,0.43396759033203125,145.42417503208452,44.99321362870013,6.61250582632234,717.376220703125,0.0,0.0,False,,-5.740623457508875,True,45.0
negative,/mnt/MammoDiffusion/MammoDiffusion/experiments/diffusers/04_sd21_lora/generated_images/final/negative/gen_2055.png,gen_2055.png,98.8956,85.0,1.0,0.28427886962890625,0.9247336357048925,0.2601203918457031,144.7671765240728,47.188514745595604,5.882518111512193,859.9489135742188,0.0,0.0,False,,-32.40729372203414,True,1356.0
negative,/mnt/MammoDiffusion/MammoDiffusion/experiments/diffusers/04_sd21_lora/generated_images/final/negative/gen_2056.png,gen_2056.png,86.6868,55.0,3.0,0.14271926879882812,0.9208029294630209,0.16977691650390625,138.59886307464163,62.23316860108393,5.44630349485649,1018.376953125,0.0,0.0,False,,-35.05084929163038,False,
negative,/mnt/MammoDiffusion/MammoDiffusion/experiments/diffusers/04_sd21_lora/generated_images/final/negative/gen_2057.png,gen_2057.png,122.6868,91.0,3.0,0.15267181396484375,0.8058567787716756,0.1320343017578125,170.5650930313186,36.25803662269998,5.81607939856519,841.7916870117188,0.0,0.0,False,,-78.48181501405894,False,
negative,/mnt/MammoDiffusion/MammoDiffusion/experiments/diffusers/04_sd21_lora/generated_images/final/negative/gen_2058.png,gen_2058.png,65.5824,25.0,4.0,0.5113906860351562,0.9921974070924525,0.558624267578125,131.58139852499318,56.69153318908409,7.310762093968359,1963.7799072265625,0.0,0.0,False,,-10.07952803395547,True,545.0
negative,/mnt/MammoDiffusion/MammoDiffusion/experiments/diffusers/04_sd21_lora/generated_images/final/negative/gen_2059.png,gen_2059.png,220.0,245.0,5.0,0.4451408386230469,0.9575631368314609,0.42118072509765625,248.3961778824382,17.182665248125254,5.921029437932935,2249.92431640625,0.0,0.0,False,,-23.794388581032806,True,1133.0
negative,/mnt/MammoDiffusion/MammoDiffusion/experiments/diffusers/04_sd21_lora/generated_images/final/negative/gen_2060.png,gen_2060.png,214.0,169.0,34.0,0.0438079833984375,0.19043887147335423,0.007289886474609375,225.50235478806908,12.313618098971245,7.266557602291221,2153.59765625,0.0,0.0,True,too_empty,,False,
negative,/mnt/MammoDiffusion/MammoDiffusion/experiments/diffusers/04_sd21_lora/generated_images/final/negative/gen_2061.png,gen_2061.png,60.7912,38.0,2.0,0.39630889892578125,0.9929252093560497,0.45298004150390625,119.63750357906792,60.93430286523856,6.436159346130314,1418.3487548828125,0.0,0.0,False,,-7.643718345576348,True,212.0
negative,/mnt/MammoDiffusion/MammoDiffusion/experiments/diffusers/04_sd21_lora/generated_images/final/negative/gen_2062.png,gen_2062.png,52.5824,12.0,4.0,0.5514793395996094,0.9949850242448138,0.5625648498535156,135.8697795528673,53.016380272331446,7.376223364037339,1900.049560546875,0.0,0.0,False,,-8.896840073800428,True,405.0
negative,/mnt/MammoDiffusion/MammoDiffusion/experiments/diffusers/04_sd21_lora/generated_images/final/negative/gen_2063.png,gen_2063.png,109.47800000000001,60.0,5.0,0.19308853149414062,0.7929944485054429,0.176483154296875,168.90934636002075,49.92284982456905,6.609269882109226,2278.52685546875,0.0,0.0,False,,-86.03007880580788,False,
negative,/mnt/MammoDiffusion/MammoDiffusion/experiments/diffusers/04_sd21_lora/generated_images/final/negative/gen_2064.png,gen_2064.png,120.7912,98.0,2.0,0.2649345397949219,0.9342270089703532,0.2845420837402344,164.26256518882974,42.63951738216457,5.931504432488066,633.030517578125,0.0,0.0,False,,-28.636674912290953,True,1258.0
negative,/mnt/MammoDiffusion/MammoDiffusion/experiments/diffusers/04_sd21_lora/generated_images/final/negative/gen_2065.png,gen_2065.png,189.8956,176.0,1.0,0.06620407104492188,0.5937193892250072,0.037868499755859375,214.55122393472348,13.675209436818417,6.714689989708013,1352.143310546875,0.0,0.0,True,too_empty,,False,
negative,/mnt/MammoDiffusion/MammoDiffusion/experiments/diffusers/04_sd21_lora/generated_images/final/negative/gen_2066.png,gen_2066.png,69.5824,29.0,4.0,0.5007362365722656,0.9871405172742163,0.548980712890625,128.1953207515704,51.29245797917905,7.235406053275819,1784.164794921875,0.0,0.0,False,,-11.280939072028687,True,639.0
negative,/mnt/MammoDiffusion/MammoDiffusion/experiments/diffusers/04_sd21_lora/generated_images/final/negative/gen_2067.png,gen_2067.png,153.5824,113.0,4.0,0.12919235229492188,0.8999320872826054,0.12351226806640625,182.47275928099327,29.718521402517666,5.819663676479906,889.9669189453125,0.0,0.0,False,,-43.47111140181885,False,
negative,/mnt/MammoDiffusion/MammoDiffusion/experiments/diffusers/04_sd21_lora/generated_images/final/negative/gen_2068.png,gen_2068.png,134.0,132.0,1.0,0.03630828857421875,0.46039083841143097,0.00760650634765625,181.04162487462386,20.479624450183767,2.5204700096861274,43.34687042236328,0.0,0.0,True,too_empty,,False,
negative,/mnt/MammoDiffusion/MammoDiffusion/experiments/diffusers/04_sd21_lora/generated_images/final/negative/gen_2069.png,gen_2069.png,110.6868,79.0,3.0,0.24847793579101562,0.9677756114036569,0.2738838195800781,150.96224076214884,40.70861061031535,6.042375470992737,760.2005004882812,0.0,0.0,False,,-15.745460464240159,True,872.0
negative,/mnt/MammoDiffusion/MammoDiffusion/experiments/diffusers/04_sd21_lora/generated_images/final/negative/gen_2070.png,gen_2070.png,179.8956,166.0,1.0,0.07826614379882812,0.6295754739971731,0.048946380615234375,209.35562310030394,16.97969990927134,5.488875389716455,345.34326171875,0.0,0.0,True,too_empty,,False,
negative,/mnt/MammoDiffusion/MammoDiffusion/experiments/diffusers/04_sd21_lora/generated_images/final/negative/gen_2071.png,gen_2071.png,55.8956,42.0,1.0,0.3481903076171875,0.9568123055348613,0.4125823974609375,106.61311439032508,59.66887013348472,5.998820257594462,1160.2386474609375,0.0,0.0,False,,-20.06381716516331,True,1010.0
negative,/mnt/MammoDiffusion/MammoDiffusion/experiments/diffusers/04_sd21_lora/generated_images/final/negative/gen_2072.png,gen_2072.png,220.0,195.0,38.0,0.37415313720703125,0.9665687893803144,0.361572265625,232.21285238014855,21.29130233269601,6.938597278208097,2205.95361328125,0.0,0.0,False,,-20.601095293679293,True,1033.0
negative,/mnt/MammoDiffusion/MammoDiffusion/experiments/diffusers/04_sd21_lora/generated_images/final/negative/gen_2073.png,gen_2073.png,71.7912,49.0,2.0,0.351776123046875,0.984742344061768,0.385345458984375,128.05843628732083,53.23194992761493,6.156764706355364,1181.9117431640625,0.0,0.0,False,,-9.482867603509288,True,480.0
negative,/mnt/MammoDiffusion/MammoDiffusion/experiments/diffusers/04_sd21_lora/generated_images/final/negative/gen_2074.png,gen_2074.png,125.6868,94.0,3.0,0.16612625122070312,0.9010539851661347,0.13492202758789062,167.29545647318272,32.52396097560861,5.667490218135754,713.466552734375,0.0,0.0,False,,-42.18746358275905,False,
negative,/mnt/MammoDiffusion/MammoDiffusion/experiments/diffusers/04_sd21_lora/generated_images/final/negative/gen_2075.png,gen_2075.png,100.7912,78.0,2.0,0.2641143798828125,0.9679935293777804,0.3137474060058594,137.11155422082265,43.42618416357063,5.834461990132844,851.6063232421875,0.0,0.0,False,,-15.241693854534063,True,848.0
negative,/mnt/MammoDiffusion/MammoDiffusion/experiments/diffusers/04_sd21_lora/generated_images/final/negative/gen_2076.png,gen_2076.png,142.6868,111.0,3.0,0.1294708251953125,0.8543606364172068,0.1118621826171875,170.33470877097258,26.90912871762537,5.494356796178439,614.0170288085938,0.0,0.0,False,,-60.34647143098983,False,
negative,/mnt/MammoDiffusion/MammoDiffusion/experiments/diffusers/04_sd21_lora/generated_images/final/negative/gen_2077.png,gen_2077.png,136.6868,105.0,3.0,0.08330917358398438,0.9918036540134622,0.0785675048828125,192.27369392114974,22.760321798405833,5.050987949146041,853.7171020507812,0.0,0.0,True,too_empty,,False,
negative,/mnt/MammoDiffusion/MammoDiffusion/experiments/diffusers/04_sd21_lora/generated_images/final/negative/gen_2078.png,gen_2078.png,117.47800000000001,68.0,5.0,0.27768707275390625,0.8150534384702036,0.24362945556640625,175.75622396893496,42.2728749297568,6.7926120493898985,1451.7674560546875,0.0,0.0,False,,-75.97278235790175,False,
negative,/mnt/MammoDiffusion/MammoDiffusion/experiments/diffusers/04_sd21_lora/generated_images/final/negative/gen_2079.png,gen_2079.png,47.6868,16.0,3.0,0.4869537353515625,0.9864005264312349,0.49675750732421875,122.24818387062093,55.28149726562581,6.867622451842269,1933.06787109375,0.0,0.0,False,,-11.205524991323381,True,635.0
negative,/mnt/MammoDiffusion/MammoDiffusion/experiments/diffusers/04_sd21_lora/generated_images/final/negative/gen_2080.png,gen_2080.png,65.5824,25.0,4.0,0.30039215087890625,0.9481878444619409,0.3350028991699219,139.67643676197633,67.31086830064469,6.735337242013173,2264.111083984375,0.0,0.0,False,,-26.581628882869992,True,1204.0
negative,/mnt/MammoDiffusion/MammoDiffusion/experiments/diffusers/04_sd21_lora/generated_images/final/negative/gen_2081.png,gen_2081.png,101.5824,61.0,4.0,0.370513916015625,0.9459990939790791,0.3332710266113281,157.92202827219137,47.91006412371006,7.054494079598699,1745.9310302734375,0.0,0.0,False,,-26.28293434301547,True,1198.0
negative,/mnt/MammoDiffusion/MammoDiffusion/experiments/diffusers/04_sd21_lora/generated_images/final/negative/gen_2082.png,gen_2082.png,130.8956,117.0,1.0,0.22574615478515625,0.6939572138294636,0.21252059936523438,168.45974762614205,40.10012765673898,5.812617879640676,690.87890625,0.0,0.0,True,fragmented_mask,,False,
negative,/mnt/MammoDiffusion/MammoDiffusion/experiments/diffusers/04_sd21_lora/generated_images/final/negative/gen_2083.png,gen_2083.png,124.5824,84.0,4.0,0.15644454956054688,0.8059788837141255,0.13829421997070312,169.79243097122998,42.69907449862532,6.218869364099593,1341.6417236328125,0.0,0.0,False,,-79.41345318793354,False,
negative,/mnt/MammoDiffusion/MammoDiffusion/experiments/diffusers/04_sd21_lora/generated_images/final/negative/gen_2084.png,gen_2084.png,125.6868,94.0,3.0,0.10707855224609375,0.986177413608835,0.10291671752929688,180.00837688572594,31.626461612472582,5.206088486629364,781.427978515625,0.0,0.0,True,too_empty,,False,
negative,/mnt/MammoDiffusion/MammoDiffusion/experiments/diffusers/04_sd21_lora/generated_images/final/negative/gen_2085.png,gen_2085.png,220.0,207.0,24.0,0.31830596923828125,0.9680376788667577,0.30117034912109375,230.6823179227359,18.400880839057677,7.254032413201897,1481.16455078125,0.0,0.0,False,,-19.884889665782637,True,1001.0
negative,/mnt/MammoDiffusion/MammoDiffusion/experiments/diffusers/04_sd21_lora/generated_images/final/negative/gen_2086.png,gen_2086.png,178.0,164.0,8.0,0.0498504638671875,0.2222222222222222,0.01348114013671875,194.9487832484437,40.53423563563016,7.173538805036269,1490.7332763671875,0.0,0.0,True,too_empty,,False,
negative,/mnt/MammoDiffusion/MammoDiffusion/experiments/diffusers/04_sd21_lora/generated_images/final/negative/gen_2087.png,gen_2087.png,77.8956,64.0,1.0,0.5006027221679688,0.9443343747618684,0.5114707946777344,132.54304551794093,52.14867394755377,6.139827268748247,708.5855102539062,0.0,0.0,False,,-25.037101180995364,True,1167.0
negative,/mnt/MammoDiffusion/MammoDiffusion/experiments/diffusers/04_sd21_lora/generated_images/final/negative/gen_2088.png,gen_2088.png,40.0,35.0,0.0,0.5851173400878906,0.9939237865501842,0.5905609130859375,127.73056998165517,58.062154850045964,6.448707358523742,1224.53759765625,0.0,0.0,False,,-7.934797568558478,True,257.0
negative,/mnt/MammoDiffusion/MammoDiffusion/experiments/diffusers/04_sd21_lora/generated_images/final/negative/gen_2089.png,gen_2089.png,177.6428,57.0,13.0,0.126739501953125,0.5906573561281002,0.07387161254882812,217.971649883811,17.96236337746557,5.945738225677746,912.674560546875,0.0,0.0,True,too_empty,,False,
negative,/mnt/MammoDiffusion/MammoDiffusion/experiments/diffusers/04_sd21_lora/generated_images/final/negative/gen_2090.png,gen_2090.png,92.8956,79.0,1.0,0.29120635986328125,0.9337813408787236,0.31856536865234375,138.30234702430846,48.16038211000032,5.731641159716057,666.0033569335938,0.0,0.0,False,,-28.20376827311747,True,1248.0
negative,/mnt/MammoDiffusion/MammoDiffusion/experiments/diffusers/04_sd21_lora/generated_images/final/negative/gen_2091.png,gen_2091.png,58.5824,18.0,4.0,0.4904518127441406,0.9956910297194502,0.4872398376464844,143.85697620706662,43.73510573054693,7.139111992733832,1593.296630859375,0.0,0.0,False,,-7.153359575672881,True,160.0
negative,/mnt/MammoDiffusion/MammoDiffusion/experiments/diffusers/04_sd21_lora/generated_images/final/negative/gen_2092.png,gen_2092.png,60.6868,29.0,3.0,0.4948463439941406,0.9856923705491015,0.5739173889160156,117.1047730460156,58.432020576655425,6.936692708962589,1564.9024658203125,0.0,0.0,False,,-11.643959600180033,True,672.0
negative,/mnt/MammoDiffusion/MammoDiffusion/experiments/diffusers/04_sd21_lora/generated_images/final/negative/gen_2093.png,gen_2093.png,116.7912,94.0,2.0,0.11726760864257812,0.9794411372434209,0.11277008056640625,159.62221771192748,27.933351704615003,4.732972403843016,385.4697570800781,0.0,0.0,False,,-12.294623179418586,True,703.0
negative,/mnt/MammoDiffusion/MammoDiffusion/experiments/diffusers/04_sd21_lora/generated_images/final/negative/gen_2094.png,gen_2094.png,56.8956,43.0,1.0,0.5277519226074219,0.9962268787902882,0.5584220886230469,124.42811178588262,55.96130322294844,6.5578785602200025,1341.8505859375,0.0,0.0,False,,-6.92100217772604,True,137.0
negative,/mnt/MammoDiffusion/MammoDiffusion/experiments/diffusers/04_sd21_lora/generated_images/final/negative/gen_2095.png,gen_2095.png,43.7912,21.0,2.0,0.5783843994140625,0.9962999604273842,0.604400634765625,115.64671800050492,57.10916939680646,7.136576800794429,1669.3955078125,0.0,0.0,False,,-8.035951973317902,True,282.0
negative,/mnt/MammoDiffusion/MammoDiffusion/experiments/diffusers/04_sd21_lora/generated_images/final/negative/gen_2096.png,gen_2096.png,167.06040000000002,82.0,9.0,0.13022232055664062,0.6287605823593169,0.0804443359375,202.85588960546283,19.73815582945257,7.076028018779576,538.8854370117188,0.0,0.0,True,too_empty,,False,
negative,/mnt/MammoDiffusion/MammoDiffusion/experiments/diffusers/04_sd21_lora/generated_images/final/negative/gen_2097.png,gen_2097.png,199.8956,186.0,1.0,0.0533447265625,0.6694078947368421,0.0337677001953125,219.11963398102125,10.514381881305324,6.755252014653538,756.0852661132812,0.0,0.0,True,too_empty,,False,
negative,/mnt/MammoDiffusion/MammoDiffusion/experiments/diffusers/04_sd21_lora/generated_images/final/negative/gen_2098.png,gen_2098.png,220.0,220.0,8.0,0.4270820617675781,0.9657636413980367,0.405670166015625,227.43993079064168,14.796431508001236,6.408031357597652,1365.5244140625,0.0,0.0,False,,-19.57606709920752,True,989.0
negative,/mnt/MammoDiffusion/MammoDiffusion/experiments/diffusers/04_sd21_lora/generated_images/final/negative/gen_2099.png,gen_2099.png,80.6868,49.0,3.0,0.25881195068359375,0.9158093329009817,0.32097625732421875,119.96400133108317,54.31807771004791,6.264609511614662,1510.34765625,0.0,0.0,False,,-36.51731431072459,False,
negative,/mnt/MammoDiffusion/MammoDiffusion/experiments/diffusers/04_sd21_lora/generated_images/final/negative/gen_2100.png,gen_2100.png,143.0,128.0,3.0,0.049468994140625,0.9316779765576805,0.042713165283203125,184.32499776725908,29.71222208468586,4.500686378720024,408.72430419921875,0.0,0.0,True,too_empty,,False,
negative,/mnt/MammoDiffusion/MammoDiffusion/experiments/diffusers/04_sd21_lora/generated_images/final/negative/gen_2101.png,gen_2101.png,126.6868,95.0,3.0,0.17226791381835938,0.4577382138665604,0.07687759399414062,174.61067831092146,39.20435512701741,5.728513747984613,818.97265625,0.0,0.0,True,too_empty,,False,
negative,/mnt/MammoDiffusion/MammoDiffusion/experiments/diffusers/04_sd21_lora/generated_images/final/negative/gen_2102.png,gen_2102.png,100.7912,78.0,2.0,0.30976104736328125,0.9488559395088791,0.32401275634765625,155.55109609362123,48.230897144782,5.86070869978303,918.3221435546875,0.0,0.0,False,,-23.127484409991116,True,1112.0
negative,/mnt/MammoDiffusion/MammoDiffusion/experiments/diffusers/04_sd21_lora/generated_images/final/negative/gen_2103.png,gen_2103.png,99.7912,77.0,2.0,0.3174858093261719,0.9390101769858339,0.28375244140625,154.38043127554312,48.64372700313247,6.330848284694027,737.9141845703125,0.0,0.0,False,,-27.29537220508891,True,1218.0
negative,/mnt/MammoDiffusion/MammoDiffusion/experiments/diffusers/04_sd21_lora/generated_images/final/negative/gen_2104.png,gen_2104.png,15.8956,2.0,1.0,0.7687606811523438,0.9999950378611197,0.7622146606445312,144.31870777238376,42.1870246005113,7.030708382060648,637.2620239257812,0.0,0.0,False,,-7.015650256089249,True,148.0
negative,/mnt/MammoDiffusion/MammoDiffusion/experiments/diffusers/04_sd21_lora/generated_images/final/negative/gen_2105.png,gen_2105.png,94.7912,72.0,2.0,0.3582801818847656,0.9816760894794562,0.40102386474609375,148.35179689134944,54.6218457688107,6.350031045350243,965.6318969726562,0.0,0.0,False,,-11.052432554848526,True,625.0
negative,/mnt/MammoDiffusion/MammoDiffusion/experiments/diffusers/04_sd21_lora/generated_images/final/negative/gen_2106.png,gen_2106.png,220.0,249.0,1.0,0.29378509521484375,0.944490612096502,0.25966644287109375,248.16049654767153,19.485618121513237,6.276281880038921,1670.375244140625,0.0,0.0,False,,-28.772269074816336,True,1262.0
negative,/mnt/MammoDiffusion/MammoDiffusion/experiments/diffusers/04_sd21_lora/generated_images/final/negative/gen_2107.png,gen_2107.png,141.5824,101.0,4.0,0.16086196899414062,0.48009201071877444,0.0760955810546875,194.42224784439543,27.67127823904649,6.007802991779627,1253.437744140625,0.0,0.0,True,too_empty,,False,
negative,/mnt/MammoDiffusion/MammoDiffusion/experiments/diffusers/04_sd21_lora/generated_images/final/negative/gen_2108.png,gen_2108.png,33.7912,11.0,2.0,0.41837310791015625,0.9873078395973521,0.4380683898925781,124.37264122190584,67.36433109333844,6.739827739602565,2244.103759765625,0.0,0.0,False,,-11.457189871195245,True,653.0
negative,/mnt/MammoDiffusion/MammoDiffusion/experiments/diffusers/04_sd21_lora/generated_images/final/negative/gen_2109.png,gen_2109.png,91.8956,78.0,1.0,0.2696266174316406,0.9833760133557816,0.31587982177734375,140.57359370093954,54.80442631163049,5.496915456041997,768.151611328125,0.0,0.0,False,,-9.666944443369777,True,498.0
negative,/mnt/MammoDiffusion/MammoDiffusion/experiments/diffusers/04_sd21_lora/generated_images/final/negative/gen_2110.png,gen_2110.png,121.0,116.0,1.0,0.03343963623046875,0.6678074378279717,0.019451141357421875,171.48342812316142,17.12376271715225,3.1825563930565304,98.12814331054688,0.0,0.0,True,too_empty,,False,
negative,/mnt/MammoDiffusion/MammoDiffusion/experiments/diffusers/04_sd21_lora/generated_images/final/negative/gen_2111.png,gen_2111.png,180.8956,167.0,1.0,0.06967544555664062,0.6411168902272105,0.04510498046875,196.727249661705,15.094849476912065,5.707855584349318,438.2939147949219,0.0,0.0,True,too_empty,,False,
negative,/mnt/MammoDiffusion/MammoDiffusion/experiments/diffusers/04_sd21_lora/generated_images/final/negative/gen_2112.png,gen_2112.png,58.6868,27.0,3.0,0.4583549499511719,0.9893720610877617,0.4886436462402344,125.98512041843944,63.84063074592367,6.82660829787004,1372.0888671875,0.0,0.0,False,,-9.769830420091605,True,507.0
negative,/mnt/MammoDiffusion/MammoDiffusion/experiments/diffusers/04_sd21_lora/generated_images/final/negative/gen_2113.png,gen_2113.png,85.6868,54.0,3.0,0.20354843139648438,0.8821941940441163,0.217315673828125,140.80954219912934,60.009304141697775,5.942482166145611,1397.7886962890625,0.0,0.0,False,,-50.222798161137234,False,
negative,/mnt/MammoDiffusion/MammoDiffusion/experiments/diffusers/04_sd21_lora/generated_images/final/negative/gen_2114.png,gen_2114.png,65.8956,52.0,1.0,0.4610862731933594,0.998403256364223,0.46949005126953125,133.71416383639112,48.16808218780739,6.1851827546050675,734.9230346679688,0.0,0.0,False,,-4.1172673087693585,True,10.0
negative,/mnt/MammoDiffusion/MammoDiffusion/experiments/diffusers/04_sd21_lora/generated_images/final/negative/gen_2115.png,gen_2115.png,129.0,122.0,2.0,0.042064666748046875,0.8985218101024758,0.03337860107421875,184.58034285714285,25.546074943625023,3.873487235240249,229.60719299316406,0.0,0.0,True,too_empty,,False,
negative,/mnt/MammoDiffusion/MammoDiffusion/experiments/diffusers/04_sd21_lora/generated_images/final/negative/gen_2116.png,gen_2116.png,10.0,3.0,0.0,0.8088340759277344,0.9980568879079003,0.8023757934570312,117.84153600395554,44.777139886855146,6.926436599278725,702.4576416015625,0.0,0.0,False,,-6.619371428680242,True,111.0
negative,/mnt/MammoDiffusion/MammoDiffusion/experiments/diffusers/04_sd21_lora/generated_images/final/negative/gen_2117.png,gen_2117.png,112.7912,90.0,2.0,0.20964431762695312,0.8682424440926543,0.1998291015625,163.5906574526573,39.54140544896326,5.540945865037802,684.9808349609375,0.0,0.0,False,,-53.66805185326787,False,
negative,/mnt/MammoDiffusion/MammoDiffusion/experiments/diffusers/04_sd21_lora/generated_images/final/negative/gen_2118.png,gen_2118.png,141.6868,110.0,3.0,0.07480621337890625,0.917593064762876,0.0659942626953125,190.00225433526012,21.72899678485765,5.003132191292576,882.527587890625,0.0,0.0,True,too_empty,,False,
negative,/mnt/MammoDiffusion/MammoDiffusion/experiments/diffusers/04_sd21_lora/generated_images/final/negative/gen_2119.png,gen_2119.png,148.0,135.0,3.0,0.0489044189453125,0.9313572542901716,0.041759490966796875,191.51182972503884,19.536702998447993,4.5769465095396455,525.3436279296875,0.0,0.0,True,too_empty,,False,
negative,/mnt/MammoDiffusion/MammoDiffusion/experiments/diffusers/04_sd21_lora/generated_images/final/negative/gen_2120.png,gen_2120.png,131.7912,109.0,2.0,0.19141387939453125,0.9316234206225836,0.21451950073242188,163.7028185293856,36.15971543117231,5.348930350825964,494.42742919921875,0.0,0.0,False,,-29.75773022554399,True,1282.0
negative,/mnt/MammoDiffusion/MammoDiffusion/experiments/diffusers/04_sd21_lora/generated_images/final/negative/gen_2121.png,gen_2121.png,66.5824,26.0,4.0,0.3923988342285156,0.9822194137947796,0.4262199401855469,130.56406010865382,56.38186657120614,6.877034567306016,1887.35791015625,0.0,0.0,False,,-12.468406791656722,True,714.0
negative,/mnt/MammoDiffusion/MammoDiffusion/experiments/diffusers/04_sd21_lora/generated_images/final/negative/gen_2122.png,gen_2122.png,112.6868,81.0,3.0,0.3001861572265625,0.971255019569969,0.33481597900390625,158.9622080437507,44.273878533841106,6.287519629384114,1030.37841796875,0.0,0.0,False,,-14.912511905570291,True,826.0
negative,/mnt/MammoDiffusion/MammoDiffusion/experiments/diffusers/04_sd21_lora/generated_images/final/negative/gen_2123.png,gen_2123.png,90.8956,77.0,1.0,0.39954376220703125,0.9956080887547977,0.41649627685546875,152.42801927057573,45.21212683149354,5.9533744013155,763.5385131835938,0.0,0.0,False,,-4.831720841397444,True,20.0
negative,/mnt/MammoDiffusion/MammoDiffusion/experiments/diffusers/04_sd21_lora/generated_images/final/negative/gen_2124.png,gen_2124.png,81.3736,23.0,6.0,0.5609512329101562,0.977062223733424,0.6186981201171875,125.86460157348263,43.13785212210839,7.525047524152227,1715.044921875,0.0,0.0,False,,-15.24956895942297,True,849.0
negative,/mnt/MammoDiffusion/MammoDiffusion/experiments/diffusers/04_sd21_lora/generated_images/final/negative/gen_2125.png,gen_2125.png,87.8956,74.0,1.0,0.5529365539550781,0.9947153826518292,0.5795555114746094,138.16103786687026,43.057610655096056,6.250723853893485,634.0503540039062,0.0,0.0,False,,-6.140209259185082,True,70.0
negative,/mnt/MammoDiffusion/MammoDiffusion/experiments/diffusers/04_sd21_lora/generated_images/final/negative/gen_2126.png,gen_2126.png,124.6868,93.0,3.0,0.1892242431640625,0.9105515684219014,0.215576171875,156.70915911664778,44.09209677406952,5.87791561594488,931.6678466796875,0.0,0.0,False,,-38.22402752878758,False,
negative,/mnt/MammoDiffusion/MammoDiffusion/experiments/diffusers/04_sd21_lora/generated_images/final/negative/gen_2127.png,gen_2127.png,220.0,58.0,58.0,0.11951446533203125,0.6464091924672838,0.07456588745117188,251.05330741290223,19.403593349787258,7.386997613040303,1684.631103515625,0.0,0.0,True,too_empty,,False,
negative,/mnt/MammoDiffusion/MammoDiffusion/experiments/diffusers/04_sd21_lora/generated_images/final/negative/gen_2128.png,gen_2128.png,115.6868,84.0,3.0,0.15555191040039062,0.966451676190009,0.1544189453125,163.95247035573124,33.516952141474086,5.297606315298152,715.830322265625,0.0,0.0,False,,-16.818796406333288,True,902.0
negative,/mnt/MammoDiffusion/MammoDiffusion/experiments/diffusers/04_sd21_lora/generated_images/final/negative/gen_2129.png,gen_2129.png,93.7912,71.0,2.0,0.282623291015625,0.9695497246517655,0.3284339904785156,141.96975504372975,52.701825731348464,6.085002284341995,1137.5146484375,0.0,0.0,False,,-15.72821354940146,True,871.0
negative,/mnt/MammoDiffusion/MammoDiffusion/experiments/diffusers/04_sd21_lora/generated_images/final/negative/gen_2130.png,gen_2130.png,83.47800000000001,34.0,5.0,0.2576866149902344,0.8850794214741454,0.20996475219726562,150.37181373884923,54.214904415255916,6.826259667492792,2623.656494140625,0.0,0.0,False,,-51.40984849183335,False,
negative,/mnt/MammoDiffusion/MammoDiffusion/experiments/diffusers/04_sd21_lora/generated_images/final/negative/gen_2131.png,gen_2131.png,220.0,221.0,25.0,0.28289794921875,0.9121359223300971,0.2571601867675781,244.01674751160755,22.463897823258183,7.214368090113643,2161.84814453125,0.0,0.0,False,,-42.279685956944874,False,
negative,/mnt/MammoDiffusion/MammoDiffusion/experiments/diffusers/04_sd21_lora/generated_images/final/negative/gen_2132.png,gen_2132.png,220.0,125.0,81.0,0.14303207397460938,0.5503933857847713,0.07521820068359375,254.13495283497312,3.5816862003021224,6.966194808914397,1540.23193359375,0.0,0.0,True,too_empty,,False,
negative,/mnt/MammoDiffusion/MammoDiffusion/experiments/diffusers/04_sd21_lora/generated_images/final/negative/gen_2133.png,gen_2133.png,80.8956,67.0,1.0,0.5468521118164062,0.9843045886407076,0.5888786315917969,136.32551450725848,48.97410574156869,6.786079431425938,1221.267578125,0.0,0.0,False,,-11.516800740829499,True,661.0
negative,/mnt/MammoDiffusion/MammoDiffusion/experiments/diffusers/04_sd21_lora/generated_images/final/negative/gen_2134.png,gen_2134.png,139.0,118.0,2.0,0.049045562744140625,0.8162090689896554,0.0370330810546875,186.66151627523692,20.888863963077238,4.554836293431396,439.28082275390625,0.0,0.0,True,too_empty,,False,
negative,/mnt/MammoDiffusion/MammoDiffusion/experiments/diffusers/04_sd21_lora/generated_images/final/negative/gen_2135.png,gen_2135.png,44.7912,22.0,2.0,0.44576263427734375,0.9812757800332038,0.4679412841796875,116.81683894740274,60.49836267109045,6.456168334138536,1315.8331298828125,0.0,0.0,False,,-11.972843029030134,True,690.0
negative,/mnt/MammoDiffusion/MammoDiffusion/experiments/diffusers/04_sd21_lora/generated_images/final/negative/gen_2136.png,gen_2136.png,124.7912,102.0,2.0,0.086883544921875,0.9933702142606252,0.08171463012695312,165.7375939498623,14.717814750591648,4.121754763716618,288.36529541015625,0.0,0.0,True,too_empty,,False,
negative,/mnt/MammoDiffusion/MammoDiffusion/experiments/diffusers/04_sd21_lora/generated_images/final/negative/gen_2137.png,gen_2137.png,62.6868,31.0,3.0,0.4348106384277344,0.9947272838932122,0.4435768127441406,140.8941099577747,52.1916368038158,6.650311206108407,1355.7479248046875,0.0,0.0,False,,-6.897899822461257,True,134.0
negative,/mnt/MammoDiffusion/MammoDiffusion/experiments/diffusers/04_sd21_lora/generated_images/final/negative/gen_2138.png,gen_2138.png,82.47800000000001,33.0,5.0,0.49969482421875,0.9913506168315622,0.5311164855957031,134.65711884736658,45.971912113731406,7.363875352551075,1921.453857421875,0.0,0.0,False,,-9.6811951064129,True,500.0
negative,/mnt/MammoDiffusion/MammoDiffusion/experiments/diffusers/04_sd21_lora/generated_images/final/negative/gen_2139.png,gen_2139.png,142.8956,129.0,1.0,0.14272308349609375,0.6496231357245951,0.0927734375,196.08149671052632,25.994078647521665,6.278844356906335,755.722900390625,0.0,0.0,True,too_empty,,False,
negative,/mnt/MammoDiffusion/MammoDiffusion/experiments/diffusers/04_sd21_lora/generated_images/final/negative/gen_2140.png,gen_2140.png,52.5824,12.0,4.0,0.614471435546875,0.9936739508318848,0.6759452819824219,107.42637771946161,51.992094608758954,7.440038549597009,1885.6392822265625,0.0,0.0,False,,-9.63967863043905,True,494.0
negative,/mnt/MammoDiffusion/MammoDiffusion/experiments/diffusers/04_sd21_lora/generated_images/final/negative/gen_2141.png,gen_2141.png,68.7912,46.0,2.0,0.5718612670898438,0.9930891868454406,0.6214218139648438,124.65947624952426,51.526771960489036,7.073603558214012,1446.8961181640625,0.0,0.0,False,,-8.878536277636638,True,403.0
negative,/mnt/MammoDiffusion/MammoDiffusion/experiments/diffusers/04_sd21_lora/generated_images/final/negative/gen_2142.png,gen_2142.png,137.5824,97.0,4.0,0.19778823852539062,0.45935312156454317,0.09049606323242188,193.74467816043503,28.512299986150953,6.2876231881031295,1112.431396484375,0.0,0.0,True,too_empty,,False,
negative,/mnt/MammoDiffusion/MammoDiffusion/experiments/diffusers/04_sd21_lora/generated_images/final/negative/gen_2143.png,gen_2143.png,148.5824,108.0,4.0,0.08562850952148438,0.965786073862877,0.081298828125,176.987987987988,24.376074055150845,5.469971321486255,1124.5296630859375,0.0,0.0,True,too_empty,,False,
negative,/mnt/MammoDiffusion/MammoDiffusion/experiments/diffusers/04_sd21_lora/generated_images/final/negative/gen_2144.png,gen_2144.png,108.7912,86.0,2.0,0.176513671875,0.9047588174273858,0.16179275512695312,158.17442765189918,36.6070872092806,5.447394371440206,589.340576171875,0.0,0.0,False,,-40.143475880649845,False,
negative,/mnt/MammoDiffusion/MammoDiffusion/experiments/diffusers/04_sd21_lora/generated_images/final/negative/gen_2145.png,gen_2145.png,188.0,144.0,8.0,0.048938751220703125,0.494036947540728,0.024257659912109375,205.52964302563296,13.797049411471974,7.253055139053885,1027.4466552734375,0.0,0.0,True,too_empty,,False,
negative,/mnt/MammoDiffusion/MammoDiffusion/experiments/diffusers/04_sd21_lora/generated_images/final/negative/gen_2146.png,gen_2146.png,143.7912,121.0,2.0,0.0532684326171875,0.9901890575766256,0.04876708984375,190.93671777221527,25.601355975322203,3.6151228425611217,149.98553466796875,0.0,0.0,True,too_empty,,False,
negative,/mnt/MammoDiffusion/MammoDiffusion/experiments/diffusers/04_sd21_lora/generated_images/final/negative/gen_2147.png,gen_2147.png,104.47800000000001,55.0,5.0,0.27129364013671875,0.9804550184200905,0.3051910400390625,160.70810209489525,51.9535193268392,6.680602356359403,2065.668212890625,0.0,0.0,False,,-13.77292010529526,True,772.0
negative,/mnt/MammoDiffusion/MammoDiffusion/experiments/diffusers/04_sd21_lora/generated_images/final/negative/gen_2148.png,gen_2148.png,84.6868,53.0,3.0,0.17974472045898438,0.9405972113160296,0.20613861083984375,139.67421074058996,63.2482578415506,5.833491013506189,1417.2801513671875,0.0,0.0,False,,-28.22544981050948,True,1249.0
negative,/mnt/MammoDiffusion/MammoDiffusion/experiments/diffusers/04_sd21_lora/generated_images/final/negative/gen_2149.png,gen_2149.png,103.8956,90.0,1.0,0.33313751220703125,0.784781861903126,0.2735939025878906,148.71475578979658,41.25750152218697,6.42718541976838,739.3255615234375,0.0,0.0,False,,-85.47156513477967,False,
negative,/mnt/MammoDiffusion/MammoDiffusion/experiments/diffusers/04_sd21_lora/generated_images/final/negative/gen_2150.png,gen_2150.png,112.6868,81.0,3.0,0.09392166137695312,0.930181552333374,0.06484603881835938,184.7088064003765,25.65856232906033,5.208283379993219,773.7023315429688,0.0,0.0,True,too_empty,,False,
negative,/mnt/MammoDiffusion/MammoDiffusion/experiments/diffusers/04_sd21_lora/generated_images/final/negative/gen_2151.png,gen_2151.png,139.7912,117.0,2.0,0.13960647583007812,0.8843074568953739,0.14003753662109375,172.65145736856442,34.40456636537045,4.890500359478146,410.12469482421875,0.0,0.0,False,,-48.18999814553655,False,
negative,/mnt/MammoDiffusion/MammoDiffusion/experiments/diffusers/04_sd21_lora/generated_images/final/negative/gen_2152.png,gen_2152.png,136.0,131.0,0.0,0.11900711059570312,0.591274802064301,0.07151412963867188,182.2852723102363,26.060004333755057,5.64895860617807,368.8046875,0.0,0.0,True,too_empty,,False,
negative,/mnt/MammoDiffusion/MammoDiffusion/experiments/diffusers/04_sd21_lora/generated_images/final/negative/gen_2153.png,gen_2153.png,56.7912,34.0,2.0,0.48186492919921875,0.9901122563688469,0.4793815612792969,145.91740074960012,47.24204456482209,6.667987145375118,996.66162109375,0.0,0.0,False,,-8.250993399388866,True,312.0
negative,/mnt/MammoDiffusion/MammoDiffusion/experiments/diffusers/04_sd21_lora/generated_images/final/negative/gen_2154.png,gen_2154.png,137.0,117.0,4.0,0.049701690673828125,0.9788164862997928,0.045764923095703125,185.83220805201302,28.320200882265908,5.008943654185821,829.253173828125,0.0,0.0,True,too_empty,,False,
negative,/mnt/MammoDiffusion/MammoDiffusion/experiments/diffusers/04_sd21_lora/generated_images/final/negative/gen_2155.png,gen_2155.png,53.5824,13.0,4.0,0.3368377685546875,0.9873499433748585,0.3630828857421875,129.89837150661904,62.74479992397219,6.739061573882738,2132.39453125,0.0,0.0,False,,-10.942888879928875,True,614.0
negative,/mnt/MammoDiffusion/MammoDiffusion/experiments/diffusers/04_sd21_lora/generated_images/final/negative/gen_2156.png,gen_2156.png,220.0,198.0,51.0,0.29457855224609375,0.9223925824246976,0.2709388732910156,247.32867300246392,22.320458746820233,6.849854261594258,1851.196533203125,0.0,0.0,False,,-37.63967769425136,False,
negative,/mnt/MammoDiffusion/MammoDiffusion/experiments/diffusers/04_sd21_lora/generated_images/final/negative/gen_2157.png,gen_2157.png,133.0,123.0,3.0,0.040653228759765625,0.5512808482687436,0.019451141357421875,181.43008433026083,23.970064619337478,4.494343240054411,481.0420837402344,0.0,0.0,True,too_empty,,False,
negative,/mnt/MammoDiffusion/MammoDiffusion/experiments/diffusers/04_sd21_lora/generated_images/final/negative/gen_2158.png,gen_2158.png,176.0,74.0,23.0,0.04991912841796875,0.5409598043710836,0.026050567626953125,248.5760726314248,17.18434641306328,6.6665794306619635,1915.6087646484375,0.0,0.0,True,too_empty,,False,
negative,/mnt/MammoDiffusion/MammoDiffusion/experiments/diffusers/04_sd21_lora/generated_images/final/negative/gen_2159.png,gen_2159.png,49.6868,18.0,3.0,0.2644157409667969,0.9812306138642429,0.3070831298828125,112.3355652173913,64.91961894477807,6.103360345032876,1890.2310791015625,0.0,0.0,False,,-12.591517614312536,True,720.0
negative,/mnt/MammoDiffusion/MammoDiffusion/experiments/diffusers/04_sd21_lora/generated_images/final/negative/gen_2160.png,gen_2160.png,123.5824,83.0,4.0,0.15591049194335938,0.9056788431895476,0.16242218017578125,164.26523087040255,42.31816443216782,5.85332030577132,1071.3050537109375,0.0,0.0,False,,-40.633821736527956,False,
negative,/mnt/MammoDiffusion/MammoDiffusion/experiments/diffusers/04_sd21_lora/generated_images/final/negative/gen_2161.png,gen_2161.png,126.0,118.0,2.0,0.044414520263671875,0.8399896933779953,0.03289794921875,183.30994897959184,22.84275243629085,4.143552823298761,293.7501220703125,0.0,0.0,True,too_empty,,False,
negative,/mnt/MammoDiffusion/MammoDiffusion/experiments/diffusers/04_sd21_lora/generated_images/final/negative/gen_2162.png,gen_2162.png,114.0,109.0,0.0,0.376068115234375,0.9477907165462955,0.3705558776855469,148.32452465024346,36.85012542782487,5.619579524273705,296.194580078125,0.0,0.0,False,,-22.75442695543561,True,1102.0
negative,/mnt/MammoDiffusion/MammoDiffusion/experiments/diffusers/04_sd21_lora/generated_images/final/negative/gen_2163.png,gen_2163.png,132.8956,119.0,1.0,0.206939697265625,0.4834279604778056,0.09804534912109375,187.66131040385963,28.093210785188948,5.394784624375292,595.2965087890625,0.0,0.0,True,too_empty,,False,
negative,/mnt/MammoDiffusion/MammoDiffusion/experiments/diffusers/04_sd21_lora/generated_images/final/negative/gen_2164.png,gen_2164.png,43.6868,12.0,3.0,0.6363754272460938,0.9964632962079342,0.6430625915527344,121.60803796529734,50.53329114471957,7.393615137261917,1457.534423828125,0.0,0.0,False,,-7.922328292852186,True,255.0
negative,/mnt/MammoDiffusion/MammoDiffusion/experiments/diffusers/04_sd21_lora/generated_images/final/negative/gen_2165.png,gen_2165.png,188.0,168.0,10.0,0.049762725830078125,0.337217324645458,0.01537322998046875,210.66377171215882,13.413220864608657,7.10566066585085,1663.915283203125,0.0,0.0,True,too_empty,,False,
negative,/mnt/MammoDiffusion/MammoDiffusion/experiments/diffusers/04_sd21_lora/generated_images/final/negative/gen_2166.png,gen_2166.png,163.3736,105.0,6.0,0.15611648559570312,0.5322907758094074,0.08172988891601562,204.26795799299884,18.853374731614963,6.051143062036784,862.366943359375,0.0,0.0,True,too_empty,,False,
negative,/mnt/MammoDiffusion/MammoDiffusion/experiments/diffusers/04_sd21_lora/generated_images/final/negative/gen_2167.png,gen_2167.png,220.0,235.0,15.0,0.3426399230957031,0.9409380879749725,0.3144569396972656,248.14524522945908,17.03353820226252,6.461107859263906,1899.2506103515625,0.0,0.0,False,,-30.34233019537934,True,1297.0
negative,/mnt/MammoDiffusion/MammoDiffusion/experiments/diffusers/04_sd21_lora/generated_images/final/negative/gen_2168.png,gen_2168.png,113.8956,100.0,1.0,0.24855804443359375,0.964839313668314,0.2643165588378906,156.48632539075467,40.523120553790605,5.208871095432464,434.2886657714844,0.0,0.0,False,,-16.559087470873006,True,895.0
negative,/mnt/MammoDiffusion/MammoDiffusion/experiments/diffusers/04_sd21_lora/generated_images/final/negative/gen_2169.png,gen_2169.png,151.0,123.0,4.0,0.0466461181640625,0.3159142950605168,0.01129913330078125,163.20121539500337,16.673838970607544,5.293032258954938,924.5074462890625,0.0,0.0,True,too_empty,,False,
negative,/mnt/MammoDiffusion/MammoDiffusion/experiments/diffusers/04_sd21_lora/generated_images/final/negative/gen_2170.png,gen_2170.png,125.5824,85.0,4.0,0.3183631896972656,0.8528823226332123,0.2975006103515625,169.33500025644972,41.414146809064,6.737127887216495,1045.53173828125,0.0,0.0,False,,-60.50962947058095,False,
negative,/mnt/MammoDiffusion/MammoDiffusion/experiments/diffusers/04_sd21_lora/generated_images/final/negative/gen_2171.png,gen_2171.png,105.6868,74.0,3.0,0.18365478515625,0.6983840146227983,0.15810775756835938,172.592757014983,50.37248547874177,5.987418192363579,1143.363037109375,0.0,0.0,True,fragmented_mask,,False,
negative,/mnt/MammoDiffusion/MammoDiffusion/experiments/diffusers/04_sd21_lora/generated_images/final/negative/gen_2172.png,gen_2172.png,126.6868,95.0,3.0,0.16310882568359375,0.8649843304176996,0.15471267700195312,179.1733856054442,44.072531865157956,5.849540099045769,1063.579833984375,0.0,0.0,False,,-56.4701945189309,False,
negative,/mnt/MammoDiffusion/MammoDiffusion/experiments/diffusers/04_sd21_lora/generated_images/final/negative/gen_2173.png,gen_2173.png,132.0,123.0,3.0,0.045684814453125,0.7931696726786908,0.033596038818359375,183.51175201544226,21.287908188637243,4.349553566352184,410.72869873046875,0.0,0.0,True,too_empty,,False,
negative,/mnt/MammoDiffusion/MammoDiffusion/experiments/diffusers/04_sd21_lora/generated_images/final/negative/gen_2174.png,gen_2174.png,134.7912,112.0,2.0,0.166656494140625,0.8021424647500458,0.12910079956054688,166.69136896847206,29.69087321511395,5.29294276610319,398.65704345703125,0.0,0.0,False,,-79.94571428420058,False,
negative,/mnt/MammoDiffusion/MammoDiffusion/experiments/diffusers/04_sd21_lora/generated_images/final/negative/gen_2175.png,gen_2175.png,10.0,5.0,0.0,0.7454605102539062,0.9933936484868333,0.7383956909179688,123.4505491666925,45.132220430637766,6.503645075273175,737.7449951171875,0.0,0.0,False,,-7.763426933643473,True,233.0
negative,/mnt/MammoDiffusion/MammoDiffusion/experiments/diffusers/04_sd21_lora/generated_images/final/negative/gen_2176.png,gen_2176.png,220.0,218.0,9.0,0.3117027282714844,0.961510690115162,0.3266410827636719,223.34955095939364,29.149574136667535,7.3385561807828115,1748.17333984375,0.0,0.0,False,,-21.90842034154104,True,1074.0
negative,/mnt/MammoDiffusion/MammoDiffusion/experiments/diffusers/04_sd21_lora/generated_images/final/negative/gen_2177.png,gen_2177.png,56.8956,43.0,1.0,0.6161994934082031,0.997399912092266,0.6159133911132812,126.6660184072638,44.95669197413387,6.298448920973868,774.2793579101562,0.0,0.0,False,,-5.3381219208673105,True,31.0
negative,/mnt/MammoDiffusion/MammoDiffusion/experiments/diffusers/04_sd21_lora/generated_images/final/negative/gen_2178.png,gen_2178.png,129.8956,116.0,1.0,0.19044113159179688,0.9044728882479017,0.17152023315429688,164.92547205480062,24.634594102259804,4.7245537247387075,163.13302612304688,0.0,0.0,False,,-40.90304299552439,False,
negative,/mnt/MammoDiffusion/MammoDiffusion/experiments/diffusers/04_sd21_lora/generated_images/final/negative/gen_2179.png,gen_2179.png,123.7912,101.0,2.0,0.16852188110351562,0.4949860787287503,0.0817718505859375,177.06433103190895,29.796841412150346,5.688164421309848,584.9741821289062,0.0,0.0,True,too_empty,,False,
negative,/mnt/MammoDiffusion/MammoDiffusion/experiments/diffusers/04_sd21_lora/generated_images/final/negative/gen_2180.png,gen_2180.png,178.0,172.0,4.0,0.04207611083984375,0.3870353581142339,0.015743255615234375,196.82941604070754,13.6288679074683,6.449436777311715,533.8719482421875,0.0,0.0,True,too_empty,,False,
negative,/mnt/MammoDiffusion/MammoDiffusion/experiments/diffusers/04_sd21_lora/generated_images/final/negative/gen_2181.png,gen_2181.png,136.6868,105.0,3.0,0.05353546142578125,0.9984323785093345,0.04940032958984375,190.4888803088803,23.267313309242684,4.70275105450336,589.5158081054688,0.0,0.0,True,too_empty,,False,
negative,/mnt/MammoDiffusion/MammoDiffusion/experiments/diffusers/04_sd21_lora/generated_images/final/negative/gen_2182.png,gen_2182.png,155.478,106.0,5.0,0.13837432861328125,0.8530903677565198,0.11319351196289062,191.72931621339265,29.145216843843624,6.2370223488578835,1645.315673828125,0.0,0.0,False,,-62.864454998941106,False,
negative,/mnt/MammoDiffusion/MammoDiffusion/experiments/diffusers/04_sd21_lora/generated_images/final/negative/gen_2183.png,gen_2183.png,62.6868,31.0,3.0,0.5724830627441406,0.9945959632978617,0.5783576965332031,129.59754110795248,47.74342832211109,6.985709046770492,1061.098388671875,0.0,0.0,False,,-7.312616360637884,True,179.0
negative,/mnt/MammoDiffusion/MammoDiffusion/experiments/diffusers/04_sd21_lora/generated_images/final/negative/gen_2184.png,gen_2184.png,136.8956,123.0,1.0,0.22220230102539062,0.5923535167985716,0.13892745971679688,180.23034679700157,29.77061900458934,5.82778101361402,437.07958984375,0.0,0.0,True,fragmented_mask,,False,
negative,/mnt/MammoDiffusion/MammoDiffusion/experiments/diffusers/04_sd21_lora/generated_images/final/negative/gen_2185.png,gen_2185.png,102.7912,80.0,2.0,0.29534149169921875,0.9419932318979102,0.3353691101074219,152.2324518000341,49.56424203777456,5.991669515770892,845.2698974609375,0.0,0.0,False,,-25.682103540351935,True,1185.0
negative,/mnt/MammoDiffusion/MammoDiffusion/experiments/diffusers/04_sd21_lora/generated_images/final/negative/gen_2186.png,gen_2186.png,123.0,118.0,1.0,0.028438568115234375,0.7120053655264923,0.0168609619140625,178.2443438914027,25.473320745799718,3.2679747325610147,133.8749237060547,0.0,0.0,True,too_empty,,False,
negative,/mnt/MammoDiffusion/MammoDiffusion/experiments/diffusers/04_sd21_lora/generated_images/final/negative/gen_2187.png,gen_2187.png,212.0,193.0,9.0,0.04853057861328125,0.27786511554786986,0.010456085205078125,226.496898941992,14.070096363903549,7.13150181774105,2217.15869140625,0.0,0.0,True,too_empty,,False,
negative,/mnt/MammoDiffusion/MammoDiffusion/experiments/diffusers/04_sd21_lora/generated_images/final/negative/gen_2188.png,gen_2188.png,60.7912,38.0,2.0,0.5436973571777344,0.9926119261613588,0.5885772705078125,121.15407798200815,56.81022548356745,6.930408094519761,1504.225341796875,0.0,0.0,False,,-9.015392425454088,True,419.0
negative,/mnt/MammoDiffusion/MammoDiffusion/experiments/diffusers/04_sd21_lora/generated_images/final/negative/gen_2189.png,gen_2189.png,81.6868,50.0,3.0,0.3419609069824219,0.9960063808663253,0.35009765625,149.74201316248258,45.21542228647332,6.281952041429028,899.2313842773438,0.0,0.0,False,,-5.12728757403266,True,23.0
negative,/mnt/MammoDiffusion/MammoDiffusion/experiments/diffusers/04_sd21_lora/generated_images/final/negative/gen_2190.png,gen_2190.png,220.0,241.0,5.0,0.41431427001953125,0.9680416167940337,0.3883247375488281,244.4349440553258,18.14024323377046,6.5468726515757085,1315.7823486328125,0.0,0.0,False,,-18.764918336556082,True,964.0
negative,/mnt/MammoDiffusion/MammoDiffusion/experiments/diffusers/04_sd21_lora/generated_images/final/negative/gen_2191.png,gen_2191.png,129.478,80.0,5.0,0.20818710327148438,0.6606871278057719,0.14505767822265625,175.4436701204439,37.537008103577776,6.768580780746788,1903.3291015625,0.0,0.0,True,fragmented_mask,,False,
negative,/mnt/MammoDiffusion/MammoDiffusion/experiments/diffusers/04_sd21_lora/generated_images/final/negative/gen_2192.png,gen_2192.png,133.0,125.0,2.0,0.04950714111328125,0.9259516104176299,0.04183197021484375,177.36813788072223,22.700881135326426,4.166695791563958,239.11984252929688,0.0,0.0,True,too_empty,,False,
negative,/mnt/MammoDiffusion/MammoDiffusion/experiments/diffusers/04_sd21_lora/generated_images/final/negative/gen_2193.png,gen_2193.png,91.6868,60.0,3.0,0.2603569030761719,0.9187997245461605,0.27352142333984375,148.99940029566818,57.1104330124682,6.339541486926727,1510.6043701171875,0.0,0.0,False,,-36.427449544685544,False,
negative,/mnt/MammoDiffusion/MammoDiffusion/experiments/diffusers/04_sd21_lora/generated_images/final/negative/gen_2194.png,gen_2194.png,104.3736,46.0,6.0,0.48061370849609375,0.9752361298515755,0.49199676513671875,160.37837858793245,36.08839743861749,7.250430263072186,1896.3128662109375,0.0,0.0,False,,-15.658228044990132,True,866.0
negative,/mnt/MammoDiffusion/MammoDiffusion/experiments/diffusers/04_sd21_lora/generated_images/final/negative/gen_2195.png,gen_2195.png,70.5824,30.0,4.0,0.5235252380371094,0.9291892246373116,0.435882568359375,135.02294685990339,50.1787104019963,7.375376186607418,1116.36083984375,0.0,0.0,False,,-31.798529141609528,True,1339.0
negative,/mnt/MammoDiffusion/MammoDiffusion/experiments/diffusers/04_sd21_lora/generated_images/final/negative/gen_2196.png,gen_2196.png,220.0,209.0,14.0,0.24102020263671875,0.8275774745971954,0.23878097534179688,221.77357616423038,20.641338612910168,7.173922245578986,2137.281982421875,0.0,0.0,False,,-74.12926450562895,False,
negative,/mnt/MammoDiffusion/MammoDiffusion/experiments/diffusers/04_sd21_lora/generated_images/final/negative/gen_2197.png,gen_2197.png,113.0,103.0,3.0,0.049816131591796875,0.9356765449115553,0.042736053466796875,169.8426314380077,28.097199278009203,4.36663296799771,332.7333068847656,0.0,0.0,True,too_empty,,False,
negative,/mnt/MammoDiffusion/MammoDiffusion/experiments/diffusers/04_sd21_lora/generated_images/final/negative/gen_2198.png,gen_2198.png,63.5824,23.0,4.0,0.3750762939453125,0.9908160774581994,0.4163818359375,125.273526824978,57.733582381364826,6.858907122011803,1932.278564453125,0.0,0.0,False,,-9.164042377446474,True,444.0
negative,/mnt/MammoDiffusion/MammoDiffusion/experiments/diffusers/04_sd21_lora/generated_images/final/negative/gen_2199.png,gen_2199.png,134.3736,76.0,6.0,0.15923690795898438,0.8120642982056872,0.13246917724609375,184.43693486148706,36.53266701987334,6.60354005887003,2487.22607421875,0.0,0.0,False,,-79.20393718773113,False,
negative,/mnt/MammoDiffusion/MammoDiffusion/experiments/diffusers/04_sd21_lora/generated_images/final/negative/gen_2200.png,gen_2200.png,49.7912,27.0,2.0,0.454498291015625,0.9624655878600685,0.4603385925292969,121.70058421379738,56.270332697614755,6.5747584068618306,1400.40478515625,0.0,0.0,False,,-19.13000066166923,True,978.0
negative,/mnt/MammoDiffusion/MammoDiffusion/experiments/diffusers/04_sd21_lora/generated_images/final/negative/gen_2201.png,gen_2201.png,126.7912,104.0,2.0,0.14876937866210938,0.9833072642888279,0.15544891357421875,161.17266257668712,31.754882971640555,4.917496064480861,408.05206298828125,0.0,0.0,False,,-10.487351051069464,True,581.0
negative,/mnt/MammoDiffusion/MammoDiffusion/experiments/diffusers/04_sd21_lora/generated_images/final/negative/gen_2202.png,gen_2202.png,115.7912,93.0,2.0,0.22729110717773438,0.9297282782001578,0.240936279296875,163.21980683977202,42.990180591872104,5.796046980957433,929.66455078125,0.0,0.0,False,,-30.759476436815785,True,1311.0
negative,/mnt/MammoDiffusion/MammoDiffusion/experiments/diffusers/04_sd21_lora/generated_images/final/negative/gen_2203.png,gen_2203.png,113.7912,91.0,2.0,0.20843124389648438,0.9278537308515895,0.22686386108398438,155.98910393300937,41.56258234361052,5.570716354637826,583.0384521484375,0.0,0.0,False,,-31.001989132761185,True,1318.0
negative,/mnt/MammoDiffusion/MammoDiffusion/experiments/diffusers/04_sd21_lora/generated_images/final/negative/gen_2204.png,gen_2204.png,108.47800000000001,59.0,5.0,0.4911460876464844,0.967083750805819,0.5164337158203125,161.5534126163392,44.88291071445004,7.336981261875029,1346.8798828125,0.0,0.0,False,,-18.418530726403564,True,950.0
negative,/mnt/MammoDiffusion/MammoDiffusion/experiments/diffusers/04_sd21_lora/generated_images/final/negative/gen_2205.png,gen_2205.png,141.0,134.0,2.0,0.046939849853515625,0.9224705404307192,0.040374755859375,190.82038926681784,17.89176949665648,3.8202517146875694,231.5547332763672,0.0,0.0,True,too_empty,,False,
negative,/mnt/MammoDiffusion/MammoDiffusion/experiments/diffusers/04_sd21_lora/generated_images/final/negative/gen_2206.png,gen_2206.png,167.7912,145.0,2.0,0.07189559936523438,0.5884756194619833,0.044178009033203125,192.38148691822812,20.0970157795339,5.99339811109686,712.8300170898438,0.0,0.0,True,too_empty,,False,
negative,/mnt/MammoDiffusion/MammoDiffusion/experiments/diffusers/04_sd21_lora/generated_images/final/negative/gen_2207.png,gen_2207.png,145.6868,114.0,3.0,0.0597076416015625,0.965627395859954,0.05517578125,182.41572179203538,21.70509437300802,5.034291863229408,833.8064575195312,0.0,0.0,True,too_empty,,False,
negative,/mnt/MammoDiffusion/MammoDiffusion/experiments/diffusers/04_sd21_lora/generated_images/final/negative/gen_2208.png,gen_2208.png,220.0,255.0,0.0,0.20196151733398438,0.9614302174036228,0.18764495849609375,251.26293962187435,20.9158922950148,6.687837592850978,1366.3511962890625,0.0,0.0,False,,-22.753259855143746,True,1101.0
negative,/mnt/MammoDiffusion/MammoDiffusion/experiments/diffusers/04_sd21_lora/generated_images/final/negative/gen_2209.png,gen_2209.png,161.0,130.0,3.0,0.049533843994140625,0.9849056603773585,0.043964385986328125,196.52017353579177,20.311587066679017,4.620587823857664,488.4449157714844,0.0,0.0,True,too_empty,,False,
negative,/mnt/MammoDiffusion/MammoDiffusion/experiments/diffusers/04_sd21_lora/generated_images/final/negative/gen_2210.png,gen_2210.png,125.7912,103.0,2.0,0.17367172241210938,0.9339732466448482,0.13751602172851562,176.6127493134345,28.29152301238536,5.433305849813437,469.1819152832031,0.0,0.0,False,,-30.141250114320208,True,1289.0
negative,/mnt/MammoDiffusion/MammoDiffusion/experiments/diffusers/04_sd21_lora/generated_images/final/negative/gen_2211.png,gen_2211.png,71.6868,40.0,3.0,0.48242950439453125,0.9884791169167998,0.4719810485839844,153.19529286251182,26.49533874873241,6.542383705950671,532.6646118164062,0.0,0.0,False,,-8.90281657731867,True,407.0
negative,/mnt/MammoDiffusion/MammoDiffusion/experiments/diffusers/04_sd21_lora/generated_images/final/negative/gen_2212.png,gen_2212.png,90.7912,68.0,2.0,0.33025360107421875,0.9815302515766858,0.3347320556640625,145.12637325067237,39.47785569175979,5.685630009960395,413.5211486816406,0.0,0.0,False,,-9.925620142631418,True,528.0
negative,/mnt/MammoDiffusion/MammoDiffusion/experiments/diffusers/04_sd21_lora/generated_images/final/negative/gen_2213.png,gen_2213.png,64.8956,51.0,1.0,0.6574935913085938,0.9963274115503777,0.6899261474609375,120.5900088466217,48.485298171863136,6.778454164838413,904.0221557617188,0.0,0.0,False,,-6.906505305547138,True,135.0
negative,/mnt/MammoDiffusion/MammoDiffusion/experiments/diffusers/04_sd21_lora/generated_images/final/negative/gen_2214.png,gen_2214.png,75.8956,62.0,1.0,0.4206123352050781,0.9625071421445479,0.4747467041015625,121.25214540545753,51.18848234157104,6.283856231878801,753.3938598632812,0.0,0.0,False,,-17.82486791725014,True,934.0
negative,/mnt/MammoDiffusion/MammoDiffusion/experiments/diffusers/04_sd21_lora/generated_images/final/negative/gen_2215.png,gen_2215.png,121.6868,90.0,3.0,0.1622772216796875,0.7792665726375176,0.133453369140625,171.09701577864166,37.71896539031379,5.77004521184268,861.970947265625,0.0,0.0,False,,-88.4803217635414,False,
negative,/mnt/MammoDiffusion/MammoDiffusion/experiments/diffusers/04_sd21_lora/generated_images/final/negative/gen_2216.png,gen_2216.png,104.7912,82.0,2.0,0.2810630798339844,0.8971891583761995,0.2843475341796875,156.34865843842232,50.29813446346708,6.039413079322392,766.6185913085938,0.0,0.0,False,,-43.07511774958613,False,
negative,/mnt/MammoDiffusion/MammoDiffusion/experiments/diffusers/04_sd21_lora/generated_images/final/negative/gen_2217.png,gen_2217.png,220.0,215.0,30.0,0.36626434326171875,0.9482783760701564,0.3445777893066406,244.4582249332994,18.491738966628237,6.575180623483355,1723.4937744140625,0.0,0.0,False,,-27.073663163067852,True,1215.0
negative,/mnt/MammoDiffusion/MammoDiffusion/experiments/diffusers/04_sd21_lora/generated_images/final/negative/gen_2218.png,gen_2218.png,135.0,130.0,0.0,0.1988525390625,0.8679596378146102,0.18064117431640625,174.60622122735143,28.013715578081396,4.302476254034817,212.2117462158203,0.0,0.0,False,,-54.26209168342604,False,
negative,/mnt/MammoDiffusion/MammoDiffusion/experiments/diffusers/04_sd21_lora/generated_images/final/negative/gen_2219.png,gen_2219.png,220.0,243.0,5.0,0.4402809143066406,0.9591654608939758,0.4171943664550781,246.01447446623692,20.5464728512592,6.8175993691656025,1726.85498046875,0.0,0.0,False,,-23.00116970672411,True,1109.0
negative,/mnt/MammoDiffusion/MammoDiffusion/experiments/diffusers/04_sd21_lora/generated_images/final/negative/gen_2220.png,gen_2220.png,150.478,101.0,5.0,0.10080718994140625,0.42454400968742906,0.039764404296875,198.0949731389102,26.174791717776166,6.061667105756254,1572.3555908203125,0.0,0.0,True,too_empty,,False,
negative,/mnt/MammoDiffusion/MammoDiffusion/experiments/diffusers/04_sd21_lora/generated_images/final/negative/gen_2221.png,gen_2221.png,19.8956,6.0,1.0,0.8160820007324219,0.9935119267427348,0.8170890808105469,106.69962884287682,57.6941457412621,7.3922279885556765,1465.0260009765625,0.0,0.0,False,,-10.349237569816717,True,570.0
negative,/mnt/MammoDiffusion/MammoDiffusion/experiments/diffusers/04_sd21_lora/generated_images/final/negative/gen_2222.png,gen_2222.png,220.0,200.0,44.0,0.3154716491699219,0.9356582304501868,0.29293060302734375,243.16495637452795,20.649379993007916,6.795973680505169,2012.3143310546875,0.0,0.0,False,,-32.64263019118548,False,
negative,/mnt/MammoDiffusion/MammoDiffusion/experiments/diffusers/04_sd21_lora/generated_images/final/negative/gen_2223.png,gen_2223.png,202.0,198.0,1.0,0.048328399658203125,0.48796274370510695,0.0218505859375,222.77374301675977,9.88351120862695,6.7251035656472045,847.9194946289062,0.0,0.0,True,too_empty,,False,
negative,/mnt/MammoDiffusion/MammoDiffusion/experiments/diffusers/04_sd21_lora/generated_images/final/negative/gen_2224.png,gen_2224.png,99.6868,68.0,3.0,0.28366851806640625,0.9755520292622576,0.3470268249511719,140.44098668806544,47.692886984298454,6.215527636511345,971.4559936523438,0.0,0.0,False,,-12.918781874632113,True,735.0
negative,/mnt/MammoDiffusion/MammoDiffusion/experiments/diffusers/04_sd21_lora/generated_images/final/negative/gen_2225.png,gen_2225.png,119.0,113.0,2.0,0.0469512939453125,0.820198245043874,0.0350799560546875,182.45073945193562,30.113755411828826,3.7105924788000784,196.57110595703125,0.0,0.0,True,too_empty,,False,
negative,/mnt/MammoDiffusion/MammoDiffusion/experiments/diffusers/04_sd21_lora/generated_images/final/negative/gen_2226.png,gen_2226.png,220.0,209.0,37.0,0.3148231506347656,0.9188648838590071,0.28646087646484375,244.3160438916558,18.648730954034345,6.797166852041938,2531.190673828125,0.0,0.0,False,,-39.876289062600726,False,
negative,/mnt/MammoDiffusion/MammoDiffusion/experiments/diffusers/04_sd21_lora/generated_images/final/negative/gen_2227.png,gen_2227.png,47.6868,16.0,3.0,0.4415130615234375,0.9955676516329705,0.4588508605957031,124.88805753003284,56.570951469360544,6.797237382944336,1780.1763916015625,0.0,0.0,False,,-7.324344515478995,True,181.0
negative,/mnt/MammoDiffusion/MammoDiffusion/experiments/diffusers/04_sd21_lora/generated_images/final/negative/gen_2228.png,gen_2228.png,111.5824,71.0,4.0,0.19238662719726562,0.4440941447068388,0.09864425659179688,163.09687149541745,51.58230385319519,6.376584238265105,1640.9874267578125,0.0,0.0,True,too_empty,,False,
negative,/mnt/MammoDiffusion/MammoDiffusion/experiments/diffusers/04_sd21_lora/generated_images/final/negative/gen_2229.png,gen_2229.png,197.0,178.0,4.0,0.04918670654296875,0.4205832170001551,0.021331787109375,212.38698140200287,11.999184612900798,7.230522601408032,1389.46240234375,0.0,0.0,True,too_empty,,False,
negative,/mnt/MammoDiffusion/MammoDiffusion/experiments/diffusers/04_sd21_lora/generated_images/final/negative/gen_2230.png,gen_2230.png,14.8956,1.0,1.0,0.8729248046875,0.998605964200811,0.871795654296875,111.05110354604963,52.07979869200056,7.426675711412567,1757.7152099609375,0.0,0.0,False,,-8.977924681490324,True,416.0
negative,/mnt/MammoDiffusion/MammoDiffusion/experiments/diffusers/04_sd21_lora/generated_images/final/negative/gen_2231.png,gen_2231.png,220.0,232.0,5.0,0.543426513671875,0.9730513281293873,0.5230598449707031,235.8891165938578,15.048633119226107,6.348719471215627,1819.3507080078125,0.0,0.0,False,,-18.290727315850035,True,944.0
negative,/mnt/MammoDiffusion/MammoDiffusion/experiments/diffusers/04_sd21_lora/generated_images/final/negative/gen_2232.png,gen_2232.png,131.3736,73.0,6.0,0.11685562133789062,0.5950772043221363,0.059879302978515625,193.46346435624642,26.59749710144608,6.211399920640771,2345.614501953125,0.0,0.0,True,too_empty,,False,
negative,/mnt/MammoDiffusion/MammoDiffusion/experiments/diffusers/04_sd21_lora/generated_images/final/negative/gen_2233.png,gen_2233.png,81.0,76.0,0.0,0.3905677795410156,0.9702886164965571,0.4282493591308594,133.01401174028842,51.40091757374954,5.52367104115501,865.3074951171875,0.0,0.0,False,,-14.281466311855091,True,797.0
negative,/mnt/MammoDiffusion/MammoDiffusion/experiments/diffusers/04_sd21_lora/generated_images/final/negative/gen_2234.png,gen_2234.png,93.8956,80.0,1.0,0.258392333984375,0.9142996338726822,0.2627830505371094,141.7095823595163,47.43939198824096,5.125267736488812,485.4803466796875,0.0,0.0,False,,-35.72008231052838,False,
negative,/mnt/MammoDiffusion/MammoDiffusion/experiments/diffusers/04_sd21_lora/generated_images/final/negative/gen_2235.png,gen_2235.png,113.7912,91.0,2.0,0.15819549560546875,0.8613696648179406,0.15998458862304688,166.83034883998187,51.92621417220194,5.301177357238533,878.1331787109375,0.0,0.0,False,,-57.301265892412275,False,
negative,/mnt/MammoDiffusion/MammoDiffusion/experiments/diffusers/04_sd21_lora/generated_images/final/negative/gen_2236.png,gen_2236.png,145.6868,114.0,3.0,0.11505889892578125,0.9840859359458922,0.11098861694335938,180.27296786389414,22.904848186185458,5.020188865882388,674.8519897460938,0.0,0.0,False,,-11.03668641392678,True,623.0
negative,/mnt/MammoDiffusion/MammoDiffusion/experiments/diffusers/04_sd21_lora/generated_images/final/negative/gen_2237.png,gen_2237.png,23.8956,10.0,1.0,0.6533851623535156,0.9900689510220048,0.6684150695800781,96.25002140154433,59.83179462298593,7.0181494535622795,1613.095458984375,0.0,0.0,False,,-10.463020202797836,True,579.0
negative,/mnt/MammoDiffusion/MammoDiffusion/experiments/diffusers/04_sd21_lora/generated_images/final/negative/gen_2238.png,gen_2238.png,68.6868,37.0,3.0,0.36611175537109375,0.975649655114927,0.4472198486328125,117.73017673752089,59.2861294674454,6.654125325146139,1447.46044921875,0.0,0.0,False,,-14.26092924654166,True,795.0
negative,/mnt/MammoDiffusion/MammoDiffusion/experiments/diffusers/04_sd21_lora/generated_images/final/negative/gen_2239.png,gen_2239.png,220.0,216.0,30.0,0.3147430419921875,0.9168807873175935,0.28607177734375,246.07578141668444,14.375457587826952,7.085528839122908,1825.29541015625,0.0,0.0,False,,-40.19949188549775,False,
negative,/mnt/MammoDiffusion/MammoDiffusion/experiments/diffusers/04_sd21_lora/generated_images/final/negative/gen_2240.png,gen_2240.png,220.0,124.0,87.0,0.18705368041992188,0.8042214744570205,0.14629745483398438,253.46382102161613,6.771417226372755,6.9124629605590595,1447.1163330078125,0.0,0.0,True,low_contrast,,False,
negative,/mnt/MammoDiffusion/MammoDiffusion/experiments/diffusers/04_sd21_lora/generated_images/final/negative/gen_2241.png,gen_2241.png,94.6868,63.0,3.0,0.26895904541015625,0.9808101438175475,0.2892303466796875,140.71590609337906,45.74494948969749,6.2967765370364885,1209.6217041015625,0.0,0.0,False,,-11.598905733788055,True,668.0
negative,/mnt/MammoDiffusion/MammoDiffusion/experiments/diffusers/04_sd21_lora/generated_images/final/negative/gen_2242.png,gen_2242.png,139.7912,117.0,2.0,0.09054183959960938,0.9927954497577417,0.08669281005859375,178.08545278535598,20.811502417505512,4.1165611718050155,226.2947998046875,0.0,0.0,True,too_empty,,False,
negative,/mnt/MammoDiffusion/MammoDiffusion/experiments/diffusers/04_sd21_lora/generated_images/final/negative/gen_2243.png,gen_2243.png,87.6868,56.0,3.0,0.5212593078613281,0.9756156463829632,0.5737075805664062,144.49943481787838,50.758222976202056,7.184650185873069,1284.52001953125,0.0,0.0,False,,-15.37242959378814,True,855.0
negative,/mnt/MammoDiffusion/MammoDiffusion/experiments/diffusers/04_sd21_lora/generated_images/final/negative/gen_2244.png,gen_2244.png,149.478,100.0,5.0,0.24249267578125,0.6979769695444249,0.1899566650390625,191.20128122740783,34.36321842829359,6.8575875558626205,1072.046142578125,0.0,0.0,True,fragmented_mask,,False,
negative,/mnt/MammoDiffusion/MammoDiffusion/experiments/diffusers/04_sd21_lora/generated_images/final/negative/gen_2245.png,gen_2245.png,49.7912,27.0,2.0,0.4741172790527344,0.9940138550290859,0.5107192993164062,118.53051941261708,60.05818199283649,6.567122068686691,1797.595703125,0.0,0.0,False,,-8.1683240860272,True,301.0
negative,/mnt/MammoDiffusion/MammoDiffusion/experiments/diffusers/04_sd21_lora/generated_images/final/negative/gen_2246.png,gen_2246.png,124.8956,111.0,1.0,0.19235610961914062,0.7725731284085275,0.16397857666015625,161.34350718838692,35.388284884136596,5.183364116894114,258.0660400390625,0.0,0.0,False,,-90.62351109308395,False,
negative,/mnt/MammoDiffusion/MammoDiffusion/experiments/diffusers/04_sd21_lora/generated_images/final/negative/gen_2247.png,gen_2247.png,10.0,0.0,0.0,0.8243637084960938,0.9982739632210715,0.8277626037597656,96.90986806026001,59.492042077943196,7.217273703623707,1445.663330078125,0.0,0.0,False,,-8.365193541999973,True,328.0
negative,/mnt/MammoDiffusion/MammoDiffusion/experiments/diffusers/04_sd21_lora/generated_images/final/negative/gen_2248.png,gen_2248.png,220.0,253.0,1.0,0.17840194702148438,0.9273205465392264,0.14553070068359375,253.23855832241154,4.165715025050017,6.881408077353948,895.6939086914062,0.0,0.0,True,low_contrast,,False,
negative,/mnt/MammoDiffusion/MammoDiffusion/experiments/diffusers/04_sd21_lora/generated_images/final/negative/gen_2249.png,gen_2249.png,111.8956,98.0,1.0,0.32772064208984375,0.7661739029216622,0.29903411865234375,152.28860824084705,38.980832479148425,6.113796504026649,489.25238037109375,0.0,0.0,False,,-92.26805370914981,False,
negative,/mnt/MammoDiffusion/MammoDiffusion/experiments/diffusers/04_sd21_lora/generated_images/final/negative/gen_2250.png,gen_2250.png,106.6868,75.0,3.0,0.151336669921875,0.718214357733414,0.0615692138671875,153.30278810408922,47.60037283556938,5.801823276272326,1111.389404296875,0.0,0.0,True,too_empty,,False,
negative,/mnt/MammoDiffusion/MammoDiffusion/experiments/diffusers/04_sd21_lora/generated_images/final/negative/gen_2251.png,gen_2251.png,104.6868,73.0,3.0,0.23821640014648438,0.8932694925296651,0.2471466064453125,150.20150336482064,47.419833920998535,6.173710728839661,1265.747314453125,0.0,0.0,False,,-45.32710277975757,False,
negative,/mnt/MammoDiffusion/MammoDiffusion/experiments/diffusers/04_sd21_lora/generated_images/final/negative/gen_2252.png,gen_2252.png,121.47800000000001,72.0,5.0,0.19061660766601562,0.8707798835277872,0.22750473022460938,160.1892553530408,54.25870087906663,6.535805999488188,1821.35400390625,0.0,0.0,False,,-55.58107185161602,False,
negative,/mnt/MammoDiffusion/MammoDiffusion/experiments/diffusers/04_sd21_lora/generated_images/final/negative/gen_2253.png,gen_2253.png,111.47800000000001,62.0,5.0,0.22436141967773438,0.8776332568222392,0.24106216430664062,162.67322330004905,53.767406454296996,6.5021802768159755,1688.492431640625,0.0,0.0,False,,-52.701408104970945,False,
negative,/mnt/MammoDiffusion/MammoDiffusion/experiments/diffusers/04_sd21_lora/generated_images/final/negative/gen_2254.png,gen_2254.png,29.7912,7.0,2.0,0.5371437072753906,0.9975214652472498,0.5418586730957031,127.50620577985849,57.23387912017288,6.948867786463881,1822.2620849609375,0.0,0.0,False,,-7.409398530534729,True,189.0
negative,/mnt/MammoDiffusion/MammoDiffusion/experiments/diffusers/04_sd21_lora/generated_images/final/negative/gen_2255.png,gen_2255.png,122.0604,37.0,9.0,0.36649322509765625,0.8515727460082853,0.33675384521484375,164.0486531185573,39.85138032228981,7.616087023633053,1946.521728515625,0.0,0.0,False,,-62.504923544091014,False,
negative,/mnt/MammoDiffusion/MammoDiffusion/experiments/diffusers/04_sd21_lora/generated_images/final/negative/gen_2256.png,gen_2256.png,144.8956,131.0,1.0,0.11918258666992188,0.5481867938418206,0.06351852416992188,184.15866914900005,20.72780719801939,5.156522788278213,312.583984375,0.0,0.0,True,too_empty,,False,
negative,/mnt/MammoDiffusion/MammoDiffusion/experiments/diffusers/04_sd21_lora/generated_images/final/negative/gen_2257.png,gen_2257.png,67.7912,45.0,2.0,0.42166900634765625,0.9634967160614449,0.4147911071777344,124.65404883432197,57.8975187521598,6.816971349351018,1517.792236328125,0.0,0.0,False,,-18.93158716758144,True,972.0
negative,/mnt/MammoDiffusion/MammoDiffusion/experiments/diffusers/04_sd21_lora/generated_images/final/negative/gen_2258.png,gen_2258.png,98.6868,67.0,3.0,0.2701263427734375,0.9779980794215669,0.2920989990234375,154.91046335475107,52.482872599772826,6.178656208373196,1201.164794921875,0.0,0.0,False,,-13.147359968305746,True,745.0
negative,/mnt/MammoDiffusion/MammoDiffusion/experiments/diffusers/04_sd21_lora/generated_images/final/negative/gen_2259.png,gen_2259.png,112.7912,90.0,2.0,0.17810440063476562,0.8548266186896271,0.17129898071289062,159.14579668188398,41.704268590716744,5.321333475272896,721.4732055664062,0.0,0.0,False,,-58.8316089843572,False,
negative,/mnt/MammoDiffusion/MammoDiffusion/experiments/diffusers/04_sd21_lora/generated_images/final/negative/gen_2260.png,gen_2260.png,140.6346,104.5,3.5,0.1651763916015625,0.8031408775981524,0.1456756591796875,174.2485073845187,28.509739002634664,5.899545680541628,741.6218872070312,0.0,0.0,False,,-79.83952897525832,False,
negative,/mnt/MammoDiffusion/MammoDiffusion/experiments/diffusers/04_sd21_lora/generated_images/final/negative/gen_2261.png,gen_2261.png,74.47800000000001,25.0,5.0,0.4723014831542969,0.9049599793233235,0.5112457275390625,124.24213550216386,52.154339551143416,7.554899919700034,2170.62646484375,0.0,0.0,False,,-42.96963295387458,False,
negative,/mnt/MammoDiffusion/MammoDiffusion/experiments/diffusers/04_sd21_lora/generated_images/final/negative/gen_2262.png,gen_2262.png,109.6868,78.0,3.0,0.235595703125,0.7303270725388601,0.24314498901367188,163.8984609109023,51.6723191574547,6.13013789364115,1064.7264404296875,0.0,0.0,True,fragmented_mask,,False,
negative,/mnt/MammoDiffusion/MammoDiffusion/experiments/diffusers/04_sd21_lora/generated_images/final/negative/gen_2263.png,gen_2263.png,85.8956,72.0,1.0,0.38321685791015625,0.9881243902924606,0.43027496337890625,138.468588754721,51.329609815593834,5.996183491919908,847.8576049804688,0.0,0.0,False,,-7.996358865783087,True,273.0
negative,/mnt/MammoDiffusion/MammoDiffusion/experiments/diffusers/04_sd21_lora/generated_images/final/negative/gen_2264.png,gen_2264.png,125.7912,103.0,2.0,0.07024383544921875,0.9580210709242968,0.06380081176757812,179.1646038863976,24.037091225624273,4.444146636537403,466.1880798339844,0.0,0.0,True,too_empty,,False,
negative,/mnt/MammoDiffusion/MammoDiffusion/experiments/diffusers/04_sd21_lora/generated_images/final/negative/gen_2265.png,gen_2265.png,118.5824,78.0,4.0,0.17494583129882812,0.9174898061533765,0.21193695068359375,154.17480830843442,50.349502455587995,6.232045975090619,1567.4906005859375,0.0,0.0,False,,-37.0520611417067,False,
negative,/mnt/MammoDiffusion/MammoDiffusion/experiments/diffusers/04_sd21_lora/generated_images/final/negative/gen_2266.png,gen_2266.png,63.6868,32.0,3.0,0.514739990234375,0.9872680381810636,0.5186691284179688,142.49121103805362,47.970648135236566,7.127383271963916,1643.4188232421875,0.0,0.0,False,,-10.822130062498386,True,606.0
negative,/mnt/MammoDiffusion/MammoDiffusion/experiments/diffusers/04_sd21_lora/generated_images/final/negative/gen_2267.png,gen_2267.png,179.0,159.0,5.0,0.04898834228515625,0.660255411929606,0.0340576171875,195.90557795698925,13.744098612283514,6.291347856299882,683.9987182617188,0.0,0.0,True,too_empty,,False,
negative,/mnt/MammoDiffusion/MammoDiffusion/experiments/diffusers/04_sd21_lora/generated_images/final/negative/gen_2268.png,gen_2268.png,117.8956,104.0,1.0,0.3280754089355469,0.8669348743648477,0.27997589111328125,155.92131509387687,32.52733219981136,5.761827163964268,448.0713195800781,0.0,0.0,False,,-54.33126210978555,False,
negative,/mnt/MammoDiffusion/MammoDiffusion/experiments/diffusers/04_sd21_lora/generated_images/final/negative/gen_2269.png,gen_2269.png,107.47800000000001,58.0,5.0,0.20822525024414062,0.9050105340294953,0.14944839477539062,181.30158000867857,43.74112020699103,6.609530493472961,1755.0921630859375,0.0,0.0,False,,-42.89915161211575,False,
negative,/mnt/MammoDiffusion/MammoDiffusion/experiments/diffusers/04_sd21_lora/generated_images/final/negative/gen_2270.png,gen_2270.png,220.0,252.0,1.0,0.2918510437011719,0.9493771811729645,0.26340484619140625,249.73821868211442,25.39271621544143,6.472938602778877,1579.5570068359375,0.0,0.0,False,,-26.648668045596356,True,1205.0
negative,/mnt/MammoDiffusion/MammoDiffusion/experiments/diffusers/04_sd21_lora/generated_images/final/negative/gen_2271.png,gen_2271.png,95.47800000000001,46.0,5.0,0.36121368408203125,0.8579469848980885,0.3130531311035156,158.85197099859866,52.77538726113584,7.1571917465311365,1933.1783447265625,0.0,0.0,False,,-60.444052137648136,False,
negative,/mnt/MammoDiffusion/MammoDiffusion/experiments/diffusers/04_sd21_lora/generated_images/final/negative/gen_2272.png,gen_2272.png,101.47800000000001,52.0,5.0,0.22657394409179688,0.8730701237477902,0.22210693359375,159.33082577631217,50.21486596321764,6.7016153778824865,1941.19482421875,0.0,0.0,False,,-54.815335889067086,False,
negative,/mnt/MammoDiffusion/MammoDiffusion/experiments/diffusers/04_sd21_lora/generated_images/final/negative/gen_2273.png,gen_2273.png,109.6868,78.0,3.0,0.180908203125,0.9233088731443995,0.21988677978515625,143.22445439089552,45.90056504782595,5.890504313226024,899.5626831054688,0.0,0.0,False,,-33.182520110544004,False,
negative,/mnt/MammoDiffusion/MammoDiffusion/experiments/diffusers/04_sd21_lora/generated_images/final/negative/gen_2274.png,gen_2274.png,108.6868,77.0,3.0,0.21910476684570312,0.9201211762452775,0.2170562744140625,155.9184358523726,43.05510232093604,5.900408645402537,785.9071044921875,0.0,0.0,False,,-34.33871051838814,False,
negative,/mnt/MammoDiffusion/MammoDiffusion/experiments/diffusers/04_sd21_lora/generated_images/final/negative/gen_2275.png,gen_2275.png,96.7912,74.0,2.0,0.4164695739746094,0.9522326539958782,0.4048919677734375,140.3212455247786,45.57222358599068,6.809534729766994,859.5541381835938,0.0,0.0,False,,-21.87083540956459,True,1072.0
negative,/mnt/MammoDiffusion/MammoDiffusion/experiments/diffusers/04_sd21_lora/generated_images/final/negative/gen_2276.png,gen_2276.png,118.6868,87.0,3.0,0.22085189819335938,0.8774505570429225,0.22296905517578125,168.43086398631308,51.9944385920829,6.226573733779084,1040.767578125,0.0,0.0,False,,-51.80536773426208,False,
negative,/mnt/MammoDiffusion/MammoDiffusion/experiments/diffusers/04_sd21_lora/generated_images/final/negative/gen_2277.png,gen_2277.png,114.6868,83.0,3.0,0.27710723876953125,0.8002945954131219,0.21958541870117188,163.40751871862133,41.15005432438316,6.366987027926951,1267.990234375,0.0,0.0,False,,-80.85347122241572,False,
negative,/mnt/MammoDiffusion/MammoDiffusion/experiments/diffusers/04_sd21_lora/generated_images/final/negative/gen_2278.png,gen_2278.png,220.0,253.0,1.0,0.29041290283203125,0.9220675160908971,0.262969970703125,252.43396773819194,14.598748865950421,6.522622226741749,2150.7470703125,0.0,0.0,False,,-38.44270873310408,False,
negative,/mnt/MammoDiffusion/MammoDiffusion/experiments/diffusers/04_sd21_lora/generated_images/final/negative/gen_2279.png,gen_2279.png,220.0,238.0,8.0,0.4025001525878906,0.9796802289765242,0.3839607238769531,244.98776986279594,12.07450811767411,6.611603534162519,1758.0484619140625,0.0,0.0,False,,-15.32375722579472,True,852.0
negative,/mnt/MammoDiffusion/MammoDiffusion/experiments/diffusers/04_sd21_lora/generated_images/final/negative/gen_2280.png,gen_2280.png,108.6868,77.0,3.0,0.17375946044921875,0.9368825466520307,0.17553329467773438,161.89588177768118,43.916701294661436,5.626141319632956,800.3374633789062,0.0,0.0,False,,-28.19745200036925,True,1246.0
negative,/mnt/MammoDiffusion/MammoDiffusion/experiments/diffusers/04_sd21_lora/generated_images/final/negative/gen_2281.png,gen_2281.png,136.7912,114.0,2.0,0.08998489379882812,0.9891474839967782,0.08515548706054688,182.46239304752945,20.1676963336146,4.650530841520544,526.8582153320312,0.0,0.0,True,too_empty,,False,
negative,/mnt/MammoDiffusion/MammoDiffusion/experiments/diffusers/04_sd21_lora/generated_images/final/negative/gen_2282.png,gen_2282.png,34.7912,12.0,2.0,0.5506515502929688,0.9967925181849671,0.5739212036132812,113.97280159521436,60.95898433684771,6.9015153281288395,1787.7857666015625,0.0,0.0,False,,-7.779145222157627,True,235.0
negative,/mnt/MammoDiffusion/MammoDiffusion/experiments/diffusers/04_sd21_lora/generated_images/final/negative/gen_2283.png,gen_2283.png,119.8956,106.0,1.0,0.16236114501953125,0.4720877778299892,0.091461181640625,150.64251751751752,38.966610995923396,4.877397683009234,462.16485595703125,0.0,0.0,True,too_empty,,False,
negative,/mnt/MammoDiffusion/MammoDiffusion/experiments/diffusers/04_sd21_lora/generated_images/final/negative/gen_2284.png,gen_2284.png,70.7912,48.0,2.0,0.22607421875,0.9339734071274298,0.2437896728515625,141.29107466983788,65.07021419738108,5.5393424966856415,1332.665771484375,0.0,0.0,False,,-30.249665496415265,True,1292.0
negative,/mnt/MammoDiffusion/MammoDiffusion/experiments/diffusers/04_sd21_lora/generated_images/final/negative/gen_2285.png,gen_2285.png,115.2692,48.0,7.0,0.18570327758789062,0.3703498284751751,0.08064651489257812,156.77281112530156,41.649632852422975,7.055754051913544,1141.0250244140625,0.0,0.0,True,too_empty,,False,
negative,/mnt/MammoDiffusion/MammoDiffusion/experiments/diffusers/04_sd21_lora/generated_images/final/negative/gen_2286.png,gen_2286.png,49.6868,18.0,3.0,0.6085014343261719,0.9940695232423283,0.6572837829589844,110.89095372686488,57.67990117463637,7.315368152267725,1735.0933837890625,0.0,0.0,False,,-9.425059297786564,True,472.0
negative,/mnt/MammoDiffusion/MammoDiffusion/experiments/diffusers/04_sd21_lora/generated_images/final/negative/gen_2287.png,gen_2287.png,16.8956,3.0,1.0,0.7827301025390625,0.9983429830204495,0.7796897888183594,109.57928186661839,54.475614544860164,7.1679048502155736,1470.2010498046875,0.0,0.0,False,,-7.95800484578137,True,263.0
negative,/mnt/MammoDiffusion/MammoDiffusion/experiments/diffusers/04_sd21_lora/generated_images/final/negative/gen_2288.png,gen_2288.png,220.0,228.0,22.0,0.24226760864257812,0.8528712465949708,0.20112991333007812,250.36187766714082,3.538576606814389,6.88091147952725,1784.56005859375,0.0,0.0,True,low_contrast,,False,
negative,/mnt/MammoDiffusion/MammoDiffusion/experiments/diffusers/04_sd21_lora/generated_images/final/negative/gen_2289.png,gen_2289.png,51.5824,11.0,4.0,0.4432640075683594,0.9757915300475908,0.5215415954589844,107.41116450529918,60.61471920892481,7.192588076404514,2463.22802734375,0.0,0.0,False,,-16.40357363483268,True,893.0
negative,/mnt/MammoDiffusion/MammoDiffusion/experiments/diffusers/04_sd21_lora/generated_images/final/negative/gen_2290.png,gen_2290.png,72.5824,32.0,4.0,0.4212303161621094,0.9499379658223377,0.45279693603515625,138.85648452374934,54.55033304028951,7.052299861080928,2010.6624755859375,0.0,0.0,False,,-25.25621468260284,True,1172.0
negative,/mnt/MammoDiffusion/MammoDiffusion/experiments/diffusers/04_sd21_lora/generated_images/final/negative/gen_2291.png,gen_2291.png,155.5824,115.0,4.0,0.060375213623046875,0.8838693372085676,0.0496063232421875,202.58566594893878,22.017658051713774,5.138639567507047,871.466796875,0.0,0.0,True,too_empty,,False,
negative,/mnt/MammoDiffusion/MammoDiffusion/experiments/diffusers/04_sd21_lora/generated_images/final/negative/gen_2292.png,gen_2292.png,125.8956,112.0,1.0,0.07225799560546875,0.9971491922711435,0.06833648681640625,159.45188121022665,18.534487920354216,3.683519532292431,149.03607177734375,0.0,0.0,True,too_empty,,False,
negative,/mnt/MammoDiffusion/MammoDiffusion/experiments/diffusers/04_sd21_lora/generated_images/final/negative/gen_2293.png,gen_2293.png,93.5824,53.0,4.0,0.46161651611328125,0.9489794231881663,0.4663581848144531,139.91059524101658,44.161978109597605,7.282453305428884,1817.62255859375,0.0,0.0,False,,-25.109648125715058,True,1170.0
negative,/mnt/MammoDiffusion/MammoDiffusion/experiments/diffusers/04_sd21_lora/generated_images/final/negative/gen_2294.png,gen_2294.png,212.434,74.0,15.0,0.0677337646484375,0.8273259743185402,0.0529327392578125,252.3029691553762,4.365229217594288,6.895152988292662,1331.138427734375,0.0,0.0,True,too_empty,,False,
negative,/mnt/MammoDiffusion/MammoDiffusion/experiments/diffusers/04_sd21_lora/generated_images/final/negative/gen_2295.png,gen_2295.png,87.5824,47.0,4.0,0.3226509094238281,0.9265910783745759,0.38092041015625,136.38757811248198,56.01020930353208,6.939803627679778,1707.0308837890625,0.0,0.0,False,,-33.23399634606744,False,
negative,/mnt/MammoDiffusion/MammoDiffusion/experiments/diffusers/04_sd21_lora/generated_images/final/negative/gen_2296.png,gen_2296.png,182.8956,169.0,1.0,0.08424758911132812,0.6980303373330314,0.059284210205078125,208.36831606717715,16.72365304939721,6.827234607752451,823.9116821289062,0.0,0.0,True,too_empty,,False,
negative,/mnt/MammoDiffusion/MammoDiffusion/experiments/diffusers/04_sd21_lora/generated_images/final/negative/gen_2297.png,gen_2297.png,120.6868,89.0,3.0,0.20907974243164062,0.8988669744020142,0.19068145751953125,165.31132717160804,39.96751099421791,6.173646198754689,1011.6309814453125,0.0,0.0,False,,-43.11161769806356,False,
negative,/mnt/MammoDiffusion/MammoDiffusion/experiments/diffusers/04_sd21_lora/generated_images/final/negative/gen_2298.png,gen_2298.png,91.8956,78.0,1.0,0.3299522399902344,0.982091450372854,0.34212493896484375,138.65079276587204,39.867650917307905,5.519969234588167,620.6845703125,0.0,0.0,False,,-9.154589284280616,True,441.0
negative,/mnt/MammoDiffusion/MammoDiffusion/experiments/diffusers/04_sd21_lora/generated_images/final/negative/gen_2299.png,gen_2299.png,170.0,81.0,21.0,0.048473358154296875,0.22420712992838593,0.011051177978515625,194.25819813600276,16.932920794286137,7.007761887905824,1481.7550048828125,0.0,0.0,True,too_empty,,False,
negative,/mnt/MammoDiffusion/MammoDiffusion/experiments/diffusers/04_sd21_lora/generated_images/final/negative/gen_2300.png,gen_2300.png,49.6868,18.0,3.0,0.5810928344726562,0.9913411672027834,0.5814781188964844,139.75004428233103,49.89611998514195,7.2667641227751805,1300.58447265625,0.0,0.0,False,,-9.418906939443804,True,471.0
negative,/mnt/MammoDiffusion/MammoDiffusion/experiments/diffusers/04_sd21_lora/generated_images/final/negative/gen_2301.png,gen_2301.png,81.6868,50.0,3.0,0.21696090698242188,0.8034109890109891,0.18370819091796875,136.02651688193032,56.509234634207615,6.335296603336534,1767.93359375,0.0,0.0,False,,-80.89524254246341,False,
negative,/mnt/MammoDiffusion/MammoDiffusion/experiments/diffusers/04_sd21_lora/generated_images/final/negative/gen_2302.png,gen_2302.png,146.478,97.0,5.0,0.051593780517578125,0.9611090573012939,0.047504425048828125,189.06849755079097,27.95461064459291,5.2847360613750505,1201.924072265625,0.0,0.0,True,too_empty,,False,
negative,/mnt/MammoDiffusion/MammoDiffusion/experiments/diffusers/04_sd21_lora/generated_images/final/negative/gen_2303.png,gen_2303.png,14.8956,1.0,1.0,0.5549468994140625,0.8604718304050153,0.4765510559082031,114.70937762657594,63.92122870690554,6.048179614718101,1796.500732421875,0.0,0.0,False,,-58.309340029307556,False,
negative,/mnt/MammoDiffusion/MammoDiffusion/experiments/diffusers/04_sd21_lora/generated_images/final/negative/gen_2304.png,gen_2304.png,99.7912,77.0,2.0,0.12857818603515625,0.9823176882454162,0.12444305419921875,177.27530500888972,36.55137590166979,4.942223963988082,613.4059448242188,0.0,0.0,False,,-10.845463795212197,True,609.0
negative,/mnt/MammoDiffusion/MammoDiffusion/experiments/diffusers/04_sd21_lora/generated_images/final/negative/gen_2305.png,gen_2305.png,61.6868,30.0,3.0,0.2834053039550781,0.9624325306556473,0.32649993896484375,130.6091833158079,65.38067442071728,6.392716029171524,2004.7799072265625,0.0,0.0,False,,-20.336338033318665,True,1024.0
negative,/mnt/MammoDiffusion/MammoDiffusion/experiments/diffusers/04_sd21_lora/generated_images/final/negative/gen_2306.png,gen_2306.png,42.8956,29.0,1.0,0.5809822082519531,0.990374324528401,0.5851783752441406,114.92820776918012,57.61753265212307,6.110653759859535,1027.8797607421875,0.0,0.0,False,,-8.449002621020547,True,344.0
negative,/mnt/MammoDiffusion/MammoDiffusion/experiments/diffusers/04_sd21_lora/generated_images/final/negative/gen_2307.png,gen_2307.png,107.6868,76.0,3.0,0.2805900573730469,0.9248181632791789,0.303985595703125,152.78356841682563,46.00087244381209,6.274537392999055,1458.52978515625,0.0,0.0,False,,-33.282708767632776,False,
negative,/mnt/MammoDiffusion/MammoDiffusion/experiments/diffusers/04_sd21_lora/generated_images/final/negative/gen_2308.png,gen_2308.png,103.7912,81.0,2.0,0.21850204467773438,0.9279317027182737,0.24216461181640625,160.0929082259538,53.805580712891434,5.8032196459805405,1112.865478515625,0.0,0.0,False,,-32.20913107459809,True,1352.0
negative,/mnt/MammoDiffusion/MammoDiffusion/experiments/diffusers/04_sd21_lora/generated_images/final/negative/gen_2309.png,gen_2309.png,42.6868,11.0,3.0,0.692779541015625,0.9941907845469362,0.7091484069824219,120.43823258866374,53.18682036850957,7.4549192616764905,1475.474365234375,0.0,0.0,False,,-9.428763805205518,True,473.0
negative,/mnt/MammoDiffusion/MammoDiffusion/experiments/diffusers/04_sd21_lora/generated_images/final/negative/gen_2310.png,gen_2310.png,135.5824,95.0,4.0,0.15963363647460938,0.806127081989151,0.1356201171875,176.8529196669667,33.64306320750379,6.157925799348532,1300.3350830078125,0.0,0.0,False,,-79.5045018104472,False,
negative,/mnt/MammoDiffusion/MammoDiffusion/experiments/diffusers/04_sd21_lora/generated_images/final/negative/gen_2311.png,gen_2311.png,117.7912,95.0,2.0,0.17954254150390625,0.9370246037479284,0.17516708374023438,151.4102005705699,31.061786625071765,5.474022834290496,753.0648803710938,0.0,0.0,False,,-27.95507454996232,True,1238.0
negative,/mnt/MammoDiffusion/MammoDiffusion/experiments/diffusers/04_sd21_lora/generated_images/final/negative/gen_2312.png,gen_2312.png,160.478,111.0,5.0,0.10140609741210938,0.432532069367641,0.04357147216796875,196.3293643845211,19.744717583581366,6.1412152699062394,1393.14892578125,0.0,0.0,True,too_empty,,False,
negative,/mnt/MammoDiffusion/MammoDiffusion/experiments/diffusers/04_sd21_lora/generated_images/final/negative/gen_2313.png,gen_2313.png,90.6868,59.0,3.0,0.29009246826171875,0.9430870788733136,0.288238525390625,150.8963605082054,44.991216335726925,6.091355109410396,1041.364990234375,0.0,0.0,False,,-25.66051511683248,True,1183.0
negative,/mnt/MammoDiffusion/MammoDiffusion/experiments/diffusers/04_sd21_lora/generated_images/final/negative/gen_2314.png,gen_2314.png,220.0,212.0,34.0,0.3562469482421875,0.9215745063605603,0.3293952941894531,244.33892691287681,19.57383068565424,6.59941277312923,1593.80615234375,0.0,0.0,False,,-37.09683150186765,False,
negative,/mnt/MammoDiffusion/MammoDiffusion/experiments/diffusers/04_sd21_lora/generated_images/final/negative/gen_2315.png,gen_2315.png,73.7912,51.0,2.0,0.28783416748046875,0.985805921488589,0.3270759582519531,129.39613487129844,56.23088363106833,5.806033202218858,1056.5809326171875,0.0,0.0,False,,-9.194263299562236,True,449.0
negative,/mnt/MammoDiffusion/MammoDiffusion/experiments/diffusers/04_sd21_lora/generated_images/final/negative/gen_2316.png,gen_2316.png,81.6868,50.0,3.0,0.34197235107421875,0.9581353323070745,0.3770637512207031,140.94607719156255,55.751931584249974,6.705089354588925,1704.2825927734375,0.0,0.0,False,,-21.15460254306833,True,1048.0
negative,/mnt/MammoDiffusion/MammoDiffusion/experiments/diffusers/04_sd21_lora/generated_images/final/negative/gen_2317.png,gen_2317.png,80.7912,58.0,2.0,0.3137969970703125,0.9687332847070265,0.3456993103027344,138.77489158381425,57.966537983729545,6.039789940392219,1014.1943969726562,0.0,0.0,False,,-15.946508003073856,True,876.0
negative,/mnt/MammoDiffusion/MammoDiffusion/experiments/diffusers/04_sd21_lora/generated_images/final/negative/gen_2318.png,gen_2318.png,57.8956,44.0,1.0,0.258270263671875,0.9263115916341723,0.27093505859375,133.0080958549223,66.55570413568881,5.444350602371104,1263.604736328125,0.0,0.0,False,,-32.735819980087484,False,
negative,/mnt/MammoDiffusion/MammoDiffusion/experiments/diffusers/04_sd21_lora/generated_images/final/negative/gen_2319.png,gen_2319.png,117.0,108.0,2.0,0.046955108642578125,0.9329758713136729,0.0338592529296875,176.08968003605227,24.740916675454592,4.21504821032046,327.879638671875,0.0,0.0,True,too_empty,,False,
negative,/mnt/MammoDiffusion/MammoDiffusion/experiments/diffusers/04_sd21_lora/generated_images/final/negative/gen_2320.png,gen_2320.png,195.0,192.0,0.0,0.045673370361328125,0.31170132798797295,0.018047332763671875,204.3726484886916,8.874188400429365,5.8141502240414535,475.0932922363281,0.0,0.0,True,too_empty,,False,
negative,/mnt/MammoDiffusion/MammoDiffusion/experiments/diffusers/04_sd21_lora/generated_images/final/negative/gen_2321.png,gen_2321.png,116.8956,103.0,1.0,0.21776962280273438,0.9270061485101687,0.22426605224609375,154.22267392413676,36.96593319950237,5.137644364305864,288.2587890625,0.0,0.0,False,,-31.32876520820503,True,1331.0
negative,/mnt/MammoDiffusion/MammoDiffusion/experiments/diffusers/04_sd21_lora/generated_images/final/negative/gen_2322.png,gen_2322.png,220.0,222.0,27.0,0.34587860107421875,0.9096503805007169,0.3084602355957031,248.51275645861418,17.422598179976067,6.722895246611918,1419.5491943359375,0.0,0.0,False,,-41.82501764067794,False,
negative,/mnt/MammoDiffusion/MammoDiffusion/experiments/diffusers/04_sd21_lora/generated_images/final/negative/gen_2323.png,gen_2323.png,220.0,92.0,88.0,0.1065216064453125,0.4394427732416559,0.0444793701171875,253.3837907375643,8.93838032980185,6.849866839395076,1943.652099609375,0.0,0.0,True,too_empty,,False,
negative,/mnt/MammoDiffusion/MammoDiffusion/experiments/diffusers/04_sd21_lora/generated_images/final/negative/gen_2324.png,gen_2324.png,114.5824,74.0,4.0,0.26459503173828125,0.9130503734033044,0.2840232849121094,168.33577328587737,50.867368092234656,6.660460328619316,1599.751220703125,0.0,0.0,False,,-38.93216712570083,False,
negative,/mnt/MammoDiffusion/MammoDiffusion/experiments/diffusers/04_sd21_lora/generated_images/final/negative/gen_2325.png,gen_2325.png,95.7912,73.0,2.0,0.22300338745117188,0.9374775483672317,0.26061248779296875,144.9247782429228,55.86453826330863,5.54917334056288,1049.51171875,0.0,0.0,False,,-28.007398123212116,True,1240.0
negative,/mnt/MammoDiffusion/MammoDiffusion/experiments/diffusers/04_sd21_lora/generated_images/final/negative/gen_2326.png,gen_2326.png,99.6868,68.0,3.0,0.24376296997070312,0.9643354564091329,0.27379608154296875,146.99246245158415,49.923190497553776,6.036812176114256,902.59423828125,0.0,0.0,False,,-17.661740819125043,True,929.0
negative,/mnt/MammoDiffusion/MammoDiffusion/experiments/diffusers/04_sd21_lora/generated_images/final/negative/gen_2327.png,gen_2327.png,124.8956,111.0,1.0,0.065093994140625,0.989451476793249,0.06043243408203125,167.60453225602828,20.76586492246432,3.5628504419095757,112.63630676269531,0.0,0.0,True,too_empty,,False,
negative,/mnt/MammoDiffusion/MammoDiffusion/experiments/diffusers/04_sd21_lora/generated_images/final/negative/gen_2328.png,gen_2328.png,151.5824,111.0,4.0,0.13072586059570312,0.38982754092620153,0.051479339599609375,184.18651352352722,25.80920611097216,6.024552077715906,951.943115234375,0.0,0.0,True,too_empty,,False,
negative,/mnt/MammoDiffusion/MammoDiffusion/experiments/diffusers/04_sd21_lora/generated_images/final/negative/gen_2329.png,gen_2329.png,96.6868,65.0,3.0,0.18218612670898438,0.8743273519127285,0.16314697265625,152.397493453049,46.89814240080056,6.021642782992924,1229.3885498046875,0.0,0.0,False,,-52.91529289089481,False,
negative,/mnt/MammoDiffusion/MammoDiffusion/experiments/diffusers/04_sd21_lora/generated_images/final/negative/gen_2330.png,gen_2330.png,107.8956,94.0,1.0,0.1628570556640625,0.4729691745526094,0.07522964477539062,179.54931291516658,35.395348606361736,5.611850356950209,454.9114990234375,0.0,0.0,True,too_empty,,False,
negative,/mnt/MammoDiffusion/MammoDiffusion/experiments/diffusers/04_sd21_lora/generated_images/final/negative/gen_2331.png,gen_2331.png,114.7912,92.0,2.0,0.11761093139648438,0.9458661736563848,0.11577224731445312,163.14573791558206,39.5407665565808,4.648518301517123,456.0271911621094,0.0,0.0,False,,-24.32228106872553,True,1140.0
negative,/mnt/MammoDiffusion/MammoDiffusion/experiments/diffusers/04_sd21_lora/generated_images/final/negative/gen_2332.png,gen_2332.png,220.0,206.0,43.0,0.3827400207519531,0.9340994488353782,0.35657501220703125,247.8061386053876,21.563433487114644,6.478031107437323,1681.227783203125,0.0,0.0,False,,-32.12799818887878,True,1350.0
negative,/mnt/MammoDiffusion/MammoDiffusion/experiments/diffusers/04_sd21_lora/generated_images/final/negative/gen_2333.png,gen_2333.png,220.0,211.0,32.0,0.22103500366210938,0.9234592616882108,0.19075393676757812,239.11742825717428,33.607901751217156,7.146780207894296,1573.653076171875,0.0,0.0,False,,-36.90759072614051,False,
negative,/mnt/MammoDiffusion/MammoDiffusion/experiments/diffusers/04_sd21_lora/generated_images/final/negative/gen_2334.png,gen_2334.png,160.8956,147.0,1.0,0.11409378051757812,0.5707646527800997,0.06363677978515625,201.90564680493947,22.587897936765007,6.635258638587798,912.1636352539062,0.0,0.0,True,too_empty,,False,
negative,/mnt/MammoDiffusion/MammoDiffusion/experiments/diffusers/04_sd21_lora/generated_images/final/negative/gen_2335.png,gen_2335.png,208.0,191.0,8.0,0.046844482421875,0.299185667752443,0.013538360595703125,219.51310228233305,11.902944609458801,7.036402932827945,1923.519775390625,0.0,0.0,True,too_empty,,False,
negative,/mnt/MammoDiffusion/MammoDiffusion/experiments/diffusers/04_sd21_lora/generated_images/final/negative/gen_2336.png,gen_2336.png,220.0,252.0,3.0,0.181243896484375,0.8529003199191784,0.14324569702148438,254.5746584644883,3.883171950011128,6.698581769315618,1737.53662109375,0.0,0.0,True,low_contrast,,False,
negative,/mnt/MammoDiffusion/MammoDiffusion/experiments/diffusers/04_sd21_lora/generated_images/final/negative/gen_2337.png,gen_2337.png,52.5824,12.0,4.0,0.5790519714355469,0.9943344642445403,0.6001777648925781,122.35555795669059,52.93926686489735,7.371204706275868,1599.4322509765625,0.0,0.0,False,,-8.752559377882175,True,383.0
negative,/mnt/MammoDiffusion/MammoDiffusion/experiments/diffusers/04_sd21_lora/generated_images/final/negative/gen_2338.png,gen_2338.png,159.6868,128.0,3.0,0.166046142578125,0.5281887520676346,0.08687973022460938,203.0749945115258,19.545386298275545,5.883583767230996,813.6427612304688,0.0,0.0,True,too_empty,,False,
negative,/mnt/MammoDiffusion/MammoDiffusion/experiments/diffusers/04_sd21_lora/generated_images/final/negative/gen_2339.png,gen_2339.png,97.6868,66.0,3.0,0.18312454223632812,0.960566607645037,0.20232009887695312,156.2787110884854,53.123240336163164,5.962988462657255,1262.65185546875,0.0,0.0,False,,-20.32539891046231,True,1022.0
negative,/mnt/MammoDiffusion/MammoDiffusion/experiments/diffusers/04_sd21_lora/generated_images/final/negative/gen_2340.png,gen_2340.png,84.7912,62.0,2.0,0.3186225891113281,0.9828314875785693,0.3213348388671875,151.84704876774776,43.88737309164204,5.866702869895105,508.60931396484375,0.0,0.0,False,,-9.904756365742935,True,524.0
negative,/mnt/MammoDiffusion/MammoDiffusion/experiments/diffusers/04_sd21_lora/generated_images/final/negative/gen_2341.png,gen_2341.png,82.6868,51.0,3.0,0.2895851135253906,0.9752348082673586,0.3277931213378906,139.7685298327689,58.005296237757406,6.43876929115838,1624.75341796875,0.0,0.0,False,,-14.768446153536543,True,820.0
negative,/mnt/MammoDiffusion/MammoDiffusion/experiments/diffusers/04_sd21_lora/generated_images/final/negative/gen_2342.png,gen_2342.png,217.8956,204.0,1.0,0.053050994873046875,0.5902063708923564,0.029018402099609375,227.99329564874458,6.5550490523831275,6.169998347400815,1053.4322509765625,0.0,0.0,True,too_empty,,False,
negative,/mnt/MammoDiffusion/MammoDiffusion/experiments/diffusers/04_sd21_lora/generated_images/final/negative/gen_2343.png,gen_2343.png,135.8956,122.0,1.0,0.19211578369140625,0.7519161272387912,0.07647323608398438,183.94552800917842,22.5614147352817,5.499409825282783,286.382568359375,0.0,0.0,True,too_empty,,False,
negative,/mnt/MammoDiffusion/MammoDiffusion/experiments/diffusers/04_sd21_lora/generated_images/final/negative/gen_2344.png,gen_2344.png,117.5824,77.0,4.0,0.238037109375,0.8878685897435897,0.25957489013671875,164.14062545924816,52.28177273509011,6.472424771530443,1416.6405029296875,0.0,0.0,False,,-48.25238255390767,False,
negative,/mnt/MammoDiffusion/MammoDiffusion/experiments/diffusers/04_sd21_lora/generated_images/final/negative/gen_2345.png,gen_2345.png,220.0,254.0,1.0,0.2961273193359375,0.5797135054361828,0.167266845703125,253.79989965334792,9.128052620086516,6.505628311048579,1768.871337890625,0.0,0.0,True,fragmented_mask,,False,
negative,/mnt/MammoDiffusion/MammoDiffusion/experiments/diffusers/04_sd21_lora/generated_images/final/negative/gen_2346.png,gen_2346.png,17.8956,4.0,1.0,0.728240966796875,0.9952279679839081,0.7225685119628906,115.62253124059615,56.40909979379151,7.22406230147899,1305.3995361328125,0.0,0.0,False,,-8.793275336902225,True,390.0
negative,/mnt/MammoDiffusion/MammoDiffusion/experiments/diffusers/04_sd21_lora/generated_images/final/negative/gen_2347.png,gen_2347.png,35.7912,13.0,2.0,0.45427703857421875,0.9902507431604051,0.5107345581054688,102.13819219335853,64.1946952568779,6.771313518938914,2275.3173828125,0.0,0.0,False,,-10.337895188038882,True,564.0
negative,/mnt/MammoDiffusion/MammoDiffusion/experiments/diffusers/04_sd21_lora/generated_images/final/negative/gen_2348.png,gen_2348.png,83.7912,61.0,2.0,0.3326530456542969,0.9402199465614715,0.38848114013671875,134.52103340599777,58.38741159982927,6.231928822885531,1097.36767578125,0.0,0.0,False,,-26.732469653555455,True,1207.0
negative,/mnt/MammoDiffusion/MammoDiffusion/experiments/diffusers/04_sd21_lora/generated_images/final/negative/gen_2349.png,gen_2349.png,135.6868,104.0,3.0,0.17273330688476562,0.8616196638766812,0.15140914916992188,183.45360409160767,36.19985498163227,5.701702730901971,703.2766723632812,0.0,0.0,False,,-57.14098907936365,False,
negative,/mnt/MammoDiffusion/MammoDiffusion/experiments/diffusers/04_sd21_lora/generated_images/final/negative/gen_2350.png,gen_2350.png,131.7912,109.0,2.0,0.10357666015625,0.9968694755450795,0.09903335571289062,168.8432263780286,19.807783546481186,4.3473335131851325,321.3316345214844,0.0,0.0,True,too_empty,,False,
negative,/mnt/MammoDiffusion/MammoDiffusion/experiments/diffusers/04_sd21_lora/generated_images/final/negative/gen_2351.png,gen_2351.png,136.0,125.0,2.0,0.0495452880859375,0.9335540498922081,0.04259490966796875,189.23043166756224,21.33016240788405,4.453792482187407,435.0477600097656,0.0,0.0,True,too_empty,,False,
negative,/mnt/MammoDiffusion/MammoDiffusion/experiments/diffusers/04_sd21_lora/generated_images/final/negative/gen_2352.png,gen_2352.png,87.5824,47.0,4.0,0.39862060546875,0.986343974888991,0.4498291015625,139.99343622795115,49.92759385230037,6.976096644228591,1613.848876953125,0.0,0.0,False,,-10.601985132386648,True,586.0
negative,/mnt/MammoDiffusion/MammoDiffusion/experiments/diffusers/04_sd21_lora/generated_images/final/negative/gen_2353.png,gen_2353.png,127.0,122.0,0.0,0.14876556396484375,0.43748397353710444,0.06340408325195312,186.78990433788582,32.478895737201995,4.60325671368239,511.9977722167969,0.0,0.0,True,too_empty,,False,
negative,/mnt/MammoDiffusion/MammoDiffusion/experiments/diffusers/04_sd21_lora/generated_images/final/negative/gen_2354.png,gen_2354.png,103.7912,81.0,2.0,0.22062301635742188,0.9270510936284257,0.24405288696289062,152.03071416290229,48.08892075584392,5.765334302589048,900.3841552734375,0.0,0.0,False,,-31.767038382691158,True,1337.0
negative,/mnt/MammoDiffusion/MammoDiffusion/experiments/diffusers/04_sd21_lora/generated_images/final/negative/gen_2355.png,gen_2355.png,108.8956,95.0,1.0,0.342620849609375,0.9115302396009619,0.28124237060546875,154.23505954480103,37.82675066923186,6.122074436567045,608.8707275390625,0.0,0.0,False,,-37.177948925112666,False,
negative,/mnt/MammoDiffusion/MammoDiffusion/experiments/diffusers/04_sd21_lora/generated_images/final/negative/gen_2356.png,gen_2356.png,132.7912,110.0,2.0,0.050708770751953125,0.976303317535545,0.04644775390625,170.98004270696453,21.69974170984827,4.00254408836024,238.64193725585938,0.0,0.0,True,too_empty,,False,
negative,/mnt/MammoDiffusion/MammoDiffusion/experiments/diffusers/04_sd21_lora/generated_images/final/negative/gen_2357.png,gen_2357.png,187.0,166.0,10.0,0.049224853515625,0.5214662120272784,0.026592254638671875,202.30569502223497,13.035728596486623,7.183310250231882,1043.9627685546875,0.0,0.0,True,too_empty,,False,
negative,/mnt/MammoDiffusion/MammoDiffusion/experiments/diffusers/04_sd21_lora/generated_images/final/negative/gen_2358.png,gen_2358.png,72.5824,32.0,4.0,0.3232765197753906,0.9285267567408106,0.36993408203125,134.26120895891768,59.98375772807083,6.724425068087425,1635.6737060546875,0.0,0.0,False,,-32.4730159183117,True,1358.0
negative,/mnt/MammoDiffusion/MammoDiffusion/experiments/diffusers/04_sd21_lora/generated_images/final/negative/gen_2359.png,gen_2359.png,133.7912,111.0,2.0,0.08646011352539062,0.9696007059342598,0.0812225341796875,183.60830358820215,22.027740750562685,4.53987227595164,439.2967224121094,0.0,0.0,True,too_empty,,False,
negative,/mnt/MammoDiffusion/MammoDiffusion/experiments/diffusers/04_sd21_lora/generated_images/final/negative/gen_2360.png,gen_2360.png,104.6868,73.0,3.0,0.19068527221679688,0.6843579330625963,0.14075851440429688,169.03642375132117,45.18451502471091,5.95753144234593,1033.71533203125,0.0,0.0,True,fragmented_mask,,False,
negative,/mnt/MammoDiffusion/MammoDiffusion/experiments/diffusers/04_sd21_lora/generated_images/final/negative/gen_2361.png,gen_2361.png,173.6868,142.0,3.0,0.06914901733398438,0.8941909858222541,0.06505584716796875,190.62149642312653,15.381985383590516,4.775936405006133,567.1849975585938,0.0,0.0,True,too_empty,,False,
negative,/mnt/MammoDiffusion/MammoDiffusion/experiments/diffusers/04_sd21_lora/generated_images/final/negative/gen_2362.png,gen_2362.png,132.8956,119.0,1.0,0.26663970947265625,0.8974076511488168,0.27675628662109375,167.4663404548587,32.85107118591262,5.410902578018651,470.7469787597656,0.0,0.0,False,,-42.64857841296627,False,
negative,/mnt/MammoDiffusion/MammoDiffusion/experiments/diffusers/04_sd21_lora/generated_images/final/negative/gen_2363.png,gen_2363.png,220.0,244.0,1.0,0.3137054443359375,0.9658178899751934,0.2955741882324219,242.27957100267156,24.4050273044164,6.7387470580375295,1768.359130859375,0.0,0.0,False,,-20.59086252039742,True,1032.0
negative,/mnt/MammoDiffusion/MammoDiffusion/experiments/diffusers/04_sd21_lora/generated_images/final/negative/gen_2364.png,gen_2364.png,74.6868,43.0,3.0,0.3029136657714844,0.9857191431485889,0.3403282165527344,133.3798800650115,59.0882213813412,6.329069169061906,1575.7578125,0.0,0.0,False,,-10.49361550670159,True,582.0
negative,/mnt/MammoDiffusion/MammoDiffusion/experiments/diffusers/04_sd21_lora/generated_images/final/negative/gen_2365.png,gen_2365.png,127.5824,87.0,4.0,0.17647933959960938,0.7775328015909042,0.14939498901367188,179.97380180272197,42.53362420215721,6.22066582152815,1334.214111328125,0.0,0.0,False,,-90.29394912548996,False,
negative,/mnt/MammoDiffusion/MammoDiffusion/experiments/diffusers/04_sd21_lora/generated_images/final/negative/gen_2366.png,gen_2366.png,98.7912,76.0,2.0,0.255859375,0.9646797471374046,0.2757530212402344,146.26739247720892,46.923202581877376,5.576338450259404,641.0552368164062,0.0,0.0,False,,-16.74368963850867,True,898.0
negative,/mnt/MammoDiffusion/MammoDiffusion/experiments/diffusers/04_sd21_lora/generated_images/final/negative/gen_2367.png,gen_2367.png,51.7912,29.0,2.0,0.4936981201171875,0.9962447844228095,0.4949760437011719,134.76175099225463,49.61335852053883,6.709303084787819,1402.239501953125,0.0,0.0,False,,-6.534304619032523,True,103.0
negative,/mnt/MammoDiffusion/MammoDiffusion/experiments/diffusers/04_sd21_lora/generated_images/final/negative/gen_2368.png,gen_2368.png,132.7912,110.0,2.0,0.1483306884765625,0.5028289270651167,0.07699203491210938,179.9879106178467,41.72151229910702,4.799436101613787,681.2681274414062,0.0,0.0,True,too_empty,,False,
negative,/mnt/MammoDiffusion/MammoDiffusion/experiments/diffusers/04_sd21_lora/generated_images/final/negative/gen_2369.png,gen_2369.png,82.7912,60.0,2.0,0.3402595520019531,0.8732356469387984,0.4195137023925781,126.61673319814864,55.04431630802996,6.459146576670369,1016.3809204101562,0.0,0.0,False,,-52.12488428505882,False,
negative,/mnt/MammoDiffusion/MammoDiffusion/experiments/diffusers/04_sd21_lora/generated_images/final/negative/gen_2370.png,gen_2370.png,125.6868,94.0,3.0,0.14918136596679688,0.9634592272483187,0.16150283813476562,169.66714694002883,41.90375729027897,5.487965549210042,718.26513671875,0.0,0.0,False,,-18.010150570795716,True,938.0
negative,/mnt/MammoDiffusion/MammoDiffusion/experiments/diffusers/04_sd21_lora/generated_images/final/negative/gen_2371.png,gen_2371.png,67.7912,45.0,2.0,0.30022430419921875,0.9378795964524409,0.3595161437988281,122.81101384688843,63.013256179335244,6.076751200878517,1249.5736083984375,0.0,0.0,False,,-27.89521832223299,True,1235.0
negative,/mnt/MammoDiffusion/MammoDiffusion/experiments/diffusers/04_sd21_lora/generated_images/final/negative/gen_2372.png,gen_2372.png,86.7912,64.0,2.0,0.3523368835449219,0.9822114916146076,0.3844642639160156,147.1882819864067,51.7523797276184,6.286333788949701,1074.4427490234375,0.0,0.0,False,,-10.672802452086344,True,597.0
negative,/mnt/MammoDiffusion/MammoDiffusion/experiments/diffusers/04_sd21_lora/generated_images/final/negative/gen_2373.png,gen_2373.png,101.6868,70.0,3.0,0.256683349609375,0.9078884793722506,0.2370147705078125,161.326450138415,54.70537511290387,6.441063326913093,1498.409912109375,0.0,0.0,False,,-40.97121105889972,False,
negative,/mnt/MammoDiffusion/MammoDiffusion/experiments/diffusers/04_sd21_lora/generated_images/final/negative/gen_2374.png,gen_2374.png,186.0,152.0,12.0,0.04918670654296875,0.6450286955172949,0.039058685302734375,197.52915323762087,11.775196152671391,7.186116093219921,1017.2581787109375,0.0,0.0,True,too_empty,,False,
negative,/mnt/MammoDiffusion/MammoDiffusion/experiments/diffusers/04_sd21_lora/generated_images/final/negative/gen_2375.png,gen_2375.png,140.0,135.0,0.0,0.11594390869140625,0.5071395670198066,0.057586669921875,188.67474827768945,26.53069261513556,5.207120364898206,304.6209716796875,0.0,0.0,True,too_empty,,False,
negative,/mnt/MammoDiffusion/MammoDiffusion/experiments/diffusers/04_sd21_lora/generated_images/final/negative/gen_2376.png,gen_2376.png,15.8956,2.0,1.0,0.7073822021484375,0.997772816497336,0.7031097412109375,131.14892901321645,49.08262814271119,7.040065483631013,1347.624267578125,0.0,0.0,False,,-7.475292511594274,True,198.0
negative,/mnt/MammoDiffusion/MammoDiffusion/experiments/diffusers/04_sd21_lora/generated_images/final/negative/gen_2377.png,gen_2377.png,59.7912,37.0,2.0,0.348968505859375,0.9660472234368168,0.44617462158203125,112.68187103503702,65.45224915805944,6.3243890695072285,1512.4617919921875,0.0,0.0,False,,-17.947625353436457,True,937.0
negative,/mnt/MammoDiffusion/MammoDiffusion/experiments/diffusers/04_sd21_lora/generated_images/final/negative/gen_2378.png,gen_2378.png,158.5824,118.0,4.0,0.0695343017578125,0.9741606319947334,0.06388473510742188,194.61258732907388,17.701377774045792,5.027126466932522,692.341552734375,0.0,0.0,True,too_empty,,False,
negative,/mnt/MammoDiffusion/MammoDiffusion/experiments/diffusers/04_sd21_lora/generated_images/final/negative/gen_2379.png,gen_2379.png,154.5824,114.0,4.0,0.10575103759765625,0.8756222494769497,0.09367752075195312,192.73478030704075,20.639165305956578,5.259058119236659,884.5714721679688,0.0,0.0,True,too_empty,,False,
negative,/mnt/MammoDiffusion/MammoDiffusion/experiments/diffusers/04_sd21_lora/generated_images/final/negative/gen_2380.png,gen_2380.png,98.47800000000001,49.0,5.0,0.23131942749023438,0.9227230000494732,0.22605514526367188,162.28422686849254,49.131237128571584,6.560010019780869,1679.335205078125,0.0,0.0,False,,-35.474187682626464,False,
negative,/mnt/MammoDiffusion/MammoDiffusion/experiments/diffusers/04_sd21_lora/generated_images/final/negative/gen_2381.png,gen_2381.png,86.5824,46.0,4.0,0.24663925170898438,0.9161549764132705,0.31719970703125,132.73174427554358,60.75217469703546,6.550073559905554,2160.69091796875,0.0,0.0,False,,-38.087437266952314,False,
negative,/mnt/MammoDiffusion/MammoDiffusion/experiments/diffusers/04_sd21_lora/generated_images/final/negative/gen_2382.png,gen_2382.png,91.6868,60.0,3.0,0.3037605285644531,0.9380878825553505,0.3623504638671875,139.7294289805028,57.193231826615104,6.516836219202999,1283.3941650390625,0.0,0.0,False,,-28.198797498007593,True,1247.0
negative,/mnt/MammoDiffusion/MammoDiffusion/experiments/diffusers/04_sd21_lora/generated_images/final/negative/gen_2383.png,gen_2383.png,128.6868,97.0,3.0,0.3630523681640625,0.8655066616231665,0.3254737854003906,167.44528310732412,32.107121149609206,6.7146964255619395,291.4114990234375,0.0,0.0,False,,-55.80587682212186,False,
negative,/mnt/MammoDiffusion/MammoDiffusion/experiments/diffusers/04_sd21_lora/generated_images/final/negative/gen_2384.png,gen_2384.png,60.8956,47.0,1.0,0.5828971862792969,0.9683710398356054,0.6049919128417969,118.29334468299757,51.92682913975859,6.58090200428836,984.6724853515625,0.0,0.0,False,,-17.025549375918814,True,912.0
negative,/mnt/MammoDiffusion/MammoDiffusion/experiments/diffusers/04_sd21_lora/generated_images/final/negative/gen_2385.png,gen_2385.png,69.8956,56.0,1.0,0.5022659301757812,0.9945240229064451,0.5311164855957031,119.52857522498904,44.84308284502524,6.107526681359652,983.431640625,0.0,0.0,False,,-5.841295647883484,True,57.0
negative,/mnt/MammoDiffusion/MammoDiffusion/experiments/diffusers/04_sd21_lora/generated_images/final/negative/gen_2386.png,gen_2386.png,32.8956,19.0,1.0,0.6468315124511719,0.998673059570779,0.6465682983398438,116.23249200561672,51.530750502702226,6.826524043263478,887.870849609375,0.0,0.0,False,,-5.830210706562525,True,55.0
negative,/mnt/MammoDiffusion/MammoDiffusion/experiments/diffusers/04_sd21_lora/generated_images/final/negative/gen_2387.png,gen_2387.png,97.6868,66.0,3.0,0.4130401611328125,0.8543536887214156,0.5225143432617188,134.88889132244074,51.47270578988631,7.08890855367501,1481.3153076171875,0.0,0.0,False,,-61.08874990216884,False,
negative,/mnt/MammoDiffusion/MammoDiffusion/experiments/diffusers/04_sd21_lora/generated_images/final/negative/gen_2388.png,gen_2388.png,220.0,240.0,9.0,0.32019805908203125,0.9143891920226834,0.2874298095703125,247.4690768169029,17.48008860838106,7.019922016311786,1613.167724609375,0.0,0.0,False,,-40.65600392051559,False,
negative,/mnt/MammoDiffusion/MammoDiffusion/experiments/diffusers/04_sd21_lora/generated_images/final/negative/gen_2389.png,gen_2389.png,128.7912,106.0,2.0,0.15473556518554688,0.47740551734339176,0.1387481689453125,166.58737490377214,31.191186521891993,5.2362080589274855,531.2319946289062,0.0,0.0,True,fragmented_mask,,False,
negative,/mnt/MammoDiffusion/MammoDiffusion/experiments/diffusers/04_sd21_lora/generated_images/final/negative/gen_2390.png,gen_2390.png,118.7912,96.0,2.0,0.18445587158203125,0.9311535757124539,0.18933486938476562,163.17252634336026,41.69403886474119,5.424398162111413,698.6541748046875,0.0,0.0,False,,-29.87513972115238,True,1285.0
negative,/mnt/MammoDiffusion/MammoDiffusion/experiments/diffusers/04_sd21_lora/generated_images/final/negative/gen_2391.png,gen_2391.png,220.0,237.0,3.0,0.4541664123535156,0.9582384908069244,0.4317893981933594,238.3771412921522,18.151273070491737,6.311812353299742,1837.6259765625,0.0,0.0,False,,-23.164940146457603,True,1115.0
negative,/mnt/MammoDiffusion/MammoDiffusion/experiments/diffusers/04_sd21_lora/generated_images/final/negative/gen_2392.png,gen_2392.png,48.8956,35.0,1.0,0.44443511962890625,0.9688599728769334,0.4921150207519531,102.7539242665013,56.3338133436646,6.219118124667702,1308.9932861328125,0.0,0.0,False,,-16.16614834332359,True,884.0
negative,/mnt/MammoDiffusion/MammoDiffusion/experiments/diffusers/04_sd21_lora/generated_images/final/negative/gen_2393.png,gen_2393.png,10.0,1.0,0.0,0.8686408996582031,0.9981862816138142,0.863372802734375,117.23009525997666,50.8832399420499,7.28868428136329,961.6727905273438,0.0,0.0,False,,-7.950763400755142,True,261.0
negative,/mnt/MammoDiffusion/MammoDiffusion/experiments/diffusers/04_sd21_lora/generated_images/final/negative/gen_2394.png,gen_2394.png,84.6868,53.0,3.0,0.24135971069335938,0.9893632153751324,0.2683868408203125,146.9491869918699,57.92309152784934,5.893789135118338,1406.182373046875,0.0,0.0,False,,-9.178816904065044,True,447.0
negative,/mnt/MammoDiffusion/MammoDiffusion/experiments/diffusers/04_sd21_lora/generated_images/final/negative/gen_2395.png,gen_2395.png,135.0,132.0,1.0,0.03397369384765625,0.5213339321805525,0.01445770263671875,183.31952506596306,22.707269041445997,3.0154834779810398,85.57879638671875,0.0,0.0,True,too_empty,,False,
negative,/mnt/MammoDiffusion/MammoDiffusion/experiments/diffusers/04_sd21_lora/generated_images/final/negative/gen_2396.png,gen_2396.png,93.8956,80.0,1.0,0.3560142517089844,0.9828988395641133,0.39844512939453125,142.00911440880805,47.584455801462404,5.339434565383685,665.8408813476562,0.0,0.0,False,,-8.8985394461459,True,406.0
negative,/mnt/MammoDiffusion/MammoDiffusion/experiments/diffusers/04_sd21_lora/generated_images/final/negative/gen_2397.png,gen_2397.png,220.0,60.0,19.0,0.07820510864257812,0.5433881274084191,0.04117584228515625,253.2904391328516,6.224823096207045,6.978648046396183,1068.7744140625,0.0,0.0,True,too_empty,,False,
negative,/mnt/MammoDiffusion/MammoDiffusion/experiments/diffusers/04_sd21_lora/generated_images/final/negative/gen_2398.png,gen_2398.png,109.6868,78.0,3.0,0.22283172607421875,0.8554798507207176,0.16872406005859375,176.01078453538324,44.569909383160805,6.071933325796904,1299.2264404296875,0.0,0.0,False,,-60.454343382192405,False,
negative,/mnt/MammoDiffusion/MammoDiffusion/experiments/diffusers/04_sd21_lora/generated_images/final/negative/gen_2399.png,gen_2399.png,88.7912,66.0,2.0,0.6720504760742188,0.9908896886033126,0.7313117980957031,131.31308389277498,41.74210309012641,7.18256725151597,721.3796997070312,0.0,0.0,False,,-9.174576908921647,True,445.0
negative,/mnt/MammoDiffusion/MammoDiffusion/experiments/diffusers/04_sd21_lora/generated_images/final/negative/gen_2400.png,gen_2400.png,87.8956,74.0,1.0,0.33889007568359375,0.9447983970823296,0.3854331970214844,129.9491780401627,48.20493412955756,5.771368941345475,596.205322265625,0.0,0.0,False,,-23.55377485020762,True,1129.0
negative,/mnt/MammoDiffusion/MammoDiffusion/experiments/diffusers/04_sd21_lora/generated_images/final/negative/gen_2401.png,gen_2401.png,175.0,143.0,4.0,0.04961395263671875,0.697524219590958,0.031688690185546875,194.2623088961117,12.26140499108024,6.005309610372367,795.15771484375,0.0,0.0,True,too_empty,,False,
negative,/mnt/MammoDiffusion/MammoDiffusion/experiments/diffusers/04_sd21_lora/generated_images/final/negative/gen_2402.png,gen_2402.png,142.0,135.0,2.0,0.04857635498046875,0.4768336736296529,0.0215301513671875,192.5487243090007,19.343392468189855,4.056236160019369,322.47308349609375,0.0,0.0,True,too_empty,,False,
negative,/mnt/MammoDiffusion/MammoDiffusion/experiments/diffusers/04_sd21_lora/generated_images/final/negative/gen_2403.png,gen_2403.png,137.6868,106.0,3.0,0.14695358276367188,0.7639591932092517,0.07445144653320312,189.8418814366962,26.18778482604205,5.611666913065323,819.9083251953125,0.0,0.0,True,too_empty,,False,
negative,/mnt/MammoDiffusion/MammoDiffusion/experiments/diffusers/04_sd21_lora/generated_images/final/negative/gen_2404.png,gen_2404.png,42.0,37.0,0.0,0.4623832702636719,0.9872701322487233,0.5031890869140625,110.16299996967584,64.52477345512695,5.793696320287214,1248.6025390625,0.0,0.0,False,,-9.38586004024216,True,469.0
negative,/mnt/MammoDiffusion/MammoDiffusion/experiments/diffusers/04_sd21_lora/generated_images/final/negative/gen_2405.png,gen_2405.png,56.6868,25.0,3.0,0.5280723571777344,0.9868887749131336,0.5614433288574219,123.03895256796146,56.213570387002285,7.09686121668995,1379.976806640625,0.0,0.0,False,,-10.980782552642932,True,616.0
negative,/mnt/MammoDiffusion/MammoDiffusion/experiments/diffusers/04_sd21_lora/generated_images/final/negative/gen_2406.png,gen_2406.png,48.6868,17.0,3.0,0.4324302673339844,0.9809102056299015,0.4480018615722656,118.46578281860678,56.62990177357623,6.718826157418654,1732.0155029296875,0.0,0.0,False,,-12.572734956793177,True,718.0
negative,/mnt/MammoDiffusion/MammoDiffusion/experiments/diffusers/04_sd21_lora/generated_images/final/negative/gen_2407.png,gen_2407.png,85.5824,45.0,4.0,0.3138275146484375,0.943258618174746,0.3529930114746094,142.94013076133356,56.869329605226184,6.657059009449693,1734.0208740234375,0.0,0.0,False,,-27.056017600685966,True,1213.0
negative,/mnt/MammoDiffusion/MammoDiffusion/experiments/diffusers/04_sd21_lora/generated_images/final/negative/gen_2408.png,gen_2408.png,113.7912,91.0,2.0,0.25244140625,0.9278590425531915,0.2700080871582031,162.11416905666775,48.35489448763502,5.993696976555808,950.9885864257812,0.0,0.0,False,,-31.737297097184754,True,1336.0
negative,/mnt/MammoDiffusion/MammoDiffusion/experiments/diffusers/04_sd21_lora/generated_images/final/negative/gen_2409.png,gen_2409.png,119.8956,106.0,1.0,0.2665290832519531,0.8659491333781791,0.26804351806640625,157.27077106993426,37.20052084157046,5.462094056846635,397.701904296875,0.0,0.0,False,,-54.37127874983952,False,
negative,/mnt/MammoDiffusion/MammoDiffusion/experiments/diffusers/04_sd21_lora/generated_images/final/negative/gen_2410.png,gen_2410.png,68.8956,55.0,1.0,0.6073150634765625,0.990710032411246,0.6651954650878906,118.36337934475303,46.449736432958055,6.64721510335222,794.8597412109375,0.0,0.0,False,,-8.466299843775243,True,347.0
negative,/mnt/MammoDiffusion/MammoDiffusion/experiments/diffusers/04_sd21_lora/generated_images/final/negative/gen_2411.png,gen_2411.png,220.0,254.0,1.0,0.4893302917480469,0.9687078542194504,0.4618377685546875,253.4550417946939,14.519063465750612,5.442268677115123,1735.38330078125,0.0,0.0,False,,-18.983828690158848,True,973.0
negative,/mnt/MammoDiffusion/MammoDiffusion/experiments/diffusers/04_sd21_lora/generated_images/final/negative/gen_2412.png,gen_2412.png,100.6868,69.0,3.0,0.3033027648925781,0.9887937214654945,0.3227958679199219,160.41581677873765,45.644060621768155,6.352356389766295,997.2818603515625,0.0,0.0,False,,-8.448919315436408,True,343.0
negative,/mnt/MammoDiffusion/MammoDiffusion/experiments/diffusers/04_sd21_lora/generated_images/final/negative/gen_2413.png,gen_2413.png,111.8956,98.0,1.0,0.162841796875,0.9389289730134932,0.175323486328125,158.96455613577024,47.22775752189712,4.713262715214122,372.8707275390625,0.0,0.0,False,,-27.05777543564914,True,1214.0
negative,/mnt/MammoDiffusion/MammoDiffusion/experiments/diffusers/04_sd21_lora/generated_images/final/negative/gen_2414.png,gen_2414.png,118.3736,60.0,6.0,0.3682899475097656,0.9720855559583614,0.3837738037109375,160.590831378474,39.60252310669963,7.12897273514361,1810.57470703125,0.0,0.0,False,,-15.79239033005637,True,873.0
negative,/mnt/MammoDiffusion/MammoDiffusion/experiments/diffusers/04_sd21_lora/generated_images/final/negative/gen_2415.png,gen_2415.png,143.5824,103.0,4.0,0.0925140380859375,0.9307273626917367,0.09029006958007812,179.95998986015462,29.509602546637254,5.494293566774538,1300.9755859375,0.0,0.0,True,too_empty,,False,
negative,/mnt/MammoDiffusion/MammoDiffusion/experiments/diffusers/04_sd21_lora/generated_images/final/negative/gen_2416.png,gen_2416.png,84.6868,53.0,3.0,0.33556365966796875,0.9024623149853352,0.3626670837402344,141.68111201102334,58.24683664329652,6.743320769439114,1755.5010986328125,0.0,0.0,False,,-42.62418098325524,False,
negative,/mnt/MammoDiffusion/MammoDiffusion/experiments/diffusers/04_sd21_lora/generated_images/final/negative/gen_2417.png,gen_2417.png,81.8956,68.0,1.0,0.24471664428710938,0.9543576873314523,0.2837715148925781,135.73872481146407,54.688761023475436,5.438844577563282,788.463623046875,0.0,0.0,False,,-20.781195386008484,True,1039.0
negative,/mnt/MammoDiffusion/MammoDiffusion/experiments/diffusers/04_sd21_lora/generated_images/final/negative/gen_2418.png,gen_2418.png,220.0,252.0,0.0,0.22828292846679688,0.9630199020771018,0.12842941284179688,252.08468232987792,2.33483151934058,6.44196576023969,1582.4710693359375,0.0,0.0,True,low_contrast,,False,
negative,/mnt/MammoDiffusion/MammoDiffusion/experiments/diffusers/04_sd21_lora/generated_images/final/negative/gen_2419.png,gen_2419.png,110.5824,70.0,4.0,0.21355056762695312,0.8946964148550401,0.16611862182617188,172.77585137896986,45.422704750061556,6.42213223793929,1226.36181640625,0.0,0.0,False,,-45.780162103012835,False,
negative,/mnt/MammoDiffusion/MammoDiffusion/experiments/diffusers/04_sd21_lora/generated_images/final/negative/gen_2420.png,gen_2420.png,113.7912,91.0,2.0,0.2511749267578125,0.8798675657614968,0.23984909057617188,162.2493996023857,45.14809633881859,5.7060401000690515,742.7219848632812,0.0,0.0,False,,-49.46084145297817,False,
negative,/mnt/MammoDiffusion/MammoDiffusion/experiments/diffusers/04_sd21_lora/generated_images/final/negative/gen_2421.png,gen_2421.png,97.7912,75.0,2.0,0.3458671569824219,0.9662832121940729,0.38130950927734375,150.57373096700616,51.640718835443266,6.083425293433313,907.1200561523438,0.0,0.0,False,,-16.397563579662005,True,892.0
negative,/mnt/MammoDiffusion/MammoDiffusion/experiments/diffusers/04_sd21_lora/generated_images/final/negative/gen_2422.png,gen_2422.png,103.7912,81.0,2.0,0.288177490234375,0.9489966112464259,0.3232994079589844,148.63843494472042,47.92071243669567,5.833333249075171,791.97900390625,0.0,0.0,False,,-22.7497941981373,True,1100.0
negative,/mnt/MammoDiffusion/MammoDiffusion/experiments/diffusers/04_sd21_lora/generated_images/final/negative/gen_2423.png,gen_2423.png,129.8956,116.0,1.0,0.20521926879882812,0.49043626968046544,0.10174560546875,187.59748050389922,33.02553645952147,5.957654626832852,703.1093139648438,0.0,0.0,True,too_empty,,False,
negative,/mnt/MammoDiffusion/MammoDiffusion/experiments/diffusers/04_sd21_lora/generated_images/final/negative/gen_2424.png,gen_2424.png,115.6868,84.0,3.0,0.17510223388671875,0.8700710208705503,0.15829086303710938,167.5867212917219,40.08951175166151,5.934345896092376,1306.31787109375,0.0,0.0,False,,-54.49204067911565,False,
negative,/mnt/MammoDiffusion/MammoDiffusion/experiments/diffusers/04_sd21_lora/generated_images/final/negative/gen_2425.png,gen_2425.png,123.47800000000001,74.0,5.0,0.26546478271484375,0.7716482253197299,0.2204742431640625,168.86130528064226,39.70584105409288,6.935804534577523,1660.575439453125,0.0,0.0,False,,-92.7381793278001,False,
negative,/mnt/MammoDiffusion/MammoDiffusion/experiments/diffusers/04_sd21_lora/generated_images/final/negative/gen_2426.png,gen_2426.png,138.8956,125.0,1.0,0.054309844970703125,0.9768911989885509,0.047191619873046875,186.88529625737613,16.114682350566426,3.438309396511277,174.6217803955078,0.0,0.0,True,too_empty,,False,
negative,/mnt/MammoDiffusion/MammoDiffusion/experiments/diffusers/04_sd21_lora/generated_images/final/negative/gen_2427.png,gen_2427.png,105.8956,92.0,1.0,0.24178314208984375,0.9140292196522672,0.2708244323730469,145.9071202197338,44.62976752952139,5.221600098689107,446.15716552734375,0.0,0.0,False,,-35.82478148584226,False,
negative,/mnt/MammoDiffusion/MammoDiffusion/experiments/diffusers/04_sd21_lora/generated_images/final/negative/gen_2428.png,gen_2428.png,68.6868,37.0,3.0,0.3511619567871094,0.9810765303351258,0.4047088623046875,130.83046789578856,60.763457442714845,6.536656496580246,1490.413330078125,0.0,0.0,False,,-12.182033452694927,True,696.0
negative,/mnt/MammoDiffusion/MammoDiffusion/experiments/diffusers/04_sd21_lora/generated_images/final/negative/gen_2429.png,gen_2429.png,107.6868,76.0,3.0,0.22166824340820312,0.934037756629782,0.22550201416015625,169.72250228372297,53.90991860008299,6.097058726772708,1237.1888427734375,0.0,0.0,False,,-30.59344990793503,True,1302.0
negative,/mnt/MammoDiffusion/MammoDiffusion/experiments/diffusers/04_sd21_lora/generated_images/final/negative/gen_2430.png,gen_2430.png,137.6868,106.0,3.0,0.10689926147460938,0.4178353495343111,0.0432281494140625,187.51129544652312,25.16331680688205,5.418663027510123,686.7608642578125,0.0,0.0,True,too_empty,,False,
negative,/mnt/MammoDiffusion/MammoDiffusion/experiments/diffusers/04_sd21_lora/generated_images/final/negative/gen_2431.png,gen_2431.png,57.0,52.0,0.0,0.4845848083496094,0.9940172083979502,0.49859619140625,124.34688303341902,53.23121954880871,5.778928459176945,677.043701171875,0.0,0.0,False,,-5.706506420610464,True,41.0
negative,/mnt/MammoDiffusion/MammoDiffusion/experiments/diffusers/04_sd21_lora/generated_images/final/negative/gen_2432.png,gen_2432.png,52.6868,21.0,3.0,0.3484992980957031,0.9830007552787416,0.3962554931640625,117.51823327813932,64.20277087417537,6.735167820837713,2291.136474609375,0.0,0.0,False,,-12.577081239270456,True,719.0
negative,/mnt/MammoDiffusion/MammoDiffusion/experiments/diffusers/04_sd21_lora/generated_images/final/negative/gen_2433.png,gen_2433.png,112.6868,81.0,3.0,0.20309066772460938,0.9211480305790868,0.22050094604492188,153.40515198173105,42.37154344389191,5.88630964601356,1018.6932983398438,0.0,0.0,False,,-34.142007406784785,False,
negative,/mnt/MammoDiffusion/MammoDiffusion/experiments/diffusers/04_sd21_lora/generated_images/final/negative/gen_2434.png,gen_2434.png,73.6868,42.0,3.0,0.280731201171875,0.9852157843243831,0.28395843505859375,147.27304602487976,58.57689158608737,6.327298846650537,1667.0213623046875,0.0,0.0,False,,-11.401610199118744,True,649.0
negative,/mnt/MammoDiffusion/MammoDiffusion/experiments/diffusers/04_sd21_lora/generated_images/final/negative/gen_2435.png,gen_2435.png,75.6868,44.0,3.0,0.3717842102050781,0.9539610716081305,0.4412117004394531,128.8809624679019,61.39933222514526,6.6194931094422325,1523.58837890625,0.0,0.0,False,,-22.831450134124594,True,1104.0
negative,/mnt/MammoDiffusion/MammoDiffusion/experiments/diffusers/04_sd21_lora/generated_images/final/negative/gen_2436.png,gen_2436.png,97.5824,57.0,4.0,0.33386993408203125,0.9258586412559128,0.3952445983886719,140.86244703747673,52.26338585611747,6.906322336278078,1897.6761474609375,0.0,0.0,False,,-33.64300695977603,False,
negative,/mnt/MammoDiffusion/MammoDiffusion/experiments/diffusers/04_sd21_lora/generated_images/final/negative/gen_2437.png,gen_2437.png,220.0,211.0,42.0,0.178955078125,0.42933577762619374,0.0763092041015625,250.56963607278544,23.379300278477714,7.258409243832435,1235.9722900390625,0.0,0.0,True,too_empty,,False,
negative,/mnt/MammoDiffusion/MammoDiffusion/experiments/diffusers/04_sd21_lora/generated_images/final/negative/gen_2438.png,gen_2438.png,112.7912,90.0,2.0,0.1771697998046875,0.9226380156747912,0.164459228515625,169.04581091111524,37.29213886793807,5.296112628003471,567.0908203125,0.0,0.0,False,,-33.397007281664706,False,
negative,/mnt/MammoDiffusion/MammoDiffusion/experiments/diffusers/04_sd21_lora/generated_images/final/negative/gen_2439.png,gen_2439.png,55.6868,24.0,3.0,0.5064697265625,0.9574897565678476,0.5493278503417969,116.29669520773872,57.19839958222081,7.112785362252797,1672.263916015625,0.0,0.0,False,,-22.39032305663289,True,1088.0
negative,/mnt/MammoDiffusion/MammoDiffusion/experiments/diffusers/04_sd21_lora/generated_images/final/negative/gen_2440.png,gen_2440.png,86.8956,73.0,1.0,0.3447532653808594,0.9809792531120332,0.3571624755859375,141.98013414790447,44.94886076239599,5.706237312098285,561.614501953125,0.0,0.0,False,,-10.043103609411071,True,538.0
negative,/mnt/MammoDiffusion/MammoDiffusion/experiments/diffusers/04_sd21_lora/generated_images/final/negative/gen_2441.png,gen_2441.png,191.0,148.0,8.0,0.04953765869140625,0.6265208686277529,0.03566741943359375,204.83112299465242,16.81056563357406,7.355055420516978,699.2828979492188,0.0,0.0,True,too_empty,,False,
negative,/mnt/MammoDiffusion/MammoDiffusion/experiments/diffusers/04_sd21_lora/generated_images/final/negative/gen_2442.png,gen_2442.png,45.6868,14.0,3.0,0.43947601318359375,0.9357064736211655,0.4756813049316406,116.75587223429594,63.431273850854744,6.8899471504948835,1942.3643798828125,0.0,0.0,False,,-30.671994735895574,True,1305.0
negative,/mnt/MammoDiffusion/MammoDiffusion/experiments/diffusers/04_sd21_lora/generated_images/final/negative/gen_2443.png,gen_2443.png,147.5824,107.0,4.0,0.07297515869140625,0.8499215891270256,0.06500244140625,182.24706572769952,27.264198021168053,5.218883903282125,922.5889282226562,0.0,0.0,True,too_empty,,False,
negative,/mnt/MammoDiffusion/MammoDiffusion/experiments/diffusers/04_sd21_lora/generated_images/final/negative/gen_2444.png,gen_2444.png,128.3736,70.0,6.0,0.16630935668945312,0.8287496846113265,0.06855010986328125,206.55982192543127,35.221167965693105,6.614479502134814,2058.63232421875,0.0,0.0,True,too_empty,,False,
negative,/mnt/MammoDiffusion/MammoDiffusion/experiments/diffusers/04_sd21_lora/generated_images/final/negative/gen_2445.png,gen_2445.png,130.7912,108.0,2.0,0.14654159545898438,0.848366523493427,0.12981414794921875,182.09632677049663,32.47864383021323,5.265146663941564,504.13543701171875,0.0,0.0,False,,-62.35863256282754,False,
negative,/mnt/MammoDiffusion/MammoDiffusion/experiments/diffusers/04_sd21_lora/generated_images/final/negative/gen_2446.png,gen_2446.png,127.6868,96.0,3.0,0.16141510009765625,0.4956988230845583,0.07849502563476562,203.7228458959032,35.010690881148406,6.284015162707909,997.450439453125,0.0,0.0,True,too_empty,,False,
negative,/mnt/MammoDiffusion/MammoDiffusion/experiments/diffusers/04_sd21_lora/generated_images/final/negative/gen_2447.png,gen_2447.png,118.8956,105.0,1.0,0.22391128540039062,0.95188851218972,0.24023056030273438,158.69438666137356,37.40318361785331,5.086752652754042,598.053955078125,0.0,0.0,False,,-21.3801459893937,True,1057.0
negative,/mnt/MammoDiffusion/MammoDiffusion/experiments/diffusers/04_sd21_lora/generated_images/final/negative/gen_2448.png,gen_2448.png,62.7912,40.0,2.0,0.2237548828125,0.9045621931260229,0.27074432373046875,126.51006002197988,67.87068103968211,5.715210464623128,1543.2147216796875,0.0,0.0,False,,-41.546898585025545,False,
negative,/mnt/MammoDiffusion/MammoDiffusion/experiments/diffusers/04_sd21_lora/generated_images/final/negative/gen_2449.png,gen_2449.png,220.0,228.0,15.0,0.3671531677246094,0.9379305328997267,0.34279632568359375,242.23266786850948,15.565740770335578,6.734163699522124,1838.1959228515625,0.0,0.0,False,,-31.41732597145605,True,1333.0
negative,/mnt/MammoDiffusion/MammoDiffusion/experiments/diffusers/04_sd21_lora/generated_images/final/negative/gen_2450.png,gen_2450.png,103.7912,81.0,2.0,0.23296356201171875,0.98683477976093,0.24501800537109375,161.0229643468784,45.63774927537992,5.603199353432161,904.0995483398438,0.0,0.0,False,,-8.969760383494982,True,415.0
negative,/mnt/MammoDiffusion/MammoDiffusion/experiments/diffusers/04_sd21_lora/generated_images/final/negative/gen_2451.png,gen_2451.png,43.8956,30.0,1.0,0.3934135437011719,0.9692042159971299,0.41706085205078125,120.25254733376018,66.67309310194717,5.667247887896248,1480.9345703125,0.0,0.0,False,,-16.153701092799103,True,882.0
negative,/mnt/MammoDiffusion/MammoDiffusion/experiments/diffusers/04_sd21_lora/generated_images/final/negative/gen_2452.png,gen_2452.png,65.5824,25.0,4.0,0.4975128173828125,0.9653580739150437,0.5255889892578125,132.3656191029177,54.422972432786835,6.962287772269026,1266.0177001953125,0.0,0.0,False,,-18.71077242940873,True,960.0
negative,/mnt/MammoDiffusion/MammoDiffusion/experiments/diffusers/04_sd21_lora/generated_images/final/negative/gen_2453.png,gen_2453.png,26.7912,4.0,2.0,0.3455238342285156,0.983682391777162,0.36688232421875,114.84953626684413,71.5813972768765,5.948852288145433,1905.9368896484375,0.0,0.0,False,,-11.550087706043097,True,664.0
negative,/mnt/MammoDiffusion/MammoDiffusion/experiments/diffusers/04_sd21_lora/generated_images/final/negative/gen_2454.png,gen_2454.png,135.7912,113.0,2.0,0.127960205078125,0.49320295730980207,0.061901092529296875,178.83810932396622,26.878853669477817,4.844568803114832,420.4256591796875,0.0,0.0,True,too_empty,,False,
negative,/mnt/MammoDiffusion/MammoDiffusion/experiments/diffusers/04_sd21_lora/generated_images/final/negative/gen_2455.png,gen_2455.png,213.0,182.0,21.0,0.046092987060546875,0.19068112223785483,0.0058441162109375,223.64229765013056,7.3136545243457265,7.319620439253308,2126.9326171875,0.0,0.0,True,too_empty,,False,
negative,/mnt/MammoDiffusion/MammoDiffusion/experiments/diffusers/04_sd21_lora/generated_images/final/negative/gen_2456.png,gen_2456.png,107.5824,67.0,4.0,0.1609649658203125,0.7900511896862262,0.12677764892578125,170.97722212192332,44.07303599219215,6.041127501155309,1613.37109375,0.0,0.0,False,,-85.83995797508464,False,
negative,/mnt/MammoDiffusion/MammoDiffusion/experiments/diffusers/04_sd21_lora/generated_images/final/negative/gen_2457.png,gen_2457.png,83.47800000000001,34.0,5.0,0.3727760314941406,0.9812220505316155,0.4052696228027344,145.9694462485528,52.58674025133539,7.011619692273383,2158.304443359375,0.0,0.0,False,,-13.24569584078245,True,751.0
negative,/mnt/MammoDiffusion/MammoDiffusion/experiments/diffusers/04_sd21_lora/generated_images/final/negative/gen_2458.png,gen_2458.png,25.8956,12.0,1.0,0.5199661254882812,0.9971681363989846,0.5226974487304688,113.33293923603509,62.54590369932991,6.6182924766149185,1701.4896240234375,0.0,0.0,False,,-7.010523174535706,True,146.0
negative,/mnt/MammoDiffusion/MammoDiffusion/experiments/diffusers/04_sd21_lora/generated_images/final/negative/gen_2459.png,gen_2459.png,196.0,191.0,0.0,0.0719757080078125,0.4698431206275175,0.0323486328125,218.58455188679244,11.841431582449651,6.199536534358338,963.3416748046875,0.0,0.0,True,too_empty,,False,
negative,/mnt/MammoDiffusion/MammoDiffusion/experiments/diffusers/04_sd21_lora/generated_images/final/negative/gen_2460.png,gen_2460.png,118.6868,87.0,3.0,0.15047454833984375,0.7948841454139837,0.13375473022460938,173.3977412086815,47.83823211754363,5.9080577923484165,1214.896484375,0.0,0.0,False,,-83.56239756992709,False,
negative,/mnt/MammoDiffusion/MammoDiffusion/experiments/diffusers/04_sd21_lora/generated_images/final/negative/gen_2461.png,gen_2461.png,155.0,150.0,0.0,0.09166717529296875,0.6764877236787349,0.0594482421875,196.1968044147844,17.584380393787256,3.3411051347413436,358.03717041015625,0.0,0.0,True,too_empty,,False,
negative,/mnt/MammoDiffusion/MammoDiffusion/experiments/diffusers/04_sd21_lora/generated_images/final/negative/gen_2462.png,gen_2462.png,59.478,10.0,5.0,0.6908111572265625,0.9989011110374837,0.7062225341796875,132.41461767819717,48.66542557816776,7.583236554307767,1999.71923828125,0.0,0.0,False,,-8.491457431247195,True,351.0
negative,/mnt/MammoDiffusion/MammoDiffusion/experiments/diffusers/04_sd21_lora/generated_images/final/negative/gen_2463.png,gen_2463.png,110.0,94.0,2.0,0.0498199462890625,0.9624808575803981,0.045017242431640625,174.3584441996441,29.63627168452529,4.358320379906253,357.3899841308594,0.0,0.0,True,too_empty,,False,
negative,/mnt/MammoDiffusion/MammoDiffusion/experiments/diffusers/04_sd21_lora/generated_images/final/negative/gen_2464.png,gen_2464.png,139.6868,108.0,3.0,0.136505126953125,0.724960876369327,0.10331344604492188,188.1836207214858,32.05897591154684,5.758956588431742,988.2020874023438,0.0,0.0,True,too_empty,,False,
negative,/mnt/MammoDiffusion/MammoDiffusion/experiments/diffusers/04_sd21_lora/generated_images/final/negative/gen_2465.png,gen_2465.png,58.5824,18.0,4.0,0.43672943115234375,0.9922261237181839,0.4679908752441406,129.7428941726918,56.9667176670412,7.088123108522769,2273.219482421875,0.0,0.0,False,,-9.661523982856433,True,497.0
negative,/mnt/MammoDiffusion/MammoDiffusion/experiments/diffusers/04_sd21_lora/generated_images/final/negative/gen_2466.png,gen_2466.png,110.8956,97.0,1.0,0.285675048828125,0.8992628992628993,0.3209571838378906,145.5758703067616,43.183997591992416,5.557307871203845,599.45703125,0.0,0.0,False,,-41.08634587731689,False,
negative,/mnt/MammoDiffusion/MammoDiffusion/experiments/diffusers/04_sd21_lora/generated_images/final/negative/gen_2467.png,gen_2467.png,151.7912,129.0,2.0,0.06344223022460938,0.9737237688653719,0.05730438232421875,172.34096658234589,11.34985916065322,4.2043651531364965,299.7151794433594,0.0,0.0,True,too_empty,,False,
negative,/mnt/MammoDiffusion/MammoDiffusion/experiments/diffusers/04_sd21_lora/generated_images/final/negative/gen_2468.png,gen_2468.png,220.0,234.0,9.0,0.27074432373046875,0.8440555696452222,0.22299957275390625,242.38793663827022,17.17417180444284,7.415878080223514,1912.6409912109375,0.0,0.0,False,,-68.43877138017504,False,
negative,/mnt/MammoDiffusion/MammoDiffusion/experiments/diffusers/04_sd21_lora/generated_images/final/negative/gen_2469.png,gen_2469.png,116.1648,40.0,8.0,0.3156166076660156,0.7603007118943157,0.2705078125,170.57553023465704,48.18683428804499,7.499355197200208,2653.384033203125,0.0,0.0,False,,-98.98784750447406,False,
negative,/mnt/MammoDiffusion/MammoDiffusion/experiments/diffusers/04_sd21_lora/generated_images/final/negative/gen_2470.png,gen_2470.png,78.8956,65.0,1.0,0.3246917724609375,0.9456741388223131,0.3612556457519531,122.8094212310324,51.058901264538726,5.531264576421309,797.9609375,0.0,0.0,False,,-23.221227678898416,True,1118.0
negative,/mnt/MammoDiffusion/MammoDiffusion/experiments/diffusers/04_sd21_lora/generated_images/final/negative/gen_2471.png,gen_2471.png,57.8956,44.0,1.0,0.4180946350097656,0.9798998184323136,0.4264335632324219,130.62056410852782,59.917273088242844,6.28955984700003,1317.9793701171875,0.0,0.0,False,,-12.28785756335274,True,702.0
negative,/mnt/MammoDiffusion/MammoDiffusion/experiments/diffusers/04_sd21_lora/generated_images/final/negative/gen_2472.png,gen_2472.png,220.0,244.0,9.0,0.3614463806152344,0.9040432290952074,0.32624053955078125,252.11650803302075,14.578406468153835,6.398066459237929,1752.5123291015625,0.0,0.0,False,,-44.21602965216736,False,
negative,/mnt/MammoDiffusion/MammoDiffusion/experiments/diffusers/04_sd21_lora/generated_images/final/negative/gen_2473.png,gen_2473.png,123.8956,110.0,1.0,0.2127685546875,0.9828062248995983,0.2199859619140625,154.08328709162794,30.32009384316906,4.795018734848771,218.56968688964844,0.0,0.0,False,,-10.342178618052742,True,565.0
negative,/mnt/MammoDiffusion/MammoDiffusion/experiments/diffusers/04_sd21_lora/generated_images/final/negative/gen_2474.png,gen_2474.png,54.6868,23.0,3.0,0.2935523986816406,0.9511909867061713,0.327423095703125,121.93249603877342,67.40138981700781,6.377768096910664,2024.322021484375,0.0,0.0,False,,-24.565142787796958,True,1153.0
negative,/mnt/MammoDiffusion/MammoDiffusion/experiments/diffusers/04_sd21_lora/generated_images/final/negative/gen_2475.png,gen_2475.png,220.0,129.0,100.0,0.3476448059082031,0.9019894001075351,0.3210906982421875,249.49860998907,31.619611016782663,6.165400775976254,2069.02880859375,0.0,0.0,False,,-44.290521058604476,False,
negative,/mnt/MammoDiffusion/MammoDiffusion/experiments/diffusers/04_sd21_lora/generated_images/final/negative/gen_2476.png,gen_2476.png,114.6868,83.0,3.0,0.18103408813476562,0.8981393682702236,0.1737060546875,168.7440486647927,46.09308862537251,5.933702910127797,1319.29150390625,0.0,0.0,False,,-44.097594487197156,False,
negative,/mnt/MammoDiffusion/MammoDiffusion/experiments/diffusers/04_sd21_lora/generated_images/final/negative/gen_2477.png,gen_2477.png,166.478,117.0,5.0,0.08901214599609375,0.7486500385703265,0.06476974487304688,188.95506213557925,12.723781576659716,5.712564477158016,781.3504028320312,0.0,0.0,True,too_empty,,False,
negative,/mnt/MammoDiffusion/MammoDiffusion/experiments/diffusers/04_sd21_lora/generated_images/final/negative/gen_2478.png,gen_2478.png,19.8956,6.0,1.0,0.6065711975097656,0.9971007930368722,0.606597900390625,110.35407757709916,58.710479992377614,6.626843790898867,1445.8043212890625,0.0,0.0,False,,-7.0116161916824735,True,147.0
negative,/mnt/MammoDiffusion/MammoDiffusion/experiments/diffusers/04_sd21_lora/generated_images/final/negative/gen_2479.png,gen_2479.png,165.1648,89.0,8.0,0.12109375,0.5305254536290323,0.06343841552734375,203.2841852074564,19.88364975055787,6.498444891747265,2160.84130859375,0.0,0.0,True,too_empty,,False,
negative,/mnt/MammoDiffusion/MammoDiffusion/experiments/diffusers/04_sd21_lora/generated_images/final/negative/gen_2480.png,gen_2480.png,92.6868,61.0,3.0,0.34830474853515625,0.9879525989529713,0.38300323486328125,145.79426704647318,47.88247532656031,6.422601629017874,871.4819946289062,0.0,0.0,False,,-8.117402886244495,True,294.0
negative,/mnt/MammoDiffusion/MammoDiffusion/experiments/diffusers/04_sd21_lora/generated_images/final/negative/gen_2481.png,gen_2481.png,35.8956,22.0,1.0,0.4938201904296875,0.989293328801409,0.51544189453125,108.52471136767318,63.58220505029843,6.122513772442347,1442.6112060546875,0.0,0.0,False,,-9.157366159452463,True,442.0
negative,/mnt/MammoDiffusion/MammoDiffusion/experiments/diffusers/04_sd21_lora/generated_images/final/negative/gen_2482.png,gen_2482.png,142.6868,111.0,3.0,0.10189056396484375,0.7974915761886934,0.07696914672851562,188.16305694602767,25.138554983421106,5.371118581211943,750.4755859375,0.0,0.0,True,too_empty,,False,
negative,/mnt/MammoDiffusion/MammoDiffusion/experiments/diffusers/04_sd21_lora/generated_images/final/negative/gen_2483.png,gen_2483.png,114.6868,83.0,3.0,0.15088272094726562,0.7085176851313427,0.0610809326171875,152.6361478890832,43.402116360514995,5.779359324196309,846.9948120117188,0.0,0.0,True,too_empty,,False,
negative,/mnt/MammoDiffusion/MammoDiffusion/experiments/diffusers/04_sd21_lora/generated_images/final/negative/gen_2484.png,gen_2484.png,127.47800000000001,78.0,5.0,0.19807815551757812,0.7492344727973038,0.08770751953125,190.678496868476,29.89407436869945,6.51038045742304,1387.9276123046875,0.0,0.0,True,too_empty,,False,
negative,/mnt/MammoDiffusion/MammoDiffusion/experiments/diffusers/04_sd21_lora/generated_images/final/negative/gen_2485.png,gen_2485.png,125.8956,112.0,1.0,0.22599411010742188,0.6355687591782996,0.14120101928710938,177.43309469134135,31.560042953048193,6.269133554497316,419.89990234375,0.0,0.0,True,fragmented_mask,,False,
negative,/mnt/MammoDiffusion/MammoDiffusion/experiments/diffusers/04_sd21_lora/generated_images/final/negative/gen_2486.png,gen_2486.png,114.6868,83.0,3.0,0.18349838256835938,0.8802361599068665,0.17235565185546875,172.17555663759904,45.658875271730295,5.769142265205449,1131.1094970703125,0.0,0.0,False,,-50.54777445523767,False,
negative,/mnt/MammoDiffusion/MammoDiffusion/experiments/diffusers/04_sd21_lora/generated_images/final/negative/gen_2487.png,gen_2487.png,220.0,248.0,6.0,0.3183479309082031,0.8974392771979438,0.28411865234375,251.91494360902254,20.397646083129004,6.503264541724301,1956.1356201171875,0.0,0.0,False,,-47.04906908934671,False,
negative,/mnt/MammoDiffusion/MammoDiffusion/experiments/diffusers/04_sd21_lora/generated_images/final/negative/gen_2488.png,gen_2488.png,170.0,138.0,5.0,0.0499267578125,0.8325183374083129,0.037555694580078125,192.72442864398172,13.95074909078796,5.213785340179377,1275.843994140625,0.0,0.0,True,too_empty,,False,
negative,/mnt/MammoDiffusion/MammoDiffusion/experiments/diffusers/04_sd21_lora/generated_images/final/negative/gen_2489.png,gen_2489.png,75.7912,53.0,2.0,0.3013725280761719,0.9850512005873194,0.3387413024902344,126.10524893298349,49.45393502629651,5.982558324669912,961.6866455078125,0.0,0.0,False,,-9.002860790850647,True,418.0
negative,/mnt/MammoDiffusion/MammoDiffusion/experiments/diffusers/04_sd21_lora/generated_images/final/negative/gen_2490.png,gen_2490.png,115.7912,93.0,2.0,0.2603607177734375,0.9547119498329719,0.30690765380859375,145.5018395604942,40.173797924414316,5.711753628211717,796.8599243164062,0.0,0.0,False,,-20.123428994868473,True,1012.0
negative,/mnt/MammoDiffusion/MammoDiffusion/experiments/diffusers/04_sd21_lora/generated_images/final/negative/gen_2491.png,gen_2491.png,32.7912,10.0,2.0,0.4760169982910156,0.9957847497696037,0.4716339111328125,132.96419327703904,53.241478563821744,6.684622960531187,1220.0035400390625,0.0,0.0,False,,-6.45199837156766,True,95.0
negative,/mnt/MammoDiffusion/MammoDiffusion/experiments/diffusers/04_sd21_lora/generated_images/final/negative/gen_2492.png,gen_2492.png,96.5824,56.0,4.0,0.2900962829589844,0.9687298644259471,0.3672294616699219,141.48350940613088,55.617295334006535,6.732466598868128,1711.5384521484375,0.0,0.0,False,,-17.235978205195295,True,922.0
negative,/mnt/MammoDiffusion/MammoDiffusion/experiments/diffusers/04_sd21_lora/generated_images/final/negative/gen_2493.png,gen_2493.png,112.7912,90.0,2.0,0.3448295593261719,0.9164444936113723,0.3877105712890625,151.88960604510214,47.98157896103157,6.610648174446457,1079.9644775390625,0.0,0.0,False,,-35.79171260004301,False,
negative,/mnt/MammoDiffusion/MammoDiffusion/experiments/diffusers/04_sd21_lora/generated_images/final/negative/gen_2494.png,gen_2494.png,119.0,114.0,1.0,0.046222686767578125,0.642733349839069,0.0257110595703125,180.43204747774482,28.09130904002723,3.558805923070884,151.6549835205078,0.0,0.0,True,too_empty,,False,
negative,/mnt/MammoDiffusion/MammoDiffusion/experiments/diffusers/04_sd21_lora/generated_images/final/negative/gen_2495.png,gen_2495.png,91.6868,60.0,3.0,0.3537712097167969,0.9360678894531966,0.38007354736328125,141.6347030130277,49.8260694682583,6.584852721585119,1251.809326171875,0.0,0.0,False,,-28.498372619546473,True,1254.0
negative,/mnt/MammoDiffusion/MammoDiffusion/experiments/diffusers/04_sd21_lora/generated_images/final/negative/gen_2496.png,gen_2496.png,139.7912,117.0,2.0,0.11599349975585938,0.4958397737363107,0.055820465087890625,197.21581357206315,24.51501346885649,5.5189808642392535,599.2684936523438,0.0,0.0,True,too_empty,,False,
negative,/mnt/MammoDiffusion/MammoDiffusion/experiments/diffusers/04_sd21_lora/generated_images/final/negative/gen_2497.png,gen_2497.png,144.8956,131.0,1.0,0.13045883178710938,0.870668733003889,0.13837814331054688,176.0728600964852,34.402856944963204,4.198897067403717,208.8668670654297,0.0,0.0,False,,-53.11828388419523,False,
negative,/mnt/MammoDiffusion/MammoDiffusion/experiments/diffusers/04_sd21_lora/generated_images/final/negative/gen_2498.png,gen_2498.png,91.7912,69.0,2.0,0.23389816284179688,0.9613960694772894,0.2600975036621094,146.6706217092237,55.57536894421929,5.645313600318264,861.8805541992188,0.0,0.0,False,,-18.782509294692566,True,967.0
negative,/mnt/MammoDiffusion/MammoDiffusion/experiments/diffusers/04_sd21_lora/generated_images/final/negative/gen_2499.png,gen_2499.png,198.6868,167.0,3.0,0.0734405517578125,0.237481820070642,0.0159912109375,212.5135973282443,12.580838082909652,6.661728133319897,1643.656494140625,0.0,0.0,True,too_empty,,False,
negative,/mnt/MammoDiffusion/MammoDiffusion/experiments/diffusers/04_sd21_lora/generated_images/final/negative/gen_2500.png,gen_2500.png,76.6868,45.0,3.0,0.3737449645996094,0.9631538657820873,0.38292694091796875,134.97736646012234,55.88912965486317,6.741270721593565,1112.5750732421875,0.0,0.0,False,,-18.358208424744408,True,949.0
negative,/mnt/MammoDiffusion/MammoDiffusion/experiments/diffusers/04_sd21_lora/generated_images/final/negative/gen_2501.png,gen_2501.png,184.0,136.0,10.0,0.049617767333984375,0.6780964096255863,0.032230377197265625,206.40951591904368,16.126794743215363,7.479149237611005,1263.8599853515625,0.0,0.0,True,too_empty,,False,
negative,/mnt/MammoDiffusion/MammoDiffusion/experiments/diffusers/04_sd21_lora/generated_images/final/negative/gen_2502.png,gen_2502.png,121.7912,99.0,2.0,0.24614334106445312,0.7031538163502519,0.19639968872070312,177.75144216762163,37.89465835308429,6.931361001017116,888.7869262695312,0.0,0.0,True,fragmented_mask,,False,
negative,/mnt/MammoDiffusion/MammoDiffusion/experiments/diffusers/04_sd21_lora/generated_images/final/negative/gen_2503.png,gen_2503.png,135.8956,122.0,1.0,0.09933090209960938,0.5307039440838742,0.05054473876953125,178.5822641509434,25.113783078899083,5.341542047624202,257.2521667480469,0.0,0.0,True,too_empty,,False,
negative,/mnt/MammoDiffusion/MammoDiffusion/experiments/diffusers/04_sd21_lora/generated_images/final/negative/gen_2504.png,gen_2504.png,12.0,7.0,0.0,0.6435089111328125,0.9980141322647191,0.6393699645996094,132.15242800121715,52.870812433114274,6.154023536554225,1203.19091796875,0.0,0.0,False,,-6.232896992811846,True,79.0
negative,/mnt/MammoDiffusion/MammoDiffusion/experiments/diffusers/04_sd21_lora/generated_images/final/negative/gen_2505.png,gen_2505.png,70.8956,57.0,1.0,0.4984016418457031,0.9987371128102684,0.5056076049804688,136.61133829276758,44.71460340231621,6.178100527424723,575.6571044921875,0.0,0.0,False,,-4.19283689941791,True,11.0
negative,/mnt/MammoDiffusion/MammoDiffusion/experiments/diffusers/04_sd21_lora/generated_images/final/negative/gen_2506.png,gen_2506.png,52.5824,12.0,4.0,0.4295768737792969,0.988882080791397,0.47916412353515625,118.1687843324576,60.54131531959874,7.153381351317631,2233.356201171875,0.0,0.0,False,,-10.997036831789085,True,618.0
negative,/mnt/MammoDiffusion/MammoDiffusion/experiments/diffusers/04_sd21_lora/generated_images/final/negative/gen_2507.png,gen_2507.png,220.0,205.0,36.0,0.5188789367675781,0.9694091353540998,0.5001411437988281,240.78027442814758,14.691809676341533,5.855416891627564,2032.013427734375,0.0,0.0,False,,-19.48789364189203,True,987.0
negative,/mnt/MammoDiffusion/MammoDiffusion/experiments/diffusers/04_sd21_lora/generated_images/final/negative/gen_2508.png,gen_2508.png,220.0,228.0,18.0,0.3684501647949219,0.9332415335397103,0.3426246643066406,245.033178574212,17.309255011378802,6.6431817892071905,1786.435546875,0.0,0.0,False,,-33.007373645633166,False,
negative,/mnt/MammoDiffusion/MammoDiffusion/experiments/diffusers/04_sd21_lora/generated_images/final/negative/gen_2509.png,gen_2509.png,124.3736,66.0,6.0,0.3970298767089844,0.938844531557759,0.3693885803222656,164.78918343952992,33.51609896525637,7.105498147638313,679.3401489257812,0.0,0.0,False,,-27.37496177462928,True,1220.0
negative,/mnt/MammoDiffusion/MammoDiffusion/experiments/diffusers/04_sd21_lora/generated_images/final/negative/gen_2510.png,gen_2510.png,215.0,204.0,9.0,0.049762725830078125,0.29244921425833653,0.00759124755859375,222.54221105527637,6.722569586467879,7.0700828793400134,1263.11083984375,0.0,0.0,True,too_empty,,False,
negative,/mnt/MammoDiffusion/MammoDiffusion/experiments/diffusers/04_sd21_lora/generated_images/final/negative/gen_2511.png,gen_2511.png,220.0,252.0,2.0,0.20702743530273438,0.4946840854231542,0.09684371948242188,252.17548351518494,12.13689010202844,6.980583980988944,1492.1121826171875,0.0,0.0,True,too_empty,,False,
negative,/mnt/MammoDiffusion/MammoDiffusion/experiments/diffusers/04_sd21_lora/generated_images/final/negative/gen_2512.png,gen_2512.png,88.5824,48.0,4.0,0.3812599182128906,0.9925659112511882,0.3961830139160156,155.12833030031678,50.29294749409266,6.863462971915513,1421.4482421875,0.0,0.0,False,,-7.8137616661550044,True,241.0
negative,/mnt/MammoDiffusion/MammoDiffusion/experiments/diffusers/04_sd21_lora/generated_images/final/negative/gen_2513.png,gen_2513.png,137.8956,124.0,1.0,0.1879730224609375,0.5790039775955841,0.11028671264648438,187.8235273771229,26.017870762220767,6.0110797564143095,616.75634765625,0.0,0.0,True,fragmented_mask,,False,
negative,/mnt/MammoDiffusion/MammoDiffusion/experiments/diffusers/04_sd21_lora/generated_images/final/negative/gen_2514.png,gen_2514.png,96.8956,83.0,1.0,0.16366958618164062,0.8506234704579886,0.14667510986328125,162.09297789336802,52.875287824498585,5.1795829669199165,773.137939453125,0.0,0.0,False,,-61.194159310419536,False,
negative,/mnt/MammoDiffusion/MammoDiffusion/experiments/diffusers/04_sd21_lora/generated_images/final/negative/gen_2515.png,gen_2515.png,59.7912,37.0,2.0,0.5726394653320312,0.9974486057263147,0.5758285522460938,139.00543226233853,45.50182314526741,6.840601920720328,1136.195068359375,0.0,0.0,False,,-6.234749241806719,True,80.0
negative,/mnt/MammoDiffusion/MammoDiffusion/experiments/diffusers/04_sd21_lora/generated_images/final/negative/gen_2516.png,gen_2516.png,87.7912,65.0,2.0,0.5670967102050781,0.9948876975131339,0.5827789306640625,142.4466787107585,43.18678440042456,6.8343341170064535,718.7595825195312,0.0,0.0,False,,-6.629780997879995,True,114.0
negative,/mnt/MammoDiffusion/MammoDiffusion/experiments/diffusers/04_sd21_lora/generated_images/final/negative/gen_2517.png,gen_2517.png,96.7912,74.0,2.0,0.2600440979003906,0.8854758027842567,0.2684440612792969,153.698270594421,54.98403803350038,6.124341440078423,1079.271240234375,0.0,0.0,False,,-48.319624111993086,False,
negative,/mnt/MammoDiffusion/MammoDiffusion/experiments/diffusers/04_sd21_lora/generated_images/final/negative/gen_2518.png,gen_2518.png,28.7912,6.0,2.0,0.7502250671386719,0.9970711914047603,0.7409210205078125,127.00991103239491,48.48904208440957,7.416579035461541,1254.708740234375,0.0,0.0,False,,-8.08752518731444,True,289.0
negative,/mnt/MammoDiffusion/MammoDiffusion/experiments/diffusers/04_sd21_lora/generated_images/final/negative/gen_2519.png,gen_2519.png,71.7912,49.0,2.0,0.2777099609375,0.9823214285714286,0.32534027099609375,127.49794808057594,59.45078458351933,6.022510234502193,1396.8787841796875,0.0,0.0,False,,-11.30313120331704,True,644.0
negative,/mnt/MammoDiffusion/MammoDiffusion/experiments/diffusers/04_sd21_lora/generated_images/final/negative/gen_2520.png,gen_2520.png,22.8956,9.0,1.0,0.5562553405761719,0.9966876744457169,0.5514144897460938,128.95860947768938,54.94204306884731,6.6777666617156015,1336.74365234375,0.0,0.0,False,,-6.818356585092868,True,128.0
negative,/mnt/MammoDiffusion/MammoDiffusion/experiments/diffusers/04_sd21_lora/generated_images/final/negative/gen_2521.png,gen_2521.png,126.6868,95.0,3.0,0.10914230346679688,0.9851106217888225,0.11288833618164062,173.3621464535532,33.92775189644269,5.214186953227327,748.2019653320312,0.0,0.0,False,,-10.134833877997036,True,548.0
negative,/mnt/MammoDiffusion/MammoDiffusion/experiments/diffusers/04_sd21_lora/generated_images/final/negative/gen_2522.png,gen_2522.png,105.5824,65.0,4.0,0.17313385009765625,0.930044507116732,0.18669509887695312,149.82376739339205,46.942678088587655,6.026119808324551,1343.1942138671875,0.0,0.0,False,,-31.726750816275995,True,1335.0
negative,/mnt/MammoDiffusion/MammoDiffusion/experiments/diffusers/04_sd21_lora/generated_images/final/negative/gen_2523.png,gen_2523.png,119.6868,88.0,3.0,0.14596939086914062,0.49930746112635566,0.13149642944335938,169.65605871602216,45.36865014465182,5.781612025473858,1193.325439453125,0.0,0.0,True,fragmented_mask,,False,
negative,/mnt/MammoDiffusion/MammoDiffusion/experiments/diffusers/04_sd21_lora/generated_images/final/negative/gen_2524.png,gen_2524.png,103.7912,81.0,2.0,0.21525192260742188,0.9793538554238219,0.23604965209960938,153.67302315809886,47.02259122329386,5.703800507046725,1100.0218505859375,0.0,0.0,False,,-12.15953043568837,True,695.0
negative,/mnt/MammoDiffusion/MammoDiffusion/experiments/diffusers/04_sd21_lora/generated_images/final/negative/gen_2525.png,gen_2525.png,99.6868,68.0,3.0,0.27983856201171875,0.9503530630606069,0.3383941650390625,144.31619470622718,52.825401275909186,6.350197613932109,1165.603271484375,0.0,0.0,False,,-23.254744413354594,True,1120.0
negative,/mnt/MammoDiffusion/MammoDiffusion/experiments/diffusers/04_sd21_lora/generated_images/final/negative/gen_2526.png,gen_2526.png,84.7912,62.0,2.0,0.4142417907714844,0.9869878719230876,0.4795074462890625,134.62549721559267,52.5978231928422,6.59660781794326,1090.488525390625,0.0,0.0,False,,-9.591186199195782,True,491.0
negative,/mnt/MammoDiffusion/MammoDiffusion/experiments/diffusers/04_sd21_lora/generated_images/final/negative/gen_2527.png,gen_2527.png,52.8956,39.0,1.0,0.6991310119628906,0.9953784790994855,0.717987060546875,119.48965550218898,52.89044134579398,6.901869880301102,1019.1109008789062,0.0,0.0,False,,-7.931002780135849,True,256.0
negative,/mnt/MammoDiffusion/MammoDiffusion/experiments/diffusers/04_sd21_lora/generated_images/final/negative/gen_2528.png,gen_2528.png,114.0,104.0,3.0,0.049259185791015625,0.8651746302176102,0.03812408447265625,185.6513908345007,31.821142274030873,4.416922660285008,378.1668701171875,0.0,0.0,True,too_empty,,False,
negative,/mnt/MammoDiffusion/MammoDiffusion/experiments/diffusers/04_sd21_lora/generated_images/final/negative/gen_2529.png,gen_2529.png,102.6868,71.0,3.0,0.16979217529296875,0.732015277465738,0.15107345581054688,147.72032421786227,48.36781841178843,5.806861254800119,799.4196166992188,0.0,0.0,True,fragmented_mask,,False,
negative,/mnt/MammoDiffusion/MammoDiffusion/experiments/diffusers/04_sd21_lora/generated_images/final/negative/gen_2530.png,gen_2530.png,95.7912,73.0,2.0,0.24847030639648438,0.9064558225224534,0.27382659912109375,147.08872697890837,56.441223514556384,5.981891783144894,1156.85009765625,0.0,0.0,False,,-40.26714049807602,False,
negative,/mnt/MammoDiffusion/MammoDiffusion/experiments/diffusers/04_sd21_lora/generated_images/final/negative/gen_2531.png,gen_2531.png,102.6868,71.0,3.0,0.20754241943359375,0.8471308311583281,0.15843582153320312,156.60318301109962,51.44015591917695,6.1541232970640465,1241.10107421875,0.0,0.0,False,,-63.712695803009666,False,
negative,/mnt/MammoDiffusion/MammoDiffusion/experiments/diffusers/04_sd21_lora/generated_images/final/negative/gen_2532.png,gen_2532.png,142.0,119.0,5.0,0.047657012939453125,0.509805491075002,0.02203369140625,180.7827216066482,27.254444844538533,5.293969824014699,1008.498046875,0.0,0.0,True,too_empty,,False,
negative,/mnt/MammoDiffusion/MammoDiffusion/experiments/diffusers/04_sd21_lora/generated_images/final/negative/gen_2533.png,gen_2533.png,130.7912,108.0,2.0,0.22292709350585938,0.9429661698523246,0.23384857177734375,174.9297902189162,42.51337358786196,5.6872813897601615,756.0636596679688,0.0,0.0,False,,-25.64188779009767,True,1182.0
negative,/mnt/MammoDiffusion/MammoDiffusion/experiments/diffusers/04_sd21_lora/generated_images/final/negative/gen_2534.png,gen_2534.png,24.7912,2.0,2.0,0.7719383239746094,0.9945641162488449,0.7680473327636719,114.28139605342234,50.467675427887194,7.336801235515444,1291.760498046875,0.0,0.0,False,,-9.086347965072301,True,426.0
negative,/mnt/MammoDiffusion/MammoDiffusion/experiments/diffusers/04_sd21_lora/generated_images/final/negative/gen_2535.png,gen_2535.png,115.7912,93.0,2.0,0.201812744140625,0.9849160743989113,0.22757720947265625,157.4929095846324,42.367435086562004,5.368728526347555,660.3074340820312,0.0,0.0,False,,-9.141292146885025,True,437.0
negative,/mnt/MammoDiffusion/MammoDiffusion/experiments/diffusers/04_sd21_lora/generated_images/final/negative/gen_2536.png,gen_2536.png,62.7912,40.0,2.0,0.3611946105957031,0.9943285631303797,0.36278533935546875,141.8751130365292,50.82795218172049,6.0159194992811855,1019.7485961914062,0.0,0.0,False,,-5.776731176559778,True,50.0
negative,/mnt/MammoDiffusion/MammoDiffusion/experiments/diffusers/04_sd21_lora/generated_images/final/negative/gen_2537.png,gen_2537.png,102.6868,71.0,3.0,0.244171142578125,0.9308055243094613,0.2561836242675781,155.35762467054812,53.067000623840954,6.109102599770219,982.4505615234375,0.0,0.0,False,,-30.986845760967526,True,1317.0
negative,/mnt/MammoDiffusion/MammoDiffusion/experiments/diffusers/04_sd21_lora/generated_images/final/negative/gen_2538.png,gen_2538.png,153.8956,140.0,1.0,0.15250778198242188,0.8327622001550814,0.12921524047851562,176.738936616184,15.741355968799327,6.588526212200694,329.3915100097656,0.0,0.0,False,,-70.44239427628186,False,
negative,/mnt/MammoDiffusion/MammoDiffusion/experiments/diffusers/04_sd21_lora/generated_images/final/negative/gen_2539.png,gen_2539.png,93.7912,71.0,2.0,0.2364959716796875,0.9779985805535841,0.27679443359375,143.72116868798236,53.25351941681363,5.686603308648789,1012.3416137695312,0.0,0.0,False,,-12.427995271438078,True,710.0
negative,/mnt/MammoDiffusion/MammoDiffusion/experiments/diffusers/04_sd21_lora/generated_images/final/negative/gen_2540.png,gen_2540.png,136.6868,105.0,3.0,0.07575607299804688,0.9933531396344227,0.06967544555664062,188.12181768409528,23.490030799968302,4.694688945286213,509.3633728027344,0.0,0.0,True,too_empty,,False,
negative,/mnt/MammoDiffusion/MammoDiffusion/experiments/diffusers/04_sd21_lora/generated_images/final/negative/gen_2541.png,gen_2541.png,202.0,196.0,2.0,0.044376373291015625,0.2663113556262357,0.006748199462890625,208.88128886376484,5.922099849377591,6.658171277081869,1039.833984375,0.0,0.0,True,too_empty,,False,
negative,/mnt/MammoDiffusion/MammoDiffusion/experiments/diffusers/04_sd21_lora/generated_images/final/negative/gen_2542.png,gen_2542.png,38.7912,16.0,2.0,0.545013427734375,0.9642127218769247,0.5624809265136719,110.40067547863357,60.206388407232204,6.915286174535886,1741.1243896484375,0.0,0.0,False,,-19.910559298029415,True,1005.0
negative,/mnt/MammoDiffusion/MammoDiffusion/experiments/diffusers/04_sd21_lora/generated_images/final/negative/gen_2543.png,gen_2543.png,10.0,0.0,0.0,0.8299102783203125,0.998800308885988,0.8276824951171875,103.87235680179931,61.5107704786522,7.267298171416429,1504.882080078125,0.0,0.0,False,,-8.538209783165694,True,358.0
negative,/mnt/MammoDiffusion/MammoDiffusion/experiments/diffusers/04_sd21_lora/generated_images/final/negative/gen_2544.png,gen_2544.png,58.7912,36.0,2.0,0.46746063232421875,0.9988901764293059,0.46551513671875,139.6029893798348,42.977152573798236,6.433497798895215,778.2920532226562,0.0,0.0,False,,-4.087205512188308,True,9.0
negative,/mnt/MammoDiffusion/MammoDiffusion/experiments/diffusers/04_sd21_lora/generated_images/final/negative/gen_2545.png,gen_2545.png,111.6868,80.0,3.0,0.2680473327636719,0.97402763744005,0.2966728210449219,151.43063609828857,38.76547815477766,6.092858491628964,1064.200439453125,0.0,0.0,False,,-13.61694643334264,True,767.0
negative,/mnt/MammoDiffusion/MammoDiffusion/experiments/diffusers/04_sd21_lora/generated_images/final/negative/gen_2546.png,gen_2546.png,104.7912,82.0,2.0,0.21203994750976562,0.9574345596833678,0.2393646240234375,151.7956428890164,47.78099716892189,5.538209601625825,595.8719482421875,0.0,0.0,False,,-19.90957797480872,True,1004.0
negative,/mnt/MammoDiffusion/MammoDiffusion/experiments/diffusers/04_sd21_lora/generated_images/final/negative/gen_2547.png,gen_2547.png,143.6868,112.0,3.0,0.12382125854492188,0.8937120675313472,0.12237167358398438,172.46884254496712,23.409235101616623,5.291670472266544,707.9268188476562,0.0,0.0,False,,-45.313862695068096,False,
negative,/mnt/MammoDiffusion/MammoDiffusion/experiments/diffusers/04_sd21_lora/generated_images/final/negative/gen_2548.png,gen_2548.png,130.0,125.0,0.0,0.23054122924804688,0.8457350872838587,0.1988067626953125,162.49938598511014,30.293921472569227,4.869785690763321,210.5778350830078,0.0,0.0,False,,-62.719392030603885,False,
negative,/mnt/MammoDiffusion/MammoDiffusion/experiments/diffusers/04_sd21_lora/generated_images/final/negative/gen_2549.png,gen_2549.png,65.6868,34.0,3.0,0.40557861328125,0.995221971407073,0.41454315185546875,150.96944878991442,54.315487797556464,6.728469650930911,1496.9808349609375,0.0,0.0,False,,-7.059221250006913,True,152.0
negative,/mnt/MammoDiffusion/MammoDiffusion/experiments/diffusers/04_sd21_lora/generated_images/final/negative/gen_2550.png,gen_2550.png,131.7912,109.0,2.0,0.11619949340820312,0.953579987525032,0.1083526611328125,157.30435854105056,14.8114229654335,4.3995034602505285,302.21600341796875,0.0,0.0,True,too_empty,,False,
negative,/mnt/MammoDiffusion/MammoDiffusion/experiments/diffusers/04_sd21_lora/generated_images/final/negative/gen_2551.png,gen_2551.png,67.6868,36.0,3.0,0.4104156494140625,0.9966539019221474,0.4135856628417969,138.22960920133926,45.41104042442581,6.419014324328253,940.3232421875,0.0,0.0,False,,-4.805301499526238,True,19.0
negative,/mnt/MammoDiffusion/MammoDiffusion/experiments/diffusers/04_sd21_lora/generated_images/final/negative/gen_2552.png,gen_2552.png,86.7912,64.0,2.0,0.336212158203125,0.9685259144957793,0.3385581970214844,150.78116302914896,46.24214155242304,5.8331153529432775,649.8699951171875,0.0,0.0,False,,-15.108600618351435,True,836.0
negative,/mnt/MammoDiffusion/MammoDiffusion/experiments/diffusers/04_sd21_lora/generated_images/final/negative/gen_2553.png,gen_2553.png,124.6868,93.0,3.0,0.141357421875,0.9867227979274611,0.14893722534179688,170.45180954332403,34.49235812822305,5.451211057895551,863.2322998046875,0.0,0.0,False,,-9.551559107996738,True,487.0
negative,/mnt/MammoDiffusion/MammoDiffusion/experiments/diffusers/04_sd21_lora/generated_images/final/negative/gen_2554.png,gen_2554.png,105.8956,92.0,1.0,0.2776451110839844,0.9350947336603328,0.2826118469238281,158.58808125801445,42.2251431190316,5.292421961545611,358.2037353515625,0.0,0.0,False,,-28.02226139778906,True,1241.0
negative,/mnt/MammoDiffusion/MammoDiffusion/experiments/diffusers/04_sd21_lora/generated_images/final/negative/gen_2555.png,gen_2555.png,165.0,139.0,3.0,0.049777984619140625,0.9791554908422101,0.04354095458984375,192.96959873839145,16.72751990261444,4.526556327118917,527.8971557617188,0.0,0.0,True,too_empty,,False,
negative,/mnt/MammoDiffusion/MammoDiffusion/experiments/diffusers/04_sd21_lora/generated_images/final/negative/gen_2556.png,gen_2556.png,85.47800000000001,36.0,5.0,0.2651176452636719,0.9624167254205096,0.27738189697265625,148.46057155430867,54.16061119864576,6.760972863905071,1952.3377685546875,0.0,0.0,False,,-20.626254768589916,True,1034.0
negative,/mnt/MammoDiffusion/MammoDiffusion/experiments/diffusers/04_sd21_lora/generated_images/final/negative/gen_2557.png,gen_2557.png,92.6868,61.0,3.0,0.3400917053222656,0.9815261404551726,0.3891716003417969,146.08773855850382,53.66567015028359,6.537547518942866,1327.15234375,0.0,0.0,False,,-11.576823208945942,True,667.0
negative,/mnt/MammoDiffusion/MammoDiffusion/experiments/diffusers/04_sd21_lora/generated_images/final/negative/gen_2558.png,gen_2558.png,78.8956,65.0,1.0,0.5082664489746094,0.9972455512274935,0.5280380249023438,134.02797243212785,46.09218763471495,6.268222080246844,576.72412109375,0.0,0.0,False,,-5.0138426243859415,True,22.0
negative,/mnt/MammoDiffusion/MammoDiffusion/experiments/diffusers/04_sd21_lora/generated_images/final/negative/gen_2559.png,gen_2559.png,125.0,120.0,1.0,0.0497894287109375,0.897870058228624,0.040081024169921875,184.0264585514419,26.127322290463184,3.597814097216023,170.62356567382812,0.0,0.0,True,too_empty,,False,
negative,/mnt/MammoDiffusion/MammoDiffusion/experiments/diffusers/04_sd21_lora/generated_images/final/negative/gen_2560.png,gen_2560.png,73.8956,60.0,1.0,0.42937469482421875,0.9923594946605305,0.4362030029296875,148.32619722251374,47.71181889485637,6.180392785181562,534.2539672851562,0.0,0.0,False,,-6.568261284476916,True,107.0
negative,/mnt/MammoDiffusion/MammoDiffusion/experiments/diffusers/04_sd21_lora/generated_images/final/negative/gen_2561.png,gen_2561.png,60.8956,47.0,1.0,0.5628623962402344,0.9860048390048187,0.6003837585449219,128.88609605621812,54.60297502422308,6.966997218698568,1202.9876708984375,0.0,0.0,False,,-11.250303826077502,True,637.0
negative,/mnt/MammoDiffusion/MammoDiffusion/experiments/diffusers/04_sd21_lora/generated_images/final/negative/gen_2562.png,gen_2562.png,58.7912,36.0,2.0,0.4003791809082031,0.9077812818582848,0.4571037292480469,108.35740692832167,60.36270944196799,6.545084143320299,1320.84814453125,0.0,0.0,False,,-39.712718973223836,False,
negative,/mnt/MammoDiffusion/MammoDiffusion/experiments/diffusers/04_sd21_lora/generated_images/final/negative/gen_2563.png,gen_2563.png,148.5824,108.0,4.0,0.13323974609375,0.3311383417315621,0.040767669677734375,201.08477589594835,28.322613085650556,6.034770115390419,958.6469116210938,0.0,0.0,True,too_empty,,False,
negative,/mnt/MammoDiffusion/MammoDiffusion/experiments/diffusers/04_sd21_lora/generated_images/final/negative/gen_2564.png,gen_2564.png,95.7912,73.0,2.0,0.2772407531738281,0.9705959244327641,0.34024810791015625,137.72514967374488,52.619199692628435,6.049712406430529,1024.1878662109375,0.0,0.0,False,,-14.992063286918633,True,830.0
negative,/mnt/MammoDiffusion/MammoDiffusion/experiments/diffusers/04_sd21_lora/generated_images/final/negative/gen_2565.png,gen_2565.png,122.5824,82.0,4.0,0.12928390502929688,0.920362338083857,0.11777877807617188,174.06186234817812,40.94537878070273,5.732730973706111,1102.464599609375,0.0,0.0,False,,-35.40130886522017,False,
negative,/mnt/MammoDiffusion/MammoDiffusion/experiments/diffusers/04_sd21_lora/generated_images/final/negative/gen_2566.png,gen_2566.png,178.0,173.0,0.0,0.08170318603515625,0.6971239144644691,0.059574127197265625,198.32406992380098,15.607603604269887,6.059657615193603,730.9083251953125,0.0,0.0,True,too_empty,,False,
negative,/mnt/MammoDiffusion/MammoDiffusion/experiments/diffusers/04_sd21_lora/generated_images/final/negative/gen_2567.png,gen_2567.png,85.8956,72.0,1.0,0.358184814453125,0.9517338331771321,0.3528785705566406,141.70264310037297,41.09077720468992,5.234336791257876,398.0909729003906,0.0,0.0,False,,-20.774207418817543,True,1038.0
negative,/mnt/MammoDiffusion/MammoDiffusion/experiments/diffusers/04_sd21_lora/generated_images/final/negative/gen_2568.png,gen_2568.png,121.47800000000001,72.0,5.0,0.20742416381835938,0.523328735632184,0.10649871826171875,188.839530052296,27.551013644541094,6.906131573120498,814.2525024414062,0.0,0.0,True,too_empty,,False,
negative,/mnt/MammoDiffusion/MammoDiffusion/experiments/diffusers/04_sd21_lora/generated_images/final/negative/gen_2569.png,gen_2569.png,97.7912,75.0,2.0,0.4501380920410156,0.9929068397725443,0.4548912048339844,151.513539124674,38.978252260662714,6.3864490895962565,624.154296875,0.0,0.0,False,,-6.152683003507111,True,72.0
negative,/mnt/MammoDiffusion/MammoDiffusion/experiments/diffusers/04_sd21_lora/generated_images/final/negative/gen_2570.png,gen_2570.png,77.8956,64.0,1.0,0.40607452392578125,0.9845279473931423,0.4485054016113281,132.1995611237274,52.41627907407101,5.452975555478697,552.7459106445312,0.0,0.0,False,,-8.952211874502874,True,411.0
negative,/mnt/MammoDiffusion/MammoDiffusion/experiments/diffusers/04_sd21_lora/generated_images/final/negative/gen_2571.png,gen_2571.png,111.6868,80.0,3.0,0.23674774169921875,0.8315233153942831,0.22381973266601562,163.81805941404053,43.49559087442147,6.094543431731146,1017.6346435546875,0.0,0.0,False,,-68.54564817496836,False,
negative,/mnt/MammoDiffusion/MammoDiffusion/experiments/diffusers/04_sd21_lora/generated_images/final/negative/gen_2572.png,gen_2572.png,75.8956,62.0,1.0,0.5638771057128906,0.9580088893699642,0.6338310241699219,126.02371881676747,52.91899381372503,6.801899555112589,1041.878662109375,0.0,0.0,False,,-21.604461274011438,True,1064.0
negative,/mnt/MammoDiffusion/MammoDiffusion/experiments/diffusers/04_sd21_lora/generated_images/final/negative/gen_2573.png,gen_2573.png,64.6868,33.0,3.0,0.38018798828125,0.9919228608123294,0.406158447265625,134.6734352693666,57.73821176965445,6.590517569178686,1486.6058349609375,0.0,0.0,False,,-8.021566823045001,True,280.0
negative,/mnt/MammoDiffusion/MammoDiffusion/experiments/diffusers/04_sd21_lora/generated_images/final/negative/gen_2574.png,gen_2574.png,220.0,205.0,49.0,0.22775650024414062,0.8375847918934762,0.18979644775390625,251.13458214414922,25.07622212347598,6.7477761804091365,1583.423828125,0.0,0.0,False,,-69.84412641889658,False,
negative,/mnt/MammoDiffusion/MammoDiffusion/experiments/diffusers/04_sd21_lora/generated_images/final/negative/gen_2575.png,gen_2575.png,122.8956,109.0,1.0,0.20093536376953125,0.852602802141474,0.19154739379882812,165.30936211737995,37.599116913467356,5.289198443526027,423.781005859375,0.0,0.0,False,,-59.8908437706339,False,
negative,/mnt/MammoDiffusion/MammoDiffusion/experiments/diffusers/04_sd21_lora/generated_images/final/negative/gen_2576.png,gen_2576.png,16.8956,3.0,1.0,0.7836189270019531,0.9985736609207433,0.7763557434082031,132.80795707483895,45.01505018123485,7.257131781954013,1174.8033447265625,0.0,0.0,False,,-7.430605708810248,True,194.0
negative,/mnt/MammoDiffusion/MammoDiffusion/experiments/diffusers/04_sd21_lora/generated_images/final/negative/gen_2577.png,gen_2577.png,220.0,201.0,53.0,0.1217803955078125,0.46450945996742266,0.0530242919921875,254.01992805755395,2.2906673327562554,7.352457316226472,1650.6519775390625,0.0,0.0,True,too_empty,,False,
negative,/mnt/MammoDiffusion/MammoDiffusion/experiments/diffusers/04_sd21_lora/generated_images/final/negative/gen_2578.png,gen_2578.png,35.0,30.0,0.0,0.6442375183105469,0.992663559979394,0.6651077270507812,114.39390550259816,58.91442673747112,6.742322754969884,1501.2176513671875,0.0,0.0,False,,-9.343693404141092,True,463.0
negative,/mnt/MammoDiffusion/MammoDiffusion/experiments/diffusers/04_sd21_lora/generated_images/final/negative/gen_2579.png,gen_2579.png,141.6868,110.0,3.0,0.10739898681640625,0.9606095048660936,0.10312271118164062,179.92520253024082,24.612291808310268,5.231503345027477,819.8594970703125,0.0,0.0,True,too_empty,,False,
negative,/mnt/MammoDiffusion/MammoDiffusion/experiments/diffusers/04_sd21_lora/generated_images/final/negative/gen_2580.png,gen_2580.png,102.6868,71.0,3.0,0.3457221984863281,0.9239426673581304,0.3803558349609375,140.9152224495527,41.9579013174386,6.3626739025577255,440.76055908203125,0.0,0.0,False,,-32.065314581903465,True,1347.0
negative,/mnt/MammoDiffusion/MammoDiffusion/experiments/diffusers/04_sd21_lora/generated_images/final/negative/gen_2581.png,gen_2581.png,78.8956,65.0,1.0,0.5308418273925781,0.9972405268868976,0.5307846069335938,154.5127423782898,39.34686552838659,6.411993758450259,583.3465576171875,0.0,0.0,False,,-5.1443907975526875,True,25.0
negative,/mnt/MammoDiffusion/MammoDiffusion/experiments/diffusers/04_sd21_lora/generated_images/final/negative/gen_2582.png,gen_2582.png,120.5824,80.0,4.0,0.1873931884765625,0.9047512417555573,0.19719696044921875,166.55470654234534,44.96991182974685,6.021470132841181,1078.599365234375,0.0,0.0,False,,-41.08594971597821,False,
negative,/mnt/MammoDiffusion/MammoDiffusion/experiments/diffusers/04_sd21_lora/generated_images/final/negative/gen_2583.png,gen_2583.png,142.7912,120.0,2.0,0.05411529541015625,0.9842802763287748,0.0490570068359375,176.63188180404356,26.830348477306675,4.078114742035659,234.5147705078125,0.0,0.0,True,too_empty,,False,
negative,/mnt/MammoDiffusion/MammoDiffusion/experiments/diffusers/04_sd21_lora/generated_images/final/negative/gen_2584.png,gen_2584.png,220.0,221.0,11.0,0.2915077209472656,0.9186699294659565,0.2649803161621094,230.2166477117314,19.95683718563639,7.1017045374350225,1603.50732421875,0.0,0.0,False,,-38.80317122645161,False,
negative,/mnt/MammoDiffusion/MammoDiffusion/experiments/diffusers/04_sd21_lora/generated_images/final/negative/gen_2585.png,gen_2585.png,84.8956,71.0,1.0,0.482208251953125,0.9561578381115119,0.5048370361328125,133.16292126341241,48.30581703070945,6.0505152892029255,680.2838134765625,0.0,0.0,False,,-20.229790183028683,True,1017.0
negative,/mnt/MammoDiffusion/MammoDiffusion/experiments/diffusers/04_sd21_lora/generated_images/final/negative/gen_2586.png,gen_2586.png,53.7912,31.0,2.0,0.23898696899414062,0.991220929304538,0.25162506103515625,132.6889117977017,60.92277609209602,5.60944354291386,1169.374267578125,0.0,0.0,False,,-7.942661660142862,True,260.0
negative,/mnt/MammoDiffusion/MammoDiffusion/experiments/diffusers/04_sd21_lora/generated_images/final/negative/gen_2587.png,gen_2587.png,94.8956,81.0,1.0,0.2933082580566406,0.9433208911547816,0.3191795349121094,144.08245389681014,46.39011004907394,5.488145494556083,600.5096435546875,0.0,0.0,False,,-24.467059695799254,True,1149.0
negative,/mnt/MammoDiffusion/MammoDiffusion/experiments/diffusers/04_sd21_lora/generated_images/final/negative/gen_2588.png,gen_2588.png,10.0,2.0,0.0,0.7481307983398438,0.9981031827777155,0.7420997619628906,109.24221099328149,51.44584060638246,6.804229989363005,1139.0076904296875,0.0,0.0,False,,-6.878615495767028,True,133.0
negative,/mnt/MammoDiffusion/MammoDiffusion/experiments/diffusers/04_sd21_lora/generated_images/final/negative/gen_2589.png,gen_2589.png,220.0,217.0,37.0,0.3206825256347656,0.9173853565693214,0.2926902770996094,252.2498077599802,21.237611147183436,6.355479479535088,1859.709716796875,0.0,0.0,False,,-39.13030130989131,False,
negative,/mnt/MammoDiffusion/MammoDiffusion/experiments/diffusers/04_sd21_lora/generated_images/final/negative/gen_2590.png,gen_2590.png,30.7912,8.0,2.0,0.4103126525878906,0.995881406829613,0.4090003967285156,130.99348051148604,56.45257711734982,6.516066505891645,1642.0706787109375,0.0,0.0,False,,-6.5482366044366245,True,104.0
negative,/mnt/MammoDiffusion/MammoDiffusion/experiments/diffusers/04_sd21_lora/generated_images/final/negative/gen_2591.png,gen_2591.png,220.0,244.0,7.0,0.27098846435546875,0.9267856640108111,0.2483978271484375,249.41788500522145,16.928442864688023,6.597465533293886,1612.2337646484375,0.0,0.0,False,,-35.92081372883929,False,
negative,/mnt/MammoDiffusion/MammoDiffusion/experiments/diffusers/04_sd21_lora/generated_images/final/negative/gen_2592.png,gen_2592.png,77.8956,64.0,1.0,0.20757293701171875,0.9147829602675782,0.2317962646484375,141.66531169771577,61.463327093326846,4.9603961480147,995.7058715820312,0.0,0.0,False,,-36.487342125896845,False,
negative,/mnt/MammoDiffusion/MammoDiffusion/experiments/diffusers/04_sd21_lora/generated_images/final/negative/gen_2593.png,gen_2593.png,40.7912,18.0,2.0,0.7154655456542969,0.9990349497480739,0.7118492126464844,139.566623974449,46.183431690500655,7.2981718853502695,1015.9055786132812,0.0,0.0,False,,-7.024814790687469,True,149.0
negative,/mnt/MammoDiffusion/MammoDiffusion/experiments/diffusers/04_sd21_lora/generated_images/final/negative/gen_2594.png,gen_2594.png,109.7912,87.0,2.0,0.24229812622070312,0.9556811562258922,0.27248382568359375,147.5364692706146,41.210587677379294,5.605515447046834,668.5642700195312,0.0,0.0,False,,-19.88336579771574,True,1000.0
negative,/mnt/MammoDiffusion/MammoDiffusion/experiments/diffusers/04_sd21_lora/generated_images/final/negative/gen_2595.png,gen_2595.png,87.6868,56.0,3.0,0.3698844909667969,0.9837360642719388,0.4318580627441406,140.4151348391029,53.76392874564321,6.5929323672364415,1179.3983154296875,0.0,0.0,False,,-10.782783411054861,True,602.0
negative,/mnt/MammoDiffusion/MammoDiffusion/experiments/diffusers/04_sd21_lora/generated_images/final/negative/gen_2596.png,gen_2596.png,112.5824,72.0,4.0,0.21850204467773438,0.9290141238499275,0.2548370361328125,156.68082749535955,52.96669622494243,6.243922199544121,1372.5618896484375,0.0,0.0,False,,-32.32565036666114,True,1354.0
negative,/mnt/MammoDiffusion/MammoDiffusion/experiments/diffusers/04_sd21_lora/generated_images/final/negative/gen_2597.png,gen_2597.png,134.8956,121.0,1.0,0.11653518676757812,0.585158270319814,0.0655364990234375,185.34091967403958,26.26213144304643,6.430281972879597,668.3753662109375,0.0,0.0,True,too_empty,,False,
negative,/mnt/MammoDiffusion/MammoDiffusion/experiments/diffusers/04_sd21_lora/generated_images/final/negative/gen_2598.png,gen_2598.png,53.7912,31.0,2.0,0.32582855224609375,0.9873088720818601,0.3602561950683594,126.17880324865786,63.87114721157193,6.257035946817527,1668.2799072265625,0.0,0.0,False,,-9.948458252167365,True,532.0
negative,/mnt/MammoDiffusion/MammoDiffusion/experiments/diffusers/04_sd21_lora/generated_images/final/negative/gen_2599.png,gen_2599.png,134.7912,112.0,2.0,0.06545257568359375,0.9663130901037417,0.05735015869140625,177.88386324331515,20.80467391987964,3.9176559466518883,358.64947509765625,0.0,0.0,True,too_empty,,False,
negative,/mnt/MammoDiffusion/MammoDiffusion/experiments/diffusers/04_sd21_lora/generated_images/final/negative/gen_2600.png,gen_2600.png,44.6868,13.0,3.0,0.64715576171875,0.9967462039045553,0.6475753784179688,134.917511987653,49.97624324696216,7.36537950210153,1498.0721435546875,0.0,0.0,False,,-8.079356664487426,True,288.0
negative,/mnt/MammoDiffusion/MammoDiffusion/experiments/diffusers/04_sd21_lora/generated_images/final/negative/gen_2601.png,gen_2601.png,88.7912,66.0,2.0,0.2502937316894531,0.9134927529605413,0.29314422607421875,136.524568617755,53.66547179813934,5.75585656542207,1071.2159423828125,0.0,0.0,False,,-36.82647243148217,False,
negative,/mnt/MammoDiffusion/MammoDiffusion/experiments/diffusers/04_sd21_lora/generated_images/final/negative/gen_2602.png,gen_2602.png,144.0,118.0,3.0,0.049671173095703125,0.9844865985715383,0.04390716552734375,186.56255430060816,24.386926716826828,4.683267688604375,621.7994384765625,0.0,0.0,True,too_empty,,False,
negative,/mnt/MammoDiffusion/MammoDiffusion/experiments/diffusers/04_sd21_lora/generated_images/final/negative/gen_2603.png,gen_2603.png,150.5824,110.0,4.0,0.07668304443359375,0.8509601034722913,0.06583786010742188,174.99942059215482,18.234163876294577,5.297942698426164,1064.5628662109375,0.0,0.0,True,too_empty,,False,
negative,/mnt/MammoDiffusion/MammoDiffusion/experiments/diffusers/04_sd21_lora/generated_images/final/negative/gen_2604.png,gen_2604.png,61.6868,30.0,3.0,0.5173377990722656,0.9694212377504295,0.5611419677734375,126.43619986403807,56.04757388729775,7.105190416809572,1358.4571533203125,0.0,0.0,False,,-17.635981782970525,True,928.0
negative,/mnt/MammoDiffusion/MammoDiffusion/experiments/diffusers/04_sd21_lora/generated_images/final/negative/gen_2605.png,gen_2605.png,72.47800000000001,23.0,5.0,0.4779167175292969,0.9892643056120942,0.5480003356933594,124.66513521979743,53.031190133768646,7.319345902074232,2033.5238037109375,0.0,0.0,False,,-10.902104077488127,True,613.0
negative,/mnt/MammoDiffusion/MammoDiffusion/experiments/diffusers/04_sd21_lora/generated_images/final/negative/gen_2606.png,gen_2606.png,220.0,221.0,33.0,0.24309158325195312,0.8316987053746567,0.12111663818359375,254.5299842519685,2.302432503423904,6.969821601314224,1349.7457275390625,0.0,0.0,True,low_contrast,,False,
negative,/mnt/MammoDiffusion/MammoDiffusion/experiments/diffusers/04_sd21_lora/generated_images/final/negative/gen_2607.png,gen_2607.png,128.7912,106.0,2.0,0.4255638122558594,0.9451411360804597,0.452606201171875,163.37348290742364,33.87108344505959,6.334196741927201,402.2690734863281,0.0,0.0,False,,-24.99533521665597,True,1166.0
negative,/mnt/MammoDiffusion/MammoDiffusion/experiments/diffusers/04_sd21_lora/generated_images/final/negative/gen_2608.png,gen_2608.png,155.5824,115.0,4.0,0.08662796020507812,0.8935223920031705,0.07402801513671875,185.5517881067711,19.372067507981388,5.454785963132743,1017.4860229492188,0.0,0.0,True,too_empty,,False,
negative,/mnt/MammoDiffusion/MammoDiffusion/experiments/diffusers/04_sd21_lora/generated_images/final/negative/gen_2609.png,gen_2609.png,220.0,252.0,1.0,0.4242439270019531,0.9682411228903096,0.3976860046386719,252.347353982216,3.787419884531168,6.059496547011177,1412.800537109375,0.0,0.0,True,low_contrast,,False,
negative,/mnt/MammoDiffusion/MammoDiffusion/experiments/diffusers/04_sd21_lora/generated_images/final/negative/gen_2610.png,gen_2610.png,69.7912,47.0,2.0,0.4815406799316406,0.9862634968669048,0.501251220703125,145.0403805175038,55.16414786431904,6.6570520379207725,1404.02685546875,0.0,0.0,False,,-10.801486560621672,True,604.0
negative,/mnt/MammoDiffusion/MammoDiffusion/experiments/diffusers/04_sd21_lora/generated_images/final/negative/gen_2611.png,gen_2611.png,114.7912,92.0,2.0,0.19359588623046875,0.9212610837438424,0.20977401733398438,151.42796093906276,43.34841176297454,5.567365720169454,713.5101928710938,0.0,0.0,False,,-33.51411244640539,False,
negative,/mnt/MammoDiffusion/MammoDiffusion/experiments/diffusers/04_sd21_lora/generated_images/final/negative/gen_2612.png,gen_2612.png,81.8956,68.0,1.0,0.3600578308105469,0.9274158517592465,0.3859825134277344,139.3442574345493,53.63449632944336,5.650391962926736,835.9345703125,0.0,0.0,False,,-30.56365932213566,True,1301.0
negative,/mnt/MammoDiffusion/MammoDiffusion/experiments/diffusers/04_sd21_lora/generated_images/final/negative/gen_2613.png,gen_2613.png,116.0,111.0,1.0,0.0420074462890625,0.42925899019251723,0.014659881591796875,170.29768410096278,23.474599963633903,3.5383783186596163,171.80621337890625,0.0,0.0,True,too_empty,,False,
negative,/mnt/MammoDiffusion/MammoDiffusion/experiments/diffusers/04_sd21_lora/generated_images/final/negative/gen_2614.png,gen_2614.png,47.7912,25.0,2.0,0.5492057800292969,0.997041070771197,0.5542221069335938,125.92395688504054,51.18891492625213,6.77105293586723,1181.3604736328125,0.0,0.0,False,,-6.320615173882768,True,88.0
negative,/mnt/MammoDiffusion/MammoDiffusion/experiments/diffusers/04_sd21_lora/generated_images/final/negative/gen_2615.png,gen_2615.png,74.7912,52.0,2.0,0.52252197265625,0.9859902464665343,0.5729103088378906,124.47148516829245,49.96702405847148,6.6061897903816025,554.2996826171875,0.0,0.0,False,,-9.943984648794913,True,531.0
negative,/mnt/MammoDiffusion/MammoDiffusion/experiments/diffusers/04_sd21_lora/generated_images/final/negative/gen_2616.png,gen_2616.png,210.0,190.0,16.0,0.04998016357421875,0.11876049458098001,0.003856658935546875,218.34322453016816,27.440969844413473,6.943734831045811,1511.420166015625,0.0,0.0,True,too_empty,,False,
negative,/mnt/MammoDiffusion/MammoDiffusion/experiments/diffusers/04_sd21_lora/generated_images/final/negative/gen_2617.png,gen_2617.png,115.8956,102.0,1.0,0.2813568115234375,0.9792152502847226,0.3134803771972656,149.01081811212384,34.944236194857744,5.280512457291492,403.6581726074219,0.0,0.0,False,,-10.900788574376882,True,612.0
negative,/mnt/MammoDiffusion/MammoDiffusion/experiments/diffusers/04_sd21_lora/generated_images/final/negative/gen_2618.png,gen_2618.png,170.0,165.0,0.0,0.09958648681640625,0.5972573354784341,0.059703826904296875,201.39409622388345,20.566613083654254,5.349204016871035,490.8021240234375,0.0,0.0,True,too_empty,,False,
negative,/mnt/MammoDiffusion/MammoDiffusion/experiments/diffusers/04_sd21_lora/generated_images/final/negative/gen_2619.png,gen_2619.png,185.6868,154.0,3.0,0.07477951049804688,0.7290210682038464,0.054561614990234375,220.15178633853037,16.458430008021892,6.389361914446177,969.2437133789062,0.0,0.0,True,too_empty,,False,
negative,/mnt/MammoDiffusion/MammoDiffusion/experiments/diffusers/04_sd21_lora/generated_images/final/negative/gen_2620.png,gen_2620.png,98.6868,67.0,3.0,0.21304702758789062,0.8606958047592616,0.21578598022460938,162.68366715576218,54.41385030673887,6.175682476409421,1338.218994140625,0.0,0.0,False,,-58.59237686356468,False,
negative,/mnt/MammoDiffusion/MammoDiffusion/experiments/diffusers/04_sd21_lora/generated_images/final/negative/gen_2621.png,gen_2621.png,105.8956,92.0,1.0,0.18681716918945312,0.8887550282808895,0.1837615966796875,155.34295856514157,41.91049410766486,4.840778668315554,336.6214294433594,0.0,0.0,False,,-45.845394621966705,False,
