class,source_path,source_name,adaptive_threshold,background_median,background_mad,raw_nonblack_ratio,largest_component_frac,nonblack_ratio,mean_nonblack,std_nonblack,entropy,lap_var,top_border,bottom_border,rejected,reject_reason,selection_score,selected,selection_rank
negative,/mnt/MammoDiffusion/MammoDiffusion/experiments/diffusers/02_sd21_filtered_100steps/generated_images/final/negative/eval_neg_0000.png,eval_neg_0000.png,36.7912,14.0,2.0,0.6176643371582031,0.9978507506932565,0.6125450134277344,167.51377238050756,27.026409523330127,6.411047003198575,585.5660400390625,0.0,0.0,False,,-6.337589983329372,True,593.0
negative,/mnt/MammoDiffusion/MammoDiffusion/experiments/diffusers/02_sd21_filtered_100steps/generated_images/final/negative/eval_neg_0001.png,eval_neg_0001.png,132.7912,110.0,2.0,0.1898345947265625,0.8573868660075556,0.17535781860351562,179.4258522047467,35.21822883670691,5.577901043174553,399.6866149902344,0.0,0.0,False,,-58.83751837613946,False,
negative,/mnt/MammoDiffusion/MammoDiffusion/experiments/diffusers/02_sd21_filtered_100steps/generated_images/final/negative/eval_neg_0002.png,eval_neg_0002.png,102.8956,89.0,1.0,0.5497932434082031,0.9997849089332177,0.5440139770507812,155.5407965780801,22.374622299816682,5.466296010791803,127.56813049316406,0.0,0.0,False,,-5.75754061280188,True,362.0
negative,/mnt/MammoDiffusion/MammoDiffusion/experiments/diffusers/02_sd21_filtered_100steps/generated_images/final/negative/eval_neg_0003.png,eval_neg_0003.png,106.7912,84.0,2.0,0.5296363830566406,0.9676176345603964,0.5487556457519531,147.52046881191217,36.61287539813488,6.682901318425673,660.338134765625,0.0,0.0,False,,-16.642335757687224,False,
negative,/mnt/MammoDiffusion/MammoDiffusion/experiments/diffusers/02_sd21_filtered_100steps/generated_images/final/negative/eval_neg_0004.png,eval_neg_0004.png,134.6868,103.0,3.0,0.22913360595703125,0.9275630140179136,0.23602676391601562,173.34771224928483,36.10906286474175,6.035242223352688,798.48681640625,0.0,0.0,False,,-31.783805241416406,False,
negative,/mnt/MammoDiffusion/MammoDiffusion/experiments/diffusers/02_sd21_filtered_100steps/generated_images/final/negative/eval_neg_0005.png,eval_neg_0005.png,171.0,166.0,2.0,0.04900360107421875,0.4697182002179667,0.023578643798828125,187.81993204983013,12.29867863870438,5.223421888322928,615.4514770507812,0.0,0.0,True,too_empty,,False,
negative,/mnt/MammoDiffusion/MammoDiffusion/experiments/diffusers/02_sd21_filtered_100steps/generated_images/final/negative/eval_neg_0006.png,eval_neg_0006.png,220.0,223.0,16.0,0.3689308166503906,0.9539255322448895,0.3469123840332031,239.65643659075664,14.53613321158788,6.520552765368872,1177.1004638671875,0.0,0.0,False,,-24.271804579361156,False,
negative,/mnt/MammoDiffusion/MammoDiffusion/experiments/diffusers/02_sd21_filtered_100steps/generated_images/final/negative/eval_neg_0007.png,eval_neg_0007.png,56.8956,43.0,1.0,0.8315277099609375,0.9960088081475365,0.8226432800292969,125.93503392054755,40.648378701917885,7.139314819773098,663.4610595703125,0.0,0.0,False,,-7.659488213774865,True,1262.0
negative,/mnt/MammoDiffusion/MammoDiffusion/experiments/diffusers/02_sd21_filtered_100steps/generated_images/final/negative/eval_neg_0008.png,eval_neg_0008.png,197.0,195.0,0.0,0.048381805419921875,0.5448237798628085,0.0255279541015625,217.68843395098625,10.10507693758419,5.326522037538327,863.6749877929688,0.0,0.0,True,too_empty,,False,
negative,/mnt/MammoDiffusion/MammoDiffusion/experiments/diffusers/02_sd21_filtered_100steps/generated_images/final/negative/eval_neg_0009.png,eval_neg_0009.png,119.8956,106.0,1.0,0.3659095764160156,0.9777733760073394,0.4068031311035156,160.25274519181178,37.697629229284246,5.299655645332281,381.4468994140625,0.0,0.0,False,,-11.194988398892647,False,
negative,/mnt/MammoDiffusion/MammoDiffusion/experiments/diffusers/02_sd21_filtered_100steps/generated_images/final/negative/eval_neg_0010.png,eval_neg_0010.png,183.6428,63.0,13.0,0.15427780151367188,0.6558118833914398,0.09865570068359375,208.44741319310185,13.15950048805005,6.809467100950898,673.3377685546875,0.0,0.0,True,too_empty,,False,
negative,/mnt/MammoDiffusion/MammoDiffusion/experiments/diffusers/02_sd21_filtered_100steps/generated_images/final/negative/eval_neg_0011.png,eval_neg_0011.png,27.8956,14.0,1.0,0.7624549865722656,0.9983639611153082,0.754791259765625,160.55280394614482,26.578255447618,6.510106332402642,279.20758056640625,0.0,0.0,False,,-7.495701357903034,True,1172.0
negative,/mnt/MammoDiffusion/MammoDiffusion/experiments/diffusers/02_sd21_filtered_100steps/generated_images/final/negative/eval_neg_0012.png,eval_neg_0012.png,220.0,211.0,26.0,0.4439544677734375,0.9612991923010826,0.4220924377441406,239.29886397527315,11.190694402072124,6.135924854400503,1175.427001953125,0.0,0.0,False,,-21.300649657959266,False,
negative,/mnt/MammoDiffusion/MammoDiffusion/experiments/diffusers/02_sd21_filtered_100steps/generated_images/final/negative/eval_neg_0013.png,eval_neg_0013.png,18.0,13.0,0.0,0.7837142944335938,0.9987636653913924,0.7773971557617188,165.26270670788557,24.1509967425278,5.818592428851968,171.0392608642578,0.0,0.0,False,,-7.268234958095027,True,1052.0
negative,/mnt/MammoDiffusion/MammoDiffusion/experiments/diffusers/02_sd21_filtered_100steps/generated_images/final/negative/eval_neg_0014.png,eval_neg_0014.png,151.7912,129.0,2.0,0.3879127502441406,0.9926049031852019,0.38169097900390625,185.63213336264965,20.81619450223941,6.186405317521901,161.15284729003906,0.0,0.0,False,,-7.852370493724173,True,1348.0
negative,/mnt/MammoDiffusion/MammoDiffusion/experiments/diffusers/02_sd21_filtered_100steps/generated_images/final/negative/eval_neg_0015.png,eval_neg_0015.png,107.8956,94.0,1.0,0.2829170227050781,0.7646329130991708,0.2396697998046875,160.60278856560768,43.611880302411436,5.772207521973475,827.3321533203125,0.0,0.0,False,,-93.24402258450145,False,
negative,/mnt/MammoDiffusion/MammoDiffusion/experiments/diffusers/02_sd21_filtered_100steps/generated_images/final/negative/eval_neg_0016.png,eval_neg_0016.png,101.8956,88.0,1.0,0.28751373291015625,0.7917606474724691,0.23755264282226562,150.63387021662678,44.37093920244911,6.518825598033802,870.1443481445312,0.0,0.0,False,,-83.51937829489336,False,
negative,/mnt/MammoDiffusion/MammoDiffusion/experiments/diffusers/02_sd21_filtered_100steps/generated_images/final/negative/eval_neg_0017.png,eval_neg_0017.png,51.7912,29.0,2.0,0.4790802001953125,1.0,0.47409820556640625,170.71443974187736,27.13069331537789,6.209840774776295,318.3480224609375,0.0,0.0,False,,-5.754097944094348,True,358.0
negative,/mnt/MammoDiffusion/MammoDiffusion/experiments/diffusers/02_sd21_filtered_100steps/generated_images/final/negative/eval_neg_0018.png,eval_neg_0018.png,220.0,216.0,10.0,0.3582649230957031,0.9439398617928596,0.3349151611328125,227.29766731969565,3.169966831933318,6.466012375810024,1125.183349609375,0.0,0.0,True,low_contrast,,False,
negative,/mnt/MammoDiffusion/MammoDiffusion/experiments/diffusers/02_sd21_filtered_100steps/generated_images/final/negative/eval_neg_0019.png,eval_neg_0019.png,139.8956,126.0,1.0,0.11920928955078125,0.703584,0.08199310302734375,202.16130082813808,23.922338922580103,5.008876561057044,676.4598388671875,0.0,0.0,True,too_empty,,False,
negative,/mnt/MammoDiffusion/MammoDiffusion/experiments/diffusers/02_sd21_filtered_100steps/generated_images/final/negative/eval_neg_0020.png,eval_neg_0020.png,98.7912,76.0,2.0,0.3936004638671875,0.9866640821864703,0.4601783752441406,135.92605671748194,40.65414652695694,6.064241018414835,435.9860534667969,0.0,0.0,False,,-8.325690214368453,False,
negative,/mnt/MammoDiffusion/MammoDiffusion/experiments/diffusers/02_sd21_filtered_100steps/generated_images/final/negative/eval_neg_0021.png,eval_neg_0021.png,210.0,88.0,19.0,0.047985076904296875,0.7997456077589633,0.040660858154296875,218.1455108359133,6.849687623244271,6.324902872751271,647.860107421875,0.0,0.0,True,too_empty,,False,
negative,/mnt/MammoDiffusion/MammoDiffusion/experiments/diffusers/02_sd21_filtered_100steps/generated_images/final/negative/eval_neg_0022.png,eval_neg_0022.png,220.0,101.0,89.0,0.1486053466796875,0.8251873909025568,0.11902999877929688,254.3126942922155,5.20063143999253,7.118763381468355,1243.8023681640625,0.0,0.0,True,low_contrast,,False,
negative,/mnt/MammoDiffusion/MammoDiffusion/experiments/diffusers/02_sd21_filtered_100steps/generated_images/final/negative/eval_neg_0023.png,eval_neg_0023.png,150.06040000000002,65.0,9.0,0.11881637573242188,0.6421164157061675,0.07457733154296875,205.07856777493606,19.19128814487784,6.823510938551491,544.4794311523438,0.0,0.0,True,too_empty,,False,
negative,/mnt/MammoDiffusion/MammoDiffusion/experiments/diffusers/02_sd21_filtered_100steps/generated_images/final/negative/eval_neg_0024.png,eval_neg_0024.png,190.8956,177.0,1.0,0.09073257446289062,0.8451965524490225,0.07949447631835938,216.22304333221365,14.17077787431645,6.789477622565924,893.3602905273438,0.0,0.0,True,too_empty,,False,
negative,/mnt/MammoDiffusion/MammoDiffusion/experiments/diffusers/02_sd21_filtered_100steps/generated_images/final/negative/eval_neg_0025.png,eval_neg_0025.png,220.0,242.0,3.0,0.2588233947753906,0.48855546876151457,0.123443603515625,243.98325092707046,6.401997047242919,6.707262087862116,1317.142578125,0.0,0.0,True,low_contrast,,False,
negative,/mnt/MammoDiffusion/MammoDiffusion/experiments/diffusers/02_sd21_filtered_100steps/generated_images/final/negative/eval_neg_0026.png,eval_neg_0026.png,78.8956,65.0,1.0,0.6913414001464844,0.9970314129481159,0.6845779418945312,161.03701144557502,23.65333762405413,6.093216161058368,353.8495788574219,0.0,0.0,False,,-7.241071032182279,True,1039.0
negative,/mnt/MammoDiffusion/MammoDiffusion/experiments/diffusers/02_sd21_filtered_100steps/generated_images/final/negative/eval_neg_0027.png,eval_neg_0027.png,195.0,93.0,30.0,0.04937744140625,0.8576946847960445,0.044277191162109375,207.13181700697854,10.581174691869226,6.258103738435099,261.2461853027344,0.0,0.0,True,too_empty,,False,
negative,/mnt/MammoDiffusion/MammoDiffusion/experiments/diffusers/02_sd21_filtered_100steps/generated_images/final/negative/eval_neg_0028.png,eval_neg_0028.png,194.0,187.0,3.0,0.034740447998046875,0.18699901174920391,0.00583648681640625,210.8424836601307,13.212220490970493,6.084006167633179,745.2505493164062,0.0,0.0,True,too_empty,,False,
negative,/mnt/MammoDiffusion/MammoDiffusion/experiments/diffusers/02_sd21_filtered_100steps/generated_images/final/negative/eval_neg_0029.png,eval_neg_0029.png,101.8956,88.0,1.0,0.5673255920410156,0.9999932760000269,0.5616073608398438,162.4102036380432,21.504589460551447,5.739799415060675,270.3535461425781,0.0,0.0,False,,-6.164925375036911,True,523.0
negative,/mnt/MammoDiffusion/MammoDiffusion/experiments/diffusers/02_sd21_filtered_100steps/generated_images/final/negative/eval_neg_0030.png,eval_neg_0030.png,45.7912,23.0,2.0,0.643157958984375,0.9983274021352313,0.6359748840332031,166.99560932598357,21.348883921953778,6.151777788398761,300.04290771484375,0.0,0.0,False,,-6.770888438490798,True,794.0
negative,/mnt/MammoDiffusion/MammoDiffusion/experiments/diffusers/02_sd21_filtered_100steps/generated_images/final/negative/eval_neg_0031.png,eval_neg_0031.png,199.0,79.0,36.0,0.048305511474609375,0.18005212035062781,0.008853912353515625,210.35674278328307,9.021746358490304,6.781331543915294,383.1560363769531,0.0,0.0,True,too_empty,,False,
negative,/mnt/MammoDiffusion/MammoDiffusion/experiments/diffusers/02_sd21_filtered_100steps/generated_images/final/negative/eval_neg_0032.png,eval_neg_0032.png,220.0,141.0,64.0,0.1103973388671875,0.6734623358673116,0.07146072387695312,254.78241605722522,2.7606055749431686,6.461074391441659,304.5374450683594,0.0,0.0,True,too_empty,,False,
negative,/mnt/MammoDiffusion/MammoDiffusion/experiments/diffusers/02_sd21_filtered_100steps/generated_images/final/negative/eval_neg_0033.png,eval_neg_0033.png,110.7912,88.0,2.0,0.4831695556640625,0.9982551713248066,0.4779624938964844,164.9999361506844,23.97499695236248,5.977484255920305,319.662109375,0.0,0.0,False,,-5.381399130836462,True,237.0
negative,/mnt/MammoDiffusion/MammoDiffusion/experiments/diffusers/02_sd21_filtered_100steps/generated_images/final/negative/eval_neg_0034.png,eval_neg_0034.png,220.0,209.0,12.0,0.335693359375,0.8849659090909091,0.3029823303222656,222.12535096002517,5.759950955709161,6.397209361620571,890.1782836914062,0.0,0.0,True,low_contrast,,False,
negative,/mnt/MammoDiffusion/MammoDiffusion/experiments/diffusers/02_sd21_filtered_100steps/generated_images/final/negative/eval_neg_0035.png,eval_neg_0035.png,113.47800000000001,64.0,5.0,0.50189208984375,0.9999163930439012,0.497039794921875,162.93582304905752,25.01143861732538,6.40072671798098,137.92996215820312,0.0,0.0,False,,-6.255721641037582,True,560.0
negative,/mnt/MammoDiffusion/MammoDiffusion/experiments/diffusers/02_sd21_filtered_100steps/generated_images/final/negative/eval_neg_0036.png,eval_neg_0036.png,51.7912,29.0,2.0,0.8816871643066406,0.9975078852069623,0.8756217956542969,122.76654076213629,40.984755289537546,7.191708479309163,746.9635620117188,0.0,0.0,False,,-7.488461218615975,True,1169.0
negative,/mnt/MammoDiffusion/MammoDiffusion/experiments/diffusers/02_sd21_filtered_100steps/generated_images/final/negative/eval_neg_0037.png,eval_neg_0037.png,191.0,176.0,7.0,0.048603057861328125,0.7331449650733851,0.0377044677734375,200.92907729664103,9.086688953947176,7.097471922397798,573.3070678710938,0.0,0.0,True,too_empty,,False,
negative,/mnt/MammoDiffusion/MammoDiffusion/experiments/diffusers/02_sd21_filtered_100steps/generated_images/final/negative/eval_neg_0038.png,eval_neg_0038.png,99.8956,86.0,1.0,0.4151268005371094,1.0,0.4095726013183594,173.14505388061508,23.262809321524895,5.443717905320729,228.91281127929688,0.0,0.0,False,,-5.039381248668361,True,151.0
negative,/mnt/MammoDiffusion/MammoDiffusion/experiments/diffusers/02_sd21_filtered_100steps/generated_images/final/negative/eval_neg_0039.png,eval_neg_0039.png,134.6868,103.0,3.0,0.5358161926269531,0.9072838723916247,0.5587654113769531,160.27934078387733,31.027393961942646,6.877534358026624,805.5215454101562,0.0,0.0,False,,-40.39975157883932,False,
negative,/mnt/MammoDiffusion/MammoDiffusion/experiments/diffusers/02_sd21_filtered_100steps/generated_images/final/negative/eval_neg_0040.png,eval_neg_0040.png,45.6868,14.0,3.0,0.5007972717285156,0.9989259679618528,0.4943695068359375,160.34682397604865,28.963872495331753,6.486200765372055,604.07861328125,0.0,0.0,False,,-5.05715211271505,True,158.0
negative,/mnt/MammoDiffusion/MammoDiffusion/experiments/diffusers/02_sd21_filtered_100steps/generated_images/final/negative/eval_neg_0041.png,eval_neg_0041.png,15.8956,2.0,1.0,0.77142333984375,0.9991593480496874,0.7654495239257812,114.76116576463436,40.987410827302924,6.705981987509784,710.1561279296875,0.0,0.0,False,,-5.81102520633663,True,377.0
negative,/mnt/MammoDiffusion/MammoDiffusion/experiments/diffusers/02_sd21_filtered_100steps/generated_images/final/negative/eval_neg_0042.png,eval_neg_0042.png,105.7912,83.0,2.0,0.27989959716796875,0.8767955951699512,0.25350189208984375,155.88444638396484,45.398148962385235,6.101709716039675,1000.549560546875,0.0,0.0,False,,-51.11317864183517,False,
negative,/mnt/MammoDiffusion/MammoDiffusion/experiments/diffusers/02_sd21_filtered_100steps/generated_images/final/negative/eval_neg_0043.png,eval_neg_0043.png,124.8956,111.0,1.0,0.2743682861328125,0.9699265891774651,0.2914276123046875,167.1182784438976,34.30172245240773,5.1902461121557115,256.73907470703125,0.0,0.0,False,,-15.045743904798549,False,
negative,/mnt/MammoDiffusion/MammoDiffusion/experiments/diffusers/02_sd21_filtered_100steps/generated_images/final/negative/eval_neg_0044.png,eval_neg_0044.png,89.8956,76.0,1.0,0.5354766845703125,0.9983614965947625,0.5368499755859375,140.85124207713952,38.22741567686487,6.1115529073391155,567.0673217773438,0.0,0.0,False,,-4.332376258131553,True,37.0
negative,/mnt/MammoDiffusion/MammoDiffusion/experiments/diffusers/02_sd21_filtered_100steps/generated_images/final/negative/eval_neg_0045.png,eval_neg_0045.png,45.0,40.0,0.0,0.4381523132324219,0.9976754107209709,0.436279296875,109.40198307218803,52.572952520494354,4.993195281051533,1026.330810546875,0.0,0.0,False,,-3.3565991955130245,True,0.0
negative,/mnt/MammoDiffusion/MammoDiffusion/experiments/diffusers/02_sd21_filtered_100steps/generated_images/final/negative/eval_neg_0046.png,eval_neg_0046.png,85.0,80.0,0.0,0.5271110534667969,0.9999855260205964,0.5214004516601562,150.86295927773958,24.370735217393392,5.029899601871483,165.86825561523438,0.0,0.0,False,,-5.071040370064021,True,162.0
negative,/mnt/MammoDiffusion/MammoDiffusion/experiments/diffusers/02_sd21_filtered_100steps/generated_images/final/negative/eval_neg_0047.png,eval_neg_0047.png,78.6868,47.0,3.0,0.6043930053710938,0.9985230815839634,0.5998573303222656,162.42367201063283,29.656605056043052,6.762805730310075,727.7440185546875,0.0,0.0,False,,-5.967996522561687,True,440.0
negative,/mnt/MammoDiffusion/MammoDiffusion/experiments/diffusers/02_sd21_filtered_100steps/generated_images/final/negative/eval_neg_0048.png,eval_neg_0048.png,147.1648,71.0,8.0,0.14733505249023438,0.7107164125003237,0.1040191650390625,195.95144491711898,23.98454476532253,6.993331317687157,1008.2015991210938,0.0,0.0,True,too_empty,,False,
negative,/mnt/MammoDiffusion/MammoDiffusion/experiments/diffusers/02_sd21_filtered_100steps/generated_images/final/negative/eval_neg_0049.png,eval_neg_0049.png,204.0,129.0,14.0,0.048656463623046875,0.710858486867895,0.036922454833984375,218.49416262010539,11.548616204197186,7.102228737764079,761.8972778320312,0.0,0.0,True,too_empty,,False,
negative,/mnt/MammoDiffusion/MammoDiffusion/experiments/diffusers/02_sd21_filtered_100steps/generated_images/final/negative/eval_neg_0050.png,eval_neg_0050.png,31.7912,9.0,2.0,0.6456413269042969,0.998599712852509,0.6400146484375,161.68086019454512,24.061688094040075,6.208977884596502,378.67816162109375,0.0,0.0,False,,-6.399477497778119,True,620.0
negative,/mnt/MammoDiffusion/MammoDiffusion/experiments/diffusers/02_sd21_filtered_100steps/generated_images/final/negative/eval_neg_0051.png,eval_neg_0051.png,159.7912,137.0,2.0,0.17885971069335938,0.543903427389255,0.09389114379882812,202.8886360866209,19.941730164119306,6.147356931842975,509.5248107910156,0.0,0.0,True,too_empty,,False,
negative,/mnt/MammoDiffusion/MammoDiffusion/experiments/diffusers/02_sd21_filtered_100steps/generated_images/final/negative/eval_neg_0052.png,eval_neg_0052.png,220.0,245.0,10.0,0.19697189331054688,0.4603853975016946,0.08762741088867188,254.24452570632536,9.224436157053109,6.968951445403224,891.5388793945312,0.0,0.0,True,too_empty,,False,
negative,/mnt/MammoDiffusion/MammoDiffusion/experiments/diffusers/02_sd21_filtered_100steps/generated_images/final/negative/eval_neg_0053.png,eval_neg_0053.png,71.8956,58.0,1.0,0.6248130798339844,0.9750352583475282,0.7079734802246094,117.38777742455184,49.02299072031649,6.7068074692911885,1427.542236328125,0.0,0.0,False,,-15.714651754653152,False,
negative,/mnt/MammoDiffusion/MammoDiffusion/experiments/diffusers/02_sd21_filtered_100steps/generated_images/final/negative/eval_neg_0054.png,eval_neg_0054.png,88.8956,75.0,1.0,0.5330390930175781,0.9994704185840138,0.52734375,160.26818576388888,24.322761164294374,5.901229896772486,207.94374084472656,0.0,0.0,False,,-5.765434565456647,True,365.0
negative,/mnt/MammoDiffusion/MammoDiffusion/experiments/diffusers/02_sd21_filtered_100steps/generated_images/final/negative/eval_neg_0055.png,eval_neg_0055.png,10.0,0.0,0.0,0.8867912292480469,0.9988471481973785,0.8707389831542969,116.27827161251035,42.895338975431216,6.954604467493386,783.5872802734375,0.0,0.0,False,,-6.84079264215637,True,823.0
negative,/mnt/MammoDiffusion/MammoDiffusion/experiments/diffusers/02_sd21_filtered_100steps/generated_images/final/negative/eval_neg_0056.png,eval_neg_0056.png,123.7912,101.0,2.0,0.49436187744140625,0.9967205271849006,0.4884300231933594,172.22195581033904,21.009781615470267,6.597579694239727,346.881103515625,0.0,0.0,False,,-6.809714691991713,True,811.0
negative,/mnt/MammoDiffusion/MammoDiffusion/experiments/diffusers/02_sd21_filtered_100steps/generated_images/final/negative/eval_neg_0057.png,eval_neg_0057.png,99.8956,86.0,1.0,0.6337852478027344,0.9999097163287048,0.6275405883789062,156.03303222982748,24.763955198922247,5.897172591992906,255.67669677734375,0.0,0.0,False,,-6.443668001535821,True,641.0
negative,/mnt/MammoDiffusion/MammoDiffusion/experiments/diffusers/02_sd21_filtered_100steps/generated_images/final/negative/eval_neg_0058.png,eval_neg_0058.png,136.8956,123.0,1.0,0.24349594116210938,0.8718177687957263,0.225006103515625,167.8668113386681,30.97521729318958,5.886699005227217,315.7367858886719,0.0,0.0,False,,-53.4245476815843,False,
negative,/mnt/MammoDiffusion/MammoDiffusion/experiments/diffusers/02_sd21_filtered_100steps/generated_images/final/negative/eval_neg_0059.png,eval_neg_0059.png,85.47800000000001,36.0,5.0,0.5116424560546875,0.9983522710327757,0.5046882629394531,168.77626019455636,22.809846203264783,6.733995515378815,799.463623046875,0.0,0.0,False,,-5.941091165039183,True,428.0
negative,/mnt/MammoDiffusion/MammoDiffusion/experiments/diffusers/02_sd21_filtered_100steps/generated_images/final/negative/eval_neg_0060.png,eval_neg_0060.png,10.0,0.0,0.0,0.68121337890625,0.9980232506047845,0.668243408203125,153.50251175960176,25.116739914136588,5.343723881549332,468.9648742675781,0.0,0.0,False,,-5.75588059638844,True,359.0
negative,/mnt/MammoDiffusion/MammoDiffusion/experiments/diffusers/02_sd21_filtered_100steps/generated_images/final/negative/eval_neg_0061.png,eval_neg_0061.png,148.6868,117.0,3.0,0.2578086853027344,0.8626577689655682,0.24630355834960938,177.68195827589946,28.300300281766543,6.0622346849890425,492.82196044921875,0.0,0.0,False,,-56.98639466085707,False,
negative,/mnt/MammoDiffusion/MammoDiffusion/experiments/diffusers/02_sd21_filtered_100steps/generated_images/final/negative/eval_neg_0062.png,eval_neg_0062.png,88.8956,75.0,1.0,0.5348358154296875,0.9900288151550598,0.5950050354003906,131.3463074684088,40.31452375995786,6.265325327811663,699.237060546875,0.0,0.0,False,,-7.698702825641822,True,1280.0
negative,/mnt/MammoDiffusion/MammoDiffusion/experiments/diffusers/02_sd21_filtered_100steps/generated_images/final/negative/eval_neg_0063.png,eval_neg_0063.png,47.8956,34.0,1.0,0.8391990661621094,0.9982953848111968,0.8325691223144531,131.27284390134386,40.442928239297956,7.027820781281619,996.251708984375,0.0,0.0,False,,-7.211570079032767,True,1015.0
negative,/mnt/MammoDiffusion/MammoDiffusion/experiments/diffusers/02_sd21_filtered_100steps/generated_images/final/negative/eval_neg_0064.png,eval_neg_0064.png,68.6868,37.0,3.0,0.3696861267089844,0.9908575909855435,0.40517425537109375,125.49443576176398,53.675425426025974,6.389910968717654,1090.38037109375,0.0,0.0,False,,-7.343269548708353,True,1098.0
negative,/mnt/MammoDiffusion/MammoDiffusion/experiments/diffusers/02_sd21_filtered_100steps/generated_images/final/negative/eval_neg_0065.png,eval_neg_0065.png,15.8956,2.0,1.0,0.6435699462890625,1.0,0.6376495361328125,153.01095982196273,28.723941464185764,6.253361221454467,283.3974609375,0.0,0.0,False,,-6.544749953242752,True,691.0
negative,/mnt/MammoDiffusion/MammoDiffusion/experiments/diffusers/02_sd21_filtered_100steps/generated_images/final/negative/eval_neg_0066.png,eval_neg_0066.png,109.7912,87.0,2.0,0.6992988586425781,0.9679353251471495,0.7167816162109375,148.04081958488558,32.429908445062,6.946935071230574,584.9508666992188,0.0,0.0,False,,-18.21414959671113,False,
negative,/mnt/MammoDiffusion/MammoDiffusion/experiments/diffusers/02_sd21_filtered_100steps/generated_images/final/negative/eval_neg_0067.png,eval_neg_0067.png,97.6868,66.0,3.0,0.4697113037109375,0.9981320858915635,0.463836669921875,153.20897756431344,29.84850969186139,6.43982574730094,304.2589416503906,0.0,0.0,False,,-5.2213264217049735,True,200.0
negative,/mnt/MammoDiffusion/MammoDiffusion/experiments/diffusers/02_sd21_filtered_100steps/generated_images/final/negative/eval_neg_0068.png,eval_neg_0068.png,47.7912,25.0,2.0,0.566009521484375,1.0,0.5605392456054688,167.35518776115745,22.48868423141155,6.065981748107236,187.77098083496094,0.0,0.0,False,,-6.580040633290365,True,701.0
negative,/mnt/MammoDiffusion/MammoDiffusion/experiments/diffusers/02_sd21_filtered_100steps/generated_images/final/negative/eval_neg_0069.png,eval_neg_0069.png,191.8956,178.0,1.0,0.06712722778320312,0.8854918452008865,0.059635162353515625,212.17527026162605,11.908282299601812,5.711874456702395,726.0523071289062,0.0,0.0,True,too_empty,,False,
negative,/mnt/MammoDiffusion/MammoDiffusion/experiments/diffusers/02_sd21_filtered_100steps/generated_images/final/negative/eval_neg_0070.png,eval_neg_0070.png,103.7912,81.0,2.0,0.3709449768066406,0.9737045073580074,0.3988761901855469,144.79227833937435,40.062518958484404,5.977119937540985,671.4262084960938,0.0,0.0,False,,-12.566873170336581,False,
negative,/mnt/MammoDiffusion/MammoDiffusion/experiments/diffusers/02_sd21_filtered_100steps/generated_images/final/negative/eval_neg_0071.png,eval_neg_0071.png,142.8956,129.0,1.0,0.09383010864257812,0.6777249258039598,0.0633087158203125,186.8674981923355,21.069702678594822,4.654832394769564,490.775634765625,0.0,0.0,True,too_empty,,False,
negative,/mnt/MammoDiffusion/MammoDiffusion/experiments/diffusers/02_sd21_filtered_100steps/generated_images/final/negative/eval_neg_0072.png,eval_neg_0072.png,137.8956,124.0,1.0,0.21558761596679688,0.47189241794213926,0.09882736206054688,207.14359053537655,23.694910668119647,6.030410308357303,773.671630859375,0.0,0.0,True,too_empty,,False,
negative,/mnt/MammoDiffusion/MammoDiffusion/experiments/diffusers/02_sd21_filtered_100steps/generated_images/final/negative/eval_neg_0073.png,eval_neg_0073.png,14.8956,1.0,1.0,0.9371299743652344,1.0,0.9269142150878906,135.60366277753772,25.779151911828226,6.191775396258553,78.36936950683594,0.0,0.0,False,,-8.570433094420673,False,
negative,/mnt/MammoDiffusion/MammoDiffusion/experiments/diffusers/02_sd21_filtered_100steps/generated_images/final/negative/eval_neg_0074.png,eval_neg_0074.png,10.0,1.0,0.0,0.8126106262207031,1.0,0.8055686950683594,140.12574878655144,29.34314401329032,6.095017936964476,134.20449829101562,0.0,0.0,False,,-7.482782258735615,True,1165.0
negative,/mnt/MammoDiffusion/MammoDiffusion/experiments/diffusers/02_sd21_filtered_100steps/generated_images/final/negative/eval_neg_0075.png,eval_neg_0075.png,43.6868,12.0,3.0,0.6700363159179688,0.9195825694863532,0.7185783386230469,92.15868684670146,54.92977410380893,7.001322410553048,1388.769287109375,0.0,0.0,False,,-36.8996756506627,False,
negative,/mnt/MammoDiffusion/MammoDiffusion/experiments/diffusers/02_sd21_filtered_100steps/generated_images/final/negative/eval_neg_0076.png,eval_neg_0076.png,118.8956,105.0,1.0,0.3701629638671875,0.9962385094191847,0.3634071350097656,166.23242533984148,28.428891926430204,4.927726182163031,319.240234375,0.0,0.0,False,,-4.570966873887466,True,64.0
negative,/mnt/MammoDiffusion/MammoDiffusion/experiments/diffusers/02_sd21_filtered_100steps/generated_images/final/negative/eval_neg_0077.png,eval_neg_0077.png,60.7912,38.0,2.0,0.6083564758300781,0.9959304476507584,0.6016845703125,151.526330137959,24.089506279919114,6.160598816116181,379.8409423828125,0.0,0.0,False,,-6.931010740122235,True,866.0
negative,/mnt/MammoDiffusion/MammoDiffusion/experiments/diffusers/02_sd21_filtered_100steps/generated_images/final/negative/eval_neg_0078.png,eval_neg_0078.png,10.0,0.0,0.0,0.7703170776367188,0.9982221914090742,0.7625198364257812,148.83389364150284,27.49818542129097,6.139933286348267,256.7615966796875,0.0,0.0,False,,-7.0625982210381935,True,929.0
negative,/mnt/MammoDiffusion/MammoDiffusion/experiments/diffusers/02_sd21_filtered_100steps/generated_images/final/negative/eval_neg_0079.png,eval_neg_0079.png,140.7912,118.0,2.0,0.22814559936523438,0.8396508769876436,0.19872665405273438,189.16191573087627,29.706880147677186,5.652739997681778,589.1541137695312,0.0,0.0,False,,-65.68901996493005,False,
negative,/mnt/MammoDiffusion/MammoDiffusion/experiments/diffusers/02_sd21_filtered_100steps/generated_images/final/negative/eval_neg_0080.png,eval_neg_0080.png,151.5824,111.0,4.0,0.3304939270019531,0.8190611401595161,0.3254966735839844,173.0550939327528,24.758716338970807,6.6452607473147705,540.4833984375,0.0,0.0,False,,-73.53372161574933,False,
negative,/mnt/MammoDiffusion/MammoDiffusion/experiments/diffusers/02_sd21_filtered_100steps/generated_images/final/negative/eval_neg_0081.png,eval_neg_0081.png,55.6868,24.0,3.0,0.5553474426269531,0.9869007631490373,0.6552696228027344,102.48842381021686,52.82216729526405,7.239098344734501,1863.2093505859375,0.0,0.0,False,,-11.828086259589444,False,
negative,/mnt/MammoDiffusion/MammoDiffusion/experiments/diffusers/02_sd21_filtered_100steps/generated_images/final/negative/eval_neg_0082.png,eval_neg_0082.png,35.6868,4.0,3.0,0.8103218078613281,0.9977450440399019,0.8008689880371094,149.62418370700618,26.019008294822022,6.518850926453725,248.11123657226562,0.0,0.0,False,,-7.928343383268545,False,
negative,/mnt/MammoDiffusion/MammoDiffusion/experiments/diffusers/02_sd21_filtered_100steps/generated_images/final/negative/eval_neg_0083.png,eval_neg_0083.png,199.6428,79.0,13.0,0.08408737182617188,0.7603320782107699,0.062221527099609375,218.54754460180246,9.633594120846087,6.877720657061928,270.6911315917969,0.0,0.0,True,too_empty,,False,
negative,/mnt/MammoDiffusion/MammoDiffusion/experiments/diffusers/02_sd21_filtered_100steps/generated_images/final/negative/eval_neg_0084.png,eval_neg_0084.png,220.0,212.0,11.0,0.2511444091796875,0.9401543228628714,0.274322509765625,223.678774057181,6.1443469328558376,7.205373051571848,1347.76611328125,0.0,0.0,True,low_contrast,,False,
negative,/mnt/MammoDiffusion/MammoDiffusion/experiments/diffusers/02_sd21_filtered_100steps/generated_images/final/negative/eval_neg_0085.png,eval_neg_0085.png,36.7912,14.0,2.0,0.5506553649902344,0.9989193008707941,0.550018310546875,111.98695416967209,55.459992291973435,6.726826401354475,1539.9312744140625,0.0,0.0,False,,-6.114602472618884,True,500.0
negative,/mnt/MammoDiffusion/MammoDiffusion/experiments/diffusers/02_sd21_filtered_100steps/generated_images/final/negative/eval_neg_0086.png,eval_neg_0086.png,100.8956,87.0,1.0,0.5237770080566406,0.9997887913768617,0.5177841186523438,161.16516127131007,23.91444878340891,5.973145798758692,111.26183319091797,0.0,0.0,False,,-6.048681715076875,True,479.0
negative,/mnt/MammoDiffusion/MammoDiffusion/experiments/diffusers/02_sd21_filtered_100steps/generated_images/final/negative/eval_neg_0087.png,eval_neg_0087.png,90.8956,77.0,1.0,0.6097526550292969,0.9992367510619796,0.6030502319335938,159.40706956972787,27.165930742272423,6.4711382693479855,237.02638244628906,0.0,0.0,False,,-6.463718940026054,True,654.0
negative,/mnt/MammoDiffusion/MammoDiffusion/experiments/diffusers/02_sd21_filtered_100steps/generated_images/final/negative/eval_neg_0088.png,eval_neg_0088.png,142.8956,129.0,1.0,0.2849578857421875,0.9825435073627845,0.29296112060546875,169.91309669522644,20.990142521348858,4.859297515660643,157.73199462890625,0.0,0.0,False,,-10.864558202402609,False,
negative,/mnt/MammoDiffusion/MammoDiffusion/experiments/diffusers/02_sd21_filtered_100steps/generated_images/final/negative/eval_neg_0089.png,eval_neg_0089.png,106.6868,75.0,3.0,0.6783447265625,0.9979811499010257,0.6717529296875,154.55951867163367,22.308953308977888,6.4276304835686116,91.19532775878906,0.0,0.0,False,,-7.384429560140494,True,1116.0
negative,/mnt/MammoDiffusion/MammoDiffusion/experiments/diffusers/02_sd21_filtered_100steps/generated_images/final/negative/eval_neg_0090.png,eval_neg_0090.png,198.0,190.0,2.0,0.046405792236328125,0.5460748047677764,0.02691650390625,207.66184807256235,7.774558498714504,6.297179792754132,775.3522338867188,0.0,0.0,True,too_empty,,False,
negative,/mnt/MammoDiffusion/MammoDiffusion/experiments/diffusers/02_sd21_filtered_100steps/generated_images/final/negative/eval_neg_0091.png,eval_neg_0091.png,131.8956,118.0,1.0,0.3240089416503906,0.995643830132922,0.3210639953613281,173.89819996435574,29.323224235433443,5.115787470145379,181.95074462890625,0.0,0.0,False,,-5.510655069543299,True,268.0
negative,/mnt/MammoDiffusion/MammoDiffusion/experiments/diffusers/02_sd21_filtered_100steps/generated_images/final/negative/eval_neg_0092.png,eval_neg_0092.png,156.3736,98.0,6.0,0.10371780395507812,0.6241862517930046,0.0635528564453125,209.35852340936376,20.811134849258888,6.494726771229439,656.4237670898438,0.0,0.0,True,too_empty,,False,
negative,/mnt/MammoDiffusion/MammoDiffusion/experiments/diffusers/02_sd21_filtered_100steps/generated_images/final/negative/eval_neg_0093.png,eval_neg_0093.png,124.7912,102.0,2.0,0.17239761352539062,0.8708870842829641,0.16017913818359375,173.2042152893546,36.31308640419416,5.318291175357146,576.5047607421875,0.0,0.0,False,,-53.194586431656454,False,
negative,/mnt/MammoDiffusion/MammoDiffusion/experiments/diffusers/02_sd21_filtered_100steps/generated_images/final/negative/eval_neg_0094.png,eval_neg_0094.png,10.0,4.0,0.0,0.8584709167480469,0.9989290935510102,0.8527984619140625,99.80633040490973,52.98157369279771,7.210338761758397,1713.66943359375,0.0,0.0,False,,-8.45529390315963,False,
negative,/mnt/MammoDiffusion/MammoDiffusion/experiments/diffusers/02_sd21_filtered_100steps/generated_images/final/negative/eval_neg_0095.png,eval_neg_0095.png,94.5824,54.0,4.0,0.4516792297363281,0.9909041003336008,0.4834861755371094,141.0275360374932,40.204498625813464,6.974876949878638,1128.5277099609375,0.0,0.0,False,,-7.948557374081902,False,
negative,/mnt/MammoDiffusion/MammoDiffusion/experiments/diffusers/02_sd21_filtered_100steps/generated_images/final/negative/eval_neg_0096.png,eval_neg_0096.png,115.8956,102.0,1.0,0.20178604125976562,0.6905873679036618,0.14634323120117188,164.47467612022,42.243439132292636,5.591331493832078,762.1094970703125,0.0,0.0,True,fragmented_mask,,False,
negative,/mnt/MammoDiffusion/MammoDiffusion/experiments/diffusers/02_sd21_filtered_100steps/generated_images/final/negative/eval_neg_0097.png,eval_neg_0097.png,27.8956,14.0,1.0,0.40215301513671875,0.9976475498472804,0.397613525390625,113.05159643871364,53.743902344756954,5.534222786609128,1463.688720703125,0.0,0.0,False,,-4.271991872365204,True,32.0
negative,/mnt/MammoDiffusion/MammoDiffusion/experiments/diffusers/02_sd21_filtered_100steps/generated_images/final/negative/eval_neg_0098.png,eval_neg_0098.png,73.7912,51.0,2.0,0.4392127990722656,0.9974117790110911,0.43231201171875,178.43757941550192,23.34644350123378,5.807091557100481,256.37548828125,0.0,0.0,False,,-5.60298276384342,True,303.0
negative,/mnt/MammoDiffusion/MammoDiffusion/experiments/diffusers/02_sd21_filtered_100steps/generated_images/final/negative/eval_neg_0099.png,eval_neg_0099.png,140.8956,127.0,1.0,0.3442840576171875,0.9645880423702522,0.3601875305175781,168.7776871670497,27.208827102709503,5.379041650639662,315.1606140136719,0.0,0.0,False,,-17.10020455187943,False,
negative,/mnt/MammoDiffusion/MammoDiffusion/experiments/diffusers/02_sd21_filtered_100steps/generated_images/final/negative/gen_0100.png,gen_0100.png,10.0,0.0,0.0,0.7360038757324219,0.9987509005436952,0.7311630249023438,129.0367871863098,35.21065137614011,6.115299245756364,754.2650756835938,0.0,0.0,False,,-5.3694687189055355,True,233.0
negative,/mnt/MammoDiffusion/MammoDiffusion/experiments/diffusers/02_sd21_filtered_100steps/generated_images/final/negative/gen_0101.png,gen_0101.png,54.6868,23.0,3.0,0.35118865966796875,0.9933631682996241,0.3753776550292969,123.24584616322673,58.40063329611509,6.349717038872696,1248.2705078125,0.0,0.0,False,,-6.723997364954349,True,772.0
negative,/mnt/MammoDiffusion/MammoDiffusion/experiments/diffusers/02_sd21_filtered_100steps/generated_images/final/negative/gen_0102.png,gen_0102.png,92.7912,70.0,2.0,0.3002204895019531,0.9886913762213949,0.3441200256347656,141.01684976000178,48.674406922086604,5.732074584279189,735.9165649414062,0.0,0.0,False,,-7.293645928308452,True,1072.0
negative,/mnt/MammoDiffusion/MammoDiffusion/experiments/diffusers/02_sd21_filtered_100steps/generated_images/final/negative/gen_0103.png,gen_0103.png,96.7912,74.0,2.0,0.29480743408203125,0.979710670013716,0.34803009033203125,137.95773505491374,45.52738064061443,5.727336151204099,590.61767578125,0.0,0.0,False,,-10.525896631391904,False,
negative,/mnt/MammoDiffusion/MammoDiffusion/experiments/diffusers/02_sd21_filtered_100steps/generated_images/final/negative/gen_0104.png,gen_0104.png,88.0,83.0,0.0,0.6468620300292969,0.998614149825147,0.6414337158203125,163.68374884030735,25.447699291763204,5.699116599473278,214.72328186035156,0.0,0.0,False,,-6.150255530120766,True,514.0
negative,/mnt/MammoDiffusion/MammoDiffusion/experiments/diffusers/02_sd21_filtered_100steps/generated_images/final/negative/gen_0105.png,gen_0105.png,10.0,0.0,0.0,0.875213623046875,0.9986226855887583,0.8645515441894531,150.50339529732568,19.99217987105649,5.869374842840976,328.37713623046875,0.0,0.0,False,,-7.708604406759876,True,1288.0
negative,/mnt/MammoDiffusion/MammoDiffusion/experiments/diffusers/02_sd21_filtered_100steps/generated_images/final/negative/gen_0106.png,gen_0106.png,50.8956,37.0,1.0,0.8704109191894531,0.9985099025739241,0.8601608276367188,131.1187036002235,33.18862182901754,6.772120013677213,496.21868896484375,0.0,0.0,False,,-7.2124266082044075,True,1017.0
negative,/mnt/MammoDiffusion/MammoDiffusion/experiments/diffusers/02_sd21_filtered_100steps/generated_images/final/negative/gen_0107.png,gen_0107.png,63.7912,41.0,2.0,0.6044845581054688,0.9979742777448221,0.59759521484375,160.31244254927995,24.192931757254577,6.304226734693097,320.1888732910156,0.0,0.0,False,,-6.477557458685778,True,661.0
negative,/mnt/MammoDiffusion/MammoDiffusion/experiments/diffusers/02_sd21_filtered_100steps/generated_images/final/negative/gen_0108.png,gen_0108.png,220.0,240.0,14.0,0.2195587158203125,0.6320105636249913,0.13409805297851562,253.81102608596706,1.6237719849065473,6.864423890018441,893.9308471679688,0.0,0.0,True,low_contrast,,False,
negative,/mnt/MammoDiffusion/MammoDiffusion/experiments/diffusers/02_sd21_filtered_100steps/generated_images/final/negative/gen_0109.png,gen_0109.png,167.7912,145.0,2.0,0.1732025146484375,0.5829882829706634,0.09904861450195312,215.94804544579242,16.947038528817423,6.546391207117403,496.6195983886719,0.0,0.0,True,too_empty,,False,
negative,/mnt/MammoDiffusion/MammoDiffusion/experiments/diffusers/02_sd21_filtered_100steps/generated_images/final/negative/gen_0110.png,gen_0110.png,162.85160000000002,60.0,11.0,0.31832122802734375,0.9495122594252571,0.3110084533691406,180.2270480442542,16.14731521522689,7.179445106552926,52.66889190673828,0.0,0.0,False,,-25.821855966691373,False,
negative,/mnt/MammoDiffusion/MammoDiffusion/experiments/diffusers/02_sd21_filtered_100steps/generated_images/final/negative/gen_0111.png,gen_0111.png,54.8956,41.0,1.0,0.7946701049804688,1.0,0.7871856689453125,152.39234623660082,24.89325419311124,6.4075725071071785,169.5685577392578,0.0,0.0,False,,-8.031354218680326,False,
negative,/mnt/MammoDiffusion/MammoDiffusion/experiments/diffusers/02_sd21_filtered_100steps/generated_images/final/negative/gen_0112.png,gen_0112.png,129.3736,71.0,6.0,0.60015869140625,0.9848914369978643,0.5935287475585938,157.20728838614306,23.754220456403548,6.847323712254877,379.970458984375,0.0,0.0,False,,-11.763755155117698,False,
negative,/mnt/MammoDiffusion/MammoDiffusion/experiments/diffusers/02_sd21_filtered_100steps/generated_images/final/negative/gen_0113.png,gen_0113.png,138.5824,98.0,4.0,0.3720054626464844,0.9923604630892442,0.3661003112792969,172.00884642235675,19.727910118048957,5.786352994861884,178.76356506347656,0.0,0.0,False,,-7.507400461188986,True,1182.0
negative,/mnt/MammoDiffusion/MammoDiffusion/experiments/diffusers/02_sd21_filtered_100steps/generated_images/final/negative/gen_0114.png,gen_0114.png,14.8956,1.0,1.0,0.7376327514648438,0.9992863274825977,0.733367919921875,98.5110482293704,52.939343344690386,6.825114447044436,1548.457763671875,0.0,0.0,False,,-7.213899954060261,True,1019.0
negative,/mnt/MammoDiffusion/MammoDiffusion/experiments/diffusers/02_sd21_filtered_100steps/generated_images/final/negative/gen_0115.png,gen_0115.png,10.0,0.0,0.0,0.7725067138671875,0.9984346297430226,0.76434326171875,153.9145572147249,27.145859616891762,5.891261826971464,224.69821166992188,0.0,0.0,False,,-6.934610780166273,True,868.0
negative,/mnt/MammoDiffusion/MammoDiffusion/experiments/diffusers/02_sd21_filtered_100steps/generated_images/final/negative/gen_0116.png,gen_0116.png,130.8956,117.0,1.0,0.17525100708007812,0.684726061687817,0.116302490234375,190.40284702177905,35.74411148612841,5.987958074930132,858.7455444335938,0.0,0.0,True,fragmented_mask,,False,
negative,/mnt/MammoDiffusion/MammoDiffusion/experiments/diffusers/02_sd21_filtered_100steps/generated_images/final/negative/gen_0117.png,gen_0117.png,110.6868,79.0,3.0,0.5079421997070312,0.9975817474503207,0.5007820129394531,188.1827052720583,20.796286061318177,6.284091471746899,306.84088134765625,0.0,0.0,False,,-6.646139753767969,True,735.0
negative,/mnt/MammoDiffusion/MammoDiffusion/experiments/diffusers/02_sd21_filtered_100steps/generated_images/final/negative/gen_0118.png,gen_0118.png,117.3736,59.0,6.0,0.21691131591796875,0.6952094544687137,0.182220458984375,165.61298358733882,43.558992022777886,6.780757238619788,1357.7496337890625,0.0,0.0,True,fragmented_mask,,False,
negative,/mnt/MammoDiffusion/MammoDiffusion/experiments/diffusers/02_sd21_filtered_100steps/generated_images/final/negative/gen_0119.png,gen_0119.png,28.7912,6.0,2.0,0.7835273742675781,0.9988850859554911,0.7779350280761719,149.2144254674375,28.942724678781477,6.724690961387706,782.4638671875,0.0,0.0,False,,-6.96526979531201,True,890.0
negative,/mnt/MammoDiffusion/MammoDiffusion/experiments/diffusers/02_sd21_filtered_100steps/generated_images/final/negative/gen_0120.png,gen_0120.png,112.8956,99.0,1.0,0.22554397583007812,0.9713319238900634,0.2259521484375,171.43510264721772,41.52434279975597,4.655681317009744,322.4473571777344,0.0,0.0,False,,-14.351342075918595,False,
negative,/mnt/MammoDiffusion/MammoDiffusion/experiments/diffusers/02_sd21_filtered_100steps/generated_images/final/negative/gen_0121.png,gen_0121.png,69.6868,38.0,3.0,0.8563232421875,0.9999955452601568,0.8475418090820312,159.33413749336117,24.50867929428766,6.559992218988265,171.46893310546875,0.0,0.0,False,,-8.706427308580789,False,
negative,/mnt/MammoDiffusion/MammoDiffusion/experiments/diffusers/02_sd21_filtered_100steps/generated_images/final/negative/gen_0122.png,gen_0122.png,123.8956,110.0,1.0,0.3422126770019531,0.9967004425419969,0.3361396789550781,170.3286879943711,25.281299985124942,5.182468211489223,265.29864501953125,0.0,0.0,False,,-5.108442713045744,True,171.0
negative,/mnt/MammoDiffusion/MammoDiffusion/experiments/diffusers/02_sd21_filtered_100steps/generated_images/final/negative/gen_0123.png,gen_0123.png,80.8956,67.0,1.0,0.5082130432128906,0.9988815912929255,0.5027542114257812,162.32361109003446,26.241803370984602,5.693978586367676,263.2381591796875,0.0,0.0,False,,-5.059978865422598,True,159.0
negative,/mnt/MammoDiffusion/MammoDiffusion/experiments/diffusers/02_sd21_filtered_100steps/generated_images/final/negative/gen_0124.png,gen_0124.png,92.8956,79.0,1.0,0.5809402465820312,0.9977214524919561,0.5741043090820312,155.27848875068108,25.27979668372052,5.748226254347326,276.39501953125,0.0,0.0,False,,-5.855345526900061,True,396.0
negative,/mnt/MammoDiffusion/MammoDiffusion/experiments/diffusers/02_sd21_filtered_100steps/generated_images/final/negative/gen_0125.png,gen_0125.png,94.8956,81.0,1.0,0.5250167846679688,0.9951464070333503,0.5180511474609375,149.7575991870637,32.764454069015514,6.1979903218957135,312.41497802734375,0.0,0.0,False,,-6.287166209203654,True,575.0
negative,/mnt/MammoDiffusion/MammoDiffusion/experiments/diffusers/02_sd21_filtered_100steps/generated_images/final/negative/gen_0126.png,gen_0126.png,164.478,115.0,5.0,0.34058380126953125,0.9697923433614838,0.35865020751953125,179.92701397604714,18.396166815324364,6.302281508150916,192.7130126953125,0.0,0.0,False,,-16.750170477736347,False,
negative,/mnt/MammoDiffusion/MammoDiffusion/experiments/diffusers/02_sd21_filtered_100steps/generated_images/final/negative/gen_0127.png,gen_0127.png,194.0,188.0,2.0,0.049495697021484375,0.760616570327553,0.037044525146484375,213.2366388631449,9.332164871762,5.647337596373252,824.6639404296875,0.0,0.0,True,too_empty,,False,
negative,/mnt/MammoDiffusion/MammoDiffusion/experiments/diffusers/02_sd21_filtered_100steps/generated_images/final/negative/gen_0128.png,gen_0128.png,121.8956,108.0,1.0,0.255950927734375,0.9136014069393108,0.24582290649414062,172.37968063810308,38.65377627382195,5.166610024647964,407.1180725097656,0.0,0.0,False,,-36.36463647599065,False,
negative,/mnt/MammoDiffusion/MammoDiffusion/experiments/diffusers/02_sd21_filtered_100steps/generated_images/final/negative/gen_0129.png,gen_0129.png,10.0,0.0,0.0,0.9622039794921875,0.9999682836708479,0.9570198059082031,143.43493823666577,30.795675773816363,6.773743431796971,654.2620849609375,0.0,0.0,True,too_full,,False,
negative,/mnt/MammoDiffusion/MammoDiffusion/experiments/diffusers/02_sd21_filtered_100steps/generated_images/final/negative/gen_0130.png,gen_0130.png,63.8956,50.0,1.0,0.7309112548828125,0.9984968998559529,0.7237892150878906,164.6547747671777,26.37924737272633,6.034322986880698,352.0660705566406,0.0,0.0,False,,-6.819200171752484,True,813.0
negative,/mnt/MammoDiffusion/MammoDiffusion/experiments/diffusers/02_sd21_filtered_100steps/generated_images/final/negative/gen_0131.png,gen_0131.png,144.2692,77.0,7.0,0.16112899780273438,0.5533274935486162,0.08456802368164062,209.67477107672877,21.97466658170934,6.813683327137605,944.45654296875,0.0,0.0,True,too_empty,,False,
negative,/mnt/MammoDiffusion/MammoDiffusion/experiments/diffusers/02_sd21_filtered_100steps/generated_images/final/negative/gen_0132.png,gen_0132.png,14.8956,1.0,1.0,0.7355194091796875,0.9984233346472211,0.7305259704589844,97.45289107742437,52.87086523268421,6.958068777329497,1354.68505859375,0.0,0.0,False,,-6.965030789985777,True,889.0
negative,/mnt/MammoDiffusion/MammoDiffusion/experiments/diffusers/02_sd21_filtered_100steps/generated_images/final/negative/gen_0133.png,gen_0133.png,126.8956,113.0,1.0,0.26194000244140625,0.9506160253983048,0.2729682922363281,170.18027586399654,37.16966695965731,5.011909968352668,372.2782897949219,0.0,0.0,False,,-22.092812601733865,False,
negative,/mnt/MammoDiffusion/MammoDiffusion/experiments/diffusers/02_sd21_filtered_100steps/generated_images/final/negative/gen_0134.png,gen_0134.png,143.7912,121.0,2.0,0.5095367431640625,0.9856032701464379,0.4987602233886719,180.44384192371527,21.14490147422956,6.324478146332954,286.36187744140625,0.0,0.0,False,,-11.08425254237185,False,
negative,/mnt/MammoDiffusion/MammoDiffusion/experiments/diffusers/02_sd21_filtered_100steps/generated_images/final/negative/gen_0135.png,gen_0135.png,132.7912,110.0,2.0,0.3106803894042969,0.9071375072136341,0.3054389953613281,166.87990358315952,37.07541649863254,6.305317184650393,904.333740234375,0.0,0.0,False,,-39.268984079677196,False,
negative,/mnt/MammoDiffusion/MammoDiffusion/experiments/diffusers/02_sd21_filtered_100steps/generated_images/final/negative/gen_0136.png,gen_0136.png,96.6868,65.0,3.0,0.5070915222167969,0.9832168568655919,0.5730743408203125,132.60727693905264,40.08554005340555,6.7735693095846194,669.1517333984375,0.0,0.0,False,,-10.598016236504222,False,
negative,/mnt/MammoDiffusion/MammoDiffusion/experiments/diffusers/02_sd21_filtered_100steps/generated_images/final/negative/gen_0137.png,gen_0137.png,70.6868,39.0,3.0,0.5788421630859375,1.0,0.5730667114257812,170.14656584079987,21.89264105976497,6.2832001723822195,319.4652404785156,0.0,0.0,False,,-6.75480516492245,True,789.0
negative,/mnt/MammoDiffusion/MammoDiffusion/experiments/diffusers/02_sd21_filtered_100steps/generated_images/final/negative/gen_0138.png,gen_0138.png,40.7912,18.0,2.0,0.53802490234375,0.998177821894498,0.5345535278320312,115.39785199457647,52.170130098674264,6.564357983909586,1317.20458984375,0.0,0.0,False,,-5.629615597086366,True,317.0
negative,/mnt/MammoDiffusion/MammoDiffusion/experiments/diffusers/02_sd21_filtered_100steps/generated_images/final/negative/gen_0139.png,gen_0139.png,70.8956,57.0,1.0,0.7595062255859375,0.9983626318432949,0.7526054382324219,154.70032591451206,25.720629506098444,6.354354578240457,355.75885009765625,0.0,0.0,False,,-7.191210886834292,True,1005.0
negative,/mnt/MammoDiffusion/MammoDiffusion/experiments/diffusers/02_sd21_filtered_100steps/generated_images/final/negative/gen_0140.png,gen_0140.png,10.0,0.0,0.0,0.8114395141601562,0.9992619197608056,0.8041725158691406,154.00094398246753,26.5885718843975,5.932068529384614,391.6683349609375,0.0,0.0,False,,-7.105594173355682,True,959.0
negative,/mnt/MammoDiffusion/MammoDiffusion/experiments/diffusers/02_sd21_filtered_100steps/generated_images/final/negative/gen_0141.png,gen_0141.png,47.8956,34.0,1.0,0.8629302978515625,0.9985677152405708,0.8520164489746094,142.47211787724254,26.768685663128867,6.448314728799664,283.1193542480469,0.0,0.0,False,,-7.689284761022523,True,1275.0
negative,/mnt/MammoDiffusion/MammoDiffusion/experiments/diffusers/02_sd21_filtered_100steps/generated_images/final/negative/gen_0142.png,gen_0142.png,65.8956,52.0,1.0,0.7423667907714844,0.9984841244148464,0.7353668212890625,145.25601228394166,27.741230475391152,6.447726775471794,398.68743896484375,0.0,0.0,False,,-6.776038374350754,True,799.0
negative,/mnt/MammoDiffusion/MammoDiffusion/experiments/diffusers/02_sd21_filtered_100steps/generated_images/final/negative/gen_0143.png,gen_0143.png,136.8956,123.0,1.0,0.48101806640625,0.9951544854713869,0.47408294677734375,171.186951833792,21.38690156941935,5.5897788586663575,187.7364044189453,0.0,0.0,False,,-6.62667517425093,True,724.0
negative,/mnt/MammoDiffusion/MammoDiffusion/experiments/diffusers/02_sd21_filtered_100steps/generated_images/final/negative/gen_0144.png,gen_0144.png,96.8956,83.0,1.0,0.4879264831542969,0.9977249095045619,0.48139190673828125,167.06911580582278,24.833107481533993,5.206753601091314,260.8143615722656,0.0,0.0,False,,-5.021590894082012,True,140.0
negative,/mnt/MammoDiffusion/MammoDiffusion/experiments/diffusers/02_sd21_filtered_100steps/generated_images/final/negative/gen_0145.png,gen_0145.png,14.8956,1.0,1.0,0.737884521484375,0.9999017742669258,0.7326736450195312,123.74142742598899,45.220673824184075,6.429344410641744,763.6527099609375,0.0,0.0,False,,-6.09387092683815,True,491.0
negative,/mnt/MammoDiffusion/MammoDiffusion/experiments/diffusers/02_sd21_filtered_100steps/generated_images/final/negative/gen_0146.png,gen_0146.png,167.95600000000002,74.0,10.0,0.12403488159179688,0.9183761340919575,0.11452484130859375,200.09676237425887,15.927195864102718,6.620028791880604,547.928955078125,0.0,0.0,False,,-38.19290623922714,False,
negative,/mnt/MammoDiffusion/MammoDiffusion/experiments/diffusers/02_sd21_filtered_100steps/generated_images/final/negative/gen_0147.png,gen_0147.png,211.0,116.0,11.0,0.0485076904296875,0.8438188109468386,0.0408172607421875,222.2122429906542,8.186831209287678,6.768463395822259,230.66525268554688,0.0,0.0,True,too_empty,,False,
negative,/mnt/MammoDiffusion/MammoDiffusion/experiments/diffusers/02_sd21_filtered_100steps/generated_images/final/negative/gen_0148.png,gen_0148.png,106.6868,75.0,3.0,0.6252212524414062,0.938675273645804,0.6459808349609375,142.08183536081256,34.10904691092129,7.131166950831664,715.4070434570312,0.0,0.0,False,,-28.686729918756697,False,
negative,/mnt/MammoDiffusion/MammoDiffusion/experiments/diffusers/02_sd21_filtered_100steps/generated_images/final/negative/gen_0149.png,gen_0149.png,215.0,157.0,6.0,0.048503875732421875,0.8431773495871019,0.04537200927734375,223.82949386245167,8.515864252546729,6.857511365899715,521.162353515625,0.0,0.0,True,too_empty,,False,
negative,/mnt/MammoDiffusion/MammoDiffusion/experiments/diffusers/02_sd21_filtered_100steps/generated_images/final/negative/gen_0150.png,gen_0150.png,212.0,153.0,45.0,0.048770904541015625,0.587719984356668,0.028415679931640625,221.6937844005907,6.522743569851851,7.2400304952362635,1097.6820068359375,0.0,0.0,True,too_empty,,False,
negative,/mnt/MammoDiffusion/MammoDiffusion/experiments/diffusers/02_sd21_filtered_100steps/generated_images/final/negative/gen_0151.png,gen_0151.png,21.8956,8.0,1.0,0.8436164855957031,0.9991001541946832,0.8351364135742188,147.03922329919698,25.37759158135657,6.245760110549257,213.54904174804688,0.0,0.0,False,,-7.698137085886322,True,1279.0
negative,/mnt/MammoDiffusion/MammoDiffusion/experiments/diffusers/02_sd21_filtered_100steps/generated_images/final/negative/gen_0152.png,gen_0152.png,10.0,0.0,0.0,0.7925453186035156,0.9991673124407372,0.7880439758300781,96.65682710413833,56.493037986856194,6.940151814260236,1608.2030029296875,0.0,0.0,False,,-7.87324125325939,True,1359.0
negative,/mnt/MammoDiffusion/MammoDiffusion/experiments/diffusers/02_sd21_filtered_100steps/generated_images/final/negative/gen_0153.png,gen_0153.png,82.8956,69.0,1.0,0.6359329223632812,0.9960949215985028,0.6282196044921875,154.02536372689514,33.5496015418705,6.473819252832193,543.95947265625,0.0,0.0,False,,-6.6299891980152115,True,726.0
negative,/mnt/MammoDiffusion/MammoDiffusion/experiments/diffusers/02_sd21_filtered_100steps/generated_images/final/negative/gen_0154.png,gen_0154.png,99.8956,86.0,1.0,0.5076751708984375,0.9997144660515164,0.5017814636230469,164.04232204897406,27.189415029130295,5.842260707708736,208.1685028076172,0.0,0.0,False,,-5.54732510701487,True,283.0
negative,/mnt/MammoDiffusion/MammoDiffusion/experiments/diffusers/02_sd21_filtered_100steps/generated_images/final/negative/gen_0155.png,gen_0155.png,105.8956,92.0,1.0,0.6727523803710938,0.9992345116184126,0.666046142578125,155.21278350515465,22.56574062311074,6.023817210325144,163.0048828125,0.0,0.0,False,,-6.78157344818457,True,801.0
negative,/mnt/MammoDiffusion/MammoDiffusion/experiments/diffusers/02_sd21_filtered_100steps/generated_images/final/negative/gen_0156.png,gen_0156.png,119.8956,106.0,1.0,0.4950523376464844,0.9962627624735119,0.4883689880371094,165.84045054404288,26.505116112222943,5.776432065365206,180.23696899414062,0.0,0.0,False,,-6.1012321976472546,True,495.0
negative,/mnt/MammoDiffusion/MammoDiffusion/experiments/diffusers/02_sd21_filtered_100steps/generated_images/final/negative/gen_0157.png,gen_0157.png,210.0,113.0,11.0,0.049938201904296875,0.7758765564128027,0.03766632080078125,220.56988049422728,6.1334352526689075,6.139446793363849,419.70843505859375,0.0,0.0,True,too_empty,,False,
negative,/mnt/MammoDiffusion/MammoDiffusion/experiments/diffusers/02_sd21_filtered_100steps/generated_images/final/negative/gen_0158.png,gen_0158.png,97.7912,75.0,2.0,0.2935142517089844,0.9074509701987186,0.3247566223144531,144.20110885320616,48.642313930016094,6.23872287070344,1019.6515502929688,0.0,0.0,False,,-39.11056269948143,False,
negative,/mnt/MammoDiffusion/MammoDiffusion/experiments/diffusers/02_sd21_filtered_100steps/generated_images/final/negative/gen_0159.png,gen_0159.png,103.8956,90.0,1.0,0.4827919006347656,0.9904868008312198,0.499176025390625,148.01645320046464,36.144431438467144,6.0689249857944105,506.1783752441406,0.0,0.0,False,,-7.3487882425574655,True,1100.0
negative,/mnt/MammoDiffusion/MammoDiffusion/experiments/diffusers/02_sd21_filtered_100steps/generated_images/final/negative/gen_0160.png,gen_0160.png,181.8956,168.0,1.0,0.09040451049804688,0.9129921093717035,0.08261871337890625,210.97054206297904,18.93285520166416,5.906787661548545,718.4436645507812,0.0,0.0,True,too_empty,,False,
negative,/mnt/MammoDiffusion/MammoDiffusion/experiments/diffusers/02_sd21_filtered_100steps/generated_images/final/negative/gen_0161.png,gen_0161.png,106.8956,93.0,1.0,0.3556709289550781,0.8179370850627969,0.2830314636230469,155.7263966574567,43.159200284582994,6.528122209266232,1033.8062744140625,0.0,0.0,False,,-73.52927937884351,False,
negative,/mnt/MammoDiffusion/MammoDiffusion/experiments/diffusers/02_sd21_filtered_100steps/generated_images/final/negative/gen_0162.png,gen_0162.png,106.8956,93.0,1.0,0.31372833251953125,0.9420490746820359,0.30458831787109375,157.08327280014026,42.194250490205135,5.779775667229808,811.3662719726562,0.0,0.0,False,,-25.333088176043123,False,
negative,/mnt/MammoDiffusion/MammoDiffusion/experiments/diffusers/02_sd21_filtered_100steps/generated_images/final/negative/gen_0163.png,gen_0163.png,24.8956,11.0,1.0,0.7956657409667969,0.9980726727043471,0.7878379821777344,153.7795736150721,27.737457686252895,6.585503481231868,436.69140625,0.0,0.0,False,,-7.502667791679051,True,1176.0
negative,/mnt/MammoDiffusion/MammoDiffusion/experiments/diffusers/02_sd21_filtered_100steps/generated_images/final/negative/gen_0164.png,gen_0164.png,10.0,0.0,0.0,0.8096656799316406,0.9799056768229768,0.6728897094726562,149.88571606743994,27.16382256196038,6.788135649364618,826.4676513671875,0.0,0.0,False,,-13.591647965977124,False,
negative,/mnt/MammoDiffusion/MammoDiffusion/experiments/diffusers/02_sd21_filtered_100steps/generated_images/final/negative/gen_0165.png,gen_0165.png,50.7912,28.0,2.0,0.6667060852050781,0.9977570906261265,0.6728477478027344,116.23422325280781,50.34919459047774,7.1400069190144375,1465.5377197265625,0.0,0.0,False,,-7.324069571157445,True,1088.0
negative,/mnt/MammoDiffusion/MammoDiffusion/experiments/diffusers/02_sd21_filtered_100steps/generated_images/final/negative/gen_0166.png,gen_0166.png,92.8956,79.0,1.0,0.5559158325195312,0.9979345364715569,0.5488967895507812,156.85914935019807,21.324183856625332,5.068709928906727,201.02850341796875,0.0,0.0,False,,-5.369676917889857,True,234.0
negative,/mnt/MammoDiffusion/MammoDiffusion/experiments/diffusers/02_sd21_filtered_100steps/generated_images/final/negative/gen_0167.png,gen_0167.png,68.5824,28.0,4.0,0.4046287536621094,0.996464632180332,0.39966583251953125,158.06296649804332,34.471844752681534,6.675939165305458,1197.25927734375,0.0,0.0,False,,-5.611483438547729,True,309.0
negative,/mnt/MammoDiffusion/MammoDiffusion/experiments/diffusers/02_sd21_filtered_100steps/generated_images/final/negative/gen_0168.png,gen_0168.png,85.8956,72.0,1.0,0.43970489501953125,1.0,0.43408203125,165.16625070303712,27.081882979805172,5.60386330320297,156.45309448242188,0.0,0.0,False,,-5.090933088885246,True,166.0
negative,/mnt/MammoDiffusion/MammoDiffusion/experiments/diffusers/02_sd21_filtered_100steps/generated_images/final/negative/gen_0169.png,gen_0169.png,95.8956,82.0,1.0,0.6020240783691406,0.9989544852582422,0.5961494445800781,160.07509102427102,26.756520216169225,5.995958287686166,188.57254028320312,0.0,0.0,False,,-6.005832043268997,True,460.0
negative,/mnt/MammoDiffusion/MammoDiffusion/experiments/diffusers/02_sd21_filtered_100steps/generated_images/final/negative/gen_0170.png,gen_0170.png,220.0,235.0,7.0,0.33172607421875,0.947320607175713,0.3112335205078125,240.75862871990978,17.19140310672241,6.1951974372454295,1099.3773193359375,0.0,0.0,False,,-26.51678611345394,False,
negative,/mnt/MammoDiffusion/MammoDiffusion/experiments/diffusers/02_sd21_filtered_100steps/generated_images/final/negative/gen_0171.png,gen_0171.png,47.6868,16.0,3.0,0.4734840393066406,0.9973090774325054,0.4764556884765625,118.0809287429944,54.228814658348625,6.744775665823136,1530.3826904296875,0.0,0.0,False,,-6.1606904138939,True,522.0
negative,/mnt/MammoDiffusion/MammoDiffusion/experiments/diffusers/02_sd21_filtered_100steps/generated_images/final/negative/gen_0172.png,gen_0172.png,54.7912,32.0,2.0,0.5763969421386719,0.9975380379751024,0.5912322998046875,117.00502619557643,50.173523262826315,6.978336357498376,1557.3201904296875,0.0,0.0,False,,-6.845201689430346,True,825.0
negative,/mnt/MammoDiffusion/MammoDiffusion/experiments/diffusers/02_sd21_filtered_100steps/generated_images/final/negative/gen_0173.png,gen_0173.png,75.6868,44.0,3.0,0.58599853515625,0.9983725653577752,0.5875511169433594,136.26249975652988,43.28780981335589,6.8692763161255455,1123.595947265625,0.0,0.0,False,,-5.803522105404294,True,376.0
negative,/mnt/MammoDiffusion/MammoDiffusion/experiments/diffusers/02_sd21_filtered_100steps/generated_images/final/negative/gen_0174.png,gen_0174.png,73.8956,60.0,1.0,0.7550010681152344,0.9989793804536199,0.751251220703125,148.38208351951903,33.631302033929515,6.642558913056263,509.55499267578125,0.0,0.0,False,,-6.608354794331531,True,712.0
negative,/mnt/MammoDiffusion/MammoDiffusion/experiments/diffusers/02_sd21_filtered_100steps/generated_images/final/negative/gen_0175.png,gen_0175.png,220.0,255.0,0.0,0.2986907958984375,0.9980970625798212,0.28922271728515625,254.70463478329685,3.7073452584213866,6.073327858580755,1334.6773681640625,0.0,0.0,True,low_contrast,,False,
negative,/mnt/MammoDiffusion/MammoDiffusion/experiments/diffusers/02_sd21_filtered_100steps/generated_images/final/negative/gen_0176.png,gen_0176.png,125.7912,103.0,2.0,0.5270271301269531,0.9686877972162106,0.5160446166992188,165.0106151776342,26.0444057090387,6.412711712064452,325.4903869628906,0.0,0.0,False,,-17.107303029737388,False,
negative,/mnt/MammoDiffusion/MammoDiffusion/experiments/diffusers/02_sd21_filtered_100steps/generated_images/final/negative/gen_0177.png,gen_0177.png,100.8956,87.0,1.0,0.5610771179199219,0.9986470224295126,0.5555534362792969,150.37903663267758,24.29264167005111,5.587566706622804,147.47183227539062,0.0,0.0,False,,-5.381035136655792,True,236.0
negative,/mnt/MammoDiffusion/MammoDiffusion/experiments/diffusers/02_sd21_filtered_100steps/generated_images/final/negative/gen_0178.png,gen_0178.png,15.0,10.0,0.0,0.8900413513183594,0.998581341425259,0.8830032348632812,102.26807762426881,47.29348164382217,7.160775299191237,1111.1085205078125,0.0,0.0,False,,-7.56738910696549,True,1218.0
negative,/mnt/MammoDiffusion/MammoDiffusion/experiments/diffusers/02_sd21_filtered_100steps/generated_images/final/negative/gen_0179.png,gen_0179.png,110.8956,97.0,1.0,0.4209938049316406,0.995768432689084,0.41364288330078125,173.20334028072375,30.066602502979546,5.949759721303332,239.97964477539062,0.0,0.0,False,,-5.789471406412456,True,373.0
negative,/mnt/MammoDiffusion/MammoDiffusion/experiments/diffusers/02_sd21_filtered_100steps/generated_images/final/negative/gen_0180.png,gen_0180.png,52.7912,30.0,2.0,0.7107772827148438,0.9964846559256357,0.7209014892578125,122.59718488728966,48.13622512670066,7.2760207877417535,1291.0762939453125,0.0,0.0,False,,-8.007647995801655,False,
negative,/mnt/MammoDiffusion/MammoDiffusion/experiments/diffusers/02_sd21_filtered_100steps/generated_images/final/negative/gen_0181.png,gen_0181.png,180.0,75.0,23.0,0.048320770263671875,0.5009868161364175,0.02620697021484375,201.49359534206695,13.721047157868451,7.02236215692969,719.065185546875,0.0,0.0,True,too_empty,,False,
negative,/mnt/MammoDiffusion/MammoDiffusion/experiments/diffusers/02_sd21_filtered_100steps/generated_images/final/negative/gen_0182.png,gen_0182.png,16.8956,3.0,1.0,0.8667755126953125,0.9989349529090749,0.8604354858398438,147.7175715337075,29.12834139877808,6.531633517993596,398.53558349609375,0.0,0.0,False,,-7.612806212290351,True,1239.0
negative,/mnt/MammoDiffusion/MammoDiffusion/experiments/diffusers/02_sd21_filtered_100steps/generated_images/final/negative/gen_0183.png,gen_0183.png,110.8956,97.0,1.0,0.4357337951660156,0.9834362004815058,0.4246864318847656,153.22673337584996,32.48266525240003,5.874279237560587,405.0555114746094,0.0,0.0,False,,-9.779216949458217,False,
negative,/mnt/MammoDiffusion/MammoDiffusion/experiments/diffusers/02_sd21_filtered_100steps/generated_images/final/negative/gen_0184.png,gen_0184.png,140.0,135.0,0.0,0.35277557373046875,0.9822876792318173,0.3437042236328125,161.22741398446172,16.823610690465795,4.15899002381157,45.27696228027344,0.0,0.0,False,,-10.246923483989761,False,
negative,/mnt/MammoDiffusion/MammoDiffusion/experiments/diffusers/02_sd21_filtered_100steps/generated_images/final/negative/gen_0185.png,gen_0185.png,20.8956,7.0,1.0,0.565338134765625,0.9980229419703104,0.55853271484375,161.4703720904819,25.76962755260293,5.978328089221873,326.8409423828125,0.0,0.0,False,,-5.846120553268706,True,390.0
negative,/mnt/MammoDiffusion/MammoDiffusion/experiments/diffusers/02_sd21_filtered_100steps/generated_images/final/negative/gen_0186.png,gen_0186.png,72.7912,50.0,2.0,0.7209739685058594,0.9939047296546543,0.7843093872070312,116.74291106117644,43.38797954799758,7.124295106366814,757.2973022460938,0.0,0.0,False,,-8.219171245789395,False,
negative,/mnt/MammoDiffusion/MammoDiffusion/experiments/diffusers/02_sd21_filtered_100steps/generated_images/final/negative/gen_0187.png,gen_0187.png,101.8956,88.0,1.0,0.5472412109375,0.9991774481374079,0.5421028137207031,164.6093491615591,29.650872493466995,5.988540062547182,466.9147644042969,0.0,0.0,False,,-5.2736359962921835,True,212.0
negative,/mnt/MammoDiffusion/MammoDiffusion/experiments/diffusers/02_sd21_filtered_100steps/generated_images/final/negative/gen_0188.png,gen_0188.png,151.8956,138.0,1.0,0.11262130737304688,0.7763777393896284,0.0848236083984375,194.25179888469148,20.549948340042246,5.5214906235322765,332.4603271484375,0.0,0.0,True,too_empty,,False,
negative,/mnt/MammoDiffusion/MammoDiffusion/experiments/diffusers/02_sd21_filtered_100steps/generated_images/final/negative/gen_0189.png,gen_0189.png,41.7912,19.0,2.0,0.813385009765625,1.0,0.8055038452148438,156.72602979759233,27.33990012253971,6.661997565454898,219.31915283203125,0.0,0.0,False,,-8.248925924411578,False,
negative,/mnt/MammoDiffusion/MammoDiffusion/experiments/diffusers/02_sd21_filtered_100steps/generated_images/final/negative/gen_0190.png,gen_0190.png,63.8956,50.0,1.0,0.7493667602539062,0.9999745471945918,0.74267578125,143.87004335141356,21.924290640467706,5.871041255557632,172.9798583984375,0.0,0.0,False,,-7.27232884977133,True,1056.0
negative,/mnt/MammoDiffusion/MammoDiffusion/experiments/diffusers/02_sd21_filtered_100steps/generated_images/final/negative/gen_0191.png,gen_0191.png,52.6868,21.0,3.0,0.5691452026367188,0.9990951621335407,0.5638961791992188,166.73208318112324,25.017808788965066,6.41526924008992,437.980712890625,0.0,0.0,False,,-6.075838419388923,True,486.0
negative,/mnt/MammoDiffusion/MammoDiffusion/experiments/diffusers/02_sd21_filtered_100steps/generated_images/final/negative/gen_0192.png,gen_0192.png,220.0,112.0,87.0,0.14480209350585938,0.5794146315761743,0.07974624633789062,254.65228414254963,2.0044372378853716,7.059534270306374,1053.5859375,0.0,0.0,True,too_empty,,False,
negative,/mnt/MammoDiffusion/MammoDiffusion/experiments/diffusers/02_sd21_filtered_100steps/generated_images/final/negative/gen_0193.png,gen_0193.png,28.7912,6.0,2.0,0.7759170532226562,0.9992133803994061,0.771484375,140.6701641613924,33.236714532160896,6.8571271064413875,474.11480712890625,0.0,0.0,False,,-6.948141127702653,True,878.0
negative,/mnt/MammoDiffusion/MammoDiffusion/experiments/diffusers/02_sd21_filtered_100steps/generated_images/final/negative/gen_0194.png,gen_0194.png,81.6868,50.0,3.0,0.3423881530761719,0.9388669154921732,0.4062347412109375,128.59002554182473,53.192226233950734,6.589812266714279,1370.2454833984375,0.0,0.0,False,,-27.647277665935462,False,
negative,/mnt/MammoDiffusion/MammoDiffusion/experiments/diffusers/02_sd21_filtered_100steps/generated_images/final/negative/gen_0195.png,gen_0195.png,49.8956,36.0,1.0,0.651397705078125,1.0,0.6456108093261719,157.623080422824,22.716162829957756,6.198113110385739,175.1690216064453,0.0,0.0,False,,-7.099737799462277,True,952.0
negative,/mnt/MammoDiffusion/MammoDiffusion/experiments/diffusers/02_sd21_filtered_100steps/generated_images/final/negative/gen_0196.png,gen_0196.png,105.47800000000001,56.0,5.0,0.5721511840820312,0.913945301561479,0.5312271118164062,148.01874219075384,37.263297305490404,7.397395998133473,898.531494140625,0.0,0.0,False,,-37.69875348027771,False,
negative,/mnt/MammoDiffusion/MammoDiffusion/experiments/diffusers/02_sd21_filtered_100steps/generated_images/final/negative/gen_0197.png,gen_0197.png,121.7912,99.0,2.0,0.1755523681640625,0.7385919165580183,0.10616683959960938,193.7445294815134,27.978667762385538,5.712331184533209,729.6463623046875,0.0,0.0,True,too_empty,,False,
negative,/mnt/MammoDiffusion/MammoDiffusion/experiments/diffusers/02_sd21_filtered_100steps/generated_images/final/negative/gen_0198.png,gen_0198.png,220.0,212.0,41.0,0.22224807739257812,0.8410943856095845,0.1816558837890625,253.24433011339772,6.257051828760188,6.6512332133607615,1454.0751953125,0.0,0.0,True,low_contrast,,False,
negative,/mnt/MammoDiffusion/MammoDiffusion/experiments/diffusers/02_sd21_filtered_100steps/generated_images/final/negative/gen_0199.png,gen_0199.png,126.8956,113.0,1.0,0.4790306091308594,0.9923472028668127,0.4735145568847656,161.16912244519813,22.647770263260192,4.7776306274582705,148.953857421875,0.0,0.0,False,,-6.808034172087115,True,810.0
negative,/mnt/MammoDiffusion/MammoDiffusion/experiments/diffusers/02_sd21_filtered_100steps/generated_images/final/negative/gen_0200.png,gen_0200.png,19.8956,6.0,1.0,0.7941322326660156,0.9990200646565183,0.7892036437988281,104.0360780143558,50.09517522693174,7.197625551494559,1008.5913696289062,0.0,0.0,False,,-7.032536010762138,True,919.0
negative,/mnt/MammoDiffusion/MammoDiffusion/experiments/diffusers/02_sd21_filtered_100steps/generated_images/final/negative/gen_0201.png,gen_0201.png,220.0,221.0,32.0,0.20334625244140625,0.5375192286046598,0.10777664184570312,253.07815099281493,10.202663472452112,6.825829664668493,1681.0872802734375,0.0,0.0,True,too_empty,,False,
negative,/mnt/MammoDiffusion/MammoDiffusion/experiments/diffusers/02_sd21_filtered_100steps/generated_images/final/negative/gen_0202.png,gen_0202.png,15.8956,2.0,1.0,0.6694259643554688,0.9989286894681058,0.6660423278808594,91.10457677306285,52.20339148039028,6.732361169025786,1572.8265380859375,0.0,0.0,False,,-6.4076476625592615,True,627.0
negative,/mnt/MammoDiffusion/MammoDiffusion/experiments/diffusers/02_sd21_filtered_100steps/generated_images/final/negative/gen_0203.png,gen_0203.png,220.0,251.0,2.0,0.2719383239746094,0.9945431845918611,0.26381683349609375,252.68693426646232,3.536253257622287,6.343244090186999,1329.379638671875,0.0,0.0,True,low_contrast,,False,
negative,/mnt/MammoDiffusion/MammoDiffusion/experiments/diffusers/02_sd21_filtered_100steps/generated_images/final/negative/gen_0204.png,gen_0204.png,76.8956,63.0,1.0,0.50048828125,0.9975914634146341,0.493621826171875,162.5260510046368,27.121387811688766,6.310875267972662,283.1169128417969,0.0,0.0,False,,-5.856979002277523,True,397.0
negative,/mnt/MammoDiffusion/MammoDiffusion/experiments/diffusers/02_sd21_filtered_100steps/generated_images/final/negative/gen_0205.png,gen_0205.png,194.5824,154.0,4.0,0.054599761962890625,0.8074477747502271,0.044097900390625,211.91946366782008,12.454262415233728,7.091478795897394,860.4210815429688,0.0,0.0,True,too_empty,,False,
negative,/mnt/MammoDiffusion/MammoDiffusion/experiments/diffusers/02_sd21_filtered_100steps/generated_images/final/negative/gen_0206.png,gen_0206.png,161.8956,148.0,1.0,0.07615280151367188,0.781445674497821,0.056354522705078125,182.66256007581399,7.6065898155709055,4.151296701234487,25.485382080078125,0.0,0.0,True,too_empty,,False,
negative,/mnt/MammoDiffusion/MammoDiffusion/experiments/diffusers/02_sd21_filtered_100steps/generated_images/final/negative/gen_0207.png,gen_0207.png,84.6868,53.0,3.0,0.3147926330566406,0.9777753541522763,0.3233757019042969,142.2782083495535,47.70258256247409,6.083187639703594,956.5012817382812,0.0,0.0,False,,-12.135767568804171,False,
negative,/mnt/MammoDiffusion/MammoDiffusion/experiments/diffusers/02_sd21_filtered_100steps/generated_images/final/negative/gen_0208.png,gen_0208.png,145.2692,78.0,7.0,0.3285636901855469,0.9795311792502119,0.3272666931152344,175.38282570432796,24.227365266726736,6.7761540911318345,277.02862548828125,0.0,0.0,False,,-13.162347641458055,False,
negative,/mnt/MammoDiffusion/MammoDiffusion/experiments/diffusers/02_sd21_filtered_100steps/generated_images/final/negative/gen_0209.png,gen_0209.png,220.0,213.0,17.0,0.3670654296875,0.9722626371799136,0.35230255126953125,230.24805639171015,10.297230847246869,6.33032907897327,1333.8837890625,0.0,0.0,False,,-17.387292641208276,False,
negative,/mnt/MammoDiffusion/MammoDiffusion/experiments/diffusers/02_sd21_filtered_100steps/generated_images/final/negative/gen_0210.png,gen_0210.png,80.6868,49.0,3.0,0.8563766479492188,0.9983741213573637,0.8471221923828125,135.40167426193779,27.870355153928305,6.74351167117576,228.08584594726562,0.0,0.0,False,,-7.869126204238737,True,1357.0
negative,/mnt/MammoDiffusion/MammoDiffusion/experiments/diffusers/02_sd21_filtered_100steps/generated_images/final/negative/gen_0211.png,gen_0211.png,41.8956,28.0,1.0,0.8178977966308594,1.0,0.8115463256835938,151.9008705380226,28.401017128222573,6.2604732966189784,160.2097625732422,0.0,0.0,False,,-7.886365416872316,False,
negative,/mnt/MammoDiffusion/MammoDiffusion/experiments/diffusers/02_sd21_filtered_100steps/generated_images/final/negative/gen_0212.png,gen_0212.png,182.0,162.0,4.0,0.0496826171875,0.6340601965601965,0.031101226806640625,206.35594259781675,15.228119645521623,6.387531762107283,702.639404296875,0.0,0.0,True,too_empty,,False,
negative,/mnt/MammoDiffusion/MammoDiffusion/experiments/diffusers/02_sd21_filtered_100steps/generated_images/final/negative/gen_0213.png,gen_0213.png,195.0,192.0,2.0,0.04148101806640625,0.5101158727239287,0.0215301513671875,207.8912119064493,7.962763313973271,4.915715999073833,760.1907348632812,0.0,0.0,True,too_empty,,False,
negative,/mnt/MammoDiffusion/MammoDiffusion/experiments/diffusers/02_sd21_filtered_100steps/generated_images/final/negative/gen_0214.png,gen_0214.png,220.0,23.0,23.0,0.0751190185546875,0.5460593134267723,0.04576873779296875,243.77246207701285,43.14042672318889,7.434493770270892,1379.9764404296875,0.0,0.0,True,too_empty,,False,
negative,/mnt/MammoDiffusion/MammoDiffusion/experiments/diffusers/02_sd21_filtered_100steps/generated_images/final/negative/gen_0215.png,gen_0215.png,98.8956,85.0,1.0,0.40071868896484375,0.997591531329132,0.4003639221191406,158.23402856516728,36.18231195016376,5.45514651432652,449.59783935546875,0.0,0.0,False,,-3.7188058660654413,True,6.0
negative,/mnt/MammoDiffusion/MammoDiffusion/experiments/diffusers/02_sd21_filtered_100steps/generated_images/final/negative/gen_0216.png,gen_0216.png,89.8956,76.0,1.0,0.33882904052734375,0.8600797099817613,0.29958343505859375,139.76158097129905,45.52626987699143,5.758819186041188,726.3941650390625,0.0,0.0,False,,-56.213966108331476,False,
negative,/mnt/MammoDiffusion/MammoDiffusion/experiments/diffusers/02_sd21_filtered_100steps/generated_images/final/negative/gen_0217.png,gen_0217.png,69.8956,56.0,1.0,0.8058128356933594,0.9982531634783349,0.8006477355957031,147.45017509588584,25.79581841293352,6.636954980348243,436.8890380859375,0.0,0.0,False,,-7.557176766304873,True,1211.0
negative,/mnt/MammoDiffusion/MammoDiffusion/experiments/diffusers/02_sd21_filtered_100steps/generated_images/final/negative/gen_0218.png,gen_0218.png,115.7912,93.0,2.0,0.4090156555175781,0.9969129181783419,0.40306854248046875,159.1206204690428,27.912050484455744,5.7041173289084455,255.70156860351562,0.0,0.0,False,,-4.923336113025488,True,122.0
negative,/mnt/MammoDiffusion/MammoDiffusion/experiments/diffusers/02_sd21_filtered_100steps/generated_images/final/negative/gen_0219.png,gen_0219.png,220.0,232.0,15.0,0.2867927551269531,0.49125443928652185,0.13733673095703125,246.75109716126883,10.049066587642693,6.576928082336733,1524.73486328125,0.0,0.0,True,fragmented_mask,,False,
negative,/mnt/MammoDiffusion/MammoDiffusion/experiments/diffusers/02_sd21_filtered_100steps/generated_images/final/negative/gen_0220.png,gen_0220.png,98.8956,85.0,1.0,0.4861297607421875,0.9951583539973006,0.5005607604980469,140.77619094795722,32.97240655811703,6.002502274827446,441.3196716308594,0.0,0.0,False,,-5.658814836255955,True,328.0
negative,/mnt/MammoDiffusion/MammoDiffusion/experiments/diffusers/02_sd21_filtered_100steps/generated_images/final/negative/gen_0221.png,gen_0221.png,108.8956,95.0,1.0,0.2550010681152344,0.9953625443176208,0.248809814453125,179.15137066110634,22.693820369728183,4.352089527318926,213.7050323486328,0.0,0.0,False,,-5.865558110001285,True,403.0
negative,/mnt/MammoDiffusion/MammoDiffusion/experiments/diffusers/02_sd21_filtered_100steps/generated_images/final/negative/gen_0222.png,gen_0222.png,105.8956,92.0,1.0,0.5023880004882812,0.9978131786359702,0.495269775390625,179.47752480128165,18.94543512613284,5.46147394231278,184.31985473632812,0.0,0.0,False,,-5.9339052229898845,True,425.0
negative,/mnt/MammoDiffusion/MammoDiffusion/experiments/diffusers/02_sd21_filtered_100steps/generated_images/final/negative/gen_0223.png,gen_0223.png,122.7912,100.0,2.0,0.45156097412109375,0.9028164968658658,0.4155921936035156,165.32142824360915,33.83095666888261,6.734082047465296,578.97021484375,0.0,0.0,False,,-40.945614939299496,False,
negative,/mnt/MammoDiffusion/MammoDiffusion/experiments/diffusers/02_sd21_filtered_100steps/generated_images/final/negative/gen_0224.png,gen_0224.png,123.8956,110.0,1.0,0.23344039916992188,0.7813710270446932,0.20495986938476562,162.76331217778107,37.98206392416578,5.153974360497841,695.984619140625,0.0,0.0,False,,-86.29636957579304,False,
negative,/mnt/MammoDiffusion/MammoDiffusion/experiments/diffusers/02_sd21_filtered_100steps/generated_images/final/negative/gen_0225.png,gen_0225.png,91.8956,78.0,1.0,0.5872650146484375,0.9958167692987242,0.6180915832519531,135.3678168722883,40.10607015175506,6.18750064105244,556.5726928710938,0.0,0.0,False,,-5.823939801683872,True,381.0
negative,/mnt/MammoDiffusion/MammoDiffusion/experiments/diffusers/02_sd21_filtered_100steps/generated_images/final/negative/gen_0226.png,gen_0226.png,167.2692,100.0,7.0,0.14194869995117188,0.6169681008303997,0.08420562744140625,215.6789888556673,21.2029110572869,6.540200369783742,425.39666748046875,0.0,0.0,True,too_empty,,False,
negative,/mnt/MammoDiffusion/MammoDiffusion/experiments/diffusers/02_sd21_filtered_100steps/generated_images/final/negative/gen_0227.png,gen_0227.png,100.7912,78.0,2.0,0.344970703125,0.9380197275300779,0.3743247985839844,139.38846596757264,44.06662232775588,6.089070187834054,897.9518432617188,0.0,0.0,False,,-26.55764682037002,False,
negative,/mnt/MammoDiffusion/MammoDiffusion/experiments/diffusers/02_sd21_filtered_100steps/generated_images/final/negative/gen_0228.png,gen_0228.png,116.8956,103.0,1.0,0.4577827453613281,0.9578850881213283,0.450408935546875,149.56627312148518,30.82893327177338,5.635988011457688,374.80712890625,0.0,0.0,False,,-19.511191846329602,False,
negative,/mnt/MammoDiffusion/MammoDiffusion/experiments/diffusers/02_sd21_filtered_100steps/generated_images/final/negative/gen_0229.png,gen_0229.png,136.6868,105.0,3.0,0.16600799560546875,0.7006066455259893,0.11359405517578125,188.70767009201424,25.710991486538735,6.381356810762137,642.56884765625,0.0,0.0,True,fragmented_mask,,False,
negative,/mnt/MammoDiffusion/MammoDiffusion/experiments/diffusers/02_sd21_filtered_100steps/generated_images/final/negative/gen_0230.png,gen_0230.png,220.0,243.0,12.0,0.16638946533203125,0.40788206703654456,0.06394577026367188,254.47402016345524,4.41018217779359,7.064356669185402,986.925537109375,0.0,0.0,True,too_empty,,False,
negative,/mnt/MammoDiffusion/MammoDiffusion/experiments/diffusers/02_sd21_filtered_100steps/generated_images/final/negative/gen_0231.png,gen_0231.png,49.0,44.0,0.0,0.6669120788574219,0.9980266206020809,0.6594467163085938,160.06486377046335,28.64904880162779,5.823413189963111,294.92718505859375,0.0,0.0,False,,-6.257702502549546,True,561.0
negative,/mnt/MammoDiffusion/MammoDiffusion/experiments/diffusers/02_sd21_filtered_100steps/generated_images/final/negative/gen_0232.png,gen_0232.png,81.8956,68.0,1.0,0.5639457702636719,0.9979774748875435,0.5567359924316406,159.56656274624,24.225832559760473,5.734746861569658,215.62449645996094,0.0,0.0,False,,-5.842285109429399,True,387.0
negative,/mnt/MammoDiffusion/MammoDiffusion/experiments/diffusers/02_sd21_filtered_100steps/generated_images/final/negative/gen_0233.png,gen_0233.png,101.8956,88.0,1.0,0.7021942138671875,0.9963656315869532,0.6939964294433594,152.69038680349811,25.53487548278608,6.269295568588014,481.4686279296875,0.0,0.0,False,,-7.288967387947112,True,1069.0
negative,/mnt/MammoDiffusion/MammoDiffusion/experiments/diffusers/02_sd21_filtered_100steps/generated_images/final/negative/gen_0234.png,gen_0234.png,10.0,0.0,0.0,0.7996864318847656,0.9984592120515376,0.7926673889160156,159.0560269113974,25.14932489373548,5.84911387609354,270.5913391113281,0.0,0.0,False,,-7.217709115749938,True,1023.0
negative,/mnt/MammoDiffusion/MammoDiffusion/experiments/diffusers/02_sd21_filtered_100steps/generated_images/final/negative/gen_0235.png,gen_0235.png,10.0,0.0,0.0,0.8055000305175781,0.9989912718972139,0.8009605407714844,96.70181504712646,55.45087007368471,6.86084253499983,1369.18994140625,0.0,0.0,False,,-7.453882773205503,True,1147.0
negative,/mnt/MammoDiffusion/MammoDiffusion/experiments/diffusers/02_sd21_filtered_100steps/generated_images/final/negative/gen_0236.png,gen_0236.png,220.0,225.5,8.5,0.4602813720703125,0.9620006630200564,0.4345893859863281,234.91597981127936,8.256045063201505,5.812620822139093,896.7907104492188,0.0,0.0,False,,-20.556035830033938,False,
negative,/mnt/MammoDiffusion/MammoDiffusion/experiments/diffusers/02_sd21_filtered_100steps/generated_images/final/negative/gen_0237.png,gen_0237.png,90.7912,68.0,2.0,0.8859024047851562,0.9988632155498334,0.8752098083496094,163.000139475485,25.25849518772129,6.595074084709406,225.99575805664062,0.0,0.0,False,,-8.444990206988837,False,
negative,/mnt/MammoDiffusion/MammoDiffusion/experiments/diffusers/02_sd21_filtered_100steps/generated_images/final/negative/gen_0238.png,gen_0238.png,86.8956,73.0,1.0,0.4823150634765625,0.9894808440633996,0.5334548950195312,136.00481972511835,46.09476385337273,6.563662391683333,1053.3892822265625,0.0,0.0,False,,-8.606715211796963,False,
negative,/mnt/MammoDiffusion/MammoDiffusion/experiments/diffusers/02_sd21_filtered_100steps/generated_images/final/negative/gen_0239.png,gen_0239.png,34.0,29.0,0.0,0.765899658203125,0.9986601984300912,0.7638740539550781,97.16177182950885,50.74673132488515,6.739294102152392,1375.8724365234375,0.0,0.0,False,,-6.823837987075832,True,817.0
negative,/mnt/MammoDiffusion/MammoDiffusion/experiments/diffusers/02_sd21_filtered_100steps/generated_images/final/negative/gen_0240.png,gen_0240.png,167.8956,154.0,1.0,0.08827972412109375,0.7906836055656382,0.07642745971679688,202.58707262290991,21.834338791846474,6.027802269644415,903.9779663085938,0.0,0.0,True,too_empty,,False,
negative,/mnt/MammoDiffusion/MammoDiffusion/experiments/diffusers/02_sd21_filtered_100steps/generated_images/final/negative/gen_0241.png,gen_0241.png,52.7912,30.0,2.0,0.3615837097167969,0.997351957546921,0.35643768310546875,166.28711016931013,31.359260620912227,5.924213051014744,512.7976684570312,0.0,0.0,False,,-4.625473131587782,True,73.0
negative,/mnt/MammoDiffusion/MammoDiffusion/experiments/diffusers/02_sd21_filtered_100steps/generated_images/final/negative/gen_0242.png,gen_0242.png,81.7912,59.0,2.0,0.7945098876953125,0.9975225181970078,0.787017822265625,153.73710205901742,29.193646382337953,6.886771660197194,296.53900146484375,0.0,0.0,False,,-8.067935062445457,False,
negative,/mnt/MammoDiffusion/MammoDiffusion/experiments/diffusers/02_sd21_filtered_100steps/generated_images/final/negative/gen_0243.png,gen_0243.png,66.7912,44.0,2.0,0.6151695251464844,1.0,0.6091499328613281,162.2838024861446,21.10593776745349,6.305195844886054,267.467529296875,0.0,0.0,False,,-6.990218442633062,True,904.0
negative,/mnt/MammoDiffusion/MammoDiffusion/experiments/diffusers/02_sd21_filtered_100steps/generated_images/final/negative/gen_0244.png,gen_0244.png,14.8956,1.0,1.0,0.8043975830078125,0.9988333934025078,0.796539306640625,144.17308723803686,27.725843831990844,6.231567423439773,421.09039306640625,0.0,0.0,False,,-6.872001568343934,True,835.0
negative,/mnt/MammoDiffusion/MammoDiffusion/experiments/diffusers/02_sd21_filtered_100steps/generated_images/final/negative/gen_0245.png,gen_0245.png,179.0,174.0,1.0,0.049346923828125,0.6569264069264069,0.031940460205078125,197.52155738683865,10.04182914631627,4.9655564959357745,650.5892944335938,0.0,0.0,True,too_empty,,False,
negative,/mnt/MammoDiffusion/MammoDiffusion/experiments/diffusers/02_sd21_filtered_100steps/generated_images/final/negative/gen_0246.png,gen_0246.png,111.7912,89.0,2.0,0.3805198669433594,0.978536556024501,0.40616607666015625,152.26210154591732,37.52186138038195,6.114978344158038,508.07916259765625,0.0,0.0,False,,-11.292222024315805,False,
negative,/mnt/MammoDiffusion/MammoDiffusion/experiments/diffusers/02_sd21_filtered_100steps/generated_images/final/negative/gen_0247.png,gen_0247.png,82.8956,69.0,1.0,0.7473335266113281,0.9951406009933184,0.7406768798828125,142.43606435796542,33.63983927278638,6.814706953499869,460.23297119140625,0.0,0.0,False,,-7.942618893199502,False,
negative,/mnt/MammoDiffusion/MammoDiffusion/experiments/diffusers/02_sd21_filtered_100steps/generated_images/final/negative/gen_0248.png,gen_0248.png,144.0,133.0,2.0,0.046566009521484375,0.8857213074465471,0.038967132568359375,174.12344591287322,14.360743980225285,4.014303289485161,52.60456085205078,0.0,0.0,True,too_empty,,False,
negative,/mnt/MammoDiffusion/MammoDiffusion/experiments/diffusers/02_sd21_filtered_100steps/generated_images/final/negative/gen_0249.png,gen_0249.png,113.3736,55.0,6.0,0.23135757446289062,0.6530363237646127,0.13171768188476562,187.03246546381303,25.509279714758456,6.531950980356962,1111.817626953125,0.0,0.0,True,fragmented_mask,,False,
negative,/mnt/MammoDiffusion/MammoDiffusion/experiments/diffusers/02_sd21_filtered_100steps/generated_images/final/negative/gen_0250.png,gen_0250.png,199.0,191.0,4.0,0.03801727294921875,0.22366044551475014,0.007846832275390625,223.18716577540107,12.389186818063104,5.669123749576423,844.8309326171875,0.0,0.0,True,too_empty,,False,
negative,/mnt/MammoDiffusion/MammoDiffusion/experiments/diffusers/02_sd21_filtered_100steps/generated_images/final/negative/gen_0251.png,gen_0251.png,220.0,122.0,101.0,0.22248077392578125,0.5998251088782963,0.1309814453125,253.3450605778192,1.907135475854864,6.837429012355175,1643.8905029296875,0.0,0.0,True,low_contrast,,False,
negative,/mnt/MammoDiffusion/MammoDiffusion/experiments/diffusers/02_sd21_filtered_100steps/generated_images/final/negative/gen_0252.png,gen_0252.png,209.0,71.0,20.0,0.04669952392578125,0.8341774219898709,0.042087554931640625,216.83812199764344,6.804510142442274,7.180074450532004,182.6359405517578,0.0,0.0,True,too_empty,,False,
negative,/mnt/MammoDiffusion/MammoDiffusion/experiments/diffusers/02_sd21_filtered_100steps/generated_images/final/negative/gen_0253.png,gen_0253.png,117.8956,104.0,1.0,0.2930641174316406,0.7749821021802799,0.2476806640625,158.69590931493346,37.01899164295097,6.362848696898212,741.468994140625,0.0,0.0,False,,-89.49631490692748,False,
negative,/mnt/MammoDiffusion/MammoDiffusion/experiments/diffusers/02_sd21_filtered_100steps/generated_images/final/negative/gen_0254.png,gen_0254.png,88.8956,75.0,1.0,0.7552871704101562,0.9980706486055133,0.7494087219238281,144.7775854784605,30.307208943052007,6.716175140103473,437.2298889160156,0.0,0.0,False,,-7.057372902514041,True,927.0
negative,/mnt/MammoDiffusion/MammoDiffusion/experiments/diffusers/02_sd21_filtered_100steps/generated_images/final/negative/gen_0255.png,gen_0255.png,13.0,8.0,0.0,0.8334274291992188,0.9990662675418119,0.8275527954101562,95.18996210898966,53.79260676005498,7.077113353206636,1371.6361083984375,0.0,0.0,False,,-7.732444309864641,True,1298.0
negative,/mnt/MammoDiffusion/MammoDiffusion/experiments/diffusers/02_sd21_filtered_100steps/generated_images/final/negative/gen_0256.png,gen_0256.png,55.6868,24.0,3.0,0.46523284912109375,0.9975319372242903,0.4787254333496094,122.44691023546756,51.445880079458604,6.82781108248073,1694.4178466796875,0.0,0.0,False,,-6.306567536687152,True,581.0
negative,/mnt/MammoDiffusion/MammoDiffusion/experiments/diffusers/02_sd21_filtered_100steps/generated_images/final/negative/gen_0257.png,gen_0257.png,71.7912,49.0,2.0,0.7531280517578125,0.9990528192556274,0.7462730407714844,160.74254591552463,23.281892788723983,6.321990249424762,133.241943359375,0.0,0.0,False,,-7.60495896727484,True,1238.0
negative,/mnt/MammoDiffusion/MammoDiffusion/experiments/diffusers/02_sd21_filtered_100steps/generated_images/final/negative/gen_0258.png,gen_0258.png,97.6868,66.0,3.0,0.69830322265625,0.9910246044926143,0.6958808898925781,138.44127046776413,29.028999198668117,6.925698447305774,564.0935668945312,0.0,0.0,False,,-9.335863503010067,False,
negative,/mnt/MammoDiffusion/MammoDiffusion/experiments/diffusers/02_sd21_filtered_100steps/generated_images/final/negative/gen_0259.png,gen_0259.png,72.8956,59.0,1.0,0.7563858032226562,0.9998638303022968,0.7499504089355469,145.93427604974696,28.744519316408752,6.627967641140631,291.3927001953125,0.0,0.0,False,,-7.432376720656547,True,1138.0
negative,/mnt/MammoDiffusion/MammoDiffusion/experiments/diffusers/02_sd21_filtered_100steps/generated_images/final/negative/gen_0260.png,gen_0260.png,113.8956,100.0,1.0,0.20536041259765625,0.7633837351859419,0.1638336181640625,174.18114929682406,40.8559401808325,4.772258002267579,602.4033813476562,0.0,0.0,False,,-93.41495546885207,False,
negative,/mnt/MammoDiffusion/MammoDiffusion/experiments/diffusers/02_sd21_filtered_100steps/generated_images/final/negative/gen_0261.png,gen_0261.png,148.5824,108.0,4.0,0.234375,0.9829752604166667,0.23679733276367188,183.45196939186468,24.271034214478462,5.564399312640121,296.00390625,0.0,0.0,False,,-11.554780399251552,False,
negative,/mnt/MammoDiffusion/MammoDiffusion/experiments/diffusers/02_sd21_filtered_100steps/generated_images/final/negative/gen_0262.png,gen_0262.png,10.0,0.0,0.0,0.8253746032714844,0.9992836245823069,0.8194236755371094,122.57376156270513,43.72636116218168,6.900723329228189,1355.7757568359375,0.0,0.0,False,,-7.52940810987197,True,1195.0
negative,/mnt/MammoDiffusion/MammoDiffusion/experiments/diffusers/02_sd21_filtered_100steps/generated_images/final/negative/gen_0263.png,gen_0263.png,98.8956,85.0,1.0,0.42388916015625,0.9975251979841613,0.4185295104980469,164.083352321925,25.69482448497972,5.043787912681086,229.3701934814453,0.0,0.0,False,,-4.4778514519720165,True,51.0
negative,/mnt/MammoDiffusion/MammoDiffusion/experiments/diffusers/02_sd21_filtered_100steps/generated_images/final/negative/gen_0264.png,gen_0264.png,83.8956,70.0,1.0,0.6892967224121094,0.998217991643377,0.6825218200683594,145.02886781169133,30.303512567252483,6.777616803181441,200.1257781982422,0.0,0.0,False,,-6.921285505655051,True,858.0
negative,/mnt/MammoDiffusion/MammoDiffusion/experiments/diffusers/02_sd21_filtered_100steps/generated_images/final/negative/gen_0265.png,gen_0265.png,84.7912,62.0,2.0,0.5171432495117188,0.998023103137955,0.5100975036621094,162.6940599316477,23.623558689568856,6.144495982364711,440.62384033203125,0.0,0.0,False,,-5.6455969544542315,True,323.0
negative,/mnt/MammoDiffusion/MammoDiffusion/experiments/diffusers/02_sd21_filtered_100steps/generated_images/final/negative/gen_0266.png,gen_0266.png,34.6868,3.0,3.0,0.9101219177246094,0.999274885469627,0.9032440185546875,149.73621505194694,30.028503173729344,6.790838374607388,695.6213989257812,0.0,0.0,False,,-7.850727935940054,True,1346.0
negative,/mnt/MammoDiffusion/MammoDiffusion/experiments/diffusers/02_sd21_filtered_100steps/generated_images/final/negative/gen_0267.png,gen_0267.png,161.95600000000002,68.0,10.0,0.3040657043457031,0.539437202825277,0.15836334228515625,195.53536156477332,17.918722429605516,6.822513785776485,441.5528564453125,0.0,0.0,True,fragmented_mask,,False,
negative,/mnt/MammoDiffusion/MammoDiffusion/experiments/diffusers/02_sd21_filtered_100steps/generated_images/final/negative/gen_0268.png,gen_0268.png,10.0,0.0,0.0,0.63848876953125,0.9980283911671924,0.6333885192871094,158.61843904143004,29.609328634788746,5.8156527920066345,617.6943359375,0.0,0.0,False,,-5.568866571660044,True,295.0
negative,/mnt/MammoDiffusion/MammoDiffusion/experiments/diffusers/02_sd21_filtered_100steps/generated_images/final/negative/gen_0269.png,gen_0269.png,98.8956,85.0,1.0,0.25904083251953125,0.8663299266633288,0.19645309448242188,153.11406046719353,42.961745846994916,5.792663288626661,878.6292724609375,0.0,0.0,False,,-54.86621899452423,False,
negative,/mnt/MammoDiffusion/MammoDiffusion/experiments/diffusers/02_sd21_filtered_100steps/generated_images/final/negative/gen_0270.png,gen_0270.png,171.06040000000002,86.0,9.0,0.1538848876953125,0.7485126425384234,0.11301803588867188,211.10233908259357,14.950662786223836,7.009733606082103,744.5582885742188,0.0,0.0,True,fragmented_mask,,False,
negative,/mnt/MammoDiffusion/MammoDiffusion/experiments/diffusers/02_sd21_filtered_100steps/generated_images/final/negative/gen_0271.png,gen_0271.png,78.8956,65.0,1.0,0.6304664611816406,1.0,0.6245651245117188,166.74043829324603,19.366966494923634,5.977591577880316,90.58216094970703,0.0,0.0,False,,-7.223710926851333,True,1028.0
negative,/mnt/MammoDiffusion/MammoDiffusion/experiments/diffusers/02_sd21_filtered_100steps/generated_images/final/negative/gen_0272.png,gen_0272.png,39.7912,17.0,2.0,0.6206588745117188,0.9981376995980381,0.6137275695800781,171.99526369767224,22.516775248912026,6.359670343625399,432.0367126464844,0.0,0.0,False,,-6.718451987770674,True,768.0
negative,/mnt/MammoDiffusion/MammoDiffusion/experiments/diffusers/02_sd21_filtered_100steps/generated_images/final/negative/gen_0273.png,gen_0273.png,122.7912,100.0,2.0,0.4347991943359375,0.9955606246709949,0.4284706115722656,176.0057780824601,21.37199823304445,6.747484058853093,282.01220703125,0.0,0.0,False,,-7.1050463225122344,True,955.0
negative,/mnt/MammoDiffusion/MammoDiffusion/experiments/diffusers/02_sd21_filtered_100steps/generated_images/final/negative/gen_0274.png,gen_0274.png,220.0,246.0,6.0,0.24405670166015625,0.9369001844384007,0.2214202880859375,251.56090207428846,3.699081084234974,6.561800232340806,1265.425537109375,0.0,0.0,True,low_contrast,,False,
negative,/mnt/MammoDiffusion/MammoDiffusion/experiments/diffusers/02_sd21_filtered_100steps/generated_images/final/negative/gen_0275.png,gen_0275.png,116.8956,103.0,1.0,0.4646492004394531,0.9970855055211199,0.4575958251953125,170.23986294974824,22.07593763435921,5.575815283089729,240.55325317382812,0.0,0.0,False,,-5.6469671154348555,True,324.0
negative,/mnt/MammoDiffusion/MammoDiffusion/experiments/diffusers/02_sd21_filtered_100steps/generated_images/final/negative/gen_0276.png,gen_0276.png,103.7912,81.0,2.0,0.32643890380859375,0.9122864421436417,0.31790924072265625,147.02374667018648,42.99058228745934,6.060437643542459,779.5465698242188,0.0,0.0,False,,-36.59780348404303,False,
negative,/mnt/MammoDiffusion/MammoDiffusion/experiments/diffusers/02_sd21_filtered_100steps/generated_images/final/negative/gen_0277.png,gen_0277.png,120.8956,107.0,1.0,0.2770233154296875,0.9740842743045993,0.2823295593261719,157.49173771466403,35.91335899805454,5.143694709327567,298.60760498046875,0.0,0.0,False,,-13.17863339153957,False,
negative,/mnt/MammoDiffusion/MammoDiffusion/experiments/diffusers/02_sd21_filtered_100steps/generated_images/final/negative/gen_0278.png,gen_0278.png,25.7912,3.0,2.0,0.7720413208007812,0.9999950589467651,0.764556884765625,148.42743384025866,24.391150549974927,6.375060732931778,222.0252685546875,0.0,0.0,False,,-7.73683126100813,True,1301.0
negative,/mnt/MammoDiffusion/MammoDiffusion/experiments/diffusers/02_sd21_filtered_100steps/generated_images/final/negative/gen_0279.png,gen_0279.png,57.7912,35.0,2.0,0.7727241516113281,0.9954878680917236,0.7698402404785156,127.03326412598051,43.61017529037686,7.185327284012029,911.5607299804688,0.0,0.0,False,,-7.970094775642267,False,
negative,/mnt/MammoDiffusion/MammoDiffusion/experiments/diffusers/02_sd21_filtered_100steps/generated_images/final/negative/gen_0280.png,gen_0280.png,60.8956,47.0,1.0,0.6391105651855469,0.9981616220700852,0.6340255737304688,137.385984862159,38.76824651354154,6.081092502754502,796.48291015625,0.0,0.0,False,,-4.919636361081873,True,121.0
negative,/mnt/MammoDiffusion/MammoDiffusion/experiments/diffusers/02_sd21_filtered_100steps/generated_images/final/negative/gen_0281.png,gen_0281.png,195.0,117.0,18.0,0.048847198486328125,0.23443967200312377,0.012325286865234375,203.15506035283195,7.932306347297865,6.456987732809514,815.8111572265625,0.0,0.0,True,too_empty,,False,
negative,/mnt/MammoDiffusion/MammoDiffusion/experiments/diffusers/02_sd21_filtered_100steps/generated_images/final/negative/gen_0282.png,gen_0282.png,73.8956,60.0,1.0,0.5256538391113281,1.0,0.5200004577636719,163.51491031801342,22.47355738656321,5.521462204881534,199.7294921875,0.0,0.0,False,,-5.7627530917897225,True,364.0
negative,/mnt/MammoDiffusion/MammoDiffusion/experiments/diffusers/02_sd21_filtered_100steps/generated_images/final/negative/gen_0283.png,gen_0283.png,193.0,190.0,1.0,0.030376434326171875,0.3268868516890619,0.00943756103515625,207.69037995149554,9.610078561631523,5.045690236200078,702.4922485351562,0.0,0.0,True,too_empty,,False,
negative,/mnt/MammoDiffusion/MammoDiffusion/experiments/diffusers/02_sd21_filtered_100steps/generated_images/final/negative/gen_0284.png,gen_0284.png,124.8956,111.0,1.0,0.6342926025390625,0.987009550386105,0.625762939453125,153.08463789319677,19.895280112020046,6.38385029236758,160.5721893310547,0.0,0.0,False,,-11.211773467099075,False,
negative,/mnt/MammoDiffusion/MammoDiffusion/experiments/diffusers/02_sd21_filtered_100steps/generated_images/final/negative/gen_0285.png,gen_0285.png,211.0,101.0,21.0,0.04863739013671875,0.8509019607843137,0.041507720947265625,222.44352541126736,10.084604635478412,7.216363382208325,377.38079833984375,0.0,0.0,True,too_empty,,False,
negative,/mnt/MammoDiffusion/MammoDiffusion/experiments/diffusers/02_sd21_filtered_100steps/generated_images/final/negative/gen_0286.png,gen_0286.png,131.8956,118.0,1.0,0.4241142272949219,0.9871918257944396,0.4422454833984375,161.14254908049546,26.911999250069016,5.589939154458595,294.2786865234375,0.0,0.0,False,,-8.817944254550374,False,
negative,/mnt/MammoDiffusion/MammoDiffusion/experiments/diffusers/02_sd21_filtered_100steps/generated_images/final/negative/gen_0287.png,gen_0287.png,25.8956,12.0,1.0,0.7950325012207031,0.9984501926463321,0.7827568054199219,131.40422037574015,36.27044789101645,6.7352403935908765,849.3424682617188,0.0,0.0,False,,-6.467621430703932,True,657.0
negative,/mnt/MammoDiffusion/MammoDiffusion/experiments/diffusers/02_sd21_filtered_100steps/generated_images/final/negative/gen_0288.png,gen_0288.png,109.8956,96.0,1.0,0.556884765625,0.9932047347654538,0.5596656799316406,151.40113691356595,30.072378239401814,6.410559849053371,401.77496337890625,0.0,0.0,False,,-7.539955854059636,True,1198.0
negative,/mnt/MammoDiffusion/MammoDiffusion/experiments/diffusers/02_sd21_filtered_100steps/generated_images/final/negative/gen_0289.png,gen_0289.png,59.8956,46.0,1.0,0.7274284362792969,0.9954586215395588,0.719573974609375,166.59649476228847,26.73571412201575,6.336789535041485,256.3975524902344,0.0,0.0,False,,-8.341646507566448,False,
negative,/mnt/MammoDiffusion/MammoDiffusion/experiments/diffusers/02_sd21_filtered_100steps/generated_images/final/negative/gen_0290.png,gen_0290.png,73.8956,60.0,1.0,0.7187004089355469,0.9988535214407414,0.7120246887207031,132.33596031137995,27.808173865092,6.089929573823425,115.25617980957031,0.0,0.0,False,,-6.382642653814528,True,609.0
negative,/mnt/MammoDiffusion/MammoDiffusion/experiments/diffusers/02_sd21_filtered_100steps/generated_images/final/negative/gen_0291.png,gen_0291.png,98.8956,85.0,1.0,0.3557701110839844,0.9972336296280412,0.3494300842285156,162.78202203032717,27.103438855412833,4.859155631855126,217.29774475097656,0.0,0.0,False,,-4.375710820441672,True,41.0
negative,/mnt/MammoDiffusion/MammoDiffusion/experiments/diffusers/02_sd21_filtered_100steps/generated_images/final/negative/gen_0292.png,gen_0292.png,174.8956,161.0,1.0,0.099212646484375,0.8315133804983083,0.08270263671875,208.42928966789668,18.41122060943751,5.714859120712173,603.852294921875,0.0,0.0,True,too_empty,,False,
negative,/mnt/MammoDiffusion/MammoDiffusion/experiments/diffusers/02_sd21_filtered_100steps/generated_images/final/negative/gen_0293.png,gen_0293.png,10.0,0.0,0.0,0.8173713684082031,0.9983805403488138,0.8046417236328125,156.91508637854852,23.866949826674656,6.10633424068504,415.61614990234375,0.0,0.0,False,,-7.384981858736829,True,1117.0
negative,/mnt/MammoDiffusion/MammoDiffusion/experiments/diffusers/02_sd21_filtered_100steps/generated_images/final/negative/gen_0294.png,gen_0294.png,140.8956,127.0,1.0,0.20880126953125,0.7941026015784858,0.17144393920898438,176.72445097123023,31.293632014941192,5.44732409547232,413.8509521484375,0.0,0.0,False,,-82.91115239930316,False,
negative,/mnt/MammoDiffusion/MammoDiffusion/experiments/diffusers/02_sd21_filtered_100steps/generated_images/final/negative/gen_0295.png,gen_0295.png,64.0,59.0,0.0,0.5981864929199219,0.9999362289635293,0.5920066833496094,158.75968967272587,26.074983197921068,5.461466856486457,170.16998291015625,0.0,0.0,False,,-5.935851351701185,True,426.0
negative,/mnt/MammoDiffusion/MammoDiffusion/experiments/diffusers/02_sd21_filtered_100steps/generated_images/final/negative/gen_0296.png,gen_0296.png,51.6868,20.0,3.0,0.6406021118164062,0.9957422735663669,0.6598625183105469,113.56745616519925,50.38807729898728,7.192259227790229,1545.02685546875,0.0,0.0,False,,-8.105898435176803,False,
negative,/mnt/MammoDiffusion/MammoDiffusion/experiments/diffusers/02_sd21_filtered_100steps/generated_images/final/negative/gen_0297.png,gen_0297.png,61.7912,39.0,2.0,0.6057891845703125,0.9980730963955567,0.5988044738769531,171.4496442063285,21.668774780885276,6.136317334825446,309.1561279296875,0.0,0.0,False,,-6.65229855956826,True,739.0
negative,/mnt/MammoDiffusion/MammoDiffusion/experiments/diffusers/02_sd21_filtered_100steps/generated_images/final/negative/gen_0298.png,gen_0298.png,31.7912,9.0,2.0,0.6018638610839844,0.9967358580256694,0.6020317077636719,109.94477217572029,54.282008683132254,7.07187740987866,1742.4423828125,0.0,0.0,False,,-7.644432924965381,True,1250.0
negative,/mnt/MammoDiffusion/MammoDiffusion/experiments/diffusers/02_sd21_filtered_100steps/generated_images/final/negative/gen_0299.png,gen_0299.png,48.7912,26.0,2.0,0.6804733276367188,0.9983126100167057,0.6733169555664062,161.6975060337892,23.125589922459476,6.399058752584428,355.77972412109375,0.0,0.0,False,,-6.975262945288882,True,896.0
negative,/mnt/MammoDiffusion/MammoDiffusion/experiments/diffusers/02_sd21_filtered_100steps/generated_images/final/negative/gen_0300.png,gen_0300.png,47.7912,25.0,2.0,0.48197174072265625,0.9974831019581151,0.4762382507324219,166.67648166096618,29.90867693012867,6.063415417103411,497.14044189453125,0.0,0.0,False,,-5.210042013494011,True,198.0
negative,/mnt/MammoDiffusion/MammoDiffusion/experiments/diffusers/02_sd21_filtered_100steps/generated_images/final/negative/gen_0301.png,gen_0301.png,60.8956,47.0,1.0,0.8020668029785156,0.9986207355759856,0.7943305969238281,155.17916332499317,24.52053605302951,6.285939524522677,343.4835510253906,0.0,0.0,False,,-7.40637030075406,True,1122.0
negative,/mnt/MammoDiffusion/MammoDiffusion/experiments/diffusers/02_sd21_filtered_100steps/generated_images/final/negative/gen_0302.png,gen_0302.png,117.7912,95.0,2.0,0.22691726684570312,0.9202319912583005,0.20927047729492188,166.30554694762938,38.76210686012003,5.705707512607711,628.4949340820312,0.0,0.0,False,,-34.145371659475416,False,
negative,/mnt/MammoDiffusion/MammoDiffusion/experiments/diffusers/02_sd21_filtered_100steps/generated_images/final/negative/gen_0303.png,gen_0303.png,130.6868,99.0,3.0,0.6439399719238281,0.9911021592962294,0.6393775939941406,154.89981444910475,22.230065498418277,6.825750628481686,158.8668212890625,0.0,0.0,False,,-10.033453624457769,False,
negative,/mnt/MammoDiffusion/MammoDiffusion/experiments/diffusers/02_sd21_filtered_100steps/generated_images/final/negative/gen_0304.png,gen_0304.png,220.0,90.0,80.0,0.3243064880371094,0.9787214021055108,0.3168983459472656,233.02301590167684,18.145521541505534,6.691455859906801,1042.51953125,0.0,0.0,False,,-14.720995927039752,False,
negative,/mnt/MammoDiffusion/MammoDiffusion/experiments/diffusers/02_sd21_filtered_100steps/generated_images/final/negative/gen_0305.png,gen_0305.png,57.7912,35.0,2.0,0.36206817626953125,0.9941315295952126,0.3833465576171875,115.45770807626478,51.73292278345218,6.238400362609265,1164.427001953125,0.0,0.0,False,,-5.6774343960630995,True,334.0
negative,/mnt/MammoDiffusion/MammoDiffusion/experiments/diffusers/02_sd21_filtered_100steps/generated_images/final/negative/gen_0306.png,gen_0306.png,136.6868,105.0,3.0,0.24730300903320312,0.9810115843218313,0.25745391845703125,167.8085049636983,27.4709450946092,6.107891648390684,141.26913452148438,0.0,0.0,False,,-12.378841344437554,False,
negative,/mnt/MammoDiffusion/MammoDiffusion/experiments/diffusers/02_sd21_filtered_100steps/generated_images/final/negative/gen_0307.png,gen_0307.png,97.7912,75.0,2.0,0.5276298522949219,0.9997252647941294,0.5218086242675781,169.82471543764484,21.64438994441685,6.070843874189953,154.3409423828125,0.0,0.0,False,,-6.351618270541818,True,597.0
negative,/mnt/MammoDiffusion/MammoDiffusion/experiments/diffusers/02_sd21_filtered_100steps/generated_images/final/negative/gen_0308.png,gen_0308.png,85.8956,72.0,1.0,0.5405769348144531,0.9979888362771595,0.5327110290527344,163.35483755469147,22.422204826521316,5.205201894806172,208.4956817626953,0.0,0.0,False,,-5.4005322903569875,True,243.0
negative,/mnt/MammoDiffusion/MammoDiffusion/experiments/diffusers/02_sd21_filtered_100steps/generated_images/final/negative/gen_0309.png,gen_0309.png,220.0,69.0,59.0,0.0983734130859375,0.5318752908329456,0.0514068603515625,252.49243098842388,15.042110248672424,7.2557009236648256,1266.75439453125,0.0,0.0,True,too_empty,,False,
negative,/mnt/MammoDiffusion/MammoDiffusion/experiments/diffusers/02_sd21_filtered_100steps/generated_images/final/negative/gen_0310.png,gen_0310.png,99.8956,86.0,1.0,0.538421630859375,0.9997024315592586,0.5325279235839844,169.9743837706574,26.066782465257578,5.9646055822966355,227.74969482421875,0.0,0.0,False,,-5.99261680146783,True,453.0
negative,/mnt/MammoDiffusion/MammoDiffusion/experiments/diffusers/02_sd21_filtered_100steps/generated_images/final/negative/gen_0311.png,gen_0311.png,22.8956,9.0,1.0,0.68060302734375,0.9981840193704601,0.6730880737304688,145.41006880291988,28.291889722368953,6.3176954943582615,286.3880615234375,0.0,0.0,False,,-6.481500017070525,True,666.0
negative,/mnt/MammoDiffusion/MammoDiffusion/experiments/diffusers/02_sd21_filtered_100steps/generated_images/final/negative/gen_0312.png,gen_0312.png,79.7912,57.0,2.0,0.5312004089355469,0.9840001149004316,0.5596542358398438,127.18927816781405,43.981493227695005,6.5457589283820035,957.7023315429688,0.0,0.0,False,,-10.452385000077463,False,
negative,/mnt/MammoDiffusion/MammoDiffusion/experiments/diffusers/02_sd21_filtered_100steps/generated_images/final/negative/gen_0313.png,gen_0313.png,62.8956,49.0,1.0,0.8454437255859375,1.0,0.8368568420410156,149.73430669577942,24.754054214135543,6.42655361421489,268.0460205078125,0.0,0.0,False,,-8.212821087016286,False,
negative,/mnt/MammoDiffusion/MammoDiffusion/experiments/diffusers/02_sd21_filtered_100steps/generated_images/final/negative/gen_0314.png,gen_0314.png,73.7912,51.0,2.0,0.5907211303710938,0.9982305913957663,0.5836563110351562,168.50462085462934,22.991516482235607,6.180378267521066,308.4947509765625,0.0,0.0,False,,-6.4055015964957525,True,626.0
negative,/mnt/MammoDiffusion/MammoDiffusion/experiments/diffusers/02_sd21_filtered_100steps/generated_images/final/negative/gen_0315.png,gen_0315.png,15.8956,2.0,1.0,0.7930450439453125,1.0,0.7857818603515625,151.15805289628523,20.389332587206656,5.978025721213144,186.7447509765625,0.0,0.0,False,,-7.856035957787878,True,1351.0
negative,/mnt/MammoDiffusion/MammoDiffusion/experiments/diffusers/02_sd21_filtered_100steps/generated_images/final/negative/gen_0316.png,gen_0316.png,157.7912,135.0,2.0,0.14410400390625,0.4846728081321474,0.0668182373046875,210.90819821877142,20.870905063385862,5.1235032331948664,306.0094299316406,0.0,0.0,True,too_empty,,False,
negative,/mnt/MammoDiffusion/MammoDiffusion/experiments/diffusers/02_sd21_filtered_100steps/generated_images/final/negative/gen_0317.png,gen_0317.png,210.0,37.0,22.0,0.0492095947265625,0.6722480620155039,0.0336456298828125,225.22596371882085,9.986491183464482,7.440079297643385,1258.8170166015625,0.0,0.0,True,too_empty,,False,
negative,/mnt/MammoDiffusion/MammoDiffusion/experiments/diffusers/02_sd21_filtered_100steps/generated_images/final/negative/gen_0318.png,gen_0318.png,74.7912,52.0,2.0,0.6616058349609375,0.9999827025531032,0.6559791564941406,153.02773303248992,24.69248918182078,6.342450452586821,335.1599426269531,0.0,0.0,False,,-6.885842659609656,True,841.0
negative,/mnt/MammoDiffusion/MammoDiffusion/experiments/diffusers/02_sd21_filtered_100steps/generated_images/final/negative/gen_0319.png,gen_0319.png,60.8956,47.0,1.0,0.6881828308105469,0.9872507663398059,0.6896400451660156,115.14115109107503,43.94358534482882,6.616823263266948,762.45703125,0.0,0.0,False,,-9.683722828186664,False,
negative,/mnt/MammoDiffusion/MammoDiffusion/experiments/diffusers/02_sd21_filtered_100steps/generated_images/final/negative/gen_0320.png,gen_0320.png,69.8956,56.0,1.0,0.5011825561523438,1.0,0.4952850341796875,175.33224991527774,22.867198617883624,5.595912065265207,122.94654846191406,0.0,0.0,False,,-5.947399204885342,True,430.0
negative,/mnt/MammoDiffusion/MammoDiffusion/experiments/diffusers/02_sd21_filtered_100steps/generated_images/final/negative/gen_0321.png,gen_0321.png,111.7912,89.0,2.0,0.4485054016113281,0.9972527706191048,0.4418373107910156,167.44231383552773,24.311909932328838,5.8011602222176135,263.8077087402344,0.0,0.0,False,,-5.467522731853461,True,255.0
negative,/mnt/MammoDiffusion/MammoDiffusion/experiments/diffusers/02_sd21_filtered_100steps/generated_images/final/negative/gen_0322.png,gen_0322.png,93.7912,71.0,2.0,0.420623779296875,1.0,0.4152488708496094,173.02662257131047,20.920975272561655,5.73943638208487,106.47523498535156,0.0,0.0,False,,-5.61454773935062,True,311.0
negative,/mnt/MammoDiffusion/MammoDiffusion/experiments/diffusers/02_sd21_filtered_100steps/generated_images/final/negative/gen_0323.png,gen_0323.png,48.8956,35.0,1.0,0.684814453125,0.9988190730837789,0.6816635131835938,105.42292970105319,47.319407994495535,6.3457710389522575,938.1380615234375,0.0,0.0,False,,-5.290449750169179,True,215.0
negative,/mnt/MammoDiffusion/MammoDiffusion/experiments/diffusers/02_sd21_filtered_100steps/generated_images/final/negative/gen_0324.png,gen_0324.png,53.8956,40.0,1.0,0.75408935546875,0.9985380412788345,0.7467880249023438,158.1623468835242,25.843747588413443,6.510750584268531,367.1802978515625,0.0,0.0,False,,-7.256846442347495,True,1049.0
negative,/mnt/MammoDiffusion/MammoDiffusion/experiments/diffusers/02_sd21_filtered_100steps/generated_images/final/negative/gen_0325.png,gen_0325.png,104.8956,91.0,1.0,0.6546592712402344,0.9969116918684264,0.6610527038574219,148.0588259055577,30.51592239241444,6.199743628494235,441.86431884765625,0.0,0.0,False,,-6.503622759832525,True,677.0
negative,/mnt/MammoDiffusion/MammoDiffusion/experiments/diffusers/02_sd21_filtered_100steps/generated_images/final/negative/gen_0326.png,gen_0326.png,103.7912,81.0,2.0,0.49652862548828125,0.9975184769748467,0.4908256530761719,159.81587353400639,26.40768823587012,6.016455898773515,390.80523681640625,0.0,0.0,False,,-5.46430988865298,True,254.0
negative,/mnt/MammoDiffusion/MammoDiffusion/experiments/diffusers/02_sd21_filtered_100steps/generated_images/final/negative/gen_0327.png,gen_0327.png,62.6868,31.0,3.0,0.5690383911132812,0.9945431387008111,0.6092109680175781,119.46844415501468,50.51590711281428,7.153532188986391,1461.1837158203125,0.0,0.0,False,,-8.185395583996451,False,
negative,/mnt/MammoDiffusion/MammoDiffusion/experiments/diffusers/02_sd21_filtered_100steps/generated_images/final/negative/gen_0328.png,gen_0328.png,57.8956,44.0,1.0,0.8380622863769531,0.9983203834441698,0.8409881591796875,116.9107230336569,43.25494073186629,7.053365763515478,879.5546264648438,0.0,0.0,False,,-7.024445275716333,True,917.0
negative,/mnt/MammoDiffusion/MammoDiffusion/experiments/diffusers/02_sd21_filtered_100steps/generated_images/final/negative/gen_0329.png,gen_0329.png,10.0,0.0,0.0,0.8839492797851562,0.9987398693261753,0.8769416809082031,141.98316984579247,35.31265600237256,6.755135328470235,845.679931640625,0.0,0.0,False,,-7.243122395858187,True,1041.0
negative,/mnt/MammoDiffusion/MammoDiffusion/experiments/diffusers/02_sd21_filtered_100steps/generated_images/final/negative/gen_0330.png,gen_0330.png,79.0,74.0,0.0,0.3916740417480469,0.9966593620647675,0.3860511779785156,169.68589243189297,26.60431318101353,4.500031933673128,322.8465270996094,0.0,0.0,False,,-4.05217799816337,True,18.0
negative,/mnt/MammoDiffusion/MammoDiffusion/experiments/diffusers/02_sd21_filtered_100steps/generated_images/final/negative/gen_0331.png,gen_0331.png,191.0,90.0,13.0,0.04974365234375,0.807898773006135,0.04041290283203125,211.30111383802154,13.082035373177598,6.923262597863314,1249.6842041015625,0.0,0.0,True,too_empty,,False,
negative,/mnt/MammoDiffusion/MammoDiffusion/experiments/diffusers/02_sd21_filtered_100steps/generated_images/final/negative/gen_0332.png,gen_0332.png,55.7912,33.0,2.0,0.5769271850585938,1.0,0.5709877014160156,161.6733853996165,23.302308425387547,6.278015859571417,260.44342041015625,0.0,0.0,False,,-6.589958278453274,True,707.0
negative,/mnt/MammoDiffusion/MammoDiffusion/experiments/diffusers/02_sd21_filtered_100steps/generated_images/final/negative/gen_0333.png,gen_0333.png,156.8956,143.0,1.0,0.116302490234375,0.8476121752820782,0.1002655029296875,193.8999771724243,23.53303551312745,6.43735550715839,889.1717529296875,0.0,0.0,True,too_empty,,False,
negative,/mnt/MammoDiffusion/MammoDiffusion/experiments/diffusers/02_sd21_filtered_100steps/generated_images/final/negative/gen_0334.png,gen_0334.png,114.7912,92.0,2.0,0.28354644775390625,0.9449482039553343,0.3002204895019531,149.64198676001575,36.773531018416946,5.459593825743102,490.4927978515625,0.0,0.0,False,,-23.941770207474946,False,
negative,/mnt/MammoDiffusion/MammoDiffusion/experiments/diffusers/02_sd21_filtered_100steps/generated_images/final/negative/gen_0335.png,gen_0335.png,45.8956,32.0,1.0,0.7437782287597656,1.0,0.73748779296875,152.56686563767278,26.291093169550336,6.439831728257827,277.0855407714844,0.0,0.0,False,,-7.508204189635985,True,1184.0
negative,/mnt/MammoDiffusion/MammoDiffusion/experiments/diffusers/02_sd21_filtered_100steps/generated_images/final/negative/gen_0336.png,gen_0336.png,75.8956,62.0,1.0,0.34597015380859375,0.9427635786270315,0.3992729187011719,118.26635902433432,49.14591306881852,5.73868424670684,817.8663940429688,0.0,0.0,False,,-24.26853167968562,False,
negative,/mnt/MammoDiffusion/MammoDiffusion/experiments/diffusers/02_sd21_filtered_100steps/generated_images/final/negative/gen_0337.png,gen_0337.png,130.8956,117.0,1.0,0.150909423828125,0.7500758341759353,0.11159133911132812,190.33815335179298,25.98214098814739,6.390036348627929,945.8773803710938,0.0,0.0,False,,-101.31020609368765,False,
negative,/mnt/MammoDiffusion/MammoDiffusion/experiments/diffusers/02_sd21_filtered_100steps/generated_images/final/negative/gen_0338.png,gen_0338.png,86.8956,73.0,1.0,0.664703369140625,0.9985767411964557,0.6581497192382812,155.22609401263549,34.13941965032596,6.473678348388825,481.9399719238281,0.0,0.0,False,,-5.961967167370633,True,435.0
negative,/mnt/MammoDiffusion/MammoDiffusion/experiments/diffusers/02_sd21_filtered_100steps/generated_images/final/negative/gen_0339.png,gen_0339.png,26.7912,4.0,2.0,0.807159423828125,0.9981993648153049,0.8017158508300781,150.66699498013466,27.117973820529873,6.586971107190017,501.8631591796875,0.0,0.0,False,,-7.441626698317214,True,1141.0
negative,/mnt/MammoDiffusion/MammoDiffusion/experiments/diffusers/02_sd21_filtered_100steps/generated_images/final/negative/gen_0340.png,gen_0340.png,10.0,0.0,0.0,0.9273490905761719,0.99921842541516,0.920318603515625,80.95241569121598,52.69190674785868,7.1277186117255145,1211.4110107421875,0.0,0.0,False,,-8.151350741363679,False,
negative,/mnt/MammoDiffusion/MammoDiffusion/experiments/diffusers/02_sd21_filtered_100steps/generated_images/final/negative/gen_0341.png,gen_0341.png,196.0,183.0,6.0,0.048313140869140625,0.39099881563363603,0.018939971923828125,210.197583081571,11.40711577178968,6.81094136004196,1143.603271484375,0.0,0.0,True,too_empty,,False,
negative,/mnt/MammoDiffusion/MammoDiffusion/experiments/diffusers/02_sd21_filtered_100steps/generated_images/final/negative/gen_0342.png,gen_0342.png,20.8956,7.0,1.0,0.7898063659667969,0.9985172162304449,0.7837753295898438,151.05118708082273,26.5789801759785,6.316131381018948,653.2802734375,0.0,0.0,False,,-6.805295298615037,True,809.0
negative,/mnt/MammoDiffusion/MammoDiffusion/experiments/diffusers/02_sd21_filtered_100steps/generated_images/final/negative/gen_0343.png,gen_0343.png,92.7912,70.0,2.0,0.4668846130371094,0.9847619514506786,0.498748779296875,136.32847396438842,41.11362879828767,6.530475719246025,792.7179565429688,0.0,0.0,False,,-9.526424523754311,False,
negative,/mnt/MammoDiffusion/MammoDiffusion/experiments/diffusers/02_sd21_filtered_100steps/generated_images/final/negative/gen_0344.png,gen_0344.png,10.0,0.0,0.0,0.8342247009277344,0.9981800472821887,0.8250007629394531,143.08721545852617,24.037158231571784,6.068322342226335,492.38507080078125,0.0,0.0,False,,-7.212186483786262,True,1016.0
negative,/mnt/MammoDiffusion/MammoDiffusion/experiments/diffusers/02_sd21_filtered_100steps/generated_images/final/negative/gen_0345.png,gen_0345.png,89.8956,76.0,1.0,0.5357131958007812,0.997664383269009,0.54412841796875,145.59015703869883,39.323217410496774,6.317123728615266,845.9813232421875,0.0,0.0,False,,-4.89364013938549,True,117.0
negative,/mnt/MammoDiffusion/MammoDiffusion/experiments/diffusers/02_sd21_filtered_100steps/generated_images/final/negative/gen_0346.png,gen_0346.png,121.7912,99.0,2.0,0.3987464904785156,0.9954653732457022,0.3954658508300781,169.3750397901012,32.430873456395354,5.7328867791275915,359.0741271972656,0.0,0.0,False,,-5.245499459782287,True,206.0
negative,/mnt/MammoDiffusion/MammoDiffusion/experiments/diffusers/02_sd21_filtered_100steps/generated_images/final/negative/gen_0347.png,gen_0347.png,39.7912,17.0,2.0,0.5224342346191406,0.9975758106795762,0.5298690795898438,103.78669133633785,49.962233139675284,6.819507082318653,1560.0391845703125,0.0,0.0,False,,-6.041959105668607,True,473.0
negative,/mnt/MammoDiffusion/MammoDiffusion/experiments/diffusers/02_sd21_filtered_100steps/generated_images/final/negative/gen_0348.png,gen_0348.png,140.8956,127.0,1.0,0.20875167846679688,0.8094768196188075,0.18828964233398438,175.0151340181122,30.569529176620936,4.899997347945361,273.7369689941406,0.0,0.0,False,,-76.69531500277955,False,
negative,/mnt/MammoDiffusion/MammoDiffusion/experiments/diffusers/02_sd21_filtered_100steps/generated_images/final/negative/gen_0349.png,gen_0349.png,50.7912,28.0,2.0,0.5915489196777344,0.9964854808442585,0.5795936584472656,136.2976891738023,41.617482129086206,6.6411769328907955,1128.57861328125,0.0,0.0,False,,-6.190092607164474,True,535.0
negative,/mnt/MammoDiffusion/MammoDiffusion/experiments/diffusers/02_sd21_filtered_100steps/generated_images/final/negative/gen_0350.png,gen_0350.png,194.0,167.0,10.0,0.049896240234375,0.7735474006116208,0.0409698486328125,210.27309124767226,12.211802543304756,6.714351933308108,805.4114379882812,0.0,0.0,True,too_empty,,False,
negative,/mnt/MammoDiffusion/MammoDiffusion/experiments/diffusers/02_sd21_filtered_100steps/generated_images/final/negative/gen_0351.png,gen_0351.png,128.0,123.0,0.0,0.14365386962890625,0.5586329597960593,0.07811737060546875,197.37503662467037,26.351741584489684,5.037538429045128,627.8751831054688,0.0,0.0,True,too_empty,,False,
negative,/mnt/MammoDiffusion/MammoDiffusion/experiments/diffusers/02_sd21_filtered_100steps/generated_images/final/negative/gen_0352.png,gen_0352.png,106.8956,93.0,1.0,0.23809432983398438,0.924393174717616,0.2265167236328125,155.62133715055575,43.06152607669317,5.124971165505723,534.9544067382812,0.0,0.0,False,,-32.078076910168974,False,
negative,/mnt/MammoDiffusion/MammoDiffusion/experiments/diffusers/02_sd21_filtered_100steps/generated_images/final/negative/gen_0353.png,gen_0353.png,47.8956,34.0,1.0,0.7663688659667969,1.0,0.7595100402832031,167.8987197452549,21.474631468421105,6.048701595063396,78.00438690185547,0.0,0.0,False,,-8.118739944824682,False,
negative,/mnt/MammoDiffusion/MammoDiffusion/experiments/diffusers/02_sd21_filtered_100steps/generated_images/final/negative/gen_0354.png,gen_0354.png,190.0,178.0,6.0,0.04177093505859375,0.35114155251141554,0.012393951416015625,200.8781163434903,9.61412687355376,6.557593930239719,701.1707763671875,0.0,0.0,True,too_empty,,False,
negative,/mnt/MammoDiffusion/MammoDiffusion/experiments/diffusers/02_sd21_filtered_100steps/generated_images/final/negative/gen_0355.png,gen_0355.png,55.8956,42.0,1.0,0.7968559265136719,0.9985638443015735,0.80108642578125,116.36280476190475,47.33634580963661,6.986086211943849,1164.3695068359375,0.0,0.0,False,,-7.193806609510267,True,1007.0
negative,/mnt/MammoDiffusion/MammoDiffusion/experiments/diffusers/02_sd21_filtered_100steps/generated_images/final/negative/gen_0356.png,gen_0356.png,88.7912,66.0,2.0,0.45868682861328125,0.9973470168493538,0.4721946716308594,147.78100385351786,43.32770955290752,6.312751246370606,764.6090698242188,0.0,0.0,False,,-4.670576588277869,True,81.0
negative,/mnt/MammoDiffusion/MammoDiffusion/experiments/diffusers/02_sd21_filtered_100steps/generated_images/final/negative/gen_0357.png,gen_0357.png,112.7912,90.0,2.0,0.2642021179199219,0.8921872969577961,0.2555198669433594,156.16978934953644,38.2653668355197,5.858899569017025,518.9527587890625,0.0,0.0,False,,-44.59820495601503,False,
negative,/mnt/MammoDiffusion/MammoDiffusion/experiments/diffusers/02_sd21_filtered_100steps/generated_images/final/negative/gen_0358.png,gen_0358.png,56.8956,43.0,1.0,0.745361328125,0.9983929741238127,0.7380256652832031,157.65253864960277,28.850000345165867,6.583619692617779,569.27001953125,0.0,0.0,False,,-6.875388350793342,True,838.0
negative,/mnt/MammoDiffusion/MammoDiffusion/experiments/diffusers/02_sd21_filtered_100steps/generated_images/final/negative/gen_0359.png,gen_0359.png,207.0,112.0,14.0,0.049434661865234375,0.6664094451732386,0.02004241943359375,215.55938332698895,7.2809330179132825,6.241115876450616,601.3737182617188,0.0,0.0,True,too_empty,,False,
negative,/mnt/MammoDiffusion/MammoDiffusion/experiments/diffusers/02_sd21_filtered_100steps/generated_images/final/negative/gen_0360.png,gen_0360.png,63.7912,41.0,2.0,0.6115570068359375,0.9982721624791038,0.6064453125,163.60146814613526,29.278009656477483,6.618070438320757,614.887451171875,0.0,0.0,False,,-6.082925528478617,True,487.0
negative,/mnt/MammoDiffusion/MammoDiffusion/experiments/diffusers/02_sd21_filtered_100steps/generated_images/final/negative/gen_0361.png,gen_0361.png,69.0,64.0,0.0,0.736572265625,0.9999533891282731,0.7302284240722656,141.32277915632756,29.754537496223172,6.160147488830441,228.57864379882812,0.0,0.0,False,,-6.885131434905631,True,840.0
negative,/mnt/MammoDiffusion/MammoDiffusion/experiments/diffusers/02_sd21_filtered_100steps/generated_images/final/negative/gen_0362.png,gen_0362.png,65.8956,52.0,1.0,0.5316886901855469,0.9962978640971739,0.5554008483886719,112.91720869535355,44.939042169748184,6.277613614541348,1066.1209716796875,0.0,0.0,False,,-5.474926772322426,True,260.0
negative,/mnt/MammoDiffusion/MammoDiffusion/experiments/diffusers/02_sd21_filtered_100steps/generated_images/final/negative/gen_0363.png,gen_0363.png,220.0,238.0,0.0,0.3968505859375,0.9661258074438634,0.37722015380859375,236.88641465930465,14.449349904182299,5.800145036464048,985.462158203125,0.0,0.0,False,,-18.52945426543337,False,
negative,/mnt/MammoDiffusion/MammoDiffusion/experiments/diffusers/02_sd21_filtered_100steps/generated_images/final/negative/gen_0364.png,gen_0364.png,137.8956,124.0,1.0,0.16346359252929688,0.7562483956033699,0.12717819213867188,185.59770838957377,31.323139055828616,4.916765060560543,367.6311340332031,0.0,0.0,False,,-97.34020709408588,False,
negative,/mnt/MammoDiffusion/MammoDiffusion/experiments/diffusers/02_sd21_filtered_100steps/generated_images/final/negative/gen_0365.png,gen_0365.png,61.0,56.0,0.0,0.6064987182617188,0.9999937102962451,0.6004447937011719,154.77252021880142,30.298605907935553,5.622100140115447,178.0784454345703,0.0,0.0,False,,-5.842802702288644,True,388.0
negative,/mnt/MammoDiffusion/MammoDiffusion/experiments/diffusers/02_sd21_filtered_100steps/generated_images/final/negative/gen_0366.png,gen_0366.png,102.47800000000001,53.0,5.0,0.3231925964355469,0.8535580656964461,0.3088226318359375,149.0714462176985,44.22737231532678,7.083126472178252,1191.0228271484375,0.0,0.0,False,,-60.458038657559975,False,
negative,/mnt/MammoDiffusion/MammoDiffusion/experiments/diffusers/02_sd21_filtered_100steps/generated_images/final/negative/gen_0367.png,gen_0367.png,54.6868,23.0,3.0,0.6799850463867188,0.9977167412792981,0.6746025085449219,151.38870636666422,27.802813820122026,6.622892428494843,591.23486328125,0.0,0.0,False,,-6.654060329336395,True,740.0
negative,/mnt/MammoDiffusion/MammoDiffusion/experiments/diffusers/02_sd21_filtered_100steps/generated_images/final/negative/gen_0368.png,gen_0368.png,91.8956,78.0,1.0,0.6013679504394531,0.996961527482635,0.6252288818359375,136.1297437461867,36.85728275723428,6.4922035984987865,679.93212890625,0.0,0.0,False,,-5.623458896315871,True,316.0
negative,/mnt/MammoDiffusion/MammoDiffusion/experiments/diffusers/02_sd21_filtered_100steps/generated_images/final/negative/gen_0369.png,gen_0369.png,111.7912,89.0,2.0,0.5156745910644531,0.9973295063655395,0.5084114074707031,179.38024565378873,21.365645946354224,5.968357633597113,325.6109619140625,0.0,0.0,False,,-6.3157761414562135,True,585.0
negative,/mnt/MammoDiffusion/MammoDiffusion/experiments/diffusers/02_sd21_filtered_100steps/generated_images/final/negative/gen_0370.png,gen_0370.png,31.7912,9.0,2.0,0.5718536376953125,0.9980588094031005,0.5652923583984375,157.24404135287608,25.080782175239015,6.062687487817278,367.57550048828125,0.0,0.0,False,,-5.85825706326903,True,400.0
negative,/mnt/MammoDiffusion/MammoDiffusion/experiments/diffusers/02_sd21_filtered_100steps/generated_images/final/negative/gen_0371.png,gen_0371.png,148.7912,126.0,2.0,0.3430328369140625,0.9819959076553534,0.3328666687011719,181.91427818333926,16.825049908200235,5.89557368335403,172.2623291015625,0.0,0.0,False,,-12.095975616956178,False,
negative,/mnt/MammoDiffusion/MammoDiffusion/experiments/diffusers/02_sd21_filtered_100steps/generated_images/final/negative/gen_0372.png,gen_0372.png,67.7912,45.0,2.0,0.5636253356933594,0.9999796955688963,0.5577201843261719,165.61633482213088,26.10675853454323,6.104374766586342,166.28948974609375,0.0,0.0,False,,-6.389100882220988,True,616.0
negative,/mnt/MammoDiffusion/MammoDiffusion/experiments/diffusers/02_sd21_filtered_100steps/generated_images/final/negative/gen_0373.png,gen_0373.png,10.0,0.0,0.0,0.8477363586425781,0.9981370568197669,0.8421363830566406,152.68480845801568,25.089612074577392,6.026487622376732,423.47088623046875,0.0,0.0,False,,-7.5123677591199165,True,1186.0
negative,/mnt/MammoDiffusion/MammoDiffusion/experiments/diffusers/02_sd21_filtered_100steps/generated_images/final/negative/gen_0374.png,gen_0374.png,75.8956,62.0,1.0,0.5893096923828125,0.9980709976437689,0.5825004577636719,163.611542970157,25.284730400656287,5.953506071005019,226.33798217773438,0.0,0.0,False,,-6.165874085094416,True,524.0
negative,/mnt/MammoDiffusion/MammoDiffusion/experiments/diffusers/02_sd21_filtered_100steps/generated_images/final/negative/gen_0375.png,gen_0375.png,220.0,136.0,94.0,0.16938018798828125,0.46858249628395116,0.0787200927734375,251.2557181624346,22.244131685014743,6.9556025249754265,1390.4559326171875,0.0,0.0,True,too_empty,,False,
negative,/mnt/MammoDiffusion/MammoDiffusion/experiments/diffusers/02_sd21_filtered_100steps/generated_images/final/negative/gen_0376.png,gen_0376.png,137.3736,79.0,6.0,0.23604583740234375,0.570800607647306,0.13705062866210938,189.04225234503298,27.361397698762485,7.06690920356933,1138.0946044921875,0.0,0.0,True,fragmented_mask,,False,
negative,/mnt/MammoDiffusion/MammoDiffusion/experiments/diffusers/02_sd21_filtered_100steps/generated_images/final/negative/gen_0377.png,gen_0377.png,173.3296,26.0,16.0,0.123626708984375,0.5117563564551962,0.06531524658203125,207.23916598528209,21.198090662447438,7.38361616473308,1405.441650390625,0.0,0.0,True,too_empty,,False,
negative,/mnt/MammoDiffusion/MammoDiffusion/experiments/diffusers/02_sd21_filtered_100steps/generated_images/final/negative/gen_0378.png,gen_0378.png,117.8956,104.0,1.0,0.24260330200195312,0.8030252999355315,0.21095657348632812,166.5531545541672,40.407811316480554,5.393778768130617,904.9783935546875,0.0,0.0,False,,-78.58502361563517,False,
negative,/mnt/MammoDiffusion/MammoDiffusion/experiments/diffusers/02_sd21_filtered_100steps/generated_images/final/negative/gen_0379.png,gen_0379.png,81.7912,59.0,2.0,0.810302734375,0.9969446746007834,0.8043212890625,147.61918064197906,32.31120366928904,6.958151583374685,605.91796875,0.0,0.0,False,,-7.7784078199474,True,1320.0
negative,/mnt/MammoDiffusion/MammoDiffusion/experiments/diffusers/02_sd21_filtered_100steps/generated_images/final/negative/gen_0380.png,gen_0380.png,93.5824,53.0,4.0,0.4823417663574219,0.9983312638896578,0.4759483337402344,176.36661937852156,22.158997093704397,6.391996847561124,496.2056884765625,0.0,0.0,False,,-5.7529612894736974,True,357.0
negative,/mnt/MammoDiffusion/MammoDiffusion/experiments/diffusers/02_sd21_filtered_100steps/generated_images/final/negative/gen_0381.png,gen_0381.png,82.7912,60.0,2.0,0.382476806640625,0.9791849517274396,0.4741554260253906,125.17398650007642,50.87298046288989,6.232764521331928,1016.4110717773438,0.0,0.0,False,,-11.850496323025173,False,
negative,/mnt/MammoDiffusion/MammoDiffusion/experiments/diffusers/02_sd21_filtered_100steps/generated_images/final/negative/gen_0382.png,gen_0382.png,102.8956,89.0,1.0,0.3573455810546875,0.9825995986165079,0.36576080322265625,145.8952462401702,38.00998407795447,5.080996468269703,319.0358581542969,0.0,0.0,False,,-8.98734614566157,False,
negative,/mnt/MammoDiffusion/MammoDiffusion/experiments/diffusers/02_sd21_filtered_100steps/generated_images/final/negative/gen_0383.png,gen_0383.png,26.7912,4.0,2.0,0.6233367919921875,0.9988005189591442,0.627532958984375,107.3172020133249,59.475645327016096,7.0321305867849535,1915.732177734375,0.0,0.0,False,,-7.484329521321408,True,1166.0
negative,/mnt/MammoDiffusion/MammoDiffusion/experiments/diffusers/02_sd21_filtered_100steps/generated_images/final/negative/gen_0384.png,gen_0384.png,125.8956,112.0,1.0,0.18545913696289062,0.7540983606557377,0.11080169677734375,190.66501411554086,35.10638095064644,5.42730922804306,615.0892944335938,0.0,0.0,False,,-98.25579809618878,False,
negative,/mnt/MammoDiffusion/MammoDiffusion/experiments/diffusers/02_sd21_filtered_100steps/generated_images/final/negative/gen_0385.png,gen_0385.png,144.0,139.0,0.0,0.13559341430664062,0.8246729497819665,0.11255645751953125,182.7760116586457,20.541540327913896,5.774053344951417,650.4102783203125,0.0,0.0,False,,-72.35638595950999,False,
negative,/mnt/MammoDiffusion/MammoDiffusion/experiments/diffusers/02_sd21_filtered_100steps/generated_images/final/negative/gen_0386.png,gen_0386.png,37.0,32.0,0.0,0.718994140625,0.9998832767402377,0.7149925231933594,155.88841760434508,34.844466442203846,6.338086864730361,498.4456787109375,0.0,0.0,False,,-6.53016874781722,True,686.0
negative,/mnt/MammoDiffusion/MammoDiffusion/experiments/diffusers/02_sd21_filtered_100steps/generated_images/final/negative/gen_0387.png,gen_0387.png,51.0,46.0,0.0,0.7184944152832031,0.9998938141428944,0.7120590209960938,160.36732168304206,20.687473019747873,5.552976068975768,162.4449462890625,0.0,0.0,False,,-7.136213668863861,True,967.0
negative,/mnt/MammoDiffusion/MammoDiffusion/experiments/diffusers/02_sd21_filtered_100steps/generated_images/final/negative/gen_0388.png,gen_0388.png,220.0,236.0,6.0,0.3581581115722656,0.9426769909148036,0.33620452880859375,241.43622211632288,12.135066667209973,6.310959221085709,1440.9404296875,0.0,0.0,False,,-28.945646381440703,False,
negative,/mnt/MammoDiffusion/MammoDiffusion/experiments/diffusers/02_sd21_filtered_100steps/generated_images/final/negative/gen_0389.png,gen_0389.png,27.7912,5.0,2.0,0.4017448425292969,0.9969614964629919,0.4017372131347656,110.07589756250415,58.19728280554171,6.1860519687578,1712.9088134765625,0.0,0.0,False,,-5.630198250663868,True,319.0
negative,/mnt/MammoDiffusion/MammoDiffusion/experiments/diffusers/02_sd21_filtered_100steps/generated_images/final/negative/gen_0390.png,gen_0390.png,68.0,63.0,0.0,0.5380516052246094,0.9977525222089091,0.5309600830078125,160.49372072305084,24.959039858548874,5.006884657695694,263.0066833496094,0.0,0.0,False,,-5.051322328914187,True,155.0
negative,/mnt/MammoDiffusion/MammoDiffusion/experiments/diffusers/02_sd21_filtered_100steps/generated_images/final/negative/gen_0391.png,gen_0391.png,148.95600000000002,55.0,10.0,0.16156768798828125,0.7719223686074514,0.1180572509765625,199.67962388522685,23.60685330646367,7.333379899635155,707.290771484375,0.0,0.0,False,,-93.75085255192545,False,
negative,/mnt/MammoDiffusion/MammoDiffusion/experiments/diffusers/02_sd21_filtered_100steps/generated_images/final/negative/gen_0392.png,gen_0392.png,220.0,31.0,22.0,0.0746917724609375,0.5787538304392237,0.0426483154296875,252.6798747763864,17.367997609118035,7.373155919332153,1421.536376953125,0.0,0.0,True,too_empty,,False,
negative,/mnt/MammoDiffusion/MammoDiffusion/experiments/diffusers/02_sd21_filtered_100steps/generated_images/final/negative/gen_0393.png,gen_0393.png,130.6868,99.0,3.0,0.3390312194824219,0.9968607594936709,0.3322906494140625,190.01181292189005,20.690961525106584,5.795715267992534,251.6319580078125,0.0,0.0,False,,-6.203892244194485,True,543.0
negative,/mnt/MammoDiffusion/MammoDiffusion/experiments/diffusers/02_sd21_filtered_100steps/generated_images/final/negative/gen_0394.png,gen_0394.png,190.8956,177.0,1.0,0.06473159790039062,0.8232070245742236,0.05332183837890625,216.54492774359707,14.64350610666021,6.768801374394598,602.0556640625,0.0,0.0,True,too_empty,,False,
negative,/mnt/MammoDiffusion/MammoDiffusion/experiments/diffusers/02_sd21_filtered_100steps/generated_images/final/negative/gen_0395.png,gen_0395.png,195.95600000000002,102.0,10.0,0.06258773803710938,0.7494362162491619,0.0466766357421875,208.33916312520432,10.063302715421191,6.490953464660189,153.501953125,0.0,0.0,True,too_empty,,False,
negative,/mnt/MammoDiffusion/MammoDiffusion/experiments/diffusers/02_sd21_filtered_100steps/generated_images/final/negative/gen_0396.png,gen_0396.png,150.8956,137.0,1.0,0.13321304321289062,0.6590590189284384,0.08589935302734375,200.5033306687983,23.35175821806438,5.3062367066428315,755.6373291015625,0.0,0.0,True,too_empty,,False,
negative,/mnt/MammoDiffusion/MammoDiffusion/experiments/diffusers/02_sd21_filtered_100steps/generated_images/final/negative/gen_0397.png,gen_0397.png,220.0,30.0,23.0,0.15345382690429688,0.845899520222736,0.12750244140625,254.7277106270943,2.8211025128096274,6.907910770142087,1298.8577880859375,0.0,0.0,True,low_contrast,,False,
negative,/mnt/MammoDiffusion/MammoDiffusion/experiments/diffusers/02_sd21_filtered_100steps/generated_images/final/negative/gen_0398.png,gen_0398.png,74.8956,61.0,1.0,0.8165779113769531,1.0,0.8094139099121094,153.39262806162606,24.986298121269225,6.63723124610175,97.03211975097656,0.0,0.0,False,,-8.484760965040952,False,
negative,/mnt/MammoDiffusion/MammoDiffusion/experiments/diffusers/02_sd21_filtered_100steps/generated_images/final/negative/gen_0399.png,gen_0399.png,114.7912,92.0,2.0,0.5237770080566406,0.9996067149776046,0.5178413391113281,180.81355295434957,18.56948046647217,5.967013892096624,170.00045776367188,0.0,0.0,False,,-6.529753226507542,True,685.0
negative,/mnt/MammoDiffusion/MammoDiffusion/experiments/diffusers/02_sd21_filtered_100steps/generated_images/final/negative/gen_0400.png,gen_0400.png,148.3736,90.0,6.0,0.3058013916015625,0.9085374981288359,0.3188362121582031,178.2742967899403,32.52984369482214,6.450390431405584,500.54656982421875,0.0,0.0,False,,-39.1890274808979,False,
negative,/mnt/MammoDiffusion/MammoDiffusion/experiments/diffusers/02_sd21_filtered_100steps/generated_images/final/negative/gen_0401.png,gen_0401.png,220.0,234.0,17.0,0.2853431701660156,0.5157551369634096,0.14342117309570312,250.95071415272494,3.2068183857174444,6.445936728927413,1138.45068359375,0.0,0.0,True,low_contrast,,False,
negative,/mnt/MammoDiffusion/MammoDiffusion/experiments/diffusers/02_sd21_filtered_100steps/generated_images/final/negative/gen_0402.png,gen_0402.png,102.6868,71.0,3.0,0.15936279296875,0.6744063577173497,0.10723876953125,176.17544109277176,34.537188639735625,6.289768781446287,737.89599609375,0.0,0.0,True,too_empty,,False,
negative,/mnt/MammoDiffusion/MammoDiffusion/experiments/diffusers/02_sd21_filtered_100steps/generated_images/final/negative/gen_0403.png,gen_0403.png,25.0,20.0,0.0,0.7926673889160156,0.9983926311280938,0.7873725891113281,111.29220222378333,51.07001995117984,7.016452332545368,1615.66748046875,0.0,0.0,False,,-7.902844637421003,False,
negative,/mnt/MammoDiffusion/MammoDiffusion/experiments/diffusers/02_sd21_filtered_100steps/generated_images/final/negative/gen_0404.png,gen_0404.png,44.7912,22.0,2.0,0.5264739990234375,0.9979856824044286,0.5191192626953125,174.90754974868463,23.906350488680527,5.9598413850699945,263.4345397949219,0.0,0.0,False,,-5.999121390910219,True,455.0
negative,/mnt/MammoDiffusion/MammoDiffusion/experiments/diffusers/02_sd21_filtered_100steps/generated_images/final/negative/gen_0405.png,gen_0405.png,68.8956,55.0,1.0,0.573089599609375,1.0,0.5671043395996094,167.88142981104914,24.72326333760851,5.761736807182545,308.7585144042969,0.0,0.0,False,,-6.095175048443378,True,493.0
negative,/mnt/MammoDiffusion/MammoDiffusion/experiments/diffusers/02_sd21_filtered_100steps/generated_images/final/negative/gen_0406.png,gen_0406.png,14.8956,1.0,1.0,0.9049797058105469,0.9987944443273548,0.8953742980957031,151.26529821018502,22.703821222139073,6.332150747215343,385.75494384765625,0.0,0.0,False,,-8.05150396202033,False,
negative,/mnt/MammoDiffusion/MammoDiffusion/experiments/diffusers/02_sd21_filtered_100steps/generated_images/final/negative/gen_0407.png,gen_0407.png,111.0,106.0,0.0,0.3747291564941406,0.990074618509055,0.3678245544433594,153.66292274664758,29.359644406107968,4.773183397067996,220.13783264160156,0.0,0.0,False,,-6.609717650929258,True,716.0
negative,/mnt/MammoDiffusion/MammoDiffusion/experiments/diffusers/02_sd21_filtered_100steps/generated_images/final/negative/gen_0408.png,gen_0408.png,10.0,0.0,0.0,0.8685264587402344,0.9986340417869017,0.8582038879394531,144.21190987362928,24.19981482451634,6.031192227258609,328.3119201660156,0.0,0.0,False,,-7.46154459531234,True,1154.0
negative,/mnt/MammoDiffusion/MammoDiffusion/experiments/diffusers/02_sd21_filtered_100steps/generated_images/final/negative/gen_0409.png,gen_0409.png,108.0,103.0,0.0,0.4295158386230469,0.9998578977752121,0.42424774169921875,156.16419695362094,24.221667226467268,4.516825365718086,109.77083587646484,0.0,0.0,False,,-4.107942421961008,True,21.0
negative,/mnt/MammoDiffusion/MammoDiffusion/experiments/diffusers/02_sd21_filtered_100steps/generated_images/final/negative/gen_0410.png,gen_0410.png,114.7912,92.0,2.0,0.7325172424316406,0.5844759796901445,0.422027587890625,177.23803239569023,23.838159760974683,6.9685075993778405,240.9176788330078,0.0,0.0,True,fragmented_mask,,False,
negative,/mnt/MammoDiffusion/MammoDiffusion/experiments/diffusers/02_sd21_filtered_100steps/generated_images/final/negative/gen_0411.png,gen_0411.png,214.0,212.0,1.0,0.02433013916015625,0.39604891815616183,0.009067535400390625,220.00042069835928,5.889209901176769,5.4740180499752995,849.777099609375,0.0,0.0,True,too_empty,,False,
negative,/mnt/MammoDiffusion/MammoDiffusion/experiments/diffusers/02_sd21_filtered_100steps/generated_images/final/negative/gen_0412.png,gen_0412.png,125.6868,94.0,3.0,0.38498687744140625,0.8324151324785478,0.35760498046875,159.88114439324116,33.501386362264064,6.587286604709682,648.3009033203125,0.0,0.0,False,,-67.35563078346323,False,
negative,/mnt/MammoDiffusion/MammoDiffusion/experiments/diffusers/02_sd21_filtered_100steps/generated_images/final/negative/gen_0413.png,gen_0413.png,220.0,234.0,2.0,0.4500312805175781,0.9628898137709476,0.4250450134277344,235.82596052879566,10.046417238376934,5.640193740508739,1199.1839599609375,0.0,0.0,False,,-20.329402244689078,False,
negative,/mnt/MammoDiffusion/MammoDiffusion/experiments/diffusers/02_sd21_filtered_100steps/generated_images/final/negative/gen_0414.png,gen_0414.png,110.8956,97.0,1.0,0.4910736083984375,0.9232436379454991,0.5064888000488281,145.4012713428182,36.86479677329519,6.130230768381414,678.986083984375,0.0,0.0,False,,-32.650972268594366,False,
negative,/mnt/MammoDiffusion/MammoDiffusion/experiments/diffusers/02_sd21_filtered_100steps/generated_images/final/negative/gen_0415.png,gen_0415.png,69.7912,47.0,2.0,0.7163810729980469,0.999989350089193,0.7099189758300781,156.57330159429557,25.44945403226797,6.358191163313501,182.3388671875,0.0,0.0,False,,-7.490405944512935,True,1171.0
negative,/mnt/MammoDiffusion/MammoDiffusion/experiments/diffusers/02_sd21_filtered_100steps/generated_images/final/negative/gen_0416.png,gen_0416.png,64.8956,51.0,1.0,0.774322509765625,0.9993398494462618,0.7686271667480469,145.65663975065883,30.335605627058754,6.732858048559336,456.81976318359375,0.0,0.0,False,,-7.1383327325737,True,970.0
negative,/mnt/MammoDiffusion/MammoDiffusion/experiments/diffusers/02_sd21_filtered_100steps/generated_images/final/negative/gen_0417.png,gen_0417.png,212.0,209.0,2.0,0.030975341796875,0.44261083743842367,0.013935089111328125,222.10922529427867,7.1205147173897965,6.087430920228677,1342.736572265625,0.0,0.0,True,too_empty,,False,
negative,/mnt/MammoDiffusion/MammoDiffusion/experiments/diffusers/02_sd21_filtered_100steps/generated_images/final/negative/gen_0418.png,gen_0418.png,191.0,189.0,1.0,0.049976348876953125,0.7305549194717961,0.0371856689453125,208.3776159212146,12.566087079947426,5.190794630360815,703.6467895507812,0.0,0.0,True,too_empty,,False,
negative,/mnt/MammoDiffusion/MammoDiffusion/experiments/diffusers/02_sd21_filtered_100steps/generated_images/final/negative/gen_0419.png,gen_0419.png,10.0,0.0,0.0,0.8401260375976562,0.9960360343997748,0.8284759521484375,153.4687632378672,24.709154954514176,5.946681948084357,319.2472839355469,0.0,0.0,False,,-8.32242233201418,False,
negative,/mnt/MammoDiffusion/MammoDiffusion/experiments/diffusers/02_sd21_filtered_100steps/generated_images/final/negative/gen_0420.png,gen_0420.png,117.7912,95.0,2.0,0.5575294494628906,0.9955799744103782,0.55023193359375,166.51196616749863,21.730038516968587,6.401680413822643,195.28521728515625,0.0,0.0,False,,-7.556094027441745,True,1209.0
negative,/mnt/MammoDiffusion/MammoDiffusion/experiments/diffusers/02_sd21_filtered_100steps/generated_images/final/negative/gen_0421.png,gen_0421.png,77.6868,46.0,3.0,0.433319091796875,1.0,0.42774200439453125,169.6169624542941,22.9848166700316,6.1489921662162725,421.9326477050781,0.0,0.0,False,,-5.455811972871349,True,252.0
negative,/mnt/MammoDiffusion/MammoDiffusion/experiments/diffusers/02_sd21_filtered_100steps/generated_images/final/negative/gen_0422.png,gen_0422.png,26.8956,13.0,1.0,0.7232933044433594,0.9991561492982854,0.72003173828125,97.35728363143171,54.71623703093344,6.650098623375796,1375.45751953125,0.0,0.0,False,,-6.7719051046779155,True,797.0
negative,/mnt/MammoDiffusion/MammoDiffusion/experiments/diffusers/02_sd21_filtered_100steps/generated_images/final/negative/gen_0423.png,gen_0423.png,34.8956,21.0,1.0,0.8358001708984375,1.0,0.8284416198730469,145.17331503745896,19.887319925164032,5.985341031740977,45.74115753173828,0.0,0.0,False,,-8.259299375805218,False,
negative,/mnt/MammoDiffusion/MammoDiffusion/experiments/diffusers/02_sd21_filtered_100steps/generated_images/final/negative/gen_0424.png,gen_0424.png,32.8956,19.0,1.0,0.7323722839355469,0.9983384291644747,0.7255020141601562,160.65368113320645,25.465930715904207,6.34615447275015,377.68194580078125,0.0,0.0,False,,-7.099690906641949,True,951.0
negative,/mnt/MammoDiffusion/MammoDiffusion/experiments/diffusers/02_sd21_filtered_100steps/generated_images/final/negative/gen_0425.png,gen_0425.png,131.8956,118.0,1.0,0.4521446228027344,0.9897407341787103,0.4626655578613281,163.63443954322463,25.989854897237997,5.766899808810027,336.92425537109375,0.0,0.0,False,,-8.17526280822715,False,
negative,/mnt/MammoDiffusion/MammoDiffusion/experiments/diffusers/02_sd21_filtered_100steps/generated_images/final/negative/gen_0426.png,gen_0426.png,157.8956,144.0,1.0,0.19919967651367188,0.9160458836821846,0.10525894165039062,197.10383068169463,16.696835393208435,5.503225859023166,148.69505310058594,0.0,0.0,True,too_empty,,False,
negative,/mnt/MammoDiffusion/MammoDiffusion/experiments/diffusers/02_sd21_filtered_100steps/generated_images/final/negative/gen_0427.png,gen_0427.png,101.8956,88.0,1.0,0.510833740234375,0.9916362984646634,0.5203933715820312,148.13514345614215,34.76869726048391,6.128550629729849,590.9313354492188,0.0,0.0,False,,-7.069931768900188,True,935.0
negative,/mnt/MammoDiffusion/MammoDiffusion/experiments/diffusers/02_sd21_filtered_100steps/generated_images/final/negative/gen_0428.png,gen_0428.png,220.0,218.0,28.0,0.4462623596191406,0.9674231739111852,0.42566680908203125,245.1884824261108,16.67621263789033,5.739864008344744,1037.656982421875,0.0,0.0,False,,-18.291231390726395,False,
negative,/mnt/MammoDiffusion/MammoDiffusion/experiments/diffusers/02_sd21_filtered_100steps/generated_images/final/negative/gen_0429.png,gen_0429.png,88.8956,75.0,1.0,0.7559051513671875,0.999460021397283,0.7492904663085938,156.61281831974014,27.926295207317498,6.371443018174518,165.51998901367188,0.0,0.0,False,,-7.456380802633337,True,1149.0
negative,/mnt/MammoDiffusion/MammoDiffusion/experiments/diffusers/02_sd21_filtered_100steps/generated_images/final/negative/gen_0430.png,gen_0430.png,145.8956,132.0,1.0,0.11670303344726562,0.8009675415944824,0.09368896484375,196.0538680781759,26.428025708621533,6.081818246701559,960.857421875,0.0,0.0,True,too_empty,,False,
negative,/mnt/MammoDiffusion/MammoDiffusion/experiments/diffusers/02_sd21_filtered_100steps/generated_images/final/negative/gen_0431.png,gen_0431.png,14.8956,1.0,1.0,0.9244422912597656,0.9988115723145867,0.9165534973144531,109.7831305744811,51.506259081782446,7.406685062365432,1499.1119384765625,0.0,0.0,False,,-8.818530088906952,False,
negative,/mnt/MammoDiffusion/MammoDiffusion/experiments/diffusers/02_sd21_filtered_100steps/generated_images/final/negative/gen_0432.png,gen_0432.png,126.8956,113.0,1.0,0.15299606323242188,0.7227665993467475,0.11095809936523438,192.15546464056106,33.617803859037544,5.521230377455573,721.0137329101562,0.0,0.0,True,fragmented_mask,,False,
negative,/mnt/MammoDiffusion/MammoDiffusion/experiments/diffusers/02_sd21_filtered_100steps/generated_images/final/negative/gen_0433.png,gen_0433.png,106.8956,93.0,1.0,0.6392860412597656,0.992964764149536,0.6546134948730469,140.8308887373764,27.90645755782695,6.1416158812859205,567.16455078125,0.0,0.0,False,,-7.755548210377404,True,1310.0
negative,/mnt/MammoDiffusion/MammoDiffusion/experiments/diffusers/02_sd21_filtered_100steps/generated_images/final/negative/gen_0434.png,gen_0434.png,114.5824,74.0,4.0,0.2546882629394531,0.7291544971167528,0.21430587768554688,161.3409459050535,45.05391204649012,6.647457181399222,1422.8970947265625,0.0,0.0,True,fragmented_mask,,False,
negative,/mnt/MammoDiffusion/MammoDiffusion/experiments/diffusers/02_sd21_filtered_100steps/generated_images/final/negative/gen_0435.png,gen_0435.png,220.0,84.0,82.0,0.1638031005859375,0.744108057755007,0.11797714233398438,254.80502473566787,1.3977507250834271,6.91467764736634,1254.8812255859375,0.0,0.0,True,low_contrast,,False,
negative,/mnt/MammoDiffusion/MammoDiffusion/experiments/diffusers/02_sd21_filtered_100steps/generated_images/final/negative/gen_0436.png,gen_0436.png,126.8956,113.0,1.0,0.2698860168457031,0.8341036622425758,0.2447662353515625,171.35995262140764,38.02601538902591,5.757438109248634,712.1703491210938,0.0,0.0,False,,-66.69959816096029,False,
negative,/mnt/MammoDiffusion/MammoDiffusion/experiments/diffusers/02_sd21_filtered_100steps/generated_images/final/negative/gen_0437.png,gen_0437.png,10.0,0.0,0.0,0.8592987060546875,0.9985971765959336,0.8502082824707031,143.6384014501272,24.14583584599422,6.000008415507798,392.2185363769531,0.0,0.0,False,,-7.303115839197457,True,1083.0
negative,/mnt/MammoDiffusion/MammoDiffusion/experiments/diffusers/02_sd21_filtered_100steps/generated_images/final/negative/gen_0438.png,gen_0438.png,209.912,27.0,20.0,0.1018524169921875,0.5988764044943821,0.059642791748046875,253.9916853213943,4.8587790515926725,7.335236733021264,1358.9488525390625,0.0,0.0,True,too_empty,,False,
negative,/mnt/MammoDiffusion/MammoDiffusion/experiments/diffusers/02_sd21_filtered_100steps/generated_images/final/negative/gen_0439.png,gen_0439.png,70.0,65.0,0.0,0.6876602172851562,0.9999167896330977,0.6810417175292969,165.1147587813881,20.26936872313285,5.578581191897191,139.98341369628906,0.0,0.0,False,,-7.092946559908087,True,947.0
negative,/mnt/MammoDiffusion/MammoDiffusion/experiments/diffusers/02_sd21_filtered_100steps/generated_images/final/negative/gen_0440.png,gen_0440.png,125.5824,85.0,4.0,0.2935600280761719,0.7054512377363394,0.24109268188476562,165.47636904479359,40.205493609502355,6.754978269453057,1261.71826171875,0.0,0.0,True,fragmented_mask,,False,
negative,/mnt/MammoDiffusion/MammoDiffusion/experiments/diffusers/02_sd21_filtered_100steps/generated_images/final/negative/gen_0441.png,gen_0441.png,103.8956,90.0,1.0,0.36072540283203125,0.8099765233391849,0.3116874694824219,148.47442691568654,42.17908514713333,6.249236626759595,1121.96826171875,0.0,0.0,False,,-76.05712683719221,False,
negative,/mnt/MammoDiffusion/MammoDiffusion/experiments/diffusers/02_sd21_filtered_100steps/generated_images/final/negative/gen_0442.png,gen_0442.png,77.8956,64.0,1.0,0.6865959167480469,0.9977442815314439,0.7069473266601562,129.1692999212182,39.46240527692384,7.120421215182226,728.1004028320312,0.0,0.0,False,,-6.205097596286818,True,545.0
negative,/mnt/MammoDiffusion/MammoDiffusion/experiments/diffusers/02_sd21_filtered_100steps/generated_images/final/negative/gen_0443.png,gen_0443.png,10.0,0.0,0.0,0.88153076171875,0.8827676036834453,0.7735786437988281,133.46878282352594,27.71315880247788,6.047221669880695,680.5728759765625,0.0,0.0,False,,-50.02306473479699,False,
negative,/mnt/MammoDiffusion/MammoDiffusion/experiments/diffusers/02_sd21_filtered_100steps/generated_images/final/negative/gen_0444.png,gen_0444.png,220.0,203.0,35.0,0.2836799621582031,0.9391649297384522,0.26727294921875,237.61889129938342,18.483320324452492,6.925029006723719,1400.848388671875,0.0,0.0,False,,-30.801706797295637,False,
negative,/mnt/MammoDiffusion/MammoDiffusion/experiments/diffusers/02_sd21_filtered_100steps/generated_images/final/negative/gen_0445.png,gen_0445.png,10.0,0.0,0.0,0.8340377807617188,0.9986232951271051,0.8250312805175781,130.57917855342916,25.83682882260198,5.845904420768942,221.95651245117188,0.0,0.0,False,,-6.898270574683349,True,847.0
negative,/mnt/MammoDiffusion/MammoDiffusion/experiments/diffusers/02_sd21_filtered_100steps/generated_images/final/negative/gen_0446.png,gen_0446.png,108.7912,86.0,2.0,0.3606452941894531,0.9954728636253054,0.3534660339355469,189.45740834673373,21.327892889837752,5.688243172996337,285.4120788574219,0.0,0.0,False,,-6.407691246649872,True,628.0
negative,/mnt/MammoDiffusion/MammoDiffusion/experiments/diffusers/02_sd21_filtered_100steps/generated_images/final/negative/gen_0447.png,gen_0447.png,220.0,244.0,10.0,0.19713211059570312,0.4274048416123227,0.08051300048828125,253.8501847815787,3.5748039348371066,6.881400135960961,1274.3382568359375,0.0,0.0,True,too_empty,,False,
negative,/mnt/MammoDiffusion/MammoDiffusion/experiments/diffusers/02_sd21_filtered_100steps/generated_images/final/negative/gen_0448.png,gen_0448.png,119.6868,88.0,3.0,0.34420013427734375,0.9980937603901141,0.3384895324707031,180.84221202934646,25.405411468450854,5.808998117612303,443.12799072265625,0.0,0.0,False,,-5.036333081590408,True,148.0
negative,/mnt/MammoDiffusion/MammoDiffusion/experiments/diffusers/02_sd21_filtered_100steps/generated_images/final/negative/gen_0449.png,gen_0449.png,188.0,172.0,6.0,0.04846954345703125,0.8406264756807807,0.04256439208984375,203.24941745832587,12.377794354504577,6.786832494893572,891.8223266601562,0.0,0.0,True,too_empty,,False,
negative,/mnt/MammoDiffusion/MammoDiffusion/experiments/diffusers/02_sd21_filtered_100steps/generated_images/final/negative/gen_0450.png,gen_0450.png,144.5824,104.0,4.0,0.15177536010742188,0.5852162766732852,0.14435958862304688,189.0183917765505,30.13683667457892,6.006139807851254,381.1076354980469,0.0,0.0,True,fragmented_mask,,False,
negative,/mnt/MammoDiffusion/MammoDiffusion/experiments/diffusers/02_sd21_filtered_100steps/generated_images/final/negative/gen_0451.png,gen_0451.png,86.0,81.0,0.0,0.5345115661621094,0.9999714528365176,0.5289192199707031,159.32520753247314,23.031776866118005,5.005987998101768,138.47946166992188,0.0,0.0,False,,-5.353379766994061,True,230.0
negative,/mnt/MammoDiffusion/MammoDiffusion/experiments/diffusers/02_sd21_filtered_100steps/generated_images/final/negative/gen_0452.png,gen_0452.png,196.0,184.0,1.0,0.04912567138671875,0.7529119428482683,0.03856658935546875,212.4271018793274,12.082889513668153,6.038976479167259,801.1278686523438,0.0,0.0,True,too_empty,,False,
negative,/mnt/MammoDiffusion/MammoDiffusion/experiments/diffusers/02_sd21_filtered_100steps/generated_images/final/negative/gen_0453.png,gen_0453.png,10.0,0.0,0.0,0.8800125122070312,0.9985651740430881,0.8697166442871094,145.47295287971895,27.055845197558348,6.1429916701718925,250.31590270996094,0.0,0.0,False,,-7.632127320098105,True,1245.0
negative,/mnt/MammoDiffusion/MammoDiffusion/experiments/diffusers/02_sd21_filtered_100steps/generated_images/final/negative/gen_0454.png,gen_0454.png,83.8956,70.0,1.0,0.6016006469726562,0.9961130204304212,0.5936660766601562,157.0830323981854,27.527473218696716,5.604105953211166,245.51736450195312,0.0,0.0,False,,-6.427514705777423,True,636.0
negative,/mnt/MammoDiffusion/MammoDiffusion/experiments/diffusers/02_sd21_filtered_100steps/generated_images/final/negative/gen_0455.png,gen_0455.png,220.0,91.0,88.0,0.20629501342773438,0.6970358179700068,0.14171981811523438,253.04231380043606,2.4165403734547226,6.846893415665747,1679.778564453125,0.0,0.0,True,low_contrast,,False,
negative,/mnt/MammoDiffusion/MammoDiffusion/experiments/diffusers/02_sd21_filtered_100steps/generated_images/final/negative/gen_0456.png,gen_0456.png,100.7912,78.0,2.0,0.5250320434570312,0.9995132016798175,0.5199241638183594,156.1703510767086,27.069420355597984,6.1973471648017515,323.08099365234375,0.0,0.0,False,,-5.60958331271684,True,306.0
negative,/mnt/MammoDiffusion/MammoDiffusion/experiments/diffusers/02_sd21_filtered_100steps/generated_images/final/negative/gen_0457.png,gen_0457.png,135.8956,122.0,1.0,0.200042724609375,0.44115179252479025,0.1672210693359375,192.02502509353045,29.720353697958487,5.277568752359936,563.9305419921875,0.0,0.0,True,fragmented_mask,,False,
negative,/mnt/MammoDiffusion/MammoDiffusion/experiments/diffusers/02_sd21_filtered_100steps/generated_images/final/negative/gen_0458.png,gen_0458.png,10.0,0.0,0.0,0.8792991638183594,0.9997527147152098,0.87335205078125,97.8036244671186,63.76904197611961,6.883949985366262,1128.32275390625,0.0,0.0,False,,-8.398259661013824,False,
negative,/mnt/MammoDiffusion/MammoDiffusion/experiments/diffusers/02_sd21_filtered_100steps/generated_images/final/negative/gen_0459.png,gen_0459.png,99.8956,86.0,1.0,0.4029655456542969,0.9974061627301557,0.39617919921875,162.40556154675704,32.04304086799209,5.478928717752794,287.04595947265625,0.0,0.0,False,,-4.292880982616792,True,33.0
negative,/mnt/MammoDiffusion/MammoDiffusion/experiments/diffusers/02_sd21_filtered_100steps/generated_images/final/negative/gen_0460.png,gen_0460.png,66.7912,44.0,2.0,0.8141021728515625,0.9987488988435514,0.8067283630371094,141.09001839426136,33.49545907484207,7.061441317138353,644.5068359375,0.0,0.0,False,,-6.967779969340636,True,891.0
negative,/mnt/MammoDiffusion/MammoDiffusion/experiments/diffusers/02_sd21_filtered_100steps/generated_images/final/negative/gen_0461.png,gen_0461.png,89.7912,67.0,2.0,0.4953269958496094,0.978343743020632,0.5539970397949219,133.75082457118856,44.737351465306006,6.660541868849285,1090.1109619140625,0.0,0.0,False,,-12.98945827812634,False,
negative,/mnt/MammoDiffusion/MammoDiffusion/experiments/diffusers/02_sd21_filtered_100steps/generated_images/final/negative/gen_0462.png,gen_0462.png,169.6428,49.0,13.0,0.12873458862304688,0.7875366699262156,0.1061553955078125,200.34864165588615,21.098795544911447,7.402263332552467,1593.7525634765625,0.0,0.0,True,too_empty,,False,
negative,/mnt/MammoDiffusion/MammoDiffusion/experiments/diffusers/02_sd21_filtered_100steps/generated_images/final/negative/gen_0463.png,gen_0463.png,80.8956,67.0,1.0,0.4970588684082031,0.9980353182247258,0.4898796081542969,168.13294761678569,19.08146930149806,5.456111152230038,174.5119171142578,0.0,0.0,False,,-5.614966779168255,True,312.0
negative,/mnt/MammoDiffusion/MammoDiffusion/experiments/diffusers/02_sd21_filtered_100steps/generated_images/final/negative/gen_0464.png,gen_0464.png,33.8956,20.0,1.0,0.7191963195800781,0.9983504214116362,0.7117576599121094,159.01030104564725,23.264779954700007,6.005918181960523,275.2829895019531,0.0,0.0,False,,-6.9397895832851955,True,873.0
negative,/mnt/MammoDiffusion/MammoDiffusion/experiments/diffusers/02_sd21_filtered_100steps/generated_images/final/negative/gen_0465.png,gen_0465.png,88.8956,75.0,1.0,0.4794654846191406,0.9259919324682351,0.5124435424804688,131.1057141155627,46.2408465847868,6.265552614301715,901.3367309570312,0.0,0.0,False,,-32.02286235785986,False,
negative,/mnt/MammoDiffusion/MammoDiffusion/experiments/diffusers/02_sd21_filtered_100steps/generated_images/final/negative/gen_0466.png,gen_0466.png,113.7912,91.0,2.0,0.7524948120117188,0.9929940890794984,0.744354248046875,155.67437784428682,25.79278614501455,6.803158549592906,408.8052673339844,0.0,0.0,False,,-9.49533376624701,False,
negative,/mnt/MammoDiffusion/MammoDiffusion/experiments/diffusers/02_sd21_filtered_100steps/generated_images/final/negative/gen_0467.png,gen_0467.png,128.8956,115.0,1.0,0.18779373168945312,0.5758597574600337,0.10709762573242188,196.27679430097953,27.47587562032783,5.604977574615411,831.125,0.0,0.0,True,too_empty,,False,
negative,/mnt/MammoDiffusion/MammoDiffusion/experiments/diffusers/02_sd21_filtered_100steps/generated_images/final/negative/gen_0468.png,gen_0468.png,88.8956,75.0,1.0,0.4457283020019531,0.9669391073644572,0.5579376220703125,131.37594010665939,49.48671226893677,6.294856509955862,945.9160766601562,0.0,0.0,False,,-17.056229257584707,False,
negative,/mnt/MammoDiffusion/MammoDiffusion/experiments/diffusers/02_sd21_filtered_100steps/generated_images/final/negative/gen_0469.png,gen_0469.png,131.6868,100.0,3.0,0.34334564208984375,0.9931671221918539,0.3433723449707031,173.33670692011154,29.358772283412705,6.0401575146661735,351.4498291015625,0.0,0.0,False,,-6.845546522189904,True,826.0
negative,/mnt/MammoDiffusion/MammoDiffusion/experiments/diffusers/02_sd21_filtered_100steps/generated_images/final/negative/gen_0470.png,gen_0470.png,10.0,0.0,0.0,0.8373184204101562,0.9993667368267592,0.8314743041992188,124.57309855665562,45.86863964918742,6.888737407343308,1164.564453125,0.0,0.0,False,,-7.528687187435834,True,1194.0
negative,/mnt/MammoDiffusion/MammoDiffusion/experiments/diffusers/02_sd21_filtered_100steps/generated_images/final/negative/gen_0471.png,gen_0471.png,95.6868,64.0,3.0,0.46622467041015625,0.9244055703742493,0.5601081848144531,129.67335471875447,44.27875311878332,6.9013955722099904,1314.539794921875,0.0,0.0,False,,-33.90283619639818,False,
negative,/mnt/MammoDiffusion/MammoDiffusion/experiments/diffusers/02_sd21_filtered_100steps/generated_images/final/negative/gen_0472.png,gen_0472.png,194.8956,181.0,1.0,0.05377197265625,0.7774545970488081,0.046947479248046875,207.43235557000082,11.567931973133623,6.58230158596963,970.39404296875,0.0,0.0,True,too_empty,,False,
negative,/mnt/MammoDiffusion/MammoDiffusion/experiments/diffusers/02_sd21_filtered_100steps/generated_images/final/negative/gen_0473.png,gen_0473.png,220.0,226.0,16.0,0.328277587890625,0.9511132285953333,0.3079109191894531,241.09850465205594,14.431157517323717,6.377115260449997,1129.705810546875,0.0,0.0,False,,-25.44889402754564,False,
negative,/mnt/MammoDiffusion/MammoDiffusion/experiments/diffusers/02_sd21_filtered_100steps/generated_images/final/negative/gen_0474.png,gen_0474.png,62.6868,31.0,3.0,0.4152488708496094,0.9987230719764825,0.4106178283691406,170.63927313941713,26.27316377381968,6.242108573088881,635.3082885742188,0.0,0.0,False,,-4.529553607343612,True,60.0
negative,/mnt/MammoDiffusion/MammoDiffusion/experiments/diffusers/02_sd21_filtered_100steps/generated_images/final/negative/gen_0475.png,gen_0475.png,166.8956,153.0,1.0,0.09719467163085938,0.770085168177715,0.07489776611328125,205.6020169094428,19.796646431872706,6.2328081375867805,1057.1925048828125,0.0,0.0,True,too_empty,,False,
negative,/mnt/MammoDiffusion/MammoDiffusion/experiments/diffusers/02_sd21_filtered_100steps/generated_images/final/negative/gen_0476.png,gen_0476.png,103.8956,90.0,1.0,0.478057861328125,0.9869135014363231,0.4759941101074219,149.06639739058656,32.72709235192534,5.695894377384263,336.2156677246094,0.0,0.0,False,,-8.660305841447993,False,
negative,/mnt/MammoDiffusion/MammoDiffusion/experiments/diffusers/02_sd21_filtered_100steps/generated_images/final/negative/gen_0477.png,gen_0477.png,88.7912,66.0,2.0,0.5866622924804688,0.9974770791338838,0.5797195434570312,172.66082121471342,24.883325560746773,6.35802300451499,281.9980773925781,0.0,0.0,False,,-6.821688143763111,True,814.0
negative,/mnt/MammoDiffusion/MammoDiffusion/experiments/diffusers/02_sd21_filtered_100steps/generated_images/final/negative/gen_0478.png,gen_0478.png,201.0164,27.0,19.0,0.11397933959960938,0.4541316643796646,0.053745269775390625,241.4335297040244,46.3603187434059,7.400078764288315,1546.0240478515625,0.0,0.0,True,too_empty,,False,
negative,/mnt/MammoDiffusion/MammoDiffusion/experiments/diffusers/02_sd21_filtered_100steps/generated_images/final/negative/gen_0479.png,gen_0479.png,28.0,23.0,0.0,0.7974319458007812,0.9982108858506903,0.7891349792480469,152.13856245800443,27.220648280947096,6.113729770280073,167.2182159423828,0.0,0.0,False,,-7.41632612212707,True,1131.0
negative,/mnt/MammoDiffusion/MammoDiffusion/experiments/diffusers/02_sd21_filtered_100steps/generated_images/final/negative/gen_0480.png,gen_0480.png,154.1648,78.0,8.0,0.15889358520507812,0.6966605046455238,0.10824203491210938,205.83700440528634,20.488483190546823,6.905569176512241,1189.499755859375,0.0,0.0,True,too_empty,,False,
negative,/mnt/MammoDiffusion/MammoDiffusion/experiments/diffusers/02_sd21_filtered_100steps/generated_images/final/negative/gen_0481.png,gen_0481.png,136.0,131.0,0.0,0.3231391906738281,0.966379015216801,0.3216705322265625,165.80136141549264,27.622645855511035,4.8168869774765035,390.0965881347656,0.0,0.0,False,,-16.030694689844033,False,
negative,/mnt/MammoDiffusion/MammoDiffusion/experiments/diffusers/02_sd21_filtered_100steps/generated_images/final/negative/gen_0482.png,gen_0482.png,10.0,0.0,0.0,0.8037261962890625,0.9989178516507509,0.7918624877929688,166.08446300738984,20.981150117205942,5.513463726120059,316.2727966308594,0.0,0.0,False,,-7.151730921957886,True,985.0
negative,/mnt/MammoDiffusion/MammoDiffusion/experiments/diffusers/02_sd21_filtered_100steps/generated_images/final/negative/gen_0483.png,gen_0483.png,134.7912,112.0,2.0,0.23638916015625,0.9561547895688097,0.2539939880371094,169.7782166619107,32.75818413250968,5.26075564587629,350.38751220703125,0.0,0.0,False,,-20.589294695488814,False,
negative,/mnt/MammoDiffusion/MammoDiffusion/experiments/diffusers/02_sd21_filtered_100steps/generated_images/final/negative/gen_0484.png,gen_0484.png,126.7912,104.0,2.0,0.4988136291503906,0.9877333455693976,0.4892234802246094,168.12545322697608,26.656993036161015,6.812270941180088,529.4384155273438,0.0,0.0,False,,-9.788739232302483,False,
negative,/mnt/MammoDiffusion/MammoDiffusion/experiments/diffusers/02_sd21_filtered_100steps/generated_images/final/negative/gen_0485.png,gen_0485.png,10.0,1.0,0.0,0.8517608642578125,0.9989116998978879,0.842376708984375,142.43909176538781,30.896712589236536,6.556744786652388,288.00982666015625,0.0,0.0,False,,-7.462129946773892,True,1155.0
negative,/mnt/MammoDiffusion/MammoDiffusion/experiments/diffusers/02_sd21_filtered_100steps/generated_images/final/negative/gen_0486.png,gen_0486.png,10.0,0.0,0.0,0.8726310729980469,0.9986972962339621,0.8632087707519531,154.9078153655788,22.081360705665794,5.825447312095856,217.66815185546875,0.0,0.0,False,,-7.746050869117438,True,1307.0
negative,/mnt/MammoDiffusion/MammoDiffusion/experiments/diffusers/02_sd21_filtered_100steps/generated_images/final/negative/gen_0487.png,gen_0487.png,64.5824,24.0,4.0,0.4946556091308594,0.997910095549506,0.4878501892089844,165.22689561878846,23.37629711691637,6.475604683246325,597.7919921875,0.0,0.0,False,,-5.667726084085534,True,330.0
negative,/mnt/MammoDiffusion/MammoDiffusion/experiments/diffusers/02_sd21_filtered_100steps/generated_images/final/negative/gen_0488.png,gen_0488.png,25.7912,3.0,2.0,0.6857948303222656,0.9984147026594058,0.6782646179199219,159.66005073030263,20.404008177183304,6.03952265178101,249.89002990722656,0.0,0.0,False,,-6.916752778831455,True,855.0
negative,/mnt/MammoDiffusion/MammoDiffusion/experiments/diffusers/02_sd21_filtered_100steps/generated_images/final/negative/gen_0489.png,gen_0489.png,15.8956,2.0,1.0,0.7541389465332031,0.9979766607821218,0.7461280822753906,169.9322470640565,18.96642499716198,5.954517498191468,434.8511047363281,0.0,0.0,False,,-7.481550139359283,True,1164.0
negative,/mnt/MammoDiffusion/MammoDiffusion/experiments/diffusers/02_sd21_filtered_100steps/generated_images/final/negative/gen_0490.png,gen_0490.png,105.8956,92.0,1.0,0.472503662109375,0.948064005683653,0.4652137756347656,144.37426713569982,35.1293382635951,5.742766607547486,486.9454345703125,0.0,0.0,False,,-22.956585812677993,False,
negative,/mnt/MammoDiffusion/MammoDiffusion/experiments/diffusers/02_sd21_filtered_100steps/generated_images/final/negative/gen_0491.png,gen_0491.png,157.8956,144.0,1.0,0.08406829833984375,0.6816408022506579,0.057819366455078125,194.53005212113214,23.656368597831047,5.366137035082749,819.0922241210938,0.0,0.0,True,too_empty,,False,
negative,/mnt/MammoDiffusion/MammoDiffusion/experiments/diffusers/02_sd21_filtered_100steps/generated_images/final/negative/gen_0492.png,gen_0492.png,139.7912,117.0,2.0,0.19407272338867188,0.8651203931203931,0.18150711059570312,189.86376915155208,36.791439090728026,5.340102938959616,461.36358642578125,0.0,0.0,False,,-55.67717284771871,False,
negative,/mnt/MammoDiffusion/MammoDiffusion/experiments/diffusers/02_sd21_filtered_100steps/generated_images/final/negative/gen_0493.png,gen_0493.png,39.7912,17.0,2.0,0.8409576416015625,0.9977546132491427,0.8310546875,136.38726957256168,36.171347841339696,6.997450339216172,771.1976928710938,0.0,0.0,False,,-7.268825632949898,True,1054.0
negative,/mnt/MammoDiffusion/MammoDiffusion/experiments/diffusers/02_sd21_filtered_100steps/generated_images/final/negative/gen_0494.png,gen_0494.png,29.8956,16.0,1.0,0.864288330078125,0.9990907806927721,0.8581390380859375,118.43134657444122,46.389959352474804,7.149733991005483,1120.2645263671875,0.0,0.0,False,,-7.686250693420803,True,1273.0
negative,/mnt/MammoDiffusion/MammoDiffusion/experiments/diffusers/02_sd21_filtered_100steps/generated_images/final/negative/gen_0495.png,gen_0495.png,131.2692,64.0,7.0,0.18274307250976562,0.4496607869742198,0.0802154541015625,206.38829180140766,26.014248701567663,6.99049266375601,600.05078125,0.0,0.0,True,too_empty,,False,
negative,/mnt/MammoDiffusion/MammoDiffusion/experiments/diffusers/02_sd21_filtered_100steps/generated_images/final/negative/gen_0496.png,gen_0496.png,49.7912,27.0,2.0,0.7759361267089844,0.9984415482259706,0.7708969116210938,157.10971566560772,29.04927781329064,6.721092346360137,589.2276000976562,0.0,0.0,False,,-7.148531073542232,True,980.0
negative,/mnt/MammoDiffusion/MammoDiffusion/experiments/diffusers/02_sd21_filtered_100steps/generated_images/final/negative/gen_0497.png,gen_0497.png,10.0,0.0,0.0,0.836517333984375,1.0,0.8300590515136719,160.93805004710586,21.655800678976647,5.836317013610923,268.977294921875,0.0,0.0,False,,-8.029619489440712,False,
negative,/mnt/MammoDiffusion/MammoDiffusion/experiments/diffusers/02_sd21_filtered_100steps/generated_images/final/negative/gen_0498.png,gen_0498.png,55.6868,24.0,3.0,0.7262725830078125,0.999994747568124,0.7202301025390625,159.49173216669138,22.805076492149762,6.460981754704209,243.316162109375,0.0,0.0,False,,-7.761711049544089,True,1312.0
negative,/mnt/MammoDiffusion/MammoDiffusion/experiments/diffusers/02_sd21_filtered_100steps/generated_images/final/negative/gen_0499.png,gen_0499.png,91.0,86.0,0.0,0.4245033264160156,0.999919123659924,0.41937255859375,161.1591926211614,20.945538637059343,4.359706832966384,92.0147705078125,0.0,0.0,False,,-4.252880370751236,True,30.0
negative,/mnt/MammoDiffusion/MammoDiffusion/experiments/diffusers/02_sd21_filtered_100steps/generated_images/final/negative/gen_0500.png,gen_0500.png,220.0,218.0,17.0,0.2676887512207031,0.933008422042666,0.24344635009765625,234.79277006487197,8.956093331428471,6.741713782006619,1214.795166015625,0.0,0.0,False,,-33.35932210854469,False,
negative,/mnt/MammoDiffusion/MammoDiffusion/experiments/diffusers/02_sd21_filtered_100steps/generated_images/final/negative/gen_0501.png,gen_0501.png,45.8956,32.0,1.0,0.8643531799316406,0.9994880508418474,0.8576316833496094,134.12092179180956,41.66816148442849,7.195430003470767,858.8533935546875,0.0,0.0,False,,-7.546914583870967,True,1203.0
negative,/mnt/MammoDiffusion/MammoDiffusion/experiments/diffusers/02_sd21_filtered_100steps/generated_images/final/negative/gen_0502.png,gen_0502.png,38.7912,16.0,2.0,0.7297706604003906,0.9985468231358302,0.7235946655273438,158.1983119471126,25.846923773858816,6.679843295198362,663.2339477539062,0.0,0.0,False,,-6.847440599179584,True,827.0
negative,/mnt/MammoDiffusion/MammoDiffusion/experiments/diffusers/02_sd21_filtered_100steps/generated_images/final/negative/gen_0503.png,gen_0503.png,114.8956,101.0,1.0,0.463470458984375,0.9967159412655561,0.4561767578125,172.19602120685042,22.893461232202196,5.263167307443903,222.41859436035156,0.0,0.0,False,,-5.527403065008598,True,276.0
negative,/mnt/MammoDiffusion/MammoDiffusion/experiments/diffusers/02_sd21_filtered_100steps/generated_images/final/negative/gen_0504.png,gen_0504.png,35.6868,4.0,3.0,0.6777229309082031,1.0,0.6709327697753906,155.03426180201387,19.295292087369152,6.275014904628344,305.69635009765625,0.0,0.0,False,,-7.3010563560920625,True,1080.0
negative,/mnt/MammoDiffusion/MammoDiffusion/experiments/diffusers/02_sd21_filtered_100steps/generated_images/final/negative/gen_0505.png,gen_0505.png,108.6868,77.0,3.0,0.5346488952636719,0.9994292033819699,0.5293121337890625,170.49590648332324,22.037272411236994,6.467313792796891,306.1999206542969,0.0,0.0,False,,-6.4146283062478044,True,632.0
negative,/mnt/MammoDiffusion/MammoDiffusion/experiments/diffusers/02_sd21_filtered_100steps/generated_images/final/negative/gen_0506.png,gen_0506.png,173.7912,151.0,2.0,0.055210113525390625,0.7717128446071996,0.04605865478515625,188.39895643531554,12.203078530827439,5.89403859847927,580.4037475585938,0.0,0.0,True,too_empty,,False,
negative,/mnt/MammoDiffusion/MammoDiffusion/experiments/diffusers/02_sd21_filtered_100steps/generated_images/final/negative/gen_0507.png,gen_0507.png,115.8956,102.0,1.0,0.4652252197265625,0.9997294106071042,0.45654296875,172.16347760695186,24.056128412034706,5.883696499000079,159.6644744873047,0.0,0.0,False,,-5.658355093829442,True,327.0
negative,/mnt/MammoDiffusion/MammoDiffusion/experiments/diffusers/02_sd21_filtered_100steps/generated_images/final/negative/gen_0508.png,gen_0508.png,21.0,16.0,0.0,0.73681640625,0.9988713552021206,0.7324447631835938,99.20541545576701,48.98360752834023,6.491360976162663,1003.5737915039062,0.0,0.0,False,,-5.843554373151542,True,389.0
negative,/mnt/MammoDiffusion/MammoDiffusion/experiments/diffusers/02_sd21_filtered_100steps/generated_images/final/negative/gen_0509.png,gen_0509.png,37.7912,15.0,2.0,0.5815238952636719,0.9987929914787822,0.5816497802734375,110.75154122616019,52.85571829323225,6.997317768947017,1393.00634765625,0.0,0.0,False,,-6.152342504987023,True,515.0
negative,/mnt/MammoDiffusion/MammoDiffusion/experiments/diffusers/02_sd21_filtered_100steps/generated_images/final/negative/gen_0510.png,gen_0510.png,183.1648,107.0,8.0,0.11834716796875,0.8174961320268179,0.09595489501953125,204.3144231533752,15.294480537115765,6.333143889770302,452.3810729980469,0.0,0.0,True,too_empty,,False,
negative,/mnt/MammoDiffusion/MammoDiffusion/experiments/diffusers/02_sd21_filtered_100steps/generated_images/final/negative/gen_0511.png,gen_0511.png,109.8956,96.0,1.0,0.46254730224609375,0.9973609118049713,0.4555473327636719,170.5276798499401,23.12082138968454,5.487223254025722,250.74490356445312,0.0,0.0,False,,-5.388941099241571,True,239.0
negative,/mnt/MammoDiffusion/MammoDiffusion/experiments/diffusers/02_sd21_filtered_100steps/generated_images/final/negative/gen_0512.png,gen_0512.png,53.7912,31.0,2.0,0.6550979614257812,0.9983637104757468,0.6497001647949219,165.10949710829934,25.400809463154506,6.336239175871645,427.9195251464844,0.0,0.0,False,,-6.5850067457279104,True,703.0
negative,/mnt/MammoDiffusion/MammoDiffusion/experiments/diffusers/02_sd21_filtered_100steps/generated_images/final/negative/gen_0513.png,gen_0513.png,90.7912,68.0,2.0,0.4896888732910156,0.9982472403773497,0.48504638671875,157.71254876053857,33.17213946393008,6.330627632728343,587.59130859375,0.0,0.0,False,,-4.752543589437422,True,97.0
negative,/mnt/MammoDiffusion/MammoDiffusion/experiments/diffusers/02_sd21_filtered_100steps/generated_images/final/negative/gen_0514.png,gen_0514.png,105.8956,92.0,1.0,0.5327796936035156,0.9985894819747252,0.52691650390625,159.12979989574887,19.23942659159317,5.03021763771658,124.885009765625,0.0,0.0,False,,-5.193338407169853,True,193.0
negative,/mnt/MammoDiffusion/MammoDiffusion/experiments/diffusers/02_sd21_filtered_100steps/generated_images/final/negative/gen_0515.png,gen_0515.png,79.7912,57.0,2.0,0.7244796752929688,0.998146568519045,0.7253990173339844,137.06136443712893,35.885406410571335,7.037451973370423,687.1915283203125,0.0,0.0,False,,-6.370800709658677,True,602.0
negative,/mnt/MammoDiffusion/MammoDiffusion/experiments/diffusers/02_sd21_filtered_100steps/generated_images/final/negative/gen_0516.png,gen_0516.png,53.0,48.0,0.0,0.8280754089355469,1.0,0.8203315734863281,153.04472552256505,25.72160215932253,6.242716378962899,223.56179809570312,0.0,0.0,False,,-8.010801006959634,False,
negative,/mnt/MammoDiffusion/MammoDiffusion/experiments/diffusers/02_sd21_filtered_100steps/generated_images/final/negative/gen_0517.png,gen_0517.png,131.8956,118.0,1.0,0.20672225952148438,0.7528740934841579,0.17238235473632812,172.20949788665382,31.185435081934884,4.627640316925193,396.37127685546875,0.0,0.0,False,,-97.80447796124314,False,
negative,/mnt/MammoDiffusion/MammoDiffusion/experiments/diffusers/02_sd21_filtered_100steps/generated_images/final/negative/gen_0518.png,gen_0518.png,69.8956,56.0,1.0,0.33050537109375,0.982006001846722,0.3273048400878906,130.2807543035629,45.25888437334588,5.5193592468694,723.3162231445312,0.0,0.0,False,,-9.374614149691597,False,
negative,/mnt/MammoDiffusion/MammoDiffusion/experiments/diffusers/02_sd21_filtered_100steps/generated_images/final/negative/gen_0519.png,gen_0519.png,139.8956,126.0,1.0,0.21180343627929688,0.6663004520649101,0.12851333618164062,174.77039983377364,24.827932323834947,5.575700822894229,151.83584594726562,0.0,0.0,True,fragmented_mask,,False,
negative,/mnt/MammoDiffusion/MammoDiffusion/experiments/diffusers/02_sd21_filtered_100steps/generated_images/final/negative/gen_0520.png,gen_0520.png,126.7912,104.0,2.0,0.2863616943359375,0.9843475249107476,0.29419708251953125,161.1198620367729,30.780299805061507,5.428596549197177,315.0712585449219,0.0,0.0,False,,-9.76345155511603,False,
negative,/mnt/MammoDiffusion/MammoDiffusion/experiments/diffusers/02_sd21_filtered_100steps/generated_images/final/negative/gen_0521.png,gen_0521.png,89.8956,76.0,1.0,0.3712158203125,0.9842054422887209,0.3964424133300781,133.3697185470291,42.22569840756816,5.598785047807558,517.412353515625,0.0,0.0,False,,-8.365699813297123,False,
negative,/mnt/MammoDiffusion/MammoDiffusion/experiments/diffusers/02_sd21_filtered_100steps/generated_images/final/negative/gen_0522.png,gen_0522.png,88.7912,66.0,2.0,0.3237571716308594,0.9343827691437594,0.37569427490234375,133.02381049083118,52.59494661816738,6.215902042604266,1010.9805908203125,0.0,0.0,False,,-28.532841825116833,False,
negative,/mnt/MammoDiffusion/MammoDiffusion/experiments/diffusers/02_sd21_filtered_100steps/generated_images/final/negative/gen_0523.png,gen_0523.png,140.7912,118.0,2.0,0.07428359985351562,0.9986134647974118,0.07088851928710938,177.88591723618362,12.961415268948556,4.786793498628197,56.489479064941406,0.0,0.0,True,too_empty,,False,
negative,/mnt/MammoDiffusion/MammoDiffusion/experiments/diffusers/02_sd21_filtered_100steps/generated_images/final/negative/gen_0524.png,gen_0524.png,75.8956,62.0,1.0,0.7996940612792969,0.9999952298041834,0.7932395935058594,147.153917179227,22.578038224287322,5.987080465332817,151.7105712890625,0.0,0.0,False,,-7.770621049571623,True,1316.0
negative,/mnt/MammoDiffusion/MammoDiffusion/experiments/diffusers/02_sd21_filtered_100steps/generated_images/final/negative/gen_0525.png,gen_0525.png,200.0,73.0,16.0,0.049968719482421875,0.8216657760134362,0.041797637939453125,214.4769553709957,10.495984322012948,7.0218868332147615,953.1439208984375,0.0,0.0,True,too_empty,,False,
negative,/mnt/MammoDiffusion/MammoDiffusion/experiments/diffusers/02_sd21_filtered_100steps/generated_images/final/negative/gen_0526.png,gen_0526.png,62.7912,40.0,2.0,0.5838165283203125,1.0,0.577911376953125,162.55747346464594,28.40806602922536,6.444282845347738,320.8120422363281,0.0,0.0,False,,-6.438155286781671,True,638.0
negative,/mnt/MammoDiffusion/MammoDiffusion/experiments/diffusers/02_sd21_filtered_100steps/generated_images/final/negative/gen_0527.png,gen_0527.png,80.47800000000001,31.0,5.0,0.6557388305664062,0.9797438015567371,0.7489814758300781,121.67040506058338,44.66147800712293,7.3479765318569115,1051.661865234375,0.0,0.0,False,,-14.089274280478154,False,
negative,/mnt/MammoDiffusion/MammoDiffusion/experiments/diffusers/02_sd21_filtered_100steps/generated_images/final/negative/gen_0528.png,gen_0528.png,69.8956,56.0,1.0,0.4163627624511719,0.9959320915829111,0.4107666015625,155.47941121842496,33.714629029170474,5.597254731447503,579.3394775390625,0.0,0.0,False,,-4.451103254488478,True,45.0
negative,/mnt/MammoDiffusion/MammoDiffusion/experiments/diffusers/02_sd21_filtered_100steps/generated_images/final/negative/gen_0529.png,gen_0529.png,220.0,254.0,0.0,0.4197044372558594,0.9575088845059669,0.3951911926269531,252.67433419886677,14.09564979485846,5.770464484134672,1486.89208984375,0.0,0.0,False,,-22.740192104187837,False,
negative,/mnt/MammoDiffusion/MammoDiffusion/experiments/diffusers/02_sd21_filtered_100steps/generated_images/final/negative/gen_0530.png,gen_0530.png,58.8956,45.0,1.0,0.6859626770019531,0.9976810272437591,0.6783103942871094,165.0452267806428,25.54289007523526,6.218368626195668,244.0142059326172,0.0,0.0,False,,-7.172843489468165,True,993.0
negative,/mnt/MammoDiffusion/MammoDiffusion/experiments/diffusers/02_sd21_filtered_100steps/generated_images/final/negative/gen_0531.png,gen_0531.png,125.7912,103.0,2.0,0.3049736022949219,0.9981237569890052,0.2996673583984375,173.35993431437447,25.880740778252164,5.606773319024299,299.8089599609375,0.0,0.0,False,,-5.149070806466952,True,181.0
negative,/mnt/MammoDiffusion/MammoDiffusion/experiments/diffusers/02_sd21_filtered_100steps/generated_images/final/negative/gen_0532.png,gen_0532.png,44.5824,4.0,4.0,0.9058418273925781,0.9985681859336901,0.9060554504394531,116.93850966457138,43.89226522952727,7.171905319378183,1232.57275390625,0.0,0.0,False,,-7.973615549372854,False,
negative,/mnt/MammoDiffusion/MammoDiffusion/experiments/diffusers/02_sd21_filtered_100steps/generated_images/final/negative/gen_0533.png,gen_0533.png,10.0,0.0,0.0,0.8980827331542969,0.9984368827704554,0.8866500854492188,146.60612227337262,25.531328029661115,6.1751431481596315,393.362548828125,0.0,0.0,False,,-7.734373980656149,True,1299.0
negative,/mnt/MammoDiffusion/MammoDiffusion/experiments/diffusers/02_sd21_filtered_100steps/generated_images/final/negative/gen_0534.png,gen_0534.png,82.7912,60.0,2.0,0.5932540893554688,0.998160984580563,0.5859832763671875,169.64103715855532,24.555916143928116,6.306905175472457,337.9096984863281,0.0,0.0,False,,-6.45149641625295,True,647.0
negative,/mnt/MammoDiffusion/MammoDiffusion/experiments/diffusers/02_sd21_filtered_100steps/generated_images/final/negative/gen_0535.png,gen_0535.png,99.8956,86.0,1.0,0.3301506042480469,0.9645857164315343,0.3186683654785156,145.93033027281325,32.78795522820213,5.041400172432352,280.68536376953125,0.0,0.0,False,,-16.439567796064345,False,
negative,/mnt/MammoDiffusion/MammoDiffusion/experiments/diffusers/02_sd21_filtered_100steps/generated_images/final/negative/gen_0536.png,gen_0536.png,96.8956,83.0,1.0,0.321624755859375,0.7798652623588576,0.2689476013183594,149.2394649873055,48.90277656303163,6.04194690350578,1209.3580322265625,0.0,0.0,False,,-88.0870141323533,False,
negative,/mnt/MammoDiffusion/MammoDiffusion/experiments/diffusers/02_sd21_filtered_100steps/generated_images/final/negative/gen_0537.png,gen_0537.png,59.8956,46.0,1.0,0.8349647521972656,0.999981725229691,0.8306732177734375,141.93939547015927,35.494367729733284,6.846087471490465,628.4610595703125,0.0,0.0,False,,-7.325899008533669,True,1090.0
negative,/mnt/MammoDiffusion/MammoDiffusion/experiments/diffusers/02_sd21_filtered_100steps/generated_images/final/negative/gen_0538.png,gen_0538.png,78.8956,65.0,1.0,0.3109397888183594,0.9887009115334127,0.347076416015625,131.84545634397256,52.121400364038855,5.548164435889486,951.66650390625,0.0,0.0,False,,-7.425068436203411,True,1134.0
negative,/mnt/MammoDiffusion/MammoDiffusion/experiments/diffusers/02_sd21_filtered_100steps/generated_images/final/negative/gen_0539.png,gen_0539.png,133.8956,120.0,1.0,0.21816635131835938,0.9423860397615009,0.21654510498046875,176.22110065884507,30.57405528199372,4.772010696889719,226.36782836914062,0.0,0.0,False,,-26.048292936046508,False,
negative,/mnt/MammoDiffusion/MammoDiffusion/experiments/diffusers/02_sd21_filtered_100steps/generated_images/final/negative/gen_0540.png,gen_0540.png,219.0,67.0,21.0,0.049076080322265625,0.6907889623008162,0.037120819091796875,225.76672489980476,6.793158387364092,6.635129780218591,461.25994873046875,0.0,0.0,True,too_empty,,False,
negative,/mnt/MammoDiffusion/MammoDiffusion/experiments/diffusers/02_sd21_filtered_100steps/generated_images/final/negative/gen_0541.png,gen_0541.png,54.0,49.0,0.0,0.7090415954589844,0.9999784796982853,0.7026252746582031,157.45799151958042,28.05070516241644,6.015425114157025,161.1171417236328,0.0,0.0,False,,-7.0506190893521214,True,925.0
negative,/mnt/MammoDiffusion/MammoDiffusion/experiments/diffusers/02_sd21_filtered_100steps/generated_images/final/negative/gen_0542.png,gen_0542.png,28.8956,15.0,1.0,0.8608779907226562,1.0,0.8504791259765625,147.47507042000825,27.036531430611085,6.422405140134907,172.74008178710938,0.0,0.0,False,,-8.265315060204731,False,
negative,/mnt/MammoDiffusion/MammoDiffusion/experiments/diffusers/02_sd21_filtered_100steps/generated_images/final/negative/gen_0543.png,gen_0543.png,97.8956,84.0,1.0,0.4750518798828125,0.9974705296630585,0.4684181213378906,171.56002377985715,18.452665333360798,5.332252428372265,201.1908721923828,0.0,0.0,False,,-5.63815232038373,True,322.0
negative,/mnt/MammoDiffusion/MammoDiffusion/experiments/diffusers/02_sd21_filtered_100steps/generated_images/final/negative/gen_0544.png,gen_0544.png,94.5824,54.0,4.0,0.6433677673339844,0.9899202514007885,0.6368904113769531,155.60323915738783,26.29287810633603,6.757282416160425,263.68389892578125,0.0,0.0,False,,-10.061767741190373,False,
negative,/mnt/MammoDiffusion/MammoDiffusion/experiments/diffusers/02_sd21_filtered_100steps/generated_images/final/negative/gen_0545.png,gen_0545.png,24.8956,11.0,1.0,0.8557090759277344,0.9988810577793232,0.84930419921875,115.3203916636723,51.808249074974036,7.1617631390770775,1408.5462646484375,0.0,0.0,False,,-8.176801586459538,False,
negative,/mnt/MammoDiffusion/MammoDiffusion/experiments/diffusers/02_sd21_filtered_100steps/generated_images/final/negative/gen_0546.png,gen_0546.png,202.0,101.0,16.0,0.04920196533203125,0.5156613428438518,0.024700164794921875,217.36555984555986,12.086213594401984,6.216562761743629,582.6987915039062,0.0,0.0,True,too_empty,,False,
negative,/mnt/MammoDiffusion/MammoDiffusion/experiments/diffusers/02_sd21_filtered_100steps/generated_images/final/negative/gen_0547.png,gen_0547.png,19.8956,6.0,1.0,0.7245368957519531,0.9982204250972712,0.71673583984375,145.88678893809077,29.538572505200214,6.464767101964535,262.3774719238281,0.0,0.0,False,,-6.860098571302149,True,831.0
negative,/mnt/MammoDiffusion/MammoDiffusion/experiments/diffusers/02_sd21_filtered_100steps/generated_images/final/negative/gen_0548.png,gen_0548.png,52.7912,30.0,2.0,0.5523109436035156,1.0,0.5464324951171875,166.21327943927844,24.72784355947365,6.2281064051857395,279.5202941894531,0.0,0.0,False,,-6.3596814638940256,True,599.0
negative,/mnt/MammoDiffusion/MammoDiffusion/experiments/diffusers/02_sd21_filtered_100steps/generated_images/final/negative/gen_0549.png,gen_0549.png,61.0,56.0,0.0,0.7045402526855469,0.9982565474224515,0.6971282958984375,160.46987107930045,24.293602369885935,5.90160810786302,313.4451904296875,0.0,0.0,False,,-6.707954008122249,True,762.0
negative,/mnt/MammoDiffusion/MammoDiffusion/experiments/diffusers/02_sd21_filtered_100steps/generated_images/final/negative/gen_0550.png,gen_0550.png,56.478,7.0,5.0,0.7323799133300781,0.9707483241227362,0.8283882141113281,99.26147441712678,48.29694329892242,7.421332669538575,1092.2236328125,0.0,0.0,False,,-17.95637440269109,False,
negative,/mnt/MammoDiffusion/MammoDiffusion/experiments/diffusers/02_sd21_filtered_100steps/generated_images/final/negative/gen_0551.png,gen_0551.png,10.0,0.0,0.0,0.89801025390625,1.0,0.8874092102050781,147.24456538092844,30.168412859870326,6.430821024815222,201.58543395996094,0.0,0.0,False,,-8.310942126953364,False,
negative,/mnt/MammoDiffusion/MammoDiffusion/experiments/diffusers/02_sd21_filtered_100steps/generated_images/final/negative/gen_0552.png,gen_0552.png,112.7912,90.0,2.0,0.31378936767578125,0.9999149018940408,0.3083457946777344,166.98371911766526,30.43937721113118,5.228232005004329,213.9071807861328,0.0,0.0,False,,-4.714214246214651,True,86.0
negative,/mnt/MammoDiffusion/MammoDiffusion/experiments/diffusers/02_sd21_filtered_100steps/generated_images/final/negative/gen_0553.png,gen_0553.png,77.0,72.0,0.0,0.704193115234375,0.9999837486457205,0.6982154846191406,160.49132123715395,20.74602540694539,5.679729308220758,121.96952819824219,0.0,0.0,False,,-7.236947188906263,True,1037.0
negative,/mnt/MammoDiffusion/MammoDiffusion/experiments/diffusers/02_sd21_filtered_100steps/generated_images/final/negative/gen_0554.png,gen_0554.png,118.7912,96.0,2.0,0.38287353515625,0.9771441096763909,0.3881950378417969,155.9610565726246,32.30031037748672,5.85258823190696,467.72723388671875,0.0,0.0,False,,-11.876624170740847,False,
negative,/mnt/MammoDiffusion/MammoDiffusion/experiments/diffusers/02_sd21_filtered_100steps/generated_images/final/negative/gen_0555.png,gen_0555.png,177.6428,57.0,13.0,0.10867691040039062,0.7857769665484924,0.08663177490234375,203.6774108322325,17.60603494236459,7.334304461788758,1036.9307861328125,0.0,0.0,True,too_empty,,False,
negative,/mnt/MammoDiffusion/MammoDiffusion/experiments/diffusers/02_sd21_filtered_100steps/generated_images/final/negative/gen_0556.png,gen_0556.png,151.7912,129.0,2.0,0.2774658203125,0.9713484381874176,0.2840843200683594,173.36512199379624,18.55509894901625,5.274135027076912,84.74396514892578,0.0,0.0,False,,-15.812215159630474,False,
negative,/mnt/MammoDiffusion/MammoDiffusion/experiments/diffusers/02_sd21_filtered_100steps/generated_images/final/negative/gen_0557.png,gen_0557.png,14.8956,1.0,1.0,0.9365425109863281,0.9999918536591327,0.9296379089355469,117.1331929962782,30.28584305208552,6.670813343281317,331.0185546875,0.0,0.0,False,,-8.088687343954948,False,
negative,/mnt/MammoDiffusion/MammoDiffusion/experiments/diffusers/02_sd21_filtered_100steps/generated_images/final/negative/gen_0558.png,gen_0558.png,122.8956,109.0,1.0,0.3353538513183594,0.9967012091774635,0.3308677673339844,163.9326800023059,26.2994493393151,5.12213309723235,187.31134033203125,0.0,0.0,False,,-5.029006942177999,True,143.0
negative,/mnt/MammoDiffusion/MammoDiffusion/experiments/diffusers/02_sd21_filtered_100steps/generated_images/final/negative/gen_0559.png,gen_0559.png,143.2692,76.0,7.0,0.3516960144042969,0.9946634850046098,0.3454437255859375,180.39180175802818,21.01743760195367,6.862700995837452,167.0576934814453,0.0,0.0,False,,-7.777773425122491,True,1319.0
negative,/mnt/MammoDiffusion/MammoDiffusion/experiments/diffusers/02_sd21_filtered_100steps/generated_images/final/negative/gen_0560.png,gen_0560.png,111.6868,80.0,3.0,0.5458030700683594,0.9990285087259486,0.5394973754882812,163.09260673426385,20.66354684629257,6.311870389807367,178.70263671875,0.0,0.0,False,,-6.312816764454619,True,583.0
negative,/mnt/MammoDiffusion/MammoDiffusion/experiments/diffusers/02_sd21_filtered_100steps/generated_images/final/negative/gen_0561.png,gen_0561.png,44.5824,4.0,4.0,0.5896186828613281,0.9950635654902468,0.5796051025390625,183.78113070949058,21.490508464722105,6.752428111607863,672.0914916992188,0.0,0.0,False,,-7.930686759912881,False,
negative,/mnt/MammoDiffusion/MammoDiffusion/experiments/diffusers/02_sd21_filtered_100steps/generated_images/final/negative/gen_0562.png,gen_0562.png,14.8956,1.0,1.0,0.8497085571289062,0.999847359773015,0.8446502685546875,155.02535452985276,38.81065287433068,6.1378904240128245,554.680908203125,0.0,0.0,False,,-6.919287693482458,True,857.0
negative,/mnt/MammoDiffusion/MammoDiffusion/experiments/diffusers/02_sd21_filtered_100steps/generated_images/final/negative/gen_0563.png,gen_0563.png,10.0,0.0,0.0,0.8581466674804688,1.0,0.8506813049316406,136.1173582181246,28.600043875249657,6.389771891921839,365.5091857910156,0.0,0.0,False,,-7.699334009236834,True,1281.0
negative,/mnt/MammoDiffusion/MammoDiffusion/experiments/diffusers/02_sd21_filtered_100steps/generated_images/final/negative/gen_0564.png,gen_0564.png,95.7912,73.0,2.0,0.3416557312011719,0.9912575505510088,0.37358856201171875,138.77463393714135,41.26740237080487,5.9932385071977485,745.68017578125,0.0,0.0,False,,-5.917088582741778,True,422.0
negative,/mnt/MammoDiffusion/MammoDiffusion/experiments/diffusers/02_sd21_filtered_100steps/generated_images/final/negative/gen_0565.png,gen_0565.png,65.7912,43.0,2.0,0.5983047485351562,0.9977748307213629,0.5915374755859375,156.3151585111048,27.11542260241673,6.462821708245055,435.9892578125,0.0,0.0,False,,-6.265345949025445,True,567.0
negative,/mnt/MammoDiffusion/MammoDiffusion/experiments/diffusers/02_sd21_filtered_100steps/generated_images/final/negative/gen_0566.png,gen_0566.png,71.7912,49.0,2.0,0.47925567626953125,0.992088129009663,0.5423660278320312,120.89344343006654,48.80697941945353,6.717190549436116,1197.1781005859375,0.0,0.0,False,,-7.878750798741107,False,
negative,/mnt/MammoDiffusion/MammoDiffusion/experiments/diffusers/02_sd21_filtered_100steps/generated_images/final/negative/gen_0567.png,gen_0567.png,130.7912,108.0,2.0,0.3520851135253906,0.9476797729070284,0.35556793212890625,167.34231305653898,33.25012586839295,6.307992010068197,406.40576171875,0.0,0.0,False,,-23.862194690443463,False,
negative,/mnt/MammoDiffusion/MammoDiffusion/experiments/diffusers/02_sd21_filtered_100steps/generated_images/final/negative/gen_0568.png,gen_0568.png,125.8956,112.0,1.0,0.16347122192382812,0.9349870487480456,0.163055419921875,174.6384287853266,36.26070382763616,4.601917868552272,237.85914611816406,0.0,0.0,False,,-28.723935531909238,False,
negative,/mnt/MammoDiffusion/MammoDiffusion/experiments/diffusers/02_sd21_filtered_100steps/generated_images/final/negative/gen_0569.png,gen_0569.png,94.5824,54.0,4.0,0.4498863220214844,0.9960995463602832,0.44022369384765625,174.72011750229632,21.021408431489938,6.4017977113196975,340.31964111328125,0.0,0.0,False,,-6.606096736029108,True,711.0
negative,/mnt/MammoDiffusion/MammoDiffusion/experiments/diffusers/02_sd21_filtered_100steps/generated_images/final/negative/gen_0570.png,gen_0570.png,69.7912,47.0,2.0,0.6092948913574219,0.9983847035179655,0.6025047302246094,169.3493348866363,25.13676669475352,6.262071401584132,342.25823974609375,0.0,0.0,False,,-6.3980528496233955,True,619.0
negative,/mnt/MammoDiffusion/MammoDiffusion/experiments/diffusers/02_sd21_filtered_100steps/generated_images/final/negative/gen_0571.png,gen_0571.png,195.0,183.0,3.0,0.048572540283203125,0.6443100604727873,0.031986236572265625,214.07692307692307,12.906375327891208,6.7413961148696515,1034.072021484375,0.0,0.0,True,too_empty,,False,
negative,/mnt/MammoDiffusion/MammoDiffusion/experiments/diffusers/02_sd21_filtered_100steps/generated_images/final/negative/gen_0572.png,gen_0572.png,10.0,0.0,0.0,0.8463897705078125,0.9988597234491338,0.8383941650390625,97.77689962689962,66.17639551334463,6.992566866649985,1450.7889404296875,0.0,0.0,False,,-8.472542513695522,False,
negative,/mnt/MammoDiffusion/MammoDiffusion/experiments/diffusers/02_sd21_filtered_100steps/generated_images/final/negative/gen_0573.png,gen_0573.png,112.7912,90.0,2.0,0.36431884765625,0.9803673144580332,0.38519287109375,154.82545357312628,38.07185361477237,5.812874198786447,547.5902709960938,0.0,0.0,False,,-10.172966959350337,False,
negative,/mnt/MammoDiffusion/MammoDiffusion/experiments/diffusers/02_sd21_filtered_100steps/generated_images/final/negative/gen_0574.png,gen_0574.png,30.7912,8.0,2.0,0.65625,0.9885428292410714,0.6470565795898438,103.06453172347926,52.047351289173406,7.062302735865985,1974.9683837890625,0.0,0.0,False,,-11.116708687263595,False,
negative,/mnt/MammoDiffusion/MammoDiffusion/experiments/diffusers/02_sd21_filtered_100steps/generated_images/final/negative/gen_0575.png,gen_0575.png,220.0,198.0,35.0,0.369903564453125,0.9544592030360531,0.35216522216796875,233.16140947594187,15.716135718284626,6.3393022749515415,1225.5040283203125,0.0,0.0,False,,-23.766999927515528,False,
negative,/mnt/MammoDiffusion/MammoDiffusion/experiments/diffusers/02_sd21_filtered_100steps/generated_images/final/negative/gen_0576.png,gen_0576.png,70.8956,57.0,1.0,0.7521018981933594,0.999974639757759,0.74578857421875,149.67802704803995,25.962918222725083,6.221856336497394,105.78666687011719,0.0,0.0,False,,-7.564407757802405,True,1216.0
negative,/mnt/MammoDiffusion/MammoDiffusion/experiments/diffusers/02_sd21_filtered_100steps/generated_images/final/negative/gen_0577.png,gen_0577.png,110.8956,97.0,1.0,0.44893646240234375,0.9998725421885356,0.443389892578125,168.23569240828687,23.970381478630678,5.576776885732283,137.31317138671875,0.0,0.0,False,,-5.329260363069685,True,227.0
negative,/mnt/MammoDiffusion/MammoDiffusion/experiments/diffusers/02_sd21_filtered_100steps/generated_images/final/negative/gen_0578.png,gen_0578.png,10.0,0.0,0.0,0.7430763244628906,0.9989270661676755,0.7378082275390625,99.38239095816185,55.18080110169133,6.497421460174299,1452.4520263671875,0.0,0.0,False,,-6.838573553092518,True,819.0
negative,/mnt/MammoDiffusion/MammoDiffusion/experiments/diffusers/02_sd21_filtered_100steps/generated_images/final/negative/gen_0579.png,gen_0579.png,119.8956,106.0,1.0,0.35338592529296875,0.8859647228998899,0.2902984619140625,160.71533508541393,37.852898122088355,6.142100401471126,790.8754272460938,0.0,0.0,False,,-46.966102826442345,False,
negative,/mnt/MammoDiffusion/MammoDiffusion/experiments/diffusers/02_sd21_filtered_100steps/generated_images/final/negative/gen_0580.png,gen_0580.png,110.8956,97.0,1.0,0.49297332763671875,0.9974618896541051,0.4862709045410156,163.43399778776683,25.851390813174746,5.722537154294383,383.8636474609375,0.0,0.0,False,,-5.308939713245355,True,220.0
negative,/mnt/MammoDiffusion/MammoDiffusion/experiments/diffusers/02_sd21_filtered_100steps/generated_images/final/negative/gen_0581.png,gen_0581.png,220.0,193.0,60.0,0.17411041259765625,0.5700451338679287,0.09788894653320312,252.50598184014652,15.588038943348662,6.839241691305232,1371.2330322265625,0.0,0.0,True,too_empty,,False,
negative,/mnt/MammoDiffusion/MammoDiffusion/experiments/diffusers/02_sd21_filtered_100steps/generated_images/final/negative/gen_0582.png,gen_0582.png,143.0,138.0,0.0,0.10918807983398438,0.7256751563428012,0.07725906372070312,197.35021972053522,24.22942777230652,5.548806780956657,782.529296875,0.0,0.0,True,too_empty,,False,
negative,/mnt/MammoDiffusion/MammoDiffusion/experiments/diffusers/02_sd21_filtered_100steps/generated_images/final/negative/gen_0583.png,gen_0583.png,82.8956,69.0,1.0,0.6706466674804688,0.9998179811838048,0.6647148132324219,153.83287900786797,20.994585555594206,5.986092062380891,145.68946838378906,0.0,0.0,False,,-7.045306477019489,True,923.0
negative,/mnt/MammoDiffusion/MammoDiffusion/experiments/diffusers/02_sd21_filtered_100steps/generated_images/final/negative/gen_0584.png,gen_0584.png,14.8956,1.0,1.0,0.8134078979492188,0.9999906204567838,0.8023910522460938,152.62317559022924,23.529351331363937,6.160573708359555,555.1220703125,0.0,0.0,False,,-7.486870439344319,True,1168.0
negative,/mnt/MammoDiffusion/MammoDiffusion/experiments/diffusers/02_sd21_filtered_100steps/generated_images/final/negative/gen_0585.png,gen_0585.png,112.7912,90.0,2.0,0.3975982666015625,0.997188855202057,0.39231109619140625,173.56610139826142,18.769855952840178,5.839031148667421,281.2520446777344,0.0,0.0,False,,-5.572089294476003,True,297.0
negative,/mnt/MammoDiffusion/MammoDiffusion/experiments/diffusers/02_sd21_filtered_100steps/generated_images/final/negative/gen_0586.png,gen_0586.png,220.0,177.0,42.0,0.09771347045898438,0.6540308413039235,0.05994415283203125,254.33778795978108,1.857584090360574,7.375253706749471,539.20751953125,0.0,0.0,True,too_empty,,False,
negative,/mnt/MammoDiffusion/MammoDiffusion/experiments/diffusers/02_sd21_filtered_100steps/generated_images/final/negative/gen_0587.png,gen_0587.png,95.7912,73.0,2.0,0.34503173828125,0.9675283035556341,0.3850975036621094,143.02996503254053,46.613283436642426,6.2411429136750876,709.3758544921875,0.0,0.0,False,,-15.36741915872178,False,
negative,/mnt/MammoDiffusion/MammoDiffusion/experiments/diffusers/02_sd21_filtered_100steps/generated_images/final/negative/gen_0588.png,gen_0588.png,10.0,0.0,0.0,0.8196334838867188,0.9987201087209465,0.8130149841308594,124.75529613798345,37.88171328414698,6.466827662568856,769.0667724609375,0.0,0.0,False,,-6.032116495869232,True,469.0
negative,/mnt/MammoDiffusion/MammoDiffusion/experiments/diffusers/02_sd21_filtered_100steps/generated_images/final/negative/gen_0589.png,gen_0589.png,62.6868,31.0,3.0,0.5414695739746094,0.99819645914205,0.534576416015625,180.239296112348,22.173185064346534,6.321981885174017,477.7519836425781,0.0,0.0,False,,-6.23251351623896,True,555.0
negative,/mnt/MammoDiffusion/MammoDiffusion/experiments/diffusers/02_sd21_filtered_100steps/generated_images/final/negative/gen_0590.png,gen_0590.png,216.0,97.0,97.0,0.045726776123046875,0.214732627012597,0.00621795654296875,220.88282208588956,4.791519797984929,6.776722420032042,1024.653564453125,0.0,0.0,True,too_empty,,False,
negative,/mnt/MammoDiffusion/MammoDiffusion/experiments/diffusers/02_sd21_filtered_100steps/generated_images/final/negative/gen_0591.png,gen_0591.png,72.8956,59.0,1.0,0.649932861328125,0.9971944405315303,0.6598358154296875,123.2781201581759,42.33570694047079,6.25178834326226,541.9539794921875,0.0,0.0,False,,-5.564332624616488,True,294.0
negative,/mnt/MammoDiffusion/MammoDiffusion/experiments/diffusers/02_sd21_filtered_100steps/generated_images/final/negative/gen_0592.png,gen_0592.png,35.7912,13.0,2.0,0.7753982543945312,0.9880698198419805,0.7599868774414062,147.4823717787839,29.75015631585151,6.624345180653682,310.4209289550781,0.0,0.0,False,,-11.0917046798906,False,
negative,/mnt/MammoDiffusion/MammoDiffusion/experiments/diffusers/02_sd21_filtered_100steps/generated_images/final/negative/gen_0593.png,gen_0593.png,166.85160000000002,64.0,11.0,0.13245391845703125,0.7594320603651863,0.09769439697265625,199.17130027333073,16.07193112716154,7.34131709146651,843.7929077148438,0.0,0.0,True,too_empty,,False,
negative,/mnt/MammoDiffusion/MammoDiffusion/experiments/diffusers/02_sd21_filtered_100steps/generated_images/final/negative/gen_0594.png,gen_0594.png,128.8956,115.0,1.0,0.22339630126953125,0.9406441036849834,0.24267578125,158.92525465291752,33.32841985376722,4.93888594656848,318.20050048828125,0.0,0.0,False,,-26.09995081213483,False,
negative,/mnt/MammoDiffusion/MammoDiffusion/experiments/diffusers/02_sd21_filtered_100steps/generated_images/final/negative/gen_0595.png,gen_0595.png,159.8956,146.0,1.0,0.08596420288085938,0.6486354559573996,0.053623199462890625,206.16980863626662,24.451818302156088,5.890902022073885,949.3494873046875,0.0,0.0,True,too_empty,,False,
negative,/mnt/MammoDiffusion/MammoDiffusion/experiments/diffusers/02_sd21_filtered_100steps/generated_images/final/negative/gen_0596.png,gen_0596.png,10.0,0.0,0.0,0.89385986328125,0.9985276544895869,0.8838920593261719,140.44657261109936,23.62166930006071,5.992976213313889,207.23812866210938,0.0,0.0,False,,-7.768682063419683,True,1315.0
negative,/mnt/MammoDiffusion/MammoDiffusion/experiments/diffusers/02_sd21_filtered_100steps/generated_images/final/negative/gen_0597.png,gen_0597.png,112.8956,99.0,1.0,0.2651939392089844,0.9999280772163006,0.2600135803222656,170.26362582708586,32.03851286117589,4.456257811781002,219.089599609375,0.0,0.0,False,,-4.356733284033412,True,39.0
negative,/mnt/MammoDiffusion/MammoDiffusion/experiments/diffusers/02_sd21_filtered_100steps/generated_images/final/negative/gen_0598.png,gen_0598.png,122.8956,109.0,1.0,0.5823745727539062,0.9972750972711671,0.5749168395996094,174.50182136672174,19.358343117173813,5.752001337698164,115.75743103027344,0.0,0.0,False,,-6.903181677654796,True,851.0
negative,/mnt/MammoDiffusion/MammoDiffusion/experiments/diffusers/02_sd21_filtered_100steps/generated_images/final/negative/gen_0599.png,gen_0599.png,89.8956,76.0,1.0,0.71832275390625,0.9960117682046054,0.7136116027832031,139.99867428595866,32.83173769259955,6.6426149177838045,354.46258544921875,0.0,0.0,False,,-7.424686126337997,True,1133.0
negative,/mnt/MammoDiffusion/MammoDiffusion/experiments/diffusers/02_sd21_filtered_100steps/generated_images/final/negative/gen_0600.png,gen_0600.png,74.8956,61.0,1.0,0.5011405944824219,0.9968638436184546,0.5351219177246094,129.52249445747404,49.55869182313122,6.336047010388205,914.6322631835938,0.0,0.0,False,,-5.51201244841068,True,270.0
negative,/mnt/MammoDiffusion/MammoDiffusion/experiments/diffusers/02_sd21_filtered_100steps/generated_images/final/negative/gen_0601.png,gen_0601.png,103.8956,90.0,1.0,0.31394195556640625,0.850482393253785,0.2826576232910156,148.70808534758493,44.75565496911218,6.436651361266862,863.93701171875,0.0,0.0,False,,-60.84218971183775,False,
negative,/mnt/MammoDiffusion/MammoDiffusion/experiments/diffusers/02_sd21_filtered_100steps/generated_images/final/negative/gen_0602.png,gen_0602.png,10.0,0.0,0.0,0.833709716796875,0.9987279915077418,0.8257255554199219,141.44163097861488,28.321436689773556,6.276595092371268,267.20123291015625,0.0,0.0,False,,-7.225049656672732,True,1029.0
negative,/mnt/MammoDiffusion/MammoDiffusion/experiments/diffusers/02_sd21_filtered_100steps/generated_images/final/negative/gen_0603.png,gen_0603.png,182.0,170.0,7.0,0.044696807861328125,0.4774259622770334,0.0236358642578125,192.9698192382182,11.432764098494223,6.718286722171782,791.3234252929688,0.0,0.0,True,too_empty,,False,
negative,/mnt/MammoDiffusion/MammoDiffusion/experiments/diffusers/02_sd21_filtered_100steps/generated_images/final/negative/gen_0604.png,gen_0604.png,10.0,0.0,0.0,0.8031463623046875,0.9986653367531111,0.7983436584472656,91.23876988355369,54.78331200435841,6.696908234531685,1016.4733276367188,0.0,0.0,False,,-6.654614919380041,True,742.0
negative,/mnt/MammoDiffusion/MammoDiffusion/experiments/diffusers/02_sd21_filtered_100steps/generated_images/final/negative/gen_0605.png,gen_0605.png,103.956,10.0,10.0,0.4686393737792969,0.8532775475983101,0.42644500732421875,148.8198407728777,41.07830406639879,7.45063354474125,1294.1612548828125,0.0,0.0,False,,-60.59179842178088,False,
negative,/mnt/MammoDiffusion/MammoDiffusion/experiments/diffusers/02_sd21_filtered_100steps/generated_images/final/negative/gen_0606.png,gen_0606.png,154.2692,87.0,7.0,0.1324462890625,0.4653225806451613,0.061809539794921875,172.52545824847252,14.238094611864968,6.604970751984958,73.54161071777344,0.0,0.0,True,too_empty,,False,
negative,/mnt/MammoDiffusion/MammoDiffusion/experiments/diffusers/02_sd21_filtered_100steps/generated_images/final/negative/gen_0607.png,gen_0607.png,74.8956,61.0,1.0,0.44759368896484375,0.9999744319634547,0.4419288635253906,167.28633825065387,26.675581817332073,5.711698200349643,301.6670227050781,0.0,0.0,False,,-5.091827137807427,True,167.0
negative,/mnt/MammoDiffusion/MammoDiffusion/experiments/diffusers/02_sd21_filtered_100steps/generated_images/final/negative/gen_0608.png,gen_0608.png,102.6868,71.0,3.0,0.38220977783203125,0.7990398626664271,0.3286705017089844,151.36046147239406,45.921158225353444,6.688933541755837,970.0363159179688,0.0,0.0,False,,-80.51490351398158,False,
negative,/mnt/MammoDiffusion/MammoDiffusion/experiments/diffusers/02_sd21_filtered_100steps/generated_images/final/negative/gen_0609.png,gen_0609.png,36.0,31.0,0.0,0.6542091369628906,0.9980116270255457,0.6489448547363281,128.81637931541232,45.672435668974416,6.175563588565953,937.3134155273438,0.0,0.0,False,,-5.517783172567173,True,272.0
negative,/mnt/MammoDiffusion/MammoDiffusion/experiments/diffusers/02_sd21_filtered_100steps/generated_images/final/negative/gen_0610.png,gen_0610.png,42.6868,11.0,3.0,0.7354469299316406,0.9991389728880198,0.7299156188964844,163.60834208724646,29.10464754361761,6.853245650499119,407.9698791503906,0.0,0.0,False,,-7.349295205436405,True,1101.0
negative,/mnt/MammoDiffusion/MammoDiffusion/experiments/diffusers/02_sd21_filtered_100steps/generated_images/final/negative/gen_0611.png,gen_0611.png,10.0,0.0,0.0,0.877532958984375,0.9979307946444097,0.8676261901855469,162.29961792624965,20.68507801775043,5.84574684986155,408.34918212890625,0.0,0.0,False,,-8.035789000208702,False,
negative,/mnt/MammoDiffusion/MammoDiffusion/experiments/diffusers/02_sd21_filtered_100steps/generated_images/final/negative/gen_0612.png,gen_0612.png,197.0,65.0,24.0,0.04803466796875,0.7984434561626429,0.039093017578125,213.7293130366901,10.735760290760282,6.880196660794287,503.0705261230469,0.0,0.0,True,too_empty,,False,
negative,/mnt/MammoDiffusion/MammoDiffusion/experiments/diffusers/02_sd21_filtered_100steps/generated_images/final/negative/gen_0613.png,gen_0613.png,125.47800000000001,76.0,5.0,0.2796897888183594,0.5015207517833031,0.15182876586914062,178.92985100876862,30.51097554575174,7.0118933209549255,1132.8338623046875,0.0,0.0,True,fragmented_mask,,False,
negative,/mnt/MammoDiffusion/MammoDiffusion/experiments/diffusers/02_sd21_filtered_100steps/generated_images/final/negative/gen_0614.png,gen_0614.png,63.7912,41.0,2.0,0.5886650085449219,0.9982049703528497,0.5817298889160156,164.82141288025338,24.256203728847115,6.219673721700976,337.668212890625,0.0,0.0,False,,-6.263961459579958,True,565.0
negative,/mnt/MammoDiffusion/MammoDiffusion/experiments/diffusers/02_sd21_filtered_100steps/generated_images/final/negative/gen_0615.png,gen_0615.png,135.8956,122.0,1.0,0.10597610473632812,0.7949677837370865,0.08386993408203125,188.27508414445558,26.906739530818502,5.907646523279471,857.6148071289062,0.0,0.0,True,too_empty,,False,
negative,/mnt/MammoDiffusion/MammoDiffusion/experiments/diffusers/02_sd21_filtered_100steps/generated_images/final/negative/gen_0616.png,gen_0616.png,74.7912,52.0,2.0,0.4768409729003906,0.9999600003199974,0.4710960388183594,160.24874691283048,26.75474770781024,6.2061584502817375,342.052978515625,0.0,0.0,False,,-5.520316345528841,True,274.0
negative,/mnt/MammoDiffusion/MammoDiffusion/experiments/diffusers/02_sd21_filtered_100steps/generated_images/final/negative/gen_0617.png,gen_0617.png,29.7912,7.0,2.0,0.5271186828613281,0.9979374877877566,0.51666259765625,170.97415829887774,25.10855838806719,6.114604974688494,608.4725952148438,0.0,0.0,False,,-5.539896242708628,True,281.0
negative,/mnt/MammoDiffusion/MammoDiffusion/experiments/diffusers/02_sd21_filtered_100steps/generated_images/final/negative/gen_0618.png,gen_0618.png,209.06040000000002,124.0,9.0,0.06474685668945312,0.8374477110705237,0.05387115478515625,224.8321059340037,9.178866368907649,6.649694695078914,172.60012817382812,0.0,0.0,True,too_empty,,False,
negative,/mnt/MammoDiffusion/MammoDiffusion/experiments/diffusers/02_sd21_filtered_100steps/generated_images/final/negative/gen_0619.png,gen_0619.png,33.8956,20.0,1.0,0.7895736694335938,0.9986230686726382,0.7857322692871094,118.22327466925597,49.577619800685035,7.112802643364382,1305.320556640625,0.0,0.0,False,,-7.515378490338675,True,1189.0
negative,/mnt/MammoDiffusion/MammoDiffusion/experiments/diffusers/02_sd21_filtered_100steps/generated_images/final/negative/gen_0620.png,gen_0620.png,115.0,110.0,0.0,0.18093109130859375,0.6218005481762597,0.1085205078125,184.57202615298087,32.424659807611874,5.933180555466555,846.0491943359375,0.0,0.0,True,too_empty,,False,
negative,/mnt/MammoDiffusion/MammoDiffusion/experiments/diffusers/02_sd21_filtered_100steps/generated_images/final/negative/gen_0621.png,gen_0621.png,24.7912,2.0,2.0,0.6186790466308594,0.9974843232644606,0.6098823547363281,141.88007655885463,37.90199572130577,6.503190701430549,945.3822021484375,0.0,0.0,False,,-5.694274896237563,True,338.0
negative,/mnt/MammoDiffusion/MammoDiffusion/experiments/diffusers/02_sd21_filtered_100steps/generated_images/final/negative/gen_0622.png,gen_0622.png,70.7912,48.0,2.0,0.46539306640625,0.9982868852459016,0.4601936340332031,155.54125185473777,29.88011196503322,6.099140518653285,546.5076293945312,0.0,0.0,False,,-4.567212961847296,True,63.0
negative,/mnt/MammoDiffusion/MammoDiffusion/experiments/diffusers/02_sd21_filtered_100steps/generated_images/final/negative/gen_0623.png,gen_0623.png,96.8956,83.0,1.0,0.8185882568359375,0.9999906798143419,0.8111839294433594,159.0949037606926,21.621382615836147,6.249278245386484,154.10687255859375,0.0,0.0,False,,-8.370225586568402,False,
negative,/mnt/MammoDiffusion/MammoDiffusion/experiments/diffusers/02_sd21_filtered_100steps/generated_images/final/negative/gen_0624.png,gen_0624.png,18.8956,5.0,1.0,0.629791259765625,0.9990793235450889,0.6259727478027344,96.49794326457236,56.237873852978566,6.245584178510996,1425.069580078125,0.0,0.0,False,,-5.897825591080591,True,413.0
negative,/mnt/MammoDiffusion/MammoDiffusion/experiments/diffusers/02_sd21_filtered_100steps/generated_images/final/negative/gen_0625.png,gen_0625.png,27.8956,14.0,1.0,0.8180923461914062,0.9987923043206596,0.8127937316894531,101.74819894024941,51.08138968847024,7.193882613455649,1001.26318359375,0.0,0.0,False,,-7.105341479102982,True,956.0
negative,/mnt/MammoDiffusion/MammoDiffusion/experiments/diffusers/02_sd21_filtered_100steps/generated_images/final/negative/gen_0626.png,gen_0626.png,132.3736,74.0,6.0,0.4986724853515625,0.9754750466631988,0.4937744140625,151.1084517923362,21.437262857622144,6.731530138891802,298.8868713378906,0.0,0.0,False,,-14.690282824301372,False,
negative,/mnt/MammoDiffusion/MammoDiffusion/experiments/diffusers/02_sd21_filtered_100steps/generated_images/final/negative/gen_0627.png,gen_0627.png,121.8956,108.0,1.0,0.3276252746582031,0.9768411247598533,0.3277244567871094,155.81864953265588,31.96418247243191,5.123576102537694,205.5276336669922,0.0,0.0,False,,-12.115668774056148,False,
negative,/mnt/MammoDiffusion/MammoDiffusion/experiments/diffusers/02_sd21_filtered_100steps/generated_images/final/negative/gen_0628.png,gen_0628.png,78.6868,47.0,3.0,0.7737274169921875,0.9981560731259984,0.7657203674316406,157.5673420382705,30.67719975143039,7.092621075780496,400.41815185546875,0.0,0.0,False,,-7.707591338676978,True,1286.0
negative,/mnt/MammoDiffusion/MammoDiffusion/experiments/diffusers/02_sd21_filtered_100steps/generated_images/final/negative/gen_0629.png,gen_0629.png,220.0,53.0,20.0,0.07957077026367188,0.7428448151876887,0.05881500244140625,233.53320793877288,11.947998564886692,7.324454993884407,904.7294921875,0.0,0.0,True,too_empty,,False,
negative,/mnt/MammoDiffusion/MammoDiffusion/experiments/diffusers/02_sd21_filtered_100steps/generated_images/final/negative/gen_0630.png,gen_0630.png,144.8956,131.0,1.0,0.17296981811523438,0.67157003286064,0.11415481567382812,198.504126984127,19.37036013621754,5.237312218938021,519.9981689453125,0.0,0.0,True,fragmented_mask,,False,
negative,/mnt/MammoDiffusion/MammoDiffusion/experiments/diffusers/02_sd21_filtered_100steps/generated_images/final/negative/gen_0631.png,gen_0631.png,183.0,161.0,8.0,0.04941558837890625,0.6555504091400339,0.0317840576171875,205.25468074891984,14.016628076399696,6.7779783047279185,1343.1883544921875,0.0,0.0,True,too_empty,,False,
negative,/mnt/MammoDiffusion/MammoDiffusion/experiments/diffusers/02_sd21_filtered_100steps/generated_images/final/negative/gen_0632.png,gen_0632.png,117.0604,32.0,9.0,0.664825439453125,0.9981064952949277,0.6578140258789062,163.31688335788266,20.50735579885872,6.515763865750813,205.42002868652344,0.0,0.0,False,,-7.4165719253085225,True,1132.0
negative,/mnt/MammoDiffusion/MammoDiffusion/experiments/diffusers/02_sd21_filtered_100steps/generated_images/final/negative/gen_0633.png,gen_0633.png,65.6868,34.0,3.0,0.4730491638183594,0.9969759771625796,0.4747276306152344,127.68556895706607,47.932335027383004,6.8335286311010766,1178.1220703125,0.0,0.0,False,,-5.712906052648118,True,345.0
negative,/mnt/MammoDiffusion/MammoDiffusion/experiments/diffusers/02_sd21_filtered_100steps/generated_images/final/negative/gen_0634.png,gen_0634.png,76.6868,45.0,3.0,0.494140625,0.9970124135375494,0.4868049621582031,173.95213653781354,21.125474885874507,6.206076742432931,460.06829833984375,0.0,0.0,False,,-6.230440947484264,True,552.0
negative,/mnt/MammoDiffusion/MammoDiffusion/experiments/diffusers/02_sd21_filtered_100steps/generated_images/final/negative/gen_0635.png,gen_0635.png,16.8956,3.0,1.0,0.8392372131347656,1.0,0.8311195373535156,169.73971992858225,18.615388190062955,6.0762761096712286,173.52676391601562,0.0,0.0,False,,-8.68496540316909,False,
negative,/mnt/MammoDiffusion/MammoDiffusion/experiments/diffusers/02_sd21_filtered_100steps/generated_images/final/negative/gen_0636.png,gen_0636.png,212.0,161.0,21.0,0.0481109619140625,0.44108785283856644,0.020267486572265625,218.9013739883305,6.27499436614118,6.785988479881571,461.326416015625,0.0,0.0,True,too_empty,,False,
negative,/mnt/MammoDiffusion/MammoDiffusion/experiments/diffusers/02_sd21_filtered_100steps/generated_images/final/negative/gen_0637.png,gen_0637.png,192.8956,179.0,1.0,0.05200958251953125,0.6521197007481296,0.036590576171875,213.43630108423687,16.367913061161417,6.604858900425403,1047.1610107421875,0.0,0.0,True,too_empty,,False,
negative,/mnt/MammoDiffusion/MammoDiffusion/experiments/diffusers/02_sd21_filtered_100steps/generated_images/final/negative/gen_0638.png,gen_0638.png,126.7912,104.0,2.0,0.40888214111328125,0.9971824678596085,0.4022369384765625,184.10029968514093,17.959458712997314,5.627167536962917,246.67648315429688,0.0,0.0,False,,-5.7368485932003965,True,355.0
negative,/mnt/MammoDiffusion/MammoDiffusion/experiments/diffusers/02_sd21_filtered_100steps/generated_images/final/negative/gen_0639.png,gen_0639.png,82.8956,69.0,1.0,0.7289505004882812,0.9978596472866189,0.7218246459960938,142.72773250467705,29.26120692499477,6.689389451713426,353.61572265625,0.0,0.0,False,,-7.059772191378882,True,928.0
negative,/mnt/MammoDiffusion/MammoDiffusion/experiments/diffusers/02_sd21_filtered_100steps/generated_images/final/negative/gen_0640.png,gen_0640.png,220.0,92.0,77.0,0.11104202270507812,0.3968188532756192,0.041881561279296875,253.6573458420621,12.799777894575135,7.263056655825972,1044.1580810546875,0.0,0.0,True,too_empty,,False,
negative,/mnt/MammoDiffusion/MammoDiffusion/experiments/diffusers/02_sd21_filtered_100steps/generated_images/final/negative/gen_0641.png,gen_0641.png,83.8956,70.0,1.0,0.4938011169433594,0.9973116410577302,0.48668670654296875,170.31712153752096,24.650926052045445,5.878248757956122,254.57095336914062,0.0,0.0,False,,-5.857834914805011,True,399.0
negative,/mnt/MammoDiffusion/MammoDiffusion/experiments/diffusers/02_sd21_filtered_100steps/generated_images/final/negative/gen_0642.png,gen_0642.png,151.95600000000002,58.0,10.0,0.4298553466796875,0.9802722658052607,0.431671142578125,170.83555143160126,19.290036837154542,6.806596653841812,233.98101806640625,0.0,0.0,False,,-13.062697459802084,False,
negative,/mnt/MammoDiffusion/MammoDiffusion/experiments/diffusers/02_sd21_filtered_100steps/generated_images/final/negative/gen_0643.png,gen_0643.png,70.6868,39.0,3.0,0.6982650756835938,0.9999672213541951,0.691558837890625,158.92628304134857,25.073643006567345,6.662943508604558,395.62322998046875,0.0,0.0,False,,-7.394437595653134,True,1121.0
negative,/mnt/MammoDiffusion/MammoDiffusion/experiments/diffusers/02_sd21_filtered_100steps/generated_images/final/negative/gen_0644.png,gen_0644.png,104.8956,91.0,1.0,0.3434410095214844,0.9985893747709123,0.33785247802734375,156.91387214055055,28.877838484697406,5.192577237703439,159.42471313476562,0.0,0.0,False,,-4.099954513551556,True,20.0
negative,/mnt/MammoDiffusion/MammoDiffusion/experiments/diffusers/02_sd21_filtered_100steps/generated_images/final/negative/gen_0645.png,gen_0645.png,92.8956,79.0,1.0,0.6228294372558594,0.9783121313644186,0.6356239318847656,139.18413203300824,37.11184059095673,6.360683573339584,750.615234375,0.0,0.0,False,,-12.7587481546724,False,
negative,/mnt/MammoDiffusion/MammoDiffusion/experiments/diffusers/02_sd21_filtered_100steps/generated_images/final/negative/gen_0646.png,gen_0646.png,67.8956,54.0,1.0,0.57354736328125,0.9975457592848781,0.5932350158691406,129.08921440651264,48.34374622187328,6.424760043667644,768.4157104492188,0.0,0.0,False,,-5.453631702631017,True,250.0
negative,/mnt/MammoDiffusion/MammoDiffusion/experiments/diffusers/02_sd21_filtered_100steps/generated_images/final/negative/gen_0647.png,gen_0647.png,10.0,0.0,0.0,0.9543991088867188,0.9999800151884568,0.9439811706542969,142.75404410427586,23.31800561885971,6.073708604207936,157.3516845703125,0.0,0.0,True,too_full,,False,
negative,/mnt/MammoDiffusion/MammoDiffusion/experiments/diffusers/02_sd21_filtered_100steps/generated_images/final/negative/gen_0648.png,gen_0648.png,93.47800000000001,44.0,5.0,0.6643562316894531,0.9356213072113093,0.66888427734375,130.39159594853544,37.68335073382181,7.208321293770959,786.6280517578125,0.0,0.0,False,,-29.762273201141667,False,
negative,/mnt/MammoDiffusion/MammoDiffusion/experiments/diffusers/02_sd21_filtered_100steps/generated_images/final/negative/gen_0649.png,gen_0649.png,14.8956,1.0,1.0,0.8029136657714844,0.9988217351849829,0.7970733642578125,146.63069280395123,23.971131763729947,6.14980778845948,510.6156311035156,0.0,0.0,False,,-6.928310468708231,True,862.0
negative,/mnt/MammoDiffusion/MammoDiffusion/experiments/diffusers/02_sd21_filtered_100steps/generated_images/final/negative/gen_0650.png,gen_0650.png,60.6868,29.0,3.0,0.50848388671875,1.0,0.5027198791503906,172.61756649087528,23.991646991085656,6.320174710097772,290.5602722167969,0.0,0.0,False,,-6.280001429205623,True,570.0
negative,/mnt/MammoDiffusion/MammoDiffusion/experiments/diffusers/02_sd21_filtered_100steps/generated_images/final/negative/gen_0651.png,gen_0651.png,188.0,167.0,5.0,0.04894256591796875,0.6611067809820733,0.033626556396484375,205.74554736245037,12.579315070327473,6.751084771175816,866.8936157226562,0.0,0.0,True,too_empty,,False,
negative,/mnt/MammoDiffusion/MammoDiffusion/experiments/diffusers/02_sd21_filtered_100steps/generated_images/final/negative/gen_0652.png,gen_0652.png,99.7912,77.0,2.0,0.4429893493652344,0.972659243758988,0.4500923156738281,142.39910500131367,38.629180865849236,6.594296122207984,683.8486328125,0.0,0.0,False,,-13.758400236872054,False,
negative,/mnt/MammoDiffusion/MammoDiffusion/experiments/diffusers/02_sd21_filtered_100steps/generated_images/final/negative/gen_0653.png,gen_0653.png,84.7912,62.0,2.0,0.5123825073242188,0.9944385711520422,0.5151939392089844,138.06805375587723,37.72003411729832,6.391934832633435,744.3218994140625,0.0,0.0,False,,-5.7922559082454494,True,374.0
negative,/mnt/MammoDiffusion/MammoDiffusion/experiments/diffusers/02_sd21_filtered_100steps/generated_images/final/negative/gen_0654.png,gen_0654.png,151.8956,138.0,1.0,0.1534881591796875,0.49875733174271797,0.07390975952148438,209.04614193548386,19.463732691254997,4.728513612930911,385.0462341308594,0.0,0.0,True,too_empty,,False,
negative,/mnt/MammoDiffusion/MammoDiffusion/experiments/diffusers/02_sd21_filtered_100steps/generated_images/final/negative/gen_0655.png,gen_0655.png,200.0,180.0,2.0,0.049221038818359375,0.8826629466015655,0.046245574951171875,211.64291017074981,10.79661761480181,6.22399488731839,896.2225341796875,0.0,0.0,True,too_empty,,False,
negative,/mnt/MammoDiffusion/MammoDiffusion/experiments/diffusers/02_sd21_filtered_100steps/generated_images/final/negative/gen_0656.png,gen_0656.png,10.0,0.0,0.0,0.5609321594238281,0.9988778945220851,0.5565528869628906,100.84690569374284,58.099572369955126,5.556324176456121,1796.4105224609375,0.0,0.0,False,,-5.43878903660981,True,246.0
negative,/mnt/MammoDiffusion/MammoDiffusion/experiments/diffusers/02_sd21_filtered_100steps/generated_images/final/negative/gen_0657.png,gen_0657.png,126.8956,113.0,1.0,0.4499855041503906,0.9966260035096346,0.442657470703125,172.8720096518442,26.090820464433808,5.416309691904926,260.2218322753906,0.0,0.0,False,,-5.389561487099557,True,240.0
negative,/mnt/MammoDiffusion/MammoDiffusion/experiments/diffusers/02_sd21_filtered_100steps/generated_images/final/negative/gen_0658.png,gen_0658.png,80.0,75.0,0.0,0.6215972900390625,0.9998833983847608,0.6160163879394531,142.36705576369323,28.3197249071561,5.630482964486806,266.0779724121094,0.0,0.0,False,,-5.684744739283769,True,337.0
negative,/mnt/MammoDiffusion/MammoDiffusion/experiments/diffusers/02_sd21_filtered_100steps/generated_images/final/negative/gen_0659.png,gen_0659.png,127.8956,114.0,1.0,0.5297088623046875,0.9879951029814201,0.5193862915039062,163.07776488388149,22.33741269190632,6.1310867178553945,274.844482421875,0.0,0.0,False,,-9.798094243785105,False,
negative,/mnt/MammoDiffusion/MammoDiffusion/experiments/diffusers/02_sd21_filtered_100steps/generated_images/final/negative/gen_0660.png,gen_0660.png,65.7912,43.0,2.0,0.705780029296875,0.9939680892463355,0.7684783935546875,109.9454410976312,45.28017425940119,7.094639557912178,1120.1741943359375,0.0,0.0,False,,-8.527259013583924,False,
negative,/mnt/MammoDiffusion/MammoDiffusion/experiments/diffusers/02_sd21_filtered_100steps/generated_images/final/negative/gen_0661.png,gen_0661.png,61.7912,39.0,2.0,0.7181587219238281,0.996069286788023,0.75750732421875,114.82177100958828,48.066758713749,7.186829241982702,1467.2200927734375,0.0,0.0,False,,-8.43037445056946,False,
negative,/mnt/MammoDiffusion/MammoDiffusion/experiments/diffusers/02_sd21_filtered_100steps/generated_images/final/negative/gen_0662.png,gen_0662.png,101.7912,79.0,2.0,0.3836212158203125,0.967622608488127,0.44297027587890625,137.1498940769191,41.31618969489492,6.155240001797532,696.084228515625,0.0,0.0,False,,-15.232592076295958,False,
negative,/mnt/MammoDiffusion/MammoDiffusion/experiments/diffusers/02_sd21_filtered_100steps/generated_images/final/negative/gen_0663.png,gen_0663.png,165.1648,89.0,8.0,0.13633346557617188,0.7907048322560788,0.10812759399414062,198.66085729405538,17.582934867633874,6.468353419732598,564.3779907226562,0.0,0.0,True,too_empty,,False,
negative,/mnt/MammoDiffusion/MammoDiffusion/experiments/diffusers/02_sd21_filtered_100steps/generated_images/final/negative/gen_0664.png,gen_0664.png,185.0,170.0,4.0,0.04186248779296875,0.47156916347731,0.014896392822265625,197.43636363636364,19.057003487203925,6.062321820188616,488.7858581542969,0.0,0.0,True,too_empty,,False,
negative,/mnt/MammoDiffusion/MammoDiffusion/experiments/diffusers/02_sd21_filtered_100steps/generated_images/final/negative/gen_0665.png,gen_0665.png,107.8956,94.0,1.0,0.4940948486328125,0.9971511071307249,0.4884452819824219,168.59761173980615,25.92490875273766,6.242282623542547,280.5540771484375,0.0,0.0,False,,-6.105549332186324,True,497.0
negative,/mnt/MammoDiffusion/MammoDiffusion/experiments/diffusers/02_sd21_filtered_100steps/generated_images/final/negative/gen_0666.png,gen_0666.png,220.0,207.0,47.0,0.1603851318359375,0.4828512986395205,0.07455825805664062,253.0498337170632,16.57586644103854,6.96002427472529,1221.3968505859375,0.0,0.0,True,too_empty,,False,
negative,/mnt/MammoDiffusion/MammoDiffusion/experiments/diffusers/02_sd21_filtered_100steps/generated_images/final/negative/gen_0667.png,gen_0667.png,85.7912,63.0,2.0,0.6492576599121094,0.998401870751297,0.6425514221191406,171.27997340315005,22.114369753933705,6.409915795916373,260.2655334472656,0.0,0.0,False,,-7.092520504286808,True,946.0
negative,/mnt/MammoDiffusion/MammoDiffusion/experiments/diffusers/02_sd21_filtered_100steps/generated_images/final/negative/gen_0668.png,gen_0668.png,10.0,0.0,0.0,0.7269783020019531,0.9983103587601602,0.7194252014160156,146.24349260046768,27.052602080342172,5.6163639991117815,222.91888427734375,0.0,0.0,False,,-6.318278245937579,True,587.0
negative,/mnt/MammoDiffusion/MammoDiffusion/experiments/diffusers/02_sd21_filtered_100steps/generated_images/final/negative/gen_0669.png,gen_0669.png,10.0,0.0,0.0,0.7689476013183594,0.9991318367853156,0.7636337280273438,95.98993415991448,53.95325509816054,6.622503075876911,1511.34521484375,0.0,0.0,False,,-7.149062373974541,True,981.0
negative,/mnt/MammoDiffusion/MammoDiffusion/experiments/diffusers/02_sd21_filtered_100steps/generated_images/final/negative/gen_0670.png,gen_0670.png,54.6868,23.0,3.0,0.3635444641113281,0.996463835636562,0.3581047058105469,176.3055446071904,29.47215112204503,6.131412660539484,773.9151611328125,0.0,0.0,False,,-5.273320752962773,True,211.0
negative,/mnt/MammoDiffusion/MammoDiffusion/experiments/diffusers/02_sd21_filtered_100steps/generated_images/final/negative/gen_0671.png,gen_0671.png,131.7912,109.0,2.0,0.17510986328125,0.6370686650400836,0.10969924926757812,195.88218520708003,24.86068624568751,5.634771727207655,629.6646728515625,0.0,0.0,True,too_empty,,False,
negative,/mnt/MammoDiffusion/MammoDiffusion/experiments/diffusers/02_sd21_filtered_100steps/generated_images/final/negative/gen_0672.png,gen_0672.png,25.7912,3.0,2.0,0.7416305541992188,0.9984003209645396,0.73431396484375,151.01582890034078,24.960194264825475,6.361733842595273,385.13482666015625,0.0,0.0,False,,-6.996793593113949,True,905.0
negative,/mnt/MammoDiffusion/MammoDiffusion/experiments/diffusers/02_sd21_filtered_100steps/generated_images/final/negative/gen_0673.png,gen_0673.png,54.8956,41.0,1.0,0.8153610229492188,0.9989332934098119,0.8157882690429688,119.8539844940941,45.69571130781803,7.122369012572898,863.4412841796875,0.0,0.0,False,,-6.964025457854596,True,887.0
negative,/mnt/MammoDiffusion/MammoDiffusion/experiments/diffusers/02_sd21_filtered_100steps/generated_images/final/negative/gen_0674.png,gen_0674.png,101.8956,88.0,1.0,0.51666259765625,1.0,0.5110435485839844,163.08960415624745,20.62108053169155,5.805823894570568,113.54009246826172,0.0,0.0,False,,-6.1496484149881425,True,511.0
negative,/mnt/MammoDiffusion/MammoDiffusion/experiments/diffusers/02_sd21_filtered_100steps/generated_images/final/negative/gen_0675.png,gen_0675.png,95.2692,28.0,7.0,0.6661605834960938,0.9987344671591365,0.658203125,159.03533011869436,26.362932743740068,7.000363191957227,512.1807861328125,0.0,0.0,False,,-6.793576679773528,True,806.0
negative,/mnt/MammoDiffusion/MammoDiffusion/experiments/diffusers/02_sd21_filtered_100steps/generated_images/final/negative/gen_0676.png,gen_0676.png,10.0,5.0,0.0,0.7812461853027344,0.9986962826966929,0.7752037048339844,94.0062298550796,56.26689941476486,6.6554412582979,1115.526611328125,0.0,0.0,False,,-6.711508505493611,True,764.0
negative,/mnt/MammoDiffusion/MammoDiffusion/experiments/diffusers/02_sd21_filtered_100steps/generated_images/final/negative/gen_0677.png,gen_0677.png,131.6868,100.0,3.0,0.3019866943359375,0.9742938709514426,0.32532501220703125,165.15079383691753,31.874025549657848,6.215414659888644,768.050048828125,0.0,0.0,False,,-13.644956940873865,False,
negative,/mnt/MammoDiffusion/MammoDiffusion/experiments/diffusers/02_sd21_filtered_100steps/generated_images/final/negative/gen_0678.png,gen_0678.png,105.8956,92.0,1.0,0.353302001953125,0.9967392243240909,0.3466224670410156,168.40005502668794,28.095076922307932,4.761302131840363,283.1625671386719,0.0,0.0,False,,-4.457374051066952,True,48.0
negative,/mnt/MammoDiffusion/MammoDiffusion/experiments/diffusers/02_sd21_filtered_100steps/generated_images/final/negative/gen_0679.png,gen_0679.png,123.6868,92.0,3.0,0.3598747253417969,0.9938201592130508,0.3525543212890625,171.31255139580176,21.250241706017675,5.865572047687273,401.4785461425781,0.0,0.0,False,,-6.722202526685372,True,771.0
negative,/mnt/MammoDiffusion/MammoDiffusion/experiments/diffusers/02_sd21_filtered_100steps/generated_images/final/negative/gen_0680.png,gen_0680.png,20.8956,7.0,1.0,0.7996101379394531,0.9984924599142229,0.7872657775878906,167.25940875194425,23.056096143023698,6.318338422050571,409.46551513671875,0.0,0.0,False,,-7.638301912328721,True,1249.0
negative,/mnt/MammoDiffusion/MammoDiffusion/experiments/diffusers/02_sd21_filtered_100steps/generated_images/final/negative/gen_0681.png,gen_0681.png,152.7912,130.0,2.0,0.14362716674804688,0.9317149610900108,0.1362762451171875,187.9469544283955,21.68319039438491,4.753984558044335,134.51239013671875,0.0,0.0,False,,-31.43053318897247,False,
negative,/mnt/MammoDiffusion/MammoDiffusion/experiments/diffusers/02_sd21_filtered_100steps/generated_images/final/negative/gen_0682.png,gen_0682.png,89.8956,76.0,1.0,0.3029518127441406,0.9940440963521664,0.3204765319824219,142.90861910940234,44.8591889049689,5.35066517475334,659.8258666992188,0.0,0.0,False,,-4.9134872987401295,True,119.0
negative,/mnt/MammoDiffusion/MammoDiffusion/experiments/diffusers/02_sd21_filtered_100steps/generated_images/final/negative/gen_0683.png,gen_0683.png,154.6868,123.0,3.0,0.1021270751953125,0.7728597041685343,0.07753753662109375,199.23418282003345,19.576716398371637,6.02559354184616,605.8173828125,0.0,0.0,True,too_empty,,False,
negative,/mnt/MammoDiffusion/MammoDiffusion/experiments/diffusers/02_sd21_filtered_100steps/generated_images/final/negative/gen_0684.png,gen_0684.png,125.8956,112.0,1.0,0.4360694885253906,0.9995101169595759,0.4310111999511719,167.96682804216414,24.30237024368236,5.056870417482083,181.13250732421875,0.0,0.0,False,,-4.587230183747073,True,67.0
negative,/mnt/MammoDiffusion/MammoDiffusion/experiments/diffusers/02_sd21_filtered_100steps/generated_images/final/negative/gen_0685.png,gen_0685.png,197.7472,86.0,12.0,0.06861495971679688,0.970534274753989,0.06451797485351562,215.6774079110743,10.287356953767885,6.815929545641122,221.5572052001953,0.0,0.0,True,too_empty,,False,
negative,/mnt/MammoDiffusion/MammoDiffusion/experiments/diffusers/02_sd21_filtered_100steps/generated_images/final/negative/gen_0686.png,gen_0686.png,114.8956,101.0,1.0,0.5958023071289062,0.9998783501722306,0.5825157165527344,162.6953039560454,19.13945241671572,6.005095457665238,145.0948028564453,0.0,0.0,False,,-6.785669569596212,True,803.0
negative,/mnt/MammoDiffusion/MammoDiffusion/experiments/diffusers/02_sd21_filtered_100steps/generated_images/final/negative/gen_0687.png,gen_0687.png,10.0,0.0,0.0,0.8956260681152344,0.9986157430478356,0.8839569091796875,141.87659888488028,22.392389218070292,5.944888728893313,203.50205993652344,0.0,0.0,False,,-7.791219818154242,True,1328.0
negative,/mnt/MammoDiffusion/MammoDiffusion/experiments/diffusers/02_sd21_filtered_100steps/generated_images/final/negative/gen_0688.png,gen_0688.png,148.7912,126.0,2.0,0.29885101318359375,0.9872737484363432,0.293060302734375,168.09368166198064,12.684144400578246,5.130856040079847,50.08289337158203,0.0,0.0,False,,-9.85675841518113,False,
negative,/mnt/MammoDiffusion/MammoDiffusion/experiments/diffusers/02_sd21_filtered_100steps/generated_images/final/negative/gen_0689.png,gen_0689.png,56.0,51.0,0.0,0.8411483764648438,0.9985034149350119,0.8320999145507812,136.78333104112227,31.686262853449094,6.638214182081045,369.3014221191406,0.0,0.0,False,,-7.260971023744216,True,1050.0
negative,/mnt/MammoDiffusion/MammoDiffusion/experiments/diffusers/02_sd21_filtered_100steps/generated_images/final/negative/gen_0690.png,gen_0690.png,128.7912,106.0,2.0,0.30693817138671875,0.9928910541622132,0.3007545471191406,172.88590961555536,27.18149204767134,5.999141729321425,167.86923217773438,0.0,0.0,False,,-7.556303367046411,True,1210.0
negative,/mnt/MammoDiffusion/MammoDiffusion/experiments/diffusers/02_sd21_filtered_100steps/generated_images/final/negative/gen_0691.png,gen_0691.png,120.7912,98.0,2.0,0.2857704162597656,0.9116575227263626,0.3042869567871094,155.59059510825278,37.31104488668287,5.912703083956489,415.28594970703125,0.0,0.0,False,,-37.105403389173446,False,
negative,/mnt/MammoDiffusion/MammoDiffusion/experiments/diffusers/02_sd21_filtered_100steps/generated_images/final/negative/gen_0692.png,gen_0692.png,201.85160000000002,99.0,11.0,0.06310272216796875,0.7412646596542135,0.046787261962890625,214.07052588666937,9.486789987818556,6.903566015318823,387.80181884765625,0.0,0.0,True,too_empty,,False,
negative,/mnt/MammoDiffusion/MammoDiffusion/experiments/diffusers/02_sd21_filtered_100steps/generated_images/final/negative/gen_0693.png,gen_0693.png,92.8956,79.0,1.0,0.40790557861328125,0.9974282240718226,0.4015312194824219,161.9720213948451,24.451048176959077,4.979097477079934,238.1325225830078,0.0,0.0,False,,-4.36327626348442,True,40.0
negative,/mnt/MammoDiffusion/MammoDiffusion/experiments/diffusers/02_sd21_filtered_100steps/generated_images/final/negative/gen_0694.png,gen_0694.png,157.7912,135.0,2.0,0.11433792114257812,0.8093283955560004,0.09166336059570312,204.90831911440344,23.157690359565343,6.373169641349208,1025.8251953125,0.0,0.0,True,too_empty,,False,
negative,/mnt/MammoDiffusion/MammoDiffusion/experiments/diffusers/02_sd21_filtered_100steps/generated_images/final/negative/gen_0695.png,gen_0695.png,15.0,10.0,0.0,0.8929405212402344,0.9992609332746637,0.8855781555175781,130.76504744797523,42.00455392737491,7.111919571240826,838.540771484375,0.0,0.0,False,,-7.510871247545527,True,1185.0
negative,/mnt/MammoDiffusion/MammoDiffusion/experiments/diffusers/02_sd21_filtered_100steps/generated_images/final/negative/gen_0696.png,gen_0696.png,10.0,0.0,0.0,0.8857917785644531,1.0,0.8767242431640625,150.51164784099413,15.34548128243585,5.45607665670002,134.64508056640625,0.0,0.0,False,,-8.357385603026591,False,
negative,/mnt/MammoDiffusion/MammoDiffusion/experiments/diffusers/02_sd21_filtered_100steps/generated_images/final/negative/gen_0697.png,gen_0697.png,10.0,4.0,0.0,0.7613601684570312,0.9959816820819095,0.7532806396484375,149.53606660319647,28.163894895062317,5.993675829365452,417.15814208984375,0.0,0.0,False,,-7.490100046260179,True,1170.0
negative,/mnt/MammoDiffusion/MammoDiffusion/experiments/diffusers/02_sd21_filtered_100steps/generated_images/final/negative/gen_0698.png,gen_0698.png,94.8956,81.0,1.0,0.33650970458984375,0.9791529689164985,0.4090232849121094,135.6072764239016,45.353364097456286,5.661377890259962,667.0534057617188,0.0,0.0,False,,-10.429696017537212,False,
negative,/mnt/MammoDiffusion/MammoDiffusion/experiments/diffusers/02_sd21_filtered_100steps/generated_images/final/negative/gen_0699.png,gen_0699.png,117.6868,86.0,3.0,0.5876617431640625,0.9972022433983331,0.5802116394042969,172.07309712752877,22.770669250228796,6.400257827162314,284.8760070800781,0.0,0.0,False,,-7.064565876705323,True,931.0
negative,/mnt/MammoDiffusion/MammoDiffusion/experiments/diffusers/02_sd21_filtered_100steps/generated_images/final/negative/gen_0700.png,gen_0700.png,40.7912,18.0,2.0,0.4143486022949219,0.9987755365083457,0.4095191955566406,166.57191694689482,29.765425887000678,6.067811756636178,613.8497924804688,0.0,0.0,False,,-4.126267012246968,True,22.0
negative,/mnt/MammoDiffusion/MammoDiffusion/experiments/diffusers/02_sd21_filtered_100steps/generated_images/final/negative/gen_0701.png,gen_0701.png,220.0,208.0,39.0,0.3375434875488281,0.9657004011979432,0.318206787109375,247.81226623189795,7.8213653989343985,6.213068559792699,1104.7845458984375,0.0,0.0,False,,-20.146011280120433,False,
negative,/mnt/MammoDiffusion/MammoDiffusion/experiments/diffusers/02_sd21_filtered_100steps/generated_images/final/negative/gen_0702.png,gen_0702.png,127.7912,105.0,2.0,0.20325851440429688,0.8375466846836702,0.18622970581054688,166.692414838485,33.45548522158111,5.5607164282975585,364.7813720703125,0.0,0.0,False,,-66.19517282146928,False,
negative,/mnt/MammoDiffusion/MammoDiffusion/experiments/diffusers/02_sd21_filtered_100steps/generated_images/final/negative/gen_0703.png,gen_0703.png,137.6868,106.0,3.0,0.5967903137207031,0.9756336092556489,0.578826904296875,171.45303026308852,22.668516411689588,6.4977172677432815,237.2369384765625,0.0,0.0,False,,-15.379684933376183,False,
negative,/mnt/MammoDiffusion/MammoDiffusion/experiments/diffusers/02_sd21_filtered_100steps/generated_images/final/negative/gen_0704.png,gen_0704.png,108.8956,95.0,1.0,0.5529441833496094,0.9907279011528034,0.5431976318359375,151.15260260119666,24.216111445713064,5.837760101204955,207.88821411132812,0.0,0.0,False,,-8.45179159506059,False,
negative,/mnt/MammoDiffusion/MammoDiffusion/experiments/diffusers/02_sd21_filtered_100steps/generated_images/final/negative/gen_0705.png,gen_0705.png,28.8956,15.0,1.0,0.6623573303222656,1.0,0.6561698913574219,162.24515873984802,23.270324833051287,6.120323720327709,167.36502075195312,0.0,0.0,False,,-7.16697091483422,True,990.0
negative,/mnt/MammoDiffusion/MammoDiffusion/experiments/diffusers/02_sd21_filtered_100steps/generated_images/final/negative/gen_0706.png,gen_0706.png,25.7912,3.0,2.0,0.5515251159667969,0.9744292047946106,0.5520362854003906,103.50282973886243,57.54023787642818,6.640722744832939,1952.27978515625,0.0,0.0,False,,-15.746660415083554,False,
negative,/mnt/MammoDiffusion/MammoDiffusion/experiments/diffusers/02_sd21_filtered_100steps/generated_images/final/negative/gen_0707.png,gen_0707.png,158.8956,145.0,1.0,0.11490631103515625,0.7476927162870991,0.08273696899414062,204.7349808658767,17.064437128844236,4.738366678424456,283.29083251953125,0.0,0.0,True,too_empty,,False,
negative,/mnt/MammoDiffusion/MammoDiffusion/experiments/diffusers/02_sd21_filtered_100steps/generated_images/final/negative/gen_0708.png,gen_0708.png,189.0,145.0,32.0,0.0489501953125,0.7208541147132169,0.03311920166015625,198.993665054135,9.294465162193564,6.230885584339292,166.52401733398438,0.0,0.0,True,too_empty,,False,
negative,/mnt/MammoDiffusion/MammoDiffusion/experiments/diffusers/02_sd21_filtered_100steps/generated_images/final/negative/gen_0709.png,gen_0709.png,220.0,223.0,26.0,0.3164634704589844,0.921467230800757,0.2897987365722656,248.30070160196922,14.099380978137965,6.588484446407858,1697.2254638671875,0.0,0.0,False,,-37.89713950529054,False,
negative,/mnt/MammoDiffusion/MammoDiffusion/experiments/diffusers/02_sd21_filtered_100steps/generated_images/final/negative/gen_0710.png,gen_0710.png,26.8956,13.0,1.0,0.771209716796875,0.99800660836532,0.7637519836425781,165.56843461713277,23.645482592735668,6.342539632454925,348.3154602050781,0.0,0.0,False,,-7.7041346517692375,True,1285.0
negative,/mnt/MammoDiffusion/MammoDiffusion/experiments/diffusers/02_sd21_filtered_100steps/generated_images/final/negative/gen_0711.png,gen_0711.png,169.0,162.0,2.0,0.0490875244140625,0.7827168169101647,0.0377655029296875,194.6579797979798,15.647408923518102,4.952197989107232,543.9374389648438,0.0,0.0,True,too_empty,,False,
negative,/mnt/MammoDiffusion/MammoDiffusion/experiments/diffusers/02_sd21_filtered_100steps/generated_images/final/negative/gen_0712.png,gen_0712.png,204.0,183.0,11.0,0.0444793701171875,0.3565180102915952,0.012420654296875,217.9078624078624,11.932992156995086,6.814016582913871,1193.462646484375,0.0,0.0,True,too_empty,,False,
negative,/mnt/MammoDiffusion/MammoDiffusion/experiments/diffusers/02_sd21_filtered_100steps/generated_images/final/negative/gen_0713.png,gen_0713.png,105.7912,83.0,2.0,0.6058807373046875,0.9975948825144181,0.6002769470214844,164.58572436276285,25.869765509448058,6.373375268869427,437.73052978515625,0.0,0.0,False,,-6.526998819655634,True,684.0
negative,/mnt/MammoDiffusion/MammoDiffusion/experiments/diffusers/02_sd21_filtered_100steps/generated_images/final/negative/gen_0714.png,gen_0714.png,168.0,163.0,0.0,0.07253265380859375,0.7613863469022826,0.05672454833984375,206.13093476798923,22.45551242641024,5.147389493778482,550.6685180664062,0.0,0.0,True,too_empty,,False,
negative,/mnt/MammoDiffusion/MammoDiffusion/experiments/diffusers/02_sd21_filtered_100steps/generated_images/final/negative/gen_0715.png,gen_0715.png,55.8956,42.0,1.0,0.7469367980957031,0.9983095426572355,0.7393264770507812,163.4774934213921,20.979543689628358,6.145791026735516,234.97097778320312,0.0,0.0,False,,-7.514867013156803,True,1188.0
negative,/mnt/MammoDiffusion/MammoDiffusion/experiments/diffusers/02_sd21_filtered_100steps/generated_images/final/negative/gen_0716.png,gen_0716.png,48.7912,26.0,2.0,0.49645233154296875,0.9980482857186765,0.496978759765625,120.73239944734418,50.10622670767853,6.6888148234880545,1350.0592041015625,0.0,0.0,False,,-5.5567764945586635,True,289.0
negative,/mnt/MammoDiffusion/MammoDiffusion/experiments/diffusers/02_sd21_filtered_100steps/generated_images/final/negative/gen_0717.png,gen_0717.png,186.85160000000002,84.0,11.0,0.07635879516601562,0.8257481141030124,0.06352615356445312,210.668948537801,16.410573008296556,6.761260020378616,593.677734375,0.0,0.0,True,too_empty,,False,
negative,/mnt/MammoDiffusion/MammoDiffusion/experiments/diffusers/02_sd21_filtered_100steps/generated_images/final/negative/gen_0718.png,gen_0718.png,62.8956,49.0,1.0,0.6370964050292969,0.9976887749908688,0.641387939453125,122.62808678688681,46.285056459527624,6.904790893670517,844.3081665039062,0.0,0.0,False,,-6.007327425673358,True,461.0
negative,/mnt/MammoDiffusion/MammoDiffusion/experiments/diffusers/02_sd21_filtered_100steps/generated_images/final/negative/gen_0719.png,gen_0719.png,124.8956,111.0,1.0,0.3614921569824219,0.9967497863090025,0.3549919128417969,166.36640196004686,23.56693719206717,5.125606014791991,181.08084106445312,0.0,0.0,False,,-5.048694429267725,True,154.0
negative,/mnt/MammoDiffusion/MammoDiffusion/experiments/diffusers/02_sd21_filtered_100steps/generated_images/final/negative/gen_0720.png,gen_0720.png,63.8956,50.0,1.0,0.7263870239257812,0.9981986997027592,0.7188224792480469,153.99853530395097,26.977055197489964,6.410980757776269,238.41839599609375,0.0,0.0,False,,-7.149112488300712,True,982.0
negative,/mnt/MammoDiffusion/MammoDiffusion/experiments/diffusers/02_sd21_filtered_100steps/generated_images/final/negative/gen_0721.png,gen_0721.png,125.8956,112.0,1.0,0.18417739868164062,0.9046415774321162,0.171600341796875,176.2674506491197,31.242089982808036,4.515937744154376,251.2792205810547,0.0,0.0,False,,-40.38871348264729,False,
negative,/mnt/MammoDiffusion/MammoDiffusion/experiments/diffusers/02_sd21_filtered_100steps/generated_images/final/negative/gen_0722.png,gen_0722.png,44.7912,22.0,2.0,0.6231117248535156,1.0,0.6168212890625,158.23633237680585,25.982528400368384,6.4975305614969425,351.947021484375,0.0,0.0,False,,-6.759161669561812,True,791.0
negative,/mnt/MammoDiffusion/MammoDiffusion/experiments/diffusers/02_sd21_filtered_100steps/generated_images/final/negative/gen_0723.png,gen_0723.png,92.8956,79.0,1.0,0.4792747497558594,0.999992040688003,0.473388671875,169.28336932697266,23.65853876030175,5.5910450678357915,148.39627075195312,0.0,0.0,False,,-5.609716677023503,True,307.0
negative,/mnt/MammoDiffusion/MammoDiffusion/experiments/diffusers/02_sd21_filtered_100steps/generated_images/final/negative/gen_0724.png,gen_0724.png,220.0,205.0,36.0,0.3358497619628906,0.9569064413171137,0.3209266662597656,240.42760522530875,18.446776318844602,6.518254477665876,1654.08984375,0.0,0.0,False,,-23.75070488789163,False,
negative,/mnt/MammoDiffusion/MammoDiffusion/experiments/diffusers/02_sd21_filtered_100steps/generated_images/final/negative/gen_0725.png,gen_0725.png,178.0,173.0,2.0,0.045742034912109375,0.7450587940955716,0.03368377685546875,195.7779161947905,11.334227888064156,5.6191418620001325,260.1630859375,0.0,0.0,True,too_empty,,False,
negative,/mnt/MammoDiffusion/MammoDiffusion/experiments/diffusers/02_sd21_filtered_100steps/generated_images/final/negative/gen_0726.png,gen_0726.png,127.47800000000001,78.0,5.0,0.3415260314941406,0.9577008567056484,0.3588676452636719,160.57823013553016,34.24732309462559,6.898638925868943,374.4905700683594,0.0,0.0,False,,-20.407336461859007,False,
negative,/mnt/MammoDiffusion/MammoDiffusion/experiments/diffusers/02_sd21_filtered_100steps/generated_images/final/negative/gen_0727.png,gen_0727.png,10.0,3.0,0.0,0.8249855041503906,0.9992046794442004,0.8177871704101562,153.58420173711855,28.70504825605055,6.332785375244372,476.5631103515625,0.0,0.0,False,,-7.281136987074267,True,1063.0
negative,/mnt/MammoDiffusion/MammoDiffusion/experiments/diffusers/02_sd21_filtered_100steps/generated_images/final/negative/gen_0728.png,gen_0728.png,64.8956,51.0,1.0,0.7414016723632812,0.9981682908507157,0.7337989807128906,150.9192819750365,30.209905869207823,6.621435374906081,425.0017395019531,0.0,0.0,False,,-6.964147630439221,True,888.0
negative,/mnt/MammoDiffusion/MammoDiffusion/experiments/diffusers/02_sd21_filtered_100steps/generated_images/final/negative/gen_0729.png,gen_0729.png,32.7912,10.0,2.0,0.3552513122558594,0.9947061539617941,0.352691650390625,109.1937678463269,57.48864735969147,5.85975608517345,1160.697265625,0.0,0.0,False,,-5.540427927777569,True,282.0
negative,/mnt/MammoDiffusion/MammoDiffusion/experiments/diffusers/02_sd21_filtered_100steps/generated_images/final/negative/gen_0730.png,gen_0730.png,110.7912,88.0,2.0,0.8175849914550781,0.9984089583576344,0.8169937133789062,146.2913760097119,24.377529880479674,6.608019056284991,289.7659606933594,0.0,0.0,False,,-7.835214531312362,True,1342.0
negative,/mnt/MammoDiffusion/MammoDiffusion/experiments/diffusers/02_sd21_filtered_100steps/generated_images/final/negative/gen_0731.png,gen_0731.png,81.6868,50.0,3.0,0.4902801513671875,0.9979070056954343,0.4836311340332031,168.69177558151458,24.414284423953603,6.3843455522246675,248.78366088867188,0.0,0.0,False,,-6.031607386858281,True,468.0
negative,/mnt/MammoDiffusion/MammoDiffusion/experiments/diffusers/02_sd21_filtered_100steps/generated_images/final/negative/gen_0732.png,gen_0732.png,10.0,0.0,0.0,0.8488426208496094,0.9984226066088738,0.8393173217773438,142.23697175736973,23.172664552042658,5.911681882322273,220.01670837402344,0.0,0.0,False,,-7.477406368772036,True,1163.0
negative,/mnt/MammoDiffusion/MammoDiffusion/experiments/diffusers/02_sd21_filtered_100steps/generated_images/final/negative/gen_0733.png,gen_0733.png,25.8956,12.0,1.0,0.7876548767089844,0.9991766717196422,0.7873878479003906,102.15443125057531,53.24082281086732,7.04717310251106,1663.59765625,0.0,0.0,False,,-7.958179209577808,False,
negative,/mnt/MammoDiffusion/MammoDiffusion/experiments/diffusers/02_sd21_filtered_100steps/generated_images/final/negative/gen_0734.png,gen_0734.png,96.8956,83.0,1.0,0.4968681335449219,1.0,0.4914588928222656,166.17513370021655,22.42388714369272,5.404230147344851,155.40957641601562,0.0,0.0,False,,-5.579067583651595,True,299.0
negative,/mnt/MammoDiffusion/MammoDiffusion/experiments/diffusers/02_sd21_filtered_100steps/generated_images/final/negative/gen_0735.png,gen_0735.png,123.8956,110.0,1.0,0.29494476318359375,0.9892521793114152,0.28690338134765625,177.45052519611752,23.244114879593997,4.922062497530948,177.92990112304688,0.0,0.0,False,,-8.397433940013347,False,
negative,/mnt/MammoDiffusion/MammoDiffusion/experiments/diffusers/02_sd21_filtered_100steps/generated_images/final/negative/gen_0736.png,gen_0736.png,89.0,84.0,0.0,0.5444602966308594,0.9983885319526088,0.5388069152832031,146.57843463485432,27.497102632908422,5.146117286114162,163.45889282226562,0.0,0.0,False,,-4.731865895439574,True,93.0
negative,/mnt/MammoDiffusion/MammoDiffusion/experiments/diffusers/02_sd21_filtered_100steps/generated_images/final/negative/gen_0737.png,gen_0737.png,121.1648,45.0,8.0,0.2592620849609375,0.5691542581366605,0.16387939453125,183.00044227188081,39.1007475483021,7.265556183863909,664.1014404296875,0.0,0.0,True,fragmented_mask,,False,
negative,/mnt/MammoDiffusion/MammoDiffusion/experiments/diffusers/02_sd21_filtered_100steps/generated_images/final/negative/gen_0738.png,gen_0738.png,79.7912,57.0,2.0,0.4752616882324219,0.9977284949473059,0.46868133544921875,180.12681707932478,23.243560410938873,5.841389587944404,375.9660339355469,0.0,0.0,False,,-5.633855580046392,True,320.0
negative,/mnt/MammoDiffusion/MammoDiffusion/experiments/diffusers/02_sd21_filtered_100steps/generated_images/final/negative/gen_0739.png,gen_0739.png,130.8956,117.0,1.0,0.3114280700683594,0.912750033684881,0.3565864562988281,161.26024583587406,37.74571165794016,5.607335894259116,489.15948486328125,0.0,0.0,False,,-36.05738668928302,False,
negative,/mnt/MammoDiffusion/MammoDiffusion/experiments/diffusers/02_sd21_filtered_100steps/generated_images/final/negative/gen_0740.png,gen_0740.png,102.7912,80.0,2.0,0.2794647216796875,0.9812721812721813,0.3032646179199219,147.00679253827093,42.85143746482183,5.891274999473611,683.5027465820312,0.0,0.0,False,,-10.26620831848383,False,
negative,/mnt/MammoDiffusion/MammoDiffusion/experiments/diffusers/02_sd21_filtered_100steps/generated_images/final/negative/gen_0741.png,gen_0741.png,122.8956,109.0,1.0,0.4418144226074219,0.9954152600177864,0.438629150390625,163.7426076671537,27.265515208079243,5.629163509567328,172.5032196044922,0.0,0.0,False,,-5.894765669934008,True,412.0
negative,/mnt/MammoDiffusion/MammoDiffusion/experiments/diffusers/02_sd21_filtered_100steps/generated_images/final/negative/gen_0742.png,gen_0742.png,137.5824,97.0,4.0,0.3812255859375,0.9973082772974704,0.377105712890625,183.09592740956543,26.38383893199437,6.577733903262913,314.27691650390625,0.0,0.0,False,,-5.882516645615426,True,410.0
negative,/mnt/MammoDiffusion/MammoDiffusion/experiments/diffusers/02_sd21_filtered_100steps/generated_images/final/negative/gen_0743.png,gen_0743.png,54.7912,32.0,2.0,0.5703086853027344,0.997331157234303,0.5627784729003906,178.6637745799131,23.6213732721965,6.212919629801235,435.8515930175781,0.0,0.0,False,,-6.608960842434423,True,714.0
negative,/mnt/MammoDiffusion/MammoDiffusion/experiments/diffusers/02_sd21_filtered_100steps/generated_images/final/negative/gen_0744.png,gen_0744.png,35.8956,22.0,1.0,0.8551368713378906,0.9985011308432478,0.8486747741699219,136.26881222609282,35.27926848481416,6.80175809892555,734.884521484375,0.0,0.0,False,,-6.9365597615319246,True,870.0
negative,/mnt/MammoDiffusion/MammoDiffusion/experiments/diffusers/02_sd21_filtered_100steps/generated_images/final/negative/gen_0745.png,gen_0745.png,121.8956,108.0,1.0,0.3855171203613281,0.9976251966634013,0.3792381286621094,177.2219081627521,23.209228429730057,5.465921913616878,205.0479736328125,0.0,0.0,False,,-5.019169391671676,True,137.0
negative,/mnt/MammoDiffusion/MammoDiffusion/experiments/diffusers/02_sd21_filtered_100steps/generated_images/final/negative/gen_0746.png,gen_0746.png,10.0,0.0,0.0,0.8073196411132812,0.9984596047894005,0.7985763549804688,154.2456793190091,23.568022592999593,5.960898172203806,344.390625,0.0,0.0,False,,-7.2546291552753726,True,1047.0
negative,/mnt/MammoDiffusion/MammoDiffusion/experiments/diffusers/02_sd21_filtered_100steps/generated_images/final/negative/gen_0747.png,gen_0747.png,179.95600000000002,86.0,10.0,0.12282562255859375,0.6842661034846885,0.09302520751953125,210.1965061920774,21.277927497056226,6.961635764327566,882.6786499023438,0.0,0.0,True,too_empty,,False,
negative,/mnt/MammoDiffusion/MammoDiffusion/experiments/diffusers/02_sd21_filtered_100steps/generated_images/final/negative/gen_0748.png,gen_0748.png,69.6868,38.0,3.0,0.5297012329101562,0.9953189589364675,0.572540283203125,123.73015164436863,47.818551480331635,7.0396750632173495,1410.537841796875,0.0,0.0,False,,-7.409561050719868,True,1127.0
negative,/mnt/MammoDiffusion/MammoDiffusion/experiments/diffusers/02_sd21_filtered_100steps/generated_images/final/negative/gen_0749.png,gen_0749.png,51.6868,20.0,3.0,0.7067375183105469,0.9929992929123913,0.6952400207519531,164.7279770429019,26.477587460907923,6.725894709249944,380.18072509765625,0.0,0.0,False,,-9.256630317320997,False,
negative,/mnt/MammoDiffusion/MammoDiffusion/experiments/diffusers/02_sd21_filtered_100steps/generated_images/final/negative/gen_0750.png,gen_0750.png,117.7912,95.0,2.0,0.6089210510253906,0.9848833202819107,0.5975341796875,162.83640832482124,21.242437962800892,6.2649342093838225,220.600830078125,0.0,0.0,False,,-11.746516294822921,False,
negative,/mnt/MammoDiffusion/MammoDiffusion/experiments/diffusers/02_sd21_filtered_100steps/generated_images/final/negative/gen_0751.png,gen_0751.png,207.0,80.0,14.0,0.048641204833984375,0.8107599403968316,0.04205322265625,221.78029753265602,11.758438438514917,6.943413173764807,529.0135498046875,0.0,0.0,True,too_empty,,False,
negative,/mnt/MammoDiffusion/MammoDiffusion/experiments/diffusers/02_sd21_filtered_100steps/generated_images/final/negative/gen_0752.png,gen_0752.png,63.8956,50.0,1.0,0.8517723083496094,0.9985086458235365,0.842987060546875,153.22139159396156,30.996654564716547,6.812882710171006,374.09539794921875,0.0,0.0,False,,-7.800062182104004,True,1331.0
negative,/mnt/MammoDiffusion/MammoDiffusion/experiments/diffusers/02_sd21_filtered_100steps/generated_images/final/negative/gen_0753.png,gen_0753.png,117.8956,104.0,1.0,0.41832733154296875,0.9959420765625285,0.4118843078613281,174.77404536319264,26.73994550592085,5.533795814298072,302.3927001953125,0.0,0.0,False,,-5.483272584004525,True,263.0
negative,/mnt/MammoDiffusion/MammoDiffusion/experiments/diffusers/02_sd21_filtered_100steps/generated_images/final/negative/gen_0754.png,gen_0754.png,122.8956,109.0,1.0,0.5346870422363281,0.9969749937573574,0.5269508361816406,173.9822712234955,20.074316919246044,5.182575013956885,100.59259033203125,0.0,0.0,False,,-6.183581727236003,True,531.0
negative,/mnt/MammoDiffusion/MammoDiffusion/experiments/diffusers/02_sd21_filtered_100steps/generated_images/final/negative/gen_0755.png,gen_0755.png,128.8956,115.0,1.0,0.37746429443359375,0.9433350176856998,0.3802490234375,167.96463683788122,30.77299482536931,5.460748579103523,387.301025390625,0.0,0.0,False,,-24.796436742449693,False,
negative,/mnt/MammoDiffusion/MammoDiffusion/experiments/diffusers/02_sd21_filtered_100steps/generated_images/final/negative/gen_0756.png,gen_0756.png,39.7912,17.0,2.0,0.5810546875,0.9982405462184873,0.5739364624023438,169.0567748281867,25.25193632951588,6.370155106425763,290.7139892578125,0.0,0.0,False,,-6.408460261027573,True,629.0
negative,/mnt/MammoDiffusion/MammoDiffusion/experiments/diffusers/02_sd21_filtered_100steps/generated_images/final/negative/gen_0757.png,gen_0757.png,105.8956,92.0,1.0,0.5121688842773438,0.9999851037523648,0.5068397521972656,179.02974447747715,19.81208001842356,5.68465378640859,170.5848846435547,0.0,0.0,False,,-6.261011126439921,True,563.0
negative,/mnt/MammoDiffusion/MammoDiffusion/experiments/diffusers/02_sd21_filtered_100steps/generated_images/final/negative/gen_0758.png,gen_0758.png,180.0,168.0,1.0,0.0497589111328125,0.7051517939282429,0.03496551513671875,206.734889810168,14.0411546465948,5.002001557449484,840.5234375,0.0,0.0,True,too_empty,,False,
negative,/mnt/MammoDiffusion/MammoDiffusion/experiments/diffusers/02_sd21_filtered_100steps/generated_images/final/negative/gen_0759.png,gen_0759.png,118.7912,96.0,2.0,0.3866767883300781,0.9457011789079071,0.38055419921875,160.59068765036088,36.08672442213504,6.569551436209917,429.2203674316406,0.0,0.0,False,,-24.36410188215463,False,
negative,/mnt/MammoDiffusion/MammoDiffusion/experiments/diffusers/02_sd21_filtered_100steps/generated_images/final/negative/gen_0760.png,gen_0760.png,42.8956,29.0,1.0,0.8556747436523438,0.9984441175159378,0.8466949462890625,137.72335958478257,35.73631026338979,6.892247560708203,489.08270263671875,0.0,0.0,False,,-7.236667564843972,True,1036.0
negative,/mnt/MammoDiffusion/MammoDiffusion/experiments/diffusers/02_sd21_filtered_100steps/generated_images/final/negative/gen_0761.png,gen_0761.png,134.8956,121.0,1.0,0.3492546081542969,0.990126153678117,0.344207763671875,168.49350562993172,25.19222406984332,4.97874994588298,132.9615478515625,0.0,0.0,False,,-7.524321265364227,True,1192.0
negative,/mnt/MammoDiffusion/MammoDiffusion/experiments/diffusers/02_sd21_filtered_100steps/generated_images/final/negative/gen_0762.png,gen_0762.png,206.0,150.0,37.0,0.039794921875,0.5399731595092024,0.015445709228515625,214.465547048654,8.26140356057229,6.861674790097805,206.9656524658203,0.0,0.0,True,too_empty,,False,
negative,/mnt/MammoDiffusion/MammoDiffusion/experiments/diffusers/02_sd21_filtered_100steps/generated_images/final/negative/gen_0763.png,gen_0763.png,10.0,0.0,0.0,0.8829154968261719,0.9990840393863064,0.8772926330566406,114.83142662092297,46.781788312228976,7.097015314455367,1179.6014404296875,0.0,0.0,False,,-7.8049738689276085,True,1332.0
negative,/mnt/MammoDiffusion/MammoDiffusion/experiments/diffusers/02_sd21_filtered_100steps/generated_images/final/negative/gen_0764.png,gen_0764.png,29.8956,16.0,1.0,0.7940597534179688,0.9983426051364829,0.7858085632324219,150.71614359571834,24.505958238685665,6.062477669421327,191.1008758544922,0.0,0.0,False,,-7.3898378814723,True,1120.0
negative,/mnt/MammoDiffusion/MammoDiffusion/experiments/diffusers/02_sd21_filtered_100steps/generated_images/final/negative/gen_0765.png,gen_0765.png,85.8956,72.0,1.0,0.74725341796875,1.0,0.74127197265625,143.9086455331412,23.933305663553842,5.998193272688868,245.15402221679688,0.0,0.0,False,,-7.176915624129633,True,996.0
negative,/mnt/MammoDiffusion/MammoDiffusion/experiments/diffusers/02_sd21_filtered_100steps/generated_images/final/negative/gen_0766.png,gen_0766.png,10.0,0.0,0.0,0.8618392944335938,0.9930552481786071,0.850311279296875,105.86793417794208,46.06339278413612,7.011892291902862,1726.314453125,0.0,0.0,False,,-10.131391041054016,False,
negative,/mnt/MammoDiffusion/MammoDiffusion/experiments/diffusers/02_sd21_filtered_100steps/generated_images/final/negative/gen_0767.png,gen_0767.png,136.8956,123.0,1.0,0.2949562072753906,0.8925906286778494,0.28662109375,170.17247391396933,31.617703804500135,5.99839505756323,391.3544616699219,0.0,0.0,False,,-45.12648293889484,False,
negative,/mnt/MammoDiffusion/MammoDiffusion/experiments/diffusers/02_sd21_filtered_100steps/generated_images/final/negative/gen_0768.png,gen_0768.png,10.0,0.0,0.0,0.8998870849609375,0.9992284866468842,0.8929710388183594,116.73076676620231,41.68475561218235,7.0101536388849786,1135.5234375,0.0,0.0,False,,-7.5927378700532016,True,1231.0
negative,/mnt/MammoDiffusion/MammoDiffusion/experiments/diffusers/02_sd21_filtered_100steps/generated_images/final/negative/gen_0769.png,gen_0769.png,100.6868,69.0,3.0,0.2716217041015625,0.7697882141452728,0.22397613525390625,151.45926014238512,41.30436664888801,6.065565986794905,849.657470703125,0.0,0.0,False,,-91.38696156643996,False,
negative,/mnt/MammoDiffusion/MammoDiffusion/experiments/diffusers/02_sd21_filtered_100steps/generated_images/final/negative/gen_0770.png,gen_0770.png,70.8956,57.0,1.0,0.456390380859375,0.9764543630892678,0.5018692016601562,121.38311214484426,51.45465890802123,6.063647832589142,974.6427001953125,0.0,0.0,False,,-12.839755840619773,False,
negative,/mnt/MammoDiffusion/MammoDiffusion/experiments/diffusers/02_sd21_filtered_100steps/generated_images/final/negative/gen_0771.png,gen_0771.png,10.0,0.0,0.0,0.8404273986816406,0.9986019889883938,0.8304939270019531,146.42628462764515,22.797063699929915,5.91488792390064,228.8585662841797,0.0,0.0,False,,-7.434587255360769,True,1140.0
negative,/mnt/MammoDiffusion/MammoDiffusion/experiments/diffusers/02_sd21_filtered_100steps/generated_images/final/negative/gen_0772.png,gen_0772.png,145.8956,132.0,1.0,0.116790771484375,0.7448066370525216,0.08637237548828125,198.32567794364456,24.90941671737213,5.524307966379215,720.7285766601562,0.0,0.0,True,too_empty,,False,
negative,/mnt/MammoDiffusion/MammoDiffusion/experiments/diffusers/02_sd21_filtered_100steps/generated_images/final/negative/gen_0773.png,gen_0773.png,72.8956,59.0,1.0,0.41075897216796875,0.9958487341889708,0.4035377502441406,172.0047076617668,24.26876804809118,5.362113907333806,345.3372802734375,0.0,0.0,False,,-5.344241694833307,True,228.0
negative,/mnt/MammoDiffusion/MammoDiffusion/experiments/diffusers/02_sd21_filtered_100steps/generated_images/final/negative/gen_0774.png,gen_0774.png,15.0,10.0,0.0,0.8090667724609375,0.9986845331271335,0.8031425476074219,146.4629023601328,24.841972678259747,5.900463340254436,325.106689453125,0.0,0.0,False,,-6.969203650102319,True,892.0
negative,/mnt/MammoDiffusion/MammoDiffusion/experiments/diffusers/02_sd21_filtered_100steps/generated_images/final/negative/gen_0775.png,gen_0775.png,199.0,165.0,5.0,0.048740386962890625,0.8003443687876654,0.041393280029296875,209.19260897613123,8.852144871545297,5.567405679867545,390.3912353515625,0.0,0.0,True,too_empty,,False,
negative,/mnt/MammoDiffusion/MammoDiffusion/experiments/diffusers/02_sd21_filtered_100steps/generated_images/final/negative/gen_0776.png,gen_0776.png,41.0,36.0,0.0,0.7150306701660156,0.9942115118890744,0.7048110961914062,151.4459250278737,27.897993453969374,5.926933979454967,395.222412109375,0.0,0.0,False,,-7.85500927748916,True,1350.0
negative,/mnt/MammoDiffusion/MammoDiffusion/experiments/diffusers/02_sd21_filtered_100steps/generated_images/final/negative/gen_0777.png,gen_0777.png,39.0,34.0,0.0,0.7985420227050781,0.9999952229223295,0.7925529479980469,135.84860634472932,27.37492823233076,6.068527448969715,156.20733642578125,0.0,0.0,False,,-7.372154602500709,True,1109.0
negative,/mnt/MammoDiffusion/MammoDiffusion/experiments/diffusers/02_sd21_filtered_100steps/generated_images/final/negative/gen_0778.png,gen_0778.png,10.0,0.0,0.0,0.8243217468261719,0.9987597817586109,0.8170242309570312,130.02617449037717,35.57323381329898,6.559723854742823,652.4774169921875,0.0,0.0,False,,-6.2915557266207305,True,577.0
negative,/mnt/MammoDiffusion/MammoDiffusion/experiments/diffusers/02_sd21_filtered_100steps/generated_images/final/negative/gen_0779.png,gen_0779.png,50.8956,37.0,1.0,0.6680526733398438,0.9989664584356406,0.6665534973144531,108.42572381862614,44.85930606855262,6.45200199390692,876.8213500976562,0.0,0.0,False,,-5.173296976865839,True,189.0
negative,/mnt/MammoDiffusion/MammoDiffusion/experiments/diffusers/02_sd21_filtered_100steps/generated_images/final/negative/gen_0780.png,gen_0780.png,208.0,127.0,12.0,0.048160552978515625,0.6864950495049505,0.03566741943359375,219.47582887700534,9.744028953610092,6.9343268633246495,913.3317260742188,0.0,0.0,True,too_empty,,False,
negative,/mnt/MammoDiffusion/MammoDiffusion/experiments/diffusers/02_sd21_filtered_100steps/generated_images/final/negative/gen_0781.png,gen_0781.png,117.8956,104.0,1.0,0.3968658447265625,0.9995290091891268,0.3913230895996094,172.1781094333369,16.735592017834165,5.128450878085908,96.01318359375,0.0,0.0,False,,-4.981175597036472,True,130.0
negative,/mnt/MammoDiffusion/MammoDiffusion/experiments/diffusers/02_sd21_filtered_100steps/generated_images/final/negative/gen_0782.png,gen_0782.png,108.7912,86.0,2.0,0.3402099609375,0.9558440975959813,0.4213752746582031,141.5760042005776,41.99346811521263,5.93873827892852,839.3469848632812,0.0,0.0,False,,-19.67724396729381,False,
negative,/mnt/MammoDiffusion/MammoDiffusion/experiments/diffusers/02_sd21_filtered_100steps/generated_images/final/negative/gen_0783.png,gen_0783.png,82.7912,60.0,2.0,0.4349517822265625,0.997737239080863,0.4215583801269531,166.55941145065108,22.920267293744644,5.987729539297133,359.0936584472656,0.0,0.0,False,,-5.237557055265863,True,202.0
negative,/mnt/MammoDiffusion/MammoDiffusion/experiments/diffusers/02_sd21_filtered_100steps/generated_images/final/negative/gen_0784.png,gen_0784.png,67.7912,45.0,2.0,0.48511505126953125,0.9944326492097193,0.5358352661132812,119.30363931485199,50.580048820498064,6.5994335662691235,1279.5072021484375,0.0,0.0,False,,-7.022105945529718,True,915.0
negative,/mnt/MammoDiffusion/MammoDiffusion/experiments/diffusers/02_sd21_filtered_100steps/generated_images/final/negative/gen_0785.png,gen_0785.png,10.0,0.0,0.0,0.7242469787597656,0.9990782536329975,0.7194633483886719,148.71907127670292,33.16293398539054,6.121905425471218,676.6846923828125,0.0,0.0,False,,-5.799661610986683,True,375.0
negative,/mnt/MammoDiffusion/MammoDiffusion/experiments/diffusers/02_sd21_filtered_100steps/generated_images/final/negative/gen_0786.png,gen_0786.png,94.6868,63.0,3.0,0.3855323791503906,0.9611735022015535,0.4356842041015625,137.65655097537913,44.774119917874465,6.65282219728965,1148.039306640625,0.0,0.0,False,,-18.846770829507083,False,
negative,/mnt/MammoDiffusion/MammoDiffusion/experiments/diffusers/02_sd21_filtered_100steps/generated_images/final/negative/gen_0787.png,gen_0787.png,108.8956,95.0,1.0,0.41738128662109375,0.9982086387482406,0.411041259765625,160.8751020862722,27.111972168337008,5.048434310411608,151.75209045410156,0.0,0.0,False,,-4.14231213740876,True,25.0
negative,/mnt/MammoDiffusion/MammoDiffusion/experiments/diffusers/02_sd21_filtered_100steps/generated_images/final/negative/gen_0788.png,gen_0788.png,74.7912,52.0,2.0,0.6398162841796875,0.995558178912976,0.6308631896972656,155.75942845740337,31.437006014943176,6.527918018800455,436.8800354003906,0.0,0.0,False,,-7.18362332581526,True,999.0
negative,/mnt/MammoDiffusion/MammoDiffusion/experiments/diffusers/02_sd21_filtered_100steps/generated_images/final/negative/gen_0789.png,gen_0789.png,133.8956,120.0,1.0,0.22760772705078125,0.9035966882311535,0.22829055786132812,173.1026819283148,31.398935081147304,4.708440086370289,178.96571350097656,0.0,0.0,False,,-40.59733223092873,False,
negative,/mnt/MammoDiffusion/MammoDiffusion/experiments/diffusers/02_sd21_filtered_100steps/generated_images/final/negative/gen_0790.png,gen_0790.png,158.2692,91.0,7.0,0.14552688598632812,0.6740674722797452,0.0960845947265625,217.0180244560902,18.815885583666773,6.268876861550128,770.2369384765625,0.0,0.0,True,too_empty,,False,
negative,/mnt/MammoDiffusion/MammoDiffusion/experiments/diffusers/02_sd21_filtered_100steps/generated_images/final/negative/gen_0791.png,gen_0791.png,49.7912,27.0,2.0,0.6461296081542969,0.990370707112452,0.643280029296875,117.37001873902936,47.08337610657177,6.99170054411165,1226.3759765625,0.0,0.0,False,,-9.32830181129439,False,
negative,/mnt/MammoDiffusion/MammoDiffusion/experiments/diffusers/02_sd21_filtered_100steps/generated_images/final/negative/gen_0792.png,gen_0792.png,181.1648,105.0,8.0,0.11261367797851562,0.8383862335286745,0.09133148193359375,210.4655834934425,16.447554808429253,6.383600460950682,558.197265625,0.0,0.0,True,too_empty,,False,
negative,/mnt/MammoDiffusion/MammoDiffusion/experiments/diffusers/02_sd21_filtered_100steps/generated_images/final/negative/gen_0793.png,gen_0793.png,69.5824,29.0,4.0,0.4999351501464844,0.9987409866086757,0.49555206298828125,177.3927532215602,28.448945165127704,6.6414558808424164,729.5466918945312,0.0,0.0,False,,-5.408794366911141,True,244.0
negative,/mnt/MammoDiffusion/MammoDiffusion/experiments/diffusers/02_sd21_filtered_100steps/generated_images/final/negative/gen_0794.png,gen_0794.png,112.7912,90.0,2.0,0.6117362976074219,0.9972375173824386,0.6054000854492188,159.76209499565223,24.98381596841517,6.397410869811551,254.98513793945312,0.0,0.0,False,,-6.9230564556118335,True,859.0
negative,/mnt/MammoDiffusion/MammoDiffusion/experiments/diffusers/02_sd21_filtered_100steps/generated_images/final/negative/gen_0795.png,gen_0795.png,14.8956,1.0,1.0,0.7247390747070312,0.9977840472455866,0.7163925170898438,145.88962608760477,26.06244004302559,6.103271706895853,381.603271484375,0.0,0.0,False,,-6.7460874816776295,True,786.0
negative,/mnt/MammoDiffusion/MammoDiffusion/experiments/diffusers/02_sd21_filtered_100steps/generated_images/final/negative/gen_0796.png,gen_0796.png,86.0,81.0,0.0,0.4474639892578125,0.9990110826939471,0.4418907165527344,161.19832698832,25.171800104579884,4.669034763831114,146.50579833984375,0.0,0.0,False,,-4.023208599300495,True,16.0
negative,/mnt/MammoDiffusion/MammoDiffusion/experiments/diffusers/02_sd21_filtered_100steps/generated_images/final/negative/gen_0797.png,gen_0797.png,188.0,186.0,1.0,0.04093170166015625,0.6272134203168686,0.02480316162109375,203.76345739772378,10.616393577514655,5.546567582030738,720.4371948242188,0.0,0.0,True,too_empty,,False,
negative,/mnt/MammoDiffusion/MammoDiffusion/experiments/diffusers/02_sd21_filtered_100steps/generated_images/final/negative/gen_0798.png,gen_0798.png,76.7912,54.0,2.0,0.5339317321777344,0.9970635935613394,0.5263023376464844,177.6093848528996,23.610978739781196,6.023836578731012,315.0679931640625,0.0,0.0,False,,-6.446511797879542,True,644.0
negative,/mnt/MammoDiffusion/MammoDiffusion/experiments/diffusers/02_sd21_filtered_100steps/generated_images/final/negative/gen_0799.png,gen_0799.png,76.8956,63.0,1.0,0.6206474304199219,0.9999631220843398,0.6146202087402344,158.57893854852625,26.81627893290544,5.590701389029631,181.59555053710938,0.0,0.0,False,,-6.14992509298186,True,512.0
negative,/mnt/MammoDiffusion/MammoDiffusion/experiments/diffusers/02_sd21_filtered_100steps/generated_images/final/negative/gen_0800.png,gen_0800.png,84.7912,62.0,2.0,0.28304290771484375,0.9734359416695868,0.3231353759765625,131.19759644897766,49.56931865310889,5.9601287176867,952.3145141601562,0.0,0.0,False,,-13.579874250372676,False,
negative,/mnt/MammoDiffusion/MammoDiffusion/experiments/diffusers/02_sd21_filtered_100steps/generated_images/final/negative/gen_0801.png,gen_0801.png,83.6868,52.0,3.0,0.5006103515625,0.9992379907339674,0.4957771301269531,164.2359327511253,25.907747726349392,6.307693463463395,382.69732666015625,0.0,0.0,False,,-5.560655923761405,True,291.0
negative,/mnt/MammoDiffusion/MammoDiffusion/experiments/diffusers/02_sd21_filtered_100steps/generated_images/final/negative/gen_0802.png,gen_0802.png,130.06040000000002,45.0,9.0,0.263519287109375,0.7584105385060799,0.211822509765625,182.25587091197235,36.44342057916119,7.514858606250722,1598.6990966796875,0.0,0.0,False,,-98.58503202936232,False,
negative,/mnt/MammoDiffusion/MammoDiffusion/experiments/diffusers/02_sd21_filtered_100steps/generated_images/final/negative/gen_0803.png,gen_0803.png,190.0,163.0,5.0,0.049938201904296875,0.7176686273011993,0.037563323974609375,208.13151213567585,12.557424476925329,6.839288177978367,996.9645385742188,0.0,0.0,True,too_empty,,False,
negative,/mnt/MammoDiffusion/MammoDiffusion/experiments/diffusers/02_sd21_filtered_100steps/generated_images/final/negative/gen_0804.png,gen_0804.png,78.8956,65.0,1.0,0.7004852294921875,0.981228352974492,0.7710762023925781,113.3390440947297,40.619307107074775,6.8457187435538165,803.3884887695312,0.0,0.0,False,,-12.55636369421334,False,
negative,/mnt/MammoDiffusion/MammoDiffusion/experiments/diffusers/02_sd21_filtered_100steps/generated_images/final/negative/gen_0805.png,gen_0805.png,28.7912,6.0,2.0,0.7378425598144531,1.0,0.7319107055664062,153.88422649140546,21.428200826515276,6.274755656805444,117.82371520996094,0.0,0.0,False,,-7.827044330446374,True,1338.0
negative,/mnt/MammoDiffusion/MammoDiffusion/experiments/diffusers/02_sd21_filtered_100steps/generated_images/final/negative/gen_0806.png,gen_0806.png,61.8956,48.0,1.0,0.59210205078125,0.9973456344706731,0.5848655700683594,151.36823224779707,26.133640602484384,5.975313500023315,321.228515625,0.0,0.0,False,,-6.08866156941648,True,489.0
negative,/mnt/MammoDiffusion/MammoDiffusion/experiments/diffusers/02_sd21_filtered_100steps/generated_images/final/negative/gen_0807.png,gen_0807.png,71.7912,49.0,2.0,0.5092391967773438,1.0,0.5031929016113281,167.55995421085748,22.379601124660386,5.98059199411845,205.98431396484375,0.0,0.0,False,,-6.105825362647686,True,498.0
negative,/mnt/MammoDiffusion/MammoDiffusion/experiments/diffusers/02_sd21_filtered_100steps/generated_images/final/negative/gen_0808.png,gen_0808.png,105.7912,83.0,2.0,0.34568023681640625,0.9352336180449801,0.3784294128417969,142.70284164793404,42.14658943075384,6.277355045227216,675.1804809570312,0.0,0.0,False,,-27.452118885275212,False,
negative,/mnt/MammoDiffusion/MammoDiffusion/experiments/diffusers/02_sd21_filtered_100steps/generated_images/final/negative/gen_0809.png,gen_0809.png,173.478,124.0,5.0,0.09812545776367188,0.39905920771294173,0.037136077880859375,204.94514637904467,17.793192803294872,5.635191841006425,217.7235107421875,0.0,0.0,True,too_empty,,False,
negative,/mnt/MammoDiffusion/MammoDiffusion/experiments/diffusers/02_sd21_filtered_100steps/generated_images/final/negative/gen_0810.png,gen_0810.png,143.7912,121.0,2.0,0.15185928344726562,0.8280539576477681,0.14654541015625,175.8634423157018,30.814684211874965,5.075839715856722,298.9991149902344,0.0,0.0,False,,-70.04522531188663,False,
negative,/mnt/MammoDiffusion/MammoDiffusion/experiments/diffusers/02_sd21_filtered_100steps/generated_images/final/negative/gen_0811.png,gen_0811.png,17.8956,4.0,1.0,0.7950897216796875,0.9978025984992419,0.785888671875,153.81826654240447,21.527165632810327,6.18394225801863,240.23548889160156,0.0,0.0,False,,-7.847671816279823,True,1344.0
negative,/mnt/MammoDiffusion/MammoDiffusion/experiments/diffusers/02_sd21_filtered_100steps/generated_images/final/negative/gen_0812.png,gen_0812.png,24.7912,2.0,2.0,0.8041534423828125,0.9999573063129732,0.7908439636230469,140.04073993681112,29.87695351443218,6.357150257629842,552.5533447265625,0.0,0.0,False,,-7.0034044130255415,True,906.0
negative,/mnt/MammoDiffusion/MammoDiffusion/experiments/diffusers/02_sd21_filtered_100steps/generated_images/final/negative/gen_0813.png,gen_0813.png,66.0,61.0,0.0,0.8220939636230469,0.9983341608393231,0.8129615783691406,146.57205801616982,26.028704895465165,6.325558056065915,331.28497314453125,0.0,0.0,False,,-7.458205976477449,True,1151.0
negative,/mnt/MammoDiffusion/MammoDiffusion/experiments/diffusers/02_sd21_filtered_100steps/generated_images/final/negative/gen_0814.png,gen_0814.png,79.0,74.0,0.0,0.5014877319335938,0.9978168596248346,0.4948234558105469,166.11892225263077,21.330302265670564,4.8615352113976105,199.5774383544922,0.0,0.0,False,,-5.038190786306397,True,149.0
negative,/mnt/MammoDiffusion/MammoDiffusion/experiments/diffusers/02_sd21_filtered_100steps/generated_images/final/negative/gen_0815.png,gen_0815.png,24.8956,11.0,1.0,0.7002182006835938,0.9983819828065243,0.6941261291503906,164.05594055869113,24.52272737991363,6.152810526863343,346.517822265625,0.0,0.0,False,,-6.859554599264518,True,829.0
negative,/mnt/MammoDiffusion/MammoDiffusion/experiments/diffusers/02_sd21_filtered_100steps/generated_images/final/negative/gen_0816.png,gen_0816.png,158.8956,145.0,1.0,0.11034774780273438,0.7364400041483735,0.07989120483398438,203.2997182829585,22.492957476775697,6.29857211149546,667.5845336914062,0.0,0.0,True,too_empty,,False,
negative,/mnt/MammoDiffusion/MammoDiffusion/experiments/diffusers/02_sd21_filtered_100steps/generated_images/final/negative/gen_0817.png,gen_0817.png,91.7912,69.0,2.0,0.5594291687011719,0.997340625021309,0.5517539978027344,162.9958517412316,27.2079580215329,6.616722562796664,287.8814697265625,0.0,0.0,False,,-6.600881202856136,True,709.0
negative,/mnt/MammoDiffusion/MammoDiffusion/experiments/diffusers/02_sd21_filtered_100steps/generated_images/final/negative/gen_0818.png,gen_0818.png,107.8956,94.0,1.0,0.6563911437988281,0.9976637279231007,0.6542930603027344,156.63913035873577,27.520299387524478,6.073205569966177,507.3229675292969,0.0,0.0,False,,-6.29058091716635,True,576.0
negative,/mnt/MammoDiffusion/MammoDiffusion/experiments/diffusers/02_sd21_filtered_100steps/generated_images/final/negative/gen_0819.png,gen_0819.png,73.8956,60.0,1.0,0.7288246154785156,0.9981942561643907,0.720916748046875,153.4153843711637,28.350807795693765,6.799547676004085,333.9856872558594,0.0,0.0,False,,-7.282852386710371,True,1067.0
negative,/mnt/MammoDiffusion/MammoDiffusion/experiments/diffusers/02_sd21_filtered_100steps/generated_images/final/negative/gen_0820.png,gen_0820.png,10.0,0.0,0.0,0.7465133666992188,0.9992181671384918,0.7421836853027344,92.01715674936652,53.610621425165505,6.391143138995002,1511.96435546875,0.0,0.0,False,,-6.753668531698154,True,787.0
negative,/mnt/MammoDiffusion/MammoDiffusion/experiments/diffusers/02_sd21_filtered_100steps/generated_images/final/negative/gen_0821.png,gen_0821.png,114.7912,92.0,2.0,0.5269660949707031,0.9953815304652492,0.52099609375,166.42456214854732,24.97914118746433,6.2790770866801005,338.4183349609375,0.0,0.0,False,,-6.963800329929642,True,886.0
negative,/mnt/MammoDiffusion/MammoDiffusion/experiments/diffusers/02_sd21_filtered_100steps/generated_images/final/negative/gen_0822.png,gen_0822.png,28.7912,6.0,2.0,0.8797645568847656,0.9987815718157181,0.8762664794921875,107.22777613317777,48.68380192933052,7.311710423779433,1254.920654296875,0.0,0.0,False,,-7.933718307030633,False,
negative,/mnt/MammoDiffusion/MammoDiffusion/experiments/diffusers/02_sd21_filtered_100steps/generated_images/final/negative/gen_0823.png,gen_0823.png,106.8956,93.0,1.0,0.5774879455566406,0.9974832381015292,0.5693817138671875,164.9578319710572,18.30826426770032,5.624289223912927,297.8538513183594,0.0,0.0,False,,-6.325658968429231,True,592.0
negative,/mnt/MammoDiffusion/MammoDiffusion/experiments/diffusers/02_sd21_filtered_100steps/generated_images/final/negative/gen_0824.png,gen_0824.png,50.6868,19.0,3.0,0.5591239929199219,0.9967865403115214,0.5750617980957031,114.78164365932776,53.064627152674234,7.10925746357632,1721.9090576171875,0.0,0.0,False,,-7.467006497072847,True,1157.0
negative,/mnt/MammoDiffusion/MammoDiffusion/experiments/diffusers/02_sd21_filtered_100steps/generated_images/final/negative/gen_0825.png,gen_0825.png,19.0,14.0,0.0,0.8068962097167969,0.9986431735555944,0.800384521484375,102.86968581995653,51.09409231078326,6.8234309433712195,1196.6724853515625,0.0,0.0,False,,-7.029142034122037,True,918.0
negative,/mnt/MammoDiffusion/MammoDiffusion/experiments/diffusers/02_sd21_filtered_100steps/generated_images/final/negative/gen_0826.png,gen_0826.png,36.7912,14.0,2.0,0.6051406860351562,1.0,0.598876953125,159.4330793925805,21.836007401708486,6.208826058281772,199.1553955078125,0.0,0.0,False,,-6.840578179603961,True,822.0
negative,/mnt/MammoDiffusion/MammoDiffusion/experiments/diffusers/02_sd21_filtered_100steps/generated_images/final/negative/gen_0827.png,gen_0827.png,10.0,0.0,0.0,0.8254165649414062,0.9999953784580687,0.8130950927734375,145.30853679133747,30.89789627335324,6.210104884519194,536.9595336914062,0.0,0.0,False,,-7.10197659814384,True,954.0
negative,/mnt/MammoDiffusion/MammoDiffusion/experiments/diffusers/02_sd21_filtered_100steps/generated_images/final/negative/gen_0828.png,gen_0828.png,10.0,0.0,0.0,0.8925399780273438,0.9991494781471446,0.8861503601074219,126.29611836469378,41.3788701467618,6.9629452244126595,851.4192504882812,0.0,0.0,False,,-7.251201059557948,True,1046.0
negative,/mnt/MammoDiffusion/MammoDiffusion/experiments/diffusers/02_sd21_filtered_100steps/generated_images/final/negative/gen_0829.png,gen_0829.png,201.1208,36.0,18.0,0.05817413330078125,0.7194754098360656,0.0420379638671875,217.6521778584392,11.389338942029271,7.335939697019073,936.2041015625,0.0,0.0,True,too_empty,,False,
negative,/mnt/MammoDiffusion/MammoDiffusion/experiments/diffusers/02_sd21_filtered_100steps/generated_images/final/negative/gen_0830.png,gen_0830.png,10.0,0.0,0.0,0.8915252685546875,0.9988404333612885,0.8838882446289062,84.90452556256635,53.66783597695786,7.130551183262397,1543.1650390625,0.0,0.0,False,,-8.1878638838545,False,
negative,/mnt/MammoDiffusion/MammoDiffusion/experiments/diffusers/02_sd21_filtered_100steps/generated_images/final/negative/gen_0831.png,gen_0831.png,220.0,232.0,20.0,0.22916793823242188,0.4366874739908448,0.10105133056640625,249.66455266138166,20.859441894622123,6.845412046694692,1637.0699462890625,0.0,0.0,True,too_empty,,False,
negative,/mnt/MammoDiffusion/MammoDiffusion/experiments/diffusers/02_sd21_filtered_100steps/generated_images/final/negative/gen_0832.png,gen_0832.png,111.7912,89.0,2.0,0.45182037353515625,0.9992485773627598,0.4485054016113281,158.15222882804724,27.523841177162534,5.882681689642073,332.9837951660156,0.0,0.0,False,,-4.75778682237522,True,99.0
negative,/mnt/MammoDiffusion/MammoDiffusion/experiments/diffusers/02_sd21_filtered_100steps/generated_images/final/negative/gen_0833.png,gen_0833.png,40.8956,27.0,1.0,0.81634521484375,0.9978598130841122,0.8089485168457031,112.33077274935042,41.592126436064596,6.867361244971691,840.140380859375,0.0,0.0,False,,-6.603094814251084,True,710.0
negative,/mnt/MammoDiffusion/MammoDiffusion/experiments/diffusers/02_sd21_filtered_100steps/generated_images/final/negative/gen_0834.png,gen_0834.png,206.7472,95.0,12.0,0.06067657470703125,0.8472274613353451,0.050334930419921875,223.5241379310345,9.967157368072485,7.090896634504121,198.83840942382812,0.0,0.0,True,too_empty,,False,
negative,/mnt/MammoDiffusion/MammoDiffusion/experiments/diffusers/02_sd21_filtered_100steps/generated_images/final/negative/gen_0835.png,gen_0835.png,118.7912,96.0,2.0,0.513885498046875,0.9930666904210463,0.5046234130859375,165.96719179946177,24.669682524493197,6.506912136540667,383.8509826660156,0.0,0.0,False,,-7.872778533544208,True,1358.0
negative,/mnt/MammoDiffusion/MammoDiffusion/experiments/diffusers/02_sd21_filtered_100steps/generated_images/final/negative/gen_0836.png,gen_0836.png,220.0,33.0,33.0,0.12925338745117188,0.7519700144615293,0.0930023193359375,254.4745283018868,4.431805686600523,7.1125086372823665,1255.779052734375,0.0,0.0,True,too_empty,,False,
negative,/mnt/MammoDiffusion/MammoDiffusion/experiments/diffusers/02_sd21_filtered_100steps/generated_images/final/negative/gen_0837.png,gen_0837.png,198.0,91.0,14.0,0.049907684326171875,0.7528089887640449,0.0352783203125,209.2429714532872,8.73505299692261,6.697770842297869,547.6212158203125,0.0,0.0,True,too_empty,,False,
negative,/mnt/MammoDiffusion/MammoDiffusion/experiments/diffusers/02_sd21_filtered_100steps/generated_images/final/negative/gen_0838.png,gen_0838.png,107.5824,67.0,4.0,0.3517494201660156,0.9971477838388877,0.3455085754394531,181.21176288739468,22.668689900702788,6.749561916997574,290.8977966308594,0.0,0.0,False,,-6.500039157451818,True,675.0
negative,/mnt/MammoDiffusion/MammoDiffusion/experiments/diffusers/02_sd21_filtered_100steps/generated_images/final/negative/gen_0839.png,gen_0839.png,106.8956,93.0,1.0,0.6308441162109375,0.99918970563336,0.6240997314453125,162.44215911591402,24.231574172730653,6.109112147033501,170.52996826171875,0.0,0.0,False,,-6.581018819103416,True,702.0
negative,/mnt/MammoDiffusion/MammoDiffusion/experiments/diffusers/02_sd21_filtered_100steps/generated_images/final/negative/gen_0840.png,gen_0840.png,146.2692,79.0,7.0,0.19927215576171875,0.7289329606799648,0.15942001342773438,185.37840683400734,29.78822939635566,7.164293652758678,1078.2593994140625,0.0,0.0,True,fragmented_mask,,False,
negative,/mnt/MammoDiffusion/MammoDiffusion/experiments/diffusers/02_sd21_filtered_100steps/generated_images/final/negative/gen_0841.png,gen_0841.png,52.8956,39.0,1.0,0.8244171142578125,0.9981676507061022,0.8153762817382812,155.65647076436517,26.54586181042207,6.500201008149155,296.8031005859375,0.0,0.0,False,,-7.863192950340724,True,1354.0
negative,/mnt/MammoDiffusion/MammoDiffusion/experiments/diffusers/02_sd21_filtered_100steps/generated_images/final/negative/gen_0842.png,gen_0842.png,111.7912,89.0,2.0,0.22742080688476562,0.8484492678262912,0.258392333984375,150.17720266918624,47.6386698697539,5.905871632919862,721.9047241210938,0.0,0.0,False,,-61.32048068318065,False,
negative,/mnt/MammoDiffusion/MammoDiffusion/experiments/diffusers/02_sd21_filtered_100steps/generated_images/final/negative/gen_0843.png,gen_0843.png,109.8956,96.0,1.0,0.3019676208496094,0.986432370292702,0.3160667419433594,156.19961378311507,36.52599356284115,5.235396641851278,242.3251953125,0.0,0.0,False,,-8.362104065898276,False,
negative,/mnt/MammoDiffusion/MammoDiffusion/experiments/diffusers/02_sd21_filtered_100steps/generated_images/final/negative/gen_0844.png,gen_0844.png,61.7912,39.0,2.0,0.6916084289550781,1.0,0.685333251953125,168.59123547223584,23.408070682436765,6.358734136259533,143.66726684570312,0.0,0.0,False,,-7.701332165957119,True,1283.0
negative,/mnt/MammoDiffusion/MammoDiffusion/experiments/diffusers/02_sd21_filtered_100steps/generated_images/final/negative/gen_0845.png,gen_0845.png,10.0,1.0,0.0,0.8613433837890625,0.9992559655618346,0.8553695678710938,136.11583195825716,36.020713868166894,6.757537710725039,711.450439453125,0.0,0.0,False,,-6.951302976705724,True,880.0
negative,/mnt/MammoDiffusion/MammoDiffusion/experiments/diffusers/02_sd21_filtered_100steps/generated_images/final/negative/gen_0846.png,gen_0846.png,113.6868,82.0,3.0,0.39189910888671875,0.9286798917593008,0.48360443115234375,145.38798965087477,43.62243808045569,6.768498884343375,797.719970703125,0.0,0.0,False,,-31.20660675071459,False,
negative,/mnt/MammoDiffusion/MammoDiffusion/experiments/diffusers/02_sd21_filtered_100steps/generated_images/final/negative/gen_0847.png,gen_0847.png,34.6868,3.0,3.0,0.7462921142578125,0.9987834549878345,0.72735595703125,151.48919610640263,28.467771760958804,5.930181957936399,948.9466552734375,0.0,0.0,False,,-6.199139410876229,True,539.0
negative,/mnt/MammoDiffusion/MammoDiffusion/experiments/diffusers/02_sd21_filtered_100steps/generated_images/final/negative/gen_0848.png,gen_0848.png,165.8956,152.0,1.0,0.0908660888671875,0.7837531486146095,0.07150650024414062,202.69479861296347,21.474274426454834,5.668697394667854,642.0171508789062,0.0,0.0,True,too_empty,,False,
negative,/mnt/MammoDiffusion/MammoDiffusion/experiments/diffusers/02_sd21_filtered_100steps/generated_images/final/negative/gen_0849.png,gen_0849.png,120.7912,98.0,2.0,0.4040031433105469,0.9934848499154919,0.3981208801269531,165.47514971494275,29.231342626667633,5.881192013006978,263.4785461425781,0.0,0.0,False,,-6.37099956184351,True,603.0
negative,/mnt/MammoDiffusion/MammoDiffusion/experiments/diffusers/02_sd21_filtered_100steps/generated_images/final/negative/gen_0850.png,gen_0850.png,74.2692,7.0,7.0,0.7250900268554688,0.9713854312440157,0.7577323913574219,127.55577315176076,48.961706225918704,7.416740479648579,1222.2918701171875,0.0,0.0,False,,-17.939490293048998,False,
negative,/mnt/MammoDiffusion/MammoDiffusion/experiments/diffusers/02_sd21_filtered_100steps/generated_images/final/negative/gen_0851.png,gen_0851.png,220.0,223.0,3.0,0.23235321044921875,0.4861106550648498,0.10783004760742188,227.31096331411186,1.7904776017631223,6.825722156647602,1097.51171875,0.0,0.0,True,too_empty,,False,
negative,/mnt/MammoDiffusion/MammoDiffusion/experiments/diffusers/02_sd21_filtered_100steps/generated_images/final/negative/gen_0852.png,gen_0852.png,48.6868,17.0,3.0,0.28421783447265625,0.9954634526078436,0.2984161376953125,125.80537659150177,60.977402321155324,6.156660220146288,1663.7486572265625,0.0,0.0,False,,-7.018544857577618,True,914.0
negative,/mnt/MammoDiffusion/MammoDiffusion/experiments/diffusers/02_sd21_filtered_100steps/generated_images/final/negative/gen_0853.png,gen_0853.png,141.8956,128.0,1.0,0.235107421875,0.9571002076843198,0.24370956420898438,170.45134377885955,24.01713172983385,4.7923287086497925,157.44216918945312,0.0,0.0,False,,-20.641732508867932,False,
negative,/mnt/MammoDiffusion/MammoDiffusion/experiments/diffusers/02_sd21_filtered_100steps/generated_images/final/negative/gen_0854.png,gen_0854.png,80.8956,67.0,1.0,0.5077438354492188,1.0,0.5020408630371094,180.34366713016786,21.518161563082966,5.670164970312372,135.79315185546875,0.0,0.0,False,,-6.199494448202464,True,540.0
negative,/mnt/MammoDiffusion/MammoDiffusion/experiments/diffusers/02_sd21_filtered_100steps/generated_images/final/negative/gen_0855.png,gen_0855.png,205.0,168.0,29.0,0.046222686767578125,0.5286787158537591,0.0261993408203125,214.34318578916717,9.039147622108246,6.646101157042617,1248.1715087890625,0.0,0.0,True,too_empty,,False,
negative,/mnt/MammoDiffusion/MammoDiffusion/experiments/diffusers/02_sd21_filtered_100steps/generated_images/final/negative/gen_0856.png,gen_0856.png,53.0,48.0,0.0,0.7204093933105469,1.0,0.7141265869140625,155.92563727270786,24.698609094296945,5.7994360974375105,137.44161987304688,0.0,0.0,False,,-7.138434380372938,True,971.0
negative,/mnt/MammoDiffusion/MammoDiffusion/experiments/diffusers/02_sd21_filtered_100steps/generated_images/final/negative/gen_0857.png,gen_0857.png,10.0,0.0,0.0,0.8246841430664062,1.0,0.8181800842285156,138.01903665126514,23.935025694526818,5.895262036562889,120.19293212890625,0.0,0.0,False,,-7.671361576815049,True,1267.0
negative,/mnt/MammoDiffusion/MammoDiffusion/experiments/diffusers/02_sd21_filtered_100steps/generated_images/final/negative/gen_0858.png,gen_0858.png,86.6868,55.0,3.0,0.4071159362792969,0.9714681933603816,0.4306602478027344,136.07529119978742,48.303433277249056,6.71274755357455,1258.6190185546875,0.0,0.0,False,,-15.266225663220535,False,
negative,/mnt/MammoDiffusion/MammoDiffusion/experiments/diffusers/02_sd21_filtered_100steps/generated_images/final/negative/gen_0859.png,gen_0859.png,129.478,80.0,5.0,0.3762550354003906,0.9546804821915587,0.37915802001953125,166.90863633619736,33.87553063518163,7.034110848075672,436.8821716308594,0.0,0.0,False,,-21.57953103622908,False,
negative,/mnt/MammoDiffusion/MammoDiffusion/experiments/diffusers/02_sd21_filtered_100steps/generated_images/final/negative/gen_0860.png,gen_0860.png,129.8956,116.0,1.0,0.10478591918945312,0.9725508755324184,0.11335372924804688,182.97129395927982,40.33755038651325,4.037232046753231,261.1384582519531,0.0,0.0,False,,-14.345844800068255,False,
negative,/mnt/MammoDiffusion/MammoDiffusion/experiments/diffusers/02_sd21_filtered_100steps/generated_images/final/negative/gen_0861.png,gen_0861.png,10.0,0.0,0.0,0.80194091796875,0.9984920846335338,0.7927169799804688,150.010885152498,21.598167731064954,5.555142715875187,152.36495971679688,0.0,0.0,False,,-7.145730577381185,True,976.0
negative,/mnt/MammoDiffusion/MammoDiffusion/experiments/diffusers/02_sd21_filtered_100steps/generated_images/final/negative/gen_0862.png,gen_0862.png,170.5384,41.0,14.0,0.20196151733398438,0.6430878491963055,0.1258697509765625,195.66277730634016,14.126170552586956,6.664046904205886,177.8481903076172,0.0,0.0,True,fragmented_mask,,False,
negative,/mnt/MammoDiffusion/MammoDiffusion/experiments/diffusers/02_sd21_filtered_100steps/generated_images/final/negative/gen_0863.png,gen_0863.png,154.7912,132.0,2.0,0.16339492797851562,0.5788994466883011,0.09251022338867188,206.31792503401923,22.333457878487636,5.685763621647379,673.28271484375,0.0,0.0,True,too_empty,,False,
negative,/mnt/MammoDiffusion/MammoDiffusion/experiments/diffusers/02_sd21_filtered_100steps/generated_images/final/negative/gen_0864.png,gen_0864.png,138.8956,125.0,1.0,0.40006256103515625,0.9515132444647864,0.38509368896484375,168.59715700842,28.038831522474858,5.469030867534897,367.5360412597656,0.0,0.0,False,,-21.85201601163231,False,
negative,/mnt/MammoDiffusion/MammoDiffusion/experiments/diffusers/02_sd21_filtered_100steps/generated_images/final/negative/gen_0865.png,gen_0865.png,96.8956,83.0,1.0,0.4320564270019531,0.980752421398363,0.4317893981933594,143.68129091535545,40.19842774997435,6.153714161112969,433.6716613769531,0.0,0.0,False,,-10.567780538798749,False,
negative,/mnt/MammoDiffusion/MammoDiffusion/experiments/diffusers/02_sd21_filtered_100steps/generated_images/final/negative/gen_0866.png,gen_0866.png,79.8956,66.0,1.0,0.6671028137207031,0.9977355512731806,0.6597023010253906,162.12835888213627,22.35630445583662,5.854926747445912,307.8951416015625,0.0,0.0,False,,-6.754171417212867,True,788.0
negative,/mnt/MammoDiffusion/MammoDiffusion/experiments/diffusers/02_sd21_filtered_100steps/generated_images/final/negative/gen_0867.png,gen_0867.png,88.8956,75.0,1.0,0.3871955871582031,0.9847883272085989,0.3760871887207031,170.27620728478837,25.41285142745014,4.9968096247250395,221.50750732421875,0.0,0.0,False,,-9.251667782547981,False,
negative,/mnt/MammoDiffusion/MammoDiffusion/experiments/diffusers/02_sd21_filtered_100steps/generated_images/final/negative/gen_0868.png,gen_0868.png,100.6868,69.0,3.0,0.4401206970214844,0.9981191765980498,0.4334144592285156,183.10766874675446,22.91103014235363,6.132895242968311,387.1015930175781,0.0,0.0,False,,-5.549782797153723,True,285.0
negative,/mnt/MammoDiffusion/MammoDiffusion/experiments/diffusers/02_sd21_filtered_100steps/generated_images/final/negative/gen_0869.png,gen_0869.png,106.7912,84.0,2.0,0.3411064147949219,0.8976951207237835,0.3503303527832031,152.43693718218148,43.538530338631546,6.200911679747815,876.8897705078125,0.0,0.0,False,,-42.28830533675553,False,
negative,/mnt/MammoDiffusion/MammoDiffusion/experiments/diffusers/02_sd21_filtered_100steps/generated_images/final/negative/gen_0870.png,gen_0870.png,70.8956,57.0,1.0,0.6897506713867188,0.9976771710155187,0.6890945434570312,128.39943645442366,42.397847751423086,6.354170537937185,612.2850341796875,0.0,0.0,False,,-5.665383441439339,True,329.0
negative,/mnt/MammoDiffusion/MammoDiffusion/experiments/diffusers/02_sd21_filtered_100steps/generated_images/final/negative/gen_0871.png,gen_0871.png,154.5824,114.0,4.0,0.2993965148925781,0.9507421800344015,0.3318748474121094,174.60313336934908,23.048575796300586,6.536839038179295,427.5391845703125,0.0,0.0,False,,-23.702341824057125,False,
negative,/mnt/MammoDiffusion/MammoDiffusion/experiments/diffusers/02_sd21_filtered_100steps/generated_images/final/negative/gen_0872.png,gen_0872.png,66.8956,53.0,1.0,0.8384513854980469,0.9985349985213494,0.8292045593261719,169.24019763445907,24.363396323124025,6.3918304629916864,229.34434509277344,0.0,0.0,False,,-8.17119477754764,False,
negative,/mnt/MammoDiffusion/MammoDiffusion/experiments/diffusers/02_sd21_filtered_100steps/generated_images/final/negative/gen_0873.png,gen_0873.png,90.8956,77.0,1.0,0.4839820861816406,0.9265485958399344,0.48946380615234375,134.26451562621776,42.05865230981292,6.392281495893544,766.0885620117188,0.0,0.0,False,,-31.414705293939665,False,
negative,/mnt/MammoDiffusion/MammoDiffusion/experiments/diffusers/02_sd21_filtered_100steps/generated_images/final/negative/gen_0874.png,gen_0874.png,54.8956,41.0,1.0,0.8242683410644531,0.9981580640234731,0.8156852722167969,159.4379428229363,29.89996254059141,6.764373336546106,318.1875915527344,0.0,0.0,False,,-7.950187503005438,False,
negative,/mnt/MammoDiffusion/MammoDiffusion/experiments/diffusers/02_sd21_filtered_100steps/generated_images/final/negative/gen_0875.png,gen_0875.png,10.0,2.0,0.0,0.7782249450683594,0.9898238785924013,0.7664756774902344,111.22151826285169,47.70229411291709,6.572429146080904,981.204833984375,0.0,0.0,False,,-9.612357258429787,False,
negative,/mnt/MammoDiffusion/MammoDiffusion/experiments/diffusers/02_sd21_filtered_100steps/generated_images/final/negative/gen_0876.png,gen_0876.png,17.8956,4.0,1.0,0.8188514709472656,0.9985185668298727,0.8106155395507812,157.89198486573991,21.874954871178947,6.216731598634222,373.6671142578125,0.0,0.0,False,,-7.646451943897186,True,1253.0
negative,/mnt/MammoDiffusion/MammoDiffusion/experiments/diffusers/02_sd21_filtered_100steps/generated_images/final/negative/gen_0877.png,gen_0877.png,73.6868,42.0,3.0,0.45831298828125,0.9840691170595286,0.54071044921875,120.97002342250818,50.08351725268678,6.983811172028541,1568.017333984375,0.0,0.0,False,,-11.698479693638097,False,
negative,/mnt/MammoDiffusion/MammoDiffusion/experiments/diffusers/02_sd21_filtered_100steps/generated_images/final/negative/gen_0878.png,gen_0878.png,27.7912,5.0,2.0,0.6414260864257812,0.9984120942514244,0.6366920471191406,118.70316647194512,51.2593126403373,6.961976240492923,1113.4324951171875,0.0,0.0,False,,-6.30553870520883,True,579.0
negative,/mnt/MammoDiffusion/MammoDiffusion/experiments/diffusers/02_sd21_filtered_100steps/generated_images/final/negative/gen_0879.png,gen_0879.png,43.6868,12.0,3.0,0.7131080627441406,0.9985877595125631,0.705352783203125,163.13998615497772,23.614406969813086,6.557120423098285,433.1094970703125,0.0,0.0,False,,-7.1173667688385915,True,963.0
negative,/mnt/MammoDiffusion/MammoDiffusion/experiments/diffusers/02_sd21_filtered_100steps/generated_images/final/negative/gen_0880.png,gen_0880.png,220.0,173.0,77.0,0.20914077758789062,0.4609575923392613,0.094757080078125,254.1619967793881,4.4083625559963195,6.6378852102792605,1422.824951171875,0.0,0.0,True,too_empty,,False,
negative,/mnt/MammoDiffusion/MammoDiffusion/experiments/diffusers/02_sd21_filtered_100steps/generated_images/final/negative/gen_0881.png,gen_0881.png,58.7912,36.0,2.0,0.7991447448730469,0.9986586535937104,0.7909660339355469,159.13565183002407,25.891372809651052,6.716763889205307,488.0008544921875,0.0,0.0,False,,-7.537915190748077,True,1197.0
negative,/mnt/MammoDiffusion/MammoDiffusion/experiments/diffusers/02_sd21_filtered_100steps/generated_images/final/negative/gen_0882.png,gen_0882.png,69.8956,56.0,1.0,0.5063629150390625,0.9983501582040079,0.499603271484375,165.42857797324538,22.281953374948092,5.1794624553629225,266.0165100097656,0.0,0.0,False,,-4.985716881092738,True,131.0
negative,/mnt/MammoDiffusion/MammoDiffusion/experiments/diffusers/02_sd21_filtered_100steps/generated_images/final/negative/gen_0883.png,gen_0883.png,58.6868,27.0,3.0,0.45709228515625,0.9950260381893443,0.4862861633300781,123.28815394149532,56.19391695752582,6.717131272151438,1313.1671142578125,0.0,0.0,False,,-6.978802414557623,True,898.0
negative,/mnt/MammoDiffusion/MammoDiffusion/experiments/diffusers/02_sd21_filtered_100steps/generated_images/final/negative/gen_0884.png,gen_0884.png,10.0,0.0,0.0,0.8001823425292969,1.0,0.7933158874511719,163.73740521150398,17.86103937311779,5.2444037768017,100.8680648803711,0.0,0.0,False,,-7.756987993786425,True,1311.0
negative,/mnt/MammoDiffusion/MammoDiffusion/experiments/diffusers/02_sd21_filtered_100steps/generated_images/final/negative/gen_0885.png,gen_0885.png,112.8956,99.0,1.0,0.3969993591308594,0.9973671820199671,0.39080047607421875,162.4134178005974,29.473270882979843,5.220092219363137,278.3731689453125,0.0,0.0,False,,-4.202133707215191,True,28.0
negative,/mnt/MammoDiffusion/MammoDiffusion/experiments/diffusers/02_sd21_filtered_100steps/generated_images/final/negative/gen_0886.png,gen_0886.png,220.0,218.0,26.0,0.3044090270996094,0.9348864020852392,0.2777137756347656,244.24742791994615,7.029344565205727,6.668414661743888,1288.3758544921875,0.0,0.0,True,low_contrast,,False,
negative,/mnt/MammoDiffusion/MammoDiffusion/experiments/diffusers/02_sd21_filtered_100steps/generated_images/final/negative/gen_0887.png,gen_0887.png,123.0,118.0,0.0,0.176055908203125,0.7984702721442191,0.15230178833007812,175.91301189730746,40.92865606970707,4.669004042896257,627.3115234375,0.0,0.0,False,,-80.09327779586174,False,
negative,/mnt/MammoDiffusion/MammoDiffusion/experiments/diffusers/02_sd21_filtered_100steps/generated_images/final/negative/gen_0888.png,gen_0888.png,220.0,218.0,1.0,0.024219512939453125,0.21452197196408884,0.0053253173828125,227.77650429799428,5.345128016308545,6.033201023466942,1207.979248046875,0.0,0.0,True,too_empty,,False,
negative,/mnt/MammoDiffusion/MammoDiffusion/experiments/diffusers/02_sd21_filtered_100steps/generated_images/final/negative/gen_0889.png,gen_0889.png,105.8956,92.0,1.0,0.3332405090332031,0.8306832881165791,0.2990684509277344,144.47160040306636,40.28712123468237,6.716807005194495,821.1503295898438,0.0,0.0,False,,-68.10953766076082,False,
negative,/mnt/MammoDiffusion/MammoDiffusion/experiments/diffusers/02_sd21_filtered_100steps/generated_images/final/negative/gen_0890.png,gen_0890.png,135.3736,77.0,6.0,0.45499420166015625,0.9825360095242887,0.4658355712890625,165.7508925939271,26.708655392233986,6.971686021706983,497.83575439453125,0.0,0.0,False,,-11.735327388839782,False,
negative,/mnt/MammoDiffusion/MammoDiffusion/experiments/diffusers/02_sd21_filtered_100steps/generated_images/final/negative/gen_0891.png,gen_0891.png,220.0,23.0,23.0,0.056682586669921875,0.2469883572245777,0.01422882080078125,237.09919571045577,14.446344265034522,6.586408995200251,2233.294189453125,0.0,0.0,True,too_empty,,False,
negative,/mnt/MammoDiffusion/MammoDiffusion/experiments/diffusers/02_sd21_filtered_100steps/generated_images/final/negative/gen_0892.png,gen_0892.png,101.8956,88.0,1.0,0.4686164855957031,0.9984533355040905,0.4631156921386719,156.52843834172137,28.604470497633447,5.47915691460018,233.20358276367188,0.0,0.0,False,,-4.5008759061882175,True,56.0
negative,/mnt/MammoDiffusion/MammoDiffusion/experiments/diffusers/02_sd21_filtered_100steps/generated_images/final/negative/gen_0893.png,gen_0893.png,10.0,0.0,0.0,0.7941169738769531,0.998842309041038,0.7858543395996094,162.7188687763037,24.084000551830883,6.0412345834956716,320.3970031738281,0.0,0.0,False,,-7.29773764203277,True,1075.0
negative,/mnt/MammoDiffusion/MammoDiffusion/experiments/diffusers/02_sd21_filtered_100steps/generated_images/final/negative/gen_0894.png,gen_0894.png,57.8956,44.0,1.0,0.5911788940429688,0.9655490598422961,0.734344482421875,95.07725034285002,50.677265451150014,6.754620433351404,1642.4342041015625,0.0,0.0,False,,-19.514829819603897,False,
negative,/mnt/MammoDiffusion/MammoDiffusion/experiments/diffusers/02_sd21_filtered_100steps/generated_images/final/negative/gen_0895.png,gen_0895.png,55.6868,24.0,3.0,0.573883056640625,0.9981454400425419,0.5667991638183594,149.09119482040342,31.453510611535446,6.593233973432982,444.65411376953125,0.0,0.0,False,,-5.696204342112165,True,340.0
negative,/mnt/MammoDiffusion/MammoDiffusion/experiments/diffusers/02_sd21_filtered_100steps/generated_images/final/negative/gen_0896.png,gen_0896.png,37.7912,15.0,2.0,0.4815521240234375,0.9967125067334199,0.480377197265625,103.98204529572455,50.2039665130185,6.319527478251614,1095.4576416015625,0.0,0.0,False,,-5.011662575248767,True,136.0
negative,/mnt/MammoDiffusion/MammoDiffusion/experiments/diffusers/02_sd21_filtered_100steps/generated_images/final/negative/gen_0897.png,gen_0897.png,22.8956,9.0,1.0,0.4512825012207031,0.9974640958233658,0.44551849365234375,165.07333675828409,23.145733230633983,5.451899374502382,452.59173583984375,0.0,0.0,False,,-4.886946342897747,True,114.0
negative,/mnt/MammoDiffusion/MammoDiffusion/experiments/diffusers/02_sd21_filtered_100steps/generated_images/final/negative/gen_0898.png,gen_0898.png,90.8956,77.0,1.0,0.7449493408203125,0.9957088138301141,0.7355804443359375,153.6060167610513,26.974651348940583,6.68983554612389,206.6717071533203,0.0,0.0,False,,-8.478501498678629,False,
negative,/mnt/MammoDiffusion/MammoDiffusion/experiments/diffusers/02_sd21_filtered_100steps/generated_images/final/negative/gen_0899.png,gen_0899.png,111.8956,98.0,1.0,0.38521575927734375,0.99725693687984,0.3786773681640625,156.60353789740904,27.961355801832816,5.098952560197482,138.57257080078125,0.0,0.0,False,,-4.322163815577943,True,36.0
negative,/mnt/MammoDiffusion/MammoDiffusion/experiments/diffusers/02_sd21_filtered_100steps/generated_images/final/negative/gen_0900.png,gen_0900.png,104.8956,91.0,1.0,0.4180107116699219,0.9983756011644567,0.412139892578125,168.1864772306553,24.898609289857795,5.5151286666185495,188.03041076660156,0.0,0.0,False,,-4.680921609223187,True,83.0
negative,/mnt/MammoDiffusion/MammoDiffusion/experiments/diffusers/02_sd21_filtered_100steps/generated_images/final/negative/gen_0901.png,gen_0901.png,29.7912,7.0,2.0,0.8078079223632812,0.9871553914300016,0.8209648132324219,86.34349080669668,54.649479062839745,7.1170096222322226,1449.6668701171875,0.0,0.0,False,,-12.036994336646725,False,
negative,/mnt/MammoDiffusion/MammoDiffusion/experiments/diffusers/02_sd21_filtered_100steps/generated_images/final/negative/gen_0902.png,gen_0902.png,43.7912,21.0,2.0,0.30580902099609375,0.9955217922810169,0.304229736328125,128.3775704684522,57.93919661194995,5.846860742982625,1237.18115234375,0.0,0.0,False,,-6.010249825963324,True,462.0
negative,/mnt/MammoDiffusion/MammoDiffusion/experiments/diffusers/02_sd21_filtered_100steps/generated_images/final/negative/gen_0903.png,gen_0903.png,50.7912,28.0,2.0,0.4664802551269531,0.9977511550885227,0.4683265686035156,119.48586369523251,50.40106993233506,6.538895763996941,1282.264404296875,0.0,0.0,False,,-5.2530719842095674,True,207.0
negative,/mnt/MammoDiffusion/MammoDiffusion/experiments/diffusers/02_sd21_filtered_100steps/generated_images/final/negative/gen_0904.png,gen_0904.png,92.8956,79.0,1.0,0.4216766357421875,0.9972136783064954,0.4148063659667969,166.12081222008663,31.021494595453223,5.73800051094349,401.8574523925781,0.0,0.0,False,,-4.678851348698409,True,82.0
negative,/mnt/MammoDiffusion/MammoDiffusion/experiments/diffusers/02_sd21_filtered_100steps/generated_images/final/negative/gen_0905.png,gen_0905.png,41.7912,19.0,2.0,0.34136199951171875,0.99279216860738,0.3404388427734375,113.4888507910896,55.01270057483562,6.068358300503474,1440.4677734375,0.0,0.0,False,,-6.839771543116918,True,821.0
negative,/mnt/MammoDiffusion/MammoDiffusion/experiments/diffusers/02_sd21_filtered_100steps/generated_images/final/negative/gen_0906.png,gen_0906.png,75.8956,62.0,1.0,0.4213218688964844,0.9088159931913045,0.35297393798828125,127.67862314924889,48.999906066402374,6.048426287580176,1206.1611328125,0.0,0.0,False,,-38.21742092078189,False,
negative,/mnt/MammoDiffusion/MammoDiffusion/experiments/diffusers/02_sd21_filtered_100steps/generated_images/final/negative/gen_0907.png,gen_0907.png,65.8956,52.0,1.0,0.6906242370605469,1.0,0.6847152709960938,163.42963553099267,20.771703966602228,6.14222369370429,152.5410919189453,0.0,0.0,False,,-7.553188422356684,True,1206.0
negative,/mnt/MammoDiffusion/MammoDiffusion/experiments/diffusers/02_sd21_filtered_100steps/generated_images/final/negative/gen_0908.png,gen_0908.png,51.8956,38.0,1.0,0.8297767639160156,0.9970761443722675,0.8211708068847656,151.7764987341184,27.87539816247711,6.528662284434603,416.2731628417969,0.0,0.0,False,,-8.042218524188185,False,
negative,/mnt/MammoDiffusion/MammoDiffusion/experiments/diffusers/02_sd21_filtered_100steps/generated_images/final/negative/gen_0909.png,gen_0909.png,41.7912,19.0,2.0,0.5487098693847656,0.9980047413463478,0.5418167114257812,164.7220806285819,20.380012937839343,6.01901790490397,284.9686279296875,0.0,0.0,False,,-6.1773359823158955,True,529.0
negative,/mnt/MammoDiffusion/MammoDiffusion/experiments/diffusers/02_sd21_filtered_100steps/generated_images/final/negative/gen_0910.png,gen_0910.png,106.8956,93.0,1.0,0.5339775085449219,0.9944134477314455,0.5339775085449219,154.44726709006352,30.426399789833933,5.70357943932196,299.78790283203125,0.0,0.0,False,,-6.479241417866961,True,664.0
negative,/mnt/MammoDiffusion/MammoDiffusion/experiments/diffusers/02_sd21_filtered_100steps/generated_images/final/negative/gen_0911.png,gen_0911.png,73.6868,42.0,3.0,0.7516708374023438,0.9976553698121251,0.7436256408691406,147.7480211555528,24.794463093588416,6.630926062491566,361.36785888671875,0.0,0.0,False,,-7.553267245774363,True,1207.0
negative,/mnt/MammoDiffusion/MammoDiffusion/experiments/diffusers/02_sd21_filtered_100steps/generated_images/final/negative/gen_0912.png,gen_0912.png,76.7912,54.0,2.0,0.7823410034179688,0.9992832275240631,0.7768630981445312,161.7738227350847,22.011301591144395,6.442692771406934,283.19476318359375,0.0,0.0,False,,-7.88851004308212,False,
negative,/mnt/MammoDiffusion/MammoDiffusion/experiments/diffusers/02_sd21_filtered_100steps/generated_images/final/negative/gen_0913.png,gen_0913.png,111.8956,98.0,1.0,0.21009445190429688,0.8165955515206537,0.15596389770507812,165.08655986303046,42.153648577674105,6.050386398214355,699.4661865234375,0.0,0.0,False,,-74.15834810509314,False,
negative,/mnt/MammoDiffusion/MammoDiffusion/experiments/diffusers/02_sd21_filtered_100steps/generated_images/final/negative/gen_0914.png,gen_0914.png,10.0,0.0,0.0,0.7929267883300781,0.9987732186413035,0.7866973876953125,132.82784587931803,55.800854351659744,6.514516165222784,1141.29150390625,0.0,0.0,False,,-7.332900580369844,True,1096.0
negative,/mnt/MammoDiffusion/MammoDiffusion/experiments/diffusers/02_sd21_filtered_100steps/generated_images/final/negative/gen_0915.png,gen_0915.png,134.7912,112.0,2.0,0.17102432250976562,0.9060067361095622,0.16410064697265625,182.56732065646938,31.978274804866093,4.843768689794648,494.010986328125,0.0,0.0,False,,-39.94773850487249,False,
negative,/mnt/MammoDiffusion/MammoDiffusion/experiments/diffusers/02_sd21_filtered_100steps/generated_images/final/negative/gen_0916.png,gen_0916.png,57.7912,35.0,2.0,0.8724365234375,1.0,0.8640518188476562,144.5198361191315,30.69132842925892,6.8233776631048375,159.43443298339844,0.0,0.0,False,,-8.465509208320817,False,
negative,/mnt/MammoDiffusion/MammoDiffusion/experiments/diffusers/02_sd21_filtered_100steps/generated_images/final/negative/gen_0917.png,gen_0917.png,53.7912,31.0,2.0,0.6239242553710938,1.0,0.6177597045898438,164.09129194402934,23.806411830064178,6.306170510153112,252.44607543945312,0.0,0.0,False,,-6.955603069207241,True,881.0
negative,/mnt/MammoDiffusion/MammoDiffusion/experiments/diffusers/02_sd21_filtered_100steps/generated_images/final/negative/gen_0918.png,gen_0918.png,97.0,92.0,0.0,0.6277618408203125,0.9981101577501762,0.6205329895019531,172.25404963453394,21.80418770295412,5.43558259821072,175.83184814453125,0.0,0.0,False,,-6.375576179320724,True,606.0
negative,/mnt/MammoDiffusion/MammoDiffusion/experiments/diffusers/02_sd21_filtered_100steps/generated_images/final/negative/gen_0919.png,gen_0919.png,10.0,0.0,0.0,0.8309822082519531,0.9983841128917493,0.8235321044921875,148.5994098682626,22.40337681999926,5.84427438273348,362.5479431152344,0.0,0.0,False,,-7.29234435156007,True,1070.0
negative,/mnt/MammoDiffusion/MammoDiffusion/experiments/diffusers/02_sd21_filtered_100steps/generated_images/final/negative/gen_0920.png,gen_0920.png,10.0,0.0,0.0,0.7707328796386719,0.9988764767895943,0.7615852355957031,96.07076060006511,63.99935805127263,6.504277787807433,1575.1513671875,0.0,0.0,False,,-7.564888524034931,True,1217.0
negative,/mnt/MammoDiffusion/MammoDiffusion/experiments/diffusers/02_sd21_filtered_100steps/generated_images/final/negative/gen_0921.png,gen_0921.png,93.7912,71.0,2.0,0.7802505493164062,0.9997408794453843,0.7736358642578125,158.96540995246642,23.69030600814339,6.599453417507498,233.55938720703125,0.0,0.0,False,,-8.09929068677007,False,
negative,/mnt/MammoDiffusion/MammoDiffusion/experiments/diffusers/02_sd21_filtered_100steps/generated_images/final/negative/gen_0922.png,gen_0922.png,34.8956,21.0,1.0,0.7862777709960938,0.9984814523719423,0.7772026062011719,161.0393886295702,22.709422254966064,6.217836464968527,358.7170104980469,0.0,0.0,False,,-7.466141750546081,True,1156.0
negative,/mnt/MammoDiffusion/MammoDiffusion/experiments/diffusers/02_sd21_filtered_100steps/generated_images/final/negative/gen_0923.png,gen_0923.png,14.8956,1.0,1.0,0.8039474487304688,1.0,0.796875,144.2761661305147,26.06978083913608,6.322960679270852,151.17147827148438,0.0,0.0,False,,-7.843603607253356,True,1343.0
negative,/mnt/MammoDiffusion/MammoDiffusion/experiments/diffusers/02_sd21_filtered_100steps/generated_images/final/negative/gen_0924.png,gen_0924.png,109.7912,87.0,2.0,0.4754905700683594,0.9998876828162732,0.4696044921875,171.8877209513907,24.17591166754016,5.772054359686905,179.59097290039062,0.0,0.0,False,,-5.674336751780858,True,333.0
negative,/mnt/MammoDiffusion/MammoDiffusion/experiments/diffusers/02_sd21_filtered_100steps/generated_images/final/negative/gen_0925.png,gen_0925.png,32.7912,10.0,2.0,0.6556777954101562,0.9986153291211413,0.6499710083007812,159.43885647881868,26.81134812733461,6.499714206607596,478.9864807128906,0.0,0.0,False,,-6.386385532270449,True,613.0
negative,/mnt/MammoDiffusion/MammoDiffusion/experiments/diffusers/02_sd21_filtered_100steps/generated_images/final/negative/gen_0926.png,gen_0926.png,90.7912,68.0,2.0,0.49864959716796875,0.9978426842515951,0.4918479919433594,181.03954705859542,21.196944076960555,5.9782002906889,344.107177734375,0.0,0.0,False,,-6.031233877423931,True,467.0
negative,/mnt/MammoDiffusion/MammoDiffusion/experiments/diffusers/02_sd21_filtered_100steps/generated_images/final/negative/gen_0927.png,gen_0927.png,220.0,94.0,86.0,0.12417221069335938,0.6190900433166415,0.07558441162109375,249.74265670737861,29.692037302343696,7.119483024669457,1083.7330322265625,0.0,0.0,True,too_empty,,False,
negative,/mnt/MammoDiffusion/MammoDiffusion/experiments/diffusers/02_sd21_filtered_100steps/generated_images/final/negative/gen_0928.png,gen_0928.png,25.7912,3.0,2.0,0.7477645874023438,0.9985613859668813,0.7209091186523438,108.17809103512504,49.61953265405529,7.003610788547967,1094.8583984375,0.0,0.0,False,,-6.554884506916261,True,692.0
negative,/mnt/MammoDiffusion/MammoDiffusion/experiments/diffusers/02_sd21_filtered_100steps/generated_images/final/negative/gen_0929.png,gen_0929.png,220.0,220.0,28.0,0.2754402160644531,0.939048542344713,0.2501716613769531,248.11300529116664,3.430977022217935,6.512368926442053,1032.166748046875,0.0,0.0,True,low_contrast,,False,
negative,/mnt/MammoDiffusion/MammoDiffusion/experiments/diffusers/02_sd21_filtered_100steps/generated_images/final/negative/gen_0930.png,gen_0930.png,73.8956,60.0,1.0,0.6220588684082031,0.9981970822167303,0.6149215698242188,160.9046390153724,25.206698968087913,5.898597727736673,269.4729309082031,0.0,0.0,False,,-6.189800160129612,True,533.0
negative,/mnt/MammoDiffusion/MammoDiffusion/experiments/diffusers/02_sd21_filtered_100steps/generated_images/final/negative/gen_0931.png,gen_0931.png,78.8956,65.0,1.0,0.836151123046875,0.9999543778970036,0.8296623229980469,138.13314573936393,34.747906121882565,6.75650425175772,571.0584716796875,0.0,0.0,False,,-7.282325389765296,True,1066.0
negative,/mnt/MammoDiffusion/MammoDiffusion/experiments/diffusers/02_sd21_filtered_100steps/generated_images/final/negative/gen_0932.png,gen_0932.png,216.912,34.0,20.0,0.15750885009765625,0.6426979898280455,0.10058212280273438,236.33139909735655,10.669264711892993,7.837466952695687,489.7542724609375,0.0,0.0,True,too_empty,,False,
negative,/mnt/MammoDiffusion/MammoDiffusion/experiments/diffusers/02_sd21_filtered_100steps/generated_images/final/negative/gen_0933.png,gen_0933.png,45.8956,32.0,1.0,0.5583763122558594,0.9969120409906064,0.5631027221679688,115.17739509802593,51.71480990866499,6.552052771166052,1275.5489501953125,0.0,0.0,False,,-6.2085784439698095,True,546.0
negative,/mnt/MammoDiffusion/MammoDiffusion/experiments/diffusers/02_sd21_filtered_100steps/generated_images/final/negative/gen_0934.png,gen_0934.png,80.8956,67.0,1.0,0.5449295043945312,0.9977318865943298,0.5380210876464844,164.09130098767008,21.76005821265851,5.727815740418581,239.49542236328125,0.0,0.0,False,,-5.983745675529315,True,449.0
negative,/mnt/MammoDiffusion/MammoDiffusion/experiments/diffusers/02_sd21_filtered_100steps/generated_images/final/negative/gen_0935.png,gen_0935.png,72.7912,50.0,2.0,0.6732177734375,0.9945376246600182,0.6945457458496094,126.42694333529228,40.82712329377618,7.01228900819652,1058.742919921875,0.0,0.0,False,,-7.710795958263289,True,1289.0
negative,/mnt/MammoDiffusion/MammoDiffusion/experiments/diffusers/02_sd21_filtered_100steps/generated_images/final/negative/gen_0936.png,gen_0936.png,32.7912,10.0,2.0,0.4068603515625,0.9975810081008101,0.4005241394042969,166.26743178246582,23.981792183468375,5.684312520476663,491.35479736328125,0.0,0.0,False,,-4.660081302954238,True,76.0
negative,/mnt/MammoDiffusion/MammoDiffusion/experiments/diffusers/02_sd21_filtered_100steps/generated_images/final/negative/gen_0937.png,gen_0937.png,10.0,0.0,0.0,0.8426742553710938,0.9986509855048845,0.8333778381347656,140.4365321676241,23.824690459272425,5.969346333531177,260.4328918457031,0.0,0.0,False,,-7.27907268002483,True,1061.0
negative,/mnt/MammoDiffusion/MammoDiffusion/experiments/diffusers/02_sd21_filtered_100steps/generated_images/final/negative/gen_0938.png,gen_0938.png,40.8956,27.0,1.0,0.6539344787597656,0.995718244130086,0.6510353088378906,104.7439369525093,52.25326683839672,6.533316973416726,1632.285888671875,0.0,0.0,False,,-7.55865529243606,True,1214.0
negative,/mnt/MammoDiffusion/MammoDiffusion/experiments/diffusers/02_sd21_filtered_100steps/generated_images/final/negative/gen_0939.png,gen_0939.png,14.8956,1.0,1.0,0.9499855041503906,0.9987551850557959,0.9372940063476562,148.73224504082114,24.82577400123769,6.483587439843075,404.3376159667969,0.0,0.0,True,too_full,,False,
negative,/mnt/MammoDiffusion/MammoDiffusion/experiments/diffusers/02_sd21_filtered_100steps/generated_images/final/negative/gen_0940.png,gen_0940.png,49.6868,18.0,3.0,0.6191024780273438,0.9956437083317929,0.61376953125,157.41941378281624,31.018654519442403,6.704361059237085,730.4555053710938,0.0,0.0,False,,-6.94737000230464,True,876.0
negative,/mnt/MammoDiffusion/MammoDiffusion/experiments/diffusers/02_sd21_filtered_100steps/generated_images/final/negative/gen_0941.png,gen_0941.png,161.2692,94.0,7.0,0.23014068603515625,0.6215978783358197,0.13975143432617188,193.10711068650198,16.909556937101996,6.96155476009228,377.7414245605469,0.0,0.0,True,fragmented_mask,,False,
negative,/mnt/MammoDiffusion/MammoDiffusion/experiments/diffusers/02_sd21_filtered_100steps/generated_images/final/negative/gen_0942.png,gen_0942.png,120.8956,107.0,1.0,0.2700691223144531,0.87547494950351,0.22838211059570312,166.28842973826187,35.05883111047457,4.983760310302973,451.95660400390625,0.0,0.0,False,,-50.82129695078969,False,
negative,/mnt/MammoDiffusion/MammoDiffusion/experiments/diffusers/02_sd21_filtered_100steps/generated_images/final/negative/gen_0943.png,gen_0943.png,44.6868,13.0,3.0,0.525299072265625,0.9980683204554697,0.5183372497558594,167.46985185348728,25.193569276935843,6.36120517574512,414.0342102050781,0.0,0.0,False,,-5.902327385962248,True,417.0
negative,/mnt/MammoDiffusion/MammoDiffusion/experiments/diffusers/02_sd21_filtered_100steps/generated_images/final/negative/gen_0944.png,gen_0944.png,185.0,155.0,3.0,0.049053192138671875,0.7019986002021931,0.0336761474609375,205.972020842773,11.226728380322044,6.317651695407493,813.4882202148438,0.0,0.0,True,too_empty,,False,
negative,/mnt/MammoDiffusion/MammoDiffusion/experiments/diffusers/02_sd21_filtered_100steps/generated_images/final/negative/gen_0945.png,gen_0945.png,105.0,100.0,0.0,0.5084381103515625,0.9877779778518052,0.4969291687011719,162.51183338834855,20.88122081084979,4.993430305828804,169.49185180664062,0.0,0.0,False,,-8.973977411181647,False,
negative,/mnt/MammoDiffusion/MammoDiffusion/experiments/diffusers/02_sd21_filtered_100steps/generated_images/final/negative/gen_0946.png,gen_0946.png,219.0,122.0,12.0,0.04925537109375,0.5278810408921933,0.02606964111328125,226.49400058530875,6.674990275252416,6.958384894874196,378.22467041015625,0.0,0.0,True,too_empty,,False,
negative,/mnt/MammoDiffusion/MammoDiffusion/experiments/diffusers/02_sd21_filtered_100steps/generated_images/final/negative/gen_0947.png,gen_0947.png,202.0,58.0,58.0,0.04953765869140625,0.8506853534575697,0.0390777587890625,217.944455290902,8.923081187888108,6.444420515063327,370.7665100097656,0.0,0.0,True,too_empty,,False,
negative,/mnt/MammoDiffusion/MammoDiffusion/experiments/diffusers/02_sd21_filtered_100steps/generated_images/final/negative/gen_0948.png,gen_0948.png,74.8956,61.0,1.0,0.5439605712890625,0.9986044489326489,0.5383834838867188,150.5580653846699,30.13366706220496,6.141838093449646,296.5057373046875,0.0,0.0,False,,-5.241513641636388,True,204.0
negative,/mnt/MammoDiffusion/MammoDiffusion/experiments/diffusers/02_sd21_filtered_100steps/generated_images/final/negative/gen_0949.png,gen_0949.png,220.0,244.0,0.0,0.4358634948730469,0.9648517841045344,0.4126739501953125,243.3171103716029,11.192073615739604,5.546796982201711,999.2237548828125,0.0,0.0,False,,-19.226884874316585,False,
negative,/mnt/MammoDiffusion/MammoDiffusion/experiments/diffusers/02_sd21_filtered_100steps/generated_images/final/negative/gen_0950.png,gen_0950.png,220.0,212.0,42.0,0.17384719848632812,0.6467425888135518,0.10854721069335938,254.49980671235284,1.4412619294512243,6.956692332183215,1193.8875732421875,0.0,0.0,True,too_empty,,False,
negative,/mnt/MammoDiffusion/MammoDiffusion/experiments/diffusers/02_sd21_filtered_100steps/generated_images/final/negative/gen_0951.png,gen_0951.png,93.5824,53.0,4.0,0.7087059020996094,0.9969964959118972,0.73724365234375,144.51034853878633,37.72957031495841,7.386697000030206,988.457763671875,0.0,0.0,False,,-7.600027931110602,True,1236.0
negative,/mnt/MammoDiffusion/MammoDiffusion/experiments/diffusers/02_sd21_filtered_100steps/generated_images/final/negative/gen_0952.png,gen_0952.png,101.8956,88.0,1.0,0.5506362915039062,0.9978939492608039,0.5348663330078125,153.98868855732746,29.37790946180123,5.959041404008055,499.8853759765625,0.0,0.0,False,,-5.163530922659302,True,186.0
negative,/mnt/MammoDiffusion/MammoDiffusion/experiments/diffusers/02_sd21_filtered_100steps/generated_images/final/negative/gen_0953.png,gen_0953.png,10.0,2.0,0.0,0.8112030029296875,0.9987961552207363,0.8050956726074219,91.98885103600551,52.38499265967035,6.823182193164225,1385.07861328125,0.0,0.0,False,,-7.1491834576893725,True,983.0
negative,/mnt/MammoDiffusion/MammoDiffusion/experiments/diffusers/02_sd21_filtered_100steps/generated_images/final/negative/gen_0954.png,gen_0954.png,95.1648,19.0,8.0,0.7049026489257812,0.9952810277834901,0.6977310180664062,144.9982231310072,23.75450816326372,7.000820322468557,315.9794006347656,0.0,0.0,False,,-8.52535030326825,False,
negative,/mnt/MammoDiffusion/MammoDiffusion/experiments/diffusers/02_sd21_filtered_100steps/generated_images/final/negative/gen_0955.png,gen_0955.png,110.7912,88.0,2.0,0.4267387390136719,0.9956197985107315,0.42099761962890625,165.14618256283865,26.528513780971778,6.197780917785133,311.3172607421875,0.0,0.0,False,,-6.059515713565236,True,483.0
negative,/mnt/MammoDiffusion/MammoDiffusion/experiments/diffusers/02_sd21_filtered_100steps/generated_images/final/negative/gen_0956.png,gen_0956.png,73.6868,42.0,3.0,0.3156776428222656,0.987746667794521,0.3589820861816406,130.71790021784176,54.83242591957357,6.331376873998729,1275.419189453125,0.0,0.0,False,,-8.925741845297665,False,
negative,/mnt/MammoDiffusion/MammoDiffusion/experiments/diffusers/02_sd21_filtered_100steps/generated_images/final/negative/gen_0957.png,gen_0957.png,51.6868,20.0,3.0,0.5866127014160156,0.999135111232499,0.5814018249511719,150.73506505435958,26.98139526685295,6.500981027397703,431.5703430175781,0.0,0.0,False,,-5.90342877752069,True,418.0
negative,/mnt/MammoDiffusion/MammoDiffusion/experiments/diffusers/02_sd21_filtered_100steps/generated_images/final/negative/gen_0958.png,gen_0958.png,53.7912,31.0,2.0,0.5763969421386719,0.9980608739965189,0.5691986083984375,167.90364045787203,26.184713895071873,6.435198309303313,415.2218933105469,0.0,0.0,False,,-6.263940210618284,True,564.0
negative,/mnt/MammoDiffusion/MammoDiffusion/experiments/diffusers/02_sd21_filtered_100steps/generated_images/final/negative/gen_0959.png,gen_0959.png,187.0,172.0,11.0,0.04102325439453125,0.8177422354472754,0.032779693603515625,200.38193878738508,8.496715070233437,6.313377020835276,168.90338134765625,0.0,0.0,True,too_empty,,False,
negative,/mnt/MammoDiffusion/MammoDiffusion/experiments/diffusers/02_sd21_filtered_100steps/generated_images/final/negative/gen_0960.png,gen_0960.png,18.8956,5.0,1.0,0.6393394470214844,0.9987589424757904,0.6349258422851562,106.0436908953269,51.9124549881799,6.761118245184049,1373.71337890625,0.0,0.0,False,,-6.15015380449952,True,513.0
negative,/mnt/MammoDiffusion/MammoDiffusion/experiments/diffusers/02_sd21_filtered_100steps/generated_images/final/negative/gen_0961.png,gen_0961.png,129.8956,116.0,1.0,0.14931106567382812,0.5252548478577451,0.07653045654296875,206.30939088824644,25.920011667105435,5.268852098338957,555.1602783203125,0.0,0.0,True,too_empty,,False,
negative,/mnt/MammoDiffusion/MammoDiffusion/experiments/diffusers/02_sd21_filtered_100steps/generated_images/final/negative/gen_0962.png,gen_0962.png,10.0,0.0,0.0,0.78912353515625,0.9980276896898446,0.7815818786621094,141.38407512433682,27.751153494558956,5.774344566257276,317.44683837890625,0.0,0.0,False,,-6.730459131582711,True,776.0
negative,/mnt/MammoDiffusion/MammoDiffusion/experiments/diffusers/02_sd21_filtered_100steps/generated_images/final/negative/gen_0963.png,gen_0963.png,134.8956,121.0,1.0,0.19923019409179688,0.7534800007658874,0.16128158569335938,174.23616925660494,35.849828056990894,5.872031773971769,705.5230102539062,0.0,0.0,False,,-98.11137022048683,False,
negative,/mnt/MammoDiffusion/MammoDiffusion/experiments/diffusers/02_sd21_filtered_100steps/generated_images/final/negative/gen_0964.png,gen_0964.png,163.5824,123.0,4.0,0.19076156616210938,0.47185394044833723,0.08639144897460938,197.90422572526163,15.93268235995456,6.7138372271853,177.80810546875,0.0,0.0,True,too_empty,,False,
negative,/mnt/MammoDiffusion/MammoDiffusion/experiments/diffusers/02_sd21_filtered_100steps/generated_images/final/negative/gen_0965.png,gen_0965.png,10.0,0.0,0.0,0.7675132751464844,0.9979771271228982,0.7620506286621094,126.76264848548558,32.55988290750619,6.168001632372928,850.7547607421875,0.0,0.0,False,,-6.14700500199091,True,508.0
negative,/mnt/MammoDiffusion/MammoDiffusion/experiments/diffusers/02_sd21_filtered_100steps/generated_images/final/negative/gen_0966.png,gen_0966.png,50.7912,28.0,2.0,0.5173149108886719,0.9978541563737455,0.5101509094238281,162.08610440205484,24.261535741051635,6.093020653832969,288.0920104980469,0.0,0.0,False,,-5.82399732844302,True,382.0
negative,/mnt/MammoDiffusion/MammoDiffusion/experiments/diffusers/02_sd21_filtered_100steps/generated_images/final/negative/gen_0967.png,gen_0967.png,201.0,103.0,14.0,0.049571990966796875,0.8332435552135437,0.042484283447265625,215.57223668851574,10.67775157513025,6.952401382487893,753.6002197265625,0.0,0.0,True,too_empty,,False,
negative,/mnt/MammoDiffusion/MammoDiffusion/experiments/diffusers/02_sd21_filtered_100steps/generated_images/final/negative/gen_0968.png,gen_0968.png,54.8956,41.0,1.0,0.7148208618164062,1.0,0.7085990905761719,151.68672175715324,26.73701584824081,6.08742190714088,219.64865112304688,0.0,0.0,False,,-7.051589657895835,True,926.0
negative,/mnt/MammoDiffusion/MammoDiffusion/experiments/diffusers/02_sd21_filtered_100steps/generated_images/final/negative/gen_0969.png,gen_0969.png,15.8956,2.0,1.0,0.7594337463378906,0.9989351068158187,0.7531394958496094,160.40367014298667,23.53950228700693,6.274099229682247,497.20330810546875,0.0,0.0,False,,-7.063043652133906,True,930.0
negative,/mnt/MammoDiffusion/MammoDiffusion/experiments/diffusers/02_sd21_filtered_100steps/generated_images/final/negative/gen_0970.png,gen_0970.png,199.5384,70.0,14.0,0.06499481201171875,0.9052118793285597,0.06130218505859375,210.57081518357188,9.614443191331794,7.125500732104685,575.5957641601562,0.0,0.0,True,too_empty,,False,
negative,/mnt/MammoDiffusion/MammoDiffusion/experiments/diffusers/02_sd21_filtered_100steps/generated_images/final/negative/gen_0971.png,gen_0971.png,109.7912,87.0,2.0,0.4833335876464844,0.9991239355027111,0.46292877197265625,154.3242167542891,28.11460813347559,6.205053812055878,342.3323669433594,0.0,0.0,False,,-4.969317143158734,True,129.0
negative,/mnt/MammoDiffusion/MammoDiffusion/experiments/diffusers/02_sd21_filtered_100steps/generated_images/final/negative/gen_0972.png,gen_0972.png,93.8956,80.0,1.0,0.5243453979492188,1.0,0.5183525085449219,166.51620879727412,20.224211291361794,5.571546674769098,139.71673583984375,0.0,0.0,False,,-6.047487646951212,True,478.0
negative,/mnt/MammoDiffusion/MammoDiffusion/experiments/diffusers/02_sd21_filtered_100steps/generated_images/final/negative/gen_0973.png,gen_0973.png,121.6868,90.0,3.0,0.24811935424804688,0.9166397613886198,0.2558784484863281,157.2633093310673,36.34573687482188,5.9632514577672495,916.7032470703125,0.0,0.0,False,,-35.59508353480618,False,
negative,/mnt/MammoDiffusion/MammoDiffusion/experiments/diffusers/02_sd21_filtered_100steps/generated_images/final/negative/gen_0974.png,gen_0974.png,47.6868,16.0,3.0,0.54132080078125,0.9906486075093021,0.5632133483886719,112.99821190303638,55.320531382022715,7.044721378822915,1663.2769775390625,0.0,0.0,False,,-9.673549632779537,False,
negative,/mnt/MammoDiffusion/MammoDiffusion/experiments/diffusers/02_sd21_filtered_100steps/generated_images/final/negative/gen_0975.png,gen_0975.png,26.7912,4.0,2.0,0.7437362670898438,0.9991896022896299,0.7363510131835938,135.67823136300058,54.233400209904374,6.845726457453251,913.9517211914062,0.0,0.0,False,,-7.095277544205691,True,948.0
negative,/mnt/MammoDiffusion/MammoDiffusion/experiments/diffusers/02_sd21_filtered_100steps/generated_images/final/negative/gen_0976.png,gen_0976.png,10.0,0.0,0.0,0.8043289184570312,0.9984965615366375,0.7962875366210938,143.2668844794052,23.628772921624673,5.750372333446444,345.05609130859375,0.0,0.0,False,,-6.849779027941921,True,828.0
negative,/mnt/MammoDiffusion/MammoDiffusion/experiments/diffusers/02_sd21_filtered_100steps/generated_images/final/negative/gen_0977.png,gen_0977.png,38.0,33.0,0.0,0.647430419921875,0.9981498939429649,0.6417274475097656,132.29414177440927,40.18610985938631,6.0363732509828445,661.9412231445312,0.0,0.0,False,,-4.780666630725278,True,102.0
negative,/mnt/MammoDiffusion/MammoDiffusion/experiments/diffusers/02_sd21_filtered_100steps/generated_images/final/negative/gen_0978.png,gen_0978.png,157.0,152.0,0.0,0.06866073608398438,0.6459247735985333,0.04459381103515625,192.6687767322498,21.791051254054356,4.804227151213068,708.6639404296875,0.0,0.0,True,too_empty,,False,
negative,/mnt/MammoDiffusion/MammoDiffusion/experiments/diffusers/02_sd21_filtered_100steps/generated_images/final/negative/gen_0979.png,gen_0979.png,29.8956,16.0,1.0,0.8403434753417969,1.0,0.8329887390136719,145.86537554439167,24.301033441866917,6.395314824190197,164.46580505371094,0.0,0.0,False,,-8.254149980874237,False,
negative,/mnt/MammoDiffusion/MammoDiffusion/experiments/diffusers/02_sd21_filtered_100steps/generated_images/final/negative/gen_0980.png,gen_0980.png,123.956,30.0,10.0,0.22150802612304688,0.6892382936952142,0.14918899536132812,165.44319721803166,23.082827459765184,7.461887003668915,1392.1927490234375,0.0,0.0,True,fragmented_mask,,False,
negative,/mnt/MammoDiffusion/MammoDiffusion/experiments/diffusers/02_sd21_filtered_100steps/generated_images/final/negative/gen_0981.png,gen_0981.png,47.0,42.0,0.0,0.6511154174804688,0.9980256142858817,0.6548614501953125,109.47124682526737,47.40200776997233,6.326389448035872,1343.5284423828125,0.0,0.0,False,,-5.972472402085978,True,443.0
negative,/mnt/MammoDiffusion/MammoDiffusion/experiments/diffusers/02_sd21_filtered_100steps/generated_images/final/negative/gen_0982.png,gen_0982.png,101.8956,88.0,1.0,0.3630638122558594,0.9042080378250591,0.3436088562011719,137.90006106022759,37.07114363294434,5.101905785814704,570.6248779296875,0.0,0.0,False,,-38.475825480836654,False,
negative,/mnt/MammoDiffusion/MammoDiffusion/experiments/diffusers/02_sd21_filtered_100steps/generated_images/final/negative/gen_0983.png,gen_0983.png,50.7912,28.0,2.0,0.48395538330078125,0.9954124824618101,0.4945831298828125,120.15248511399747,53.30079915229381,6.561477483495516,1263.7747802734375,0.0,0.0,False,,-6.480055248451691,True,665.0
negative,/mnt/MammoDiffusion/MammoDiffusion/experiments/diffusers/02_sd21_filtered_100steps/generated_images/final/negative/gen_0984.png,gen_0984.png,96.5824,56.0,4.0,0.5774612426757812,0.9984740186817107,0.5707511901855469,166.27302682145984,23.365292037918397,6.552994376673791,556.6112670898438,0.0,0.0,False,,-6.152683123053025,True,516.0
negative,/mnt/MammoDiffusion/MammoDiffusion/experiments/diffusers/02_sd21_filtered_100steps/generated_images/final/negative/gen_0985.png,gen_0985.png,115.8956,102.0,1.0,0.4498329162597656,0.9851595559739147,0.4448509216308594,156.01594992067916,31.425078657138826,5.744867742469749,298.4979248046875,0.0,0.0,False,,-9.399302448375149,False,
negative,/mnt/MammoDiffusion/MammoDiffusion/experiments/diffusers/02_sd21_filtered_100steps/generated_images/final/negative/gen_0986.png,gen_0986.png,10.0,0.0,0.0,0.8690910339355469,0.9985208074547793,0.8604202270507812,145.42012999104426,25.423934575197737,6.063252838771337,178.68264770507812,0.0,0.0,False,,-7.7006672618131935,True,1282.0
negative,/mnt/MammoDiffusion/MammoDiffusion/experiments/diffusers/02_sd21_filtered_100steps/generated_images/final/negative/gen_0987.png,gen_0987.png,220.0,220.0,1.0,0.24144744873046875,0.47772300692008723,0.16093063354492188,221.19790456775783,1.4755270413883308,6.048547204494323,1093.8651123046875,0.0,0.0,True,low_contrast,,False,
negative,/mnt/MammoDiffusion/MammoDiffusion/experiments/diffusers/02_sd21_filtered_100steps/generated_images/final/negative/gen_0988.png,gen_0988.png,170.85160000000002,68.0,11.0,0.13782501220703125,0.8205646277331857,0.11668777465820312,196.60224263624178,17.75070784750349,7.314631611446725,935.7064819335938,0.0,0.0,False,,-75.85142662280332,False,
negative,/mnt/MammoDiffusion/MammoDiffusion/experiments/diffusers/02_sd21_filtered_100steps/generated_images/final/negative/gen_0989.png,gen_0989.png,73.6868,42.0,3.0,0.3801612854003906,0.9861926407577992,0.3977470397949219,123.18277115482367,44.920236781597865,6.426335765527168,989.8543090820312,0.0,0.0,False,,-8.448891111265329,False,
negative,/mnt/MammoDiffusion/MammoDiffusion/experiments/diffusers/02_sd21_filtered_100steps/generated_images/final/negative/gen_0990.png,gen_0990.png,99.7912,77.0,2.0,0.6243133544921875,0.9963399731149944,0.6369590759277344,142.06839946099714,32.958987323559505,6.7620643700735705,853.6566162109375,0.0,0.0,False,,-6.677949818948014,True,747.0
negative,/mnt/MammoDiffusion/MammoDiffusion/experiments/diffusers/02_sd21_filtered_100steps/generated_images/final/negative/gen_0991.png,gen_0991.png,152.2692,85.0,7.0,0.24056625366210938,0.7595737595737596,0.17910003662109375,188.88289669861555,17.08048364463342,6.927599378218426,402.90673828125,0.0,0.0,False,,-98.20742428796312,False,
negative,/mnt/MammoDiffusion/MammoDiffusion/experiments/diffusers/02_sd21_filtered_100steps/generated_images/final/negative/gen_0992.png,gen_0992.png,86.7912,64.0,2.0,0.603790283203125,0.9977508213292898,0.6024169921875,146.63815856129685,36.795989328344696,6.7647186607147995,900.217529296875,0.0,0.0,False,,-5.847335481417469,True,393.0
negative,/mnt/MammoDiffusion/MammoDiffusion/experiments/diffusers/02_sd21_filtered_100steps/generated_images/final/negative/gen_0993.png,gen_0993.png,157.3736,99.0,6.0,0.3139076232910156,0.951354373002467,0.3179435729980469,181.847672981631,23.53625288828479,6.408013300796402,251.3256378173828,0.0,0.0,False,,-23.79012451960786,False,
negative,/mnt/MammoDiffusion/MammoDiffusion/experiments/diffusers/02_sd21_filtered_100steps/generated_images/final/negative/gen_0994.png,gen_0994.png,82.8956,69.0,1.0,0.40993499755859375,1.0,0.404449462890625,165.40835093940996,20.564498140587414,5.086143004334377,149.75607299804688,0.0,0.0,False,,-4.816341596170494,True,105.0
negative,/mnt/MammoDiffusion/MammoDiffusion/experiments/diffusers/02_sd21_filtered_100steps/generated_images/final/negative/gen_0995.png,gen_0995.png,109.6868,78.0,3.0,0.23482894897460938,0.8749979694277035,0.217987060546875,156.4319788604228,43.97989737828597,6.30020586204668,999.805908203125,0.0,0.0,False,,-52.135459649335104,False,
negative,/mnt/MammoDiffusion/MammoDiffusion/experiments/diffusers/02_sd21_filtered_100steps/generated_images/final/negative/gen_0996.png,gen_0996.png,85.8956,72.0,1.0,0.5589790344238281,0.9969358438031024,0.5373649597167969,168.1796233326471,26.18167959938413,5.984193640809609,335.52325439453125,0.0,0.0,False,,-6.204892355388018,True,544.0
negative,/mnt/MammoDiffusion/MammoDiffusion/experiments/diffusers/02_sd21_filtered_100steps/generated_images/final/negative/gen_0997.png,gen_0997.png,117.6868,86.0,3.0,0.39430999755859375,0.997387922527717,0.39041900634765625,173.56479979676783,28.738262326215477,6.089762473265299,603.7498168945312,0.0,0.0,False,,-4.731506059476646,True,92.0
negative,/mnt/MammoDiffusion/MammoDiffusion/experiments/diffusers/02_sd21_filtered_100steps/generated_images/final/negative/gen_0998.png,gen_0998.png,77.0,72.0,0.0,0.49501800537109375,0.9972334818057118,0.4879875183105469,169.8399349608749,22.040268023335308,4.860381443971869,280.7971496582031,0.0,0.0,False,,-5.131787771370851,True,178.0
negative,/mnt/MammoDiffusion/MammoDiffusion/experiments/diffusers/02_sd21_filtered_100steps/generated_images/final/negative/gen_0999.png,gen_0999.png,133.7912,111.0,2.0,0.26235198974609375,0.9873498705906302,0.2633857727050781,176.6180172351365,28.160094849707473,5.1323833398829555,204.09506225585938,0.0,0.0,False,,-9.142242566071838,False,
negative,/mnt/MammoDiffusion/MammoDiffusion/experiments/diffusers/02_sd21_filtered_100steps/generated_images/final/negative/gen_1000.png,gen_1000.png,124.8956,111.0,1.0,0.4860420227050781,0.8959211383453808,0.517547607421875,149.78832036087033,30.955780507205382,6.3368601942236955,646.0283203125,0.0,0.0,False,,-43.70675692645108,False,
negative,/mnt/MammoDiffusion/MammoDiffusion/experiments/diffusers/02_sd21_filtered_100steps/generated_images/final/negative/gen_1001.png,gen_1001.png,117.8956,104.0,1.0,0.3438529968261719,0.9921787461587105,0.3495292663574219,160.1121176072555,34.56156169301458,5.688490930541436,278.4844665527344,0.0,0.0,False,,-6.465777501308638,True,655.0
negative,/mnt/MammoDiffusion/MammoDiffusion/experiments/diffusers/02_sd21_filtered_100steps/generated_images/final/negative/gen_1002.png,gen_1002.png,104.6868,73.0,3.0,0.44766998291015625,0.9976737051996524,0.4408760070800781,173.42400041532193,23.9891749811599,6.099555472150802,337.61395263671875,0.0,0.0,False,,-5.578449466430987,True,298.0
negative,/mnt/MammoDiffusion/MammoDiffusion/experiments/diffusers/02_sd21_filtered_100steps/generated_images/final/negative/gen_1003.png,gen_1003.png,113.8956,100.0,1.0,0.5245513916015625,0.996865636908398,0.5173873901367188,160.1493106244931,24.200742484837026,5.523092357036763,306.4127502441406,0.0,0.0,False,,-5.710340435826802,True,343.0
negative,/mnt/MammoDiffusion/MammoDiffusion/experiments/diffusers/02_sd21_filtered_100steps/generated_images/final/negative/gen_1004.png,gen_1004.png,68.8956,55.0,1.0,0.5904197692871094,0.9963753836213859,0.5824813842773438,164.0074593631708,25.54008499557325,6.096897243799777,252.65045166015625,0.0,0.0,False,,-6.888818266923877,True,843.0
negative,/mnt/MammoDiffusion/MammoDiffusion/experiments/diffusers/02_sd21_filtered_100steps/generated_images/final/negative/gen_1005.png,gen_1005.png,66.8956,53.0,1.0,0.7675819396972656,0.9978928221770527,0.7596549987792969,157.56108045134303,24.38375838178244,6.399413868583738,274.58251953125,0.0,0.0,False,,-7.685220754042727,True,1272.0
negative,/mnt/MammoDiffusion/MammoDiffusion/experiments/diffusers/02_sd21_filtered_100steps/generated_images/final/negative/gen_1006.png,gen_1006.png,10.0,0.0,0.0,0.5993461608886719,0.9981542182477803,0.5945701599121094,99.93306301046432,56.97960178894273,6.266639977211921,1960.391845703125,0.0,0.0,False,,-6.632672172930528,True,727.0
negative,/mnt/MammoDiffusion/MammoDiffusion/experiments/diffusers/02_sd21_filtered_100steps/generated_images/final/negative/gen_1007.png,gen_1007.png,117.8956,104.0,1.0,0.2666473388671875,0.991101573676681,0.2896842956542969,161.44460685550246,38.53772250702369,4.9797612697114575,463.168701171875,0.0,0.0,False,,-6.242847937966208,True,558.0
negative,/mnt/MammoDiffusion/MammoDiffusion/experiments/diffusers/02_sd21_filtered_100steps/generated_images/final/negative/gen_1008.png,gen_1008.png,209.0,89.0,14.0,0.0498504638671875,0.6260330578512396,0.0322418212890625,216.1280170373876,7.463553069160773,6.966646952297653,565.9027099609375,0.0,0.0,True,too_empty,,False,
negative,/mnt/MammoDiffusion/MammoDiffusion/experiments/diffusers/02_sd21_filtered_100steps/generated_images/final/negative/gen_1009.png,gen_1009.png,59.7912,37.0,2.0,0.5973663330078125,0.9982885897468645,0.590362548828125,158.9301757560093,25.177055307916724,6.236624823771602,340.3641052246094,0.0,0.0,False,,-6.148191459003108,True,510.0
negative,/mnt/MammoDiffusion/MammoDiffusion/experiments/diffusers/02_sd21_filtered_100steps/generated_images/final/negative/gen_1010.png,gen_1010.png,10.0,0.0,0.0,0.8848190307617188,1.0,0.8742561340332031,147.66576635934044,20.810983112074556,5.970528127208882,154.1895751953125,0.0,0.0,False,,-8.406228050518457,False,
negative,/mnt/MammoDiffusion/MammoDiffusion/experiments/diffusers/02_sd21_filtered_100steps/generated_images/final/negative/gen_1011.png,gen_1011.png,10.0,0.0,0.0,0.771148681640625,0.999040326091258,0.7677345275878906,91.19114863085508,55.19991967292057,6.643180832251482,1571.423583984375,0.0,0.0,False,,-7.222023010527935,True,1027.0
negative,/mnt/MammoDiffusion/MammoDiffusion/experiments/diffusers/02_sd21_filtered_100steps/generated_images/final/negative/gen_1012.png,gen_1012.png,148.7912,126.0,2.0,0.18021774291992188,0.87352623669115,0.15532302856445312,184.4151582876931,23.07802599115068,5.191615191493706,248.28964233398438,0.0,0.0,False,,-53.46365147611266,False,
negative,/mnt/MammoDiffusion/MammoDiffusion/experiments/diffusers/02_sd21_filtered_100steps/generated_images/final/negative/gen_1013.png,gen_1013.png,159.85160000000002,57.0,11.0,0.1566925048828125,0.7759518940500536,0.11960220336914062,198.82301534143463,18.230872581618808,7.1280944329594895,569.6007080078125,0.0,0.0,False,,-92.45580805757577,False,
negative,/mnt/MammoDiffusion/MammoDiffusion/experiments/diffusers/02_sd21_filtered_100steps/generated_images/final/negative/gen_1014.png,gen_1014.png,74.7912,52.0,2.0,0.5017547607421875,0.9999771918620564,0.4958953857421875,173.45250623096095,20.641614068969332,5.761835306492373,215.4325408935547,0.0,0.0,False,,-6.047238832748789,True,477.0
negative,/mnt/MammoDiffusion/MammoDiffusion/experiments/diffusers/02_sd21_filtered_100steps/generated_images/final/negative/gen_1015.png,gen_1015.png,32.7912,10.0,2.0,0.4420585632324219,0.9984984855414513,0.43817901611328125,121.34886737589888,54.88732582945955,6.442505689700463,1430.6209716796875,0.0,0.0,False,,-5.155437082816727,True,183.0
negative,/mnt/MammoDiffusion/MammoDiffusion/experiments/diffusers/02_sd21_filtered_100steps/generated_images/final/negative/gen_1016.png,gen_1016.png,42.7912,20.0,2.0,0.7795829772949219,1.0,0.7728843688964844,153.51505130622337,22.053696841667175,6.426636962610854,94.32733154296875,0.0,0.0,False,,-8.22334221950491,False,
negative,/mnt/MammoDiffusion/MammoDiffusion/experiments/diffusers/02_sd21_filtered_100steps/generated_images/final/negative/gen_1017.png,gen_1017.png,220.0,249.0,6.0,0.2266082763671875,0.4454582183017979,0.09768295288085938,254.66595071660092,5.371061799617033,6.708183092749513,1012.6077270507812,0.0,0.0,True,too_empty,,False,
negative,/mnt/MammoDiffusion/MammoDiffusion/experiments/diffusers/02_sd21_filtered_100steps/generated_images/final/negative/gen_1018.png,gen_1018.png,175.2692,108.0,7.0,0.11688995361328125,0.7976633379022257,0.09464645385742188,203.07891660956832,17.285000720288835,6.815126677628735,866.240478515625,0.0,0.0,True,too_empty,,False,
negative,/mnt/MammoDiffusion/MammoDiffusion/experiments/diffusers/02_sd21_filtered_100steps/generated_images/final/negative/gen_1019.png,gen_1019.png,135.8956,122.0,1.0,0.3492164611816406,0.9835709214047736,0.3509368896484375,162.5726009826514,23.621631580422342,5.658197896625987,168.42974853515625,0.0,0.0,False,,-10.47479272800327,False,
negative,/mnt/MammoDiffusion/MammoDiffusion/experiments/diffusers/02_sd21_filtered_100steps/generated_images/final/negative/gen_1020.png,gen_1020.png,29.7912,7.0,2.0,0.5983505249023438,0.998240401902406,0.5911712646484375,160.72870583073072,23.354057810802296,6.220545927593364,317.40777587890625,0.0,0.0,False,,-6.3185008746192235,True,588.0
negative,/mnt/MammoDiffusion/MammoDiffusion/experiments/diffusers/02_sd21_filtered_100steps/generated_images/final/negative/gen_1021.png,gen_1021.png,111.8956,98.0,1.0,0.5053253173828125,0.997659812181055,0.4986152648925781,167.0474795155651,21.396703507271848,5.5355783097021725,143.67481994628906,0.0,0.0,False,,-5.781010982272793,True,369.0
negative,/mnt/MammoDiffusion/MammoDiffusion/experiments/diffusers/02_sd21_filtered_100steps/generated_images/final/negative/gen_1022.png,gen_1022.png,73.8956,60.0,1.0,0.5623626708984375,1.0,0.5561637878417969,168.05333516238554,20.12467762166697,5.2840912657561026,234.54568481445312,0.0,0.0,False,,-5.965896431018011,True,438.0
negative,/mnt/MammoDiffusion/MammoDiffusion/experiments/diffusers/02_sd21_filtered_100steps/generated_images/final/negative/gen_1023.png,gen_1023.png,64.0,59.0,0.0,0.7417182922363281,0.9993571182439557,0.7353858947753906,154.79209138019576,24.67959388522357,5.918823736966062,219.89215087890625,0.0,0.0,False,,-7.010739552370937,True,909.0
negative,/mnt/MammoDiffusion/MammoDiffusion/experiments/diffusers/02_sd21_filtered_100steps/generated_images/final/negative/gen_1024.png,gen_1024.png,10.0,0.0,0.0,0.8920135498046875,0.9988154090901316,0.8819465637207031,138.74965938139334,24.33517426883607,5.9740531718786,239.85340881347656,0.0,0.0,False,,-7.5515727574273015,True,1205.0
negative,/mnt/MammoDiffusion/MammoDiffusion/experiments/diffusers/02_sd21_filtered_100steps/generated_images/final/negative/gen_1025.png,gen_1025.png,220.0,59.0,18.0,0.10418701171875,0.8346514352665495,0.086700439453125,248.93752199929602,35.810601944113486,6.924975401616283,560.9652709960938,0.0,0.0,True,too_empty,,False,
negative,/mnt/MammoDiffusion/MammoDiffusion/experiments/diffusers/02_sd21_filtered_100steps/generated_images/final/negative/gen_1026.png,gen_1026.png,98.8956,85.0,1.0,0.4205207824707031,0.9798252855211952,0.44647216796875,137.85193096377307,37.834766174419784,5.991757545668902,502.17010498046875,0.0,0.0,False,,-10.708757496146497,False,
negative,/mnt/MammoDiffusion/MammoDiffusion/experiments/diffusers/02_sd21_filtered_100steps/generated_images/final/negative/gen_1027.png,gen_1027.png,166.1648,90.0,8.0,0.1822662353515625,0.8026370866471327,0.14308547973632812,194.99938681383134,23.242699199706806,6.87256519024618,663.7386474609375,0.0,0.0,False,,-81.49349842687309,False,
negative,/mnt/MammoDiffusion/MammoDiffusion/experiments/diffusers/02_sd21_filtered_100steps/generated_images/final/negative/gen_1028.png,gen_1028.png,220.0,40.0,29.0,0.10949325561523438,0.5796606626485037,0.0599822998046875,254.35448995166624,2.414528138974158,7.33344152080456,1033.6556396484375,0.0,0.0,True,too_empty,,False,
negative,/mnt/MammoDiffusion/MammoDiffusion/experiments/diffusers/02_sd21_filtered_100steps/generated_images/final/negative/gen_1029.png,gen_1029.png,152.8956,139.0,1.0,0.08293914794921875,0.7667187931193082,0.06421279907226562,189.06968454820887,22.247501019472168,5.527393029538464,615.084228515625,0.0,0.0,True,too_empty,,False,
negative,/mnt/MammoDiffusion/MammoDiffusion/experiments/diffusers/02_sd21_filtered_100steps/generated_images/final/negative/gen_1030.png,gen_1030.png,84.8956,71.0,1.0,0.6538772583007812,0.9981798028119713,0.6487274169921875,158.8431377161002,27.916715945401947,5.86382475483432,418.5991516113281,0.0,0.0,False,,-6.015132786534535,True,464.0
negative,/mnt/MammoDiffusion/MammoDiffusion/experiments/diffusers/02_sd21_filtered_100steps/generated_images/final/negative/gen_1031.png,gen_1031.png,220.0,37.0,21.0,0.10239028930664062,0.7662158637904698,0.077056884765625,254.29866336633663,4.21504356713147,7.274607393664571,1148.7091064453125,0.0,0.0,True,too_empty,,False,
negative,/mnt/MammoDiffusion/MammoDiffusion/experiments/diffusers/02_sd21_filtered_100steps/generated_images/final/negative/gen_1032.png,gen_1032.png,29.7912,7.0,2.0,0.64447021484375,0.9992541907377592,0.6390228271484375,149.3663112777287,26.284907729015124,6.354449748931124,411.228759765625,0.0,0.0,False,,-6.254042539339187,True,559.0
negative,/mnt/MammoDiffusion/MammoDiffusion/experiments/diffusers/02_sd21_filtered_100steps/generated_images/final/negative/gen_1033.png,gen_1033.png,52.6868,21.0,3.0,0.6516876220703125,0.9943922826570512,0.6916465759277344,109.75153741361528,50.633118644183824,7.392296142924424,1695.8427734375,0.0,0.0,False,,-9.148461836925764,False,
negative,/mnt/MammoDiffusion/MammoDiffusion/experiments/diffusers/02_sd21_filtered_100steps/generated_images/final/negative/gen_1034.png,gen_1034.png,219.0,194.0,17.0,0.0470123291015625,0.08747160012982798,0.006038665771484375,229.73404927353127,8.452798403435386,7.378955498136303,786.6145629882812,0.0,0.0,True,too_empty,,False,
negative,/mnt/MammoDiffusion/MammoDiffusion/experiments/diffusers/02_sd21_filtered_100steps/generated_images/final/negative/gen_1035.png,gen_1035.png,196.0,180.0,6.0,0.04842376708984375,0.6587364109027887,0.0361480712890625,207.91040523427606,12.910972776251823,6.550430694356893,1105.499267578125,0.0,0.0,True,too_empty,,False,
negative,/mnt/MammoDiffusion/MammoDiffusion/experiments/diffusers/02_sd21_filtered_100steps/generated_images/final/negative/gen_1036.png,gen_1036.png,39.8956,26.0,1.0,0.8165512084960938,1.0,0.8084449768066406,147.60730716419178,23.816644670858864,6.167664741642816,89.16914367675781,0.0,0.0,False,,-8.052353513423892,False,
negative,/mnt/MammoDiffusion/MammoDiffusion/experiments/diffusers/02_sd21_filtered_100steps/generated_images/final/negative/gen_1037.png,gen_1037.png,67.8956,54.0,1.0,0.5895729064941406,0.9979942155765336,0.5820426940917969,167.18001166608772,24.611463355142106,6.101321536786782,340.22528076171875,0.0,0.0,False,,-6.26479612506317,True,566.0
negative,/mnt/MammoDiffusion/MammoDiffusion/experiments/diffusers/02_sd21_filtered_100steps/generated_images/final/negative/gen_1038.png,gen_1038.png,74.0,69.0,0.0,0.3664360046386719,0.9964709189144172,0.3594779968261719,174.3304823048761,20.687096691893707,4.097111689027438,223.32742309570312,0.0,0.0,False,,-4.492327929156939,True,53.0
negative,/mnt/MammoDiffusion/MammoDiffusion/experiments/diffusers/02_sd21_filtered_100steps/generated_images/final/negative/gen_1039.png,gen_1039.png,49.7912,27.0,2.0,0.9219741821289062,0.9990814679961935,0.9136886596679688,139.5962558137593,38.11918212704742,7.191087743319354,641.0153198242188,0.0,0.0,False,,-7.6378330300245425,True,1248.0
negative,/mnt/MammoDiffusion/MammoDiffusion/experiments/diffusers/02_sd21_filtered_100steps/generated_images/final/negative/gen_1040.png,gen_1040.png,197.0,186.0,3.0,0.049823760986328125,0.5378608069826201,0.0260467529296875,216.61599297012302,10.757220797783983,6.428873057496943,1154.3408203125,0.0,0.0,True,too_empty,,False,
negative,/mnt/MammoDiffusion/MammoDiffusion/experiments/diffusers/02_sd21_filtered_100steps/generated_images/final/negative/gen_1041.png,gen_1041.png,119.6868,88.0,3.0,0.2889442443847656,0.9530398046075649,0.28668212890625,158.15434053651268,36.63471600123038,6.232420161253609,893.8541870117188,0.0,0.0,False,,-21.77293894455883,False,
negative,/mnt/MammoDiffusion/MammoDiffusion/experiments/diffusers/02_sd21_filtered_100steps/generated_images/final/negative/gen_1042.png,gen_1042.png,10.0,0.0,0.0,0.9182624816894531,0.9991442232995592,0.911041259765625,120.4045322078183,45.7478334510007,7.2939001204829665,987.3505859375,0.0,0.0,False,,-8.009443617656153,False,
negative,/mnt/MammoDiffusion/MammoDiffusion/experiments/diffusers/02_sd21_filtered_100steps/generated_images/final/negative/gen_1043.png,gen_1043.png,144.478,95.0,5.0,0.1772308349609375,0.497761515281963,0.08485794067382812,208.67709597662397,24.183398302259388,6.584912072274976,1303.57568359375,0.0,0.0,True,too_empty,,False,
negative,/mnt/MammoDiffusion/MammoDiffusion/experiments/diffusers/02_sd21_filtered_100steps/generated_images/final/negative/gen_1044.png,gen_1044.png,61.7912,39.0,2.0,0.4355049133300781,0.9979941313011869,0.4300575256347656,163.40778094148328,29.929535664164543,6.118461246110099,565.8404541015625,0.0,0.0,False,,-4.601122661694061,True,70.0
negative,/mnt/MammoDiffusion/MammoDiffusion/experiments/diffusers/02_sd21_filtered_100steps/generated_images/final/negative/gen_1045.png,gen_1045.png,83.7912,61.0,2.0,0.4388275146484375,0.9971226398692583,0.4320831298828125,176.09579934315076,17.99686887412885,5.570379984412012,195.56846618652344,0.0,0.0,False,,-5.838139462035553,True,385.0
negative,/mnt/MammoDiffusion/MammoDiffusion/experiments/diffusers/02_sd21_filtered_100steps/generated_images/final/negative/gen_1046.png,gen_1046.png,81.7912,59.0,2.0,0.7046737670898438,0.9971146454749196,0.6963119506835938,149.83788225755202,31.601304530774517,6.686228209078483,353.0780944824219,0.0,0.0,False,,-7.167313051090649,True,991.0
negative,/mnt/MammoDiffusion/MammoDiffusion/experiments/diffusers/02_sd21_filtered_100steps/generated_images/final/negative/gen_1047.png,gen_1047.png,220.0,253.0,0.0,0.3376884460449219,0.9128926945539577,0.29901123046875,252.92703868136354,2.9443010430495122,6.154235635328673,1050.51513671875,0.0,0.0,True,low_contrast,,False,
negative,/mnt/MammoDiffusion/MammoDiffusion/experiments/diffusers/02_sd21_filtered_100steps/generated_images/final/negative/gen_1048.png,gen_1048.png,220.0,245.0,1.0,0.3337860107421875,0.9085371428571428,0.3001861572265625,245.96490113353326,5.062702273952149,6.335498172404605,1212.931884765625,0.0,0.0,True,low_contrast,,False,
negative,/mnt/MammoDiffusion/MammoDiffusion/experiments/diffusers/02_sd21_filtered_100steps/generated_images/final/negative/gen_1049.png,gen_1049.png,105.8956,92.0,1.0,0.3871879577636719,0.9999310338032887,0.3817100524902344,162.22035117875737,23.746911332128473,5.4012674945573815,199.97801208496094,0.0,0.0,False,,-4.666298923621101,True,80.0
negative,/mnt/MammoDiffusion/MammoDiffusion/experiments/diffusers/02_sd21_filtered_100steps/generated_images/final/negative/gen_1050.png,gen_1050.png,72.7912,50.0,2.0,0.7372589111328125,0.9979562058902663,0.7296180725097656,169.53125767913627,20.85819102615358,6.293550970616278,179.30239868164062,0.0,0.0,False,,-7.895339148229113,False,
negative,/mnt/MammoDiffusion/MammoDiffusion/experiments/diffusers/02_sd21_filtered_100steps/generated_images/final/negative/gen_1051.png,gen_1051.png,112.8956,99.0,1.0,0.3577156066894531,0.9873950924039969,0.35202789306640625,158.43773433605688,31.11292001170692,5.411581711223166,248.96481323242188,0.0,0.0,False,,-8.224912806226342,False,
negative,/mnt/MammoDiffusion/MammoDiffusion/experiments/diffusers/02_sd21_filtered_100steps/generated_images/final/negative/gen_1052.png,gen_1052.png,10.0,0.0,0.0,0.8707122802734375,0.9989178627131416,0.8645896911621094,90.13561617846254,52.67818758595552,7.092949621257585,1401.337158203125,0.0,0.0,False,,-7.8302483609954,True,1339.0
negative,/mnt/MammoDiffusion/MammoDiffusion/experiments/diffusers/02_sd21_filtered_100steps/generated_images/final/negative/gen_1053.png,gen_1053.png,10.0,0.0,0.0,0.8265304565429688,0.9985507915262842,0.8177642822265625,155.69592110910006,21.05728945666418,5.702200041483386,274.7799987792969,0.0,0.0,False,,-7.38357306921512,True,1114.0
negative,/mnt/MammoDiffusion/MammoDiffusion/experiments/diffusers/02_sd21_filtered_100steps/generated_images/final/negative/gen_1054.png,gen_1054.png,31.8956,18.0,1.0,0.7345161437988281,0.998857433692203,0.7323646545410156,107.29820038023804,52.29403596995638,6.7242180049437525,1455.7720947265625,0.0,0.0,False,,-6.955643588031438,True,882.0
negative,/mnt/MammoDiffusion/MammoDiffusion/experiments/diffusers/02_sd21_filtered_100steps/generated_images/final/negative/gen_1055.png,gen_1055.png,133.2692,66.0,7.0,0.4210624694824219,0.9969378233178413,0.41721343994140625,171.8634177562403,22.434746993777278,6.668844279526832,235.91017150878906,0.0,0.0,False,,-6.371106914500131,True,604.0
negative,/mnt/MammoDiffusion/MammoDiffusion/experiments/diffusers/02_sd21_filtered_100steps/generated_images/final/negative/gen_1056.png,gen_1056.png,81.7912,59.0,2.0,0.36753082275390625,0.9954019886658502,0.3615379333496094,167.13162753890794,26.559802461511936,5.677946666026228,516.3289794921875,0.0,0.0,False,,-5.390828349640488,True,241.0
negative,/mnt/MammoDiffusion/MammoDiffusion/experiments/diffusers/02_sd21_filtered_100steps/generated_images/final/negative/gen_1057.png,gen_1057.png,220.0,213.0,23.0,0.36009979248046875,0.9323184813237568,0.3329429626464844,235.98822167990008,12.92837342964224,6.464436697326338,1099.373046875,0.0,0.0,False,,-32.436123494204935,False,
negative,/mnt/MammoDiffusion/MammoDiffusion/experiments/diffusers/02_sd21_filtered_100steps/generated_images/final/negative/gen_1058.png,gen_1058.png,10.0,0.0,0.0,0.8930702209472656,1.0,0.8838043212890625,147.3828102070061,20.97188988410611,5.815652613342023,62.34654235839844,0.0,0.0,False,,-8.447893196468943,False,
negative,/mnt/MammoDiffusion/MammoDiffusion/experiments/diffusers/02_sd21_filtered_100steps/generated_images/final/negative/gen_1059.png,gen_1059.png,10.0,0.0,0.0,0.84149169921875,0.9984269601798796,0.8317909240722656,155.35023779058835,20.67785707661942,5.728568796088066,202.0206298828125,0.0,0.0,False,,-7.65853817858778,True,1261.0
negative,/mnt/MammoDiffusion/MammoDiffusion/experiments/diffusers/02_sd21_filtered_100steps/generated_images/final/negative/gen_1060.png,gen_1060.png,220.0,120.0,76.0,0.18019485473632812,0.7640832398331816,0.13341140747070312,253.4173219340634,6.835909150587594,6.9070944430919035,833.2859497070312,0.0,0.0,True,low_contrast,,False,
negative,/mnt/MammoDiffusion/MammoDiffusion/experiments/diffusers/02_sd21_filtered_100steps/generated_images/final/negative/gen_1061.png,gen_1061.png,76.8956,63.0,1.0,0.5476264953613281,0.9975898075328964,0.5418701171875,151.73537114214912,28.081072062823104,5.259801386821722,306.67083740234375,0.0,0.0,False,,-5.020947489022621,True,139.0
negative,/mnt/MammoDiffusion/MammoDiffusion/experiments/diffusers/02_sd21_filtered_100steps/generated_images/final/negative/gen_1062.png,gen_1062.png,10.0,0.0,0.0,0.8975105285644531,1.0,0.8887062072753906,130.91889049616043,26.762511136796554,6.28876681616712,131.88070678710938,0.0,0.0,False,,-8.188255569422399,False,
negative,/mnt/MammoDiffusion/MammoDiffusion/experiments/diffusers/02_sd21_filtered_100steps/generated_images/final/negative/gen_1063.png,gen_1063.png,134.478,85.0,5.0,0.2456817626953125,0.6132383081796162,0.16121292114257812,168.21930384988525,26.4209987900612,7.126735942368921,943.04296875,0.0,0.0,True,fragmented_mask,,False,
negative,/mnt/MammoDiffusion/MammoDiffusion/experiments/diffusers/02_sd21_filtered_100steps/generated_images/final/negative/gen_1064.png,gen_1064.png,129.478,80.0,5.0,0.6127586364746094,0.9876487103983664,0.6046218872070312,156.7639844035887,19.830869040726142,6.840429750085992,256.62164306640625,0.0,0.0,False,,-11.153657232540475,False,
negative,/mnt/MammoDiffusion/MammoDiffusion/experiments/diffusers/02_sd21_filtered_100steps/generated_images/final/negative/gen_1065.png,gen_1065.png,57.8956,44.0,1.0,0.6644058227539062,0.9983062525119136,0.6623649597167969,126.17478618942033,47.418773595992384,6.407027440683607,1057.439697265625,0.0,0.0,False,,-5.899583597827859,True,415.0
negative,/mnt/MammoDiffusion/MammoDiffusion/experiments/diffusers/02_sd21_filtered_100steps/generated_images/final/negative/gen_1066.png,gen_1066.png,96.6868,65.0,3.0,0.2922096252441406,0.9080821399198444,0.2833595275878906,143.09892166233627,46.19123047072616,6.201208635788344,791.2222290039062,0.0,0.0,False,,-38.66427997586016,False,
negative,/mnt/MammoDiffusion/MammoDiffusion/experiments/diffusers/02_sd21_filtered_100steps/generated_images/final/negative/gen_1067.png,gen_1067.png,15.8956,2.0,1.0,0.545257568359375,0.9964389656909386,0.5400962829589844,104.33674946850964,56.30623235212214,6.328841844266282,1913.505126953125,0.0,0.0,False,,-6.94728904640245,True,875.0
negative,/mnt/MammoDiffusion/MammoDiffusion/experiments/diffusers/02_sd21_filtered_100steps/generated_images/final/negative/gen_1068.png,gen_1068.png,209.0,206.0,2.0,0.049617767333984375,0.2547090028446221,0.012542724609375,217.82998783454988,8.334695080943838,6.112823001235462,1347.042724609375,0.0,0.0,True,too_empty,,False,
negative,/mnt/MammoDiffusion/MammoDiffusion/experiments/diffusers/02_sd21_filtered_100steps/generated_images/final/negative/gen_1069.png,gen_1069.png,67.7912,45.0,2.0,0.6469154357910156,0.9989149983783944,0.6442146301269531,145.73770258827432,34.916928116250766,6.650459156041604,677.2047729492188,0.0,0.0,False,,-5.52963992946157,True,278.0
negative,/mnt/MammoDiffusion/MammoDiffusion/experiments/diffusers/02_sd21_filtered_100steps/generated_images/final/negative/gen_1070.png,gen_1070.png,104.6868,73.0,3.0,0.20456314086914062,0.8064522144522145,0.181060791015625,159.75745828417328,47.939693601062814,5.909994887041812,906.4098510742188,0.0,0.0,False,,-78.21126940149946,False,
negative,/mnt/MammoDiffusion/MammoDiffusion/experiments/diffusers/02_sd21_filtered_100steps/generated_images/final/negative/gen_1071.png,gen_1071.png,10.0,5.0,0.0,0.8735580444335938,0.9984890697735351,0.8646736145019531,117.22807265219329,49.35885543809604,7.154855579943634,1353.932861328125,0.0,0.0,False,,-8.170128260588777,False,
negative,/mnt/MammoDiffusion/MammoDiffusion/experiments/diffusers/02_sd21_filtered_100steps/generated_images/final/negative/gen_1072.png,gen_1072.png,41.7912,19.0,2.0,0.5492439270019531,0.9889777123370445,0.5658149719238281,106.74186414967133,52.67291657195317,6.908973129519466,1586.3349609375,0.0,0.0,False,,-9.855619750817775,False,
negative,/mnt/MammoDiffusion/MammoDiffusion/experiments/diffusers/02_sd21_filtered_100steps/generated_images/final/negative/gen_1073.png,gen_1073.png,10.0,3.0,0.0,0.7829780578613281,0.9988745596897487,0.7765884399414062,150.14714261855406,26.77824518937713,6.134898464029727,498.205322265625,0.0,0.0,False,,-6.724676899552938,True,773.0
negative,/mnt/MammoDiffusion/MammoDiffusion/experiments/diffusers/02_sd21_filtered_100steps/generated_images/final/negative/gen_1074.png,gen_1074.png,220.0,43.0,26.0,0.11635208129882812,0.8223009081669453,0.09343338012695312,252.7967582574613,15.12720496852832,7.227353453360507,779.506103515625,0.0,0.0,True,too_empty,,False,
negative,/mnt/MammoDiffusion/MammoDiffusion/experiments/diffusers/02_sd21_filtered_100steps/generated_images/final/negative/gen_1075.png,gen_1075.png,125.7912,103.0,2.0,0.3681182861328125,0.9958963730569949,0.3626594543457031,173.05790531087948,26.842211343895862,5.752464443437908,290.46319580078125,0.0,0.0,False,,-5.647624702609404,True,325.0
negative,/mnt/MammoDiffusion/MammoDiffusion/experiments/diffusers/02_sd21_filtered_100steps/generated_images/final/negative/gen_1076.png,gen_1076.png,106.8956,93.0,1.0,0.327789306640625,0.9999883623498743,0.32256317138671875,174.87910073558976,22.31547667307118,5.098777209181659,182.83572387695312,0.0,0.0,False,,-5.153620021958311,True,182.0
negative,/mnt/MammoDiffusion/MammoDiffusion/experiments/diffusers/02_sd21_filtered_100steps/generated_images/final/negative/gen_1077.png,gen_1077.png,76.6868,45.0,3.0,0.8466110229492188,0.999743166887453,0.8400306701660156,139.94658710588578,29.613808467448745,7.008407546831412,211.0438690185547,0.0,0.0,False,,-8.271568975734416,False,
negative,/mnt/MammoDiffusion/MammoDiffusion/experiments/diffusers/02_sd21_filtered_100steps/generated_images/final/negative/gen_1078.png,gen_1078.png,80.7912,58.0,2.0,0.5942001342773438,0.9764646970455684,0.6503753662109375,129.1613682753443,46.48602880600261,7.092775186115355,1293.459228515625,0.0,0.0,False,,-15.002548385719944,False,
negative,/mnt/MammoDiffusion/MammoDiffusion/experiments/diffusers/02_sd21_filtered_100steps/generated_images/final/negative/gen_1079.png,gen_1079.png,65.8956,52.0,1.0,0.5859413146972656,0.9978645972356951,0.578948974609375,168.83323230193454,26.29985784617815,6.179615005325928,262.4541015625,0.0,0.0,False,,-6.400856086358099,True,623.0
negative,/mnt/MammoDiffusion/MammoDiffusion/experiments/diffusers/02_sd21_filtered_100steps/generated_images/final/negative/gen_1080.png,gen_1080.png,88.7912,66.0,2.0,0.2010650634765625,0.8980420429536313,0.16669082641601562,156.20422454630753,50.47295219127683,5.339432240654709,668.70703125,0.0,0.0,False,,-42.89380470925536,False,
negative,/mnt/MammoDiffusion/MammoDiffusion/experiments/diffusers/02_sd21_filtered_100steps/generated_images/final/negative/gen_1081.png,gen_1081.png,191.7472,80.0,12.0,0.08188629150390625,0.8976521009969254,0.0784912109375,207.2401827371695,13.710807668913882,7.047230287341174,569.5972900390625,0.0,0.0,True,too_empty,,False,
negative,/mnt/MammoDiffusion/MammoDiffusion/experiments/diffusers/02_sd21_filtered_100steps/generated_images/final/negative/gen_1082.png,gen_1082.png,196.0,164.0,13.0,0.049724578857421875,0.4807825086306099,0.014739990234375,207.91977225672878,10.557654114604226,6.397875189474881,1031.534423828125,0.0,0.0,True,too_empty,,False,
negative,/mnt/MammoDiffusion/MammoDiffusion/experiments/diffusers/02_sd21_filtered_100steps/generated_images/final/negative/gen_1083.png,gen_1083.png,198.0,79.0,45.5,0.04993438720703125,0.8032085561497326,0.0384674072265625,213.5250892502975,9.670384071278901,6.148438862355688,274.7326965332031,0.0,0.0,True,too_empty,,False,
negative,/mnt/MammoDiffusion/MammoDiffusion/experiments/diffusers/02_sd21_filtered_100steps/generated_images/final/negative/gen_1084.png,gen_1084.png,28.7912,6.0,2.0,0.7218818664550781,0.9983248519052828,0.7139968872070312,154.039482823102,24.4469119760777,6.376540629544641,468.7613830566406,0.0,0.0,False,,-6.870512986576355,True,834.0
negative,/mnt/MammoDiffusion/MammoDiffusion/experiments/diffusers/02_sd21_filtered_100steps/generated_images/final/negative/gen_1085.png,gen_1085.png,26.7912,4.0,2.0,0.7743492126464844,0.9980590272475134,0.7616119384765625,162.84127882515577,24.03281963052184,6.555672546063914,791.6524047851562,0.0,0.0,False,,-7.4556720051388545,True,1148.0
negative,/mnt/MammoDiffusion/MammoDiffusion/experiments/diffusers/02_sd21_filtered_100steps/generated_images/final/negative/gen_1086.png,gen_1086.png,10.0,0.0,0.0,0.7894706726074219,0.9984586021115701,0.7781181335449219,93.59915481495644,55.13585096162597,6.882706229080554,1809.588134765625,0.0,0.0,False,,-7.867312872798114,True,1356.0
negative,/mnt/MammoDiffusion/MammoDiffusion/experiments/diffusers/02_sd21_filtered_100steps/generated_images/final/negative/gen_1087.png,gen_1087.png,74.8956,61.0,1.0,0.5589447021484375,1.0,0.5532341003417969,174.64271480482944,19.960954133559426,5.761448002455456,168.07400512695312,0.0,0.0,False,,-6.563146092223341,True,695.0
negative,/mnt/MammoDiffusion/MammoDiffusion/experiments/diffusers/02_sd21_filtered_100steps/generated_images/final/negative/gen_1088.png,gen_1088.png,55.8956,42.0,1.0,0.7124862670898438,0.9986829001895339,0.7061309814453125,126.08673855262873,40.35141069241391,6.490466040894815,643.9786376953125,0.0,0.0,False,,-5.32134824550844,True,224.0
negative,/mnt/MammoDiffusion/MammoDiffusion/experiments/diffusers/02_sd21_filtered_100steps/generated_images/final/negative/gen_1089.png,gen_1089.png,115.1648,39.0,8.0,0.41080474853515625,0.9960442009471632,0.4036674499511719,174.83152363942204,22.876140847698984,7.249557666111704,242.32337951660156,0.0,0.0,False,,-7.130272073820086,True,964.0
negative,/mnt/MammoDiffusion/MammoDiffusion/experiments/diffusers/02_sd21_filtered_100steps/generated_images/final/negative/gen_1090.png,gen_1090.png,119.47800000000001,70.0,5.0,0.4494209289550781,0.9915374364458931,0.46662139892578125,158.97243341344975,32.825967807532905,6.792936274873979,489.1736145019531,0.0,0.0,False,,-7.736978364721113,True,1302.0
negative,/mnt/MammoDiffusion/MammoDiffusion/experiments/diffusers/02_sd21_filtered_100steps/generated_images/final/negative/gen_1091.png,gen_1091.png,82.8956,69.0,1.0,0.4321250915527344,0.9999911722384555,0.42670440673828125,164.13808578733753,27.08028369126471,5.195392748313521,149.76194763183594,0.0,0.0,False,,-4.682850449453904,True,84.0
negative,/mnt/MammoDiffusion/MammoDiffusion/experiments/diffusers/02_sd21_filtered_100steps/generated_images/final/negative/gen_1092.png,gen_1092.png,111.6868,80.0,3.0,0.5288848876953125,0.9930830039525692,0.5323066711425781,161.7990339756774,28.789035168714708,6.800625994068736,448.4418640136719,0.0,0.0,False,,-7.9215098069144965,False,
negative,/mnt/MammoDiffusion/MammoDiffusion/experiments/diffusers/02_sd21_filtered_100steps/generated_images/final/negative/gen_1093.png,gen_1093.png,131.7912,109.0,2.0,0.3804512023925781,0.998315502391385,0.3746490478515625,175.27507840182463,20.458183478220377,5.410263826644022,192.307373046875,0.0,0.0,False,,-4.871808980385467,True,109.0
negative,/mnt/MammoDiffusion/MammoDiffusion/experiments/diffusers/02_sd21_filtered_100steps/generated_images/final/negative/gen_1094.png,gen_1094.png,180.2692,113.0,7.0,0.054943084716796875,0.922585572450184,0.050350189208984375,205.55837563451777,14.343266028618626,5.790840846365846,106.67575073242188,0.0,0.0,True,too_empty,,False,
negative,/mnt/MammoDiffusion/MammoDiffusion/experiments/diffusers/02_sd21_filtered_100steps/generated_images/final/negative/gen_1095.png,gen_1095.png,10.0,1.0,0.0,0.93353271484375,0.9999427917620137,0.9263763427734375,111.27322890415246,47.170832357777236,7.245846003819713,842.5496826171875,0.0,0.0,False,,-8.09910646479036,False,
negative,/mnt/MammoDiffusion/MammoDiffusion/experiments/diffusers/02_sd21_filtered_100steps/generated_images/final/negative/gen_1096.png,gen_1096.png,36.7912,14.0,2.0,0.7909812927246094,1.0,0.7839775085449219,149.89937474150307,28.477914966720853,6.654890438086668,176.2520751953125,0.0,0.0,False,,-7.973515130997826,False,
negative,/mnt/MammoDiffusion/MammoDiffusion/experiments/diffusers/02_sd21_filtered_100steps/generated_images/final/negative/gen_1097.png,gen_1097.png,131.5824,91.0,4.0,0.20088958740234375,0.7534654969427671,0.16529464721679688,177.6433038702084,37.61769431759211,6.559271624165151,1153.953125,0.0,0.0,False,,-99.2317821138285,False,
negative,/mnt/MammoDiffusion/MammoDiffusion/experiments/diffusers/02_sd21_filtered_100steps/generated_images/final/negative/gen_1098.png,gen_1098.png,125.8956,112.0,1.0,0.54949951171875,0.9971051316227924,0.54534912109375,167.31889339675433,21.76701024057925,6.228013256999684,101.93595886230469,0.0,0.0,False,,-6.933523101058191,True,867.0
negative,/mnt/MammoDiffusion/MammoDiffusion/experiments/diffusers/02_sd21_filtered_100steps/generated_images/final/negative/gen_1099.png,gen_1099.png,28.0,23.0,0.0,0.5614585876464844,0.9980636350665498,0.5635452270507812,101.0542002301496,55.57273306686411,5.984448093292237,1669.1051025390625,0.0,0.0,False,,-5.775910681584373,True,367.0
negative,/mnt/MammoDiffusion/MammoDiffusion/experiments/diffusers/02_sd21_filtered_100steps/generated_images/final/negative/gen_1100.png,gen_1100.png,100.8956,87.0,1.0,0.6394309997558594,0.9988486066947854,0.6327590942382812,154.36304664986676,25.6984769610152,5.939318191977875,153.7650146484375,0.0,0.0,False,,-6.16763100294512,True,525.0
negative,/mnt/MammoDiffusion/MammoDiffusion/experiments/diffusers/02_sd21_filtered_100steps/generated_images/final/negative/gen_1101.png,gen_1101.png,49.0,44.0,0.0,0.70867919921875,0.9999946171733701,0.7016983032226562,163.11317995498678,18.76515529300487,5.462152558504693,34.25090026855469,0.0,0.0,False,,-7.34951658392281,True,1102.0
negative,/mnt/MammoDiffusion/MammoDiffusion/experiments/diffusers/02_sd21_filtered_100steps/generated_images/final/negative/gen_1102.png,gen_1102.png,40.8956,27.0,1.0,0.8721771240234375,1.0,0.8637924194335938,148.24826221747233,26.68843112191872,6.529842514360027,131.58172607421875,0.0,0.0,False,,-8.533133599214034,False,
negative,/mnt/MammoDiffusion/MammoDiffusion/experiments/diffusers/02_sd21_filtered_100steps/generated_images/final/negative/gen_1103.png,gen_1103.png,120.8956,107.0,1.0,0.4323463439941406,0.9695686316030951,0.43128204345703125,159.6377611491447,30.352586841030757,5.582941208682888,352.91534423828125,0.0,0.0,False,,-15.135607259844477,False,
negative,/mnt/MammoDiffusion/MammoDiffusion/experiments/diffusers/02_sd21_filtered_100steps/generated_images/final/negative/gen_1104.png,gen_1104.png,184.1208,19.0,18.0,0.09883499145507812,0.9026979042031726,0.08709716796875,209.4321566222845,14.157431033839515,7.126800945221234,629.1649780273438,0.0,0.0,True,too_empty,,False,
negative,/mnt/MammoDiffusion/MammoDiffusion/experiments/diffusers/02_sd21_filtered_100steps/generated_images/final/negative/gen_1105.png,gen_1105.png,74.8956,61.0,1.0,0.7380409240722656,0.997922190693275,0.7307281494140625,152.9722170018167,26.506057454223637,6.47365500387906,329.90185546875,0.0,0.0,False,,-7.273313972159972,True,1058.0
negative,/mnt/MammoDiffusion/MammoDiffusion/experiments/diffusers/02_sd21_filtered_100steps/generated_images/final/negative/gen_1106.png,gen_1106.png,136.8956,123.0,1.0,0.16707992553710938,0.8804082284983675,0.15138626098632812,184.0482046113141,29.47845367482925,5.020213853285474,347.6459655761719,0.0,0.0,False,,-50.2510565608042,False,
negative,/mnt/MammoDiffusion/MammoDiffusion/experiments/diffusers/02_sd21_filtered_100steps/generated_images/final/negative/gen_1107.png,gen_1107.png,97.1648,21.0,8.0,0.7041130065917969,0.9986076422561613,0.6993484497070312,171.07377406861943,23.5706353277919,6.896624983731147,287.6190490722656,0.0,0.0,False,,-7.691700632482962,True,1276.0
negative,/mnt/MammoDiffusion/MammoDiffusion/experiments/diffusers/02_sd21_filtered_100steps/generated_images/final/negative/gen_1108.png,gen_1108.png,88.7912,66.0,2.0,0.5320243835449219,0.9877031842658119,0.5983543395996094,132.5651716553505,45.87600108188804,6.628325303075158,974.9714965820312,0.0,0.0,False,,-9.597839626269431,False,
negative,/mnt/MammoDiffusion/MammoDiffusion/experiments/diffusers/02_sd21_filtered_100steps/generated_images/final/negative/gen_1109.png,gen_1109.png,220.0,196.0,48.0,0.3265724182128906,0.9482063801703092,0.30883026123046875,241.9675881321179,24.015647807190938,6.272543152067195,1197.1524658203125,0.0,0.0,False,,-26.046305016756165,False,
negative,/mnt/MammoDiffusion/MammoDiffusion/experiments/diffusers/02_sd21_filtered_100steps/generated_images/final/negative/gen_1110.png,gen_1110.png,146.8956,133.0,1.0,0.13647079467773438,0.4659958071278826,0.060733795166015625,201.43238490044595,21.666200604262965,5.047358975558457,264.46051025390625,0.0,0.0,True,too_empty,,False,
negative,/mnt/MammoDiffusion/MammoDiffusion/experiments/diffusers/02_sd21_filtered_100steps/generated_images/final/negative/gen_1111.png,gen_1111.png,10.0,0.0,0.0,0.7847938537597656,0.998439694938487,0.777008056640625,149.90949884136523,23.414309709396917,5.7968017718966784,270.0985412597656,0.0,0.0,False,,-7.008316110612101,True,908.0
negative,/mnt/MammoDiffusion/MammoDiffusion/experiments/diffusers/02_sd21_filtered_100steps/generated_images/final/negative/gen_1112.png,gen_1112.png,151.8956,138.0,1.0,0.235321044921875,0.719070159512385,0.140838623046875,186.63456121343447,24.546034040233963,6.094592729818217,290.57940673828125,0.0,0.0,True,fragmented_mask,,False,
negative,/mnt/MammoDiffusion/MammoDiffusion/experiments/diffusers/02_sd21_filtered_100steps/generated_images/final/negative/gen_1113.png,gen_1113.png,78.7912,56.0,2.0,0.7145462036132812,1.0,0.7094497680664062,165.80289604146728,22.7955567476717,6.325435834946917,274.7359924316406,0.0,0.0,False,,-7.645892625838121,True,1252.0
negative,/mnt/MammoDiffusion/MammoDiffusion/experiments/diffusers/02_sd21_filtered_100steps/generated_images/final/negative/gen_1114.png,gen_1114.png,188.0,187.0,1.0,0.04340362548828125,0.3119177359817191,0.0126800537109375,200.8447653429603,9.75441365306457,4.785985357051466,826.0603637695312,0.0,0.0,True,too_empty,,False,
negative,/mnt/MammoDiffusion/MammoDiffusion/experiments/diffusers/02_sd21_filtered_100steps/generated_images/final/negative/gen_1115.png,gen_1115.png,98.8956,85.0,1.0,0.5408439636230469,0.9978628710881019,0.5380973815917969,147.18132129109097,32.520422634052025,5.868686036851329,348.8063659667969,0.0,0.0,False,,-5.032503993320258,True,146.0
negative,/mnt/MammoDiffusion/MammoDiffusion/experiments/diffusers/02_sd21_filtered_100steps/generated_images/final/negative/gen_1116.png,gen_1116.png,52.8956,39.0,1.0,0.868896484375,1.0,0.8604812622070312,147.59375803519973,30.926637721226076,6.932046690414572,205.9674530029297,0.0,0.0,False,,-8.512990104848258,False,
negative,/mnt/MammoDiffusion/MammoDiffusion/experiments/diffusers/02_sd21_filtered_100steps/generated_images/final/negative/gen_1117.png,gen_1117.png,42.7912,20.0,2.0,0.7465438842773438,0.9986714494486515,0.7461357116699219,117.13604130984943,48.31158260619722,7.192407821752923,1250.7646484375,0.0,0.0,False,,-7.137390634277405,True,968.0
negative,/mnt/MammoDiffusion/MammoDiffusion/experiments/diffusers/02_sd21_filtered_100steps/generated_images/final/negative/gen_1118.png,gen_1118.png,107.8956,94.0,1.0,0.307830810546875,0.9802716367601864,0.2980461120605469,158.17368266117163,32.23925813691308,5.209911386734723,309.1353759765625,0.0,0.0,False,,-10.976494059836769,False,
negative,/mnt/MammoDiffusion/MammoDiffusion/experiments/diffusers/02_sd21_filtered_100steps/generated_images/final/negative/gen_1119.png,gen_1119.png,118.8956,105.0,1.0,0.3409996032714844,0.957232831045631,0.3323974609375,157.22698999265515,31.734878275149153,5.2513277171333925,444.099853515625,0.0,0.0,False,,-19.352868039083432,False,
negative,/mnt/MammoDiffusion/MammoDiffusion/experiments/diffusers/02_sd21_filtered_100steps/generated_images/final/negative/gen_1120.png,gen_1120.png,54.8956,41.0,1.0,0.5848960876464844,0.9982651457342804,0.5972404479980469,113.24328864418796,47.61096475356551,6.39987429734272,1062.21044921875,0.0,0.0,False,,-5.258759912029521,True,208.0
negative,/mnt/MammoDiffusion/MammoDiffusion/experiments/diffusers/02_sd21_filtered_100steps/generated_images/final/negative/gen_1121.png,gen_1121.png,208.0,200.0,4.0,0.04273223876953125,0.4127834315300839,0.017345428466796875,216.86826478997142,6.794706969360092,7.013922969840643,1351.627685546875,0.0,0.0,True,too_empty,,False,
negative,/mnt/MammoDiffusion/MammoDiffusion/experiments/diffusers/02_sd21_filtered_100steps/generated_images/final/negative/gen_1122.png,gen_1122.png,40.7912,18.0,2.0,0.7452201843261719,0.9986127818586675,0.7379417419433594,163.29815401634556,26.653771961779313,6.5616225863865285,390.9426574707031,0.0,0.0,False,,-7.22697055443371,True,1030.0
negative,/mnt/MammoDiffusion/MammoDiffusion/experiments/diffusers/02_sd21_filtered_100steps/generated_images/final/negative/gen_1123.png,gen_1123.png,132.7912,110.0,2.0,0.2432861328125,0.9511885348720521,0.24169158935546875,168.65543419931186,31.67715876541298,5.46803162963821,398.67510986328125,0.0,0.0,False,,-22.70657533741121,False,
negative,/mnt/MammoDiffusion/MammoDiffusion/experiments/diffusers/02_sd21_filtered_100steps/generated_images/final/negative/gen_1124.png,gen_1124.png,167.0,155.0,3.0,0.04964447021484375,0.6663593053634548,0.032955169677734375,192.94328047227688,15.769171438193478,5.6674808076681185,774.9237670898438,0.0,0.0,True,too_empty,,False,
negative,/mnt/MammoDiffusion/MammoDiffusion/experiments/diffusers/02_sd21_filtered_100steps/generated_images/final/negative/gen_1125.png,gen_1125.png,149.95600000000002,56.0,10.0,0.5001869201660156,0.9389190137354047,0.5448226928710938,167.27693912702526,24.519783699208176,6.9211994457045005,525.2720947265625,0.0,0.0,False,,-28.884326655881836,False,
negative,/mnt/MammoDiffusion/MammoDiffusion/experiments/diffusers/02_sd21_filtered_100steps/generated_images/final/negative/gen_1126.png,gen_1126.png,169.8956,156.0,1.0,0.0979156494140625,0.7738429172510519,0.07654953002929688,200.223301938506,17.62262617792153,6.518582215482654,690.9273681640625,0.0,0.0,True,too_empty,,False,
negative,/mnt/MammoDiffusion/MammoDiffusion/experiments/diffusers/02_sd21_filtered_100steps/generated_images/final/negative/gen_1127.png,gen_1127.png,220.0,225.0,22.0,0.2740325927734375,0.8953310317946434,0.23586273193359375,247.35681707908782,2.64461987031585,6.636259911870361,1367.9942626953125,0.0,0.0,True,low_contrast,,False,
negative,/mnt/MammoDiffusion/MammoDiffusion/experiments/diffusers/02_sd21_filtered_100steps/generated_images/final/negative/gen_1128.png,gen_1128.png,121.8956,108.0,1.0,0.4467582702636719,0.9979336549545319,0.4397926330566406,171.25960846221236,27.526842677511517,5.653854897746156,229.2200164794922,0.0,0.0,False,,-5.010702604902593,True,135.0
negative,/mnt/MammoDiffusion/MammoDiffusion/experiments/diffusers/02_sd21_filtered_100steps/generated_images/final/negative/gen_1129.png,gen_1129.png,98.8956,85.0,1.0,0.4945945739746094,0.99778643322664,0.4877662658691406,158.97312790834084,29.304762237590154,5.7579800181981895,388.0674743652344,0.0,0.0,False,,-4.956101294592113,True,128.0
negative,/mnt/MammoDiffusion/MammoDiffusion/experiments/diffusers/02_sd21_filtered_100steps/generated_images/final/negative/gen_1130.png,gen_1130.png,146.6868,115.0,3.0,0.22568893432617188,0.7272112637966297,0.15832901000976562,177.2589085652331,23.87352016166112,6.28256370429683,566.2496337890625,0.0,0.0,True,fragmented_mask,,False,
negative,/mnt/MammoDiffusion/MammoDiffusion/experiments/diffusers/02_sd21_filtered_100steps/generated_images/final/negative/gen_1131.png,gen_1131.png,82.6868,51.0,3.0,0.42876434326171875,0.9964768056371109,0.4242401123046875,168.54911340502824,27.620671138564184,6.159333865935803,501.1513977050781,0.0,0.0,False,,-5.472676364564943,True,258.0
negative,/mnt/MammoDiffusion/MammoDiffusion/experiments/diffusers/02_sd21_filtered_100steps/generated_images/final/negative/gen_1132.png,gen_1132.png,114.8956,101.0,1.0,0.440582275390625,1.0,0.4348411560058594,179.95648779289593,17.955884512538923,5.294918975942396,167.2804412841797,0.0,0.0,False,,-5.571112938610204,True,296.0
negative,/mnt/MammoDiffusion/MammoDiffusion/experiments/diffusers/02_sd21_filtered_100steps/generated_images/final/negative/gen_1133.png,gen_1133.png,98.8956,85.0,1.0,0.3964385986328125,0.9999807551672376,0.39102935791015625,166.6758043431604,30.222713451081194,5.522245575537731,243.27505493164062,0.0,0.0,False,,-4.466108784789027,True,49.0
negative,/mnt/MammoDiffusion/MammoDiffusion/experiments/diffusers/02_sd21_filtered_100steps/generated_images/final/negative/gen_1134.png,gen_1134.png,127.0,122.0,0.0,0.3080635070800781,0.9914310833735775,0.3020286560058594,171.3913230186296,29.002349923608392,3.9961654844502386,204.15223693847656,0.0,0.0,False,,-6.23352504766515,True,556.0
negative,/mnt/MammoDiffusion/MammoDiffusion/experiments/diffusers/02_sd21_filtered_100steps/generated_images/final/negative/gen_1135.png,gen_1135.png,220.0,81.0,72.0,0.13834381103515625,0.5912149120388243,0.079864501953125,254.02512418800154,4.80353797792068,7.0920429662808715,1201.50927734375,0.0,0.0,True,too_empty,,False,
negative,/mnt/MammoDiffusion/MammoDiffusion/experiments/diffusers/02_sd21_filtered_100steps/generated_images/final/negative/gen_1136.png,gen_1136.png,14.8956,1.0,1.0,0.8287391662597656,0.9986236990734134,0.8211288452148438,168.6379486560064,20.408481217124294,6.040825775562998,542.1751708984375,0.0,0.0,False,,-7.572680381247903,True,1221.0
negative,/mnt/MammoDiffusion/MammoDiffusion/experiments/diffusers/02_sd21_filtered_100steps/generated_images/final/negative/gen_1137.png,gen_1137.png,106.6868,75.0,3.0,0.8153495788574219,0.9966454414028324,0.7993087768554688,162.69909895291457,25.40224466926729,6.782833014190009,290.4329528808594,0.0,0.0,False,,-8.765361077958534,False,
negative,/mnt/MammoDiffusion/MammoDiffusion/experiments/diffusers/02_sd21_filtered_100steps/generated_images/final/negative/gen_1138.png,gen_1138.png,148.8956,135.0,1.0,0.19950485229492188,0.5010994474081722,0.09421920776367188,196.837807198672,27.084009205122832,6.00195113775357,358.7269592285156,0.0,0.0,True,too_empty,,False,
negative,/mnt/MammoDiffusion/MammoDiffusion/experiments/diffusers/02_sd21_filtered_100steps/generated_images/final/negative/gen_1139.png,gen_1139.png,117.47800000000001,68.0,5.0,0.5109939575195312,0.9586798453200353,0.5019493103027344,153.26792974776376,31.910809908332666,7.18711370872068,758.532470703125,0.0,0.0,False,,-20.54310574182696,False,
negative,/mnt/MammoDiffusion/MammoDiffusion/experiments/diffusers/02_sd21_filtered_100steps/generated_images/final/negative/gen_1140.png,gen_1140.png,10.0,0.0,0.0,0.8005409240722656,0.9931334194237028,0.7882804870605469,153.30777234167138,22.881671440103524,5.873277655803808,585.5006713867188,0.0,0.0,False,,-8.83222980811173,False,
negative,/mnt/MammoDiffusion/MammoDiffusion/experiments/diffusers/02_sd21_filtered_100steps/generated_images/final/negative/gen_1141.png,gen_1141.png,56.7912,34.0,2.0,0.5714035034179688,1.0,0.5665245056152344,169.51444674131884,24.0993493896931,6.185362479230978,251.76742553710938,0.0,0.0,False,,-6.587849490162079,True,705.0
negative,/mnt/MammoDiffusion/MammoDiffusion/experiments/diffusers/02_sd21_filtered_100steps/generated_images/final/negative/gen_1142.png,gen_1142.png,10.0,0.0,0.0,0.8778266906738281,0.9982096064176049,0.8683090209960938,154.05259597051253,20.983975508191786,5.699055914533472,251.7965545654297,0.0,0.0,False,,-7.857230079789868,True,1352.0
negative,/mnt/MammoDiffusion/MammoDiffusion/experiments/diffusers/02_sd21_filtered_100steps/generated_images/final/negative/gen_1143.png,gen_1143.png,105.8956,92.0,1.0,0.2076416015625,0.6800227807172252,0.14886093139648438,161.93306511544475,44.89343293266574,5.4936120884455555,700.1700439453125,0.0,0.0,True,fragmented_mask,,False,
negative,/mnt/MammoDiffusion/MammoDiffusion/experiments/diffusers/02_sd21_filtered_100steps/generated_images/final/negative/gen_1144.png,gen_1144.png,32.7912,10.0,2.0,0.565673828125,0.9981050388433319,0.5453300476074219,109.75779091322444,55.25947141697442,6.660571776115453,1769.0111083984375,0.0,0.0,False,,-6.4784123207213105,True,663.0
negative,/mnt/MammoDiffusion/MammoDiffusion/experiments/diffusers/02_sd21_filtered_100steps/generated_images/final/negative/gen_1145.png,gen_1145.png,148.0,132.0,3.0,0.048709869384765625,0.6334090375127261,0.03040313720703125,158.70928481806774,8.606258212312515,4.587644942587284,53.80138397216797,0.0,0.0,True,too_empty,,False,
negative,/mnt/MammoDiffusion/MammoDiffusion/experiments/diffusers/02_sd21_filtered_100steps/generated_images/final/negative/gen_1146.png,gen_1146.png,139.478,90.0,5.0,0.3852348327636719,0.821937477101013,0.34362030029296875,163.61047092519817,28.376507999035297,6.829842487208248,671.5916137695312,0.0,0.0,False,,-71.94146166576233,False,
negative,/mnt/MammoDiffusion/MammoDiffusion/experiments/diffusers/02_sd21_filtered_100steps/generated_images/final/negative/gen_1147.png,gen_1147.png,147.478,98.0,5.0,0.17277908325195312,0.6892235003201378,0.11779403686523438,202.32115677321156,26.005384038171147,7.031692683023192,950.4122924804688,0.0,0.0,True,fragmented_mask,,False,
negative,/mnt/MammoDiffusion/MammoDiffusion/experiments/diffusers/02_sd21_filtered_100steps/generated_images/final/negative/gen_1148.png,gen_1148.png,120.0,115.0,0.0,0.3381614685058594,0.9913138628492786,0.3340263366699219,154.38038897707935,24.09725705853404,4.281192802103119,104.79862213134766,0.0,0.0,False,,-6.400060310919253,True,621.0
negative,/mnt/MammoDiffusion/MammoDiffusion/experiments/diffusers/02_sd21_filtered_100steps/generated_images/final/negative/gen_1149.png,gen_1149.png,154.7912,132.0,2.0,0.22379684448242188,0.8989551195731842,0.21476364135742188,178.75008437094797,19.230296133119502,5.693855479495494,174.21502685546875,0.0,0.0,False,,-44.04443040997643,False,
negative,/mnt/MammoDiffusion/MammoDiffusion/experiments/diffusers/02_sd21_filtered_100steps/generated_images/final/negative/gen_1150.png,gen_1150.png,220.0,195.0,59.0,0.16736221313476562,0.4389715770519454,0.06893539428710938,254.3195727961928,4.449704586123412,6.881752233629559,1400.394287109375,0.0,0.0,True,too_empty,,False,
negative,/mnt/MammoDiffusion/MammoDiffusion/experiments/diffusers/02_sd21_filtered_100steps/generated_images/final/negative/gen_1151.png,gen_1151.png,140.8956,127.0,1.0,0.2883033752441406,0.975283485716554,0.2730827331542969,169.37603196111027,24.151684173224567,4.770008137833933,165.99452209472656,0.0,0.0,False,,-13.487454966788901,False,
negative,/mnt/MammoDiffusion/MammoDiffusion/experiments/diffusers/02_sd21_filtered_100steps/generated_images/final/negative/gen_1152.png,gen_1152.png,106.6868,75.0,3.0,0.4252433776855469,0.9889571652836959,0.44762420654296875,149.50730343781424,38.41313262854878,6.839248241279854,801.0158081054688,0.0,0.0,False,,-8.033675936384387,False,
negative,/mnt/MammoDiffusion/MammoDiffusion/experiments/diffusers/02_sd21_filtered_100steps/generated_images/final/negative/gen_1153.png,gen_1153.png,86.7912,64.0,2.0,0.31288909912109375,0.953122333032601,0.3496589660644531,140.94180731172472,52.95105065949197,5.942738461553416,1032.25830078125,0.0,0.0,False,,-21.553333865004916,False,
negative,/mnt/MammoDiffusion/MammoDiffusion/experiments/diffusers/02_sd21_filtered_100steps/generated_images/final/negative/gen_1154.png,gen_1154.png,82.8956,69.0,1.0,0.7344169616699219,0.9897103203253638,0.7217140197753906,136.2784828191318,26.858189576286573,6.187224227503534,204.7133331298828,0.0,0.0,False,,-9.939735561508622,False,
negative,/mnt/MammoDiffusion/MammoDiffusion/experiments/diffusers/02_sd21_filtered_100steps/generated_images/final/negative/gen_1155.png,gen_1155.png,121.7912,99.0,2.0,0.3176612854003906,0.9743254115979969,0.34523773193359375,157.07032993745995,35.876264508830914,5.7774780792305895,424.697265625,0.0,0.0,False,,-13.026111750727432,False,
negative,/mnt/MammoDiffusion/MammoDiffusion/experiments/diffusers/02_sd21_filtered_100steps/generated_images/final/negative/gen_1156.png,gen_1156.png,99.8956,86.0,1.0,0.5675315856933594,0.9978356578726264,0.5605506896972656,171.98835618768928,21.4744389125343,5.961025983903891,234.31126403808594,0.0,0.0,False,,-6.454996962321237,True,649.0
negative,/mnt/MammoDiffusion/MammoDiffusion/experiments/diffusers/02_sd21_filtered_100steps/generated_images/final/negative/gen_1157.png,gen_1157.png,144.8956,131.0,1.0,0.3832130432128906,0.9326577540639278,0.3904991149902344,171.8350835718542,27.910915678510346,5.779773616421746,303.732177734375,0.0,0.0,False,,-29.443600517701217,False,
negative,/mnt/MammoDiffusion/MammoDiffusion/experiments/diffusers/02_sd21_filtered_100steps/generated_images/final/negative/gen_1158.png,gen_1158.png,220.0,113.0,103.0,0.18557357788085938,0.5818652743231854,0.10477447509765625,253.53218524721473,6.711991376095273,6.852532885495078,1341.1513671875,0.0,0.0,True,too_empty,,False,
negative,/mnt/MammoDiffusion/MammoDiffusion/experiments/diffusers/02_sd21_filtered_100steps/generated_images/final/negative/gen_1159.png,gen_1159.png,122.7912,100.0,2.0,0.5337333679199219,0.9962048386520388,0.5339584350585938,168.78784631431552,29.79050378550192,6.522122673822112,490.8925476074219,0.0,0.0,False,,-6.524919670911297,True,682.0
negative,/mnt/MammoDiffusion/MammoDiffusion/experiments/diffusers/02_sd21_filtered_100steps/generated_images/final/negative/gen_1160.png,gen_1160.png,43.8956,30.0,1.0,0.7285995483398438,0.998219876647923,0.7239913940429688,110.8721060119079,46.56508773422894,6.903036541635267,989.2989501953125,0.0,0.0,False,,-6.362995755559595,True,600.0
negative,/mnt/MammoDiffusion/MammoDiffusion/experiments/diffusers/02_sd21_filtered_100steps/generated_images/final/negative/gen_1161.png,gen_1161.png,145.5824,105.0,4.0,0.20825958251953125,0.5988570172546434,0.12563705444335938,200.5614999240929,26.26132708364975,6.61990933951137,623.3281860351562,0.0,0.0,True,fragmented_mask,,False,
negative,/mnt/MammoDiffusion/MammoDiffusion/experiments/diffusers/02_sd21_filtered_100steps/generated_images/final/negative/gen_1162.png,gen_1162.png,220.0,255.0,0.0,0.18149185180664062,0.471824621140467,0.08197784423828125,254.84169381107492,1.5192489502965119,6.958045577258282,1174.309326171875,0.0,0.0,True,too_empty,,False,
negative,/mnt/MammoDiffusion/MammoDiffusion/experiments/diffusers/02_sd21_filtered_100steps/generated_images/final/negative/gen_1163.png,gen_1163.png,75.7912,53.0,2.0,0.6575660705566406,0.9991994291581824,0.6513595581054688,162.4813411420205,25.490044340592643,6.24866750476197,305.9304504394531,0.0,0.0,False,,-6.6401203483742135,True,731.0
negative,/mnt/MammoDiffusion/MammoDiffusion/experiments/diffusers/02_sd21_filtered_100steps/generated_images/final/negative/gen_1164.png,gen_1164.png,79.7912,57.0,2.0,0.6082992553710938,0.9983318909834318,0.601348876953125,168.9435232174575,20.98298663585328,6.274278693558888,272.48870849609375,0.0,0.0,False,,-6.72960914444836,True,775.0
negative,/mnt/MammoDiffusion/MammoDiffusion/experiments/diffusers/02_sd21_filtered_100steps/generated_images/final/negative/gen_1165.png,gen_1165.png,89.6868,58.0,3.0,0.5474624633789062,1.0,0.5416069030761719,169.26785651399152,22.345616401381573,6.450754842832653,431.6361389160156,0.0,0.0,False,,-6.4954859281029265,True,673.0
negative,/mnt/MammoDiffusion/MammoDiffusion/experiments/diffusers/02_sd21_filtered_100steps/generated_images/final/negative/gen_1166.png,gen_1166.png,112.7912,90.0,2.0,0.4424591064453125,0.9476756216160293,0.4420928955078125,151.39414282262797,34.82586572975477,6.294730710101081,652.5910034179688,0.0,0.0,False,,-23.334927591206164,False,
negative,/mnt/MammoDiffusion/MammoDiffusion/experiments/diffusers/02_sd21_filtered_100steps/generated_images/final/negative/gen_1167.png,gen_1167.png,83.8956,70.0,1.0,0.2802772521972656,0.9797476624065984,0.3143806457519531,136.79883028163033,49.92997387330127,4.851683076034536,690.2034301757812,0.0,0.0,False,,-10.082000939582379,False,
negative,/mnt/MammoDiffusion/MammoDiffusion/experiments/diffusers/02_sd21_filtered_100steps/generated_images/final/negative/gen_1168.png,gen_1168.png,173.2692,106.0,7.0,0.12187957763671875,0.9179029733959312,0.10881423950195312,197.52588957055215,11.618595706426095,6.407122387123043,168.8904266357422,0.0,0.0,True,too_empty,,False,
negative,/mnt/MammoDiffusion/MammoDiffusion/experiments/diffusers/02_sd21_filtered_100steps/generated_images/final/negative/gen_1169.png,gen_1169.png,10.0,0.0,0.0,0.8955650329589844,0.9989223357626924,0.8885040283203125,95.357377767092,54.103294673208794,7.258380702757856,1478.7269287109375,0.0,0.0,False,,-8.404691364867572,False,
negative,/mnt/MammoDiffusion/MammoDiffusion/experiments/diffusers/02_sd21_filtered_100steps/generated_images/final/negative/gen_1170.png,gen_1170.png,146.8956,133.0,1.0,0.11077499389648438,0.7793312441888495,0.08449554443359375,198.80857787810385,20.28273334125526,4.553036119293262,491.7916564941406,0.0,0.0,True,too_empty,,False,
negative,/mnt/MammoDiffusion/MammoDiffusion/experiments/diffusers/02_sd21_filtered_100steps/generated_images/final/negative/gen_1171.png,gen_1171.png,149.7912,127.0,2.0,0.15151596069335938,0.4116669603967874,0.07595062255859375,170.0665996986439,19.940879077984313,4.917636417047234,141.1750030517578,0.0,0.0,True,too_empty,,False,
negative,/mnt/MammoDiffusion/MammoDiffusion/experiments/diffusers/02_sd21_filtered_100steps/generated_images/final/negative/gen_1172.png,gen_1172.png,29.7912,7.0,2.0,0.8894538879394531,0.9992065704543992,0.8800506591796875,128.3951972258344,28.228730371245163,6.419325351887579,247.3155517578125,0.0,0.0,False,,-7.662764652769346,True,1264.0
negative,/mnt/MammoDiffusion/MammoDiffusion/experiments/diffusers/02_sd21_filtered_100steps/generated_images/final/negative/gen_1173.png,gen_1173.png,52.8956,39.0,1.0,0.7154579162597656,0.9981338608286724,0.7081413269042969,157.7483556441404,30.077662172560796,6.719083365925365,360.2430114746094,0.0,0.0,False,,-7.099779767477368,True,953.0
negative,/mnt/MammoDiffusion/MammoDiffusion/experiments/diffusers/02_sd21_filtered_100steps/generated_images/final/negative/gen_1174.png,gen_1174.png,76.7912,54.0,2.0,0.5501289367675781,0.9918523295403328,0.558197021484375,133.88225083374337,43.19642123344276,6.806648876146744,1129.1768798828125,0.0,0.0,False,,-7.987022234552675,False,
negative,/mnt/MammoDiffusion/MammoDiffusion/experiments/diffusers/02_sd21_filtered_100steps/generated_images/final/negative/gen_1175.png,gen_1175.png,60.6868,29.0,3.0,0.6798477172851562,0.998978778798999,0.674285888671875,172.69734102738175,22.96845347187276,6.607710981121235,593.8229370117188,0.0,0.0,False,,-6.948162620503783,True,879.0
negative,/mnt/MammoDiffusion/MammoDiffusion/experiments/diffusers/02_sd21_filtered_100steps/generated_images/final/negative/gen_1176.png,gen_1176.png,134.6868,103.0,3.0,0.29395294189453125,0.7442056632666303,0.2432861328125,178.40755143000501,37.78006119315643,6.56164580053276,1049.439453125,0.0,0.0,True,fragmented_mask,,False,
negative,/mnt/MammoDiffusion/MammoDiffusion/experiments/diffusers/02_sd21_filtered_100steps/generated_images/final/negative/gen_1177.png,gen_1177.png,220.0,87.0,15.0,0.061847686767578125,0.5644236106827855,0.035671234130859375,230.3286279542295,7.5593196577481505,6.937341941160407,989.7806396484375,0.0,0.0,True,too_empty,,False,
negative,/mnt/MammoDiffusion/MammoDiffusion/experiments/diffusers/02_sd21_filtered_100steps/generated_images/final/negative/gen_1178.png,gen_1178.png,75.7912,53.0,2.0,0.7645339965820312,1.0,0.7583122253417969,157.64603319130526,24.833487990821652,6.701923326129515,398.4646911621094,0.0,0.0,False,,-7.877246036881668,True,1360.0
negative,/mnt/MammoDiffusion/MammoDiffusion/experiments/diffusers/02_sd21_filtered_100steps/generated_images/final/negative/gen_1179.png,gen_1179.png,69.8956,56.0,1.0,0.687835693359375,0.9988630817693775,0.69183349609375,127.17956550507279,43.44820486139788,6.799976415557039,1058.4949951171875,0.0,0.0,False,,-6.0943191774528,True,492.0
negative,/mnt/MammoDiffusion/MammoDiffusion/experiments/diffusers/02_sd21_filtered_100steps/generated_images/final/negative/gen_1180.png,gen_1180.png,14.0,9.0,0.0,0.8204612731933594,0.9980239818857257,0.8112297058105469,152.35657084816538,24.768259455261624,6.046093754899161,227.34556579589844,0.0,0.0,False,,-7.6351127565271515,True,1246.0
negative,/mnt/MammoDiffusion/MammoDiffusion/experiments/diffusers/02_sd21_filtered_100steps/generated_images/final/negative/gen_1181.png,gen_1181.png,10.0,0.0,0.0,0.9054412841796875,0.9998988860614436,0.8986282348632812,84.85819077132062,54.88359850228898,7.118868380349852,1295.01025390625,0.0,0.0,False,,-8.415860568029766,False,
negative,/mnt/MammoDiffusion/MammoDiffusion/experiments/diffusers/02_sd21_filtered_100steps/generated_images/final/negative/gen_1182.png,gen_1182.png,94.8956,81.0,1.0,0.34100341796875,0.9761723644173975,0.384552001953125,140.99774819458773,45.657883817175836,5.723442996362769,650.6692504882812,0.0,0.0,False,,-11.59931837974936,False,
negative,/mnt/MammoDiffusion/MammoDiffusion/experiments/diffusers/02_sd21_filtered_100steps/generated_images/final/negative/gen_1183.png,gen_1183.png,64.8956,51.0,1.0,0.7708549499511719,0.999297290609922,0.7646751403808594,133.56910528547553,38.619729380054,6.981502914950733,929.8130493164062,0.0,0.0,False,,-6.649547730098119,True,736.0
negative,/mnt/MammoDiffusion/MammoDiffusion/experiments/diffusers/02_sd21_filtered_100steps/generated_images/final/negative/gen_1184.png,gen_1184.png,95.8956,82.0,1.0,0.40418243408203125,1.0,0.39837646484375,168.25378236555844,24.85331700193353,5.2681310966517465,212.80206298828125,0.0,0.0,False,,-4.664968452620914,True,79.0
negative,/mnt/MammoDiffusion/MammoDiffusion/experiments/diffusers/02_sd21_filtered_100steps/generated_images/final/negative/gen_1185.png,gen_1185.png,53.6868,22.0,3.0,0.6816329956054688,1.0,0.6756172180175781,165.0534642508286,21.958403415100165,6.5026639652883205,391.2733154296875,0.0,0.0,False,,-7.4446289061357245,True,1143.0
negative,/mnt/MammoDiffusion/MammoDiffusion/experiments/diffusers/02_sd21_filtered_100steps/generated_images/final/negative/gen_1186.png,gen_1186.png,119.3736,61.0,6.0,0.6266670227050781,0.9899194652933764,0.6134757995605469,158.2421604412414,22.615986994147807,6.773293676702528,295.8442077636719,0.0,0.0,False,,-10.119035095473501,False,
negative,/mnt/MammoDiffusion/MammoDiffusion/experiments/diffusers/02_sd21_filtered_100steps/generated_images/final/negative/gen_1187.png,gen_1187.png,174.6868,143.0,3.0,0.10319137573242188,0.7899153450889062,0.08081436157226562,208.86712296436158,19.333956807189384,5.910421618406139,635.7112426757812,0.0,0.0,True,too_empty,,False,
negative,/mnt/MammoDiffusion/MammoDiffusion/experiments/diffusers/02_sd21_filtered_100steps/generated_images/final/negative/gen_1188.png,gen_1188.png,198.0,173.0,5.0,0.049900054931640625,0.93310908951915,0.0476226806640625,211.60725728933033,10.45634255017312,6.908967399943962,548.5635375976562,0.0,0.0,True,too_empty,,False,
negative,/mnt/MammoDiffusion/MammoDiffusion/experiments/diffusers/02_sd21_filtered_100steps/generated_images/final/negative/gen_1189.png,gen_1189.png,38.7912,16.0,2.0,0.6098670959472656,0.9989429109355551,0.6109428405761719,114.597970715869,54.69282569708979,6.999390319959293,1774.2236328125,0.0,0.0,False,,-7.081390061822664,True,941.0
negative,/mnt/MammoDiffusion/MammoDiffusion/experiments/diffusers/02_sd21_filtered_100steps/generated_images/final/negative/gen_1190.png,gen_1190.png,194.8956,181.0,1.0,0.0594024658203125,0.7513485743642435,0.0456390380859375,213.3379304580408,12.260861106589141,4.666731815702755,1046.5126953125,0.0,0.0,True,too_empty,,False,
negative,/mnt/MammoDiffusion/MammoDiffusion/experiments/diffusers/02_sd21_filtered_100steps/generated_images/final/negative/gen_1191.png,gen_1191.png,167.0,112.0,8.0,0.04970550537109375,0.4204144282425173,0.022182464599609375,182.64402407566638,11.53374151943252,4.775016785088835,499.1748046875,0.0,0.0,True,too_empty,,False,
negative,/mnt/MammoDiffusion/MammoDiffusion/experiments/diffusers/02_sd21_filtered_100steps/generated_images/final/negative/gen_1192.png,gen_1192.png,201.0,85.0,13.0,0.0488433837890625,0.8999531396438613,0.042774200439453125,214.2543476322126,8.438976264439374,7.0534811305941965,441.5060119628906,0.0,0.0,True,too_empty,,False,
negative,/mnt/MammoDiffusion/MammoDiffusion/experiments/diffusers/02_sd21_filtered_100steps/generated_images/final/negative/gen_1193.png,gen_1193.png,132.8956,119.0,1.0,0.20322418212890625,0.8796974133723767,0.20581817626953125,167.0827371464581,32.297080858586945,4.81616578814551,207.08139038085938,0.0,0.0,False,,-49.71725646961624,False,
negative,/mnt/MammoDiffusion/MammoDiffusion/experiments/diffusers/02_sd21_filtered_100steps/generated_images/final/negative/gen_1194.png,gen_1194.png,68.6868,37.0,3.0,0.5878868103027344,0.996372744320652,0.6195564270019531,127.62163743050125,48.969245929056555,7.184183908117303,1495.582275390625,0.0,0.0,False,,-7.6927418688032345,True,1277.0
negative,/mnt/MammoDiffusion/MammoDiffusion/experiments/diffusers/02_sd21_filtered_100steps/generated_images/final/negative/gen_1195.png,gen_1195.png,44.7912,22.0,2.0,0.4085044860839844,0.9996825011439296,0.4051475524902344,119.56936925061437,50.85527718058553,6.2471838764238194,893.147216796875,0.0,0.0,False,,-4.046711508819168,True,17.0
negative,/mnt/MammoDiffusion/MammoDiffusion/experiments/diffusers/02_sd21_filtered_100steps/generated_images/final/negative/gen_1196.png,gen_1196.png,18.8956,5.0,1.0,0.8160247802734375,0.9985274593765777,0.8074874877929688,156.25702718279652,19.689817638828828,5.977048753459395,250.65481567382812,0.0,0.0,False,,-7.671194773845638,True,1266.0
negative,/mnt/MammoDiffusion/MammoDiffusion/experiments/diffusers/02_sd21_filtered_100steps/generated_images/final/negative/gen_1197.png,gen_1197.png,195.0,89.0,18.0,0.04889678955078125,0.7800748946793572,0.038970947265625,209.9696554424432,11.278989418775279,6.771373153797354,1080.4771728515625,0.0,0.0,True,too_empty,,False,
negative,/mnt/MammoDiffusion/MammoDiffusion/experiments/diffusers/02_sd21_filtered_100steps/generated_images/final/negative/gen_1198.png,gen_1198.png,90.8956,77.0,1.0,0.4528656005859375,0.9999915765355976,0.4472808837890625,176.1178999078907,21.18220373461404,5.059507891235034,215.58248901367188,0.0,0.0,False,,-5.147417465805215,True,180.0
negative,/mnt/MammoDiffusion/MammoDiffusion/experiments/diffusers/02_sd21_filtered_100steps/generated_images/final/negative/gen_1199.png,gen_1199.png,43.7912,21.0,2.0,0.6932907104492188,0.9984593544695227,0.6881065368652344,148.54883220702615,35.15159468141704,6.807222938506535,1195.0382080078125,0.0,0.0,False,,-6.706563927818222,True,760.0
negative,/mnt/MammoDiffusion/MammoDiffusion/experiments/diffusers/02_sd21_filtered_100steps/generated_images/final/negative/gen_1200.png,gen_1200.png,220.0,204.0,49.0,0.19330978393554688,0.48889985199802666,0.09212493896484375,252.71171842650102,10.132772779973479,6.664163442759148,1500.156005859375,0.0,0.0,True,too_empty,,False,
negative,/mnt/MammoDiffusion/MammoDiffusion/experiments/diffusers/02_sd21_filtered_100steps/generated_images/final/negative/gen_1201.png,gen_1201.png,159.95600000000002,66.0,10.0,0.14526748657226562,0.8096951235524277,0.11385345458984375,192.75685183944248,20.715487533935573,7.131519913120973,762.7218017578125,0.0,0.0,False,,-79.38313031951377,False,
negative,/mnt/MammoDiffusion/MammoDiffusion/experiments/diffusers/02_sd21_filtered_100steps/generated_images/final/negative/gen_1202.png,gen_1202.png,75.8956,62.0,1.0,0.62091064453125,0.9985992332645237,0.6141014099121094,156.64335364603716,26.631709806457796,5.610369549411459,323.65185546875,0.0,0.0,False,,-5.564140321349863,True,293.0
negative,/mnt/MammoDiffusion/MammoDiffusion/experiments/diffusers/02_sd21_filtered_100steps/generated_images/final/negative/gen_1203.png,gen_1203.png,24.7912,2.0,2.0,0.4665031433105469,0.9840707819872272,0.45792388916015625,105.73455957081688,56.60875409793543,6.1168696930658655,1568.048828125,0.0,0.0,False,,-10.488205278728092,False,
negative,/mnt/MammoDiffusion/MammoDiffusion/experiments/diffusers/02_sd21_filtered_100steps/generated_images/final/negative/gen_1204.png,gen_1204.png,187.5824,147.0,4.0,0.07345962524414062,0.8608817572830659,0.06605911254882812,206.71698331119708,13.92769160197048,6.28095503898925,836.371826171875,0.0,0.0,True,too_empty,,False,
negative,/mnt/MammoDiffusion/MammoDiffusion/experiments/diffusers/02_sd21_filtered_100steps/generated_images/final/negative/gen_1205.png,gen_1205.png,96.8956,83.0,1.0,0.28357696533203125,0.8313782991202346,0.24863052368164062,154.91799254338187,47.49900939485212,5.4176363341467875,852.3816528320312,0.0,0.0,False,,-67.69960305751074,False,
negative,/mnt/MammoDiffusion/MammoDiffusion/experiments/diffusers/02_sd21_filtered_100steps/generated_images/final/negative/gen_1206.png,gen_1206.png,220.0,35.0,30.0,0.16919326782226562,0.6483665141027665,0.1078948974609375,251.01442511667375,23.776028628749724,6.759983763127086,1526.8751220703125,0.0,0.0,True,too_empty,,False,
negative,/mnt/MammoDiffusion/MammoDiffusion/experiments/diffusers/02_sd21_filtered_100steps/generated_images/final/negative/gen_1207.png,gen_1207.png,21.8956,8.0,1.0,0.8007583618164062,0.9984469830502015,0.7929496765136719,143.39133195745356,27.375598115209755,6.474358917489826,338.21527099609375,0.0,0.0,False,,-7.268670767742439,True,1053.0
negative,/mnt/MammoDiffusion/MammoDiffusion/experiments/diffusers/02_sd21_filtered_100steps/generated_images/final/negative/gen_1208.png,gen_1208.png,123.8956,110.0,1.0,0.5473136901855469,0.9711796480223035,0.5418548583984375,152.65859874405115,25.73066197713707,6.231270534877115,517.708740234375,0.0,0.0,False,,-15.726981932775562,False,
negative,/mnt/MammoDiffusion/MammoDiffusion/experiments/diffusers/02_sd21_filtered_100steps/generated_images/final/negative/gen_1209.png,gen_1209.png,80.7912,58.0,2.0,0.6752052307128906,0.9976610301636714,0.7004928588867188,130.25916244622337,42.63621341321992,7.025061759722288,1012.0945434570312,0.0,0.0,False,,-6.679363805110895,True,748.0
negative,/mnt/MammoDiffusion/MammoDiffusion/experiments/diffusers/02_sd21_filtered_100steps/generated_images/final/negative/gen_1210.png,gen_1210.png,91.7912,69.0,2.0,0.5775680541992188,1.0,0.5712928771972656,171.82206315395865,21.321475716910275,6.0698326997517515,129.33383178710938,0.0,0.0,False,,-6.874818890068241,True,837.0
negative,/mnt/MammoDiffusion/MammoDiffusion/experiments/diffusers/02_sd21_filtered_100steps/generated_images/final/negative/gen_1211.png,gen_1211.png,89.8956,76.0,1.0,0.7855262756347656,0.9994512458661331,0.7782135009765625,148.9876178898453,26.72542885884548,6.409029013443906,243.98782348632812,0.0,0.0,False,,-7.506549519960039,True,1180.0
negative,/mnt/MammoDiffusion/MammoDiffusion/experiments/diffusers/02_sd21_filtered_100steps/generated_images/final/negative/gen_1212.png,gen_1212.png,10.0,0.0,0.0,0.9107322692871094,1.0,0.9019050598144531,131.0159582792297,24.144964442055723,6.124931696851911,142.94305419921875,0.0,0.0,False,,-8.266519555877675,False,
negative,/mnt/MammoDiffusion/MammoDiffusion/experiments/diffusers/02_sd21_filtered_100steps/generated_images/final/negative/gen_1213.png,gen_1213.png,184.5824,144.0,4.0,0.1138153076171875,0.7922643786030299,0.08744430541992188,210.54246826331632,11.622055427762906,5.787890720613118,241.66917419433594,0.0,0.0,True,too_empty,,False,
negative,/mnt/MammoDiffusion/MammoDiffusion/experiments/diffusers/02_sd21_filtered_100steps/generated_images/final/negative/gen_1214.png,gen_1214.png,15.8956,2.0,1.0,0.7472457885742188,0.9984531819527684,0.7392921447753906,152.75839133956998,22.179811310819613,6.082317330262255,239.79171752929688,0.0,0.0,False,,-7.146994180357684,True,978.0
negative,/mnt/MammoDiffusion/MammoDiffusion/experiments/diffusers/02_sd21_filtered_100steps/generated_images/final/negative/gen_1215.png,gen_1215.png,123.5824,83.0,4.0,0.4070396423339844,0.7658453839161036,0.34725189208984375,157.3087333845985,35.26733441926237,7.167313129762871,818.2631225585938,0.0,0.0,False,,-93.1437713515239,False,
negative,/mnt/MammoDiffusion/MammoDiffusion/experiments/diffusers/02_sd21_filtered_100steps/generated_images/final/negative/gen_1216.png,gen_1216.png,115.8956,102.0,1.0,0.4068450927734375,0.9951243295953194,0.4010658264160156,170.46086534711853,24.989970353793634,5.215197920782667,187.88119506835938,0.0,0.0,False,,-5.621164674462008,True,314.0
negative,/mnt/MammoDiffusion/MammoDiffusion/experiments/diffusers/02_sd21_filtered_100steps/generated_images/final/negative/gen_1217.png,gen_1217.png,197.8956,184.0,1.0,0.058322906494140625,0.8131990319837792,0.049488067626953125,218.92299391042934,15.437668103154559,5.529840135147073,928.2066040039062,0.0,0.0,True,too_empty,,False,
negative,/mnt/MammoDiffusion/MammoDiffusion/experiments/diffusers/02_sd21_filtered_100steps/generated_images/final/negative/gen_1218.png,gen_1218.png,115.8956,102.0,1.0,0.4793243408203125,0.999944290580333,0.4735870361328125,165.13782743177498,22.78189512714916,5.622432287100683,198.96986389160156,0.0,0.0,False,,-5.526655366789093,True,275.0
negative,/mnt/MammoDiffusion/MammoDiffusion/experiments/diffusers/02_sd21_filtered_100steps/generated_images/final/negative/gen_1219.png,gen_1219.png,121.8956,108.0,1.0,0.20285415649414062,0.7784756567689038,0.17118072509765625,173.45478450773277,40.92232778449933,5.478158369639536,652.856201171875,0.0,0.0,False,,-88.16023077057248,False,
negative,/mnt/MammoDiffusion/MammoDiffusion/experiments/diffusers/02_sd21_filtered_100steps/generated_images/final/negative/gen_1220.png,gen_1220.png,26.0,21.0,0.0,0.8074417114257812,0.9839227840087685,0.7894096374511719,135.91045187229088,36.77520108839139,6.722688965606482,987.1832885742188,0.0,0.0,False,,-12.24934098463106,False,
negative,/mnt/MammoDiffusion/MammoDiffusion/experiments/diffusers/02_sd21_filtered_100steps/generated_images/final/negative/gen_1221.png,gen_1221.png,25.7912,3.0,2.0,0.6447105407714844,1.0,0.6384429931640625,160.7851330035133,22.573388643693374,6.147997185497598,193.48312377929688,0.0,0.0,False,,-7.047859344748474,True,924.0
negative,/mnt/MammoDiffusion/MammoDiffusion/experiments/diffusers/02_sd21_filtered_100steps/generated_images/final/negative/gen_1222.png,gen_1222.png,10.0,0.0,0.0,0.8178939819335938,0.9986894023488149,0.8125381469726562,87.89240946094402,52.03407976128953,6.775516962347339,1399.3662109375,0.0,0.0,False,,-7.109526540523113,True,961.0
negative,/mnt/MammoDiffusion/MammoDiffusion/experiments/diffusers/02_sd21_filtered_100steps/generated_images/final/negative/gen_1223.png,gen_1223.png,10.0,0.0,0.0,0.8413887023925781,0.9989028177634711,0.835205078125,113.34726231365097,49.714696574721444,6.934817457635486,1283.03125,0.0,0.0,False,,-7.583749749656736,True,1226.0
negative,/mnt/MammoDiffusion/MammoDiffusion/experiments/diffusers/02_sd21_filtered_100steps/generated_images/final/negative/gen_1224.png,gen_1224.png,25.8956,12.0,1.0,0.8190765380859375,0.9985562324186367,0.8112220764160156,152.06306869748,30.776222717333862,6.747846330066135,316.304443359375,0.0,0.0,False,,-7.580695189064734,True,1225.0
negative,/mnt/MammoDiffusion/MammoDiffusion/experiments/diffusers/02_sd21_filtered_100steps/generated_images/final/negative/gen_1225.png,gen_1225.png,32.8956,19.0,1.0,0.6331138610839844,1.0,0.6269569396972656,165.98308518858798,19.68838284631149,5.909113942353077,118.02903747558594,0.0,0.0,False,,-7.1148383071658,True,962.0
negative,/mnt/MammoDiffusion/MammoDiffusion/experiments/diffusers/02_sd21_filtered_100steps/generated_images/final/negative/gen_1226.png,gen_1226.png,133.8956,120.0,1.0,0.47707366943359375,0.9802657881690682,0.4755897521972656,156.22798841770071,22.947007904016864,5.394359065893559,139.88739013671875,0.0,0.0,False,,-11.83748885673374,False,
negative,/mnt/MammoDiffusion/MammoDiffusion/experiments/diffusers/02_sd21_filtered_100steps/generated_images/final/negative/gen_1227.png,gen_1227.png,65.7912,43.0,2.0,0.583221435546875,0.9975014389618544,0.5759124755859375,172.39715973822962,24.279929399902585,6.208675840467471,498.7312316894531,0.0,0.0,False,,-6.40036145824994,True,622.0
negative,/mnt/MammoDiffusion/MammoDiffusion/experiments/diffusers/02_sd21_filtered_100steps/generated_images/final/negative/gen_1228.png,gen_1228.png,10.0,0.0,0.0,0.8224258422851562,0.9977225711290667,0.8134040832519531,148.52334344765487,24.957713140941127,5.987461812699853,342.2370910644531,0.0,0.0,False,,-7.484402869177512,True,1167.0
negative,/mnt/MammoDiffusion/MammoDiffusion/experiments/diffusers/02_sd21_filtered_100steps/generated_images/final/negative/gen_1229.png,gen_1229.png,10.0,0.0,0.0,0.8474273681640625,0.9984739903127645,0.8402824401855469,138.458177278402,33.00288060244005,6.596784508135389,625.77734375,0.0,0.0,False,,-6.910377287043452,True,853.0
negative,/mnt/MammoDiffusion/MammoDiffusion/experiments/diffusers/02_sd21_filtered_100steps/generated_images/final/negative/gen_1230.png,gen_1230.png,55.8956,42.0,1.0,0.5615730285644531,0.9945045614178095,0.6048431396484375,111.02076868740382,52.78538680135693,6.754243545043197,1352.06005859375,0.0,0.0,False,,-7.661218746548189,True,1263.0
negative,/mnt/MammoDiffusion/MammoDiffusion/experiments/diffusers/02_sd21_filtered_100steps/generated_images/final/negative/gen_1231.png,gen_1231.png,23.0,18.0,0.0,0.7813949584960938,0.99826204122282,0.7744598388671875,122.83873509999015,41.8287908032368,6.635425781268358,807.676025390625,0.0,0.0,False,,-6.175580298936295,True,528.0
negative,/mnt/MammoDiffusion/MammoDiffusion/experiments/diffusers/02_sd21_filtered_100steps/generated_images/final/negative/gen_1232.png,gen_1232.png,107.8956,94.0,1.0,0.4358062744140625,0.9712194951157173,0.4202880859375,153.4700388469358,28.634054281074793,5.60183939569324,249.9441680908203,0.0,0.0,False,,-14.571726524076425,False,
negative,/mnt/MammoDiffusion/MammoDiffusion/experiments/diffusers/02_sd21_filtered_100steps/generated_images/final/negative/gen_1233.png,gen_1233.png,107.8956,94.0,1.0,0.3958930969238281,0.9903643248764225,0.426971435546875,153.6304499320992,39.83008494446649,5.6574297023442375,444.5155334472656,0.0,0.0,False,,-6.608573705129437,True,713.0
negative,/mnt/MammoDiffusion/MammoDiffusion/experiments/diffusers/02_sd21_filtered_100steps/generated_images/final/negative/gen_1234.png,gen_1234.png,220.0,223.0,23.0,0.495849609375,0.9637416912850812,0.4700279235839844,245.69549162033843,11.391183528175873,5.4569193745391065,1167.59814453125,0.0,0.0,False,,-20.21392793949668,False,
negative,/mnt/MammoDiffusion/MammoDiffusion/experiments/diffusers/02_sd21_filtered_100steps/generated_images/final/negative/gen_1235.png,gen_1235.png,140.8956,127.0,1.0,0.18314361572265625,0.933826286190377,0.1839447021484375,179.02930319369557,28.184818282863933,4.54298509270977,212.32376098632812,0.0,0.0,False,,-29.519031092347504,False,
negative,/mnt/MammoDiffusion/MammoDiffusion/experiments/diffusers/02_sd21_filtered_100steps/generated_images/final/negative/gen_1236.png,gen_1236.png,96.8956,83.0,1.0,0.38460540771484375,0.983158437642578,0.4299354553222656,133.42708841666297,36.384493604003694,5.090920727836721,535.4035034179688,0.0,0.0,False,,-8.52581580556774,False,
negative,/mnt/MammoDiffusion/MammoDiffusion/experiments/diffusers/02_sd21_filtered_100steps/generated_images/final/negative/gen_1237.png,gen_1237.png,102.7912,80.0,2.0,0.386199951171875,0.9573686290003951,0.3702812194824219,161.15995137379335,35.62179361282667,5.818916961647796,548.0872802734375,0.0,0.0,False,,-19.248011165925707,False,
negative,/mnt/MammoDiffusion/MammoDiffusion/experiments/diffusers/02_sd21_filtered_100steps/generated_images/final/negative/gen_1238.png,gen_1238.png,112.7912,90.0,2.0,0.3270072937011719,0.996628676084598,0.32045745849609375,179.52899792871938,22.38519288446707,5.328503107173422,320.0601501464844,0.0,0.0,False,,-5.610029206595898,True,308.0
negative,/mnt/MammoDiffusion/MammoDiffusion/experiments/diffusers/02_sd21_filtered_100steps/generated_images/final/negative/gen_1239.png,gen_1239.png,182.5824,142.0,4.0,0.09384918212890625,0.5630436549873994,0.050312042236328125,204.2652968382743,10.648260514988465,5.1235620846507945,145.6035614013672,0.0,0.0,True,too_empty,,False,
negative,/mnt/MammoDiffusion/MammoDiffusion/experiments/diffusers/02_sd21_filtered_100steps/generated_images/final/negative/gen_1240.png,gen_1240.png,42.0,37.0,0.0,0.7663307189941406,0.9978893816983508,0.758575439453125,149.72181880355635,31.12938093291352,6.2611669492263635,312.3878173828125,0.0,0.0,False,,-7.01126917167947,True,910.0
negative,/mnt/MammoDiffusion/MammoDiffusion/experiments/diffusers/02_sd21_filtered_100steps/generated_images/final/negative/gen_1241.png,gen_1241.png,46.7912,24.0,2.0,0.4449310302734375,0.9968963270345348,0.4564247131347656,113.2759571747361,54.658541774388546,6.4471237646133055,1072.21484375,0.0,0.0,False,,-5.260383369579011,True,209.0
negative,/mnt/MammoDiffusion/MammoDiffusion/experiments/diffusers/02_sd21_filtered_100steps/generated_images/final/negative/gen_1242.png,gen_1242.png,14.8956,1.0,1.0,0.5944099426269531,0.9976575686204042,0.587646484375,162.4513203676776,26.157117876140187,5.52152017628657,411.92462158203125,0.0,0.0,False,,-5.6780259461763105,True,335.0
negative,/mnt/MammoDiffusion/MammoDiffusion/experiments/diffusers/02_sd21_filtered_100steps/generated_images/final/negative/gen_1243.png,gen_1243.png,220.0,199.0,52.0,0.19518661499023438,0.8609846189927102,0.16141128540039062,250.15387705905985,20.189323883360107,7.068695254402469,721.6312255859375,0.0,0.0,False,,-60.529972373144666,False,
negative,/mnt/MammoDiffusion/MammoDiffusion/experiments/diffusers/02_sd21_filtered_100steps/generated_images/final/negative/gen_1244.png,gen_1244.png,143.8956,130.0,1.0,0.13155746459960938,0.5364340186157103,0.068878173828125,207.70674568010634,27.5892399650787,5.188850262560185,785.0465698242188,0.0,0.0,True,too_empty,,False,
negative,/mnt/MammoDiffusion/MammoDiffusion/experiments/diffusers/02_sd21_filtered_100steps/generated_images/final/negative/gen_1245.png,gen_1245.png,160.95600000000002,67.0,10.0,0.2968711853027344,0.9758297675494391,0.28746795654296875,187.52661960243105,20.029674269376347,7.2091416246952775,236.58277893066406,0.0,0.0,False,,-15.695140525669977,False,
negative,/mnt/MammoDiffusion/MammoDiffusion/experiments/diffusers/02_sd21_filtered_100steps/generated_images/final/negative/gen_1246.png,gen_1246.png,96.8956,83.0,1.0,0.6784095764160156,0.9971660078384624,0.6700935363769531,159.42557539806788,25.6077882884172,6.103234047057385,181.27139282226562,0.0,0.0,False,,-7.196341807340755,True,1008.0
negative,/mnt/MammoDiffusion/MammoDiffusion/experiments/diffusers/02_sd21_filtered_100steps/generated_images/final/negative/gen_1247.png,gen_1247.png,199.0,99.0,49.0,0.048549652099609375,0.5196825646263848,0.024379730224609375,213.19965576592082,7.909470952790774,7.457289681537148,682.971435546875,0.0,0.0,True,too_empty,,False,
negative,/mnt/MammoDiffusion/MammoDiffusion/experiments/diffusers/02_sd21_filtered_100steps/generated_images/final/negative/gen_1248.png,gen_1248.png,108.8956,95.0,1.0,0.170623779296875,0.7389554641387945,0.12412261962890625,177.6099637347102,34.21810481613647,6.450427500433744,996.92138671875,0.0,0.0,True,fragmented_mask,,False,
negative,/mnt/MammoDiffusion/MammoDiffusion/experiments/diffusers/02_sd21_filtered_100steps/generated_images/final/negative/gen_1249.png,gen_1249.png,181.0,176.0,0.0,0.06896209716796875,0.7654054652063281,0.054843902587890625,200.4520414551019,14.81560676108787,5.1432231097957075,633.13671875,0.0,0.0,True,too_empty,,False,
negative,/mnt/MammoDiffusion/MammoDiffusion/experiments/diffusers/02_sd21_filtered_100steps/generated_images/final/negative/gen_1250.png,gen_1250.png,104.8956,91.0,1.0,0.5982284545898438,0.9981188863807374,0.5913887023925781,173.4455488973031,21.911525066992674,5.92730418032996,279.8428955078125,0.0,0.0,False,,-6.468843557089665,True,658.0
negative,/mnt/MammoDiffusion/MammoDiffusion/experiments/diffusers/02_sd21_filtered_100steps/generated_images/final/negative/gen_1251.png,gen_1251.png,87.8956,74.0,1.0,0.693328857421875,0.9806604604075884,0.7069473266601562,133.56547522690235,36.01918925669665,6.787855510428299,841.3901977539062,0.0,0.0,False,,-12.791466550891364,False,
negative,/mnt/MammoDiffusion/MammoDiffusion/experiments/diffusers/02_sd21_filtered_100steps/generated_images/final/negative/gen_1252.png,gen_1252.png,116.7912,94.0,2.0,0.3217430114746094,0.9188670073390797,0.3283729553222656,151.72112312821645,39.61768058318035,6.04611016990421,820.8662719726562,0.0,0.0,False,,-33.97402296364451,False,
negative,/mnt/MammoDiffusion/MammoDiffusion/experiments/diffusers/02_sd21_filtered_100steps/generated_images/final/negative/gen_1253.png,gen_1253.png,12.0,7.0,0.0,0.6711769104003906,0.9977322458722896,0.6399116516113281,156.58565475800154,24.112784909698334,5.446654019041381,555.1701049804688,0.0,0.0,False,,-5.755895257192236,True,360.0
negative,/mnt/MammoDiffusion/MammoDiffusion/experiments/diffusers/02_sd21_filtered_100steps/generated_images/final/negative/gen_1254.png,gen_1254.png,64.8956,51.0,1.0,0.6045188903808594,0.9980627370307501,0.5974807739257812,167.86796572727388,24.674640130308926,5.888497821901578,254.32305908203125,0.0,0.0,False,,-6.285607823270833,True,574.0
negative,/mnt/MammoDiffusion/MammoDiffusion/experiments/diffusers/02_sd21_filtered_100steps/generated_images/final/negative/gen_1255.png,gen_1255.png,90.8956,77.0,1.0,0.39926910400390625,0.9975827871515105,0.3934173583984375,156.8373637668231,31.9600260931491,5.201656001067932,286.8371887207031,0.0,0.0,False,,-3.879336301205183,True,10.0
negative,/mnt/MammoDiffusion/MammoDiffusion/experiments/diffusers/02_sd21_filtered_100steps/generated_images/final/negative/gen_1256.png,gen_1256.png,72.5824,32.0,4.0,0.8134307861328125,0.9953900842259281,0.8018951416015625,147.2375173634236,28.193165064098793,7.0914454977776735,411.15545654296875,0.0,0.0,False,,-8.938203598527162,False,
negative,/mnt/MammoDiffusion/MammoDiffusion/experiments/diffusers/02_sd21_filtered_100steps/generated_images/final/negative/gen_1257.png,gen_1257.png,78.8956,65.0,1.0,0.5555458068847656,1.0,0.5496177673339844,165.6252333789102,26.40923498694956,6.009156904586998,193.61471557617188,0.0,0.0,False,,-6.20908573673312,True,547.0
negative,/mnt/MammoDiffusion/MammoDiffusion/experiments/diffusers/02_sd21_filtered_100steps/generated_images/final/negative/gen_1258.png,gen_1258.png,26.8956,13.0,1.0,0.652374267578125,0.9982925574215278,0.6451454162597656,166.73634853152475,23.809642800025237,5.950508688734445,225.2311553955078,0.0,0.0,False,,-6.638013693779694,True,729.0
negative,/mnt/MammoDiffusion/MammoDiffusion/experiments/diffusers/02_sd21_filtered_100steps/generated_images/final/negative/gen_1259.png,gen_1259.png,86.7912,64.0,2.0,0.5042076110839844,0.9976167959145072,0.4976310729980469,170.25224797050234,23.65810872105743,5.981494240259124,292.9375915527344,0.0,0.0,False,,-5.9046858222915635,True,419.0
negative,/mnt/MammoDiffusion/MammoDiffusion/experiments/diffusers/02_sd21_filtered_100steps/generated_images/final/negative/gen_1260.png,gen_1260.png,31.7912,9.0,2.0,0.7397994995117188,0.9984685511565791,0.7351531982421875,149.57606529815894,31.947806371057656,6.783730614848053,534.0989990234375,0.0,0.0,False,,-6.734791273553902,True,779.0
negative,/mnt/MammoDiffusion/MammoDiffusion/experiments/diffusers/02_sd21_filtered_100steps/generated_images/final/negative/gen_1261.png,gen_1261.png,121.8956,108.0,1.0,0.46656036376953125,0.9857406832044217,0.461029052734375,159.44836830608327,25.386169155335654,5.76946558082823,184.06991577148438,0.0,0.0,False,,-9.846033449831278,False,
negative,/mnt/MammoDiffusion/MammoDiffusion/experiments/diffusers/02_sd21_filtered_100steps/generated_images/final/negative/gen_1262.png,gen_1262.png,52.7912,30.0,2.0,0.7897109985351562,0.9985508506506681,0.7818069458007812,159.60006538307653,26.017776126966268,6.494655412671482,389.5699157714844,0.0,0.0,False,,-7.46099276183367,True,1153.0
negative,/mnt/MammoDiffusion/MammoDiffusion/experiments/diffusers/02_sd21_filtered_100steps/generated_images/final/negative/gen_1263.png,gen_1263.png,203.0,151.0,19.0,0.048797607421875,0.8754690431519699,0.043888092041015625,217.1864406779661,8.774271408137318,7.193062280975321,1002.7377319335938,0.0,0.0,True,too_empty,,False,
negative,/mnt/MammoDiffusion/MammoDiffusion/experiments/diffusers/02_sd21_filtered_100steps/generated_images/final/negative/gen_1264.png,gen_1264.png,14.8956,1.0,1.0,0.7814254760742188,0.9993263231891274,0.7773780822753906,101.45885614741026,52.045827865882316,7.110107194512491,1554.834716796875,0.0,0.0,False,,-7.779726391056594,True,1322.0
negative,/mnt/MammoDiffusion/MammoDiffusion/experiments/diffusers/02_sd21_filtered_100steps/generated_images/final/negative/gen_1265.png,gen_1265.png,104.6868,73.0,3.0,0.5153999328613281,0.9661902611965154,0.6335868835449219,139.68142765110693,40.79106149328892,7.013497145631338,968.0291137695312,0.0,0.0,False,,-18.16708567004759,False,
negative,/mnt/MammoDiffusion/MammoDiffusion/experiments/diffusers/02_sd21_filtered_100steps/generated_images/final/negative/gen_1266.png,gen_1266.png,151.8956,138.0,1.0,0.4775047302246094,0.9881845416417017,0.4679985046386719,182.54966865824932,18.900046073870886,5.338772051841704,284.84185791015625,0.0,0.0,False,,-9.222399831836222,False,
negative,/mnt/MammoDiffusion/MammoDiffusion/experiments/diffusers/02_sd21_filtered_100steps/generated_images/final/negative/gen_1267.png,gen_1267.png,115.7912,93.0,2.0,0.3958473205566406,0.9821237556495678,0.4429283142089844,150.2445418608056,35.299503559416166,6.107967046502315,709.4116821289062,0.0,0.0,False,,-10.034613434914732,False,
negative,/mnt/MammoDiffusion/MammoDiffusion/experiments/diffusers/02_sd21_filtered_100steps/generated_images/final/negative/gen_1268.png,gen_1268.png,96.7912,74.0,2.0,0.6897850036621094,0.9984128125293795,0.6824264526367188,151.42629713685199,27.782383286683363,6.648145964662231,159.71249389648438,0.0,0.0,False,,-7.038863185714929,True,920.0
negative,/mnt/MammoDiffusion/MammoDiffusion/experiments/diffusers/02_sd21_filtered_100steps/generated_images/final/negative/gen_1269.png,gen_1269.png,124.0,119.0,0.0,0.10895156860351562,0.7155211652253073,0.081085205078125,176.02502822732404,38.49646511993639,4.209013656394885,456.32220458984375,0.0,0.0,True,too_empty,,False,
negative,/mnt/MammoDiffusion/MammoDiffusion/experiments/diffusers/02_sd21_filtered_100steps/generated_images/final/negative/gen_1270.png,gen_1270.png,108.7912,86.0,2.0,0.2720527648925781,0.9231459539801169,0.3385772705078125,145.9451868042724,49.415924984261366,5.727599118895188,760.5267333984375,0.0,0.0,False,,-32.35736487009376,False,
negative,/mnt/MammoDiffusion/MammoDiffusion/experiments/diffusers/02_sd21_filtered_100steps/generated_images/final/negative/gen_1271.png,gen_1271.png,65.8956,52.0,1.0,0.78765869140625,1.0,0.78094482421875,144.90804513481828,23.445352717266605,6.215351335042248,232.9182891845703,0.0,0.0,False,,-7.688706124101065,True,1274.0
negative,/mnt/MammoDiffusion/MammoDiffusion/experiments/diffusers/02_sd21_filtered_100steps/generated_images/final/negative/gen_1272.png,gen_1272.png,189.95600000000002,96.0,10.0,0.09288787841796875,0.8632854209445585,0.07922744750976562,206.31258125090278,10.163762663386116,6.9509649247105045,237.6009063720703,0.0,0.0,True,too_empty,,False,
negative,/mnt/MammoDiffusion/MammoDiffusion/experiments/diffusers/02_sd21_filtered_100steps/generated_images/final/negative/gen_1273.png,gen_1273.png,100.8956,87.0,1.0,0.3554840087890625,0.8340129630424519,0.3168601989746094,151.06303649037477,45.10871176520787,6.563740632801811,1032.776123046875,0.0,0.0,False,,-67.25265522416635,False,
negative,/mnt/MammoDiffusion/MammoDiffusion/experiments/diffusers/02_sd21_filtered_100steps/generated_images/final/negative/gen_1274.png,gen_1274.png,137.7912,115.0,2.0,0.47490692138671875,0.9826096036756792,0.4677085876464844,168.99074277977604,22.34867989514134,6.403884594412151,262.947021484375,0.0,0.0,False,,-11.842744755967125,False,
negative,/mnt/MammoDiffusion/MammoDiffusion/experiments/diffusers/02_sd21_filtered_100steps/generated_images/final/negative/gen_1275.png,gen_1275.png,131.2692,64.0,7.0,0.20998382568359375,0.758256730734295,0.12422561645507812,196.53935206510056,32.50193574900069,7.207946802292905,824.8395385742188,0.0,0.0,False,,-98.41066664313334,False,
negative,/mnt/MammoDiffusion/MammoDiffusion/experiments/diffusers/02_sd21_filtered_100steps/generated_images/final/negative/gen_1276.png,gen_1276.png,31.8956,18.0,1.0,0.8210563659667969,0.9983088252375311,0.8142967224121094,121.58238664311848,39.51056971836043,6.7386328824892265,738.931640625,0.0,0.0,False,,-6.276101947616963,True,569.0
negative,/mnt/MammoDiffusion/MammoDiffusion/experiments/diffusers/02_sd21_filtered_100steps/generated_images/final/negative/gen_1277.png,gen_1277.png,220.0,253.0,1.0,0.24489212036132812,0.9217564683707962,0.21669387817382812,253.66052284129918,5.7602230334250075,6.528330286018354,1046.1925048828125,0.0,0.0,True,low_contrast,,False,
negative,/mnt/MammoDiffusion/MammoDiffusion/experiments/diffusers/02_sd21_filtered_100steps/generated_images/final/negative/gen_1278.png,gen_1278.png,88.7912,66.0,2.0,0.7636871337890625,0.9986563168095267,0.7564315795898438,158.08487901802374,23.989188740790766,6.573973806135161,402.5149230957031,0.0,0.0,False,,-7.3821093815747085,True,1113.0
negative,/mnt/MammoDiffusion/MammoDiffusion/experiments/diffusers/02_sd21_filtered_100steps/generated_images/final/negative/gen_1279.png,gen_1279.png,115.6868,84.0,3.0,0.6208229064941406,0.9970997572890105,0.6139297485351562,149.89138674520623,19.267492671504737,6.373333258959863,120.61881256103516,0.0,0.0,False,,-7.324985650895319,True,1089.0
negative,/mnt/MammoDiffusion/MammoDiffusion/experiments/diffusers/02_sd21_filtered_100steps/generated_images/final/negative/gen_1280.png,gen_1280.png,136.7912,114.0,2.0,0.18585586547851562,0.4354795673323618,0.07912826538085938,170.18454418358002,26.354346639479996,5.725149869191054,592.5944213867188,0.0,0.0,True,too_empty,,False,
negative,/mnt/MammoDiffusion/MammoDiffusion/experiments/diffusers/02_sd21_filtered_100steps/generated_images/final/negative/gen_1281.png,gen_1281.png,87.8956,74.0,1.0,0.5589714050292969,0.9985122602043254,0.5519027709960938,160.24754281922614,23.49377890713505,5.7090811387444695,204.46182250976562,0.0,0.0,False,,-5.6511780845725115,True,326.0
negative,/mnt/MammoDiffusion/MammoDiffusion/experiments/diffusers/02_sd21_filtered_100steps/generated_images/final/negative/gen_1282.png,gen_1282.png,58.7912,36.0,2.0,0.5275459289550781,0.9983513265313501,0.5228538513183594,158.2814909931929,30.28589439253639,6.257150611396166,590.6666870117188,0.0,0.0,False,,-5.067326851071452,True,161.0
negative,/mnt/MammoDiffusion/MammoDiffusion/experiments/diffusers/02_sd21_filtered_100steps/generated_images/final/negative/gen_1283.png,gen_1283.png,114.7912,92.0,2.0,0.43390655517578125,0.9975383749758233,0.42743682861328125,182.38779116465864,23.90361571501055,5.996010519358753,359.10748291015625,0.0,0.0,False,,-5.585027094205923,True,300.0
negative,/mnt/MammoDiffusion/MammoDiffusion/experiments/diffusers/02_sd21_filtered_100steps/generated_images/final/negative/gen_1284.png,gen_1284.png,79.8956,66.0,1.0,0.6568450927734375,0.9989314005621762,0.6548576354980469,142.76350725532572,38.71027479862433,6.348764917240951,683.4354858398438,0.0,0.0,False,,-5.087664167854509,True,163.0
negative,/mnt/MammoDiffusion/MammoDiffusion/experiments/diffusers/02_sd21_filtered_100steps/generated_images/final/negative/gen_1285.png,gen_1285.png,98.1648,22.0,8.0,0.34392547607421875,0.6914638745313783,0.25423431396484375,155.41415838910063,48.69799214832514,7.463394145035195,1424.1649169921875,0.0,0.0,True,fragmented_mask,,False,
negative,/mnt/MammoDiffusion/MammoDiffusion/experiments/diffusers/02_sd21_filtered_100steps/generated_images/final/negative/gen_1286.png,gen_1286.png,79.7912,57.0,2.0,0.4861602783203125,0.9976146385863595,0.4793701171875,180.68211261777438,24.682346315519002,5.981121119782727,348.0721740722656,0.0,0.0,False,,-5.836915024495779,True,384.0
negative,/mnt/MammoDiffusion/MammoDiffusion/experiments/diffusers/02_sd21_filtered_100steps/generated_images/final/negative/gen_1287.png,gen_1287.png,65.8956,52.0,1.0,0.6004791259765625,0.996817269331436,0.5936355590820312,161.3905974887224,25.442012119426522,6.108808863834342,308.245849609375,0.0,0.0,False,,-6.692005566524808,True,754.0
negative,/mnt/MammoDiffusion/MammoDiffusion/experiments/diffusers/02_sd21_filtered_100steps/generated_images/final/negative/gen_1288.png,gen_1288.png,84.8956,71.0,1.0,0.4294700622558594,0.9959763019283551,0.424591064453125,161.58880184000574,35.16624944360774,5.372759365161514,600.512939453125,0.0,0.0,False,,-4.338790326665071,True,38.0
negative,/mnt/MammoDiffusion/MammoDiffusion/experiments/diffusers/02_sd21_filtered_100steps/generated_images/final/negative/gen_1289.png,gen_1289.png,112.8956,99.0,1.0,0.5186805725097656,0.997698004692246,0.512481689453125,151.784553087596,21.550270219961995,5.02075836621273,96.21395874023438,0.0,0.0,False,,-5.210754344337989,True,199.0
negative,/mnt/MammoDiffusion/MammoDiffusion/experiments/diffusers/02_sd21_filtered_100steps/generated_images/final/negative/gen_1290.png,gen_1290.png,70.7912,48.0,2.0,0.6953887939453125,0.9984365742874071,0.688140869140625,166.03339948556476,21.960657970901007,6.404071847957056,258.5728454589844,0.0,0.0,False,,-7.30052222150437,True,1079.0
negative,/mnt/MammoDiffusion/MammoDiffusion/experiments/diffusers/02_sd21_filtered_100steps/generated_images/final/negative/gen_1291.png,gen_1291.png,113.8956,100.0,1.0,0.4393959045410156,0.9997135043625472,0.4332847595214844,163.97899333527025,25.00379444859672,5.323801972201339,123.48066711425781,0.0,0.0,False,,-4.874453159639181,True,110.0
negative,/mnt/MammoDiffusion/MammoDiffusion/experiments/diffusers/02_sd21_filtered_100steps/generated_images/final/negative/gen_1292.png,gen_1292.png,75.7912,53.0,2.0,0.6766700744628906,0.997265834202441,0.6692123413085938,162.05613065040188,25.32769873731742,6.431156435722067,448.8583068847656,0.0,0.0,False,,-7.136156041010249,True,966.0
negative,/mnt/MammoDiffusion/MammoDiffusion/experiments/diffusers/02_sd21_filtered_100steps/generated_images/final/negative/gen_1293.png,gen_1293.png,10.0,0.0,0.0,0.8696174621582031,0.9964731428070098,0.8550262451171875,143.48964040331936,29.34279397171409,6.417405542732498,695.7708740234375,0.0,0.0,False,,-7.817950600490773,True,1335.0
negative,/mnt/MammoDiffusion/MammoDiffusion/experiments/diffusers/02_sd21_filtered_100steps/generated_images/final/negative/gen_1294.png,gen_1294.png,220.0,203.0,50.0,0.20653533935546875,0.6841638653910088,0.1369476318359375,253.05150417827298,9.476747336363916,6.87913349304255,1363.315673828125,0.0,0.0,True,fragmented_mask,,False,
negative,/mnt/MammoDiffusion/MammoDiffusion/experiments/diffusers/02_sd21_filtered_100steps/generated_images/final/negative/gen_1295.png,gen_1295.png,107.6868,76.0,3.0,0.5326309204101562,0.9999928380101127,0.5266189575195312,173.56918507787034,21.511561830371587,6.119530667223589,113.25160217285156,0.0,0.0,False,,-6.654370205114393,True,741.0
negative,/mnt/MammoDiffusion/MammoDiffusion/experiments/diffusers/02_sd21_filtered_100steps/generated_images/final/negative/gen_1296.png,gen_1296.png,121.7912,99.0,2.0,0.4342041015625,0.9382994798987911,0.4506072998046875,146.2288696623887,31.896629189955675,6.368501042923504,369.668701171875,0.0,0.0,False,,-27.455057101371906,False,
negative,/mnt/MammoDiffusion/MammoDiffusion/experiments/diffusers/02_sd21_filtered_100steps/generated_images/final/negative/gen_1297.png,gen_1297.png,220.0,250.0,1.0,0.29692840576171875,0.9158508697551324,0.26436614990234375,250.39166257828057,5.389731571253977,6.460392471458228,1578.3997802734375,0.0,0.0,True,low_contrast,,False,
negative,/mnt/MammoDiffusion/MammoDiffusion/experiments/diffusers/02_sd21_filtered_100steps/generated_images/final/negative/gen_1298.png,gen_1298.png,157.7912,135.0,2.0,0.16788101196289062,0.9108818650730532,0.15816497802734375,182.77852009068545,20.579877493039106,4.714962878134616,156.68856811523438,0.0,0.0,False,,-39.09377964688706,False,
negative,/mnt/MammoDiffusion/MammoDiffusion/experiments/diffusers/02_sd21_filtered_100steps/generated_images/final/negative/gen_1299.png,gen_1299.png,112.0,107.0,0.0,0.5293960571289062,0.9977590107942181,0.5225105285644531,158.63008768151388,24.91815536828648,5.085039416158556,128.2581329345703,0.0,0.0,False,,-5.206327879719247,True,196.0
negative,/mnt/MammoDiffusion/MammoDiffusion/experiments/diffusers/02_sd21_filtered_100steps/generated_images/final/negative/gen_1300.png,gen_1300.png,93.8956,80.0,1.0,0.5636138916015625,0.996981346617213,0.5567245483398438,163.54557975085993,21.18645867175512,6.185936702832725,226.0771484375,0.0,0.0,False,,-6.821756491861382,True,815.0
negative,/mnt/MammoDiffusion/MammoDiffusion/experiments/diffusers/02_sd21_filtered_100steps/generated_images/final/negative/gen_1301.png,gen_1301.png,37.0,32.0,0.0,0.7619781494140625,0.9983629373009992,0.7535324096679688,155.06282969007867,24.633299890359673,5.915460968978748,327.2649841308594,0.0,0.0,False,,-6.92848800295391,True,863.0
negative,/mnt/MammoDiffusion/MammoDiffusion/experiments/diffusers/02_sd21_filtered_100steps/generated_images/final/negative/gen_1302.png,gen_1302.png,139.8956,126.0,1.0,0.16077804565429688,0.9119510285429568,0.16785812377929688,169.75878917346546,29.348156146774258,4.561493473448027,309.4922180175781,0.0,0.0,False,,-37.58921008011383,False,
negative,/mnt/MammoDiffusion/MammoDiffusion/experiments/diffusers/02_sd21_filtered_100steps/generated_images/final/negative/gen_1303.png,gen_1303.png,72.6868,41.0,3.0,0.5505332946777344,0.9982954427344979,0.5448074340820312,175.37668921284433,23.624442669234423,6.481609799562828,565.5068969726562,0.0,0.0,False,,-6.119104518880505,True,501.0
negative,/mnt/MammoDiffusion/MammoDiffusion/experiments/diffusers/02_sd21_filtered_100steps/generated_images/final/negative/gen_1304.png,gen_1304.png,119.0,114.0,0.0,0.6771774291992188,0.9980565351119323,0.6712913513183594,158.84097741156415,20.370324291260747,5.506954698026929,103.43919372558594,0.0,0.0,False,,-6.736560940540173,True,781.0
negative,/mnt/MammoDiffusion/MammoDiffusion/experiments/diffusers/02_sd21_filtered_100steps/generated_images/final/negative/gen_1305.png,gen_1305.png,160.5824,120.0,4.0,0.13176345825195312,0.6577400770099302,0.08325958251953125,203.01708970952075,16.627856035334865,5.96321700849426,193.25759887695312,0.0,0.0,True,too_empty,,False,
negative,/mnt/MammoDiffusion/MammoDiffusion/experiments/diffusers/02_sd21_filtered_100steps/generated_images/final/negative/gen_1306.png,gen_1306.png,120.6868,89.0,3.0,0.3484916687011719,1.0,0.3432121276855469,184.15865112091674,22.102934210748543,6.158206358571791,119.49507141113281,0.0,0.0,False,,-6.174189246605568,True,527.0
negative,/mnt/MammoDiffusion/MammoDiffusion/experiments/diffusers/02_sd21_filtered_100steps/generated_images/final/negative/gen_1307.png,gen_1307.png,65.8956,52.0,1.0,0.7220802307128906,0.9982302193999651,0.720733642578125,124.19702438921117,43.62359246573758,6.760893772249413,1085.2896728515625,0.0,0.0,False,,-6.420155563942918,True,634.0
negative,/mnt/MammoDiffusion/MammoDiffusion/experiments/diffusers/02_sd21_filtered_100steps/generated_images/final/negative/gen_1308.png,gen_1308.png,127.7912,105.0,2.0,0.6820869445800781,0.9834344677162272,0.6834144592285156,164.9327111463386,25.5080017170289,6.57678803339102,542.1401977539062,0.0,0.0,False,,-12.520594712621806,False,
negative,/mnt/MammoDiffusion/MammoDiffusion/experiments/diffusers/02_sd21_filtered_100steps/generated_images/final/negative/gen_1309.png,gen_1309.png,199.0,192.0,4.0,0.038875579833984375,0.41242272593464824,0.015167236328125,209.95523138833,6.465121388200354,6.335798840705735,865.2894897460938,0.0,0.0,True,too_empty,,False,
negative,/mnt/MammoDiffusion/MammoDiffusion/experiments/diffusers/02_sd21_filtered_100steps/generated_images/final/negative/gen_1310.png,gen_1310.png,75.5824,35.0,4.0,0.2815742492675781,0.9770230176256215,0.3306617736816406,124.18551931795895,50.779259699487234,6.596302676270072,1672.6026611328125,0.0,0.0,False,,-13.604752316515661,False,
negative,/mnt/MammoDiffusion/MammoDiffusion/experiments/diffusers/02_sd21_filtered_100steps/generated_images/final/negative/gen_1311.png,gen_1311.png,108.8956,95.0,1.0,0.3321037292480469,0.979944635247361,0.3798828125,157.39452120822622,44.74753605683388,5.727680463356763,655.1416625976562,0.0,0.0,False,,-10.436371994300785,False,
negative,/mnt/MammoDiffusion/MammoDiffusion/experiments/diffusers/02_sd21_filtered_100steps/generated_images/final/negative/gen_1312.png,gen_1312.png,137.7912,115.0,2.0,0.2785301208496094,0.9845648154488804,0.2801666259765625,170.14567561679647,25.485924146860327,5.771164606430315,125.18929290771484,0.0,0.0,False,,-10.761382448924547,False,
negative,/mnt/MammoDiffusion/MammoDiffusion/experiments/diffusers/02_sd21_filtered_100steps/generated_images/final/negative/gen_1313.png,gen_1313.png,43.7912,21.0,2.0,0.5313453674316406,0.9723452677526582,0.5176773071289062,116.75569982167332,52.86336418252079,6.730563523065053,1425.939208984375,0.0,0.0,False,,-15.663948064044948,False,
negative,/mnt/MammoDiffusion/MammoDiffusion/experiments/diffusers/02_sd21_filtered_100steps/generated_images/final/negative/gen_1314.png,gen_1314.png,110.7912,88.0,2.0,0.16327667236328125,0.8104060557917855,0.159332275390625,155.1246648151695,45.8500325029193,5.410298297100949,667.3065185546875,0.0,0.0,False,,-75.99067842439477,False,
negative,/mnt/MammoDiffusion/MammoDiffusion/experiments/diffusers/02_sd21_filtered_100steps/generated_images/final/negative/gen_1315.png,gen_1315.png,10.0,0.0,0.0,0.8439903259277344,0.998833882493322,0.8388442993164062,95.85861171997927,53.90526287294375,6.99113506931632,1604.66162109375,0.0,0.0,False,,-7.974933726633708,False,
negative,/mnt/MammoDiffusion/MammoDiffusion/experiments/diffusers/02_sd21_filtered_100steps/generated_images/final/negative/gen_1316.png,gen_1316.png,65.0,60.0,0.0,0.7012901306152344,1.0,0.6949310302734375,152.6811529763081,23.54277771720741,5.571862414192026,107.37696838378906,0.0,0.0,False,,-6.861230353249606,True,832.0
negative,/mnt/MammoDiffusion/MammoDiffusion/experiments/diffusers/02_sd21_filtered_100steps/generated_images/final/negative/gen_1317.png,gen_1317.png,26.8956,13.0,1.0,0.747406005859375,0.9992088930627577,0.7432022094726562,100.82948887725458,49.292597035161705,7.093901236757837,1425.3719482421875,0.0,0.0,False,,-7.1596005342260485,True,988.0
negative,/mnt/MammoDiffusion/MammoDiffusion/experiments/diffusers/02_sd21_filtered_100steps/generated_images/final/negative/gen_1318.png,gen_1318.png,55.7912,33.0,2.0,0.540802001953125,1.0,0.5349044799804688,159.45164096932007,27.16343713301101,6.353710651659228,263.1162414550781,0.0,0.0,False,,-6.1600634343812954,True,521.0
negative,/mnt/MammoDiffusion/MammoDiffusion/experiments/diffusers/02_sd21_filtered_100steps/generated_images/final/negative/gen_1319.png,gen_1319.png,86.7912,64.0,2.0,0.4190826416015625,0.9976606590205717,0.4134063720703125,173.00801867641087,22.575931095284886,5.921136063300253,447.4063720703125,0.0,0.0,False,,-5.169816315162585,True,188.0
negative,/mnt/MammoDiffusion/MammoDiffusion/experiments/diffusers/02_sd21_filtered_100steps/generated_images/final/negative/gen_1320.png,gen_1320.png,71.8956,58.0,1.0,0.38239288330078125,0.9706111210869696,0.3941230773925781,126.16802655903675,45.17931715419635,5.8281575776635455,760.8059692382812,0.0,0.0,False,,-13.592621521771536,False,
negative,/mnt/MammoDiffusion/MammoDiffusion/experiments/diffusers/02_sd21_filtered_100steps/generated_images/final/negative/gen_1321.png,gen_1321.png,10.0,0.0,0.0,0.8180618286132812,0.998391233387736,0.8162574768066406,117.03293344611804,73.1599085053979,6.92537828114401,1953.800048828125,0.0,0.0,False,,-9.759661205841068,False,
negative,/mnt/MammoDiffusion/MammoDiffusion/experiments/diffusers/02_sd21_filtered_100steps/generated_images/final/negative/gen_1322.png,gen_1322.png,10.0,0.0,0.0,0.8265380859375,0.9986708019494904,0.8202781677246094,91.45346019876204,54.92509725187004,6.901136695845321,1518.5,0.0,0.0,False,,-7.6515175312389205,True,1257.0
negative,/mnt/MammoDiffusion/MammoDiffusion/experiments/diffusers/02_sd21_filtered_100steps/generated_images/final/negative/gen_1323.png,gen_1323.png,130.95600000000002,37.0,10.0,0.2607574462890625,0.8205717127977061,0.24020004272460938,168.0099258341671,38.143941765753,7.47065854366883,1381.8526611328125,0.0,0.0,False,,-74.1394309944173,False,
negative,/mnt/MammoDiffusion/MammoDiffusion/experiments/diffusers/02_sd21_filtered_100steps/generated_images/final/negative/gen_1324.png,gen_1324.png,74.8956,61.0,1.0,0.3556480407714844,0.9874290740204439,0.412109375,125.62761033767772,52.40550896684877,5.547794486852967,979.2498779296875,0.0,0.0,False,,-7.7645476812115035,True,1313.0
negative,/mnt/MammoDiffusion/MammoDiffusion/experiments/diffusers/02_sd21_filtered_100steps/generated_images/final/negative/gen_1325.png,gen_1325.png,139.8956,126.0,1.0,0.23545074462890625,0.9766533812903017,0.2404022216796875,176.008283084735,27.315726820054905,4.866409179696835,190.56607055664062,0.0,0.0,False,,-13.183656624638735,False,
negative,/mnt/MammoDiffusion/MammoDiffusion/experiments/diffusers/02_sd21_filtered_100steps/generated_images/final/negative/gen_1326.png,gen_1326.png,115.8956,102.0,1.0,0.34209442138671875,0.9995316577086911,0.336456298828125,168.16642857142858,25.153630897657713,4.35114567705953,190.80087280273438,0.0,0.0,False,,-3.9722934654569086,True,13.0
negative,/mnt/MammoDiffusion/MammoDiffusion/experiments/diffusers/02_sd21_filtered_100steps/generated_images/final/negative/gen_1327.png,gen_1327.png,117.8956,104.0,1.0,0.6855659484863281,0.9994880840432457,0.6820449829101562,157.85296486459276,23.07854370572798,5.858426446947771,276.9555358886719,0.0,0.0,False,,-6.713315800075627,True,765.0
negative,/mnt/MammoDiffusion/MammoDiffusion/experiments/diffusers/02_sd21_filtered_100steps/generated_images/final/negative/gen_1328.png,gen_1328.png,86.8956,73.0,1.0,0.4821434020996094,0.999976264132731,0.47655487060546875,168.98162111970285,22.885833547240544,5.486516397778353,211.06069946289062,0.0,0.0,False,,-5.48968004253637,True,265.0
negative,/mnt/MammoDiffusion/MammoDiffusion/experiments/diffusers/02_sd21_filtered_100steps/generated_images/final/negative/gen_1329.png,gen_1329.png,189.0,181.0,4.0,0.0478057861328125,0.8486275135652729,0.0391845703125,207.7539914330218,13.44961947613709,6.891229511040887,310.1900634765625,0.0,0.0,True,too_empty,,False,
negative,/mnt/MammoDiffusion/MammoDiffusion/experiments/diffusers/02_sd21_filtered_100steps/generated_images/final/negative/gen_1330.png,gen_1330.png,159.7912,137.0,2.0,0.08199310302734375,0.6630222387643063,0.05341339111328125,193.76881874017997,18.436851356698753,5.945468320766518,836.6742553710938,0.0,0.0,True,too_empty,,False,
negative,/mnt/MammoDiffusion/MammoDiffusion/experiments/diffusers/02_sd21_filtered_100steps/generated_images/final/negative/gen_1331.png,gen_1331.png,123.5824,83.0,4.0,0.605560302734375,0.9987023131582926,0.5991668701171875,167.51610130644053,19.50729276266929,6.912507944052969,176.15646362304688,0.0,0.0,False,,-7.296862511442892,True,1074.0
negative,/mnt/MammoDiffusion/MammoDiffusion/experiments/diffusers/02_sd21_filtered_100steps/generated_images/final/negative/gen_1332.png,gen_1332.png,155.95600000000002,62.0,10.0,0.381591796875,0.9888735604606526,0.3754119873046875,179.32835426573996,17.48041667933071,6.907902818037311,295.0532531738281,0.0,0.0,False,,-9.81231030401198,False,
negative,/mnt/MammoDiffusion/MammoDiffusion/experiments/diffusers/02_sd21_filtered_100steps/generated_images/final/negative/gen_1333.png,gen_1333.png,86.8956,73.0,1.0,0.7266960144042969,0.9975012992194184,0.7185516357421875,153.37385593850206,26.258317220726276,6.1627387921606545,351.7300109863281,0.0,0.0,False,,-7.078983709942885,True,938.0
negative,/mnt/MammoDiffusion/MammoDiffusion/experiments/diffusers/02_sd21_filtered_100steps/generated_images/final/negative/gen_1334.png,gen_1334.png,154.8956,141.0,1.0,0.11804962158203125,0.8051121308085052,0.09354019165039062,203.28779413563885,25.170476247932346,6.040866198385497,697.2315673828125,0.0,0.0,True,too_empty,,False,
negative,/mnt/MammoDiffusion/MammoDiffusion/experiments/diffusers/02_sd21_filtered_100steps/generated_images/final/negative/gen_1335.png,gen_1335.png,193.478,144.0,5.0,0.06866836547851562,0.7829565024165324,0.05303192138671875,211.875701337937,10.327778724054685,7.201770503439745,1192.956298828125,0.0,0.0,True,too_empty,,False,
negative,/mnt/MammoDiffusion/MammoDiffusion/experiments/diffusers/02_sd21_filtered_100steps/generated_images/final/negative/gen_1336.png,gen_1336.png,10.0,0.0,0.0,0.8431472778320312,0.9986426936197551,0.8298683166503906,115.39202463858052,39.452324442225034,6.444874328326652,698.6990356445312,0.0,0.0,False,,-5.840491329123708,True,386.0
negative,/mnt/MammoDiffusion/MammoDiffusion/experiments/diffusers/02_sd21_filtered_100steps/generated_images/final/negative/gen_1337.png,gen_1337.png,131.7912,109.0,2.0,0.1896820068359375,0.791408575335854,0.17092132568359375,179.41121724769005,40.5616976077181,6.127333654073571,850.4480590820312,0.0,0.0,False,,-84.0461867747814,False,
negative,/mnt/MammoDiffusion/MammoDiffusion/experiments/diffusers/02_sd21_filtered_100steps/generated_images/final/negative/gen_1338.png,gen_1338.png,110.8956,97.0,1.0,0.7532424926757812,0.9955028411105147,0.74542236328125,144.61799414558257,22.389870927624873,6.105772191446967,148.42596435546875,0.0,0.0,False,,-8.294651321254312,False,
negative,/mnt/MammoDiffusion/MammoDiffusion/experiments/diffusers/02_sd21_filtered_100steps/generated_images/final/negative/gen_1339.png,gen_1339.png,119.8956,106.0,1.0,0.4376182556152344,0.9575135766525161,0.46086883544921875,152.24869634313904,32.32011724235216,5.854535543091849,443.2242431640625,0.0,0.0,False,,-19.783892852931334,False,
negative,/mnt/MammoDiffusion/MammoDiffusion/experiments/diffusers/02_sd21_filtered_100steps/generated_images/final/negative/gen_1340.png,gen_1340.png,84.6868,53.0,3.0,0.6868209838867188,0.9984892749630649,0.6797523498535156,170.4824656411868,23.864016403700695,6.643606428699285,389.0512390136719,0.0,0.0,False,,-7.22923559341453,True,1032.0
negative,/mnt/MammoDiffusion/MammoDiffusion/experiments/diffusers/02_sd21_filtered_100steps/generated_images/final/negative/gen_1341.png,gen_1341.png,108.8956,95.0,1.0,0.39054107666015625,0.9841958233214168,0.3966789245605469,153.77161568272956,33.64580549120415,5.681765300344461,319.9131774902344,0.0,0.0,False,,-9.198934201514852,False,
negative,/mnt/MammoDiffusion/MammoDiffusion/experiments/diffusers/02_sd21_filtered_100steps/generated_images/final/negative/gen_1342.png,gen_1342.png,41.6868,10.0,3.0,0.6877670288085938,1.0,0.6816482543945312,155.73500475684145,24.092949397562144,6.570100437443276,309.6740417480469,0.0,0.0,False,,-7.372142131476116,True,1108.0
negative,/mnt/MammoDiffusion/MammoDiffusion/experiments/diffusers/02_sd21_filtered_100steps/generated_images/final/negative/gen_1343.png,gen_1343.png,78.8956,65.0,1.0,0.6574058532714844,0.9968955812806453,0.6871414184570312,124.37216454782657,42.035242081169606,6.638055002399406,1169.897705078125,0.0,0.0,False,,-6.6257225334197525,True,723.0
negative,/mnt/MammoDiffusion/MammoDiffusion/experiments/diffusers/02_sd21_filtered_100steps/generated_images/final/negative/gen_1344.png,gen_1344.png,34.7912,12.0,2.0,0.7479248046875,0.9993624530765465,0.7434234619140625,155.54191211182035,29.00265845894416,6.720740428876773,695.9403686523438,0.0,0.0,False,,-6.9031530403623025,True,850.0
negative,/mnt/MammoDiffusion/MammoDiffusion/experiments/diffusers/02_sd21_filtered_100steps/generated_images/final/negative/gen_1345.png,gen_1345.png,118.7912,96.0,2.0,0.17077255249023438,0.7944691402148905,0.15355682373046875,172.5646643811795,42.938635478077636,5.71110732537346,487.269775390625,0.0,0.0,False,,-82.72049317491702,False,
negative,/mnt/MammoDiffusion/MammoDiffusion/experiments/diffusers/02_sd21_filtered_100steps/generated_images/final/negative/gen_1346.png,gen_1346.png,220.0,198.0,15.0,0.03838348388671875,0.029914529914529916,0.001308441162109375,233.32944606413994,9.545009624461148,6.727247773108657,945.8936767578125,0.0,0.0,True,too_empty,,False,
negative,/mnt/MammoDiffusion/MammoDiffusion/experiments/diffusers/02_sd21_filtered_100steps/generated_images/final/negative/gen_1347.png,gen_1347.png,27.7912,5.0,2.0,0.7159423828125,0.9976982097186701,0.7076187133789062,163.59154815685343,21.173276709121883,6.40046543518664,465.4474792480469,0.0,0.0,False,,-7.433915329422982,True,1139.0
negative,/mnt/MammoDiffusion/MammoDiffusion/experiments/diffusers/02_sd21_filtered_100steps/generated_images/final/negative/gen_1348.png,gen_1348.png,43.7912,21.0,2.0,0.456939697265625,0.9971114673078207,0.46271514892578125,111.93369222905571,53.91513264559137,6.472859199521001,1359.02978515625,0.0,0.0,False,,-5.560239029954981,True,290.0
negative,/mnt/MammoDiffusion/MammoDiffusion/experiments/diffusers/02_sd21_filtered_100steps/generated_images/final/negative/gen_1349.png,gen_1349.png,109.7912,87.0,2.0,0.246124267578125,0.7938313701177929,0.20843124389648438,153.51401013927781,41.51143631882981,5.781920894909396,723.9601440429688,0.0,0.0,False,,-82.00909580408572,False,
negative,/mnt/MammoDiffusion/MammoDiffusion/experiments/diffusers/02_sd21_filtered_100steps/generated_images/final/negative/gen_1350.png,gen_1350.png,220.0,200.0,18.0,0.043025970458984375,0.20028371309513254,0.00695037841796875,227.4001097694841,5.777778316200435,6.584486930672405,1158.000732421875,0.0,0.0,True,too_empty,,False,
negative,/mnt/MammoDiffusion/MammoDiffusion/experiments/diffusers/02_sd21_filtered_100steps/generated_images/final/negative/gen_1351.png,gen_1351.png,83.8956,70.0,1.0,0.6216201782226562,0.9999324962872957,0.6134262084960938,157.72376030745122,26.481544136865377,5.947465719546566,356.7147216796875,0.0,0.0,False,,-6.202744516506909,True,542.0
negative,/mnt/MammoDiffusion/MammoDiffusion/experiments/diffusers/02_sd21_filtered_100steps/generated_images/final/negative/gen_1352.png,gen_1352.png,115.7912,93.0,2.0,0.5038528442382812,0.85309883254342,0.4239158630371094,162.4988706614954,28.455817411867432,6.748844343784574,173.5985870361328,0.0,0.0,False,,-60.65724554504034,False,
negative,/mnt/MammoDiffusion/MammoDiffusion/experiments/diffusers/02_sd21_filtered_100steps/generated_images/final/negative/gen_1353.png,gen_1353.png,116.47800000000001,67.0,5.0,0.6731643676757812,0.9713089206986049,0.6544265747070312,154.40384368770182,28.051428679759344,7.1609898469991,567.66796875,0.0,0.0,False,,-17.064618903605176,False,
negative,/mnt/MammoDiffusion/MammoDiffusion/experiments/diffusers/02_sd21_filtered_100steps/generated_images/final/negative/gen_1354.png,gen_1354.png,103.956,10.0,10.0,0.8296432495117188,0.9895073705893712,0.8193931579589844,150.9232491771377,27.30236005453522,6.738287150395735,714.8768310546875,0.0,0.0,False,,-10.757958315085515,False,
negative,/mnt/MammoDiffusion/MammoDiffusion/experiments/diffusers/02_sd21_filtered_100steps/generated_images/final/negative/gen_1355.png,gen_1355.png,113.3736,55.0,6.0,0.3693428039550781,0.8491236405325291,0.3225440979003906,150.7954537390749,36.00735022286742,7.2654972099566635,876.5272827148438,0.0,0.0,False,,-61.71726480161954,False,
negative,/mnt/MammoDiffusion/MammoDiffusion/experiments/diffusers/02_sd21_filtered_100steps/generated_images/final/negative/gen_1356.png,gen_1356.png,107.6868,76.0,3.0,0.4530677795410156,0.994257760863525,0.4870643615722656,151.43786467837813,39.19344607621318,6.563752726551485,687.8761596679688,0.0,0.0,False,,-5.90991156397004,True,421.0
negative,/mnt/MammoDiffusion/MammoDiffusion/experiments/diffusers/02_sd21_filtered_100steps/generated_images/final/negative/gen_1357.png,gen_1357.png,80.5824,40.0,4.0,0.7450942993164062,0.9999283234863456,0.7390670776367188,154.5080725913844,24.72314884915955,6.786476033604386,156.42327880859375,0.0,0.0,False,,-8.063834854464293,False,
negative,/mnt/MammoDiffusion/MammoDiffusion/experiments/diffusers/02_sd21_filtered_100steps/generated_images/final/negative/gen_1358.png,gen_1358.png,10.0,0.0,0.0,0.8815422058105469,1.0,0.8723907470703125,144.4778610532944,23.0076310717731,5.930082795412181,115.59133911132812,0.0,0.0,False,,-8.236417861085046,False,
negative,/mnt/MammoDiffusion/MammoDiffusion/experiments/diffusers/02_sd21_filtered_100steps/generated_images/final/negative/gen_1359.png,gen_1359.png,94.7912,72.0,2.0,0.20156478881835938,0.7904578057873919,0.17926025390625,153.59625042560435,49.87236959102407,5.315680642960376,669.8375244140625,0.0,0.0,False,,-83.53146489222463,False,
negative,/mnt/MammoDiffusion/MammoDiffusion/experiments/diffusers/02_sd21_filtered_100steps/generated_images/final/negative/gen_1360.png,gen_1360.png,143.8956,130.0,1.0,0.3077812194824219,0.9021355180149474,0.2996711730957031,172.57231055157402,27.566476821889168,5.6483561066029395,321.60247802734375,0.0,0.0,False,,-41.473024414533526,False,
negative,/mnt/MammoDiffusion/MammoDiffusion/experiments/diffusers/02_sd21_filtered_100steps/generated_images/final/negative/gen_1361.png,gen_1361.png,110.7912,88.0,2.0,0.3946266174316406,0.9996230026389815,0.38916015625,163.8470534033877,28.3764278431006,5.706717100653,265.58880615234375,0.0,0.0,False,,-4.493898875192295,True,54.0
negative,/mnt/MammoDiffusion/MammoDiffusion/experiments/diffusers/02_sd21_filtered_100steps/generated_images/final/negative/gen_1362.png,gen_1362.png,74.6868,43.0,3.0,0.7262153625488281,0.998823362556665,0.7226333618164062,155.78345492361456,32.14667679490129,6.7440408714399895,527.1304321289062,0.0,0.0,False,,-6.628482414051267,True,725.0
negative,/mnt/MammoDiffusion/MammoDiffusion/experiments/diffusers/02_sd21_filtered_100steps/generated_images/final/negative/gen_1363.png,gen_1363.png,63.8956,50.0,1.0,0.6411056518554688,0.9990598707619807,0.636749267578125,142.64088185957345,34.22042462027801,6.227084555899849,555.7324829101562,0.0,0.0,False,,-5.320093085368717,True,223.0
negative,/mnt/MammoDiffusion/MammoDiffusion/experiments/diffusers/02_sd21_filtered_100steps/generated_images/final/negative/gen_1364.png,gen_1364.png,172.85160000000002,70.0,11.0,0.10957717895507812,0.7506353350739774,0.08043289184570312,207.59255394830447,16.926232607848416,6.370542426461517,442.6183166503906,0.0,0.0,True,too_empty,,False,
negative,/mnt/MammoDiffusion/MammoDiffusion/experiments/diffusers/02_sd21_filtered_100steps/generated_images/final/negative/gen_1365.png,gen_1365.png,72.7912,50.0,2.0,0.6227684020996094,0.9999816238400049,0.6183547973632812,152.31783859146935,28.480387301513925,6.603130387173869,233.7161865234375,0.0,0.0,False,,-6.770499664039676,True,792.0
negative,/mnt/MammoDiffusion/MammoDiffusion/experiments/diffusers/02_sd21_filtered_100steps/generated_images/final/negative/gen_1366.png,gen_1366.png,220.0,231.0,5.0,0.25449371337890625,0.9422010372635429,0.23258209228515625,235.0329506314581,13.09874735448175,6.2939349871085035,388.18896484375,0.0,0.0,False,,-29.057844072566407,False,
negative,/mnt/MammoDiffusion/MammoDiffusion/experiments/diffusers/02_sd21_filtered_100steps/generated_images/final/negative/gen_1367.png,gen_1367.png,100.8956,87.0,1.0,0.4544868469238281,0.9978512854516917,0.44765472412109375,174.58593097571367,25.92637949223001,5.743937935656193,282.55316162109375,0.0,0.0,False,,-5.245074348395245,True,205.0
negative,/mnt/MammoDiffusion/MammoDiffusion/experiments/diffusers/02_sd21_filtered_100steps/generated_images/final/negative/gen_1368.png,gen_1368.png,186.1648,110.0,8.0,0.09016799926757812,0.8243431907602488,0.07399749755859375,204.44849984534488,9.192177993760293,6.14244691047897,573.3980102539062,0.0,0.0,True,too_empty,,False,
negative,/mnt/MammoDiffusion/MammoDiffusion/experiments/diffusers/02_sd21_filtered_100steps/generated_images/final/negative/gen_1369.png,gen_1369.png,130.6868,99.0,3.0,0.3188743591308594,0.9241784402627077,0.3256378173828125,168.53627993064993,37.37133443524287,6.27355748879749,687.7552490234375,0.0,0.0,False,,-32.37828980190312,False,
negative,/mnt/MammoDiffusion/MammoDiffusion/experiments/diffusers/02_sd21_filtered_100steps/generated_images/final/negative/gen_1370.png,gen_1370.png,21.8956,8.0,1.0,0.852691650390625,1.0,0.8452186584472656,159.80332988820638,27.053983951824012,6.504954141414524,224.9824676513672,0.0,0.0,False,,-8.446087021405246,False,
negative,/mnt/MammoDiffusion/MammoDiffusion/experiments/diffusers/02_sd21_filtered_100steps/generated_images/final/negative/gen_1371.png,gen_1371.png,81.8956,68.0,1.0,0.6543502807617188,0.9980528641552112,0.6470184326171875,149.03508596089898,25.742136818309945,6.1267601265675715,245.83535766601562,0.0,0.0,False,,-6.4483411309197205,True,645.0
negative,/mnt/MammoDiffusion/MammoDiffusion/experiments/diffusers/02_sd21_filtered_100steps/generated_images/final/negative/gen_1372.png,gen_1372.png,127.8956,114.0,1.0,0.5088539123535156,0.998770550178795,0.5033111572265625,165.79108685766258,22.15668526246886,5.91663145278208,88.38843536376953,0.0,0.0,False,,-5.7242906024268985,True,349.0
negative,/mnt/MammoDiffusion/MammoDiffusion/experiments/diffusers/02_sd21_filtered_100steps/generated_images/final/negative/gen_1373.png,gen_1373.png,107.8956,94.0,1.0,0.47759246826171875,0.9829310372370166,0.4676322937011719,147.96055046619952,29.805729353544987,5.626317180489645,238.9604949951172,0.0,0.0,False,,-10.322935448814537,False,
negative,/mnt/MammoDiffusion/MammoDiffusion/experiments/diffusers/02_sd21_filtered_100steps/generated_images/final/negative/gen_1374.png,gen_1374.png,23.0,18.0,0.0,0.5843963623046875,0.9980351967414293,0.5791664123535156,102.61503704923432,52.396322668181035,5.738255798403333,1255.287841796875,0.0,0.0,False,,-4.990839318287523,True,132.0
negative,/mnt/MammoDiffusion/MammoDiffusion/experiments/diffusers/02_sd21_filtered_100steps/generated_images/final/negative/gen_1375.png,gen_1375.png,75.8956,62.0,1.0,0.6826934814453125,0.9992009566169733,0.6861991882324219,137.01992406175125,40.96620310820071,6.856958778156658,888.3987426757812,0.0,0.0,False,,-6.046314588513962,True,476.0
negative,/mnt/MammoDiffusion/MammoDiffusion/experiments/diffusers/02_sd21_filtered_100steps/generated_images/final/negative/gen_1376.png,gen_1376.png,133.8956,120.0,1.0,0.339111328125,0.990145788336933,0.3382720947265625,170.4705331769588,26.406423491714893,5.024224926313243,246.40753173828125,0.0,0.0,False,,-7.414246299271244,True,1129.0
negative,/mnt/MammoDiffusion/MammoDiffusion/experiments/diffusers/02_sd21_filtered_100steps/generated_images/final/negative/gen_1377.png,gen_1377.png,146.7912,124.0,2.0,0.16415023803710938,0.5757477167623342,0.09200668334960938,194.36207968821262,19.811932379873692,5.496895767751004,361.3695068359375,0.0,0.0,True,too_empty,,False,
negative,/mnt/MammoDiffusion/MammoDiffusion/experiments/diffusers/02_sd21_filtered_100steps/generated_images/final/negative/gen_1378.png,gen_1378.png,38.7912,16.0,2.0,0.7671279907226562,0.99833414554098,0.7596931457519531,163.01256847887763,21.05489767947864,6.321220483436115,515.3828125,0.0,0.0,False,,-7.407025318529852,True,1123.0
negative,/mnt/MammoDiffusion/MammoDiffusion/experiments/diffusers/02_sd21_filtered_100steps/generated_images/final/negative/gen_1379.png,gen_1379.png,76.7912,54.0,2.0,0.6630210876464844,0.9984062782281496,0.6559486389160156,164.6307595680215,22.922213418465496,6.412828651977575,323.604248046875,0.0,0.0,False,,-6.9393304532416344,True,872.0
negative,/mnt/MammoDiffusion/MammoDiffusion/experiments/diffusers/02_sd21_filtered_100steps/generated_images/final/negative/gen_1380.png,gen_1380.png,144.7912,122.0,2.0,0.3251495361328125,0.9898517058519875,0.3199577331542969,177.2760774962742,22.98611027485435,5.292486101022437,200.6568145751953,0.0,0.0,False,,-8.241003430692423,False,
negative,/mnt/MammoDiffusion/MammoDiffusion/experiments/diffusers/02_sd21_filtered_100steps/generated_images/final/negative/gen_1381.png,gen_1381.png,104.8956,91.0,1.0,0.26390838623046875,0.9216270128067995,0.2660484313964844,153.5134135325409,45.12377343300956,5.335521623645261,699.6392211914062,0.0,0.0,False,,-32.91276960261002,False,
negative,/mnt/MammoDiffusion/MammoDiffusion/experiments/diffusers/02_sd21_filtered_100steps/generated_images/final/negative/gen_1382.png,gen_1382.png,68.7912,46.0,2.0,0.47110748291015625,0.9900565191339131,0.4801177978515625,127.44164945177181,48.484651562131845,6.4158675601374,999.0973510742188,0.0,0.0,False,,-7.808985786476813,True,1334.0
negative,/mnt/MammoDiffusion/MammoDiffusion/experiments/diffusers/02_sd21_filtered_100steps/generated_images/final/negative/gen_1383.png,gen_1383.png,101.8956,88.0,1.0,0.6226577758789062,0.998388737088454,0.6148910522460938,152.06916061790434,24.809279461527268,6.484821994134723,165.6121826171875,0.0,0.0,False,,-6.617147142209943,True,719.0
negative,/mnt/MammoDiffusion/MammoDiffusion/experiments/diffusers/02_sd21_filtered_100steps/generated_images/final/negative/gen_1384.png,gen_1384.png,14.8956,1.0,1.0,0.7434120178222656,0.9984298110128745,0.7355422973632812,159.0016699685714,22.921894263761427,6.115457975354444,255.39430236816406,0.0,0.0,False,,-7.207703285478184,True,1014.0
negative,/mnt/MammoDiffusion/MammoDiffusion/experiments/diffusers/02_sd21_filtered_100steps/generated_images/final/negative/gen_1385.png,gen_1385.png,16.8956,3.0,1.0,0.8026008605957031,0.9982984548258768,0.7943840026855469,160.199348837656,22.240855522301825,6.289362979192279,315.6787109375,0.0,0.0,False,,-7.779732942156985,True,1323.0
negative,/mnt/MammoDiffusion/MammoDiffusion/experiments/diffusers/02_sd21_filtered_100steps/generated_images/final/negative/gen_1386.png,gen_1386.png,10.0,0.0,0.0,0.861480712890625,0.9966080980551915,0.8532028198242188,139.7855692965278,27.767536777363137,6.362612482711995,612.0480346679688,0.0,0.0,False,,-7.830604167902399,True,1340.0
negative,/mnt/MammoDiffusion/MammoDiffusion/experiments/diffusers/02_sd21_filtered_100steps/generated_images/final/negative/gen_1387.png,gen_1387.png,86.8956,73.0,1.0,0.4657783508300781,0.9488783875643935,0.601409912109375,123.74712031257928,48.334070913025826,5.9530905025799425,804.1862182617188,0.0,0.0,False,,-23.52916738649816,False,
negative,/mnt/MammoDiffusion/MammoDiffusion/experiments/diffusers/02_sd21_filtered_100steps/generated_images/final/negative/gen_1388.png,gen_1388.png,133.5824,93.0,4.0,0.3868865966796875,0.9766416880299743,0.3863983154296875,161.89427595466572,26.105466622991813,6.6660903805875265,413.6143798828125,0.0,0.0,False,,-13.253294162397967,False,
negative,/mnt/MammoDiffusion/MammoDiffusion/experiments/diffusers/02_sd21_filtered_100steps/generated_images/final/negative/gen_1389.png,gen_1389.png,97.7912,75.0,2.0,0.5584754943847656,0.9985792446772904,0.5517425537109375,171.52247711496446,22.83735327974388,6.200508006912466,180.6064453125,0.0,0.0,False,,-6.305910627069917,True,580.0
negative,/mnt/MammoDiffusion/MammoDiffusion/experiments/diffusers/02_sd21_filtered_100steps/generated_images/final/negative/gen_1390.png,gen_1390.png,131.6868,100.0,3.0,0.18532562255859375,0.7546828043308221,0.16957855224609375,170.7398209384982,39.56603822667901,5.9444379143394475,874.2684936523438,0.0,0.0,False,,-97.66145185791639,False,
negative,/mnt/MammoDiffusion/MammoDiffusion/experiments/diffusers/02_sd21_filtered_100steps/generated_images/final/negative/gen_1391.png,gen_1391.png,108.8956,95.0,1.0,0.267333984375,0.8825199771689498,0.248748779296875,159.02278861489387,41.87214470150079,5.137382547876606,605.7793579101562,0.0,0.0,False,,-47.72880641957854,False,
negative,/mnt/MammoDiffusion/MammoDiffusion/experiments/diffusers/02_sd21_filtered_100steps/generated_images/final/negative/gen_1392.png,gen_1392.png,190.0,108.0,20.0,0.049228668212890625,0.7507167764432391,0.03786468505859375,205.5990328430385,9.802863173937535,7.267618798743424,708.30712890625,0.0,0.0,True,too_empty,,False,
negative,/mnt/MammoDiffusion/MammoDiffusion/experiments/diffusers/02_sd21_filtered_100steps/generated_images/final/negative/gen_1393.png,gen_1393.png,10.0,0.0,0.0,0.8598594665527344,1.0,0.8526229858398438,134.21423202541274,28.68531013790951,6.236387716505119,269.60943603515625,0.0,0.0,False,,-7.671878067201371,True,1268.0
negative,/mnt/MammoDiffusion/MammoDiffusion/experiments/diffusers/02_sd21_filtered_100steps/generated_images/final/negative/gen_1394.png,gen_1394.png,98.7912,76.0,2.0,0.47481536865234375,1.0,0.4693870544433594,173.42392744235943,23.24632382318691,5.851659332670173,279.12786865234375,0.0,0.0,False,,-5.727738396594714,True,351.0
negative,/mnt/MammoDiffusion/MammoDiffusion/experiments/diffusers/02_sd21_filtered_100steps/generated_images/final/negative/gen_1395.png,gen_1395.png,121.8956,108.0,1.0,0.34466552734375,0.989662652735966,0.3397407531738281,155.32671988861566,26.83172419630738,5.248365829931455,191.09619140625,0.0,0.0,False,,-7.5617700786877435,True,1215.0
negative,/mnt/MammoDiffusion/MammoDiffusion/experiments/diffusers/02_sd21_filtered_100steps/generated_images/final/negative/gen_1396.png,gen_1396.png,107.8956,94.0,1.0,0.37393951416015625,0.9292330606165711,0.4421730041503906,139.70571031722068,39.01658652269469,5.988399837722193,594.0338745117188,0.0,0.0,False,,-29.720879723049613,False,
negative,/mnt/MammoDiffusion/MammoDiffusion/experiments/diffusers/02_sd21_filtered_100steps/generated_images/final/negative/gen_1397.png,gen_1397.png,10.0,0.0,0.0,0.6476860046386719,0.9892453485838139,0.6370849609375,91.55593744012263,52.23242916428733,6.288559722545353,1480.7369384765625,0.0,0.0,False,,-9.279192591388696,False,
negative,/mnt/MammoDiffusion/MammoDiffusion/experiments/diffusers/02_sd21_filtered_100steps/generated_images/final/negative/gen_1398.png,gen_1398.png,195.0,188.0,3.0,0.043682098388671875,0.6878875207405467,0.033588409423828125,205.17353776263488,10.083607526546526,6.211773487961549,687.6909790039062,0.0,0.0,True,too_empty,,False,
negative,/mnt/MammoDiffusion/MammoDiffusion/experiments/diffusers/02_sd21_filtered_100steps/generated_images/final/negative/gen_1399.png,gen_1399.png,217.0,215.0,1.0,0.034717559814453125,0.45192835952093174,0.014736175537109375,223.85529381309863,5.171411017143935,6.673237136516143,969.5470581054688,0.0,0.0,True,too_empty,,False,
negative,/mnt/MammoDiffusion/MammoDiffusion/experiments/diffusers/02_sd21_filtered_100steps/generated_images/final/negative/gen_1400.png,gen_1400.png,15.8956,2.0,1.0,0.7764053344726562,0.9982557853879035,0.7687187194824219,152.02305039327098,27.577850272011837,6.3694621328555305,362.5105285644531,0.0,0.0,False,,-7.1973930756608135,True,1009.0
negative,/mnt/MammoDiffusion/MammoDiffusion/experiments/diffusers/02_sd21_filtered_100steps/generated_images/final/negative/gen_1401.png,gen_1401.png,66.6868,35.0,3.0,0.5315589904785156,0.9928020381068571,0.5643768310546875,121.88671695460567,50.41669253857074,7.131009464443692,1229.322509765625,0.0,0.0,False,,-8.25357055742949,False,
negative,/mnt/MammoDiffusion/MammoDiffusion/experiments/diffusers/02_sd21_filtered_100steps/generated_images/final/negative/gen_1402.png,gen_1402.png,97.8956,84.0,1.0,0.513275146484375,0.9973170224151258,0.5061988830566406,155.8413001047499,26.336908500012107,5.700911754007464,245.9254608154297,0.0,0.0,False,,-5.503716660182285,True,267.0
negative,/mnt/MammoDiffusion/MammoDiffusion/experiments/diffusers/02_sd21_filtered_100steps/generated_images/final/negative/gen_1403.png,gen_1403.png,24.8956,11.0,1.0,0.5105628967285156,0.9973102412564162,0.5064697265625,104.46701012292118,56.37740622694467,6.207821037652151,1491.5872802734375,0.0,0.0,False,,-5.733096152246151,True,352.0
negative,/mnt/MammoDiffusion/MammoDiffusion/experiments/diffusers/02_sd21_filtered_100steps/generated_images/final/negative/gen_1404.png,gen_1404.png,138.8956,125.0,1.0,0.11685562133789062,0.6795939020011099,0.07890701293945312,194.60338409475466,27.09426347988975,5.337429506141863,844.8948364257812,0.0,0.0,True,too_empty,,False,
negative,/mnt/MammoDiffusion/MammoDiffusion/experiments/diffusers/02_sd21_filtered_100steps/generated_images/final/negative/gen_1405.png,gen_1405.png,153.3736,95.0,6.0,0.14707183837890625,0.6475073922290813,0.092742919921875,207.49243172096084,19.269228512479017,6.507798598130899,509.5973205566406,0.0,0.0,True,too_empty,,False,
negative,/mnt/MammoDiffusion/MammoDiffusion/experiments/diffusers/02_sd21_filtered_100steps/generated_images/final/negative/gen_1406.png,gen_1406.png,24.7912,2.0,2.0,0.6335601806640625,0.9982358324703162,0.6207122802734375,162.77015167531158,24.210723536314976,5.981030535733006,567.692626953125,0.0,0.0,False,,-5.974400328827289,True,446.0
negative,/mnt/MammoDiffusion/MammoDiffusion/experiments/diffusers/02_sd21_filtered_100steps/generated_images/final/negative/gen_1407.png,gen_1407.png,220.0,229.0,1.0,0.31424713134765625,0.9212168297360945,0.2826271057128906,230.03510642605514,2.5647250068798773,6.3288287936145045,1212.1419677734375,0.0,0.0,True,low_contrast,,False,
negative,/mnt/MammoDiffusion/MammoDiffusion/experiments/diffusers/02_sd21_filtered_100steps/generated_images/final/negative/gen_1408.png,gen_1408.png,10.0,5.0,0.0,0.7930526733398438,0.9986194887779349,0.7875556945800781,109.73206976890624,53.25458271571907,6.781799647017894,1245.257568359375,0.0,0.0,False,,-7.217638684631541,True,1022.0
negative,/mnt/MammoDiffusion/MammoDiffusion/experiments/diffusers/02_sd21_filtered_100steps/generated_images/final/negative/gen_1409.png,gen_1409.png,52.8956,39.0,1.0,0.5515251159667969,1.0,0.5458641052246094,166.8816380726091,20.248456093521188,5.811998668383195,108.1451416015625,0.0,0.0,False,,-6.4838566510355164,True,667.0
negative,/mnt/MammoDiffusion/MammoDiffusion/experiments/diffusers/02_sd21_filtered_100steps/generated_images/final/negative/gen_1410.png,gen_1410.png,145.7912,123.0,2.0,0.22129440307617188,0.9425970936546517,0.223541259765625,176.19372013651878,28.862052417981847,5.24247318926024,267.16644287109375,0.0,0.0,False,,-26.356727168766987,False,
negative,/mnt/MammoDiffusion/MammoDiffusion/experiments/diffusers/02_sd21_filtered_100steps/generated_images/final/negative/gen_1411.png,gen_1411.png,96.0,91.0,0.0,0.5965843200683594,0.9970266831211515,0.5893707275390625,164.06947572815534,23.37797185269081,5.452675389501161,191.72422790527344,0.0,0.0,False,,-6.341110607704775,True,594.0
negative,/mnt/MammoDiffusion/MammoDiffusion/experiments/diffusers/02_sd21_filtered_100steps/generated_images/final/negative/gen_1412.png,gen_1412.png,10.0,0.0,0.0,0.7433242797851562,0.9976906259943138,0.7361259460449219,154.9235014587684,25.59071018068632,5.974855624755687,306.9524230957031,0.0,0.0,False,,-7.089356895643595,True,942.0
negative,/mnt/MammoDiffusion/MammoDiffusion/experiments/diffusers/02_sd21_filtered_100steps/generated_images/final/negative/gen_1413.png,gen_1413.png,64.5824,24.0,4.0,0.38695526123046875,0.9977030304225241,0.38217926025390625,175.08858523146947,26.056327717896135,6.170148193447842,770.7717895507812,0.0,0.0,False,,-4.83156813128093,True,106.0
negative,/mnt/MammoDiffusion/MammoDiffusion/experiments/diffusers/02_sd21_filtered_100steps/generated_images/final/negative/gen_1414.png,gen_1414.png,93.8956,80.0,1.0,0.4944953918457031,0.9950705474855164,0.4876976013183594,150.77680352296105,33.51211424434127,5.73777176909564,364.63726806640625,0.0,0.0,False,,-5.62972591300714,True,318.0
negative,/mnt/MammoDiffusion/MammoDiffusion/experiments/diffusers/02_sd21_filtered_100steps/generated_images/final/negative/gen_1415.png,gen_1415.png,71.6868,40.0,3.0,0.510498046875,0.9929085963653754,0.543365478515625,121.11114153327716,45.14322658467841,6.8648832501378205,980.1983032226562,0.0,0.0,False,,-7.217827609012344,True,1024.0
negative,/mnt/MammoDiffusion/MammoDiffusion/experiments/diffusers/02_sd21_filtered_100steps/generated_images/final/negative/gen_1416.png,gen_1416.png,10.0,0.0,0.0,0.7885246276855469,0.9989356915827717,0.7824325561523438,82.67015747647604,50.297299487076046,6.604619986804531,1484.552734375,0.0,0.0,False,,-6.873820764876809,True,836.0
negative,/mnt/MammoDiffusion/MammoDiffusion/experiments/diffusers/02_sd21_filtered_100steps/generated_images/final/negative/gen_1417.png,gen_1417.png,172.0,161.0,3.0,0.0497894287109375,0.8181887833282255,0.0386962890625,202.1733044164038,13.59653870045177,6.176143895044236,552.042236328125,0.0,0.0,True,too_empty,,False,
negative,/mnt/MammoDiffusion/MammoDiffusion/experiments/diffusers/02_sd21_filtered_100steps/generated_images/final/negative/gen_1418.png,gen_1418.png,108.7912,86.0,2.0,0.5598106384277344,0.9960817984204537,0.5570144653320312,159.0030818118314,29.374811311719476,6.410840560404223,537.4945068359375,0.0,0.0,False,,-6.421561884106965,True,635.0
negative,/mnt/MammoDiffusion/MammoDiffusion/experiments/diffusers/02_sd21_filtered_100steps/generated_images/final/negative/gen_1419.png,gen_1419.png,10.0,0.0,0.0,0.7775993347167969,0.9983565783470613,0.769989013671875,152.6978815742539,23.168517902990217,5.8866063605415295,295.3819274902344,0.0,0.0,False,,-7.0971591784089325,True,950.0
negative,/mnt/MammoDiffusion/MammoDiffusion/experiments/diffusers/02_sd21_filtered_100steps/generated_images/final/negative/gen_1420.png,gen_1420.png,113.7912,91.0,2.0,0.48580169677734375,0.9942991755005889,0.4897422790527344,156.33991260525147,29.539103531863844,5.914639069783748,425.09344482421875,0.0,0.0,False,,-6.317238450733601,True,586.0
negative,/mnt/MammoDiffusion/MammoDiffusion/experiments/diffusers/02_sd21_filtered_100steps/generated_images/final/negative/gen_1421.png,gen_1421.png,102.7912,80.0,2.0,0.5153884887695312,0.8769928796648557,0.4654083251953125,145.98382839906887,40.48538744958457,6.990124320423809,1147.9111328125,0.0,0.0,False,,-51.19041169851293,False,
negative,/mnt/MammoDiffusion/MammoDiffusion/experiments/diffusers/02_sd21_filtered_100steps/generated_images/final/negative/gen_1422.png,gen_1422.png,70.0,65.0,0.0,0.7071914672851562,0.9978099748632583,0.699127197265625,142.5265397878563,32.0375940448075,6.156281112413465,228.126220703125,0.0,0.0,False,,-6.48773579373808,True,670.0
negative,/mnt/MammoDiffusion/MammoDiffusion/experiments/diffusers/02_sd21_filtered_100steps/generated_images/final/negative/gen_1423.png,gen_1423.png,33.8956,20.0,1.0,0.8020706176757812,1.0,0.7957267761230469,155.18562285769073,25.810983945241812,6.410824125333685,155.51271057128906,0.0,0.0,False,,-8.110165002601795,False,
negative,/mnt/MammoDiffusion/MammoDiffusion/experiments/diffusers/02_sd21_filtered_100steps/generated_images/final/negative/gen_1424.png,gen_1424.png,59.8956,46.0,1.0,0.7193145751953125,1.0,0.7131881713867188,163.32035002513933,22.961228743668052,6.047586783144164,99.69927978515625,0.0,0.0,False,,-7.615758349237702,True,1240.0
negative,/mnt/MammoDiffusion/MammoDiffusion/experiments/diffusers/02_sd21_filtered_100steps/generated_images/final/negative/gen_1425.png,gen_1425.png,95.7912,73.0,2.0,0.17672348022460938,0.9176290284283464,0.09607696533203125,137.5892162312396,42.8594144437493,4.537624021626085,774.23583984375,0.0,0.0,True,too_empty,,False,
negative,/mnt/MammoDiffusion/MammoDiffusion/experiments/diffusers/02_sd21_filtered_100steps/generated_images/final/negative/gen_1426.png,gen_1426.png,104.8956,91.0,1.0,0.3656425476074219,0.998622862567944,0.3595237731933594,161.90167326280942,23.989429211455597,4.3934663392644575,105.88922119140625,0.0,0.0,False,,-3.6861515009509804,True,4.0
negative,/mnt/MammoDiffusion/MammoDiffusion/experiments/diffusers/02_sd21_filtered_100steps/generated_images/final/negative/gen_1427.png,gen_1427.png,54.8956,41.0,1.0,0.7765769958496094,0.9999950878054771,0.7702369689941406,156.09106892572544,28.75061664830809,6.361479720473616,159.68331909179688,0.0,0.0,False,,-7.746634977111701,True,1308.0
negative,/mnt/MammoDiffusion/MammoDiffusion/experiments/diffusers/02_sd21_filtered_100steps/generated_images/final/negative/gen_1428.png,gen_1428.png,14.8956,1.0,1.0,0.7123527526855469,0.9983667043306433,0.7059707641601562,163.88891530589086,23.541668687554182,5.929103678953798,569.2417602539062,0.0,0.0,False,,-6.510060374889208,True,680.0
negative,/mnt/MammoDiffusion/MammoDiffusion/experiments/diffusers/02_sd21_filtered_100steps/generated_images/final/negative/gen_1429.png,gen_1429.png,99.7912,77.0,2.0,0.4972038269042969,0.9877780249963557,0.4874725341796875,148.19598866873258,28.919172110206315,6.239590474218623,262.5888671875,0.0,0.0,False,,-9.157402242102492,False,
negative,/mnt/MammoDiffusion/MammoDiffusion/experiments/diffusers/02_sd21_filtered_100steps/generated_images/final/negative/gen_1430.png,gen_1430.png,220.0,231.0,13.0,0.2549629211425781,0.9208372607986595,0.22573471069335938,244.7447232784115,3.171375432692492,7.035271960383361,595.4227294921875,0.0,0.0,True,low_contrast,,False,
negative,/mnt/MammoDiffusion/MammoDiffusion/experiments/diffusers/02_sd21_filtered_100steps/generated_images/final/negative/gen_1431.png,gen_1431.png,62.8956,49.0,1.0,0.6700706481933594,0.9982977996641144,0.6626968383789062,158.91884159749486,24.17627596658079,6.208960766299272,317.6253967285156,0.0,0.0,False,,-6.693521814162989,True,756.0
negative,/mnt/MammoDiffusion/MammoDiffusion/experiments/diffusers/02_sd21_filtered_100steps/generated_images/final/negative/gen_1432.png,gen_1432.png,196.0,173.0,5.0,0.0485992431640625,0.7982731554160125,0.041172027587890625,211.81701102566478,13.145148243222676,7.0438987491967175,1031.3826904296875,0.0,0.0,True,too_empty,,False,
negative,/mnt/MammoDiffusion/MammoDiffusion/experiments/diffusers/02_sd21_filtered_100steps/generated_images/final/negative/gen_1433.png,gen_1433.png,194.0,192.0,1.0,0.040958404541015625,0.4657725621682034,0.018321990966796875,208.86862377680617,10.024850463584576,5.73499144697315,959.1347045898438,0.0,0.0,True,too_empty,,False,
negative,/mnt/MammoDiffusion/MammoDiffusion/experiments/diffusers/02_sd21_filtered_100steps/generated_images/final/negative/gen_1434.png,gen_1434.png,78.8956,65.0,1.0,0.41849517822265625,0.9238327894554537,0.5217399597167969,115.81144394645064,50.99578233711105,6.4927390936723,1176.4849853515625,0.0,0.0,False,,-33.44955758690674,False,
negative,/mnt/MammoDiffusion/MammoDiffusion/experiments/diffusers/02_sd21_filtered_100steps/generated_images/final/negative/gen_1435.png,gen_1435.png,143.8956,130.0,1.0,0.2354888916015625,0.6738644463163351,0.17164993286132812,187.2755072560393,35.311342278910736,5.6848665017862725,716.75830078125,0.0,0.0,True,fragmented_mask,,False,
negative,/mnt/MammoDiffusion/MammoDiffusion/experiments/diffusers/02_sd21_filtered_100steps/generated_images/final/negative/gen_1436.png,gen_1436.png,120.7912,98.0,2.0,0.3863983154296875,0.9997729336966394,0.3815574645996094,170.44992651690112,21.714367165751685,5.540719109746666,186.76821899414062,0.0,0.0,False,,-4.996956109048771,True,134.0
negative,/mnt/MammoDiffusion/MammoDiffusion/experiments/diffusers/02_sd21_filtered_100steps/generated_images/final/negative/gen_1437.png,gen_1437.png,132.7912,110.0,2.0,0.3770332336425781,0.9245221931058207,0.36922454833984375,167.31069325343526,31.541274833240816,6.533166436909499,515.2804565429688,0.0,0.0,False,,-32.69447107773323,False,
negative,/mnt/MammoDiffusion/MammoDiffusion/experiments/diffusers/02_sd21_filtered_100steps/generated_images/final/negative/gen_1438.png,gen_1438.png,85.0,80.0,0.0,0.7229804992675781,1.0,0.7164382934570312,147.92619668814228,25.81199387506249,5.891367134298919,171.45777893066406,0.0,0.0,False,,-6.986189607641841,True,901.0
negative,/mnt/MammoDiffusion/MammoDiffusion/experiments/diffusers/02_sd21_filtered_100steps/generated_images/final/negative/gen_1439.png,gen_1439.png,220.0,217.0,36.0,0.22601699829101562,0.5464058465121774,0.12093353271484375,253.40552646520723,5.0850893415812735,6.9123137343995245,1217.7021484375,0.0,0.0,True,low_contrast,,False,
negative,/mnt/MammoDiffusion/MammoDiffusion/experiments/diffusers/02_sd21_filtered_100steps/generated_images/final/negative/gen_1440.png,gen_1440.png,87.7912,65.0,2.0,0.7361183166503906,0.9997149801263415,0.729888916015625,149.34515198394448,25.202964435366162,6.457740047647805,120.82752990722656,0.0,0.0,False,,-7.573291941801462,True,1222.0
negative,/mnt/MammoDiffusion/MammoDiffusion/experiments/diffusers/02_sd21_filtered_100steps/generated_images/final/negative/gen_1441.png,gen_1441.png,10.0,0.0,0.0,0.8742218017578125,0.9985251252334492,0.8639450073242188,160.13245436642853,19.655337921456987,5.93620819312874,181.2296142578125,0.0,0.0,False,,-8.180869557730473,False,
negative,/mnt/MammoDiffusion/MammoDiffusion/experiments/diffusers/02_sd21_filtered_100steps/generated_images/final/negative/gen_1442.png,gen_1442.png,104.7912,82.0,2.0,0.21870040893554688,0.8232718773438454,0.19950485229492188,164.40557180825638,43.89200524869456,5.7422407391872134,633.4282836914062,0.0,0.0,False,,-71.22136050766088,False,
negative,/mnt/MammoDiffusion/MammoDiffusion/experiments/diffusers/02_sd21_filtered_100steps/generated_images/final/negative/gen_1443.png,gen_1443.png,160.1648,84.0,8.0,0.25726318359375,0.926423487544484,0.25325775146484375,182.16534116583824,19.40909191780996,6.589903348253187,165.959716796875,0.0,0.0,False,,-34.181759065588935,False,
negative,/mnt/MammoDiffusion/MammoDiffusion/experiments/diffusers/02_sd21_filtered_100steps/generated_images/final/negative/gen_1444.png,gen_1444.png,130.0,125.0,0.0,0.20365142822265625,0.8986251077061402,0.192138671875,176.30644456797967,34.64195808909264,3.9455453175346236,326.4317626953125,0.0,0.0,False,,-41.76803576076928,False,
negative,/mnt/MammoDiffusion/MammoDiffusion/experiments/diffusers/02_sd21_filtered_100steps/generated_images/final/negative/gen_1445.png,gen_1445.png,10.0,0.0,0.0,0.8596649169921875,0.997688102380234,0.8501167297363281,155.90927203133904,22.238854402782405,5.681759120935402,60.798667907714844,0.0,0.0,False,,-8.136351879233263,False,
negative,/mnt/MammoDiffusion/MammoDiffusion/experiments/diffusers/02_sd21_filtered_100steps/generated_images/final/negative/gen_1446.png,gen_1446.png,98.8956,85.0,1.0,0.4491691589355469,1.0,0.4438591003417969,166.12446392505694,23.464045167258924,5.4046864098704965,179.18031311035156,0.0,0.0,False,,-5.169639405241936,True,187.0
negative,/mnt/MammoDiffusion/MammoDiffusion/experiments/diffusers/02_sd21_filtered_100steps/generated_images/final/negative/gen_1447.png,gen_1447.png,108.7912,86.0,2.0,0.6946525573730469,0.9926248908560728,0.7125968933105469,144.78633105464044,29.458420614250176,6.487942074600018,608.7463989257812,0.0,0.0,False,,-8.500044938585148,False,
negative,/mnt/MammoDiffusion/MammoDiffusion/experiments/diffusers/02_sd21_filtered_100steps/generated_images/final/negative/gen_1448.png,gen_1448.png,10.0,0.0,0.0,0.7888603210449219,0.9999951642931405,0.779541015625,147.2518840040714,23.380346225893827,6.113913291505836,505.654052734375,0.0,0.0,False,,-7.274086005381915,True,1059.0
negative,/mnt/MammoDiffusion/MammoDiffusion/experiments/diffusers/02_sd21_filtered_100steps/generated_images/final/negative/gen_1449.png,gen_1449.png,131.6868,100.0,3.0,0.21404647827148438,0.7538094134839871,0.17844772338867188,183.92590692404713,37.59814996809696,6.167690415615563,763.9220581054688,0.0,0.0,False,,-98.27457994099095,False,
negative,/mnt/MammoDiffusion/MammoDiffusion/experiments/diffusers/02_sd21_filtered_100steps/generated_images/final/negative/gen_1450.png,gen_1450.png,85.8956,72.0,1.0,0.4612998962402344,0.9869921522902246,0.519073486328125,129.07763536951026,44.43066308576597,6.082211533010272,836.7622680664062,0.0,0.0,False,,-8.547403337559782,False,
negative,/mnt/MammoDiffusion/MammoDiffusion/experiments/diffusers/02_sd21_filtered_100steps/generated_images/final/negative/gen_1451.png,gen_1451.png,99.8956,86.0,1.0,0.3595123291015625,0.9702262212979076,0.42015838623046875,139.62518385357083,46.331185186523726,5.815170181104515,758.8851318359375,0.0,0.0,False,,-14.199443054187771,False,
negative,/mnt/MammoDiffusion/MammoDiffusion/experiments/diffusers/02_sd21_filtered_100steps/generated_images/final/negative/gen_1452.png,gen_1452.png,15.8956,2.0,1.0,0.8423843383789062,0.998614293606731,0.8333778381347656,157.5403153823267,28.197572138527292,6.5889768179145545,489.92852783203125,0.0,0.0,False,,-7.57824921841727,True,1223.0
negative,/mnt/MammoDiffusion/MammoDiffusion/experiments/diffusers/02_sd21_filtered_100steps/generated_images/final/negative/gen_1453.png,gen_1453.png,220.0,69.0,62.0,0.14483642578125,0.41798356510745893,0.059337615966796875,254.60064288010287,1.8606758616813368,7.108612105103164,1228.1422119140625,0.0,0.0,True,too_empty,,False,
negative,/mnt/MammoDiffusion/MammoDiffusion/experiments/diffusers/02_sd21_filtered_100steps/generated_images/final/negative/gen_1454.png,gen_1454.png,88.8956,75.0,1.0,0.31612396240234375,1.0,0.31085205078125,172.05194629884156,26.20076167821493,5.039786962148661,191.92893981933594,0.0,0.0,False,,-4.916361649345001,True,120.0
negative,/mnt/MammoDiffusion/MammoDiffusion/experiments/diffusers/02_sd21_filtered_100steps/generated_images/final/negative/gen_1455.png,gen_1455.png,25.8956,12.0,1.0,0.7844429016113281,0.9985119409444798,0.7758445739746094,156.99123328891795,29.418102540421994,6.498119488400691,322.4390563964844,0.0,0.0,False,,-7.298760150776239,True,1076.0
negative,/mnt/MammoDiffusion/MammoDiffusion/experiments/diffusers/02_sd21_filtered_100steps/generated_images/final/negative/gen_1456.png,gen_1456.png,98.7912,76.0,2.0,0.5279808044433594,0.9999638746595186,0.5220413208007812,170.77855316039458,23.810711653166127,5.9556309125987354,294.2521667480469,0.0,0.0,False,,-6.060634132190046,True,484.0
negative,/mnt/MammoDiffusion/MammoDiffusion/experiments/diffusers/02_sd21_filtered_100steps/generated_images/final/negative/gen_1457.png,gen_1457.png,42.8956,29.0,1.0,0.8386077880859375,0.9982032060263105,0.8302993774414062,143.394242343493,31.049468508183796,6.692186543592903,400.7521667480469,0.0,0.0,False,,-7.5171299073170355,True,1190.0
negative,/mnt/MammoDiffusion/MammoDiffusion/experiments/diffusers/02_sd21_filtered_100steps/generated_images/final/negative/gen_1458.png,gen_1458.png,91.8956,78.0,1.0,0.4394378662109375,0.9988454460224313,0.4349784851074219,160.97775965341543,33.05586724452327,5.714095469545695,422.6293640136719,0.0,0.0,False,,-4.003762995914077,True,14.0
negative,/mnt/MammoDiffusion/MammoDiffusion/experiments/diffusers/02_sd21_filtered_100steps/generated_images/final/negative/gen_1459.png,gen_1459.png,174.1648,98.0,8.0,0.11937713623046875,0.8817025627915894,0.10528182983398438,204.2243559549259,17.474857879815417,7.068470429292322,677.5138549804688,0.0,0.0,True,too_empty,,False,
negative,/mnt/MammoDiffusion/MammoDiffusion/experiments/diffusers/02_sd21_filtered_100steps/generated_images/final/negative/gen_1460.png,gen_1460.png,83.8956,70.0,1.0,0.5546951293945312,0.9978887284230795,0.5510787963867188,146.044904542371,34.7347192991015,5.80625243845877,453.99627685546875,0.0,0.0,False,,-4.778710761401214,True,101.0
negative,/mnt/MammoDiffusion/MammoDiffusion/experiments/diffusers/02_sd21_filtered_100steps/generated_images/final/negative/gen_1461.png,gen_1461.png,89.7912,67.0,2.0,0.6902809143066406,0.999126845092372,0.6840171813964844,148.5137442767036,28.92380989271268,6.622861710002318,330.4338684082031,0.0,0.0,False,,-6.687079169308602,True,752.0
negative,/mnt/MammoDiffusion/MammoDiffusion/experiments/diffusers/02_sd21_filtered_100steps/generated_images/final/negative/gen_1462.png,gen_1462.png,134.8956,121.0,1.0,0.18372344970703125,0.6063078775798347,0.11365890502929688,192.13317670750126,36.33220588663514,6.130963101822583,1007.0279541015625,0.0,0.0,True,fragmented_mask,,False,
negative,/mnt/MammoDiffusion/MammoDiffusion/experiments/diffusers/02_sd21_filtered_100steps/generated_images/final/negative/gen_1463.png,gen_1463.png,207.434,69.0,15.0,0.06547164916992188,0.8955893491813786,0.059322357177734375,219.72207575075558,8.544454600346691,7.041329758661401,473.3482360839844,0.0,0.0,True,too_empty,,False,
negative,/mnt/MammoDiffusion/MammoDiffusion/experiments/diffusers/02_sd21_filtered_100steps/generated_images/final/negative/gen_1464.png,gen_1464.png,127.7912,105.0,2.0,0.15195846557617188,0.8261076942387348,0.15793228149414062,171.2159609671264,45.74466298132933,5.206837217798996,432.6040954589844,0.0,0.0,False,,-70.45878530062953,False,
negative,/mnt/MammoDiffusion/MammoDiffusion/experiments/diffusers/02_sd21_filtered_100steps/generated_images/final/negative/gen_1465.png,gen_1465.png,66.7912,44.0,2.0,0.7014999389648438,0.9985426386940303,0.692718505859375,165.70466760650248,24.316056710006944,6.321504159917287,517.958251953125,0.0,0.0,False,,-6.744378168346398,True,785.0
negative,/mnt/MammoDiffusion/MammoDiffusion/experiments/diffusers/02_sd21_filtered_100steps/generated_images/final/negative/gen_1466.png,gen_1466.png,14.8956,1.0,1.0,0.6722259521484375,0.9923447962773806,0.6608848571777344,167.739799246163,21.534752428934347,5.649730217352179,394.80810546875,0.0,0.0,False,,-8.661370765365545,False,
negative,/mnt/MammoDiffusion/MammoDiffusion/experiments/diffusers/02_sd21_filtered_100steps/generated_images/final/negative/gen_1467.png,gen_1467.png,10.0,0.0,0.0,0.8261184692382812,0.9987070677219457,0.81976318359375,153.69268855632492,19.463268722165346,5.5783174086223815,260.2425842285156,0.0,0.0,False,,-7.302742322798829,True,1082.0
negative,/mnt/MammoDiffusion/MammoDiffusion/experiments/diffusers/02_sd21_filtered_100steps/generated_images/final/negative/gen_1468.png,gen_1468.png,220.0,217.0,3.0,0.23175048828125,0.07112523044508823,0.015499114990234375,226.42087127738125,5.915566180673008,6.115731963282696,988.044189453125,0.0,0.0,True,too_empty,,False,
negative,/mnt/MammoDiffusion/MammoDiffusion/experiments/diffusers/02_sd21_filtered_100steps/generated_images/final/negative/gen_1469.png,gen_1469.png,102.8956,89.0,1.0,0.4386253356933594,0.9953732290860388,0.44635009765625,155.3921099412006,36.09159586451579,5.84330711274321,422.69708251953125,0.0,0.0,False,,-5.190296621950138,True,191.0
negative,/mnt/MammoDiffusion/MammoDiffusion/experiments/diffusers/02_sd21_filtered_100steps/generated_images/final/negative/gen_1470.png,gen_1470.png,80.7912,58.0,2.0,0.6958465576171875,0.9978126439050062,0.6887130737304688,152.4921957217711,29.882882663012186,6.730914949526939,611.3006591796875,0.0,0.0,False,,-6.685241970411399,True,751.0
negative,/mnt/MammoDiffusion/MammoDiffusion/experiments/diffusers/02_sd21_filtered_100steps/generated_images/final/negative/gen_1471.png,gen_1471.png,10.0,0.0,0.0,0.8255691528320312,1.0,0.8179702758789062,142.1686082844431,24.176997211508294,5.953693307590095,255.57351684570312,0.0,0.0,False,,-7.599584634670752,True,1235.0
negative,/mnt/MammoDiffusion/MammoDiffusion/experiments/diffusers/02_sd21_filtered_100steps/generated_images/final/negative/gen_1472.png,gen_1472.png,10.0,0.0,0.0,0.8914985656738281,0.9999614892533623,0.885772705078125,111.60096899224806,62.62890358365857,6.6422714640850335,1029.169921875,0.0,0.0,False,,-8.406275772443056,False,
negative,/mnt/MammoDiffusion/MammoDiffusion/experiments/diffusers/02_sd21_filtered_100steps/generated_images/final/negative/gen_1473.png,gen_1473.png,54.6868,23.0,3.0,0.7353134155273438,0.9990402473567893,0.7334442138671875,126.7685678324006,46.738771353533366,7.344726212683681,1237.0557861328125,0.0,0.0,False,,-7.310595252831174,True,1084.0
negative,/mnt/MammoDiffusion/MammoDiffusion/experiments/diffusers/02_sd21_filtered_100steps/generated_images/final/negative/gen_1474.png,gen_1474.png,36.7912,14.0,2.0,0.5573005676269531,0.9991306907244015,0.5538444519042969,112.4466102336986,50.93535592999882,6.845566066698071,1337.112060546875,0.0,0.0,False,,-5.816523880315998,True,379.0
negative,/mnt/MammoDiffusion/MammoDiffusion/experiments/diffusers/02_sd21_filtered_100steps/generated_images/final/negative/gen_1475.png,gen_1475.png,81.7912,59.0,2.0,0.43677520751953125,0.9966636971824835,0.4301719665527344,166.30343983612227,28.7426980558424,5.935524240922076,469.779296875,0.0,0.0,False,,-5.194146185507362,True,194.0
negative,/mnt/MammoDiffusion/MammoDiffusion/experiments/diffusers/02_sd21_filtered_100steps/generated_images/final/negative/gen_1476.png,gen_1476.png,132.7912,110.0,2.0,0.21219253540039062,0.8896359550561798,0.21374130249023438,178.2464171619282,36.088772574811124,5.703295349453683,432.4989929199219,0.0,0.0,False,,-46.33661840611379,False,
negative,/mnt/MammoDiffusion/MammoDiffusion/experiments/diffusers/02_sd21_filtered_100steps/generated_images/final/negative/gen_1477.png,gen_1477.png,69.7912,47.0,2.0,0.6960906982421875,1.0,0.6900672912597656,157.27736225586935,23.762210332351312,6.449731688526202,192.17514038085938,0.0,0.0,False,,-7.5279989948329185,True,1193.0
negative,/mnt/MammoDiffusion/MammoDiffusion/experiments/diffusers/02_sd21_filtered_100steps/generated_images/final/negative/gen_1478.png,gen_1478.png,191.0,91.0,23.0,0.048625946044921875,0.7512355848434926,0.03794097900390625,207.41544339432937,12.802029344925911,6.665285902120765,545.7255249023438,0.0,0.0,True,too_empty,,False,
negative,/mnt/MammoDiffusion/MammoDiffusion/experiments/diffusers/02_sd21_filtered_100steps/generated_images/final/negative/gen_1479.png,gen_1479.png,89.8956,76.0,1.0,0.6000480651855469,0.9978003674530671,0.59539794921875,143.42400691952844,31.621314626957084,6.315256155976385,382.65765380859375,0.0,0.0,False,,-5.758572619269788,True,363.0
negative,/mnt/MammoDiffusion/MammoDiffusion/experiments/diffusers/02_sd21_filtered_100steps/generated_images/final/negative/gen_1480.png,gen_1480.png,91.8956,78.0,1.0,0.7061805725097656,0.9988169899687231,0.6994094848632812,151.94218581261657,26.139939356002508,6.422518060691765,144.71633911132812,0.0,0.0,False,,-6.960455493894876,True,883.0
negative,/mnt/MammoDiffusion/MammoDiffusion/experiments/diffusers/02_sd21_filtered_100steps/generated_images/final/negative/gen_1481.png,gen_1481.png,107.7912,85.0,2.0,0.4763908386230469,0.981774941345099,0.4926719665527344,154.09460244210266,35.176576731791975,6.2777700344211524,644.0671997070312,0.0,0.0,False,,-10.763186866444128,False,
negative,/mnt/MammoDiffusion/MammoDiffusion/experiments/diffusers/02_sd21_filtered_100steps/generated_images/final/negative/gen_1482.png,gen_1482.png,220.0,238.0,1.0,0.41553497314453125,0.9779216010281833,0.39807891845703125,239.06150219445348,8.610446358091892,5.822240862863708,834.5390625,0.0,0.0,False,,-14.247686152478083,False,
negative,/mnt/MammoDiffusion/MammoDiffusion/experiments/diffusers/02_sd21_filtered_100steps/generated_images/final/negative/gen_1483.png,gen_1483.png,174.8956,161.0,1.0,0.09526824951171875,0.7747657563866421,0.07517623901367188,207.24321307149745,18.674209524703397,6.858161104864351,1046.3939208984375,0.0,0.0,True,too_empty,,False,
negative,/mnt/MammoDiffusion/MammoDiffusion/experiments/diffusers/02_sd21_filtered_100steps/generated_images/final/negative/gen_1484.png,gen_1484.png,176.0,171.0,0.0,0.0832672119140625,0.8910115448048378,0.07630157470703125,207.0211478852115,19.100097417293263,6.107054069030768,801.0670776367188,0.0,0.0,True,too_empty,,False,
negative,/mnt/MammoDiffusion/MammoDiffusion/experiments/diffusers/02_sd21_filtered_100steps/generated_images/final/negative/gen_1485.png,gen_1485.png,206.0,83.0,17.0,0.04721832275390625,0.30546130231055096,0.010150909423828125,211.91694851559564,6.051099130297317,6.515396037985875,681.9212036132812,0.0,0.0,True,too_empty,,False,
negative,/mnt/MammoDiffusion/MammoDiffusion/experiments/diffusers/02_sd21_filtered_100steps/generated_images/final/negative/gen_1486.png,gen_1486.png,219.0164,45.0,19.0,0.05686187744140625,0.84938950758084,0.04803466796875,227.54542566709023,7.412674680003489,7.2019119079071485,413.3293762207031,0.0,0.0,True,too_empty,,False,
negative,/mnt/MammoDiffusion/MammoDiffusion/experiments/diffusers/02_sd21_filtered_100steps/generated_images/final/negative/gen_1487.png,gen_1487.png,68.8956,55.0,1.0,0.6990585327148438,0.9957326988769686,0.7379112243652344,114.51672620309245,42.24269236565491,6.65293531282522,780.5728759765625,0.0,0.0,False,,-6.743366661796716,True,783.0
negative,/mnt/MammoDiffusion/MammoDiffusion/experiments/diffusers/02_sd21_filtered_100steps/generated_images/final/negative/gen_1488.png,gen_1488.png,105.5824,65.0,4.0,0.6145896911621094,0.9977655157003557,0.6073112487792969,154.13710168778226,23.8832473788154,6.4801675149258315,184.16000366210938,0.0,0.0,False,,-6.860051548707708,True,830.0
negative,/mnt/MammoDiffusion/MammoDiffusion/experiments/diffusers/02_sd21_filtered_100steps/generated_images/final/negative/gen_1489.png,gen_1489.png,103.8956,90.0,1.0,0.35001373291015625,0.9949974932972949,0.3436431884765625,175.85146085875405,24.415124442857575,5.348432065321079,268.7281799316406,0.0,0.0,False,,-5.98358941327599,True,448.0
negative,/mnt/MammoDiffusion/MammoDiffusion/experiments/diffusers/02_sd21_filtered_100steps/generated_images/final/negative/gen_1490.png,gen_1490.png,15.8956,2.0,1.0,0.7546844482421875,0.9979983420611012,0.7470016479492188,147.74434435354556,25.443139788461732,6.24817803792379,211.47488403320312,0.0,0.0,False,,-7.285940912107352,True,1068.0
negative,/mnt/MammoDiffusion/MammoDiffusion/experiments/diffusers/02_sd21_filtered_100steps/generated_images/final/negative/gen_1491.png,gen_1491.png,159.06040000000002,74.0,9.0,0.1662139892578125,0.7385017901404571,0.1230621337890625,207.02792932424055,23.17103703092763,6.956283432221005,1017.1131591796875,0.0,0.0,True,fragmented_mask,,False,
negative,/mnt/MammoDiffusion/MammoDiffusion/experiments/diffusers/02_sd21_filtered_100steps/generated_images/final/negative/gen_1492.png,gen_1492.png,29.7912,7.0,2.0,0.48026275634765625,0.9984352412270251,0.4750518798828125,164.3615536568914,28.94173014298013,6.114417310481924,777.7991333007812,0.0,0.0,False,,-4.748681611052802,True,96.0
negative,/mnt/MammoDiffusion/MammoDiffusion/experiments/diffusers/02_sd21_filtered_100steps/generated_images/final/negative/gen_1493.png,gen_1493.png,97.7912,75.0,2.0,0.4679679870605469,1.0,0.46234893798828125,173.27329582020099,18.7533147731375,5.613945349617174,114.67338562011719,0.0,0.0,False,,-5.93640683464617,True,427.0
negative,/mnt/MammoDiffusion/MammoDiffusion/experiments/diffusers/02_sd21_filtered_100steps/generated_images/final/negative/gen_1494.png,gen_1494.png,139.8956,126.0,1.0,0.08893203735351562,0.8044438725174795,0.0706024169921875,186.8406094661768,26.81446531110245,5.720318184500716,564.8724365234375,0.0,0.0,True,too_empty,,False,
negative,/mnt/MammoDiffusion/MammoDiffusion/experiments/diffusers/02_sd21_filtered_100steps/generated_images/final/negative/gen_1495.png,gen_1495.png,102.7912,80.0,2.0,0.5149917602539062,0.9999703708093214,0.5093002319335938,161.46115646768033,21.25800189168645,5.920431016467791,74.964111328125,0.0,0.0,False,,-6.211988670576238,True,549.0
negative,/mnt/MammoDiffusion/MammoDiffusion/experiments/diffusers/02_sd21_filtered_100steps/generated_images/final/negative/gen_1496.png,gen_1496.png,106.8956,93.0,1.0,0.3759307861328125,0.995565612696351,0.36896514892578125,166.08657802774962,27.05836381933528,5.06493954747258,233.4051513671875,0.0,0.0,False,,-5.090073843297337,True,165.0
negative,/mnt/MammoDiffusion/MammoDiffusion/experiments/diffusers/02_sd21_filtered_100steps/generated_images/final/negative/gen_1497.png,gen_1497.png,120.8956,107.0,1.0,0.5899085998535156,0.9816672163268474,0.5833206176757812,153.9760911361942,23.1947876204656,6.204099363858346,170.71725463867188,0.0,0.0,False,,-12.624819566963101,False,
negative,/mnt/MammoDiffusion/MammoDiffusion/experiments/diffusers/02_sd21_filtered_100steps/generated_images/final/negative/gen_1498.png,gen_1498.png,67.8956,54.0,1.0,0.50677490234375,0.9978170540768397,0.5000228881835938,168.61082714109156,22.052091092939204,5.6961436789884505,279.4461975097656,0.0,0.0,False,,-5.678735510124283,True,336.0
negative,/mnt/MammoDiffusion/MammoDiffusion/experiments/diffusers/02_sd21_filtered_100steps/generated_images/final/negative/gen_1499.png,gen_1499.png,15.8956,2.0,1.0,0.7372856140136719,0.9982925882809468,0.7295494079589844,161.59921985704352,22.158761206932766,5.991475011070852,227.82015991210938,0.0,0.0,False,,-7.237672071787326,True,1038.0
negative,/mnt/MammoDiffusion/MammoDiffusion/experiments/diffusers/02_sd21_filtered_100steps/generated_images/final/negative/gen_1500.png,gen_1500.png,15.8956,2.0,1.0,0.6711158752441406,0.9982777143052026,0.6640129089355469,170.09718097054582,20.721496916702815,5.924371432998694,492.490478515625,0.0,0.0,False,,-6.619285406628561,True,720.0
negative,/mnt/MammoDiffusion/MammoDiffusion/experiments/diffusers/02_sd21_filtered_100steps/generated_images/final/negative/gen_1501.png,gen_1501.png,86.8956,73.0,1.0,0.5313224792480469,0.9986215115986876,0.5256233215332031,150.49327595091046,25.017953190519496,5.781456827035311,141.35504150390625,0.0,0.0,False,,-5.323879239303085,True,225.0
negative,/mnt/MammoDiffusion/MammoDiffusion/experiments/diffusers/02_sd21_filtered_100steps/generated_images/final/negative/gen_1502.png,gen_1502.png,10.0,0.0,0.0,0.840850830078125,0.9989293361884368,0.8347282409667969,90.42568972529807,56.938469894132865,7.007146423440348,1809.375732421875,0.0,0.0,False,,-8.336419185536728,False,
negative,/mnt/MammoDiffusion/MammoDiffusion/experiments/diffusers/02_sd21_filtered_100steps/generated_images/final/negative/gen_1503.png,gen_1503.png,145.7912,123.0,2.0,0.16552734375,0.6073008849557522,0.09914016723632812,207.01154334526146,23.406492393009255,5.411298387177901,776.72802734375,0.0,0.0,True,too_empty,,False,
negative,/mnt/MammoDiffusion/MammoDiffusion/experiments/diffusers/02_sd21_filtered_100steps/generated_images/final/negative/gen_1504.png,gen_1504.png,102.8956,89.0,1.0,0.2998085021972656,0.9960429045843777,0.2910881042480469,173.71246412517854,20.916031906869115,4.698470878500559,173.87445068359375,0.0,0.0,False,,-5.668109451815117,True,331.0
negative,/mnt/MammoDiffusion/MammoDiffusion/experiments/diffusers/02_sd21_filtered_100steps/generated_images/final/negative/gen_1505.png,gen_1505.png,220.0,232.0,5.0,0.2777366638183594,0.9205570892908649,0.24881362915039062,237.32653123802223,4.039956695160859,7.020300901399208,1204.7880859375,0.0,0.0,True,low_contrast,,False,
negative,/mnt/MammoDiffusion/MammoDiffusion/experiments/diffusers/02_sd21_filtered_100steps/generated_images/final/negative/gen_1506.png,gen_1506.png,72.8956,59.0,1.0,0.6806831359863281,0.998514882003172,0.6755790710449219,142.17570963133613,31.80506920362757,6.240339807844221,422.5238037109375,0.0,0.0,False,,-5.8806589769754956,True,409.0
negative,/mnt/MammoDiffusion/MammoDiffusion/experiments/diffusers/02_sd21_filtered_100steps/generated_images/final/negative/gen_1507.png,gen_1507.png,42.7912,20.0,2.0,0.4327354431152344,0.9950105342959652,0.42626953125,180.94381801260022,21.989348342325773,5.799921588241734,670.97607421875,0.0,0.0,False,,-6.033835739138487,True,471.0
negative,/mnt/MammoDiffusion/MammoDiffusion/experiments/diffusers/02_sd21_filtered_100steps/generated_images/final/negative/gen_1508.png,gen_1508.png,114.5824,74.0,4.0,0.2993011474609375,0.9319143512617895,0.29114532470703125,159.04913393254893,38.70192257745651,6.83785646596246,592.7816162109375,0.0,0.0,False,,-30.041322010506924,False,
negative,/mnt/MammoDiffusion/MammoDiffusion/experiments/diffusers/02_sd21_filtered_100steps/generated_images/final/negative/gen_1509.png,gen_1509.png,67.7912,45.0,2.0,0.6356086730957031,0.9918437651916625,0.6269912719726562,155.62300288387826,27.48538172697945,6.508942885711934,534.7848510742188,0.0,0.0,False,,-8.631045761394876,False,
negative,/mnt/MammoDiffusion/MammoDiffusion/experiments/diffusers/02_sd21_filtered_100steps/generated_images/final/negative/gen_1510.png,gen_1510.png,18.8956,5.0,1.0,0.6270523071289062,0.9978220929808125,0.6225013732910156,102.47120752520146,51.12880548722354,6.826856301723329,1210.0906982421875,0.0,0.0,False,,-6.1551891139101125,True,518.0
negative,/mnt/MammoDiffusion/MammoDiffusion/experiments/diffusers/02_sd21_filtered_100steps/generated_images/final/negative/gen_1511.png,gen_1511.png,106.8956,93.0,1.0,0.5651054382324219,0.9961050094843357,0.5572853088378906,167.22653314075666,21.961651376789487,5.866658232511159,210.908447265625,0.0,0.0,False,,-6.930897631769416,True,865.0
negative,/mnt/MammoDiffusion/MammoDiffusion/experiments/diffusers/02_sd21_filtered_100steps/generated_images/final/negative/gen_1512.png,gen_1512.png,132.7912,110.0,2.0,0.3545875549316406,0.9688552279108797,0.369537353515625,166.24576761086794,31.476275392636868,5.985520293106124,338.96246337890625,0.0,0.0,False,,-15.625654292158796,False,
negative,/mnt/MammoDiffusion/MammoDiffusion/experiments/diffusers/02_sd21_filtered_100steps/generated_images/final/negative/gen_1513.png,gen_1513.png,18.8956,5.0,1.0,0.7942047119140625,0.9984101519721801,0.7877616882324219,137.61565467514419,27.809126228515108,6.156658775470591,394.3563537597656,0.0,0.0,False,,-6.779255724298864,True,800.0
negative,/mnt/MammoDiffusion/MammoDiffusion/experiments/diffusers/02_sd21_filtered_100steps/generated_images/final/negative/gen_1514.png,gen_1514.png,47.7912,25.0,2.0,0.3128471374511719,0.9976344636695077,0.3078117370605469,150.90775922965386,41.342633567974396,5.909494949380617,777.0873413085938,0.0,0.0,False,,-4.129662314358491,True,23.0
negative,/mnt/MammoDiffusion/MammoDiffusion/experiments/diffusers/02_sd21_filtered_100steps/generated_images/final/negative/gen_1515.png,gen_1515.png,94.8956,81.0,1.0,0.6219940185546875,0.999632019233128,0.6155242919921875,163.6279530974987,25.730935586102913,6.064765163816059,236.40679931640625,0.0,0.0,False,,-6.506112248047008,True,679.0
negative,/mnt/MammoDiffusion/MammoDiffusion/experiments/diffusers/02_sd21_filtered_100steps/generated_images/final/negative/gen_1516.png,gen_1516.png,107.6868,76.0,3.0,0.19282913208007812,0.7117450394666561,0.13468551635742188,169.67216132778202,36.40513261590969,6.144290714101365,865.4212646484375,0.0,0.0,True,fragmented_mask,,False,
negative,/mnt/MammoDiffusion/MammoDiffusion/experiments/diffusers/02_sd21_filtered_100steps/generated_images/final/negative/gen_1517.png,gen_1517.png,63.478,14.0,5.0,0.5730094909667969,0.9966314051567462,0.5655021667480469,137.91800624650068,41.14319482359136,6.850247339288489,888.7700805664062,0.0,0.0,False,,-5.901133935921666,True,416.0
negative,/mnt/MammoDiffusion/MammoDiffusion/experiments/diffusers/02_sd21_filtered_100steps/generated_images/final/negative/gen_1518.png,gen_1518.png,220.0,236.0,18.0,0.40709686279296875,0.9334320358327555,0.3734016418457031,253.49713439239923,12.619814883859698,6.050437943410891,1353.0535888671875,0.0,0.0,False,,-32.05111507717084,False,
negative,/mnt/MammoDiffusion/MammoDiffusion/experiments/diffusers/02_sd21_filtered_100steps/generated_images/final/negative/gen_1519.png,gen_1519.png,10.0,0.0,0.0,0.8650436401367188,1.0,0.8566627502441406,147.8917170223851,24.348673121988096,6.043732787681398,136.0471649169922,0.0,0.0,False,,-8.187135793802991,False,
negative,/mnt/MammoDiffusion/MammoDiffusion/experiments/diffusers/02_sd21_filtered_100steps/generated_images/final/negative/gen_1520.png,gen_1520.png,220.0,33.0,33.0,0.15359115600585938,0.760946774954673,0.11598587036132812,253.16859069232035,16.95946956996093,6.659042344461511,874.3013916015625,0.0,0.0,False,,-98.87820396898077,False,
negative,/mnt/MammoDiffusion/MammoDiffusion/experiments/diffusers/02_sd21_filtered_100steps/generated_images/final/negative/gen_1521.png,gen_1521.png,213.95600000000002,120.0,10.0,0.08210372924804688,0.5566603168703248,0.046966552734375,223.92511371020143,7.461091161643359,6.388574190136296,488.3529968261719,0.0,0.0,True,too_empty,,False,
negative,/mnt/MammoDiffusion/MammoDiffusion/experiments/diffusers/02_sd21_filtered_100steps/generated_images/final/negative/gen_1522.png,gen_1522.png,129.6868,98.0,3.0,0.20371246337890625,0.8713718587318827,0.182220458984375,182.45576536593535,36.86191130688056,5.922167004447656,724.9609985351562,0.0,0.0,False,,-53.39480494574821,False,
negative,/mnt/MammoDiffusion/MammoDiffusion/experiments/diffusers/02_sd21_filtered_100steps/generated_images/final/negative/gen_1523.png,gen_1523.png,125.1648,49.0,8.0,0.3986244201660156,0.9999138731255443,0.3928718566894531,180.4185592636107,21.825241892774,7.237601196802043,97.86300659179688,0.0,0.0,False,,-6.791857180284616,True,804.0
negative,/mnt/MammoDiffusion/MammoDiffusion/experiments/diffusers/02_sd21_filtered_100steps/generated_images/final/negative/gen_1524.png,gen_1524.png,68.0,63.0,0.0,0.6127510070800781,0.9973790535955525,0.6140785217285156,126.11137615932711,38.536235919263966,5.942588420838081,468.1003723144531,0.0,0.0,False,,-4.939256444674058,True,125.0
negative,/mnt/MammoDiffusion/MammoDiffusion/experiments/diffusers/02_sd21_filtered_100steps/generated_images/final/negative/gen_1525.png,gen_1525.png,10.0,0.0,0.0,0.8030815124511719,0.99866997905217,0.796295166015625,134.5783543479094,39.24773781166625,6.5427642947437015,1095.864990234375,0.0,0.0,False,,-6.539915250695655,True,689.0
negative,/mnt/MammoDiffusion/MammoDiffusion/experiments/diffusers/02_sd21_filtered_100steps/generated_images/final/negative/gen_1526.png,gen_1526.png,127.3736,69.0,6.0,0.26049041748046875,0.6778109715022113,0.18819046020507812,168.32848194920237,30.121465717623195,7.17625218702815,1173.14306640625,0.0,0.0,True,fragmented_mask,,False,
negative,/mnt/MammoDiffusion/MammoDiffusion/experiments/diffusers/02_sd21_filtered_100steps/generated_images/final/negative/gen_1527.png,gen_1527.png,90.8956,77.0,1.0,0.4964179992675781,0.999992315554087,0.49074554443359375,150.1537319465821,29.40057321793335,5.767437107809613,223.7837677001953,0.0,0.0,False,,-5.131056572006997,True,177.0
negative,/mnt/MammoDiffusion/MammoDiffusion/experiments/diffusers/02_sd21_filtered_100steps/generated_images/final/negative/gen_1528.png,gen_1528.png,176.478,127.0,5.0,0.12347412109375,0.5174555116164112,0.06102752685546875,209.33291661457682,14.833414446948556,5.833861726914909,322.7312927246094,0.0,0.0,True,too_empty,,False,
negative,/mnt/MammoDiffusion/MammoDiffusion/experiments/diffusers/02_sd21_filtered_100steps/generated_images/final/negative/gen_1529.png,gen_1529.png,85.7912,63.0,2.0,0.5238075256347656,0.9999854347366964,0.5179405212402344,172.08812373411894,21.497387936290828,6.108789592942686,187.40017700195312,0.0,0.0,False,,-6.460146947007718,True,652.0
negative,/mnt/MammoDiffusion/MammoDiffusion/experiments/diffusers/02_sd21_filtered_100steps/generated_images/final/negative/gen_1530.png,gen_1530.png,32.8956,19.0,1.0,0.8846397399902344,1.0,0.8758888244628906,168.1316760231524,20.468989259465467,6.157203363342216,150.99630737304688,0.0,0.0,False,,-8.957686816761663,False,
negative,/mnt/MammoDiffusion/MammoDiffusion/experiments/diffusers/02_sd21_filtered_100steps/generated_images/final/negative/gen_1531.png,gen_1531.png,90.7912,68.0,2.0,0.2860260009765625,0.8716591090957588,0.2642402648925781,145.59036509838455,47.761158209872136,5.860626967309081,963.81982421875,0.0,0.0,False,,-52.682998660757555,False,
negative,/mnt/MammoDiffusion/MammoDiffusion/experiments/diffusers/02_sd21_filtered_100steps/generated_images/final/negative/gen_1532.png,gen_1532.png,105.7912,83.0,2.0,0.4631500244140625,0.9999011629822423,0.4571571350097656,167.78439766023314,24.083202196864285,5.853817721123008,210.80990600585938,0.0,0.0,False,,-5.556035447729154,True,288.0
negative,/mnt/MammoDiffusion/MammoDiffusion/experiments/diffusers/02_sd21_filtered_100steps/generated_images/final/negative/gen_1533.png,gen_1533.png,87.8956,74.0,1.0,0.3654212951660156,0.9964924368168864,0.3599815368652344,159.8131974101116,33.56810115946176,5.044167890080917,406.1943359375,0.0,0.0,False,,-4.091532622537614,True,19.0
negative,/mnt/MammoDiffusion/MammoDiffusion/experiments/diffusers/02_sd21_filtered_100steps/generated_images/final/negative/gen_1534.png,gen_1534.png,97.8956,84.0,1.0,0.47802734375,0.9978852783452502,0.4709892272949219,166.2655446394583,24.471626841056693,5.439314640211437,263.6477355957031,0.0,0.0,False,,-5.0889494428271815,True,164.0
negative,/mnt/MammoDiffusion/MammoDiffusion/experiments/diffusers/02_sd21_filtered_100steps/generated_images/final/negative/gen_1535.png,gen_1535.png,74.47800000000001,25.0,5.0,0.5996894836425781,0.9985941922966827,0.5949897766113281,152.48493649541908,29.539834915706365,7.023170849761868,901.5867309570312,0.0,0.0,False,,-6.19097340873221,True,537.0
negative,/mnt/MammoDiffusion/MammoDiffusion/experiments/diffusers/02_sd21_filtered_100steps/generated_images/final/negative/gen_1536.png,gen_1536.png,128.0,123.0,0.0,0.09084701538085938,0.6502204492966618,0.05719757080078125,194.93357342937176,25.568809675468504,4.900018182291145,682.9812622070312,0.0,0.0,True,too_empty,,False,
negative,/mnt/MammoDiffusion/MammoDiffusion/experiments/diffusers/02_sd21_filtered_100steps/generated_images/final/negative/gen_1537.png,gen_1537.png,129.8956,116.0,1.0,0.2873077392578125,0.8781932125975889,0.2653312683105469,164.51931564948603,30.58810391649992,5.566096070746266,414.8070068359375,0.0,0.0,False,,-50.29215573200086,False,
negative,/mnt/MammoDiffusion/MammoDiffusion/experiments/diffusers/02_sd21_filtered_100steps/generated_images/final/negative/gen_1538.png,gen_1538.png,120.6868,89.0,3.0,0.4061927795410156,0.9799400832073327,0.4020652770996094,165.878452357233,33.40602409848049,6.338614189970983,467.7756652832031,0.0,0.0,False,,-11.43560965516324,False,
negative,/mnt/MammoDiffusion/MammoDiffusion/experiments/diffusers/02_sd21_filtered_100steps/generated_images/final/negative/gen_1539.png,gen_1539.png,40.6868,9.0,3.0,0.5962905883789062,0.9975498036004452,0.6160316467285156,106.02772325050003,53.608729924102576,7.104756713339359,1665.2666015625,0.0,0.0,False,,-7.250401465156789,True,1045.0
negative,/mnt/MammoDiffusion/MammoDiffusion/experiments/diffusers/02_sd21_filtered_100steps/generated_images/final/negative/gen_1540.png,gen_1540.png,10.0,3.0,0.0,0.8090553283691406,0.9987882445577093,0.8041152954101562,96.60956194199076,52.201267096984225,6.857886822933175,1047.810302734375,0.0,0.0,False,,-6.792472979161896,True,805.0
negative,/mnt/MammoDiffusion/MammoDiffusion/experiments/diffusers/02_sd21_filtered_100steps/generated_images/final/negative/gen_1541.png,gen_1541.png,91.7912,69.0,2.0,0.4856910705566406,0.9957666056659938,0.478302001953125,156.5178172653608,26.730415096096756,6.220694506541964,498.2952575683594,0.0,0.0,False,,-5.999340442624152,True,456.0
negative,/mnt/MammoDiffusion/MammoDiffusion/experiments/diffusers/02_sd21_filtered_100steps/generated_images/final/negative/gen_1542.png,gen_1542.png,62.8956,49.0,1.0,0.7871818542480469,0.9972571539337549,0.7799911499023438,133.1447253875874,36.526991588715376,6.776416988200348,520.3944702148438,0.0,0.0,False,,-6.97400112030296,True,894.0
negative,/mnt/MammoDiffusion/MammoDiffusion/experiments/diffusers/02_sd21_filtered_100steps/generated_images/final/negative/gen_1543.png,gen_1543.png,120.0,115.0,0.0,0.42206573486328125,0.9971620180401656,0.4172554016113281,165.70223347747782,22.3785535999129,4.931879061726873,220.25271606445312,0.0,0.0,False,,-4.73129805760904,True,91.0
negative,/mnt/MammoDiffusion/MammoDiffusion/experiments/diffusers/02_sd21_filtered_100steps/generated_images/final/negative/gen_1544.png,gen_1544.png,207.0,190.0,8.0,0.0426177978515625,0.2566237021124239,0.011569976806640625,227.88724035608308,11.184238299979814,7.105544815003838,1208.2601318359375,0.0,0.0,True,too_empty,,False,
negative,/mnt/MammoDiffusion/MammoDiffusion/experiments/diffusers/02_sd21_filtered_100steps/generated_images/final/negative/gen_1545.png,gen_1545.png,43.8956,30.0,1.0,0.63861083984375,0.9988351811144032,0.6350021362304688,111.836353041535,50.497723663905646,6.760968132424198,1299.0155029296875,0.0,0.0,False,,-6.0959028287743,True,494.0
negative,/mnt/MammoDiffusion/MammoDiffusion/experiments/diffusers/02_sd21_filtered_100steps/generated_images/final/negative/gen_1546.png,gen_1546.png,41.8956,28.0,1.0,0.782470703125,0.9984984399375975,0.7742881774902344,158.47536396107895,29.438614964505202,6.667030961711674,392.2215881347656,0.0,0.0,False,,-7.368706954555785,True,1107.0
negative,/mnt/MammoDiffusion/MammoDiffusion/experiments/diffusers/02_sd21_filtered_100steps/generated_images/final/negative/gen_1547.png,gen_1547.png,59.6868,28.0,3.0,0.6520118713378906,0.9977357960695292,0.677978515625,123.73355351998559,49.744623045940216,7.248909592295142,1610.115966796875,0.0,0.0,False,,-7.750252910934629,True,1309.0
negative,/mnt/MammoDiffusion/MammoDiffusion/experiments/diffusers/02_sd21_filtered_100steps/generated_images/final/negative/gen_1548.png,gen_1548.png,118.8956,105.0,1.0,0.3843421936035156,0.9933202981548936,0.3759002685546875,165.071635883905,24.993310110041506,5.3986775712074175,195.71942138671875,0.0,0.0,False,,-6.321067771635754,True,590.0
negative,/mnt/MammoDiffusion/MammoDiffusion/experiments/diffusers/02_sd21_filtered_100steps/generated_images/final/negative/gen_1549.png,gen_1549.png,74.8956,61.0,1.0,0.5352249145507812,0.9988026171368295,0.5306549072265625,163.2543778934353,32.22337272770642,5.7495074799210055,539.532470703125,0.0,0.0,False,,-4.593100306448126,True,68.0
negative,/mnt/MammoDiffusion/MammoDiffusion/experiments/diffusers/02_sd21_filtered_100steps/generated_images/final/negative/gen_1550.png,gen_1550.png,220.0,85.0,20.0,0.06856155395507812,0.37484003783452957,0.026947021484375,230.16534541336353,7.635514829750787,7.462751459152576,972.770263671875,0.0,0.0,True,too_empty,,False,
negative,/mnt/MammoDiffusion/MammoDiffusion/experiments/diffusers/02_sd21_filtered_100steps/generated_images/final/negative/gen_1551.png,gen_1551.png,80.8956,67.0,1.0,0.5742645263671875,0.9980005314202205,0.5669898986816406,163.56864895413534,28.980283885187042,6.2074521235514535,347.18896484375,0.0,0.0,False,,-5.942832630026016,True,429.0
negative,/mnt/MammoDiffusion/MammoDiffusion/experiments/diffusers/02_sd21_filtered_100steps/generated_images/final/negative/gen_1552.png,gen_1552.png,174.3736,116.0,6.0,0.10385513305664062,0.8337924701561065,0.08591842651367188,205.63068862940105,17.76089928719088,6.408743097249722,660.093505859375,0.0,0.0,True,too_empty,,False,
negative,/mnt/MammoDiffusion/MammoDiffusion/experiments/diffusers/02_sd21_filtered_100steps/generated_images/final/negative/gen_1553.png,gen_1553.png,163.0,151.0,1.0,0.04936981201171875,0.6876062432390666,0.0332794189453125,187.0091701054562,12.20680571363159,5.615575224937201,618.7064819335938,0.0,0.0,True,too_empty,,False,
negative,/mnt/MammoDiffusion/MammoDiffusion/experiments/diffusers/02_sd21_filtered_100steps/generated_images/final/negative/gen_1554.png,gen_1554.png,14.8956,1.0,1.0,0.43480682373046875,0.997938270955063,0.430816650390625,110.29746050860665,60.55582121565678,5.720949647502865,1984.7113037109375,0.0,0.0,False,,-5.553829686408925,True,286.0
negative,/mnt/MammoDiffusion/MammoDiffusion/experiments/diffusers/02_sd21_filtered_100steps/generated_images/final/negative/gen_1555.png,gen_1555.png,90.8956,77.0,1.0,0.5697555541992188,0.9986006775666519,0.5632247924804688,162.93794616853825,22.29396914543521,5.808361957551357,234.87411499023438,0.0,0.0,False,,-5.849593241538497,True,394.0
negative,/mnt/MammoDiffusion/MammoDiffusion/experiments/diffusers/02_sd21_filtered_100steps/generated_images/final/negative/gen_1556.png,gen_1556.png,102.8956,89.0,1.0,0.5853652954101562,0.9971195829260345,0.5784111022949219,150.51496765088012,23.482147358648945,5.625875647018992,162.60952758789062,0.0,0.0,False,,-6.173281404267711,True,526.0
negative,/mnt/MammoDiffusion/MammoDiffusion/experiments/diffusers/02_sd21_filtered_100steps/generated_images/final/negative/gen_1557.png,gen_1557.png,208.0,101.0,12.0,0.048313140869140625,0.8527437820765891,0.042972564697265625,218.9069684864625,7.8119742779460655,7.0202522586261855,506.883056640625,0.0,0.0,True,too_empty,,False,
negative,/mnt/MammoDiffusion/MammoDiffusion/experiments/diffusers/02_sd21_filtered_100steps/generated_images/final/negative/gen_1558.png,gen_1558.png,32.7912,10.0,2.0,0.5455398559570312,0.9989581148171457,0.5426979064941406,109.79579657681089,53.454971618137684,6.75229602190045,1461.1676025390625,0.0,0.0,False,,-5.850494709341893,True,395.0
negative,/mnt/MammoDiffusion/MammoDiffusion/experiments/diffusers/02_sd21_filtered_100steps/generated_images/final/negative/gen_1559.png,gen_1559.png,193.0,172.0,13.0,0.042201995849609375,0.0959052698183133,0.00354766845703125,211.7505376344086,11.806601248635552,6.868222225177503,1192.068359375,0.0,0.0,True,too_empty,,False,
negative,/mnt/MammoDiffusion/MammoDiffusion/experiments/diffusers/02_sd21_filtered_100steps/generated_images/final/negative/gen_1560.png,gen_1560.png,43.6868,12.0,3.0,0.61761474609375,0.9979185196165629,0.6100273132324219,166.93166994966074,20.804543497921205,6.343251592174618,755.467529296875,0.0,0.0,False,,-6.503178632079897,True,676.0
negative,/mnt/MammoDiffusion/MammoDiffusion/experiments/diffusers/02_sd21_filtered_100steps/generated_images/final/negative/gen_1561.png,gen_1561.png,24.0,19.0,0.0,0.84930419921875,1.0,0.8414077758789062,135.00421634855147,26.648221098465942,6.344826429123701,178.52639770507812,0.0,0.0,False,,-7.9323795884295,False,
negative,/mnt/MammoDiffusion/MammoDiffusion/experiments/diffusers/02_sd21_filtered_100steps/generated_images/final/negative/gen_1562.png,gen_1562.png,31.0,26.0,0.0,0.6769447326660156,0.9998027691215337,0.6704521179199219,152.83786521009358,22.43523203503113,5.539808233464002,291.6946716308594,0.0,0.0,False,,-6.411585046126788,True,631.0
negative,/mnt/MammoDiffusion/MammoDiffusion/experiments/diffusers/02_sd21_filtered_100steps/generated_images/final/negative/gen_1563.png,gen_1563.png,125.6868,94.0,3.0,0.33670806884765625,0.9254865973307955,0.379425048828125,155.94321563580792,36.30064575884788,6.676045205549875,545.4876708984375,0.0,0.0,False,,-31.88462778153768,False,
negative,/mnt/MammoDiffusion/MammoDiffusion/experiments/diffusers/02_sd21_filtered_100steps/generated_images/final/negative/gen_1564.png,gen_1564.png,82.7912,60.0,2.0,0.4964637756347656,0.9973875292942487,0.48984527587890625,171.6952262284869,23.625590152113702,5.950700818546363,363.053955078125,0.0,0.0,False,,-5.847056511330191,True,392.0
negative,/mnt/MammoDiffusion/MammoDiffusion/experiments/diffusers/02_sd21_filtered_100steps/generated_images/final/negative/gen_1565.png,gen_1565.png,118.7912,96.0,2.0,0.3134727478027344,0.9967751749315485,0.3179283142089844,166.10453187430258,33.00841619007439,5.385581897935358,434.4945983886719,0.0,0.0,False,,-4.660368602667861,True,77.0
negative,/mnt/MammoDiffusion/MammoDiffusion/experiments/diffusers/02_sd21_filtered_100steps/generated_images/final/negative/gen_1566.png,gen_1566.png,136.8956,123.0,1.0,0.1697235107421875,0.7022161287422458,0.11679458618164062,182.53493157396218,25.43540747297329,6.263280613327282,481.0441589355469,0.0,0.0,True,fragmented_mask,,False,
negative,/mnt/MammoDiffusion/MammoDiffusion/experiments/diffusers/02_sd21_filtered_100steps/generated_images/final/negative/gen_1567.png,gen_1567.png,90.8956,77.0,1.0,0.40700531005859375,0.999634468667404,0.4014854431152344,159.51743042557032,31.775965298309885,5.5422073731932935,263.04986572265625,0.0,0.0,False,,-4.186556747833874,True,27.0
negative,/mnt/MammoDiffusion/MammoDiffusion/experiments/diffusers/02_sd21_filtered_100steps/generated_images/final/negative/gen_1568.png,gen_1568.png,220.0,147.0,94.0,0.24012374877929688,0.5805042337204315,0.1354217529296875,251.44507042253522,3.456196261885958,6.694826895068196,1330.67724609375,0.0,0.0,True,low_contrast,,False,
negative,/mnt/MammoDiffusion/MammoDiffusion/experiments/diffusers/02_sd21_filtered_100steps/generated_images/final/negative/gen_1569.png,gen_1569.png,124.2692,57.0,7.0,0.19618606567382812,0.9265783896245309,0.17889404296875,172.30687052200614,35.18969310368855,6.970092400390256,354.4693298339844,0.0,0.0,False,,-33.674344498233,False,
negative,/mnt/MammoDiffusion/MammoDiffusion/experiments/diffusers/02_sd21_filtered_100steps/generated_images/final/negative/gen_1570.png,gen_1570.png,162.1648,86.0,8.0,0.14687728881835938,0.6673505960574501,0.09190750122070312,203.03714771925456,19.820999653414752,7.0819875638246526,856.819091796875,0.0,0.0,True,too_empty,,False,
negative,/mnt/MammoDiffusion/MammoDiffusion/experiments/diffusers/02_sd21_filtered_100steps/generated_images/final/negative/gen_1571.png,gen_1571.png,137.5824,97.0,4.0,0.15288543701171875,0.5703378412096411,0.0853271484375,200.9861409155937,23.999889819731585,6.265820684211381,978.5136108398438,0.0,0.0,True,too_empty,,False,
negative,/mnt/MammoDiffusion/MammoDiffusion/experiments/diffusers/02_sd21_filtered_100steps/generated_images/final/negative/gen_1572.png,gen_1572.png,56.7912,34.0,2.0,0.5568428039550781,0.9988833551410192,0.5526390075683594,152.49400501135494,34.65976342919018,6.331196636404636,614.9342651367188,0.0,0.0,False,,-4.844292732992803,True,108.0
negative,/mnt/MammoDiffusion/MammoDiffusion/experiments/diffusers/02_sd21_filtered_100steps/generated_images/final/negative/gen_1573.png,gen_1573.png,10.0,0.0,0.0,0.9511566162109375,1.0,0.9412002563476562,131.70126859319905,25.175257918178907,6.344333841570837,198.31884765625,0.0,0.0,True,too_full,,False,
negative,/mnt/MammoDiffusion/MammoDiffusion/experiments/diffusers/02_sd21_filtered_100steps/generated_images/final/negative/gen_1574.png,gen_1574.png,131.7912,109.0,2.0,0.42529296875,0.9974347014925373,0.4184761047363281,183.92370169825253,23.38511094770487,5.658389958286561,268.0228271484375,0.0,0.0,False,,-5.45386189610425,True,251.0
negative,/mnt/MammoDiffusion/MammoDiffusion/experiments/diffusers/02_sd21_filtered_100steps/generated_images/final/negative/gen_1575.png,gen_1575.png,220.0,253.0,1.0,0.23024368286132812,0.9096045197740112,0.20269393920898438,252.53377246635927,16.313233850760508,6.657836663730889,1304.5474853515625,0.0,0.0,False,,-42.479160471307154,False,
negative,/mnt/MammoDiffusion/MammoDiffusion/experiments/diffusers/02_sd21_filtered_100steps/generated_images/final/negative/gen_1576.png,gen_1576.png,14.8956,1.0,1.0,0.7586822509765625,1.0,0.7519683837890625,163.2474381607516,27.814865313230793,6.293073414308115,182.53868103027344,0.0,0.0,False,,-7.71302915736557,True,1293.0
negative,/mnt/MammoDiffusion/MammoDiffusion/experiments/diffusers/02_sd21_filtered_100steps/generated_images/final/negative/gen_1577.png,gen_1577.png,92.3736,34.0,6.0,0.8704414367675781,0.9894162967118209,0.8594093322753906,151.7361122824461,23.46033670812167,6.679477847792702,332.2408752441406,0.0,0.0,False,,-11.682986872198528,False,
negative,/mnt/MammoDiffusion/MammoDiffusion/experiments/diffusers/02_sd21_filtered_100steps/generated_images/final/negative/gen_1578.png,gen_1578.png,157.8956,144.0,1.0,0.050647735595703125,0.6113579874971755,0.030086517333984375,190.59883352351972,17.250261928829186,5.0976032439136745,721.1476440429688,0.0,0.0,True,too_empty,,False,
negative,/mnt/MammoDiffusion/MammoDiffusion/experiments/diffusers/02_sd21_filtered_100steps/generated_images/final/negative/gen_1579.png,gen_1579.png,69.8956,56.0,1.0,0.5890960693359375,0.9972932369777502,0.5824699401855469,154.32140728661153,27.56924142199991,5.959501496434125,262.89837646484375,0.0,0.0,False,,-6.131102192165015,True,503.0
negative,/mnt/MammoDiffusion/MammoDiffusion/experiments/diffusers/02_sd21_filtered_100steps/generated_images/final/negative/gen_1580.png,gen_1580.png,195.1208,30.0,18.0,0.16201400756835938,0.681570954298227,0.11059951782226562,248.82944158934916,24.922830982432888,7.298921482845396,1198.292236328125,0.0,0.0,True,fragmented_mask,,False,
negative,/mnt/MammoDiffusion/MammoDiffusion/experiments/diffusers/02_sd21_filtered_100steps/generated_images/final/negative/gen_1581.png,gen_1581.png,10.0,0.0,0.0,0.78363037109375,0.9983351507126723,0.7758674621582031,154.49561185708174,18.75386897050364,5.42363094477169,293.9060363769531,0.0,0.0,False,,-7.024100883278173,True,916.0
negative,/mnt/MammoDiffusion/MammoDiffusion/experiments/diffusers/02_sd21_filtered_100steps/generated_images/final/negative/gen_1582.png,gen_1582.png,220.0,247.0,8.0,0.179107666015625,0.5811467030158459,0.10144805908203125,253.01402572008723,18.86147593477467,6.890433182684383,1033.9716796875,0.0,0.0,True,too_empty,,False,
negative,/mnt/MammoDiffusion/MammoDiffusion/experiments/diffusers/02_sd21_filtered_100steps/generated_images/final/negative/gen_1583.png,gen_1583.png,47.8956,34.0,1.0,0.7066383361816406,1.0,0.7003440856933594,157.33439547690247,21.767959478445206,6.112640941213147,130.8678741455078,0.0,0.0,False,,-7.501703428615653,True,1175.0
negative,/mnt/MammoDiffusion/MammoDiffusion/experiments/diffusers/02_sd21_filtered_100steps/generated_images/final/negative/gen_1584.png,gen_1584.png,112.8956,99.0,1.0,0.5953330993652344,0.9932270941863222,0.5839309692382812,156.61291924167395,23.603727221936246,6.444372755564529,349.0618896484375,0.0,0.0,False,,-8.233572292463284,False,
negative,/mnt/MammoDiffusion/MammoDiffusion/experiments/diffusers/02_sd21_filtered_100steps/generated_images/final/negative/gen_1585.png,gen_1585.png,220.0,244.0,9.0,0.23777008056640625,0.5102839724049414,0.11716461181640625,252.7588070586703,1.7575893600295127,6.642888147305531,1267.6329345703125,0.0,0.0,True,low_contrast,,False,
negative,/mnt/MammoDiffusion/MammoDiffusion/experiments/diffusers/02_sd21_filtered_100steps/generated_images/final/negative/gen_1586.png,gen_1586.png,62.8956,49.0,1.0,0.7714729309082031,0.9981259611248189,0.7637786865234375,150.20118369793227,27.048112598897525,6.2650331420117205,242.12095642089844,0.0,0.0,False,,-7.281211670580454,True,1064.0
negative,/mnt/MammoDiffusion/MammoDiffusion/experiments/diffusers/02_sd21_filtered_100steps/generated_images/final/negative/gen_1587.png,gen_1587.png,141.5824,101.0,4.0,0.4134063720703125,0.930996936478057,0.40778350830078125,166.6707609122715,25.885265577818497,6.502103928763791,347.28125,0.0,0.0,False,,-30.762410747787605,False,
negative,/mnt/MammoDiffusion/MammoDiffusion/experiments/diffusers/02_sd21_filtered_100steps/generated_images/final/negative/gen_1588.png,gen_1588.png,62.7912,40.0,2.0,0.7849655151367188,0.9998979462905907,0.7787933349609375,142.3510354826701,28.63942306462019,6.642734138099282,155.1551513671875,0.0,0.0,False,,-7.776131510745927,True,1318.0
negative,/mnt/MammoDiffusion/MammoDiffusion/experiments/diffusers/02_sd21_filtered_100steps/generated_images/final/negative/gen_1589.png,gen_1589.png,122.3736,64.0,6.0,0.5472831726074219,0.9318728348679487,0.5425910949707031,151.5499905087987,27.389065574989075,7.155377126329368,668.0936889648438,0.0,0.0,False,,-31.120695688794758,False,
negative,/mnt/MammoDiffusion/MammoDiffusion/experiments/diffusers/02_sd21_filtered_100steps/generated_images/final/negative/gen_1590.png,gen_1590.png,29.7912,7.0,2.0,0.7277336120605469,0.9981600977087712,0.7199859619140625,163.541946593197,29.688269750098133,6.683711295106576,412.9880065917969,0.0,0.0,False,,-7.192612913300655,True,1006.0
negative,/mnt/MammoDiffusion/MammoDiffusion/experiments/diffusers/02_sd21_filtered_100steps/generated_images/final/negative/gen_1591.png,gen_1591.png,54.6868,23.0,3.0,0.3702850341796875,0.9963736761857667,0.3815879821777344,124.55972648478972,56.04637560372204,6.550365534255625,1541.5408935546875,0.0,0.0,False,,-5.995435559974964,True,454.0
negative,/mnt/MammoDiffusion/MammoDiffusion/experiments/diffusers/02_sd21_filtered_100steps/generated_images/final/negative/gen_1592.png,gen_1592.png,52.8956,39.0,1.0,0.5261993408203125,0.9972524285921415,0.5207405090332031,131.49730786981078,43.28437581776562,6.037356943953245,814.3960571289062,0.0,0.0,False,,-4.578638501427204,True,66.0
negative,/mnt/MammoDiffusion/MammoDiffusion/experiments/diffusers/02_sd21_filtered_100steps/generated_images/final/negative/gen_1593.png,gen_1593.png,208.0,203.0,1.0,0.047962188720703125,0.37946393064503303,0.01770782470703125,219.6680310211116,7.368163928817884,6.641982913716067,1089.9058837890625,0.0,0.0,True,too_empty,,False,
negative,/mnt/MammoDiffusion/MammoDiffusion/experiments/diffusers/02_sd21_filtered_100steps/generated_images/final/negative/gen_1594.png,gen_1594.png,82.8956,69.0,1.0,0.5801429748535156,1.0,0.5742263793945312,169.73174782435396,22.486287144108953,5.798615983234662,120.97930908203125,0.0,0.0,False,,-6.576690547545073,True,699.0
negative,/mnt/MammoDiffusion/MammoDiffusion/experiments/diffusers/02_sd21_filtered_100steps/generated_images/final/negative/gen_1595.png,gen_1595.png,136.7912,114.0,2.0,0.3188323974609375,0.9548695860253649,0.3156776428222656,167.6865007915121,28.533162444867887,5.878284202604865,300.3714599609375,0.0,0.0,False,,-21.440226380586182,False,
negative,/mnt/MammoDiffusion/MammoDiffusion/experiments/diffusers/02_sd21_filtered_100steps/generated_images/final/negative/gen_1596.png,gen_1596.png,199.0,90.0,13.0,0.04848480224609375,0.7594020456333596,0.036991119384765625,212.2754460142312,8.697482882233645,6.880267366771624,682.847900390625,0.0,0.0,True,too_empty,,False,
negative,/mnt/MammoDiffusion/MammoDiffusion/experiments/diffusers/02_sd21_filtered_100steps/generated_images/final/negative/gen_1597.png,gen_1597.png,158.7472,47.0,12.0,0.4478645324707031,0.9871470550657979,0.4414710998535156,181.1376232405015,19.69569564176547,6.797706821636421,609.593505859375,0.0,0.0,False,,-10.173282890459944,False,
negative,/mnt/MammoDiffusion/MammoDiffusion/experiments/diffusers/02_sd21_filtered_100steps/generated_images/final/negative/gen_1598.png,gen_1598.png,86.8956,73.0,1.0,0.4724082946777344,0.9852065988904949,0.5394554138183594,129.69725983806526,45.403142583868444,6.212794333572349,988.0519409179688,0.0,0.0,False,,-9.737185399452288,False,
negative,/mnt/MammoDiffusion/MammoDiffusion/experiments/diffusers/02_sd21_filtered_100steps/generated_images/final/negative/gen_1599.png,gen_1599.png,82.8956,69.0,1.0,0.6683425903320312,0.9999942923025993,0.6621894836425781,155.05151248062953,23.177260280155753,5.993957326231085,216.336181640625,0.0,0.0,False,,-6.912001222686461,True,854.0
negative,/mnt/MammoDiffusion/MammoDiffusion/experiments/diffusers/02_sd21_filtered_100steps/generated_images/final/negative/gen_1600.png,gen_1600.png,52.7912,30.0,2.0,0.73297119140625,0.9988133899575319,0.7283248901367188,144.3747996606015,37.64366547198198,6.926904567088736,726.929443359375,0.0,0.0,False,,-6.147349076766459,True,509.0
negative,/mnt/MammoDiffusion/MammoDiffusion/experiments/diffusers/02_sd21_filtered_100steps/generated_images/final/negative/gen_1601.png,gen_1601.png,19.0,14.0,0.0,0.7755775451660156,0.9988097170372775,0.7706832885742188,104.03599960401921,52.95851818820268,6.798639900359738,1452.4029541015625,0.0,0.0,False,,-7.2332095579553,True,1034.0
negative,/mnt/MammoDiffusion/MammoDiffusion/experiments/diffusers/02_sd21_filtered_100steps/generated_images/final/negative/gen_1602.png,gen_1602.png,120.0,115.0,0.0,0.5065155029296875,0.99187377617111,0.49774932861328125,158.49279594120262,24.59655826785029,5.185726251081903,123.57996368408203,0.0,0.0,False,,-7.378603382171736,True,1110.0
negative,/mnt/MammoDiffusion/MammoDiffusion/experiments/diffusers/02_sd21_filtered_100steps/generated_images/final/negative/gen_1603.png,gen_1603.png,91.6868,60.0,3.0,0.47350311279296875,0.9999677746805665,0.4675865173339844,170.21752396491945,23.80288095629361,6.316796032147694,275.7879333496094,0.0,0.0,False,,-6.015270573322454,True,465.0
negative,/mnt/MammoDiffusion/MammoDiffusion/experiments/diffusers/02_sd21_filtered_100steps/generated_images/final/negative/gen_1604.png,gen_1604.png,29.7912,7.0,2.0,0.7257080078125,0.998580740117746,0.7165145874023438,146.82040142682212,27.256625042325606,6.708835854918924,391.04052734375,0.0,0.0,False,,-6.896868543354099,True,845.0
negative,/mnt/MammoDiffusion/MammoDiffusion/experiments/diffusers/02_sd21_filtered_100steps/generated_images/final/negative/gen_1605.png,gen_1605.png,142.8956,129.0,1.0,0.1564788818359375,0.936640663091175,0.14960861206054688,182.2517912236416,25.636017621039386,4.66537419453812,176.2460479736328,0.0,0.0,False,,-29.028266274343736,False,
negative,/mnt/MammoDiffusion/MammoDiffusion/experiments/diffusers/02_sd21_filtered_100steps/generated_images/final/negative/gen_1606.png,gen_1606.png,129.8956,116.0,1.0,0.31191253662109375,0.9487684367585549,0.30394744873046875,156.74535003388638,28.632206472317588,5.434812460947583,251.1007537841797,0.0,0.0,False,,-23.32679750641885,False,
negative,/mnt/MammoDiffusion/MammoDiffusion/experiments/diffusers/02_sd21_filtered_100steps/generated_images/final/negative/gen_1607.png,gen_1607.png,98.8956,85.0,1.0,0.5538864135742188,0.9966184107219108,0.5471420288085938,167.76628320435054,22.522961912847745,5.527291506972442,191.77191162109375,0.0,0.0,False,,-6.384986775488115,True,612.0
negative,/mnt/MammoDiffusion/MammoDiffusion/experiments/diffusers/02_sd21_filtered_100steps/generated_images/final/negative/gen_1608.png,gen_1608.png,164.0,159.0,0.0,0.09283447265625,0.8239234056541749,0.07583236694335938,202.03637003873433,20.030040199936863,6.445109426019478,925.3057861328125,0.0,0.0,True,too_empty,,False,
negative,/mnt/MammoDiffusion/MammoDiffusion/experiments/diffusers/02_sd21_filtered_100steps/generated_images/final/negative/gen_1609.png,gen_1609.png,218.0,204.0,13.0,0.022380828857421875,0.23112323163456622,0.004772186279296875,222.9728217426059,4.134922331223487,6.544962757940932,1155.1971435546875,0.0,0.0,True,too_empty,,False,
negative,/mnt/MammoDiffusion/MammoDiffusion/experiments/diffusers/02_sd21_filtered_100steps/generated_images/final/negative/gen_1610.png,gen_1610.png,42.7912,20.0,2.0,0.5538711547851562,0.9981197570147526,0.5524940490722656,114.30658068257925,48.865506259824,6.633530179894542,1229.963134765625,0.0,0.0,False,,-5.518532042705077,True,273.0
negative,/mnt/MammoDiffusion/MammoDiffusion/experiments/diffusers/02_sd21_filtered_100steps/generated_images/final/negative/gen_1611.png,gen_1611.png,138.7912,116.0,2.0,0.1485443115234375,0.8087570621468927,0.12329864501953125,190.0147268114597,26.409345501074352,6.17618784627626,1094.88330078125,0.0,0.0,False,,-78.95298817732233,False,
negative,/mnt/MammoDiffusion/MammoDiffusion/experiments/diffusers/02_sd21_filtered_100steps/generated_images/final/negative/gen_1612.png,gen_1612.png,105.8956,92.0,1.0,0.3700752258300781,0.9973405626050117,0.36356353759765625,166.61755818101693,28.872841226066697,4.385692704723583,221.85577392578125,0.0,0.0,False,,-3.8050381589447255,True,8.0
negative,/mnt/MammoDiffusion/MammoDiffusion/experiments/diffusers/02_sd21_filtered_100steps/generated_images/final/negative/gen_1613.png,gen_1613.png,91.8956,78.0,1.0,0.6487312316894531,0.9964836147029595,0.6449050903320312,141.2600527629571,30.300909883639854,6.13312184657564,475.3638000488281,0.0,0.0,False,,-6.3482003186219105,True,596.0
negative,/mnt/MammoDiffusion/MammoDiffusion/experiments/diffusers/02_sd21_filtered_100steps/generated_images/final/negative/gen_1614.png,gen_1614.png,79.8956,66.0,1.0,0.6596717834472656,0.9987740633439157,0.6561126708984375,140.5217795762692,33.18798493563139,6.08494699539037,540.1655883789062,0.0,0.0,False,,-5.261020358151533,True,210.0
negative,/mnt/MammoDiffusion/MammoDiffusion/experiments/diffusers/02_sd21_filtered_100steps/generated_images/final/negative/gen_1615.png,gen_1615.png,47.6868,16.0,3.0,0.4949989318847656,0.9961313491727098,0.4893035888671875,167.29233323977923,29.376402441394333,6.545423383504114,1036.9132080078125,0.0,0.0,False,,-6.4561763094328875,True,650.0
negative,/mnt/MammoDiffusion/MammoDiffusion/experiments/diffusers/02_sd21_filtered_100steps/generated_images/final/negative/gen_1616.png,gen_1616.png,113.8956,100.0,1.0,0.2292327880859375,0.8195100845370432,0.22714996337890625,156.02364558492593,41.16015194499606,5.516527935180679,596.1266479492188,0.0,0.0,False,,-72.02620833911413,False,
negative,/mnt/MammoDiffusion/MammoDiffusion/experiments/diffusers/02_sd21_filtered_100steps/generated_images/final/negative/gen_1617.png,gen_1617.png,67.8956,54.0,1.0,0.7621002197265625,0.9992541795975574,0.7594070434570312,130.30914634758935,39.3627978714187,6.675401189714853,778.9850463867188,0.0,0.0,False,,-6.05760416081176,True,482.0
negative,/mnt/MammoDiffusion/MammoDiffusion/experiments/diffusers/02_sd21_filtered_100steps/generated_images/final/negative/gen_1618.png,gen_1618.png,220.0,218.0,33.0,0.2886924743652344,0.919026414196805,0.25789642333984375,249.98631778244535,12.654841832359686,6.7877765348542125,1126.106201171875,0.0,0.0,False,,-38.55646960251593,False,
negative,/mnt/MammoDiffusion/MammoDiffusion/experiments/diffusers/02_sd21_filtered_100steps/generated_images/final/negative/gen_1619.png,gen_1619.png,86.0,81.0,0.0,0.40863800048828125,0.9999346539459681,0.4031219482421875,160.64796169423522,27.365541664210074,4.465194986296086,174.28538513183594,0.0,0.0,False,,-3.7747217753315185,True,7.0
negative,/mnt/MammoDiffusion/MammoDiffusion/experiments/diffusers/02_sd21_filtered_100steps/generated_images/final/negative/gen_1620.png,gen_1620.png,211.0,76.0,22.0,0.04944610595703125,0.8422311371701898,0.04384613037109375,219.52601357229858,6.70219456864754,7.085229868376009,268.2176208496094,0.0,0.0,True,too_empty,,False,
negative,/mnt/MammoDiffusion/MammoDiffusion/experiments/diffusers/02_sd21_filtered_100steps/generated_images/final/negative/gen_1621.png,gen_1621.png,220.0,144.0,63.0,0.08987808227539062,0.6043886082933662,0.05161285400390625,254.84885439763488,1.4782959778124634,6.494442057657336,265.309814453125,0.0,0.0,True,too_empty,,False,
negative,/mnt/MammoDiffusion/MammoDiffusion/experiments/diffusers/02_sd21_filtered_100steps/generated_images/final/negative/gen_1622.png,gen_1622.png,60.8956,47.0,1.0,0.783538818359375,0.9985978578383642,0.7756423950195312,159.87533566124034,22.78228001183062,6.144894601687293,201.5269317626953,0.0,0.0,False,,-7.534012119473719,True,1196.0
negative,/mnt/MammoDiffusion/MammoDiffusion/experiments/diffusers/02_sd21_filtered_100steps/generated_images/final/negative/gen_1623.png,gen_1623.png,200.85160000000002,98.0,11.0,0.08832550048828125,0.7558521205839164,0.06554794311523438,218.78397253098993,8.166821542335141,6.641182649974338,314.19439697265625,0.0,0.0,True,too_empty,,False,
negative,/mnt/MammoDiffusion/MammoDiffusion/experiments/diffusers/02_sd21_filtered_100steps/generated_images/final/negative/gen_1624.png,gen_1624.png,40.6868,9.0,3.0,0.7760429382324219,0.9947157568756605,0.7660293579101562,142.22424182062647,31.46488335385934,6.819238938567934,630.6220092773438,0.0,0.0,False,,-8.165903015613566,False,
negative,/mnt/MammoDiffusion/MammoDiffusion/experiments/diffusers/02_sd21_filtered_100steps/generated_images/final/negative/gen_1625.png,gen_1625.png,179.0,174.0,0.0,0.07745361328125,0.8522951142631994,0.06537246704101562,207.15889595611833,14.446518341155151,5.976930998292946,717.11328125,0.0,0.0,True,too_empty,,False,
negative,/mnt/MammoDiffusion/MammoDiffusion/experiments/diffusers/02_sd21_filtered_100steps/generated_images/final/negative/gen_1626.png,gen_1626.png,109.7912,87.0,2.0,0.6024246215820312,0.9994744240827751,0.5959892272949219,172.19098793484176,22.12476197384615,6.298550778548963,276.81695556640625,0.0,0.0,False,,-6.803224419638674,True,808.0
negative,/mnt/MammoDiffusion/MammoDiffusion/experiments/diffusers/02_sd21_filtered_100steps/generated_images/final/negative/gen_1627.png,gen_1627.png,127.8956,114.0,1.0,0.7611846923828125,0.9946677357923224,0.7609825134277344,150.36786858291518,16.851679775041593,5.920779315998375,85.17477416992188,0.0,0.0,False,,-9.042996884875262,False,
negative,/mnt/MammoDiffusion/MammoDiffusion/experiments/diffusers/02_sd21_filtered_100steps/generated_images/final/negative/gen_1628.png,gen_1628.png,114.8956,101.0,1.0,0.5028762817382812,0.9999848284860346,0.4975624084472656,167.26779265983302,22.483076822747723,5.816098870499831,272.5242919921875,0.0,0.0,False,,-5.823737675745937,True,380.0
negative,/mnt/MammoDiffusion/MammoDiffusion/experiments/diffusers/02_sd21_filtered_100steps/generated_images/final/negative/gen_1629.png,gen_1629.png,74.8956,61.0,1.0,0.5786819458007812,0.9984245013118169,0.5721092224121094,152.12991498583096,26.750904658711086,5.824750994259617,317.94940185546875,0.0,0.0,False,,-5.450223517856604,True,248.0
negative,/mnt/MammoDiffusion/MammoDiffusion/experiments/diffusers/02_sd21_filtered_100steps/generated_images/final/negative/gen_1630.png,gen_1630.png,188.8956,175.0,1.0,0.069244384765625,0.8316989863375936,0.058559417724609375,211.13236922676046,14.058461894500157,6.222741908191595,1006.486328125,0.0,0.0,True,too_empty,,False,
negative,/mnt/MammoDiffusion/MammoDiffusion/experiments/diffusers/02_sd21_filtered_100steps/generated_images/final/negative/gen_1631.png,gen_1631.png,53.0,48.0,0.0,0.5554084777832031,0.9974999484879497,0.548248291015625,164.11267047035903,24.37716392687964,5.134633334509278,370.043212890625,0.0,0.0,False,,-5.324848107119069,True,226.0
negative,/mnt/MammoDiffusion/MammoDiffusion/experiments/diffusers/02_sd21_filtered_100steps/generated_images/final/negative/gen_1632.png,gen_1632.png,121.8956,108.0,1.0,0.13505172729492188,0.7331582069316159,0.10137939453125,178.71018964479228,34.33111266085571,6.274585078830266,753.5484619140625,0.0,0.0,True,too_empty,,False,
negative,/mnt/MammoDiffusion/MammoDiffusion/experiments/diffusers/02_sd21_filtered_100steps/generated_images/final/negative/gen_1633.png,gen_1633.png,10.0,0.0,0.0,0.9053115844726562,1.0,0.8960151672363281,139.35341124380017,25.122142730777874,6.086698494843761,70.65470886230469,0.0,0.0,False,,-8.384345641144279,False,
negative,/mnt/MammoDiffusion/MammoDiffusion/experiments/diffusers/02_sd21_filtered_100steps/generated_images/final/negative/gen_1634.png,gen_1634.png,103.8956,90.0,1.0,0.4859352111816406,0.9982886525101071,0.4865379333496094,166.48825102122422,35.25981951225121,5.811157870568599,454.5834045410156,0.0,0.0,False,,-4.525653141788292,True,58.0
negative,/mnt/MammoDiffusion/MammoDiffusion/experiments/diffusers/02_sd21_filtered_100steps/generated_images/final/negative/gen_1635.png,gen_1635.png,41.0,36.0,0.0,0.7504539489746094,0.9982717166428604,0.7425422668457031,162.78358925883495,28.809413040469856,6.1676925870779105,356.4430847167969,0.0,0.0,False,,-6.974727333245639,True,895.0
negative,/mnt/MammoDiffusion/MammoDiffusion/experiments/diffusers/02_sd21_filtered_100steps/generated_images/final/negative/gen_1636.png,gen_1636.png,96.8956,83.0,1.0,0.4565238952636719,0.9999665761437225,0.4506492614746094,169.0493841791171,22.401770432588656,5.585177438244736,200.2801055908203,0.0,0.0,False,,-5.436162730219298,True,245.0
negative,/mnt/MammoDiffusion/MammoDiffusion/experiments/diffusers/02_sd21_filtered_100steps/generated_images/final/negative/gen_1637.png,gen_1637.png,183.85160000000002,81.0,11.0,0.06413650512695312,0.8915719978587997,0.05669403076171875,197.3181267662495,8.940336246972688,6.340155428360971,122.78633880615234,0.0,0.0,True,too_empty,,False,
negative,/mnt/MammoDiffusion/MammoDiffusion/experiments/diffusers/02_sd21_filtered_100steps/generated_images/final/negative/gen_1638.png,gen_1638.png,61.8956,48.0,1.0,0.6489677429199219,0.9984893283095172,0.6437416076660156,143.4917542206657,35.55408045535281,6.111883831723802,378.47509765625,0.0,0.0,False,,-5.446546807924046,True,247.0
negative,/mnt/MammoDiffusion/MammoDiffusion/experiments/diffusers/02_sd21_filtered_100steps/generated_images/final/negative/gen_1639.png,gen_1639.png,29.7912,7.0,2.0,0.811309814453125,1.0,0.8031501770019531,160.2878156748567,21.804918554304738,6.326069302235322,178.70803833007812,0.0,0.0,False,,-8.362959656985188,False,
negative,/mnt/MammoDiffusion/MammoDiffusion/experiments/diffusers/02_sd21_filtered_100steps/generated_images/final/negative/gen_1640.png,gen_1640.png,97.1648,21.0,8.0,0.713775634765625,0.9962856470990636,0.7071075439453125,150.73151205196262,29.48421271092786,7.266134673977266,799.1913452148438,0.0,0.0,False,,-7.865881373471137,True,1355.0
negative,/mnt/MammoDiffusion/MammoDiffusion/experiments/diffusers/02_sd21_filtered_100steps/generated_images/final/negative/gen_1641.png,gen_1641.png,149.7912,127.0,2.0,0.18559646606445312,0.5536760323104434,0.09916305541992188,206.76864781688786,22.078097273670338,5.849677238889447,347.3937072753906,0.0,0.0,True,too_empty,,False,
negative,/mnt/MammoDiffusion/MammoDiffusion/experiments/diffusers/02_sd21_filtered_100steps/generated_images/final/negative/gen_1642.png,gen_1642.png,10.0,0.0,0.0,0.8907241821289062,1.0,0.8815116882324219,135.43026964337488,26.03321718380555,6.1644085026863715,210.84866333007812,0.0,0.0,False,,-8.048083893890963,False,
negative,/mnt/MammoDiffusion/MammoDiffusion/experiments/diffusers/02_sd21_filtered_100steps/generated_images/final/negative/gen_1643.png,gen_1643.png,95.47800000000001,46.0,5.0,0.6697616577148438,1.0,0.6637191772460938,161.88733260532214,19.905856126169652,6.518111037212451,99.18734741210938,0.0,0.0,False,,-7.819964983663963,True,1336.0
negative,/mnt/MammoDiffusion/MammoDiffusion/experiments/diffusers/02_sd21_filtered_100steps/generated_images/final/negative/gen_1644.png,gen_1644.png,123.8956,110.0,1.0,0.36650848388671875,0.9954828368617166,0.3628959655761719,163.25956838464853,24.774191758498944,4.966658091144515,272.00634765625,0.0,0.0,False,,-5.101203663737709,True,168.0
negative,/mnt/MammoDiffusion/MammoDiffusion/experiments/diffusers/02_sd21_filtered_100steps/generated_images/final/negative/gen_1645.png,gen_1645.png,14.8956,1.0,1.0,0.6977691650390625,0.9981248223228149,0.6902999877929688,157.39585981277423,24.343424841575807,6.101269540938063,365.6138916015625,0.0,0.0,False,,-6.754883072587992,True,790.0
negative,/mnt/MammoDiffusion/MammoDiffusion/experiments/diffusers/02_sd21_filtered_100steps/generated_images/final/negative/gen_1646.png,gen_1646.png,114.8956,101.0,1.0,0.46341705322265625,0.9977939118552542,0.4573402404785156,168.12536596351626,28.064993054109756,5.166365202418431,202.586669921875,0.0,0.0,False,,-4.720811479344308,True,88.0
negative,/mnt/MammoDiffusion/MammoDiffusion/experiments/diffusers/02_sd21_filtered_100steps/generated_images/final/negative/gen_1647.png,gen_1647.png,146.478,97.0,5.0,0.21529006958007812,0.7580133600297677,0.1698150634765625,183.45260131188786,19.935009301426643,6.369066350312364,428.896484375,0.0,0.0,False,,-98.10580042924067,False,
negative,/mnt/MammoDiffusion/MammoDiffusion/experiments/diffusers/02_sd21_filtered_100steps/generated_images/final/negative/gen_1648.png,gen_1648.png,145.6868,114.0,3.0,0.3233833312988281,0.9713470090712845,0.32866668701171875,167.0235033310894,20.41858201921061,5.514037768462357,103.70732879638672,0.0,0.0,False,,-15.477923853270841,False,
negative,/mnt/MammoDiffusion/MammoDiffusion/experiments/diffusers/02_sd21_filtered_100steps/generated_images/final/negative/gen_1649.png,gen_1649.png,127.8956,114.0,1.0,0.401519775390625,0.9955156950672646,0.39438629150390625,169.74261505426267,23.822061978352938,5.390550859778919,289.2890625,0.0,0.0,False,,-5.491583654601191,True,266.0
negative,/mnt/MammoDiffusion/MammoDiffusion/experiments/diffusers/02_sd21_filtered_100steps/generated_images/final/negative/gen_1650.png,gen_1650.png,20.8956,7.0,1.0,0.5214195251464844,0.9985221710916181,0.5176429748535156,107.28782508087872,60.141368606774094,6.428645131946871,1600.25,0.0,0.0,False,,-5.932002675812076,True,424.0
negative,/mnt/MammoDiffusion/MammoDiffusion/experiments/diffusers/02_sd21_filtered_100steps/generated_images/final/negative/gen_1651.png,gen_1651.png,77.8956,64.0,1.0,0.4451560974121094,0.9570847079994859,0.5463829040527344,116.24017845298853,48.671462763182525,6.097924393422133,933.9385986328125,0.0,0.0,False,,-20.224863165453574,False,
negative,/mnt/MammoDiffusion/MammoDiffusion/experiments/diffusers/02_sd21_filtered_100steps/generated_images/final/negative/gen_1652.png,gen_1652.png,140.3736,82.0,6.0,0.19858551025390625,0.6454915670982366,0.12893295288085938,189.65871771354182,28.923009845116677,7.04570968006429,1113.315185546875,0.0,0.0,True,fragmented_mask,,False,
negative,/mnt/MammoDiffusion/MammoDiffusion/experiments/diffusers/02_sd21_filtered_100steps/generated_images/final/negative/gen_1653.png,gen_1653.png,123.8956,110.0,1.0,0.2923927307128906,0.9997260238228809,0.2877044677734375,171.76951736939805,25.838450880292612,4.896906936163811,177.4111328125,0.0,0.0,False,,-4.8815387944072866,True,112.0
negative,/mnt/MammoDiffusion/MammoDiffusion/experiments/diffusers/02_sd21_filtered_100steps/generated_images/final/negative/gen_1654.png,gen_1654.png,91.7912,69.0,2.0,0.4806671142578125,0.9978651471381861,0.4739265441894531,169.85369092943327,29.318346470504046,6.00820560895488,427.8692321777344,0.0,0.0,False,,-5.182312657492066,True,190.0
negative,/mnt/MammoDiffusion/MammoDiffusion/experiments/diffusers/02_sd21_filtered_100steps/generated_images/final/negative/gen_1655.png,gen_1655.png,14.8956,1.0,1.0,0.8411865234375,0.9986576694238862,0.8339462280273438,132.73494378219144,34.45615424227123,6.718174001406373,665.4841918945312,0.0,0.0,False,,-6.669153452055637,True,744.0
negative,/mnt/MammoDiffusion/MammoDiffusion/experiments/diffusers/02_sd21_filtered_100steps/generated_images/final/negative/gen_1656.png,gen_1656.png,143.8956,130.0,1.0,0.38268280029296875,0.934239119599673,0.37659454345703125,167.70913271611192,24.258761256085997,5.11113228644437,195.26361083984375,0.0,0.0,False,,-28.577484276362984,False,
negative,/mnt/MammoDiffusion/MammoDiffusion/experiments/diffusers/02_sd21_filtered_100steps/generated_images/final/negative/gen_1657.png,gen_1657.png,220.0,231.0,13.0,0.3589820861816406,0.9624143244248445,0.33786773681640625,243.2514621203568,15.20291914547002,6.153444718513034,1290.871826171875,0.0,0.0,False,,-20.97942795290838,False,
negative,/mnt/MammoDiffusion/MammoDiffusion/experiments/diffusers/02_sd21_filtered_100steps/generated_images/final/negative/gen_1658.png,gen_1658.png,142.8956,129.0,1.0,0.46588897705078125,0.9949889462048637,0.4591560363769531,171.98059236489013,17.499009036932907,4.672743715106185,123.36087036132812,0.0,0.0,False,,-6.120931958873522,True,502.0
negative,/mnt/MammoDiffusion/MammoDiffusion/experiments/diffusers/02_sd21_filtered_100steps/generated_images/final/negative/gen_1659.png,gen_1659.png,66.0,61.0,0.0,0.6640129089355469,0.9988050578225626,0.6572189331054688,163.50052819149553,23.36527260182422,5.645059386341281,224.7249755859375,0.0,0.0,False,,-6.259074456676624,True,562.0
negative,/mnt/MammoDiffusion/MammoDiffusion/experiments/diffusers/02_sd21_filtered_100steps/generated_images/final/negative/gen_1660.png,gen_1660.png,220.0,215.0,8.0,0.2816581726074219,0.9584885217037991,0.2615013122558594,223.4651719157999,2.3838164405617492,6.6866560944267395,1030.996826171875,0.0,0.0,True,low_contrast,,False,
negative,/mnt/MammoDiffusion/MammoDiffusion/experiments/diffusers/02_sd21_filtered_100steps/generated_images/final/negative/gen_1661.png,gen_1661.png,47.7912,25.0,2.0,0.5691337585449219,0.9971245685177117,0.5870246887207031,106.263911362381,50.015888695024586,6.677411183738979,1197.2008056640625,0.0,0.0,False,,-6.043473609767073,True,475.0
negative,/mnt/MammoDiffusion/MammoDiffusion/experiments/diffusers/02_sd21_filtered_100steps/generated_images/final/negative/gen_1662.png,gen_1662.png,100.8956,87.0,1.0,0.6208038330078125,0.9966695342263734,0.6135177612304688,162.78619660511097,26.76374678304518,6.588331706439446,336.88641357421875,0.0,0.0,False,,-7.203670823291474,True,1013.0
negative,/mnt/MammoDiffusion/MammoDiffusion/experiments/diffusers/02_sd21_filtered_100steps/generated_images/final/negative/gen_1663.png,gen_1663.png,74.47800000000001,25.0,5.0,0.7440986633300781,0.9941608009802062,0.7615165710449219,129.5662710955933,41.71028938465103,7.4342879535544695,791.2356567382812,0.0,0.0,False,,-8.41075927176918,False,
negative,/mnt/MammoDiffusion/MammoDiffusion/experiments/diffusers/02_sd21_filtered_100steps/generated_images/final/negative/gen_1664.png,gen_1664.png,116.7912,94.0,2.0,0.5256996154785156,0.9386469679048538,0.5748062133789062,147.65762997571045,34.5640448398194,6.76698241951844,819.172119140625,0.0,0.0,False,,-28.11987583420685,False,
negative,/mnt/MammoDiffusion/MammoDiffusion/experiments/diffusers/02_sd21_filtered_100steps/generated_images/final/negative/gen_1665.png,gen_1665.png,126.1648,50.0,8.0,0.28498077392578125,0.660776912162343,0.20867156982421875,180.41100873825454,29.07222610895304,7.360164427152247,969.9760131835938,0.0,0.0,True,fragmented_mask,,False,
negative,/mnt/MammoDiffusion/MammoDiffusion/experiments/diffusers/02_sd21_filtered_100steps/generated_images/final/negative/gen_1666.png,gen_1666.png,120.8956,107.0,1.0,0.332275390625,0.9887376010286554,0.3384208679199219,162.83187736008566,30.661543562424473,5.186713973652817,361.9552307128906,0.0,0.0,False,,-7.568508172426901,True,1219.0
negative,/mnt/MammoDiffusion/MammoDiffusion/experiments/diffusers/02_sd21_filtered_100steps/generated_images/final/negative/gen_1667.png,gen_1667.png,77.6868,46.0,3.0,0.62127685546875,0.9981211317418214,0.615203857421875,156.877139243018,28.346896920808593,6.686935782752386,515.63916015625,0.0,0.0,False,,-6.3213460517576365,True,591.0
negative,/mnt/MammoDiffusion/MammoDiffusion/experiments/diffusers/02_sd21_filtered_100steps/generated_images/final/negative/gen_1668.png,gen_1668.png,10.0,0.0,0.0,0.9133377075195312,0.9987302966260975,0.9017066955566406,147.9881460548192,28.448448716969033,6.366278852727801,266.50799560546875,0.0,0.0,False,,-7.922298115673208,False,
negative,/mnt/MammoDiffusion/MammoDiffusion/experiments/diffusers/02_sd21_filtered_100steps/generated_images/final/negative/gen_1669.png,gen_1669.png,94.0604,9.0,9.0,0.6745147705078125,0.9985295781020247,0.6623382568359375,182.48014721127927,26.420488421723046,6.502386511540886,576.2395629882812,0.0,0.0,False,,-6.801615816695318,True,807.0
negative,/mnt/MammoDiffusion/MammoDiffusion/experiments/diffusers/02_sd21_filtered_100steps/generated_images/final/negative/gen_1670.png,gen_1670.png,103.8956,90.0,1.0,0.6363677978515625,0.997806018463014,0.6413650512695312,149.19565217391303,33.11671548082667,6.420605165741556,515.5982055664062,0.0,0.0,False,,-6.000479575134479,True,457.0
negative,/mnt/MammoDiffusion/MammoDiffusion/experiments/diffusers/02_sd21_filtered_100steps/generated_images/final/negative/gen_1671.png,gen_1671.png,64.7912,42.0,2.0,0.8608512878417969,0.9987282145816624,0.851043701171875,155.87104654498512,29.88589279403981,6.635270148894172,225.78294372558594,0.0,0.0,False,,-7.924038793096906,False,
negative,/mnt/MammoDiffusion/MammoDiffusion/experiments/diffusers/02_sd21_filtered_100steps/generated_images/final/negative/gen_1672.png,gen_1672.png,116.7912,94.0,2.0,0.3225975036621094,0.9007177740726288,0.3543510437011719,149.23327340646566,36.65105345020756,5.924341551153505,587.1884765625,0.0,0.0,False,,-40.6237653970756,False,
negative,/mnt/MammoDiffusion/MammoDiffusion/experiments/diffusers/02_sd21_filtered_100steps/generated_images/final/negative/gen_1673.png,gen_1673.png,71.5824,31.0,4.0,0.7492485046386719,0.9734536253061183,0.7668724060058594,129.25275206311466,46.36842903507695,7.334567010506939,1279.664794921875,0.0,0.0,False,,-17.113352507073976,False,
negative,/mnt/MammoDiffusion/MammoDiffusion/experiments/diffusers/02_sd21_filtered_100steps/generated_images/final/negative/gen_1674.png,gen_1674.png,220.0,162.0,60.0,0.3097038269042969,0.8043775481296267,0.2621612548828125,224.88132239101333,3.2258921388798956,6.882527352456714,1092.8447265625,0.0,0.0,True,low_contrast,,False,
negative,/mnt/MammoDiffusion/MammoDiffusion/experiments/diffusers/02_sd21_filtered_100steps/generated_images/final/negative/gen_1675.png,gen_1675.png,93.8956,80.0,1.0,0.5034027099609375,0.9979009426813373,0.4982147216796875,160.25718201586474,31.825189049870655,6.010063225217824,421.87225341796875,0.0,0.0,False,,-5.03869868438081,True,150.0
negative,/mnt/MammoDiffusion/MammoDiffusion/experiments/diffusers/02_sd21_filtered_100steps/generated_images/final/negative/gen_1676.png,gen_1676.png,97.6346,61.5,3.5,0.3341827392578125,0.9605269165791517,0.3675270080566406,143.3217499610774,45.80327134063381,6.694103972876805,1218.106689453125,0.0,0.0,False,,-19.163197488570045,False,
negative,/mnt/MammoDiffusion/MammoDiffusion/experiments/diffusers/02_sd21_filtered_100steps/generated_images/final/negative/gen_1677.png,gen_1677.png,33.0,28.0,0.0,0.7918281555175781,0.9985691780722926,0.7861251831054688,143.56640204194528,31.957875110375635,6.421754249242909,446.83233642578125,0.0,0.0,False,,-6.7440124760996945,True,784.0
negative,/mnt/MammoDiffusion/MammoDiffusion/experiments/diffusers/02_sd21_filtered_100steps/generated_images/final/negative/gen_1678.png,gen_1678.png,111.8956,98.0,1.0,0.4159088134765625,0.9973951645448875,0.4090995788574219,176.5576587749317,23.76895959431625,5.43823978712315,270.4114685058594,0.0,0.0,False,,-5.065866074373846,True,160.0
negative,/mnt/MammoDiffusion/MammoDiffusion/experiments/diffusers/02_sd21_filtered_100steps/generated_images/final/negative/gen_1679.png,gen_1679.png,63.6868,32.0,3.0,0.7010002136230469,1.0,0.6951255798339844,158.707594540755,21.58706018845355,6.370769776081988,178.67941284179688,0.0,0.0,False,,-7.655391235975184,True,1260.0
negative,/mnt/MammoDiffusion/MammoDiffusion/experiments/diffusers/02_sd21_filtered_100steps/generated_images/final/negative/gen_1680.png,gen_1680.png,127.6868,96.0,3.0,0.2636146545410156,0.8443672672020838,0.2575721740722656,161.54682247004635,37.25281098224288,6.252814600789858,896.4384765625,0.0,0.0,False,,-63.25181474506498,False,
negative,/mnt/MammoDiffusion/MammoDiffusion/experiments/diffusers/02_sd21_filtered_100steps/generated_images/final/negative/gen_1681.png,gen_1681.png,112.8956,99.0,1.0,0.4076995849609375,0.9597290317751412,0.3975944519042969,154.29758124094525,37.08505954967962,6.109284314275014,492.3607482910156,0.0,0.0,False,,-18.44609619279148,False,
negative,/mnt/MammoDiffusion/MammoDiffusion/experiments/diffusers/02_sd21_filtered_100steps/generated_images/final/negative/gen_1682.png,gen_1682.png,131.8956,118.0,1.0,0.1580047607421875,0.896595847416707,0.09345626831054688,197.36123923425447,22.36327268658994,4.556062566407886,360.24346923828125,0.0,0.0,True,too_empty,,False,
negative,/mnt/MammoDiffusion/MammoDiffusion/experiments/diffusers/02_sd21_filtered_100steps/generated_images/final/negative/gen_1683.png,gen_1683.png,15.8956,2.0,1.0,0.6985015869140625,0.9985964567359155,0.6913261413574219,134.8772589073372,24.537987927824144,6.0233700298289055,368.2174072265625,0.0,0.0,False,,-6.107141063324675,True,499.0
negative,/mnt/MammoDiffusion/MammoDiffusion/experiments/diffusers/02_sd21_filtered_100steps/generated_images/final/negative/gen_1684.png,gen_1684.png,118.8956,105.0,1.0,0.5189743041992188,0.9756846948826132,0.528411865234375,152.94118538839157,31.2482389728881,5.974801985442698,438.64605712890625,0.0,0.0,False,,-13.522751632741464,False,
negative,/mnt/MammoDiffusion/MammoDiffusion/experiments/diffusers/02_sd21_filtered_100steps/generated_images/final/negative/gen_1685.png,gen_1685.png,10.0,0.0,0.0,0.8675041198730469,0.9953036572549261,0.8552474975585938,134.83726884271937,28.04693865586891,6.257821800526834,340.4385070800781,0.0,0.0,False,,-8.509272677434335,False,
negative,/mnt/MammoDiffusion/MammoDiffusion/experiments/diffusers/02_sd21_filtered_100steps/generated_images/final/negative/gen_1686.png,gen_1686.png,105.8956,92.0,1.0,0.5973320007324219,0.9927324745987853,0.5881156921386719,147.99928002023728,25.32107190948143,6.003279562563801,303.6700744628906,0.0,0.0,False,,-7.892534688764257,False,
negative,/mnt/MammoDiffusion/MammoDiffusion/experiments/diffusers/02_sd21_filtered_100steps/generated_images/final/negative/gen_1687.png,gen_1687.png,106.8956,93.0,1.0,0.72747802734375,0.9985474872053025,0.7203712463378906,168.35524594764908,21.127282305911496,5.947380045902474,183.3573760986328,0.0,0.0,False,,-7.274939024741755,True,1060.0
negative,/mnt/MammoDiffusion/MammoDiffusion/experiments/diffusers/02_sd21_filtered_100steps/generated_images/final/negative/gen_1688.png,gen_1688.png,136.8956,123.0,1.0,0.1096954345703125,0.733168730004173,0.07963943481445312,190.2377736264789,26.644577320446366,5.356984115817528,635.8478393554688,0.0,0.0,True,too_empty,,False,
negative,/mnt/MammoDiffusion/MammoDiffusion/experiments/diffusers/02_sd21_filtered_100steps/generated_images/final/negative/gen_1689.png,gen_1689.png,120.7912,98.0,2.0,0.14711761474609375,0.5476326297775242,0.07882308959960938,192.98030295697623,25.810839540821547,5.292113582117654,513.0691528320312,0.0,0.0,True,too_empty,,False,
negative,/mnt/MammoDiffusion/MammoDiffusion/experiments/diffusers/02_sd21_filtered_100steps/generated_images/final/negative/gen_1690.png,gen_1690.png,143.478,94.0,5.0,0.4193153381347656,0.9285850747354919,0.41245269775390625,170.5996374465881,25.740403419395456,6.933915973254006,360.2853698730469,0.0,0.0,False,,-32.134273132830245,False,
negative,/mnt/MammoDiffusion/MammoDiffusion/experiments/diffusers/02_sd21_filtered_100steps/generated_images/final/negative/gen_1691.png,gen_1691.png,97.7912,75.0,2.0,0.4258308410644531,0.997133361402503,0.4193687438964844,178.61721926592986,20.431866416696902,5.715490871758367,381.54498291015625,0.0,0.0,False,,-5.537456984678424,True,280.0
negative,/mnt/MammoDiffusion/MammoDiffusion/experiments/diffusers/02_sd21_filtered_100steps/generated_images/final/negative/gen_1692.png,gen_1692.png,81.0,76.0,0.0,0.5681343078613281,0.999979856714093,0.561920166015625,152.4702655732363,26.783421217526083,5.34431366397421,203.6645965576172,0.0,0.0,False,,-5.456930145751668,True,253.0
negative,/mnt/MammoDiffusion/MammoDiffusion/experiments/diffusers/02_sd21_filtered_100steps/generated_images/final/negative/gen_1693.png,gen_1693.png,105.5824,65.0,4.0,0.405487060546875,1.0,0.3998985290527344,169.6016063950549,21.168811634216322,6.367302378460115,102.13431549072266,0.0,0.0,False,,-5.97468231326023,True,447.0
negative,/mnt/MammoDiffusion/MammoDiffusion/experiments/diffusers/02_sd21_filtered_100steps/generated_images/final/negative/gen_1694.png,gen_1694.png,205.0,86.0,14.0,0.049732208251953125,0.7035360895911636,0.036716461181640625,215.14971428571428,7.718860434796955,7.14368233431607,293.1427001953125,0.0,0.0,True,too_empty,,False,
negative,/mnt/MammoDiffusion/MammoDiffusion/experiments/diffusers/02_sd21_filtered_100steps/generated_images/final/negative/gen_1695.png,gen_1695.png,173.1648,97.0,8.0,0.3052864074707031,0.8762073748266254,0.3226814270019531,189.78666256841908,20.395326892461068,6.971276272698671,361.3804931640625,0.0,0.0,False,,-52.9115640048138,False,
negative,/mnt/MammoDiffusion/MammoDiffusion/experiments/diffusers/02_sd21_filtered_100steps/generated_images/final/negative/gen_1696.png,gen_1696.png,119.8956,106.0,1.0,0.256011962890625,0.8269907021099059,0.24029159545898438,159.4500484196155,40.00360324481208,5.864190999433135,612.9295654296875,0.0,0.0,False,,-69.36902189190933,False,
negative,/mnt/MammoDiffusion/MammoDiffusion/experiments/diffusers/02_sd21_filtered_100steps/generated_images/final/negative/gen_1697.png,gen_1697.png,10.0,0.0,0.0,0.87542724609375,0.9991372097887471,0.8677597045898438,145.91713044777956,30.682982692774736,6.455117911901831,382.907958984375,0.0,0.0,False,,-7.579684402983612,True,1224.0
negative,/mnt/MammoDiffusion/MammoDiffusion/experiments/diffusers/02_sd21_filtered_100steps/generated_images/final/negative/gen_1698.png,gen_1698.png,195.0,186.0,5.0,0.0408935546875,0.23740671641791045,0.009334564208984375,210.78381691867594,8.472765551405299,6.497258519436956,861.739501953125,0.0,0.0,True,too_empty,,False,
negative,/mnt/MammoDiffusion/MammoDiffusion/experiments/diffusers/02_sd21_filtered_100steps/generated_images/final/negative/gen_1699.png,gen_1699.png,138.8956,125.0,1.0,0.1269378662109375,0.6376667868734223,0.07889556884765625,195.8613770428392,24.78251358898668,5.489468463654051,732.3616943359375,0.0,0.0,True,too_empty,,False,
negative,/mnt/MammoDiffusion/MammoDiffusion/experiments/diffusers/02_sd21_filtered_100steps/generated_images/final/negative/gen_1700.png,gen_1700.png,126.7912,104.0,2.0,0.19769668579101562,0.4602797877472262,0.0879669189453125,191.37428447528188,24.380489397394275,5.718140356685069,422.3538818359375,0.0,0.0,True,too_empty,,False,
negative,/mnt/MammoDiffusion/MammoDiffusion/experiments/diffusers/02_sd21_filtered_100steps/generated_images/final/negative/gen_1701.png,gen_1701.png,67.8956,54.0,1.0,0.576629638671875,0.9989745964540884,0.5714302062988281,146.2225344966855,31.969100661123854,6.2360168075132325,549.9129638671875,0.0,0.0,False,,-5.046069053308104,True,153.0
negative,/mnt/MammoDiffusion/MammoDiffusion/experiments/diffusers/02_sd21_filtered_100steps/generated_images/final/negative/gen_1702.png,gen_1702.png,65.7912,43.0,2.0,0.4028472900390625,0.9977273588121662,0.4089775085449219,131.70045051347344,49.314988877360435,6.363901667584804,1167.5853271484375,0.0,0.0,False,,-4.717228970461058,True,87.0
negative,/mnt/MammoDiffusion/MammoDiffusion/experiments/diffusers/02_sd21_filtered_100steps/generated_images/final/negative/gen_1703.png,gen_1703.png,10.0,0.0,0.0,0.9124183654785156,0.9987290172878734,0.8985519409179688,135.1561197198047,36.942042581553615,7.024444102357595,1238.748046875,0.0,0.0,False,,-7.935380428744072,False,
negative,/mnt/MammoDiffusion/MammoDiffusion/experiments/diffusers/02_sd21_filtered_100steps/generated_images/final/negative/gen_1704.png,gen_1704.png,207.85160000000002,105.0,11.0,0.053050994873046875,0.8851657438699936,0.04759979248046875,219.3731367206283,7.305432504642074,6.752094950816974,431.8480529785156,0.0,0.0,True,too_empty,,False,
negative,/mnt/MammoDiffusion/MammoDiffusion/experiments/diffusers/02_sd21_filtered_100steps/generated_images/final/negative/gen_1705.png,gen_1705.png,135.8956,122.0,1.0,0.16432571411132812,0.6898576966826845,0.12095260620117188,190.3113823445927,38.007727344297294,5.3000667025791595,682.1597290039062,0.0,0.0,True,fragmented_mask,,False,
negative,/mnt/MammoDiffusion/MammoDiffusion/experiments/diffusers/02_sd21_filtered_100steps/generated_images/final/negative/gen_1706.png,gen_1706.png,10.0,0.0,0.0,0.8178520202636719,0.9987966137269992,0.8123779296875,94.02172238918106,55.9303465907431,6.911114975245939,1282.823486328125,0.0,0.0,False,,-7.363685772509311,True,1105.0
negative,/mnt/MammoDiffusion/MammoDiffusion/experiments/diffusers/02_sd21_filtered_100steps/generated_images/final/negative/gen_1707.png,gen_1707.png,14.8956,1.0,1.0,0.6314201354980469,0.9967859451556581,0.6214790344238281,158.76941632855994,23.241127384665937,5.780580495238776,703.2525024414062,0.0,0.0,False,,-6.189988164033351,True,534.0
negative,/mnt/MammoDiffusion/MammoDiffusion/experiments/diffusers/02_sd21_filtered_100steps/generated_images/final/negative/gen_1708.png,gen_1708.png,106.8956,93.0,1.0,0.29055023193359375,0.9261350208754563,0.30641937255859375,144.99194532280956,39.69702906807648,5.52639872450987,387.2321472167969,0.0,0.0,False,,-31.045758835841994,False,
negative,/mnt/MammoDiffusion/MammoDiffusion/experiments/diffusers/02_sd21_filtered_100steps/generated_images/final/negative/gen_1709.png,gen_1709.png,10.0,0.0,0.0,0.8612213134765625,0.9889043425878351,0.8447036743164062,93.02133818654768,70.87212459267657,6.912867625734945,1171.2724609375,0.0,0.0,False,,-11.956721819963821,False,
negative,/mnt/MammoDiffusion/MammoDiffusion/experiments/diffusers/02_sd21_filtered_100steps/generated_images/final/negative/gen_1710.png,gen_1710.png,207.06040000000002,122.0,9.0,0.06284713745117188,0.8741122913505311,0.0529327392578125,223.75900835975784,9.173066642375963,6.560309245832731,452.1998596191406,0.0,0.0,True,too_empty,,False,
negative,/mnt/MammoDiffusion/MammoDiffusion/experiments/diffusers/02_sd21_filtered_100steps/generated_images/final/negative/gen_1711.png,gen_1711.png,12.0,7.0,0.0,0.8913078308105469,1.0,0.8829879760742188,125.73128267162052,29.744498435917198,6.438787838278472,178.9257354736328,0.0,0.0,False,,-7.962563910622909,False,
negative,/mnt/MammoDiffusion/MammoDiffusion/experiments/diffusers/02_sd21_filtered_100steps/generated_images/final/negative/gen_1712.png,gen_1712.png,220.0,246.0,4.0,0.4109077453613281,0.9595142827965873,0.3853302001953125,249.67515740704076,4.89822359077236,5.902185654778045,1280.383056640625,0.0,0.0,True,low_contrast,,False,
negative,/mnt/MammoDiffusion/MammoDiffusion/experiments/diffusers/02_sd21_filtered_100steps/generated_images/final/negative/gen_1713.png,gen_1713.png,149.7912,127.0,2.0,0.1911468505859375,0.960924403288896,0.19765472412109375,182.50824101594165,26.69787025807387,5.044829958954422,236.0133819580078,0.0,0.0,False,,-19.678783482070465,False,
negative,/mnt/MammoDiffusion/MammoDiffusion/experiments/diffusers/02_sd21_filtered_100steps/generated_images/final/negative/gen_1714.png,gen_1714.png,10.0,0.0,0.0,0.8677215576171875,0.9983426240174442,0.8588638305664062,147.65627193021416,28.68153693127644,6.344750250023267,377.283447265625,0.0,0.0,False,,-7.596435381507658,True,1232.0
negative,/mnt/MammoDiffusion/MammoDiffusion/experiments/diffusers/02_sd21_filtered_100steps/generated_images/final/negative/gen_1715.png,gen_1715.png,15.8956,2.0,1.0,0.7650527954101562,0.9979606490022638,0.7567939758300781,153.00370484250638,25.77364453950783,6.183885322969893,370.9120788574219,0.0,0.0,False,,-7.174906071715453,True,994.0
negative,/mnt/MammoDiffusion/MammoDiffusion/experiments/diffusers/02_sd21_filtered_100steps/generated_images/final/negative/gen_1716.png,gen_1716.png,33.7912,11.0,2.0,0.5835189819335938,0.9772759959729613,0.5808830261230469,111.15500902971597,54.17817696345082,6.869984007433609,1335.421875,0.0,0.0,False,,-14.189920349594118,False,
negative,/mnt/MammoDiffusion/MammoDiffusion/experiments/diffusers/02_sd21_filtered_100steps/generated_images/final/negative/gen_1717.png,gen_1717.png,52.0,47.0,0.0,0.5605201721191406,1.0,0.5544700622558594,161.91060949013078,22.421004214364842,5.063867760799045,214.54713439941406,0.0,0.0,False,,-5.563044124353684,True,292.0
negative,/mnt/MammoDiffusion/MammoDiffusion/experiments/diffusers/02_sd21_filtered_100steps/generated_images/final/negative/gen_1718.png,gen_1718.png,190.0,188.0,0.0,0.048969268798828125,0.6042689101815066,0.029052734375,207.43828781512605,10.173785332549174,5.182344827439998,648.5718994140625,0.0,0.0,True,too_empty,,False,
negative,/mnt/MammoDiffusion/MammoDiffusion/experiments/diffusers/02_sd21_filtered_100steps/generated_images/final/negative/gen_1719.png,gen_1719.png,81.0,76.0,0.0,0.31491851806640625,0.9761852847832934,0.30316925048828125,171.105078390417,28.59841841479327,4.293358454635824,462.57440185546875,0.0,0.0,False,,-11.93595137642899,False,
negative,/mnt/MammoDiffusion/MammoDiffusion/experiments/diffusers/02_sd21_filtered_100steps/generated_images/final/negative/gen_1720.png,gen_1720.png,73.7912,51.0,2.0,0.55853271484375,0.9980261720030598,0.5518226623535156,170.3222104702849,24.182683590801503,6.2586633699841006,361.6670837402344,0.0,0.0,False,,-6.231662676133145,True,553.0
negative,/mnt/MammoDiffusion/MammoDiffusion/experiments/diffusers/02_sd21_filtered_100steps/generated_images/final/negative/gen_1721.png,gen_1721.png,67.7912,45.0,2.0,0.4438629150390625,0.9973185740314208,0.4383277893066406,155.60919890344198,39.66769719270695,6.160543606623087,765.251708984375,0.0,0.0,False,,-4.265376961879153,True,31.0
negative,/mnt/MammoDiffusion/MammoDiffusion/experiments/diffusers/02_sd21_filtered_100steps/generated_images/final/negative/gen_1722.png,gen_1722.png,136.6868,105.0,3.0,0.2908134460449219,0.9771233685315144,0.28350830078125,175.64229009687836,28.750059035420627,6.1797427974515236,325.68536376953125,0.0,0.0,False,,-13.563138020087987,False,
negative,/mnt/MammoDiffusion/MammoDiffusion/experiments/diffusers/02_sd21_filtered_100steps/generated_images/final/negative/gen_1723.png,gen_1723.png,83.6868,52.0,3.0,0.6162948608398438,0.9904740093341091,0.6957054138183594,132.80598217957504,45.57119449433526,7.281230094900603,1591.435302734375,0.0,0.0,False,,-10.562891341935256,False,
negative,/mnt/MammoDiffusion/MammoDiffusion/experiments/diffusers/02_sd21_filtered_100steps/generated_images/final/negative/gen_1724.png,gen_1724.png,33.8956,20.0,1.0,0.8129997253417969,0.9992445676909578,0.8124656677246094,96.76901912359202,48.111445935291556,7.031111632906802,1265.98974609375,0.0,0.0,False,,-7.24110865462453,True,1040.0
negative,/mnt/MammoDiffusion/MammoDiffusion/experiments/diffusers/02_sd21_filtered_100steps/generated_images/final/negative/gen_1725.png,gen_1725.png,10.0,1.0,0.0,0.6990470886230469,0.9988540308102002,0.694580078125,96.89198703866433,53.55513121919251,6.564502214239011,1465.9302978515625,0.0,0.0,False,,-6.462424795925194,True,653.0
negative,/mnt/MammoDiffusion/MammoDiffusion/experiments/diffusers/02_sd21_filtered_100steps/generated_images/final/negative/gen_1726.png,gen_1726.png,86.8956,73.0,1.0,0.532745361328125,0.9888296958240248,0.60491943359375,132.55485697709616,45.533270646230086,6.5104149079992615,981.1262817382812,0.0,0.0,False,,-9.104445609252437,False,
negative,/mnt/MammoDiffusion/MammoDiffusion/experiments/diffusers/02_sd21_filtered_100steps/generated_images/final/negative/gen_1727.png,gen_1727.png,220.0,228.0,24.0,0.232421875,0.48417804621848737,0.19990921020507812,252.13720064879305,3.8398865970298366,6.680151113421415,1130.7012939453125,0.0,0.0,True,low_contrast,,False,
negative,/mnt/MammoDiffusion/MammoDiffusion/experiments/diffusers/02_sd21_filtered_100steps/generated_images/final/negative/gen_1728.png,gen_1728.png,189.0,145.0,19.0,0.043254852294921875,0.3795749184231414,0.01686859130859375,200.98530076888287,9.794242816322637,6.332293728765389,846.1209716796875,0.0,0.0,True,too_empty,,False,
negative,/mnt/MammoDiffusion/MammoDiffusion/experiments/diffusers/02_sd21_filtered_100steps/generated_images/final/negative/gen_1729.png,gen_1729.png,153.1648,77.0,8.0,0.40848541259765625,0.9849647933359481,0.4063987731933594,176.59853569249543,18.371713861211376,6.9980105984185546,100.01295471191406,0.0,0.0,False,,-11.602140086718988,False,
negative,/mnt/MammoDiffusion/MammoDiffusion/experiments/diffusers/02_sd21_filtered_100steps/generated_images/final/negative/gen_1730.png,gen_1730.png,49.6868,18.0,3.0,0.34832763671875,0.996659803749781,0.3595619201660156,117.20838770595287,56.49350886238945,6.276535500326929,1577.8961181640625,0.0,0.0,False,,-5.746865421623192,True,356.0
negative,/mnt/MammoDiffusion/MammoDiffusion/experiments/diffusers/02_sd21_filtered_100steps/generated_images/final/negative/gen_1731.png,gen_1731.png,220.0,184.0,45.0,0.34839630126953125,0.9857111573415088,0.34253692626953125,234.171626166559,19.166162450312715,6.717344543310857,1141.6151123046875,0.0,0.0,False,,-12.014423783850901,False,
negative,/mnt/MammoDiffusion/MammoDiffusion/experiments/diffusers/02_sd21_filtered_100steps/generated_images/final/negative/gen_1732.png,gen_1732.png,10.0,0.0,0.0,0.8231964111328125,0.9808893584681829,0.8176765441894531,95.08753948000691,54.53283751411711,6.9006446472457625,1293.8321533203125,0.0,0.0,False,,-14.125085901495805,False,
negative,/mnt/MammoDiffusion/MammoDiffusion/experiments/diffusers/02_sd21_filtered_100steps/generated_images/final/negative/gen_1733.png,gen_1733.png,220.0,50.0,45.0,0.12868499755859375,0.7406177743522855,0.094390869140625,249.7969204655674,31.74783096000718,7.120572857856288,1675.4046630859375,0.0,0.0,True,too_empty,,False,
negative,/mnt/MammoDiffusion/MammoDiffusion/experiments/diffusers/02_sd21_filtered_100steps/generated_images/final/negative/gen_1734.png,gen_1734.png,68.8956,55.0,1.0,0.6060714721679688,0.9999937058623598,0.59991455078125,149.9805613490691,24.369222366102154,5.54861280314586,172.791748046875,0.0,0.0,False,,-6.01880589759748,True,466.0
negative,/mnt/MammoDiffusion/MammoDiffusion/experiments/diffusers/02_sd21_filtered_100steps/generated_images/final/negative/gen_1735.png,gen_1735.png,100.8956,87.0,1.0,0.48731231689453125,0.8656161445368152,0.4333457946777344,147.34759108794972,39.86689698540019,6.474668616871253,746.9969482421875,0.0,0.0,False,,-54.31275731665359,False,
negative,/mnt/MammoDiffusion/MammoDiffusion/experiments/diffusers/02_sd21_filtered_100steps/generated_images/final/negative/gen_1736.png,gen_1736.png,101.8956,88.0,1.0,0.2569847106933594,0.8710941558923508,0.24275970458984375,159.29531097771772,43.70519192499301,5.262087489915047,554.3078002929688,0.0,0.0,False,,-52.38204631672651,False,
negative,/mnt/MammoDiffusion/MammoDiffusion/experiments/diffusers/02_sd21_filtered_100steps/generated_images/final/negative/gen_1737.png,gen_1737.png,193.0,143.0,7.0,0.04998779296875,0.7701465201465202,0.03775787353515625,215.57749040210143,12.201145834504324,7.235986152388739,1158.689453125,0.0,0.0,True,too_empty,,False,
negative,/mnt/MammoDiffusion/MammoDiffusion/experiments/diffusers/02_sd21_filtered_100steps/generated_images/final/negative/gen_1738.png,gen_1738.png,30.7912,8.0,2.0,0.8235359191894531,0.999356138684948,0.8166618347167969,152.31846993922917,27.680489320470397,6.777073805403527,541.9646606445312,0.0,0.0,False,,-7.653185483327404,True,1259.0
negative,/mnt/MammoDiffusion/MammoDiffusion/experiments/diffusers/02_sd21_filtered_100steps/generated_images/final/negative/gen_1739.png,gen_1739.png,114.8956,101.0,1.0,0.5636672973632812,0.9202162937697107,0.5382804870605469,147.03704281148347,30.562028004304477,6.285937935368297,294.9546203613281,0.0,0.0,False,,-35.02392405233741,False,
negative,/mnt/MammoDiffusion/MammoDiffusion/experiments/diffusers/02_sd21_filtered_100steps/generated_images/final/negative/gen_1740.png,gen_1740.png,113.8956,100.0,1.0,0.6639251708984375,0.9935648456712096,0.6547622680664062,159.81956048053507,24.512443974923578,6.7978651111020145,331.12799072265625,0.0,0.0,False,,-8.914232999122207,False,
negative,/mnt/MammoDiffusion/MammoDiffusion/experiments/diffusers/02_sd21_filtered_100steps/generated_images/final/negative/gen_1741.png,gen_1741.png,61.7912,39.0,2.0,0.5552406311035156,0.9979595061592684,0.5480918884277344,163.35967677948761,22.287191356032828,5.975777348832347,221.92852783203125,0.0,0.0,False,,-6.157405514610657,True,519.0
negative,/mnt/MammoDiffusion/MammoDiffusion/experiments/diffusers/02_sd21_filtered_100steps/generated_images/final/negative/gen_1742.png,gen_1742.png,168.7912,146.0,2.0,0.08356094360351562,0.8202693448984251,0.0716094970703125,202.4339974430002,23.55829238152696,6.700767273800374,820.8272094726562,0.0,0.0,True,too_empty,,False,
negative,/mnt/MammoDiffusion/MammoDiffusion/experiments/diffusers/02_sd21_filtered_100steps/generated_images/final/negative/gen_1743.png,gen_1743.png,128.0,123.0,0.0,0.4594459533691406,0.9998173379497015,0.4547767639160156,169.20678258973132,19.17829923881066,4.605161020905653,100.5810546875,0.0,0.0,False,,-4.886285255188785,True,113.0
negative,/mnt/MammoDiffusion/MammoDiffusion/experiments/diffusers/02_sd21_filtered_100steps/generated_images/final/negative/gen_1744.png,gen_1744.png,109.8956,96.0,1.0,0.5709114074707031,0.9949151749620809,0.56201171875,160.34589487402258,23.233696101525393,5.571462963381981,268.2948303222656,0.0,0.0,False,,-6.898789089249311,True,848.0
negative,/mnt/MammoDiffusion/MammoDiffusion/experiments/diffusers/02_sd21_filtered_100steps/generated_images/final/negative/gen_1745.png,gen_1745.png,114.8956,101.0,1.0,0.4022407531738281,0.9794395182322538,0.39092254638671875,154.47033509631336,28.550299635366986,5.731151456620723,178.70364379882812,0.0,0.0,False,,-11.480557225096568,False,
negative,/mnt/MammoDiffusion/MammoDiffusion/experiments/diffusers/02_sd21_filtered_100steps/generated_images/final/negative/gen_1746.png,gen_1746.png,65.7912,43.0,2.0,0.5120697021484375,0.9843484609195745,0.5121231079101562,132.4590837988827,49.64473666902778,6.627678171133135,1247.86669921875,0.0,0.0,False,,-10.851221355462329,False,
negative,/mnt/MammoDiffusion/MammoDiffusion/experiments/diffusers/02_sd21_filtered_100steps/generated_images/final/negative/gen_1747.png,gen_1747.png,142.478,93.0,5.0,0.19123077392578125,0.7561539996010374,0.13970565795898438,183.11672992381835,30.341354054709562,6.48649789786216,342.140869140625,0.0,0.0,False,,-98.66344649298705,False,
negative,/mnt/MammoDiffusion/MammoDiffusion/experiments/diffusers/02_sd21_filtered_100steps/generated_images/final/negative/gen_1748.png,gen_1748.png,10.0,0.0,0.0,0.6897010803222656,0.9955863075978562,0.6826171875,142.7527550518598,25.89308501609202,5.412801093428402,496.17303466796875,0.0,0.0,False,,-6.5692450458902405,True,697.0
negative,/mnt/MammoDiffusion/MammoDiffusion/experiments/diffusers/02_sd21_filtered_100steps/generated_images/final/negative/gen_1749.png,gen_1749.png,185.0,180.0,0.0,0.06508255004882812,0.8209952523298751,0.05462646484375,205.78903631284916,13.741995330500075,5.5336519507245745,735.6655883789062,0.0,0.0,True,too_empty,,False,
negative,/mnt/MammoDiffusion/MammoDiffusion/experiments/diffusers/02_sd21_filtered_100steps/generated_images/final/negative/gen_1750.png,gen_1750.png,194.7472,83.0,12.0,0.07853317260742188,0.7846213629960654,0.06061553955078125,222.6755191944619,13.976994892166482,7.203414862615246,687.6690673828125,0.0,0.0,True,too_empty,,False,
negative,/mnt/MammoDiffusion/MammoDiffusion/experiments/diffusers/02_sd21_filtered_100steps/generated_images/final/negative/gen_1751.png,gen_1751.png,124.8956,111.0,1.0,0.20164108276367188,0.4719158516052139,0.0916290283203125,205.81640299750208,25.807013176845285,5.537045609654333,634.690185546875,0.0,0.0,True,too_empty,,False,
negative,/mnt/MammoDiffusion/MammoDiffusion/experiments/diffusers/02_sd21_filtered_100steps/generated_images/final/negative/gen_1752.png,gen_1752.png,65.7912,43.0,2.0,0.6198272705078125,0.9923869427143596,0.6275291442871094,130.18622152787486,47.528484271417504,7.070172236668952,1210.26708984375,0.0,0.0,False,,-8.751179387229284,False,
negative,/mnt/MammoDiffusion/MammoDiffusion/experiments/diffusers/02_sd21_filtered_100steps/generated_images/final/negative/gen_1753.png,gen_1753.png,126.8956,113.0,1.0,0.4248237609863281,0.9967943249674494,0.41851043701171875,185.2026068726643,21.251251300520764,6.133758975762171,287.68658447265625,0.0,0.0,False,,-6.210712563912287,True,548.0
negative,/mnt/MammoDiffusion/MammoDiffusion/experiments/diffusers/02_sd21_filtered_100steps/generated_images/final/negative/gen_1754.png,gen_1754.png,17.0,12.0,0.0,0.8453712463378906,0.9977663362047571,0.8356552124023438,146.3341428454045,32.74157389258452,6.430985419388792,270.27789306640625,0.0,0.0,False,,-7.631802167189965,True,1244.0
negative,/mnt/MammoDiffusion/MammoDiffusion/experiments/diffusers/02_sd21_filtered_100steps/generated_images/final/negative/gen_1755.png,gen_1755.png,48.6868,17.0,3.0,0.7260971069335938,1.0,0.7196998596191406,160.22103728831527,22.862869139069183,6.528907900955154,391.9375915527344,0.0,0.0,False,,-7.630008565649044,True,1243.0
negative,/mnt/MammoDiffusion/MammoDiffusion/experiments/diffusers/02_sd21_filtered_100steps/generated_images/final/negative/gen_1756.png,gen_1756.png,82.0,77.0,0.0,0.26363372802734375,0.9998842425119375,0.258392333984375,167.72168418566199,26.825895951646057,3.4716689242132945,177.01837158203125,0.0,0.0,False,,-4.2948588239817544,True,34.0
negative,/mnt/MammoDiffusion/MammoDiffusion/experiments/diffusers/02_sd21_filtered_100steps/generated_images/final/negative/gen_1757.png,gen_1757.png,203.0,102.0,96.0,0.047351837158203125,0.6400547812776928,0.03072357177734375,213.74472311894712,8.798951550607455,6.063046233793937,928.2188720703125,0.0,0.0,True,too_empty,,False,
negative,/mnt/MammoDiffusion/MammoDiffusion/experiments/diffusers/02_sd21_filtered_100steps/generated_images/final/negative/gen_1758.png,gen_1758.png,67.8956,54.0,1.0,0.5690193176269531,0.9977742768075621,0.5621109008789062,174.37346797508042,21.15474153389054,5.917543669137956,243.6984100341797,0.0,0.0,False,,-6.49867242266645,True,674.0
negative,/mnt/MammoDiffusion/MammoDiffusion/experiments/diffusers/02_sd21_filtered_100steps/generated_images/final/negative/gen_1759.png,gen_1759.png,111.7912,89.0,2.0,0.5152511596679688,0.9953209446953432,0.5254707336425781,159.56557216386327,30.190017749841832,6.792466183687325,509.3450622558594,0.0,0.0,False,,-6.823768465493242,True,816.0
negative,/mnt/MammoDiffusion/MammoDiffusion/experiments/diffusers/02_sd21_filtered_100steps/generated_images/final/negative/gen_1760.png,gen_1760.png,78.6868,47.0,3.0,0.42951202392578125,0.9983924543048475,0.4241180419921875,171.60212268393596,26.77382692202271,6.344344960114449,570.2593994140625,0.0,0.0,False,,-4.909071368960612,True,118.0
negative,/mnt/MammoDiffusion/MammoDiffusion/experiments/diffusers/02_sd21_filtered_100steps/generated_images/final/negative/gen_1761.png,gen_1761.png,130.8956,117.0,1.0,0.18803024291992188,0.7596721511026354,0.15929794311523438,175.06219018654662,33.905359416498484,5.313483959537878,446.81939697265625,0.0,0.0,False,,-95.73080319418213,False,
negative,/mnt/MammoDiffusion/MammoDiffusion/experiments/diffusers/02_sd21_filtered_100steps/generated_images/final/negative/gen_1762.png,gen_1762.png,82.7912,60.0,2.0,0.6288566589355469,0.9979314653838921,0.6221504211425781,152.39308860588744,27.541238989096303,6.301239528493243,215.57705688476562,0.0,0.0,False,,-6.4766169922786325,True,660.0
negative,/mnt/MammoDiffusion/MammoDiffusion/experiments/diffusers/02_sd21_filtered_100steps/generated_images/final/negative/gen_1763.png,gen_1763.png,102.8956,89.0,1.0,0.7403678894042969,0.9972898193041122,0.7316436767578125,151.81272810694696,23.22049905365034,6.10218982351736,182.1305694580078,0.0,0.0,False,,-7.557552541178745,True,1212.0
negative,/mnt/MammoDiffusion/MammoDiffusion/experiments/diffusers/02_sd21_filtered_100steps/generated_images/final/negative/gen_1764.png,gen_1764.png,82.8956,69.0,1.0,0.8163185119628906,0.9997009247966056,0.8094635009765625,144.00491526701728,25.132595068666525,6.271720405320947,207.69496154785156,0.0,0.0,False,,-7.742344873994468,True,1304.0
negative,/mnt/MammoDiffusion/MammoDiffusion/experiments/diffusers/02_sd21_filtered_100steps/generated_images/final/negative/gen_1765.png,gen_1765.png,132.8956,119.0,1.0,0.5687026977539062,0.9945801639366255,0.5583915710449219,163.09057310133284,19.724004290539735,5.303000878462758,104.86824798583984,0.0,0.0,False,,-7.228247325118012,True,1031.0
negative,/mnt/MammoDiffusion/MammoDiffusion/experiments/diffusers/02_sd21_filtered_100steps/generated_images/final/negative/gen_1766.png,gen_1766.png,10.0,0.0,0.0,0.89385986328125,0.9990696483441448,0.8866004943847656,142.0431207699953,28.01867308725191,6.377728317782848,657.3644409179688,0.0,0.0,False,,-7.326582230909052,True,1091.0
negative,/mnt/MammoDiffusion/MammoDiffusion/experiments/diffusers/02_sd21_filtered_100steps/generated_images/final/negative/gen_1767.png,gen_1767.png,57.7912,35.0,2.0,0.4858970642089844,0.9837723258096173,0.5128173828125,114.61568674125208,50.67135473898413,6.724567597072579,1401.9522705078125,0.0,0.0,False,,-11.10271601821541,False,
negative,/mnt/MammoDiffusion/MammoDiffusion/experiments/diffusers/02_sd21_filtered_100steps/generated_images/final/negative/gen_1768.png,gen_1768.png,136.7912,114.0,2.0,0.17807388305664062,0.44489192605128425,0.076995849609375,207.90145659928658,26.352368667398387,5.837149309150028,753.1463623046875,0.0,0.0,True,too_empty,,False,
negative,/mnt/MammoDiffusion/MammoDiffusion/experiments/diffusers/02_sd21_filtered_100steps/generated_images/final/negative/gen_1769.png,gen_1769.png,220.0,188.0,61.0,0.19698333740234375,0.8790425655525,0.16900634765625,251.4231446370531,5.709644739785361,6.959185944051861,1344.35107421875,0.0,0.0,True,low_contrast,,False,
negative,/mnt/MammoDiffusion/MammoDiffusion/experiments/diffusers/02_sd21_filtered_100steps/generated_images/final/negative/gen_1770.png,gen_1770.png,129.8956,116.0,1.0,0.24172210693359375,0.8079727298551274,0.20612716674804688,174.29271768298324,37.63474163347257,5.338381065871085,583.2947387695312,0.0,0.0,False,,-76.71289314706789,False,
negative,/mnt/MammoDiffusion/MammoDiffusion/experiments/diffusers/02_sd21_filtered_100steps/generated_images/final/negative/gen_1771.png,gen_1771.png,10.0,0.0,0.0,0.8188514709472656,0.9984626636913774,0.8105850219726562,160.31090404254317,24.339063381408447,5.900958327342544,187.24148559570312,0.0,0.0,False,,-7.557593860230514,True,1213.0
negative,/mnt/MammoDiffusion/MammoDiffusion/experiments/diffusers/02_sd21_filtered_100steps/generated_images/final/negative/gen_1772.png,gen_1772.png,86.8956,73.0,1.0,0.3791961669921875,0.9999396402559253,0.3735694885253906,156.16683515608247,26.400916001654046,5.009816223727782,205.3433837890625,0.0,0.0,False,,-4.136798486662888,True,24.0
negative,/mnt/MammoDiffusion/MammoDiffusion/experiments/diffusers/02_sd21_filtered_100steps/generated_images/final/negative/gen_1773.png,gen_1773.png,145.478,96.0,5.0,0.24254226684570312,0.908164388732483,0.2508125305175781,170.4745471414014,27.57635652033421,6.278000361746439,242.75804138183594,0.0,0.0,False,,-40.11564182934485,False,
negative,/mnt/MammoDiffusion/MammoDiffusion/experiments/diffusers/02_sd21_filtered_100steps/generated_images/final/negative/gen_1774.png,gen_1774.png,146.8956,133.0,1.0,0.223358154296875,0.9198661019264927,0.21981430053710938,168.7035732259688,23.66661650278168,5.221448091216446,177.55238342285156,0.0,0.0,False,,-35.25610097893145,False,
negative,/mnt/MammoDiffusion/MammoDiffusion/experiments/diffusers/02_sd21_filtered_100steps/generated_images/final/negative/gen_1775.png,gen_1775.png,34.7912,12.0,2.0,0.648040771484375,0.9983812102660702,0.6408958435058594,155.37782354306665,24.567644094927232,6.439126904204665,416.462158203125,0.0,0.0,False,,-6.494998269759245,True,672.0
negative,/mnt/MammoDiffusion/MammoDiffusion/experiments/diffusers/02_sd21_filtered_100steps/generated_images/final/negative/gen_1776.png,gen_1776.png,86.8956,73.0,1.0,0.4639015197753906,0.9971794850710063,0.45697784423828125,169.40903551096048,26.175490676755505,4.9509182393671205,264.25537109375,0.0,0.0,False,,-4.811449434222379,True,104.0
negative,/mnt/MammoDiffusion/MammoDiffusion/experiments/diffusers/02_sd21_filtered_100steps/generated_images/final/negative/gen_1777.png,gen_1777.png,96.1648,20.0,8.0,0.6443862915039062,0.9736505606137744,0.6698532104492188,144.68765589585303,38.56650164390176,7.514676352256977,971.849609375,0.0,0.0,False,,-16.04788243465914,False,
negative,/mnt/MammoDiffusion/MammoDiffusion/experiments/diffusers/02_sd21_filtered_100steps/generated_images/final/negative/gen_1778.png,gen_1778.png,117.8956,104.0,1.0,0.38770294189453125,0.9960347915067792,0.3808746337890625,167.08328993229438,26.841935795619325,4.769911637243002,193.7167510986328,0.0,0.0,False,,-4.663719594724759,True,78.0
negative,/mnt/MammoDiffusion/MammoDiffusion/experiments/diffusers/02_sd21_filtered_100steps/generated_images/final/negative/gen_1779.png,gen_1779.png,138.8956,125.0,1.0,0.14986419677734375,0.8419029679784147,0.12768173217773438,189.53144513160646,28.618774052311657,4.521677429558105,561.8756713867188,0.0,0.0,False,,-64.457866747533,False,
negative,/mnt/MammoDiffusion/MammoDiffusion/experiments/diffusers/02_sd21_filtered_100steps/generated_images/final/negative/gen_1780.png,gen_1780.png,99.8956,86.0,1.0,0.2030792236328125,0.611728905252085,0.12949371337890625,175.56292346668238,40.174360778885834,5.802939606919538,916.1336059570312,0.0,0.0,True,fragmented_mask,,False,
negative,/mnt/MammoDiffusion/MammoDiffusion/experiments/diffusers/02_sd21_filtered_100steps/generated_images/final/negative/gen_1781.png,gen_1781.png,187.0,174.0,2.0,0.049930572509765625,0.7232790893116358,0.036235809326171875,201.08969365196336,8.15533464731255,6.289585362601968,787.6976928710938,0.0,0.0,True,too_empty,,False,
negative,/mnt/MammoDiffusion/MammoDiffusion/experiments/diffusers/02_sd21_filtered_100steps/generated_images/final/negative/gen_1782.png,gen_1782.png,55.7912,33.0,2.0,0.5445022583007812,0.9977441185949082,0.5374870300292969,171.87698990056708,23.418472871608042,6.130447191089521,301.9088439941406,0.0,0.0,False,,-6.281132246049157,True,572.0
negative,/mnt/MammoDiffusion/MammoDiffusion/experiments/diffusers/02_sd21_filtered_100steps/generated_images/final/negative/gen_1783.png,gen_1783.png,80.6868,49.0,3.0,0.7970695495605469,0.9964392884319947,0.8429946899414062,128.256133872734,39.05292465009628,7.284765888850937,1138.3367919921875,0.0,0.0,False,,-8.2812877509555,False,
negative,/mnt/MammoDiffusion/MammoDiffusion/experiments/diffusers/02_sd21_filtered_100steps/generated_images/final/negative/gen_1784.png,gen_1784.png,75.8956,62.0,1.0,0.5072441101074219,0.9676094787585263,0.6222686767578125,115.51704838037321,48.44098224511779,6.2573731562509085,1046.0091552734375,0.0,0.0,False,,-17.00236264869421,False,
negative,/mnt/MammoDiffusion/MammoDiffusion/experiments/diffusers/02_sd21_filtered_100steps/generated_images/final/negative/gen_1785.png,gen_1785.png,68.8956,55.0,1.0,0.4329071044921875,0.9960434951182545,0.4368782043457031,124.11260423488321,48.616389766244474,5.684156352569132,864.0302734375,0.0,0.0,False,,-4.395058479939838,True,42.0
negative,/mnt/MammoDiffusion/MammoDiffusion/experiments/diffusers/02_sd21_filtered_100steps/generated_images/final/negative/gen_1786.png,gen_1786.png,62.6868,31.0,3.0,0.6706733703613281,0.9975940345708224,0.6962928771972656,115.14180760317538,46.776832420563004,7.169303151739463,1313.2862548828125,0.0,0.0,False,,-7.155490349677403,True,986.0
negative,/mnt/MammoDiffusion/MammoDiffusion/experiments/diffusers/02_sd21_filtered_100steps/generated_images/final/negative/gen_1787.png,gen_1787.png,108.7912,86.0,2.0,0.2394866943359375,0.8445046193055114,0.23065567016601562,162.01844042007772,47.07920567892473,5.779718160574561,800.1511840820312,0.0,0.0,False,,-63.179674893212464,False,
negative,/mnt/MammoDiffusion/MammoDiffusion/experiments/diffusers/02_sd21_filtered_100steps/generated_images/final/negative/gen_1788.png,gen_1788.png,29.7912,7.0,2.0,0.45838165283203125,0.9891063730630316,0.4504356384277344,113.90740944621821,54.38273371077495,6.374585872148494,1602.759765625,0.0,0.0,False,,-8.81508564704055,False,
negative,/mnt/MammoDiffusion/MammoDiffusion/experiments/diffusers/02_sd21_filtered_100steps/generated_images/final/negative/gen_1789.png,gen_1789.png,81.5824,41.0,4.0,0.4368629455566406,0.9989958173610081,0.4325714111328125,178.5331757733959,24.758995697289087,6.4513116333927165,724.6949462890625,0.0,0.0,False,,-5.1076685544887495,True,170.0
negative,/mnt/MammoDiffusion/MammoDiffusion/experiments/diffusers/02_sd21_filtered_100steps/generated_images/final/negative/gen_1790.png,gen_1790.png,38.8956,25.0,1.0,0.5896072387695312,0.997968452789172,0.582733154296875,161.92511783189317,23.40167801242729,6.084666629205892,230.61856079101562,0.0,0.0,False,,-6.383382097285444,True,610.0
negative,/mnt/MammoDiffusion/MammoDiffusion/experiments/diffusers/02_sd21_filtered_100steps/generated_images/final/negative/gen_1791.png,gen_1791.png,210.0,98.0,14.0,0.04700469970703125,0.6529784125953579,0.033023834228515625,220.26210003465403,9.680325879823622,7.006739716792309,832.9105224609375,0.0,0.0,True,too_empty,,False,
negative,/mnt/MammoDiffusion/MammoDiffusion/experiments/diffusers/02_sd21_filtered_100steps/generated_images/final/negative/gen_1792.png,gen_1792.png,10.0,0.0,0.0,0.8713722229003906,0.998581591331947,0.8635406494140625,142.67276429947168,33.62605169837751,6.530142479939235,522.6529541015625,0.0,0.0,False,,-7.147651357447542,True,979.0
negative,/mnt/MammoDiffusion/MammoDiffusion/experiments/diffusers/02_sd21_filtered_100steps/generated_images/final/negative/gen_1793.png,gen_1793.png,88.7912,66.0,2.0,0.8016090393066406,0.9990815515592208,0.7938995361328125,151.2544638566953,23.208644332772984,6.764538604513147,185.05340576171875,0.0,0.0,False,,-8.08047157891659,False,
negative,/mnt/MammoDiffusion/MammoDiffusion/experiments/diffusers/02_sd21_filtered_100steps/generated_images/final/negative/gen_1794.png,gen_1794.png,25.8956,12.0,1.0,0.8865318298339844,1.0,0.8768768310546875,150.769424191275,20.94876662651929,5.934363674745974,68.1854476928711,0.0,0.0,False,,-8.554642001161394,False,
negative,/mnt/MammoDiffusion/MammoDiffusion/experiments/diffusers/02_sd21_filtered_100steps/generated_images/final/negative/gen_1795.png,gen_1795.png,58.7912,36.0,2.0,0.4217338562011719,0.9960833974040071,0.4335594177246094,127.28326074523778,53.51498545818496,6.298936068596712,1252.137939453125,0.0,0.0,False,,-5.71258967461072,True,344.0
negative,/mnt/MammoDiffusion/MammoDiffusion/experiments/diffusers/02_sd21_filtered_100steps/generated_images/final/negative/gen_1796.png,gen_1796.png,10.0,0.0,0.0,0.7188949584960938,0.999437528521549,0.7055282592773438,166.2960908353609,19.587798955730342,5.727284834477716,546.488525390625,0.0,0.0,False,,-6.720020224850861,True,769.0
negative,/mnt/MammoDiffusion/MammoDiffusion/experiments/diffusers/02_sd21_filtered_100steps/generated_images/final/negative/gen_1797.png,gen_1797.png,127.8956,114.0,1.0,0.22197341918945312,0.4482634174844043,0.09536361694335938,201.4786191447658,24.45735102904829,5.512280734676608,470.9143981933594,0.0,0.0,True,too_empty,,False,
negative,/mnt/MammoDiffusion/MammoDiffusion/experiments/diffusers/02_sd21_filtered_100steps/generated_images/final/negative/gen_1798.png,gen_1798.png,95.47800000000001,46.0,5.0,0.28629302978515625,0.8809993337774816,0.2524070739746094,148.21773693835294,47.40952058884593,6.791848964759416,1373.91015625,0.0,0.0,False,,-50.578943337172085,False,
negative,/mnt/MammoDiffusion/MammoDiffusion/experiments/diffusers/02_sd21_filtered_100steps/generated_images/final/negative/gen_1799.png,gen_1799.png,107.8956,94.0,1.0,0.410552978515625,0.9973240169478926,0.40404510498046875,167.27413659623483,21.792848551355636,5.242656070636649,124.86383819580078,0.0,0.0,False,,-5.029534499991305,True,144.0
negative,/mnt/MammoDiffusion/MammoDiffusion/experiments/diffusers/02_sd21_filtered_100steps/generated_images/final/negative/gen_1800.png,gen_1800.png,79.6868,48.0,3.0,0.4867820739746094,0.9979076382957048,0.4799537658691406,169.91005190077652,23.411701860026696,6.250782656084382,365.3829650878906,0.0,0.0,False,,-5.814002808904551,True,378.0
negative,/mnt/MammoDiffusion/MammoDiffusion/experiments/diffusers/02_sd21_filtered_100steps/generated_images/final/negative/gen_1801.png,gen_1801.png,101.8956,88.0,1.0,0.27359771728515625,0.9838264409804524,0.3141288757324219,147.9851846454637,44.476567774525364,5.251285565800731,535.5853271484375,0.0,0.0,False,,-8.98286110391113,False,
negative,/mnt/MammoDiffusion/MammoDiffusion/experiments/diffusers/02_sd21_filtered_100steps/generated_images/final/negative/gen_1802.png,gen_1802.png,180.8956,167.0,1.0,0.07255935668945312,0.6724146995426108,0.04932403564453125,209.73812838360402,15.714356918342778,5.672800911889543,868.9195556640625,0.0,0.0,True,too_empty,,False,
negative,/mnt/MammoDiffusion/MammoDiffusion/experiments/diffusers/02_sd21_filtered_100steps/generated_images/final/negative/gen_1803.png,gen_1803.png,161.2692,94.0,7.0,0.1562957763671875,0.7635214292687689,0.11780929565429688,202.79626331638767,21.13886477745397,7.003091394381855,566.0053100585938,0.0,0.0,False,,-96.99692170693731,False,
negative,/mnt/MammoDiffusion/MammoDiffusion/experiments/diffusers/02_sd21_filtered_100steps/generated_images/final/negative/gen_1804.png,gen_1804.png,79.2692,12.0,7.0,0.872222900390625,0.9932866239809663,0.8617134094238281,129.20372919922264,32.41492124596083,7.108340317894785,658.9760131835938,0.0,0.0,False,,-9.281367577330357,False,
negative,/mnt/MammoDiffusion/MammoDiffusion/experiments/diffusers/02_sd21_filtered_100steps/generated_images/final/negative/gen_1805.png,gen_1805.png,10.0,4.0,0.0,0.8664016723632812,0.9984237546340733,0.8559799194335938,146.15080440304826,30.857794697677544,6.471719521150753,343.58154296875,0.0,0.0,False,,-7.5548684571514935,True,1208.0
negative,/mnt/MammoDiffusion/MammoDiffusion/experiments/diffusers/02_sd21_filtered_100steps/generated_images/final/negative/gen_1806.png,gen_1806.png,127.8956,114.0,1.0,0.6776618957519531,0.9973430155647499,0.6779708862304688,165.96534553188616,25.1601437715624,5.983977430475721,278.0353088378906,0.0,0.0,False,,-7.091964912321145,True,945.0
negative,/mnt/MammoDiffusion/MammoDiffusion/experiments/diffusers/02_sd21_filtered_100steps/generated_images/final/negative/gen_1807.png,gen_1807.png,142.7912,120.0,2.0,0.3244438171386719,0.9712878155459665,0.3215980529785156,174.62116125971176,26.895979864185403,5.733120107430528,269.1942138671875,0.0,0.0,False,,-15.298918050006824,False,
negative,/mnt/MammoDiffusion/MammoDiffusion/experiments/diffusers/02_sd21_filtered_100steps/generated_images/final/negative/gen_1808.png,gen_1808.png,157.8956,144.0,1.0,0.08271408081054688,0.636673891989116,0.051242828369140625,192.94133849475173,21.80819553735222,4.897179664017227,254.875244140625,0.0,0.0,True,too_empty,,False,
negative,/mnt/MammoDiffusion/MammoDiffusion/experiments/diffusers/02_sd21_filtered_100steps/generated_images/final/negative/gen_1809.png,gen_1809.png,122.8956,109.0,1.0,0.4022407531738281,0.9828346531367064,0.396484375,166.1841133004926,26.24157713064642,6.010455068844706,162.8369140625,0.0,0.0,False,,-10.817494602419565,False,
negative,/mnt/MammoDiffusion/MammoDiffusion/experiments/diffusers/02_sd21_filtered_100steps/generated_images/final/negative/gen_1810.png,gen_1810.png,19.8956,6.0,1.0,0.7630386352539062,0.9991051163348764,0.7584114074707031,124.04804011810093,46.1195134662039,7.028989720652389,1346.291259765625,0.0,0.0,False,,-7.3003833241658205,True,1078.0
negative,/mnt/MammoDiffusion/MammoDiffusion/experiments/diffusers/02_sd21_filtered_100steps/generated_images/final/negative/gen_1811.png,gen_1811.png,220.0,244.0,11.0,0.19038009643554688,0.43236419740717735,0.07822418212890625,254.44850287720666,5.968299980242793,6.786918706610884,1268.5120849609375,0.0,0.0,True,too_empty,,False,
negative,/mnt/MammoDiffusion/MammoDiffusion/experiments/diffusers/02_sd21_filtered_100steps/generated_images/final/negative/gen_1812.png,gen_1812.png,35.7912,13.0,2.0,0.47959136962890625,0.9975421962743195,0.47846221923828125,112.82718096726357,54.796012344688286,6.418446514448742,1355.9730224609375,0.0,0.0,False,,-5.5161014164887785,True,271.0
negative,/mnt/MammoDiffusion/MammoDiffusion/experiments/diffusers/02_sd21_filtered_100steps/generated_images/final/negative/gen_1813.png,gen_1813.png,24.7912,2.0,2.0,0.8785934448242188,1.0,0.8679428100585938,149.2323426773204,28.489080778191884,6.559027204587648,532.25146484375,0.0,0.0,False,,-7.974293888932687,False,
negative,/mnt/MammoDiffusion/MammoDiffusion/experiments/diffusers/02_sd21_filtered_100steps/generated_images/final/negative/gen_1814.png,gen_1814.png,63.8956,50.0,1.0,0.7090530395507812,1.0,0.7029304504394531,157.18411127210763,19.226232437074238,5.538400852070548,106.97407531738281,0.0,0.0,False,,-7.198843486876803,True,1010.0
negative,/mnt/MammoDiffusion/MammoDiffusion/experiments/diffusers/02_sd21_filtered_100steps/generated_images/final/negative/gen_1815.png,gen_1815.png,134.8956,121.0,1.0,0.16519927978515625,0.611116242552995,0.09783935546875,190.75319713038053,30.6158238559284,6.096979642566572,693.0741577148438,0.0,0.0,True,too_empty,,False,
negative,/mnt/MammoDiffusion/MammoDiffusion/experiments/diffusers/02_sd21_filtered_100steps/generated_images/final/negative/gen_1816.png,gen_1816.png,99.7912,77.0,2.0,0.3914337158203125,0.9762795774373367,0.4645271301269531,136.5360137304657,43.09881798740407,6.408225005639621,946.04736328125,0.0,0.0,False,,-12.724491154803127,False,
negative,/mnt/MammoDiffusion/MammoDiffusion/experiments/diffusers/02_sd21_filtered_100steps/generated_images/final/negative/gen_1817.png,gen_1817.png,14.8956,1.0,1.0,0.788787841796875,0.9980897202770147,0.7807350158691406,157.67367649573694,25.903256287629084,6.280980134944253,530.8369140625,0.0,0.0,False,,-7.232560057270912,True,1033.0
negative,/mnt/MammoDiffusion/MammoDiffusion/experiments/diffusers/02_sd21_filtered_100steps/generated_images/final/negative/gen_1818.png,gen_1818.png,177.2692,110.0,7.0,0.10565567016601562,0.6529226992093007,0.06663894653320312,213.1646917396531,16.07282638502124,6.684551360153155,369.6275634765625,0.0,0.0,True,too_empty,,False,
negative,/mnt/MammoDiffusion/MammoDiffusion/experiments/diffusers/02_sd21_filtered_100steps/generated_images/final/negative/gen_1819.png,gen_1819.png,75.7912,53.0,2.0,0.35391998291015625,0.9897281683157645,0.3931617736816406,129.72606607480716,52.316194846160116,6.187950140447329,1227.1187744140625,0.0,0.0,False,,-7.702541055021838,True,1284.0
negative,/mnt/MammoDiffusion/MammoDiffusion/experiments/diffusers/02_sd21_filtered_100steps/generated_images/final/negative/gen_1820.png,gen_1820.png,15.8956,2.0,1.0,0.7290306091308594,0.9989063947130202,0.7246284484863281,98.71399843122391,53.50019408473192,6.998084203952644,1844.881103515625,0.0,0.0,False,,-7.58448433345596,True,1227.0
negative,/mnt/MammoDiffusion/MammoDiffusion/experiments/diffusers/02_sd21_filtered_100steps/generated_images/final/negative/gen_1821.png,gen_1821.png,63.8956,50.0,1.0,0.6262702941894531,1.0,0.6201667785644531,170.38650944498778,24.283965256213445,6.1801219786126955,272.29779052734375,0.0,0.0,False,,-6.923748704851342,True,860.0
negative,/mnt/MammoDiffusion/MammoDiffusion/experiments/diffusers/02_sd21_filtered_100steps/generated_images/final/negative/gen_1822.png,gen_1822.png,106.8956,93.0,1.0,0.4606208801269531,0.9979875609735899,0.4540901184082031,159.078983845359,26.66495696389529,5.758890591594253,192.22628784179688,0.0,0.0,False,,-5.057087563682029,True,157.0
negative,/mnt/MammoDiffusion/MammoDiffusion/experiments/diffusers/02_sd21_filtered_100steps/generated_images/final/negative/gen_1823.png,gen_1823.png,98.47800000000001,49.0,5.0,0.4355125427246094,0.9981343120166073,0.4290618896484375,169.92395711085032,21.040551644794768,6.87132042214821,256.9913635253906,0.0,0.0,False,,-6.181453937260992,True,530.0
negative,/mnt/MammoDiffusion/MammoDiffusion/experiments/diffusers/02_sd21_filtered_100steps/generated_images/final/negative/gen_1824.png,gen_1824.png,99.8956,86.0,1.0,0.4054603576660156,1.0,0.3999977111816406,170.47643934119802,21.11047139844369,4.761908136205536,156.38758850097656,0.0,0.0,False,,-4.562690385736116,True,61.0
negative,/mnt/MammoDiffusion/MammoDiffusion/experiments/diffusers/02_sd21_filtered_100steps/generated_images/final/negative/gen_1825.png,gen_1825.png,69.8956,56.0,1.0,0.5734786987304688,0.9972860430774143,0.5641746520996094,158.13663747929274,30.284383288935775,6.172441538609119,429.90960693359375,0.0,0.0,False,,-5.889811270851731,True,411.0
negative,/mnt/MammoDiffusion/MammoDiffusion/experiments/diffusers/02_sd21_filtered_100steps/generated_images/final/negative/gen_1826.png,gen_1826.png,14.0,9.0,0.0,0.7164154052734375,0.9988924623543695,0.7118110656738281,100.42504434690804,57.843333261208564,6.52636410990603,1852.373291015625,0.0,0.0,False,,-7.366986197951851,True,1106.0
negative,/mnt/MammoDiffusion/MammoDiffusion/experiments/diffusers/02_sd21_filtered_100steps/generated_images/final/negative/gen_1827.png,gen_1827.png,54.8956,41.0,1.0,0.7150535583496094,1.0,0.7083053588867188,157.92594168399057,22.69243294382437,6.04718700567612,69.83196258544922,0.0,0.0,False,,-7.541744991233501,True,1201.0
negative,/mnt/MammoDiffusion/MammoDiffusion/experiments/diffusers/02_sd21_filtered_100steps/generated_images/final/negative/gen_1828.png,gen_1828.png,97.7912,75.0,2.0,0.5722465515136719,0.9973268626967355,0.5648269653320312,161.30290546107815,26.6615412102681,6.471082164880414,219.82769775390625,0.0,0.0,False,,-6.661070971432366,True,743.0
negative,/mnt/MammoDiffusion/MammoDiffusion/experiments/diffusers/02_sd21_filtered_100steps/generated_images/final/negative/gen_1829.png,gen_1829.png,70.8956,57.0,1.0,0.6386375427246094,0.9856046351880059,0.7484321594238281,102.26978496103406,39.93725953435972,6.629433987295617,680.1387939453125,0.0,0.0,False,,-10.198151031601219,False,
negative,/mnt/MammoDiffusion/MammoDiffusion/experiments/diffusers/02_sd21_filtered_100steps/generated_images/final/negative/gen_1830.png,gen_1830.png,141.7912,119.0,2.0,0.360565185546875,0.9735717308506137,0.335205078125,175.25877412600147,22.092932136565675,5.726303732707368,277.0081787109375,0.0,0.0,False,,-14.593899255830435,False,
negative,/mnt/MammoDiffusion/MammoDiffusion/experiments/diffusers/02_sd21_filtered_100steps/generated_images/final/negative/gen_1831.png,gen_1831.png,133.8956,120.0,1.0,0.18600845336914062,0.9129017042308403,0.19321823120117188,168.94193599336637,32.09882134404158,4.460873766777315,280.95263671875,0.0,0.0,False,,-36.84760350156116,False,
negative,/mnt/MammoDiffusion/MammoDiffusion/experiments/diffusers/02_sd21_filtered_100steps/generated_images/final/negative/gen_1832.png,gen_1832.png,143.8956,130.0,1.0,0.25508880615234375,0.6711679377897413,0.17271041870117188,161.81314191054665,15.849212986895964,4.984180281531621,73.40182495117188,0.0,0.0,True,fragmented_mask,,False,
negative,/mnt/MammoDiffusion/MammoDiffusion/experiments/diffusers/02_sd21_filtered_100steps/generated_images/final/negative/gen_1833.png,gen_1833.png,147.06040000000002,62.0,9.0,0.34314727783203125,0.9755097049603131,0.344696044921875,168.36946657813192,20.338210602624326,6.8724517829964995,252.19229125976562,0.0,0.0,False,,-14.771057552046619,False,
negative,/mnt/MammoDiffusion/MammoDiffusion/experiments/diffusers/02_sd21_filtered_100steps/generated_images/final/negative/gen_1834.png,gen_1834.png,77.8956,64.0,1.0,0.4108695983886719,0.9984402127995395,0.40627288818359375,155.74123490638672,32.646241310820685,5.517947672692163,470.7212219238281,0.0,0.0,False,,-3.6082275552537904,True,2.0
negative,/mnt/MammoDiffusion/MammoDiffusion/experiments/diffusers/02_sd21_filtered_100steps/generated_images/final/negative/gen_1835.png,gen_1835.png,124.3736,66.0,6.0,0.6638336181640625,0.992770945868291,0.6531791687011719,157.795750670163,19.42235329359879,6.76610106745906,148.35179138183594,0.0,0.0,False,,-9.658859012828215,False,
negative,/mnt/MammoDiffusion/MammoDiffusion/experiments/diffusers/02_sd21_filtered_100steps/generated_images/final/negative/gen_1836.png,gen_1836.png,216.0,81.0,16.0,0.04752349853515625,0.5960025686305989,0.02553558349609375,225.0043322378249,6.000907141427313,7.165542473654737,577.434326171875,0.0,0.0,True,too_empty,,False,
negative,/mnt/MammoDiffusion/MammoDiffusion/experiments/diffusers/02_sd21_filtered_100steps/generated_images/final/negative/gen_1837.png,gen_1837.png,10.0,0.0,0.0,0.8221588134765625,0.9983621313635604,0.8131027221679688,164.0013230119634,23.3443276561485,5.8016308556166205,208.7829132080078,0.0,0.0,False,,-7.618436737292713,True,1241.0
negative,/mnt/MammoDiffusion/MammoDiffusion/experiments/diffusers/02_sd21_filtered_100steps/generated_images/final/negative/gen_1838.png,gen_1838.png,81.6868,50.0,3.0,0.4341926574707031,0.8503176039570906,0.4295005798339844,129.54165075361263,47.07468808316336,6.951673087779415,1283.9779052734375,0.0,0.0,False,,-61.283363582070415,False,
negative,/mnt/MammoDiffusion/MammoDiffusion/experiments/diffusers/02_sd21_filtered_100steps/generated_images/final/negative/gen_1839.png,gen_1839.png,78.8956,65.0,1.0,0.8034629821777344,0.9993495487197505,0.7963066101074219,144.744547227026,25.76590279248834,6.402376091955889,126.2735595703125,0.0,0.0,False,,-7.7178301845140584,True,1295.0
negative,/mnt/MammoDiffusion/MammoDiffusion/experiments/diffusers/02_sd21_filtered_100steps/generated_images/final/negative/gen_1840.png,gen_1840.png,158.7912,136.0,2.0,0.07646942138671875,0.8628155242941236,0.0672149658203125,191.9916572077185,20.595054911579716,6.105400657434287,724.5009155273438,0.0,0.0,True,too_empty,,False,
negative,/mnt/MammoDiffusion/MammoDiffusion/experiments/diffusers/02_sd21_filtered_100steps/generated_images/final/negative/gen_1841.png,gen_1841.png,112.6868,81.0,3.0,0.5268974304199219,0.924125598198707,0.5106163024902344,153.31094841432895,33.014920589756606,6.9336517652486815,771.3650512695312,0.0,0.0,False,,-33.45686839406138,False,
negative,/mnt/MammoDiffusion/MammoDiffusion/experiments/diffusers/02_sd21_filtered_100steps/generated_images/final/negative/gen_1842.png,gen_1842.png,37.7912,15.0,2.0,0.7561683654785156,1.0,0.7500152587890625,162.06221898968528,26.005516320726613,6.602535106724389,199.16171264648438,0.0,0.0,False,,-8.016276854891073,False,
negative,/mnt/MammoDiffusion/MammoDiffusion/experiments/diffusers/02_sd21_filtered_100steps/generated_images/final/negative/gen_1843.png,gen_1843.png,121.8956,108.0,1.0,0.18799209594726562,0.9363040522716666,0.19624710083007812,168.42503644669065,39.656405065126734,4.281940320817604,389.1981201171875,0.0,0.0,False,,-27.28461048918491,False,
negative,/mnt/MammoDiffusion/MammoDiffusion/experiments/diffusers/02_sd21_filtered_100steps/generated_images/final/negative/gen_1844.png,gen_1844.png,84.8956,71.0,1.0,0.6660423278808594,0.9980240436657712,0.6607894897460938,141.61019385528397,31.711347943404704,6.446447018468266,547.6279296875,0.0,0.0,False,,-5.970530885488151,True,441.0
negative,/mnt/MammoDiffusion/MammoDiffusion/experiments/diffusers/02_sd21_filtered_100steps/generated_images/final/negative/gen_1845.png,gen_1845.png,62.6868,31.0,3.0,0.6780014038085938,0.9979745012209257,0.6728286743164062,155.55396364625975,29.47734640599651,6.917411195212936,741.920166015625,0.0,0.0,False,,-6.707463837845775,True,761.0
negative,/mnt/MammoDiffusion/MammoDiffusion/experiments/diffusers/02_sd21_filtered_100steps/generated_images/final/negative/gen_1846.png,gen_1846.png,164.06040000000002,79.0,9.0,0.12798309326171875,0.9215797317436661,0.11771774291992188,195.54716614277845,18.52431906863119,6.881624699676236,299.884033203125,0.0,0.0,False,,-37.28686591266367,False,
negative,/mnt/MammoDiffusion/MammoDiffusion/experiments/diffusers/02_sd21_filtered_100steps/generated_images/final/negative/gen_1847.png,gen_1847.png,68.7912,46.0,2.0,0.5781402587890625,0.9980931140964396,0.571075439453125,157.01155613744456,25.407698721655745,6.298407581539196,364.8787841796875,0.0,0.0,False,,-6.065756439741375,True,485.0
negative,/mnt/MammoDiffusion/MammoDiffusion/experiments/diffusers/02_sd21_filtered_100steps/generated_images/final/negative/gen_1848.png,gen_1848.png,141.1648,65.0,8.0,0.10554122924804688,0.5968482307442079,0.061405181884765625,198.5276138410884,22.171685718824257,6.099193397178798,921.4799194335938,0.0,0.0,True,too_empty,,False,
negative,/mnt/MammoDiffusion/MammoDiffusion/experiments/diffusers/02_sd21_filtered_100steps/generated_images/final/negative/gen_1849.png,gen_1849.png,74.8956,61.0,1.0,0.8050613403320312,0.9983699927028743,0.7969627380371094,143.19145218960458,30.27485227652965,6.69157407446991,396.475830078125,0.0,0.0,False,,-7.272021711016803,True,1055.0
negative,/mnt/MammoDiffusion/MammoDiffusion/experiments/diffusers/02_sd21_filtered_100steps/generated_images/final/negative/gen_1850.png,gen_1850.png,74.8956,61.0,1.0,0.5329017639160156,0.8764898315640278,0.4993934631347656,121.90525005156096,45.408393476465925,6.635044558600374,718.9375,0.0,0.0,False,,-50.58218819871929,False,
negative,/mnt/MammoDiffusion/MammoDiffusion/experiments/diffusers/02_sd21_filtered_100steps/generated_images/final/negative/gen_1851.png,gen_1851.png,115.8956,102.0,1.0,0.1956329345703125,0.7717026752983387,0.15546798706054688,170.3225861857441,41.26042797206108,5.737364919776402,821.1858520507812,0.0,0.0,False,,-91.13666090606141,False,
negative,/mnt/MammoDiffusion/MammoDiffusion/experiments/diffusers/02_sd21_filtered_100steps/generated_images/final/negative/gen_1852.png,gen_1852.png,109.8956,96.0,1.0,0.23407745361328125,0.9364427495844334,0.24539947509765625,158.01685061402145,41.219679628951766,4.868044936776266,298.8834533691406,0.0,0.0,False,,-27.417368910165827,False,
negative,/mnt/MammoDiffusion/MammoDiffusion/experiments/diffusers/02_sd21_filtered_100steps/generated_images/final/negative/gen_1853.png,gen_1853.png,220.0,160.0,87.0,0.18785476684570312,0.8395776220936135,0.157745361328125,246.54079609208745,33.136262280922736,7.094907078013697,1639.2060546875,0.0,0.0,False,,-69.15791974792356,False,
negative,/mnt/MammoDiffusion/MammoDiffusion/experiments/diffusers/02_sd21_filtered_100steps/generated_images/final/negative/gen_1854.png,gen_1854.png,220.0,137.0,69.0,0.18416213989257812,0.6928972388507986,0.12548065185546875,253.20091810056545,17.09250716150952,6.730466361552826,659.8968505859375,0.0,0.0,True,fragmented_mask,,False,
negative,/mnt/MammoDiffusion/MammoDiffusion/experiments/diffusers/02_sd21_filtered_100steps/generated_images/final/negative/gen_1855.png,gen_1855.png,143.478,94.0,5.0,0.31684112548828125,0.7993570757783718,0.24827957153320312,171.32191749250978,24.38153530449239,6.94417415656077,635.2237548828125,0.0,0.0,False,,-81.64880639442137,False,
negative,/mnt/MammoDiffusion/MammoDiffusion/experiments/diffusers/02_sd21_filtered_100steps/generated_images/final/negative/gen_1856.png,gen_1856.png,110.3736,52.0,6.0,0.6797599792480469,0.9078705912062628,0.6312370300292969,151.11693609306542,33.616123341657406,7.263229220877241,969.6486206054688,0.0,0.0,False,,-40.91057606865747,False,
negative,/mnt/MammoDiffusion/MammoDiffusion/experiments/diffusers/02_sd21_filtered_100steps/generated_images/final/negative/gen_1857.png,gen_1857.png,86.7912,64.0,2.0,0.4824981689453125,1.0,0.4769020080566406,177.06246350496332,21.129350502425694,5.77124602126308,215.42832946777344,0.0,0.0,False,,-5.972835775411406,True,444.0
negative,/mnt/MammoDiffusion/MammoDiffusion/experiments/diffusers/02_sd21_filtered_100steps/generated_images/final/negative/gen_1858.png,gen_1858.png,30.7912,8.0,2.0,0.8048171997070312,0.998601749945492,0.7999649047851562,114.23523885821102,51.547451348738,7.39687730084675,1652.2349853515625,0.0,0.0,False,,-8.35656483221016,False,
negative,/mnt/MammoDiffusion/MammoDiffusion/experiments/diffusers/02_sd21_filtered_100steps/generated_images/final/negative/gen_1859.png,gen_1859.png,97.7912,75.0,2.0,0.5521049499511719,0.9956747345074656,0.5457534790039062,163.89938909314583,25.080037928758813,6.102910630626804,375.7373352050781,0.0,0.0,False,,-6.771198937117345,True,796.0
negative,/mnt/MammoDiffusion/MammoDiffusion/experiments/diffusers/02_sd21_filtered_100steps/generated_images/final/negative/gen_1860.png,gen_1860.png,14.8956,1.0,1.0,0.7725830078125,0.9978472112498025,0.7648735046386719,165.1663233702564,23.28813617249417,6.1263786058092355,131.97219848632812,0.0,0.0,False,,-7.8885938656509715,False,
negative,/mnt/MammoDiffusion/MammoDiffusion/experiments/diffusers/02_sd21_filtered_100steps/generated_images/final/negative/gen_1861.png,gen_1861.png,25.0,20.0,0.0,0.8079605102539062,1.0,0.80078125,143.03818121189025,28.89334039162342,6.237167335487873,266.2198486328125,0.0,0.0,False,,-7.470913908851694,True,1161.0
negative,/mnt/MammoDiffusion/MammoDiffusion/experiments/diffusers/02_sd21_filtered_100steps/generated_images/final/negative/gen_1862.png,gen_1862.png,202.0,95.0,15.0,0.047260284423828125,0.4162563564452337,0.016490936279296875,214.48322923895444,8.97277262897923,6.357408614276521,139.8080291748047,0.0,0.0,True,too_empty,,False,
negative,/mnt/MammoDiffusion/MammoDiffusion/experiments/diffusers/02_sd21_filtered_100steps/generated_images/final/negative/gen_1863.png,gen_1863.png,66.8956,53.0,1.0,0.5692176818847656,0.9919647225182118,0.6462821960449219,111.85992126030729,48.62554699593436,6.3823374486479745,907.8912353515625,0.0,0.0,False,,-7.7910840885537995,True,1327.0
negative,/mnt/MammoDiffusion/MammoDiffusion/experiments/diffusers/02_sd21_filtered_100steps/generated_images/final/negative/gen_1864.png,gen_1864.png,43.7912,21.0,2.0,0.5384407043457031,0.9978320781585417,0.53564453125,112.58491909753874,50.13191573176195,6.58414072623566,1258.7459716796875,0.0,0.0,False,,-5.548195526181669,True,284.0
negative,/mnt/MammoDiffusion/MammoDiffusion/experiments/diffusers/02_sd21_filtered_100steps/generated_images/final/negative/gen_1865.png,gen_1865.png,62.8956,49.0,1.0,0.82391357421875,1.0,0.8158645629882812,133.31075306021302,24.26035513555123,6.162858408123699,165.50808715820312,0.0,0.0,False,,-7.72184284524684,True,1296.0
negative,/mnt/MammoDiffusion/MammoDiffusion/experiments/diffusers/02_sd21_filtered_100steps/generated_images/final/negative/gen_1866.png,gen_1866.png,32.7912,10.0,2.0,0.44499969482421875,0.998516981843743,0.4402885437011719,162.86537745085298,30.46258079443694,5.986320215854062,706.2125244140625,0.0,0.0,False,,-4.171316467751974,True,26.0
negative,/mnt/MammoDiffusion/MammoDiffusion/experiments/diffusers/02_sd21_filtered_100steps/generated_images/final/negative/gen_1867.png,gen_1867.png,82.8956,69.0,1.0,0.45236968994140625,0.8198100956268025,0.3918876647949219,128.2061403081835,44.97329025181237,6.415590524197311,875.0166015625,0.0,0.0,False,,-71.47192801126266,False,
negative,/mnt/MammoDiffusion/MammoDiffusion/experiments/diffusers/02_sd21_filtered_100steps/generated_images/final/negative/gen_1868.png,gen_1868.png,107.8956,94.0,1.0,0.48258209228515625,0.9950674276318909,0.4779090881347656,166.41466782672552,33.17613716498186,5.298851177906117,345.2394104003906,0.0,0.0,False,,-5.511939046453464,True,269.0
negative,/mnt/MammoDiffusion/MammoDiffusion/experiments/diffusers/02_sd21_filtered_100steps/generated_images/final/negative/gen_1869.png,gen_1869.png,129.7912,107.0,2.0,0.27489471435546875,0.9975021509255918,0.2698326110839844,177.11708489432388,21.725071733455376,4.916039343455934,166.29916381835938,0.0,0.0,False,,-5.4684979053724065,True,256.0
negative,/mnt/MammoDiffusion/MammoDiffusion/experiments/diffusers/02_sd21_filtered_100steps/generated_images/final/negative/gen_1870.png,gen_1870.png,113.8956,100.0,1.0,0.3255958557128906,0.9962274319590407,0.3190956115722656,169.423818575237,22.13873954170894,4.396569645598678,158.6481170654297,0.0,0.0,False,,-5.032434603221076,True,145.0
negative,/mnt/MammoDiffusion/MammoDiffusion/experiments/diffusers/02_sd21_filtered_100steps/generated_images/final/negative/gen_1871.png,gen_1871.png,183.8956,170.0,1.0,0.0707550048828125,0.7420207030407591,0.05112457275390625,214.52536934785851,13.362111679471777,5.665159036151599,722.4400024414062,0.0,0.0,True,too_empty,,False,
negative,/mnt/MammoDiffusion/MammoDiffusion/experiments/diffusers/02_sd21_filtered_100steps/generated_images/final/negative/gen_1872.png,gen_1872.png,36.6868,5.0,3.0,0.5851516723632812,0.9963623088256386,0.6008110046386719,106.95231715756925,61.99063629961177,6.766233329771316,1673.6298828125,0.0,0.0,False,,-7.789944809116019,True,1326.0
negative,/mnt/MammoDiffusion/MammoDiffusion/experiments/diffusers/02_sd21_filtered_100steps/generated_images/final/negative/gen_1873.png,gen_1873.png,123.3736,65.0,6.0,0.2820587158203125,0.7588179605085205,0.21230697631835938,165.58461953103944,26.17728862831785,7.071994436019994,1097.2930908203125,0.0,0.0,False,,-97.64578114078004,False,
negative,/mnt/MammoDiffusion/MammoDiffusion/experiments/diffusers/02_sd21_filtered_100steps/generated_images/final/negative/gen_1874.png,gen_1874.png,56.7912,34.0,2.0,0.3786354064941406,0.9960506563768802,0.3902740478515625,124.07420729561716,53.37735080115162,6.193444643729701,1199.462158203125,0.0,0.0,False,,-5.209680410689098,True,197.0
negative,/mnt/MammoDiffusion/MammoDiffusion/experiments/diffusers/02_sd21_filtered_100steps/generated_images/final/negative/gen_1875.png,gen_1875.png,158.8956,145.0,1.0,0.2723197937011719,0.9502850659083587,0.2870292663574219,182.17012878274392,23.31996533192481,5.341118120372545,141.962890625,0.0,0.0,False,,-23.663871815651806,False,
negative,/mnt/MammoDiffusion/MammoDiffusion/experiments/diffusers/02_sd21_filtered_100steps/generated_images/final/negative/gen_1876.png,gen_1876.png,16.8956,3.0,1.0,0.7859420776367188,0.9991360481483279,0.7816200256347656,97.31606124052573,53.118709872664056,7.119842852003889,1384.83447265625,0.0,0.0,False,,-7.5035941397781425,True,1177.0
negative,/mnt/MammoDiffusion/MammoDiffusion/experiments/diffusers/02_sd21_filtered_100steps/generated_images/final/negative/gen_1877.png,gen_1877.png,82.8956,69.0,1.0,0.4596519470214844,0.9974936719365949,0.45276641845703125,168.38606453787176,29.3027462419818,5.364134785876307,278.1003723144531,0.0,0.0,False,,-4.809011782249287,True,103.0
negative,/mnt/MammoDiffusion/MammoDiffusion/experiments/diffusers/02_sd21_filtered_100steps/generated_images/final/negative/gen_1878.png,gen_1878.png,61.7912,39.0,2.0,0.4956855773925781,0.9977451304822958,0.5031356811523438,120.39352055438458,46.66034491879388,6.4585995398288025,1052.5865478515625,0.0,0.0,False,,-4.932152874044075,True,124.0
negative,/mnt/MammoDiffusion/MammoDiffusion/experiments/diffusers/02_sd21_filtered_100steps/generated_images/final/negative/gen_1879.png,gen_1879.png,93.5824,53.0,4.0,0.4797096252441406,0.9966124068610689,0.47443389892578125,168.7791107180188,31.519929757785302,6.717847729227939,900.9325561523438,0.0,0.0,False,,-6.049475011614076,True,480.0
negative,/mnt/MammoDiffusion/MammoDiffusion/experiments/diffusers/02_sd21_filtered_100steps/generated_images/final/negative/gen_1880.png,gen_1880.png,119.8956,106.0,1.0,0.36373138427734375,0.9963398007341374,0.3571205139160156,168.29824711323798,25.965273554683225,4.663941449261566,254.16476440429688,0.0,0.0,False,,-4.6069235422228525,True,72.0
negative,/mnt/MammoDiffusion/MammoDiffusion/experiments/diffusers/02_sd21_filtered_100steps/generated_images/final/negative/gen_1881.png,gen_1881.png,206.5384,77.0,14.0,0.0662384033203125,0.7429163787145819,0.047328948974609375,219.35189812202788,11.53796587220037,6.697949330160331,715.3036499023438,0.0,0.0,True,too_empty,,False,
negative,/mnt/MammoDiffusion/MammoDiffusion/experiments/diffusers/02_sd21_filtered_100steps/generated_images/final/negative/gen_1882.png,gen_1882.png,10.0,0.0,0.0,0.8532829284667969,0.9999865881627125,0.8468589782714844,136.72580056666922,40.06214136505244,6.764523159019813,744.1134033203125,0.0,0.0,False,,-7.105568234488342,True,958.0
negative,/mnt/MammoDiffusion/MammoDiffusion/experiments/diffusers/02_sd21_filtered_100steps/generated_images/final/negative/gen_1883.png,gen_1883.png,88.8956,75.0,1.0,0.32930755615234375,0.9890994601858073,0.36490631103515625,144.52854962470468,50.425299291328265,5.641862079041737,640.2391357421875,0.0,0.0,False,,-7.09019164072653,True,943.0
negative,/mnt/MammoDiffusion/MammoDiffusion/experiments/diffusers/02_sd21_filtered_100steps/generated_images/final/negative/gen_1884.png,gen_1884.png,164.8956,151.0,1.0,0.17567062377929688,0.8783305465679355,0.16975021362304688,188.6215870019551,20.79026302915946,4.936556410947126,305.9387512207031,0.0,0.0,False,,-51.44781552334145,False,
negative,/mnt/MammoDiffusion/MammoDiffusion/experiments/diffusers/02_sd21_filtered_100steps/generated_images/final/negative/gen_1885.png,gen_1885.png,15.8956,2.0,1.0,0.7304763793945312,0.9980103399655335,0.7226638793945312,159.39970545074482,20.35226778573214,5.984146948346528,381.9994812011719,0.0,0.0,False,,-7.145891817069503,True,977.0
negative,/mnt/MammoDiffusion/MammoDiffusion/experiments/diffusers/02_sd21_filtered_100steps/generated_images/final/negative/gen_1886.png,gen_1886.png,187.0,169.0,10.0,0.0449676513671875,0.47336274177129284,0.02205657958984375,203.89571082670355,11.913531090400566,6.531209873817495,1105.83544921875,0.0,0.0,True,too_empty,,False,
negative,/mnt/MammoDiffusion/MammoDiffusion/experiments/diffusers/02_sd21_filtered_100steps/generated_images/final/negative/gen_1887.png,gen_1887.png,216.0,89.0,16.0,0.04953765869140625,0.7934698906514708,0.039691925048828125,229.00749639596347,8.16708867129748,6.946768783640845,574.0604858398438,0.0,0.0,True,too_empty,,False,
negative,/mnt/MammoDiffusion/MammoDiffusion/experiments/diffusers/02_sd21_filtered_100steps/generated_images/final/negative/gen_1888.png,gen_1888.png,16.8956,3.0,1.0,0.6146583557128906,0.9987277274730185,0.6097908020019531,109.28093310729233,54.64684578534118,6.748689308561971,1436.700439453125,0.0,0.0,False,,-6.269413916396797,True,568.0
negative,/mnt/MammoDiffusion/MammoDiffusion/experiments/diffusers/02_sd21_filtered_100steps/generated_images/final/negative/gen_1889.png,gen_1889.png,96.7912,74.0,2.0,0.6317291259765625,0.9981582570469313,0.6298561096191406,142.00285259186134,30.295066431808316,6.4728764581692735,344.3809814453125,0.0,0.0,False,,-6.086077528629912,True,488.0
negative,/mnt/MammoDiffusion/MammoDiffusion/experiments/diffusers/02_sd21_filtered_100steps/generated_images/final/negative/gen_1890.png,gen_1890.png,56.0,51.0,0.0,0.6295585632324219,0.9977216953979459,0.6220932006835938,162.5149866934841,21.878931126189073,5.299276415161198,326.0696716308594,0.0,0.0,False,,-6.043417475431514,True,474.0
negative,/mnt/MammoDiffusion/MammoDiffusion/experiments/diffusers/02_sd21_filtered_100steps/generated_images/final/negative/gen_1891.png,gen_1891.png,35.7912,13.0,2.0,0.6077194213867188,0.9986818153286046,0.6124954223632812,106.69744397802718,53.93499942242819,6.946134844793173,1489.43994140625,0.0,0.0,False,,-6.458569417223374,True,651.0
negative,/mnt/MammoDiffusion/MammoDiffusion/experiments/diffusers/02_sd21_filtered_100steps/generated_images/final/negative/gen_1892.png,gen_1892.png,84.8956,71.0,1.0,0.7474403381347656,0.9981371563308614,0.7400894165039062,155.2411731354054,22.63142028256181,5.976342896653824,257.4806823730469,0.0,0.0,False,,-7.178431296377102,True,997.0
negative,/mnt/MammoDiffusion/MammoDiffusion/experiments/diffusers/02_sd21_filtered_100steps/generated_images/final/negative/gen_1893.png,gen_1893.png,31.7912,9.0,2.0,0.6649665832519531,0.9984568343879254,0.6600494384765625,167.928046327762,23.32141878122811,6.32566435964172,585.8027954101562,0.0,0.0,False,,-6.562388999800912,True,693.0
negative,/mnt/MammoDiffusion/MammoDiffusion/experiments/diffusers/02_sd21_filtered_100steps/generated_images/final/negative/gen_1894.png,gen_1894.png,119.7912,97.0,2.0,0.4759254455566406,0.994693854650091,0.4703178405761719,166.3190743849916,27.254556563087323,6.592738121173674,458.84869384765625,0.0,0.0,False,,-6.863920021691946,True,833.0
negative,/mnt/MammoDiffusion/MammoDiffusion/experiments/diffusers/02_sd21_filtered_100steps/generated_images/final/negative/gen_1895.png,gen_1895.png,10.0,0.0,0.0,0.9073104858398438,1.0,0.89752197265625,124.69537997279836,31.894601571319136,6.540693015505783,365.8870544433594,0.0,0.0,False,,-7.764844539701101,True,1314.0
negative,/mnt/MammoDiffusion/MammoDiffusion/experiments/diffusers/02_sd21_filtered_100steps/generated_images/final/negative/gen_1896.png,gen_1896.png,79.8956,66.0,1.0,0.699859619140625,0.9974817947935289,0.6922111511230469,160.7820609614293,25.102835374951738,6.738341843876607,305.7872009277344,0.0,0.0,False,,-7.649233357842611,True,1256.0
negative,/mnt/MammoDiffusion/MammoDiffusion/experiments/diffusers/02_sd21_filtered_100steps/generated_images/final/negative/gen_1897.png,gen_1897.png,105.7912,83.0,2.0,0.21820449829101562,0.8990751909931645,0.20696258544921875,152.01376857005934,44.12857573195353,5.531101201364641,713.081298828125,0.0,0.0,False,,-41.972421313162044,False,
negative,/mnt/MammoDiffusion/MammoDiffusion/experiments/diffusers/02_sd21_filtered_100steps/generated_images/final/negative/gen_1898.png,gen_1898.png,91.7912,69.0,2.0,0.47295379638671875,0.9974673742962689,0.46601104736328125,184.39064520882107,23.74325260807933,5.927407050691576,222.71804809570312,0.0,0.0,False,,-6.03927104553705,True,472.0
negative,/mnt/MammoDiffusion/MammoDiffusion/experiments/diffusers/02_sd21_filtered_100steps/generated_images/final/negative/gen_1899.png,gen_1899.png,10.0,1.0,0.0,0.8740310668945312,0.9992885886121804,0.8678474426269531,93.43611236873684,47.62593440902012,6.992189363472816,1136.019287109375,0.0,0.0,False,,-7.341527224541446,True,1097.0
negative,/mnt/MammoDiffusion/MammoDiffusion/experiments/diffusers/02_sd21_filtered_100steps/generated_images/final/negative/gen_1900.png,gen_1900.png,98.8956,85.0,1.0,0.5827484130859375,0.9988937184153335,0.5780029296875,151.77134371700106,26.218631125582963,5.9010318231537555,404.68487548828125,0.0,0.0,False,,-5.375912231226732,True,235.0
negative,/mnt/MammoDiffusion/MammoDiffusion/experiments/diffusers/02_sd21_filtered_100steps/generated_images/final/negative/gen_1901.png,gen_1901.png,125.0,120.0,0.0,0.1460418701171875,0.5991275728763974,0.08556365966796875,192.6420864913063,28.12309312531264,5.022938960473933,574.8677978515625,0.0,0.0,True,too_empty,,False,
negative,/mnt/MammoDiffusion/MammoDiffusion/experiments/diffusers/02_sd21_filtered_100steps/generated_images/final/negative/gen_1902.png,gen_1902.png,66.8956,53.0,1.0,0.8139533996582031,0.9983268735969406,0.8144149780273438,121.07722933665583,39.464184169893485,6.813995173881462,524.5610961914062,0.0,0.0,False,,-6.484253714389571,True,668.0
negative,/mnt/MammoDiffusion/MammoDiffusion/experiments/diffusers/02_sd21_filtered_100steps/generated_images/final/negative/gen_1903.png,gen_1903.png,78.7912,56.0,2.0,0.6541557312011719,0.9983030387851857,0.6471595764160156,167.63448649859416,20.87445012304842,6.214914357991894,458.90570068359375,0.0,0.0,False,,-6.734930611399692,True,780.0
negative,/mnt/MammoDiffusion/MammoDiffusion/experiments/diffusers/02_sd21_filtered_100steps/generated_images/final/negative/gen_1904.png,gen_1904.png,26.8956,13.0,1.0,0.7584190368652344,0.9992907979780198,0.7526893615722656,103.18292256465615,51.37105785572997,6.680961512997369,1460.894775390625,0.0,0.0,False,,-7.105498942145903,True,957.0
negative,/mnt/MammoDiffusion/MammoDiffusion/experiments/diffusers/02_sd21_filtered_100steps/generated_images/final/negative/gen_1905.png,gen_1905.png,78.8956,65.0,1.0,0.7192230224609375,0.997942081255967,0.7131462097167969,149.05219126276432,24.638288229650797,6.182451097340403,287.4293518066406,0.0,0.0,False,,-6.988491600151365,True,902.0
negative,/mnt/MammoDiffusion/MammoDiffusion/experiments/diffusers/02_sd21_filtered_100steps/generated_images/final/negative/gen_1906.png,gen_1906.png,138.1648,62.0,8.0,0.3560638427734375,0.9963359760017142,0.35162353515625,178.3827135045999,23.872288839690395,6.79911502547111,222.88394165039062,0.0,0.0,False,,-6.784558490651656,True,802.0
negative,/mnt/MammoDiffusion/MammoDiffusion/experiments/diffusers/02_sd21_filtered_100steps/generated_images/final/negative/gen_1907.png,gen_1907.png,118.7912,96.0,2.0,0.2288055419921875,0.9515505168389463,0.2522773742675781,152.6601394160253,36.67410811460537,5.601482441093662,643.7376708984375,0.0,0.0,False,,-21.735328900591362,False,
negative,/mnt/MammoDiffusion/MammoDiffusion/experiments/diffusers/02_sd21_filtered_100steps/generated_images/final/negative/gen_1908.png,gen_1908.png,18.8956,5.0,1.0,0.7913436889648438,0.9982887112790798,0.7802581787109375,93.98073237508555,57.36509629841938,7.0774190161653125,1320.6942138671875,0.0,0.0,False,,-7.588588022687515,True,1230.0
negative,/mnt/MammoDiffusion/MammoDiffusion/experiments/diffusers/02_sd21_filtered_100steps/generated_images/final/negative/gen_1909.png,gen_1909.png,73.8956,60.0,1.0,0.7499160766601562,0.9988859837424842,0.7428703308105469,154.20095615156697,22.236240381908623,6.048264795333652,165.56082153320312,0.0,0.0,False,,-7.185297557342306,True,1001.0
negative,/mnt/MammoDiffusion/MammoDiffusion/experiments/diffusers/02_sd21_filtered_100steps/generated_images/final/negative/gen_1910.png,gen_1910.png,104.7912,82.0,2.0,0.44263458251953125,0.9597704121205853,0.5273094177246094,141.1760748312607,43.51575652070291,6.53278156853099,893.15087890625,0.0,0.0,False,,-19.551937156328204,False,
negative,/mnt/MammoDiffusion/MammoDiffusion/experiments/diffusers/02_sd21_filtered_100steps/generated_images/final/negative/gen_1911.png,gen_1911.png,111.8956,98.0,1.0,0.4064483642578125,0.8303675338814431,0.3467864990234375,159.59827517930216,40.27831862454593,6.631660951917374,1153.9888916015625,0.0,0.0,False,,-68.54241945571356,False,
negative,/mnt/MammoDiffusion/MammoDiffusion/experiments/diffusers/02_sd21_filtered_100steps/generated_images/final/negative/gen_1912.png,gen_1912.png,185.85160000000002,83.0,11.0,0.11084365844726562,0.8088240355163988,0.08773422241210938,205.73307535110223,11.946545925296387,7.114500083337721,113.99758911132812,0.0,0.0,True,too_empty,,False,
negative,/mnt/MammoDiffusion/MammoDiffusion/experiments/diffusers/02_sd21_filtered_100steps/generated_images/final/negative/gen_1913.png,gen_1913.png,32.8956,19.0,1.0,0.7606391906738281,0.9870910796050091,0.7480239868164062,134.47675047172217,50.12321706256603,7.231685761557976,1570.388671875,0.0,0.0,False,,-12.404176923868528,False,
negative,/mnt/MammoDiffusion/MammoDiffusion/experiments/diffusers/02_sd21_filtered_100steps/generated_images/final/negative/gen_1914.png,gen_1914.png,196.0,117.0,10.0,0.049160003662109375,0.7920384883991619,0.0404510498046875,212.32930969445493,10.714964006192229,7.066721960643822,1308.6925048828125,0.0,0.0,True,too_empty,,False,
negative,/mnt/MammoDiffusion/MammoDiffusion/experiments/diffusers/02_sd21_filtered_100steps/generated_images/final/negative/gen_1915.png,gen_1915.png,90.7912,68.0,2.0,0.5501594543457031,0.9935723646348312,0.5454444885253906,159.6825401265867,27.306603701995723,6.5861860139089945,356.88287353515625,0.0,0.0,False,,-7.807107262038743,True,1333.0
negative,/mnt/MammoDiffusion/MammoDiffusion/experiments/diffusers/02_sd21_filtered_100steps/generated_images/final/negative/gen_1916.png,gen_1916.png,118.7912,96.0,2.0,0.4134063720703125,0.988733252131547,0.4465179443359375,158.89180876875236,35.9952683951574,6.20144522684669,650.0567626953125,0.0,0.0,False,,-7.7789624135460365,True,1321.0
negative,/mnt/MammoDiffusion/MammoDiffusion/experiments/diffusers/02_sd21_filtered_100steps/generated_images/final/negative/gen_1917.png,gen_1917.png,220.0,224.0,20.0,0.3329658508300781,0.9287162742739302,0.3005218505859375,244.53005839045443,4.604155299672344,6.344333570157893,927.983642578125,0.0,0.0,True,low_contrast,,False,
negative,/mnt/MammoDiffusion/MammoDiffusion/experiments/diffusers/02_sd21_filtered_100steps/generated_images/final/negative/gen_1918.png,gen_1918.png,10.0,0.0,0.0,0.9191780090332031,0.9987674149329548,0.907073974609375,151.9767898597046,23.302818698914642,6.123786993063584,177.87930297851562,0.0,0.0,False,,-8.203795312639034,False,
negative,/mnt/MammoDiffusion/MammoDiffusion/experiments/diffusers/02_sd21_filtered_100steps/generated_images/final/negative/gen_1919.png,gen_1919.png,127.8956,114.0,1.0,0.39655303955078125,0.8705292725628644,0.3417625427246094,161.8655780156489,28.17988753530055,5.743036692370962,447.81695556640625,0.0,0.0,False,,-52.87301706904799,False,
negative,/mnt/MammoDiffusion/MammoDiffusion/experiments/diffusers/02_sd21_filtered_100steps/generated_images/final/negative/gen_1920.png,gen_1920.png,10.0,0.0,0.0,0.757720947265625,0.9986004269201337,0.7525749206542969,99.09380433184816,58.14154580710039,6.696779272545603,2051.81103515625,0.0,0.0,False,,-8.06353166257148,False,
negative,/mnt/MammoDiffusion/MammoDiffusion/experiments/diffusers/02_sd21_filtered_100steps/generated_images/final/negative/gen_1921.png,gen_1921.png,117.8956,104.0,1.0,0.319915771484375,0.92506915959172,0.31607818603515625,155.62304183060175,35.68117976198773,5.418901545493997,518.7763061523438,0.0,0.0,False,,-31.46960344268285,False,
negative,/mnt/MammoDiffusion/MammoDiffusion/experiments/diffusers/02_sd21_filtered_100steps/generated_images/final/negative/gen_1922.png,gen_1922.png,112.8956,99.0,1.0,0.35015869140625,0.9999891058044273,0.3446807861328125,164.7966377440347,23.44499484318526,4.851308653313885,149.91586303710938,0.0,0.0,False,,-4.600759415959687,True,69.0
negative,/mnt/MammoDiffusion/MammoDiffusion/experiments/diffusers/02_sd21_filtered_100steps/generated_images/final/negative/gen_1923.png,gen_1923.png,10.0,0.0,0.0,0.8158187866210938,0.9985177357361289,0.8080978393554688,143.57882910525967,27.852603403809866,6.21502145263236,503.96917724609375,0.0,0.0,False,,-6.882099767452893,True,839.0
negative,/mnt/MammoDiffusion/MammoDiffusion/experiments/diffusers/02_sd21_filtered_100steps/generated_images/final/negative/gen_1924.png,gen_1924.png,70.7912,48.0,2.0,0.6102638244628906,0.998224744807066,0.603515625,164.6328377831715,23.379057702452243,6.151664901189365,361.75970458984375,0.0,0.0,False,,-6.35787103895142,True,598.0
negative,/mnt/MammoDiffusion/MammoDiffusion/experiments/diffusers/02_sd21_filtered_100steps/generated_images/final/negative/gen_1925.png,gen_1925.png,23.0,18.0,0.0,0.8078765869140625,0.9983331759372934,0.7991371154785156,153.12540515253784,28.73134824055314,6.249682610102088,349.01202392578125,0.0,0.0,False,,-7.247248638080101,True,1043.0
negative,/mnt/MammoDiffusion/MammoDiffusion/experiments/diffusers/02_sd21_filtered_100steps/generated_images/final/negative/gen_1926.png,gen_1926.png,107.7912,85.0,2.0,0.4644889831542969,0.9963042960505244,0.4582252502441406,169.34306241206784,25.643987670037294,6.153144991373466,296.94073486328125,0.0,0.0,False,,-6.153814070806392,True,517.0
negative,/mnt/MammoDiffusion/MammoDiffusion/experiments/diffusers/02_sd21_filtered_100steps/generated_images/final/negative/gen_1927.png,gen_1927.png,102.5824,62.0,4.0,0.5604896545410156,0.996889654186716,0.5540580749511719,150.0355748641931,26.15797458066254,6.422293803311467,167.64749145507812,0.0,0.0,False,,-6.611266385468014,True,718.0
negative,/mnt/MammoDiffusion/MammoDiffusion/experiments/diffusers/02_sd21_filtered_100steps/generated_images/final/negative/gen_1928.png,gen_1928.png,152.6868,121.0,3.0,0.2741966247558594,0.9937812156540854,0.26837158203125,189.46530304753242,22.678559321250244,5.783223542206505,210.16226196289062,0.0,0.0,False,,-7.7319401652229915,True,1297.0
negative,/mnt/MammoDiffusion/MammoDiffusion/experiments/diffusers/02_sd21_filtered_100steps/generated_images/final/negative/gen_1929.png,gen_1929.png,133.6868,102.0,3.0,0.22161865234375,0.8577526852106858,0.235687255859375,165.05454486598472,37.45241881538542,5.929008703185261,677.845947265625,0.0,0.0,False,,-57.8464570821002,False,
negative,/mnt/MammoDiffusion/MammoDiffusion/experiments/diffusers/02_sd21_filtered_100steps/generated_images/final/negative/gen_1930.png,gen_1930.png,114.8956,101.0,1.0,0.4432716369628906,0.9648195798659219,0.4359779357910156,155.76483301105094,21.95443312248663,4.8882989326491995,185.40455627441406,0.0,0.0,False,,-16.987401298838584,False,
negative,/mnt/MammoDiffusion/MammoDiffusion/experiments/diffusers/02_sd21_filtered_100steps/generated_images/final/negative/gen_1931.png,gen_1931.png,89.8956,76.0,1.0,0.5138740539550781,0.9794668507672093,0.5067596435546875,158.2404926078709,25.30543905999495,5.158859970136186,239.67990112304688,0.0,0.0,False,,-11.927715366368801,False,
negative,/mnt/MammoDiffusion/MammoDiffusion/experiments/diffusers/02_sd21_filtered_100steps/generated_images/final/negative/gen_1932.png,gen_1932.png,131.06040000000002,46.0,9.0,0.5310249328613281,0.998441147947272,0.5250930786132812,167.21841627315655,17.324714549318944,6.930793881588521,183.9166259765625,0.0,0.0,False,,-7.013178346207359,True,912.0
negative,/mnt/MammoDiffusion/MammoDiffusion/experiments/diffusers/02_sd21_filtered_100steps/generated_images/final/negative/gen_1933.png,gen_1933.png,56.0,51.0,0.0,0.8198318481445312,0.9999906939519994,0.812896728515625,151.37919529226264,23.484125466980274,6.031740128309471,143.06431579589844,0.0,0.0,False,,-7.9764396465198795,False,
negative,/mnt/MammoDiffusion/MammoDiffusion/experiments/diffusers/02_sd21_filtered_100steps/generated_images/final/negative/gen_1934.png,gen_1934.png,208.1208,43.0,18.0,0.0709381103515625,0.8355022585502259,0.063262939453125,219.09141341051617,7.966711287622484,7.3066391147221825,237.7447967529297,0.0,0.0,True,too_empty,,False,
negative,/mnt/MammoDiffusion/MammoDiffusion/experiments/diffusers/02_sd21_filtered_100steps/generated_images/final/negative/gen_1935.png,gen_1935.png,152.8956,139.0,1.0,0.11200332641601562,0.8157419706413269,0.0926513671875,198.23950098814228,24.424586671476405,5.744321293658503,920.4267578125,0.0,0.0,True,too_empty,,False,
negative,/mnt/MammoDiffusion/MammoDiffusion/experiments/diffusers/02_sd21_filtered_100steps/generated_images/final/negative/gen_1936.png,gen_1936.png,88.7912,66.0,2.0,0.34185028076171875,0.9966523087910372,0.3355255126953125,175.76368866251306,23.11935126650145,5.555046302743822,237.23533630371094,0.0,0.0,False,,-5.695398756160132,True,339.0
negative,/mnt/MammoDiffusion/MammoDiffusion/experiments/diffusers/02_sd21_filtered_100steps/generated_images/final/negative/gen_1937.png,gen_1937.png,89.7912,67.0,2.0,0.7849502563476562,0.9997229916897507,0.7779045104980469,151.09412866621224,22.944469275463415,6.528979651623756,122.34475708007812,0.0,0.0,False,,-8.111092433575223,False,
negative,/mnt/MammoDiffusion/MammoDiffusion/experiments/diffusers/02_sd21_filtered_100steps/generated_images/final/negative/gen_1938.png,gen_1938.png,116.8956,103.0,1.0,0.5143203735351562,0.9977749098838503,0.5070724487304688,178.2620104419,21.82711943785062,6.1927400622761,205.66128540039062,0.0,0.0,False,,-6.442472474227571,True,640.0
negative,/mnt/MammoDiffusion/MammoDiffusion/experiments/diffusers/02_sd21_filtered_100steps/generated_images/final/negative/gen_1939.png,gen_1939.png,105.8956,92.0,1.0,0.8602218627929688,0.9987405876666282,0.8506317138671875,167.51716235851256,17.895061086577197,6.105579433080836,174.12002563476562,0.0,0.0,False,,-8.38656859572435,False,
negative,/mnt/MammoDiffusion/MammoDiffusion/experiments/diffusers/02_sd21_filtered_100steps/generated_images/final/negative/gen_1940.png,gen_1940.png,156.2692,89.0,7.0,0.34494781494140625,0.9005595735739721,0.36928558349609375,173.56923124599714,21.36434014846788,6.685838163594416,287.6000671386719,0.0,0.0,False,,-42.87566778937574,False,
negative,/mnt/MammoDiffusion/MammoDiffusion/experiments/diffusers/02_sd21_filtered_100steps/generated_images/final/negative/gen_1941.png,gen_1941.png,129.5824,89.0,4.0,0.3667030334472656,0.8742627094841307,0.3667793273925781,160.00425381439226,31.893844410143828,6.721265658621406,550.7702026367188,0.0,0.0,False,,-51.74641103788638,False,
negative,/mnt/MammoDiffusion/MammoDiffusion/experiments/diffusers/02_sd21_filtered_100steps/generated_images/final/negative/gen_1942.png,gen_1942.png,121.6868,90.0,3.0,0.42551422119140625,0.9976422283183619,0.4186553955078125,186.31957757772352,21.07561974847578,6.088141324959139,404.32025146484375,0.0,0.0,False,,-5.725561207492433,True,350.0
negative,/mnt/MammoDiffusion/MammoDiffusion/experiments/diffusers/02_sd21_filtered_100steps/generated_images/final/negative/gen_1943.png,gen_1943.png,207.0,70.0,58.0,0.04557037353515625,0.22794240750041855,0.01064300537109375,208.70645161290324,1.024534839983342,7.625499029759871,971.5985717773438,0.0,0.0,True,too_empty,,False,
negative,/mnt/MammoDiffusion/MammoDiffusion/experiments/diffusers/02_sd21_filtered_100steps/generated_images/final/negative/gen_1944.png,gen_1944.png,63.8956,50.0,1.0,0.6194877624511719,0.9999938421749438,0.6136589050292969,163.13378132245893,22.70286226327282,5.924551234239985,153.85647583007812,0.0,0.0,False,,-6.775939610615205,True,798.0
negative,/mnt/MammoDiffusion/MammoDiffusion/experiments/diffusers/02_sd21_filtered_100steps/generated_images/final/negative/gen_1945.png,gen_1945.png,43.7912,21.0,2.0,0.4677734375,0.9981243475991649,0.4620246887207031,171.75276798467598,25.26460362595275,5.940573754092243,425.0565490722656,0.0,0.0,False,,-5.201557632340723,True,195.0
negative,/mnt/MammoDiffusion/MammoDiffusion/experiments/diffusers/02_sd21_filtered_100steps/generated_images/final/negative/gen_1946.png,gen_1946.png,41.8956,28.0,1.0,0.6863975524902344,0.9956595437241226,0.6838645935058594,111.04178589955988,47.640544593364226,6.774105702688287,1224.573486328125,0.0,0.0,False,,-7.327637793602319,True,1092.0
negative,/mnt/MammoDiffusion/MammoDiffusion/experiments/diffusers/02_sd21_filtered_100steps/generated_images/final/negative/gen_1947.png,gen_1947.png,133.7912,111.0,2.0,0.34252166748046875,0.9519100122508074,0.34902191162109375,169.58263929875184,30.421370728045083,6.122047821829925,500.4398193359375,0.0,0.0,False,,-22.210549352443017,False,
negative,/mnt/MammoDiffusion/MammoDiffusion/experiments/diffusers/02_sd21_filtered_100steps/generated_images/final/negative/gen_1948.png,gen_1948.png,81.8956,68.0,1.0,0.49167633056640625,0.9999922414461945,0.485626220703125,173.2930936969773,22.90196019438364,5.626962228446342,235.29454040527344,0.0,0.0,False,,-5.718639851036043,True,348.0
negative,/mnt/MammoDiffusion/MammoDiffusion/experiments/diffusers/02_sd21_filtered_100steps/generated_images/final/negative/gen_1949.png,gen_1949.png,135.8956,122.0,1.0,0.18160247802734375,0.9596899550476831,0.18947601318359375,171.1782967586068,30.630913945660883,4.71520999327289,178.76243591308594,0.0,0.0,False,,-19.58860085705622,False,
negative,/mnt/MammoDiffusion/MammoDiffusion/experiments/diffusers/02_sd21_filtered_100steps/generated_images/final/negative/gen_1950.png,gen_1950.png,57.7912,35.0,2.0,0.7802276611328125,0.999090606848806,0.7759056091308594,156.29261697451807,31.06630641054117,6.839073114691086,652.6790771484375,0.0,0.0,False,,-7.070421281329853,True,936.0
negative,/mnt/MammoDiffusion/MammoDiffusion/experiments/diffusers/02_sd21_filtered_100steps/generated_images/final/negative/gen_1951.png,gen_1951.png,122.8956,109.0,1.0,0.18285751342773438,0.7201418587670804,0.12891006469726562,190.58775486047406,36.87613962161376,6.755896296972173,1095.8203125,0.0,0.0,True,fragmented_mask,,False,
negative,/mnt/MammoDiffusion/MammoDiffusion/experiments/diffusers/02_sd21_filtered_100steps/generated_images/final/negative/gen_1952.png,gen_1952.png,132.7912,110.0,2.0,0.2028961181640625,0.920508385350079,0.24506378173828125,164.80142274524454,41.25090898182937,5.243421835339006,445.6617431640625,0.0,0.0,False,,-33.709702845295105,False,
negative,/mnt/MammoDiffusion/MammoDiffusion/experiments/diffusers/02_sd21_filtered_100steps/generated_images/final/negative/gen_1953.png,gen_1953.png,67.8956,54.0,1.0,0.6200904846191406,1.0,0.6140899658203125,159.1646602062368,25.487388976585848,6.051129737704452,198.40365600585938,0.0,0.0,False,,-6.609617691807692,True,715.0
negative,/mnt/MammoDiffusion/MammoDiffusion/experiments/diffusers/02_sd21_filtered_100steps/generated_images/final/negative/gen_1954.png,gen_1954.png,196.7912,174.0,2.0,0.059909820556640625,0.7048073861827443,0.041473388671875,215.87720750551875,11.327752619052138,5.902838066873342,908.7700805664062,0.0,0.0,True,too_empty,,False,
negative,/mnt/MammoDiffusion/MammoDiffusion/experiments/diffusers/02_sd21_filtered_100steps/generated_images/final/negative/gen_1955.png,gen_1955.png,10.0,0.0,0.0,0.8277664184570312,0.9985529553812548,0.8188743591308594,136.25019216166737,28.736993540570122,6.030939355375802,258.6728820800781,0.0,0.0,False,,-6.9349410401491225,True,869.0
negative,/mnt/MammoDiffusion/MammoDiffusion/experiments/diffusers/02_sd21_filtered_100steps/generated_images/final/negative/gen_1956.png,gen_1956.png,205.6428,85.0,13.0,0.08637237548828125,0.8684745163854783,0.07761001586914062,221.27535020889653,9.329951579050398,7.205287466308943,940.2959594726562,0.0,0.0,True,too_empty,,False,
negative,/mnt/MammoDiffusion/MammoDiffusion/experiments/diffusers/02_sd21_filtered_100steps/generated_images/final/negative/gen_1957.png,gen_1957.png,100.0,95.0,0.0,0.3883323669433594,0.9967092014656332,0.3814506530761719,163.03813190659534,21.480750153608685,4.289747277275817,173.1177978515625,0.0,0.0,False,,-4.242104866824158,True,29.0
negative,/mnt/MammoDiffusion/MammoDiffusion/experiments/diffusers/02_sd21_filtered_100steps/generated_images/final/negative/gen_1958.png,gen_1958.png,24.7912,2.0,2.0,0.7586936950683594,0.9931116664236476,0.7442169189453125,160.3629774670412,25.680773604193714,6.2109122350436685,300.2004089355469,0.0,0.0,False,,-9.181034630392855,False,
negative,/mnt/MammoDiffusion/MammoDiffusion/experiments/diffusers/02_sd21_filtered_100steps/generated_images/final/negative/gen_1959.png,gen_1959.png,183.8956,170.0,1.0,0.0760040283203125,0.7637020678578599,0.05637359619140625,214.6450128569495,16.92380954073868,6.029109136582419,914.978759765625,0.0,0.0,True,too_empty,,False,
negative,/mnt/MammoDiffusion/MammoDiffusion/experiments/diffusers/02_sd21_filtered_100steps/generated_images/final/negative/gen_1960.png,gen_1960.png,103.8956,90.0,1.0,0.4348602294921875,0.9983332748517492,0.43024444580078125,160.07641019275442,31.65814949405657,4.778269554519895,187.94851684570312,0.0,0.0,False,,-3.6892628410414354,True,5.0
negative,/mnt/MammoDiffusion/MammoDiffusion/experiments/diffusers/02_sd21_filtered_100steps/generated_images/final/negative/gen_1961.png,gen_1961.png,184.0,174.0,1.0,0.04871368408203125,0.6667188723570869,0.031627655029296875,203.52128814377036,11.250071322855833,5.309643065749322,706.221435546875,0.0,0.0,True,too_empty,,False,
negative,/mnt/MammoDiffusion/MammoDiffusion/experiments/diffusers/02_sd21_filtered_100steps/generated_images/final/negative/gen_1962.png,gen_1962.png,103.6868,72.0,3.0,0.2517547607421875,0.8840838838717499,0.22856521606445312,155.6054709014136,43.40618865156956,6.240667625778462,1001.0982666015625,0.0,0.0,False,,-48.52234522574145,False,
negative,/mnt/MammoDiffusion/MammoDiffusion/experiments/diffusers/02_sd21_filtered_100steps/generated_images/final/negative/gen_1963.png,gen_1963.png,128.5824,88.0,4.0,0.15204238891601562,0.5268836089018241,0.07341766357421875,200.83175724825938,30.261681490295114,5.345974023507694,671.0549926757812,0.0,0.0,True,too_empty,,False,
negative,/mnt/MammoDiffusion/MammoDiffusion/experiments/diffusers/02_sd21_filtered_100steps/generated_images/final/negative/gen_1964.png,gen_1964.png,131.7912,109.0,2.0,0.3346595764160156,0.9562858347866726,0.3215980529785156,164.95235158057054,25.46519901333568,5.772106388002453,393.3342590332031,0.0,0.0,False,,-20.766541966692778,False,
negative,/mnt/MammoDiffusion/MammoDiffusion/experiments/diffusers/02_sd21_filtered_100steps/generated_images/final/negative/gen_1965.png,gen_1965.png,207.0,47.0,37.0,0.0495452880859375,0.334154604250077,0.01940155029296875,218.18560755013763,15.357509050803493,7.464438686951981,1555.7962646484375,0.0,0.0,True,too_empty,,False,
negative,/mnt/MammoDiffusion/MammoDiffusion/experiments/diffusers/02_sd21_filtered_100steps/generated_images/final/negative/gen_1966.png,gen_1966.png,187.0,182.0,0.0,0.0791015625,0.6951678240740741,0.055110931396484375,215.46466394407145,14.742119356711624,5.802891919043875,1172.605712890625,0.0,0.0,True,too_empty,,False,
negative,/mnt/MammoDiffusion/MammoDiffusion/experiments/diffusers/02_sd21_filtered_100steps/generated_images/final/negative/gen_1967.png,gen_1967.png,220.0,236.0,18.0,0.26621246337890625,0.9309890235863927,0.24151992797851562,252.49012051237503,17.007629408450363,6.509263009343549,1273.5576171875,0.0,0.0,False,,-33.897702619822674,False,
negative,/mnt/MammoDiffusion/MammoDiffusion/experiments/diffusers/02_sd21_filtered_100steps/generated_images/final/negative/gen_1968.png,gen_1968.png,10.0,0.0,0.0,0.8536109924316406,0.9990928144649169,0.84710693359375,122.86141832985085,32.2204858359758,6.532224815361653,725.9752197265625,0.0,0.0,False,,-6.633611671066648,True,728.0
negative,/mnt/MammoDiffusion/MammoDiffusion/experiments/diffusers/02_sd21_filtered_100steps/generated_images/final/negative/gen_1969.png,gen_1969.png,185.0,111.0,16.0,0.04866790771484375,0.751998745884935,0.03923797607421875,196.14223216021776,10.359561980899,6.496040764563526,145.7544708251953,0.0,0.0,True,too_empty,,False,
negative,/mnt/MammoDiffusion/MammoDiffusion/experiments/diffusers/02_sd21_filtered_100steps/generated_images/final/negative/gen_1970.png,gen_1970.png,69.7912,47.0,2.0,0.4291191101074219,1.0,0.4237174987792969,173.71871258158902,20.711375508464293,5.648798500868197,213.37039184570312,0.0,0.0,False,,-5.476506069905966,True,261.0
negative,/mnt/MammoDiffusion/MammoDiffusion/experiments/diffusers/02_sd21_filtered_100steps/generated_images/final/negative/gen_1971.png,gen_1971.png,10.0,0.0,0.0,0.8993873596191406,0.9988208797594256,0.8885917663574219,159.81425179982742,21.394264366569185,5.9373307589089315,213.8444366455078,0.0,0.0,False,,-8.130466809449196,False,
negative,/mnt/MammoDiffusion/MammoDiffusion/experiments/diffusers/02_sd21_filtered_100steps/generated_images/final/negative/gen_1972.png,gen_1972.png,136.5824,96.0,4.0,0.5275535583496094,0.9873458910300444,0.5112991333007812,165.33199039049794,19.191890762007088,6.731649458357564,217.6607666015625,0.0,0.0,False,,-10.783059268413655,False,
negative,/mnt/MammoDiffusion/MammoDiffusion/experiments/diffusers/02_sd21_filtered_100steps/generated_images/final/negative/gen_1973.png,gen_1973.png,97.0,92.0,0.0,0.5514183044433594,1.0,0.5456085205078125,150.1654081718265,23.55961122976914,5.057537232914406,112.80105590820312,0.0,0.0,False,,-5.3652252300931425,True,232.0
negative,/mnt/MammoDiffusion/MammoDiffusion/experiments/diffusers/02_sd21_filtered_100steps/generated_images/final/negative/gen_1974.png,gen_1974.png,90.2692,23.0,7.0,0.8156852722167969,0.9838046645185127,0.7986946105957031,141.24390919555051,28.403709287858064,6.9732885493836285,574.1825561523438,0.0,0.0,False,,-12.87944500719588,False,
negative,/mnt/MammoDiffusion/MammoDiffusion/experiments/diffusers/02_sd21_filtered_100steps/generated_images/final/negative/gen_1975.png,gen_1975.png,158.1648,82.0,8.0,0.16270828247070312,0.6547722317304762,0.1046142578125,195.07161610268378,15.483475573159218,6.784622381858142,360.84735107421875,0.0,0.0,True,too_empty,,False,
negative,/mnt/MammoDiffusion/MammoDiffusion/experiments/diffusers/02_sd21_filtered_100steps/generated_images/final/negative/gen_1976.png,gen_1976.png,116.8956,103.0,1.0,0.17904281616210938,0.7972728241184617,0.15881729125976562,167.8640981913386,42.422488717674156,5.357821938410805,604.6273193359375,0.0,0.0,False,,-81.05581585210314,False,
negative,/mnt/MammoDiffusion/MammoDiffusion/experiments/diffusers/02_sd21_filtered_100steps/generated_images/final/negative/gen_1977.png,gen_1977.png,121.8956,108.0,1.0,0.14206695556640625,0.6849524730143387,0.10065841674804688,180.61507560541176,43.5268938978959,4.888408592317136,624.2589111328125,0.0,0.0,True,too_empty,,False,
negative,/mnt/MammoDiffusion/MammoDiffusion/experiments/diffusers/02_sd21_filtered_100steps/generated_images/final/negative/gen_1978.png,gen_1978.png,34.7912,12.0,2.0,0.815582275390625,0.9974368568755847,0.8022689819335938,143.5640007607817,28.02020709009623,6.523788051811252,377.8327331542969,0.0,0.0,False,,-7.672481743428856,True,1269.0
negative,/mnt/MammoDiffusion/MammoDiffusion/experiments/diffusers/02_sd21_filtered_100steps/generated_images/final/negative/gen_1979.png,gen_1979.png,114.7912,92.0,2.0,0.4217643737792969,0.9893092625923682,0.4298057556152344,158.80236263102307,33.06471565669003,5.925964474173865,576.7390747070312,0.0,0.0,False,,-7.467776893410733,True,1158.0
negative,/mnt/MammoDiffusion/MammoDiffusion/experiments/diffusers/02_sd21_filtered_100steps/generated_images/final/negative/gen_1980.png,gen_1980.png,113.8956,100.0,1.0,0.3050651550292969,0.8197846719435795,0.2576751708984375,153.1126310179428,36.10577608535943,6.159743953270686,362.1978454589844,0.0,0.0,False,,-72.58174453776292,False,
negative,/mnt/MammoDiffusion/MammoDiffusion/experiments/diffusers/02_sd21_filtered_100steps/generated_images/final/negative/gen_1981.png,gen_1981.png,14.8956,1.0,1.0,0.777740478515625,0.9986266431234059,0.7726478576660156,119.81895874990742,42.68893081620707,6.902810017312685,1490.507080078125,0.0,0.0,False,,-7.151196532670757,True,984.0
negative,/mnt/MammoDiffusion/MammoDiffusion/experiments/diffusers/02_sd21_filtered_100steps/generated_images/final/negative/gen_1982.png,gen_1982.png,220.0,77.0,72.0,0.18280792236328125,0.8219606861149368,0.14583969116210938,248.38630953937903,2.0357994657251433,6.8658158547487025,1435.232421875,0.0,0.0,True,low_contrast,,False,
negative,/mnt/MammoDiffusion/MammoDiffusion/experiments/diffusers/02_sd21_filtered_100steps/generated_images/final/negative/gen_1983.png,gen_1983.png,119.6868,88.0,3.0,0.4478492736816406,0.9960988407253771,0.44098663330078125,165.29256414248889,23.82582974511792,6.18227043961507,379.1174621582031,0.0,0.0,False,,-6.0575441845288,True,481.0
negative,/mnt/MammoDiffusion/MammoDiffusion/experiments/diffusers/02_sd21_filtered_100steps/generated_images/final/negative/gen_1984.png,gen_1984.png,23.8956,10.0,1.0,0.8858909606933594,0.9988115281766862,0.8756027221679688,151.04012913119624,32.21688050196911,6.6569921959189315,519.1921997070312,0.0,0.0,False,,-7.50654571767206,True,1179.0
negative,/mnt/MammoDiffusion/MammoDiffusion/experiments/diffusers/02_sd21_filtered_100steps/generated_images/final/negative/gen_1985.png,gen_1985.png,10.0,0.0,0.0,0.8648529052734375,1.0,0.8568153381347656,156.09939494855504,22.85733463480689,5.827986505929967,115.20936584472656,0.0,0.0,False,,-8.25769409963443,False,
negative,/mnt/MammoDiffusion/MammoDiffusion/experiments/diffusers/02_sd21_filtered_100steps/generated_images/final/negative/gen_1986.png,gen_1986.png,220.0,116.0,70.0,0.07235336303710938,0.5292349870828281,0.035541534423828125,254.83835998712033,1.3898916782921493,7.442168131101591,1021.5524291992188,0.0,0.0,True,too_empty,,False,
negative,/mnt/MammoDiffusion/MammoDiffusion/experiments/diffusers/02_sd21_filtered_100steps/generated_images/final/negative/gen_1987.png,gen_1987.png,96.7912,74.0,2.0,0.5610389709472656,0.9974298477626756,0.5545387268066406,163.54527443952975,28.91337959677019,6.38371295691484,540.2760009765625,0.0,0.0,False,,-5.971344855793149,True,442.0
negative,/mnt/MammoDiffusion/MammoDiffusion/experiments/diffusers/02_sd21_filtered_100steps/generated_images/final/negative/gen_1988.png,gen_1988.png,112.8956,99.0,1.0,0.5011634826660156,0.9958668564512815,0.5020599365234375,159.27626660182963,30.112423070501894,5.686832727483674,256.6622009277344,0.0,0.0,False,,-5.8571018961595005,True,398.0
negative,/mnt/MammoDiffusion/MammoDiffusion/experiments/diffusers/02_sd21_filtered_100steps/generated_images/final/negative/gen_1989.png,gen_1989.png,96.8956,83.0,1.0,0.6233406066894531,0.9994981793702763,0.6174774169921875,166.03197049447698,24.269210901372393,6.139851878034742,184.46044921875,0.0,0.0,False,,-6.7219587554358435,True,770.0
negative,/mnt/MammoDiffusion/MammoDiffusion/experiments/diffusers/02_sd21_filtered_100steps/generated_images/final/negative/gen_1990.png,gen_1990.png,10.0,0.0,0.0,0.8494682312011719,0.9990794088457583,0.8437271118164062,94.28756024559405,53.60973656700148,7.042711471914041,1421.057373046875,0.0,0.0,False,,-7.857434367090028,True,1353.0
negative,/mnt/MammoDiffusion/MammoDiffusion/experiments/diffusers/02_sd21_filtered_100steps/generated_images/final/negative/gen_1991.png,gen_1991.png,198.0,51.0,20.0,0.04669189453125,0.5438725490196078,0.025722503662109375,212.37490731128577,10.431007022651732,7.072345414948484,808.0991821289062,0.0,0.0,True,too_empty,,False,
negative,/mnt/MammoDiffusion/MammoDiffusion/experiments/diffusers/02_sd21_filtered_100steps/generated_images/final/negative/gen_1992.png,gen_1992.png,76.7912,54.0,2.0,0.5439376831054688,0.9984150361175398,0.5372200012207031,169.89959454373744,24.42019502306774,6.302471872809671,252.91036987304688,0.0,0.0,False,,-6.146794742970581,True,507.0
negative,/mnt/MammoDiffusion/MammoDiffusion/experiments/diffusers/02_sd21_filtered_100steps/generated_images/final/negative/gen_1993.png,gen_1993.png,119.8956,106.0,1.0,0.24675750732421875,0.9947747580620226,0.244964599609375,167.46720443503176,29.969306828132584,4.879334131982612,176.50140380859375,0.0,0.0,False,,-6.013497282132517,True,463.0
negative,/mnt/MammoDiffusion/MammoDiffusion/experiments/diffusers/02_sd21_filtered_100steps/generated_images/final/negative/gen_1994.png,gen_1994.png,17.0,12.0,0.0,0.7826919555664062,0.998060220881381,0.7742080688476562,150.86806369916334,25.868886470737163,5.802794466362392,169.22837829589844,0.0,0.0,False,,-7.157191858548654,True,987.0
negative,/mnt/MammoDiffusion/MammoDiffusion/experiments/diffusers/02_sd21_filtered_100steps/generated_images/final/negative/gen_1995.png,gen_1995.png,27.7912,5.0,2.0,0.6921882629394531,0.9974979746821491,0.6843490600585938,164.6236022698135,24.254365912977075,6.430195936915664,413.36920166015625,0.0,0.0,False,,-7.299463278693461,True,1077.0
negative,/mnt/MammoDiffusion/MammoDiffusion/experiments/diffusers/02_sd21_filtered_100steps/generated_images/final/negative/gen_1996.png,gen_1996.png,90.8956,77.0,1.0,0.5612564086914062,0.9999796098688235,0.5551681518554688,163.92715104374236,24.28174729821382,5.907586975997399,205.79620361328125,0.0,0.0,False,,-6.221276085614158,True,551.0
negative,/mnt/MammoDiffusion/MammoDiffusion/experiments/diffusers/02_sd21_filtered_100steps/generated_images/final/negative/gen_1997.png,gen_1997.png,92.7912,70.0,2.0,0.5736274719238281,0.9984837703577105,0.56671142578125,171.9373115239634,22.064009414840026,6.278377545582128,266.6031188964844,0.0,0.0,False,,-6.443851867423836,True,642.0
negative,/mnt/MammoDiffusion/MammoDiffusion/experiments/diffusers/02_sd21_filtered_100steps/generated_images/final/negative/gen_1998.png,gen_1998.png,72.8956,59.0,1.0,0.5797157287597656,0.9999802591317967,0.5733604431152344,162.9359826483836,21.59394507579536,5.224466498329876,150.10272216796875,0.0,0.0,False,,-5.967156327610543,True,439.0
negative,/mnt/MammoDiffusion/MammoDiffusion/experiments/diffusers/02_sd21_filtered_100steps/generated_images/final/negative/gen_1999.png,gen_1999.png,51.8956,38.0,1.0,0.6525039672851562,1.0,0.6463394165039062,163.94971493324834,26.778019613604155,6.27170932180218,298.30255126953125,0.0,0.0,False,,-6.8961470161711995,True,844.0
negative,/mnt/MammoDiffusion/MammoDiffusion/experiments/diffusers/02_sd21_filtered_100steps/generated_images/final/negative/gen_2000.png,gen_2000.png,150.7912,128.0,2.0,0.20513153076171875,0.7769925986536245,0.162689208984375,163.69639842431064,9.583346545786982,5.457019429429943,160.40609741210938,0.0,0.0,False,,-90.74634509253445,False,
negative,/mnt/MammoDiffusion/MammoDiffusion/experiments/diffusers/02_sd21_filtered_100steps/generated_images/final/negative/gen_2001.png,gen_2001.png,38.6868,7.0,3.0,0.6590538024902344,0.9978062940260582,0.6468048095703125,158.00281322984736,23.892696387827225,6.435975690290235,701.682373046875,0.0,0.0,False,,-6.478072603100822,True,662.0
negative,/mnt/MammoDiffusion/MammoDiffusion/experiments/diffusers/02_sd21_filtered_100steps/generated_images/final/negative/gen_2002.png,gen_2002.png,101.7912,79.0,2.0,0.4385986328125,0.9993476899526857,0.4330291748046875,168.97468198315656,21.296380669675166,5.884791966717621,272.0237121582031,0.0,0.0,False,,-5.298915039773639,True,218.0
negative,/mnt/MammoDiffusion/MammoDiffusion/experiments/diffusers/02_sd21_filtered_100steps/generated_images/final/negative/gen_2003.png,gen_2003.png,55.0,50.0,0.0,0.6258506774902344,0.9978605779487149,0.618621826171875,160.9587773173499,20.015715088166157,5.312880359081445,286.8147277832031,0.0,0.0,False,,-6.1038083007335775,True,496.0
negative,/mnt/MammoDiffusion/MammoDiffusion/experiments/diffusers/02_sd21_filtered_100steps/generated_images/final/negative/gen_2004.png,gen_2004.png,132.6868,101.0,3.0,0.23037338256835938,0.9007799175373814,0.24353408813476562,167.62569508622985,38.05304049086984,6.031102347479448,698.8071899414062,0.0,0.0,False,,-41.554797644688264,False,
negative,/mnt/MammoDiffusion/MammoDiffusion/experiments/diffusers/02_sd21_filtered_100steps/generated_images/final/negative/gen_2005.png,gen_2005.png,78.5824,38.0,4.0,0.6907157897949219,1.0,0.6842536926269531,155.58666577467065,22.055804157338383,6.511342153719364,235.6470184326172,0.0,0.0,False,,-7.5452743182974045,True,1202.0
negative,/mnt/MammoDiffusion/MammoDiffusion/experiments/diffusers/02_sd21_filtered_100steps/generated_images/final/negative/gen_2006.png,gen_2006.png,220.0,229.0,22.0,0.22676849365234375,0.5928237391918716,0.133148193359375,249.3158377263351,19.046293444527272,6.816081414728314,991.3457641601562,0.0,0.0,True,fragmented_mask,,False,
negative,/mnt/MammoDiffusion/MammoDiffusion/experiments/diffusers/02_sd21_filtered_100steps/generated_images/final/negative/gen_2007.png,gen_2007.png,14.8956,1.0,1.0,0.7538223266601562,0.9985223419867416,0.74615478515625,145.9783844580777,24.833820551775663,6.134460502572771,424.7823791503906,0.0,0.0,False,,-6.703639793364332,True,758.0
negative,/mnt/MammoDiffusion/MammoDiffusion/experiments/diffusers/02_sd21_filtered_100steps/generated_images/final/negative/gen_2008.png,gen_2008.png,157.8956,144.0,1.0,0.08184051513671875,0.8692085392001492,0.0703887939453125,205.83313461955345,23.27207061309166,5.810135545446812,836.0252685546875,0.0,0.0,True,too_empty,,False,
negative,/mnt/MammoDiffusion/MammoDiffusion/experiments/diffusers/02_sd21_filtered_100steps/generated_images/final/negative/gen_2009.png,gen_2009.png,81.8956,68.0,1.0,0.6422195434570312,0.999043681765803,0.6358642578125,153.0235169898253,25.603504873928593,6.306184862374134,230.54376220703125,0.0,0.0,False,,-6.452830735732683,True,648.0
negative,/mnt/MammoDiffusion/MammoDiffusion/experiments/diffusers/02_sd21_filtered_100steps/generated_images/final/negative/gen_2010.png,gen_2010.png,121.7912,99.0,2.0,0.25197601318359375,0.6560541375238441,0.22931289672851562,167.70806647480578,41.620813073394295,6.345108430145258,1030.2506103515625,0.0,0.0,True,fragmented_mask,,False,
negative,/mnt/MammoDiffusion/MammoDiffusion/experiments/diffusers/02_sd21_filtered_100steps/generated_images/final/negative/gen_2011.png,gen_2011.png,114.7912,92.0,2.0,0.40413665771484375,0.9991693568178814,0.39864349365234375,177.67717364260972,24.025330073468464,5.7922611151808105,199.80624389648438,0.0,0.0,False,,-5.02277100846774,True,141.0
negative,/mnt/MammoDiffusion/MammoDiffusion/experiments/diffusers/02_sd21_filtered_100steps/generated_images/final/negative/gen_2012.png,gen_2012.png,220.0,243.0,1.0,0.3247184753417969,0.9472762943035372,0.2996940612792969,242.81664396726194,12.78608930582859,6.2720689939641625,1104.81103515625,0.0,0.0,False,,-26.957003439729895,False,
negative,/mnt/MammoDiffusion/MammoDiffusion/experiments/diffusers/02_sd21_filtered_100steps/generated_images/final/negative/gen_2013.png,gen_2013.png,37.8956,24.0,1.0,0.5907135009765625,0.9982047374267042,0.5849266052246094,172.61851501614112,23.26044285657324,5.94835805666984,418.6483154296875,0.0,0.0,False,,-6.1390472868738355,True,506.0
negative,/mnt/MammoDiffusion/MammoDiffusion/experiments/diffusers/02_sd21_filtered_100steps/generated_images/final/negative/gen_2014.png,gen_2014.png,110.7912,88.0,2.0,0.3312416076660156,0.9798578881300888,0.35060882568359375,154.1070612555761,38.843415241158354,5.826223494505794,515.0497436523438,0.0,0.0,False,,-10.600149164931448,False,
negative,/mnt/MammoDiffusion/MammoDiffusion/experiments/diffusers/02_sd21_filtered_100steps/generated_images/final/negative/gen_2015.png,gen_2015.png,40.0,35.0,0.0,0.7269172668457031,0.9982052614178435,0.7255859375,109.32712083613728,52.11976014706872,6.689885004910735,1094.7261962890625,0.0,0.0,False,,-6.610529513324827,True,717.0
negative,/mnt/MammoDiffusion/MammoDiffusion/experiments/diffusers/02_sd21_filtered_100steps/generated_images/final/negative/gen_2016.png,gen_2016.png,125.8956,112.0,1.0,0.20032882690429688,0.739502999143102,0.15152359008789062,176.95347549155358,37.16987094038857,6.423794783547158,1043.671630859375,0.0,0.0,True,fragmented_mask,,False,
negative,/mnt/MammoDiffusion/MammoDiffusion/experiments/diffusers/02_sd21_filtered_100steps/generated_images/final/negative/gen_2017.png,gen_2017.png,99.8956,86.0,1.0,0.6913871765136719,0.9947142786204157,0.6806983947753906,145.71523360662627,21.68049846932641,5.732144444571643,103.19535827636719,0.0,0.0,False,,-7.95803525861831,False,
negative,/mnt/MammoDiffusion/MammoDiffusion/experiments/diffusers/02_sd21_filtered_100steps/generated_images/final/negative/gen_2018.png,gen_2018.png,94.7912,72.0,2.0,0.5562477111816406,1.0,0.5503311157226562,174.16020406748646,17.803150487245624,5.828815446005657,161.81961059570312,0.0,0.0,False,,-6.716496337477022,True,767.0
negative,/mnt/MammoDiffusion/MammoDiffusion/experiments/diffusers/02_sd21_filtered_100steps/generated_images/final/negative/gen_2019.png,gen_2019.png,204.8956,191.0,1.0,0.052005767822265625,0.8499229810019805,0.042537689208984375,221.4920634920635,10.22302219158868,6.869597867771869,479.1943054199219,0.0,0.0,True,too_empty,,False,
negative,/mnt/MammoDiffusion/MammoDiffusion/experiments/diffusers/02_sd21_filtered_100steps/generated_images/final/negative/gen_2020.png,gen_2020.png,165.7912,143.0,2.0,0.07775115966796875,0.8361789814542243,0.06440353393554688,194.13244091689864,17.907638583622365,5.441818131114074,267.38287353515625,0.0,0.0,True,too_empty,,False,
negative,/mnt/MammoDiffusion/MammoDiffusion/experiments/diffusers/02_sd21_filtered_100steps/generated_images/final/negative/gen_2021.png,gen_2021.png,90.8956,77.0,1.0,0.552276611328125,0.9969815439023042,0.5464286804199219,160.54073148426102,29.427018576902835,6.108602498661279,381.59918212890625,0.0,0.0,False,,-5.984014564079966,True,450.0
negative,/mnt/MammoDiffusion/MammoDiffusion/experiments/diffusers/02_sd21_filtered_100steps/generated_images/final/negative/gen_2022.png,gen_2022.png,15.8956,2.0,1.0,0.78955078125,0.9980239254792826,0.7802619934082031,159.97561858013796,24.50304876340436,6.267202910355146,313.5877990722656,0.0,0.0,False,,-7.6469195119603715,True,1254.0
negative,/mnt/MammoDiffusion/MammoDiffusion/experiments/diffusers/02_sd21_filtered_100steps/generated_images/final/negative/gen_2023.png,gen_2023.png,10.0,0.0,0.0,0.8925743103027344,0.9992392609719509,0.8862228393554688,92.77693936759097,53.16902201600393,7.186066426552163,1468.856201171875,0.0,0.0,False,,-8.339590792055693,False,
negative,/mnt/MammoDiffusion/MammoDiffusion/experiments/diffusers/02_sd21_filtered_100steps/generated_images/final/negative/gen_2024.png,gen_2024.png,10.0,0.0,0.0,0.8285179138183594,0.9987660630504948,0.8212127685546875,130.23645924301826,29.846833904337455,6.170469999506431,371.340576171875,0.0,0.0,False,,-6.672978204287373,True,745.0
negative,/mnt/MammoDiffusion/MammoDiffusion/experiments/diffusers/02_sd21_filtered_100steps/generated_images/final/negative/gen_2025.png,gen_2025.png,14.8956,1.0,1.0,0.855926513671875,0.9981281420472777,0.8489952087402344,155.55976168117218,25.413585831329744,6.40579959314725,723.312255859375,0.0,0.0,False,,-7.599561163500227,True,1234.0
negative,/mnt/MammoDiffusion/MammoDiffusion/experiments/diffusers/02_sd21_filtered_100steps/generated_images/final/negative/gen_2026.png,gen_2026.png,220.0,168.0,84.0,0.20151138305664062,0.5914055844770468,0.11578369140625,254.74937401159727,1.4003596395209885,6.888995793298663,1495.2911376953125,0.0,0.0,True,low_contrast,,False,
negative,/mnt/MammoDiffusion/MammoDiffusion/experiments/diffusers/02_sd21_filtered_100steps/generated_images/final/negative/gen_2027.png,gen_2027.png,62.8956,49.0,1.0,0.46981048583984375,0.9975641046460644,0.46288299560546875,168.42941438248917,24.2860028280373,5.467126718264382,313.9119873046875,0.0,0.0,False,,-5.160914339708606,True,184.0
negative,/mnt/MammoDiffusion/MammoDiffusion/experiments/diffusers/02_sd21_filtered_100steps/generated_images/final/negative/gen_2028.png,gen_2028.png,32.7912,10.0,2.0,0.7421188354492188,0.9985607221062804,0.7343292236328125,158.59072207792207,20.449738020057687,6.378528813975965,323.5319519042969,0.0,0.0,False,,-7.40787149302246,True,1125.0
negative,/mnt/MammoDiffusion/MammoDiffusion/experiments/diffusers/02_sd21_filtered_100steps/generated_images/final/negative/gen_2029.png,gen_2029.png,31.7912,9.0,2.0,0.7442245483398438,0.9984622797215701,0.7315139770507812,162.16130933135867,22.98273335732693,6.404449215827383,377.71759033203125,0.0,0.0,False,,-7.302698715588956,True,1081.0
negative,/mnt/MammoDiffusion/MammoDiffusion/experiments/diffusers/02_sd21_filtered_100steps/generated_images/final/negative/gen_2030.png,gen_2030.png,207.0,92.0,14.0,0.047931671142578125,0.6149621965777955,0.0251312255859375,217.6185488767456,8.265207996484177,6.948998676438032,529.5595703125,0.0,0.0,True,too_empty,,False,
negative,/mnt/MammoDiffusion/MammoDiffusion/experiments/diffusers/02_sd21_filtered_100steps/generated_images/final/negative/gen_2031.png,gen_2031.png,28.8956,15.0,1.0,0.611663818359375,0.9978608491742753,0.6071662902832031,105.30088273175636,53.136845358553714,6.445263168409626,1457.105712890625,0.0,0.0,False,,-6.199631347325512,True,541.0
negative,/mnt/MammoDiffusion/MammoDiffusion/experiments/diffusers/02_sd21_filtered_100steps/generated_images/final/negative/gen_2032.png,gen_2032.png,134.8956,121.0,1.0,0.13385391235351562,0.6453589443985295,0.08583831787109375,189.43565016442983,27.125001824876616,5.507513118069111,764.9142456054688,0.0,0.0,True,too_empty,,False,
negative,/mnt/MammoDiffusion/MammoDiffusion/experiments/diffusers/02_sd21_filtered_100steps/generated_images/final/negative/gen_2033.png,gen_2033.png,16.8956,3.0,1.0,0.6879463195800781,0.997876245557028,0.6803436279296875,149.96351515015587,25.310191221576854,6.185203555868236,446.47003173828125,0.0,0.0,False,,-6.563018738218713,True,694.0
negative,/mnt/MammoDiffusion/MammoDiffusion/experiments/diffusers/02_sd21_filtered_100steps/generated_images/final/negative/gen_2034.png,gen_2034.png,43.8956,30.0,1.0,0.8038139343261719,1.0,0.7964706420898438,147.06578380190624,23.093960868392344,6.295837822684878,101.04631042480469,0.0,0.0,False,,-8.093607260147165,False,
negative,/mnt/MammoDiffusion/MammoDiffusion/experiments/diffusers/02_sd21_filtered_100steps/generated_images/final/negative/gen_2035.png,gen_2035.png,130.8956,117.0,1.0,0.1571197509765625,0.7059580460328251,0.11275100708007812,193.89237744020028,36.59539886296476,6.163726297936554,1010.10400390625,0.0,0.0,True,fragmented_mask,,False,
negative,/mnt/MammoDiffusion/MammoDiffusion/experiments/diffusers/02_sd21_filtered_100steps/generated_images/final/negative/gen_2036.png,gen_2036.png,112.8956,99.0,1.0,0.2617034912109375,0.912876800186578,0.2747077941894531,155.1421826614639,41.30440662690323,5.285917452785261,648.6207885742188,0.0,0.0,False,,-36.00489358949024,False,
negative,/mnt/MammoDiffusion/MammoDiffusion/experiments/diffusers/02_sd21_filtered_100steps/generated_images/final/negative/gen_2037.png,gen_2037.png,39.8956,26.0,1.0,0.5038719177246094,0.9980391711523465,0.5033416748046875,105.6411086185467,50.49592297425998,6.27007351704544,1074.0787353515625,0.0,0.0,False,,-4.637942281444131,True,75.0
negative,/mnt/MammoDiffusion/MammoDiffusion/experiments/diffusers/02_sd21_filtered_100steps/generated_images/final/negative/gen_2038.png,gen_2038.png,183.0,160.0,4.0,0.049091339111328125,0.808454425363276,0.041164398193359375,199.39495876193124,12.057013595706952,6.465300158582448,846.3624877929688,0.0,0.0,True,too_empty,,False,
negative,/mnt/MammoDiffusion/MammoDiffusion/experiments/diffusers/02_sd21_filtered_100steps/generated_images/final/negative/gen_2039.png,gen_2039.png,95.7912,73.0,2.0,0.7221183776855469,0.9985050105917094,0.70989990234375,146.35075444931647,25.599114845742996,6.634647017781249,205.79885864257812,0.0,0.0,False,,-7.145009361624728,True,975.0
negative,/mnt/MammoDiffusion/MammoDiffusion/experiments/diffusers/02_sd21_filtered_100steps/generated_images/final/negative/gen_2040.png,gen_2040.png,15.8956,2.0,1.0,0.8542366027832031,0.9987139010328983,0.8474998474121094,109.91943898058668,47.730502579092274,7.264240892686053,1091.3878173828125,0.0,0.0,False,,-7.496787773237111,True,1174.0
negative,/mnt/MammoDiffusion/MammoDiffusion/experiments/diffusers/02_sd21_filtered_100steps/generated_images/final/negative/gen_2041.png,gen_2041.png,83.8956,70.0,1.0,0.5652694702148438,0.9999865030840452,0.5591812133789062,162.36611954756935,25.348602919745936,6.00178830405845,157.08419799804688,0.0,0.0,False,,-6.310578264149778,True,582.0
negative,/mnt/MammoDiffusion/MammoDiffusion/experiments/diffusers/02_sd21_filtered_100steps/generated_images/final/negative/gen_2042.png,gen_2042.png,10.0,0.0,0.0,0.8423614501953125,0.9995516710442894,0.8331832885742188,143.2676843059511,22.443375604098314,5.805847417489574,205.08279418945312,0.0,0.0,False,,-7.586652513009608,True,1229.0
negative,/mnt/MammoDiffusion/MammoDiffusion/experiments/diffusers/02_sd21_filtered_100steps/generated_images/final/negative/gen_2043.png,gen_2043.png,99.7912,77.0,2.0,0.5656242370605469,0.9978418479177205,0.559906005859375,169.50599553060445,23.915683201786443,6.12153071295622,177.17138671875,0.0,0.0,False,,-6.485067797081875,True,669.0
negative,/mnt/MammoDiffusion/MammoDiffusion/experiments/diffusers/02_sd21_filtered_100steps/generated_images/final/negative/gen_2044.png,gen_2044.png,94.6868,63.0,3.0,0.3936920166015625,0.9588678733382427,0.4830169677734375,133.97086558205655,46.26696596552584,6.7913227585396445,1276.603759765625,0.0,0.0,False,,-20.344715143642247,False,
negative,/mnt/MammoDiffusion/MammoDiffusion/experiments/diffusers/02_sd21_filtered_100steps/generated_images/final/negative/gen_2045.png,gen_2045.png,127.8956,114.0,1.0,0.135833740234375,0.6503313862053471,0.08268356323242188,196.11437139561707,29.13774903123375,5.969379939092039,963.7142333984375,0.0,0.0,True,too_empty,,False,
negative,/mnt/MammoDiffusion/MammoDiffusion/experiments/diffusers/02_sd21_filtered_100steps/generated_images/final/negative/gen_2046.png,gen_2046.png,69.8956,56.0,1.0,0.45116424560546875,0.9972774160818466,0.4461860656738281,140.21007993844313,39.435123117421846,5.6576605184479725,661.8174438476562,0.0,0.0,False,,-3.5696918014770582,True,1.0
negative,/mnt/MammoDiffusion/MammoDiffusion/experiments/diffusers/02_sd21_filtered_100steps/generated_images/final/negative/gen_2047.png,gen_2047.png,144.8956,131.0,1.0,0.21319580078125,0.8393215001431434,0.194183349609375,167.20931557441457,25.615612604781376,4.713655337628667,126.24478149414062,0.0,0.0,False,,-65.49850110715168,False,
negative,/mnt/MammoDiffusion/MammoDiffusion/experiments/diffusers/02_sd21_filtered_100steps/generated_images/final/negative/gen_2048.png,gen_2048.png,10.0,0.0,0.0,0.8650703430175781,0.9987167784524613,0.8551826477050781,134.07672817946212,30.379609773199455,6.33843808439777,388.5769958496094,0.0,0.0,False,,-7.079205585811244,True,939.0
negative,/mnt/MammoDiffusion/MammoDiffusion/experiments/diffusers/02_sd21_filtered_100steps/generated_images/final/negative/gen_2049.png,gen_2049.png,85.8956,72.0,1.0,0.76617431640625,0.9999352744363897,0.7597808837890625,163.18113991926575,21.983675571097084,6.178698076750666,129.40858459472656,0.0,0.0,False,,-8.02749891166758,False,
negative,/mnt/MammoDiffusion/MammoDiffusion/experiments/diffusers/02_sd21_filtered_100steps/generated_images/final/negative/gen_2050.png,gen_2050.png,10.0,0.0,0.0,0.8756065368652344,0.9992027359661925,0.869415283203125,90.78861139387132,51.92219990616893,7.0770633648828545,1672.3121337890625,0.0,0.0,False,,-8.288068202008079,False,
negative,/mnt/MammoDiffusion/MammoDiffusion/experiments/diffusers/02_sd21_filtered_100steps/generated_images/final/negative/gen_2051.png,gen_2051.png,61.7912,39.0,2.0,0.5068931579589844,0.9980358070123947,0.4999198913574219,167.54756545161808,22.276058227359268,5.827916903624442,285.1570739746094,0.0,0.0,False,,-5.668273139969153,True,332.0
negative,/mnt/MammoDiffusion/MammoDiffusion/experiments/diffusers/02_sd21_filtered_100steps/generated_images/final/negative/gen_2052.png,gen_2052.png,118.7912,96.0,2.0,0.3851356506347656,0.9991481859331821,0.3792915344238281,175.33049713866177,22.902524899634294,5.865325324398011,145.6806640625,0.0,0.0,False,,-5.12643357878705,True,175.0
negative,/mnt/MammoDiffusion/MammoDiffusion/experiments/diffusers/02_sd21_filtered_100steps/generated_images/final/negative/gen_2053.png,gen_2053.png,53.8956,40.0,1.0,0.7452201843261719,1.0,0.73858642578125,140.8175099165358,22.118255100500484,5.987340509021695,37.227699279785156,0.0,0.0,False,,-7.468986888117808,True,1159.0
negative,/mnt/MammoDiffusion/MammoDiffusion/experiments/diffusers/02_sd21_filtered_100steps/generated_images/final/negative/gen_2054.png,gen_2054.png,10.0,0.0,0.0,0.9042854309082031,0.9987682079534956,0.8945693969726562,146.3865871235704,26.234758157648383,6.233544566715324,140.93666076660156,0.0,0.0,False,,-8.005023888398489,False,
negative,/mnt/MammoDiffusion/MammoDiffusion/experiments/diffusers/02_sd21_filtered_100steps/generated_images/final/negative/gen_2055.png,gen_2055.png,80.8956,67.0,1.0,0.4644279479980469,0.9978972787830501,0.4575614929199219,167.57316981666904,22.75530161191944,5.051876608343892,288.77081298828125,0.0,0.0,False,,-4.747692052524901,True,95.0
negative,/mnt/MammoDiffusion/MammoDiffusion/experiments/diffusers/02_sd21_filtered_100steps/generated_images/final/negative/gen_2056.png,gen_2056.png,53.8956,40.0,1.0,0.6590385437011719,0.9988770743735638,0.653778076171875,127.50894482565467,40.57192998697879,6.551979528345337,719.5112915039062,0.0,0.0,False,,-5.033669979775989,True,147.0
negative,/mnt/MammoDiffusion/MammoDiffusion/experiments/diffusers/02_sd21_filtered_100steps/generated_images/final/negative/gen_2057.png,gen_2057.png,113.8956,100.0,1.0,0.2976875305175781,0.9975780719402335,0.2926483154296875,167.58650086031597,23.57526887044155,4.137617849077551,137.8327178955078,0.0,0.0,False,,-4.397337270679925,True,43.0
negative,/mnt/MammoDiffusion/MammoDiffusion/experiments/diffusers/02_sd21_filtered_100steps/generated_images/final/negative/gen_2058.png,gen_2058.png,159.6868,128.0,3.0,0.14624404907226562,0.8683256384171949,0.12664413452148438,192.65089309918974,18.560659546586418,6.4918092480534,385.612060546875,0.0,0.0,False,,-56.936876955830286,False,
negative,/mnt/MammoDiffusion/MammoDiffusion/experiments/diffusers/02_sd21_filtered_100steps/generated_images/final/negative/gen_2059.png,gen_2059.png,220.0,104.0,85.0,0.2008514404296875,0.5499316265289068,0.11141586303710938,249.3239634334235,32.92457677186285,6.7958854727682265,1720.88134765625,0.0,0.0,True,fragmented_mask,,False,
negative,/mnt/MammoDiffusion/MammoDiffusion/experiments/diffusers/02_sd21_filtered_100steps/generated_images/final/negative/gen_2060.png,gen_2060.png,24.7912,2.0,2.0,0.7517509460449219,0.99990358609001,0.7411613464355469,157.30492920413195,27.193382568773178,6.232569653589253,418.2205505371094,0.0,0.0,False,,-7.168303128606504,True,992.0
negative,/mnt/MammoDiffusion/MammoDiffusion/experiments/diffusers/02_sd21_filtered_100steps/generated_images/final/negative/gen_2061.png,gen_2061.png,161.8956,148.0,1.0,0.0559844970703125,0.6652357590624148,0.03575897216796875,191.37358651589503,14.125846719889097,5.871078944697466,669.0840454101562,0.0,0.0,True,too_empty,,False,
negative,/mnt/MammoDiffusion/MammoDiffusion/experiments/diffusers/02_sd21_filtered_100steps/generated_images/final/negative/gen_2062.png,gen_2062.png,187.0,157.0,11.0,0.04917144775390625,0.6249030256012412,0.0300445556640625,206.67775520568816,13.73070529845042,7.190796878056927,1497.478515625,0.0,0.0,True,too_empty,,False,
negative,/mnt/MammoDiffusion/MammoDiffusion/experiments/diffusers/02_sd21_filtered_100steps/generated_images/final/negative/gen_2063.png,gen_2063.png,149.5824,109.0,4.0,0.2958793640136719,0.5348684295347008,0.16138839721679688,189.27231900158367,26.135769382631253,6.509909122878675,310.4328918457031,0.0,0.0,True,fragmented_mask,,False,
negative,/mnt/MammoDiffusion/MammoDiffusion/experiments/diffusers/02_sd21_filtered_100steps/generated_images/final/negative/gen_2064.png,gen_2064.png,220.0,213.0,23.0,0.445159912109375,0.9780626585315692,0.4306907653808594,237.04483494681276,12.698169216915671,5.961588616469445,994.8999633789062,0.0,0.0,False,,-14.489876067944067,False,
negative,/mnt/MammoDiffusion/MammoDiffusion/experiments/diffusers/02_sd21_filtered_100steps/generated_images/final/negative/gen_2065.png,gen_2065.png,134.0,129.0,0.0,0.376953125,0.9514957091968912,0.37633514404296875,158.1813915299937,28.4881534673255,5.634235709785047,210.64590454101562,0.0,0.0,False,,-22.05871917916068,False,
negative,/mnt/MammoDiffusion/MammoDiffusion/experiments/diffusers/02_sd21_filtered_100steps/generated_images/final/negative/gen_2066.png,gen_2066.png,42.7912,20.0,2.0,0.7387199401855469,0.998455985251819,0.7312736511230469,154.23817025649586,29.123688616885417,6.760342831062445,358.6676940917969,0.0,0.0,False,,-7.160388989887334,True,989.0
negative,/mnt/MammoDiffusion/MammoDiffusion/experiments/diffusers/02_sd21_filtered_100steps/generated_images/final/negative/gen_2067.png,gen_2067.png,220.0,242.0,1.0,0.3311119079589844,0.9746195232663971,0.3140068054199219,241.88759035412744,9.630448429020156,6.1276792915664275,1031.4208984375,0.0,0.0,False,,-16.418875886429095,False,
negative,/mnt/MammoDiffusion/MammoDiffusion/experiments/diffusers/02_sd21_filtered_100steps/generated_images/final/negative/gen_2068.png,gen_2068.png,208.0,79.0,43.0,0.048488616943359375,0.8442294075997168,0.042499542236328125,221.03590341980075,8.56934017977948,6.612556115517041,739.8998413085938,0.0,0.0,True,too_empty,,False,
negative,/mnt/MammoDiffusion/MammoDiffusion/experiments/diffusers/02_sd21_filtered_100steps/generated_images/final/negative/gen_2069.png,gen_2069.png,217.0,97.0,14.0,0.0493927001953125,0.8412882298424467,0.043529510498046875,229.30821137498904,7.99575417846848,7.01428512998058,458.79278564453125,0.0,0.0,True,too_empty,,False,
negative,/mnt/MammoDiffusion/MammoDiffusion/experiments/diffusers/02_sd21_filtered_100steps/generated_images/final/negative/gen_2070.png,gen_2070.png,62.8956,49.0,1.0,0.5362014770507812,1.0,0.5302543640136719,168.95839658136876,26.082984811919985,5.891521808908248,268.228759765625,0.0,0.0,False,,-5.955825661619794,True,434.0
negative,/mnt/MammoDiffusion/MammoDiffusion/experiments/diffusers/02_sd21_filtered_100steps/generated_images/final/negative/gen_2071.png,gen_2071.png,68.0,63.0,0.0,0.7101669311523438,0.9979373247531773,0.7044525146484375,130.10751185912014,36.748964533487474,6.344205732747905,549.6585693359375,0.0,0.0,False,,-5.735766978654374,True,353.0
negative,/mnt/MammoDiffusion/MammoDiffusion/experiments/diffusers/02_sd21_filtered_100steps/generated_images/final/negative/gen_2072.png,gen_2072.png,220.0,156.0,47.0,0.12103271484375,0.6991301059001512,0.08415603637695312,247.91469108381307,36.72241621680077,6.18671608888772,442.3793029785156,0.0,0.0,True,too_empty,,False,
negative,/mnt/MammoDiffusion/MammoDiffusion/experiments/diffusers/02_sd21_filtered_100steps/generated_images/final/negative/gen_2073.png,gen_2073.png,26.7912,4.0,2.0,0.7911376953125,0.9985534639716093,0.7828216552734375,167.39181431885075,20.88492547572169,6.186190947241801,260.7993469238281,0.0,0.0,False,,-7.789803226405853,True,1325.0
negative,/mnt/MammoDiffusion/MammoDiffusion/experiments/diffusers/02_sd21_filtered_100steps/generated_images/final/negative/gen_2074.png,gen_2074.png,110.5824,70.0,4.0,0.5522537231445312,0.9983560129861159,0.5461349487304688,172.72339102859618,22.323232711483655,6.541208839064087,460.1259765625,0.0,0.0,False,,-6.318830064464856,True,589.0
negative,/mnt/MammoDiffusion/MammoDiffusion/experiments/diffusers/02_sd21_filtered_100steps/generated_images/final/negative/gen_2075.png,gen_2075.png,73.6868,42.0,3.0,0.6869277954101562,0.9918477959061275,0.7334022521972656,122.50324305486926,44.535281114219295,7.329840936935258,1240.18212890625,0.0,0.0,False,,-9.634086870186533,False,
negative,/mnt/MammoDiffusion/MammoDiffusion/experiments/diffusers/02_sd21_filtered_100steps/generated_images/final/negative/gen_2076.png,gen_2076.png,66.8956,53.0,1.0,0.6839637756347656,0.998298911861325,0.6765022277832031,152.36230764459432,26.369358931955254,6.20972379324394,302.7671203613281,0.0,0.0,False,,-6.573444476799735,True,698.0
negative,/mnt/MammoDiffusion/MammoDiffusion/experiments/diffusers/02_sd21_filtered_100steps/generated_images/final/negative/gen_2077.png,gen_2077.png,220.0,245.0,5.0,0.19588470458984375,0.45557935735150923,0.08530044555664062,249.6730021018738,2.8817534576062105,6.853781811178455,798.5706176757812,0.0,0.0,True,too_empty,,False,
negative,/mnt/MammoDiffusion/MammoDiffusion/experiments/diffusers/02_sd21_filtered_100steps/generated_images/final/negative/gen_2078.png,gen_2078.png,57.7912,35.0,2.0,0.6044082641601562,0.9980623824490981,0.5972938537597656,162.87958640157876,22.74035991751674,6.103821696231945,226.18902587890625,0.0,0.0,False,,-6.520512940413548,True,681.0
negative,/mnt/MammoDiffusion/MammoDiffusion/experiments/diffusers/02_sd21_filtered_100steps/generated_images/final/negative/gen_2079.png,gen_2079.png,51.8956,38.0,1.0,0.7888755798339844,1.0,0.7821197509765625,144.35209337261253,29.253529134644236,6.498946256461847,160.13308715820312,0.0,0.0,False,,-7.711108434247626,True,1291.0
negative,/mnt/MammoDiffusion/MammoDiffusion/experiments/diffusers/02_sd21_filtered_100steps/generated_images/final/negative/gen_2080.png,gen_2080.png,85.8956,72.0,1.0,0.7520370483398438,0.9990057927788092,0.74755859375,153.33142145656433,31.92127335938765,6.825541397060208,655.7896728515625,0.0,0.0,False,,-6.733198915684048,True,777.0
negative,/mnt/MammoDiffusion/MammoDiffusion/experiments/diffusers/02_sd21_filtered_100steps/generated_images/final/negative/gen_2081.png,gen_2081.png,101.6868,70.0,3.0,0.39104461669921875,0.8211686664715637,0.39870452880859375,136.25402323044835,40.830526776297404,6.781553282830054,1178.1173095703125,0.0,0.0,False,,-71.63330117380129,False,
negative,/mnt/MammoDiffusion/MammoDiffusion/experiments/diffusers/02_sd21_filtered_100steps/generated_images/final/negative/gen_2082.png,gen_2082.png,220.0,207.0,7.0,0.055385589599609375,0.050003443763344584,0.00234222412109375,243.3273615635179,8.50112086169244,6.766080335989473,1165.9832763671875,0.0,0.0,True,too_empty,,False,
negative,/mnt/MammoDiffusion/MammoDiffusion/experiments/diffusers/02_sd21_filtered_100steps/generated_images/final/negative/gen_2083.png,gen_2083.png,208.1648,132.0,8.0,0.0703125,0.7333984375,0.054569244384765625,220.9278573925201,11.888770145100189,6.408614012099402,772.6819458007812,0.0,0.0,True,too_empty,,False,
negative,/mnt/MammoDiffusion/MammoDiffusion/experiments/diffusers/02_sd21_filtered_100steps/generated_images/final/negative/gen_2084.png,gen_2084.png,123.47800000000001,74.0,5.0,0.4948997497558594,0.8908852661193972,0.47898101806640625,153.83071311384018,32.46003526211362,7.198969372777889,646.2376708984375,0.0,0.0,False,,-46.076905391665335,False,
negative,/mnt/MammoDiffusion/MammoDiffusion/experiments/diffusers/02_sd21_filtered_100steps/generated_images/final/negative/gen_2085.png,gen_2085.png,32.0,27.0,0.0,0.7633781433105469,0.9976063763336082,0.7549324035644531,126.7844882036978,35.73266507274942,6.420372912441627,449.74298095703125,0.0,0.0,False,,-6.3956033804603765,True,617.0
negative,/mnt/MammoDiffusion/MammoDiffusion/experiments/diffusers/02_sd21_filtered_100steps/generated_images/final/negative/gen_2086.png,gen_2086.png,172.95600000000002,79.0,10.0,0.09575653076171875,0.7754362202214963,0.07366561889648438,209.6788358966392,18.96027170354876,6.819784862850561,681.1419067382812,0.0,0.0,True,too_empty,,False,
negative,/mnt/MammoDiffusion/MammoDiffusion/experiments/diffusers/02_sd21_filtered_100steps/generated_images/final/negative/gen_2087.png,gen_2087.png,14.8956,1.0,1.0,0.7450180053710938,0.9977265977818968,0.7389373779296875,143.43892353439196,29.26955217132766,6.305070238071039,550.994873046875,0.0,0.0,False,,-6.650417104760188,True,737.0
negative,/mnt/MammoDiffusion/MammoDiffusion/experiments/diffusers/02_sd21_filtered_100steps/generated_images/final/negative/gen_2088.png,gen_2088.png,77.7912,55.0,2.0,0.6604080200195312,0.9996823049641294,0.6547050476074219,160.04163097880868,24.036392419128813,6.304034502045143,199.28211975097656,0.0,0.0,False,,-7.069735494497695,True,934.0
negative,/mnt/MammoDiffusion/MammoDiffusion/experiments/diffusers/02_sd21_filtered_100steps/generated_images/final/negative/gen_2089.png,gen_2089.png,39.7912,17.0,2.0,0.5790824890136719,0.9980501044116388,0.5728530883789062,173.85094892455217,23.54773683181962,6.213870231252965,390.7523498535156,0.0,0.0,False,,-6.384231465731821,True,611.0
negative,/mnt/MammoDiffusion/MammoDiffusion/experiments/diffusers/02_sd21_filtered_100steps/generated_images/final/negative/gen_2090.png,gen_2090.png,149.7912,127.0,2.0,0.13950347900390625,0.8601859447634673,0.1186981201171875,193.45931353644428,27.903475004153204,5.136326771866521,456.8822326660156,0.0,0.0,False,,-58.3484453482828,False,
negative,/mnt/MammoDiffusion/MammoDiffusion/experiments/diffusers/02_sd21_filtered_100steps/generated_images/final/negative/gen_2091.png,gen_2091.png,59.7912,37.0,2.0,0.7707176208496094,0.998534936324175,0.7634811401367188,159.4033086508579,25.100473455096644,6.6790318883188595,308.4131164550781,0.0,0.0,False,,-7.653039194640153,True,1258.0
negative,/mnt/MammoDiffusion/MammoDiffusion/experiments/diffusers/02_sd21_filtered_100steps/generated_images/final/negative/gen_2092.png,gen_2092.png,28.8956,15.0,1.0,0.7426834106445312,0.9983717705069598,0.7350807189941406,167.31622703000048,24.705687583552745,6.209167350627231,301.10906982421875,0.0,0.0,False,,-7.295429734446959,True,1073.0
negative,/mnt/MammoDiffusion/MammoDiffusion/experiments/diffusers/02_sd21_filtered_100steps/generated_images/final/negative/gen_2093.png,gen_2093.png,128.7912,106.0,2.0,0.35149383544921875,0.9906557270300189,0.3459434509277344,164.84130029662467,24.576270567659783,5.342278531895618,201.98922729492188,0.0,0.0,False,,-7.4967136855224235,True,1173.0
negative,/mnt/MammoDiffusion/MammoDiffusion/experiments/diffusers/02_sd21_filtered_100steps/generated_images/final/negative/gen_2094.png,gen_2094.png,17.8956,4.0,1.0,0.6490402221679688,0.9986246782099658,0.6435737609863281,96.71469216224386,50.675363738043096,6.795330270868578,1226.236083984375,0.0,0.0,False,,-5.862096841032077,True,401.0
negative,/mnt/MammoDiffusion/MammoDiffusion/experiments/diffusers/02_sd21_filtered_100steps/generated_images/final/negative/gen_2095.png,gen_2095.png,51.8956,38.0,1.0,0.5953445434570312,0.9972575705150385,0.5879249572753906,167.66733280993506,23.689424591473067,5.9750199144497405,261.64227294921875,0.0,0.0,False,,-6.639614787060051,True,730.0
negative,/mnt/MammoDiffusion/MammoDiffusion/experiments/diffusers/02_sd21_filtered_100steps/generated_images/final/negative/gen_2096.png,gen_2096.png,125.8956,112.0,1.0,0.16239547729492188,0.7829978154142492,0.12635040283203125,178.55911478775437,32.39120324252416,4.843357557239395,306.7708435058594,0.0,0.0,False,,-87.03333392954443,False,
negative,/mnt/MammoDiffusion/MammoDiffusion/experiments/diffusers/02_sd21_filtered_100steps/generated_images/final/negative/gen_2097.png,gen_2097.png,130.8956,117.0,1.0,0.22116470336914062,0.740759266605723,0.20071792602539062,166.30427428397667,32.85451813630543,5.7775261828015285,674.0692749023438,0.0,0.0,True,fragmented_mask,,False,
negative,/mnt/MammoDiffusion/MammoDiffusion/experiments/diffusers/02_sd21_filtered_100steps/generated_images/final/negative/gen_2098.png,gen_2098.png,28.8956,15.0,1.0,0.6398506164550781,0.9979193122402866,0.6325302124023438,163.92846201165162,27.048650334966123,6.213469038601987,322.36529541015625,0.0,0.0,False,,-6.564491379105959,True,696.0
negative,/mnt/MammoDiffusion/MammoDiffusion/experiments/diffusers/02_sd21_filtered_100steps/generated_images/final/negative/gen_2099.png,gen_2099.png,140.7912,118.0,2.0,0.4202461242675781,0.9644623973131212,0.44379425048828125,170.3014492255325,28.480597050001286,6.255610211371785,456.93511962890625,0.0,0.0,False,,-17.877167532122577,False,
negative,/mnt/MammoDiffusion/MammoDiffusion/experiments/diffusers/02_sd21_filtered_100steps/generated_images/final/negative/gen_2100.png,gen_2100.png,15.8956,2.0,1.0,0.7595443725585938,0.9986389432976747,0.7522659301757812,157.0178497175485,23.47916501475585,6.271612109340379,323.927978515625,0.0,0.0,False,,-7.217620355857595,True,1021.0
negative,/mnt/MammoDiffusion/MammoDiffusion/experiments/diffusers/02_sd21_filtered_100steps/generated_images/final/negative/gen_2101.png,gen_2101.png,41.8956,28.0,1.0,0.6636199951171875,0.9999942516842565,0.6570777893066406,155.77854152999436,21.84581854752895,6.037911142588275,229.7400665283203,0.0,0.0,False,,-6.98130031957088,True,900.0
negative,/mnt/MammoDiffusion/MammoDiffusion/experiments/diffusers/02_sd21_filtered_100steps/generated_images/final/negative/gen_2102.png,gen_2102.png,83.8956,70.0,1.0,0.8253860473632812,0.9982437491334288,0.8170547485351562,149.76158572455716,26.07445031370322,6.558035770171088,272.82171630859375,0.0,0.0,False,,-7.8481975460638855,True,1345.0
negative,/mnt/MammoDiffusion/MammoDiffusion/experiments/diffusers/02_sd21_filtered_100steps/generated_images/final/negative/gen_2103.png,gen_2103.png,10.0,0.0,0.0,0.8857879638671875,0.9978381078706654,0.8774452209472656,155.28129659981653,25.593767971893598,6.174894554732649,388.38134765625,0.0,0.0,False,,-8.05496155691867,False,
negative,/mnt/MammoDiffusion/MammoDiffusion/experiments/diffusers/02_sd21_filtered_100steps/generated_images/final/negative/gen_2104.png,gen_2104.png,14.8956,1.0,1.0,0.7694015502929688,0.998011839717592,0.7626533508300781,161.60890834062775,23.512962849340358,5.886315917974256,327.84918212890625,0.0,0.0,False,,-7.273190592206264,True,1057.0
negative,/mnt/MammoDiffusion/MammoDiffusion/experiments/diffusers/02_sd21_filtered_100steps/generated_images/final/negative/gen_2105.png,gen_2105.png,68.8956,55.0,1.0,0.58258056640625,0.9980683603981142,0.5753822326660156,165.9543137111905,25.525465394288002,6.004402397584169,250.53411865234375,0.0,0.0,False,,-6.158004108490697,True,520.0
negative,/mnt/MammoDiffusion/MammoDiffusion/experiments/diffusers/02_sd21_filtered_100steps/generated_images/final/negative/gen_2106.png,gen_2106.png,83.8956,70.0,1.0,0.4491729736328125,0.787096171484866,0.3845558166503906,136.58892559196104,46.83197654896674,6.585301831409195,970.6830444335938,0.0,0.0,False,,-84.37200336859325,False,
negative,/mnt/MammoDiffusion/MammoDiffusion/experiments/diffusers/02_sd21_filtered_100steps/generated_images/final/negative/gen_2107.png,gen_2107.png,152.3736,94.0,6.0,0.16054534912109375,0.6486717673335551,0.11653900146484375,199.87977086743044,31.004607333242884,6.665788517859846,940.0256958007812,0.0,0.0,True,fragmented_mask,,False,
negative,/mnt/MammoDiffusion/MammoDiffusion/experiments/diffusers/02_sd21_filtered_100steps/generated_images/final/negative/gen_2108.png,gen_2108.png,123.8956,110.0,1.0,0.30682373046875,0.9389670777799881,0.30896759033203125,155.95684865545596,32.27307969176795,5.220707699229079,313.895751953125,0.0,0.0,False,,-26.53758956973269,False,
negative,/mnt/MammoDiffusion/MammoDiffusion/experiments/diffusers/02_sd21_filtered_100steps/generated_images/final/negative/gen_2109.png,gen_2109.png,190.0,169.0,4.0,0.0490875244140625,0.7939073671122163,0.038738250732421875,210.79271294928606,12.765308187908134,6.732422922673953,783.1083374023438,0.0,0.0,True,too_empty,,False,
negative,/mnt/MammoDiffusion/MammoDiffusion/experiments/diffusers/02_sd21_filtered_100steps/generated_images/final/negative/gen_2110.png,gen_2110.png,84.8956,71.0,1.0,0.5948066711425781,1.0,0.5890884399414062,163.66474557393184,21.54923113994895,5.673175894331845,209.0179443359375,0.0,0.0,False,,-6.397717254895135,True,618.0
negative,/mnt/MammoDiffusion/MammoDiffusion/experiments/diffusers/02_sd21_filtered_100steps/generated_images/final/negative/gen_2111.png,gen_2111.png,98.8956,85.0,1.0,0.3067474365234375,0.8990946624881858,0.2886009216308594,149.72666710726324,47.95436813153591,5.861112453829357,949.3311157226562,0.0,0.0,False,,-42.17250787912366,False,
negative,/mnt/MammoDiffusion/MammoDiffusion/experiments/diffusers/02_sd21_filtered_100steps/generated_images/final/negative/gen_2112.png,gen_2112.png,10.0,0.0,0.0,0.8446426391601562,0.9999954836553487,0.8352928161621094,147.20650600318768,23.115881547956906,5.958860777614632,392.8184509277344,0.0,0.0,False,,-7.682629601233815,True,1271.0
negative,/mnt/MammoDiffusion/MammoDiffusion/experiments/diffusers/02_sd21_filtered_100steps/generated_images/final/negative/gen_2113.png,gen_2113.png,73.8956,60.0,1.0,0.4819908142089844,0.9999920855394892,0.476226806640625,168.6414931111823,26.351119552071815,5.722980478893831,170.5884552001953,0.0,0.0,False,,-5.554979030827851,True,287.0
negative,/mnt/MammoDiffusion/MammoDiffusion/experiments/diffusers/02_sd21_filtered_100steps/generated_images/final/negative/gen_2114.png,gen_2114.png,43.7912,21.0,2.0,0.6045608520507812,0.9982395477088881,0.5976333618164062,163.31399920850728,22.679844274179263,6.2027824082102665,269.92169189453125,0.0,0.0,False,,-6.492187890389515,True,671.0
negative,/mnt/MammoDiffusion/MammoDiffusion/experiments/diffusers/02_sd21_filtered_100steps/generated_images/final/negative/gen_2115.png,gen_2115.png,116.7912,94.0,2.0,0.7622947692871094,0.9953510716555489,0.7544937133789062,148.95486030356042,22.390033870024162,6.448272245049959,212.21255493164062,0.0,0.0,False,,-8.69498691327184,False,
negative,/mnt/MammoDiffusion/MammoDiffusion/experiments/diffusers/02_sd21_filtered_100steps/generated_images/final/negative/gen_2116.png,gen_2116.png,146.8956,133.0,1.0,0.16480636596679688,0.511052473207879,0.08103179931640625,200.19193107993598,21.407207851970565,5.4684671815856465,216.0537109375,0.0,0.0,True,too_empty,,False,
negative,/mnt/MammoDiffusion/MammoDiffusion/experiments/diffusers/02_sd21_filtered_100steps/generated_images/final/negative/gen_2117.png,gen_2117.png,59.0,54.0,0.0,0.7875213623046875,0.9999903121427602,0.78082275390625,136.67674216368326,30.67574734884399,6.3385325307288,213.46620178222656,0.0,0.0,False,,-7.280616358726062,True,1062.0
negative,/mnt/MammoDiffusion/MammoDiffusion/experiments/diffusers/02_sd21_filtered_100steps/generated_images/final/negative/gen_2118.png,gen_2118.png,126.8956,113.0,1.0,0.40482330322265625,0.9925368915022332,0.4003181457519531,160.918630468549,26.198358194637297,5.35524858749923,197.61395263671875,0.0,0.0,False,,-6.470802956491686,True,659.0
negative,/mnt/MammoDiffusion/MammoDiffusion/experiments/diffusers/02_sd21_filtered_100steps/generated_images/final/negative/gen_2119.png,gen_2119.png,125.3736,67.0,6.0,0.44843292236328125,0.896507137145482,0.41353607177734375,154.60765086803315,29.6712993412364,7.231093725209953,916.259521484375,0.0,0.0,False,,-43.927947501106445,False,
negative,/mnt/MammoDiffusion/MammoDiffusion/experiments/diffusers/02_sd21_filtered_100steps/generated_images/final/negative/gen_2120.png,gen_2120.png,185.0,159.0,6.0,0.049686431884765625,0.7041842610364684,0.032867431640625,205.40273909006498,10.897164791014658,6.616925058469716,760.72412109375,0.0,0.0,True,too_empty,,False,
negative,/mnt/MammoDiffusion/MammoDiffusion/experiments/diffusers/02_sd21_filtered_100steps/generated_images/final/negative/gen_2121.png,gen_2121.png,65.6868,34.0,3.0,0.3948936462402344,0.9972372221524551,0.3972320556640625,130.47708677447855,47.96755287131473,6.3676157607870465,1088.81640625,0.0,0.0,False,,-4.628461142609243,True,74.0
negative,/mnt/MammoDiffusion/MammoDiffusion/experiments/diffusers/02_sd21_filtered_100steps/generated_images/final/negative/gen_2122.png,gen_2122.png,25.7912,3.0,2.0,0.8457832336425781,0.9988498852140341,0.8380546569824219,169.4087604863194,22.554068154565936,6.376206944601213,417.9517822265625,0.0,0.0,False,,-8.007047216349967,False,
negative,/mnt/MammoDiffusion/MammoDiffusion/experiments/diffusers/02_sd21_filtered_100steps/generated_images/final/negative/gen_2123.png,gen_2123.png,64.7912,42.0,2.0,0.7006301879882812,1.0,0.6944732666015625,157.236624700635,21.255957957558238,5.995923622512359,87.63925170898438,0.0,0.0,False,,-7.446474134409604,True,1145.0
negative,/mnt/MammoDiffusion/MammoDiffusion/experiments/diffusers/02_sd21_filtered_100steps/generated_images/final/negative/gen_2124.png,gen_2124.png,15.8956,2.0,1.0,0.7354240417480469,0.9983090146119811,0.7275352478027344,159.67739449137213,24.097171887525484,6.150123310918889,250.2146453857422,0.0,0.0,False,,-7.184345026778862,True,1000.0
negative,/mnt/MammoDiffusion/MammoDiffusion/experiments/diffusers/02_sd21_filtered_100steps/generated_images/final/negative/gen_2125.png,gen_2125.png,139.6868,108.0,3.0,0.2854804992675781,0.896267888878496,0.2698097229003906,175.21110152836886,33.75399864264045,6.556342277644511,370.3876647949219,0.0,0.0,False,,-44.318512263230396,False,
negative,/mnt/MammoDiffusion/MammoDiffusion/experiments/diffusers/02_sd21_filtered_100steps/generated_images/final/negative/gen_2126.png,gen_2126.png,134.7912,112.0,2.0,0.1938018798828125,0.9011495157861585,0.17993545532226562,180.6748288070555,36.067550042197205,5.619569724374898,624.3739624023438,0.0,0.0,False,,-41.91429990485509,False,
negative,/mnt/MammoDiffusion/MammoDiffusion/experiments/diffusers/02_sd21_filtered_100steps/generated_images/final/negative/gen_2127.png,gen_2127.png,10.0,0.0,0.0,0.8229866027832031,0.9984657529166918,0.8154067993164062,151.13385480505627,22.367948126116783,5.787870014055391,203.91238403320312,0.0,0.0,False,,-7.415837038949636,True,1130.0
negative,/mnt/MammoDiffusion/MammoDiffusion/experiments/diffusers/02_sd21_filtered_100steps/generated_images/final/negative/gen_2128.png,gen_2128.png,157.8956,144.0,1.0,0.09579849243164062,0.7745789033568271,0.07860946655273438,193.63560925898966,25.625484254787548,6.4441981775708586,836.1122436523438,0.0,0.0,True,too_empty,,False,
negative,/mnt/MammoDiffusion/MammoDiffusion/experiments/diffusers/02_sd21_filtered_100steps/generated_images/final/negative/gen_2129.png,gen_2129.png,46.5824,6.0,4.0,0.7528800964355469,0.9986572964537426,0.7440071105957031,153.98043960889473,23.03310938898526,6.741599493479983,206.78988647460938,0.0,0.0,False,,-7.678925322744718,True,1270.0
negative,/mnt/MammoDiffusion/MammoDiffusion/experiments/diffusers/02_sd21_filtered_100steps/generated_images/final/negative/gen_2130.png,gen_2130.png,114.8956,101.0,1.0,0.3459968566894531,0.8270140351264044,0.29486846923828125,158.87645217211312,39.15677260946325,5.794180162181427,526.0833129882812,0.0,0.0,False,,-68.99754287402214,False,
negative,/mnt/MammoDiffusion/MammoDiffusion/experiments/diffusers/02_sd21_filtered_100steps/generated_images/final/negative/gen_2131.png,gen_2131.png,178.0,51.0,51.0,0.04949188232421875,0.8934792662247572,0.04241180419921875,195.17305270732146,10.986528925286093,5.986923483913817,346.95806884765625,0.0,0.0,True,too_empty,,False,
negative,/mnt/MammoDiffusion/MammoDiffusion/experiments/diffusers/02_sd21_filtered_100steps/generated_images/final/negative/gen_2132.png,gen_2132.png,220.0,236.0,19.0,0.21257400512695312,0.5016778824585015,0.10265350341796875,254.83489409141583,1.5231818782140487,6.45040058997528,313.7062072753906,0.0,0.0,True,too_empty,,False,
negative,/mnt/MammoDiffusion/MammoDiffusion/experiments/diffusers/02_sd21_filtered_100steps/generated_images/final/negative/gen_2133.png,gen_2133.png,63.8956,50.0,1.0,0.7421836853027344,0.9997224492313386,0.7352981567382812,144.8720026562354,31.821842381608246,6.961056929582808,286.7770690917969,0.0,0.0,False,,-7.383681955142061,True,1115.0
negative,/mnt/MammoDiffusion/MammoDiffusion/experiments/diffusers/02_sd21_filtered_100steps/generated_images/final/negative/gen_2134.png,gen_2134.png,32.8956,19.0,1.0,0.9163856506347656,1.0,0.9062576293945312,149.57379719661574,27.484128876498268,6.462384078274377,106.9091567993164,0.0,0.0,False,,-8.776001633092461,False,
negative,/mnt/MammoDiffusion/MammoDiffusion/experiments/diffusers/02_sd21_filtered_100steps/generated_images/final/negative/gen_2135.png,gen_2135.png,96.8956,83.0,1.0,0.4267692565917969,0.9987217877094972,0.4213447570800781,164.21107620435842,21.130202652326282,5.325990886070394,173.40655517578125,0.0,0.0,False,,-4.603874832490521,True,71.0
negative,/mnt/MammoDiffusion/MammoDiffusion/experiments/diffusers/02_sd21_filtered_100steps/generated_images/final/negative/gen_2136.png,gen_2136.png,114.8956,101.0,1.0,0.3152923583984375,0.9212118279049509,0.3119773864746094,156.48359683552818,39.695350093677774,6.53870500705504,584.0856323242188,0.0,0.0,False,,-33.67387927392877,False,
negative,/mnt/MammoDiffusion/MammoDiffusion/experiments/diffusers/02_sd21_filtered_100steps/generated_images/final/negative/gen_2137.png,gen_2137.png,220.0,249.0,1.0,0.36656951904296875,0.9507045184923096,0.3436241149902344,249.06272272116698,12.469577146284669,6.015627187360941,1206.3255615234375,0.0,0.0,False,,-25.404064259225336,False,
negative,/mnt/MammoDiffusion/MammoDiffusion/experiments/diffusers/02_sd21_filtered_100steps/generated_images/final/negative/gen_2138.png,gen_2138.png,193.0,188.0,2.0,0.04674530029296875,0.5410478211196345,0.024993896484375,200.4416971916972,7.056912893465726,6.106348421062958,865.5579833984375,0.0,0.0,True,too_empty,,False,
negative,/mnt/MammoDiffusion/MammoDiffusion/experiments/diffusers/02_sd21_filtered_100steps/generated_images/final/negative/gen_2139.png,gen_2139.png,84.8956,71.0,1.0,0.7113838195800781,0.9962034479984986,0.7027473449707031,148.1970567959136,30.417390026731695,6.525988889456235,361.939697265625,0.0,0.0,False,,-7.443943192811955,True,1142.0
negative,/mnt/MammoDiffusion/MammoDiffusion/experiments/diffusers/02_sd21_filtered_100steps/generated_images/final/negative/gen_2140.png,gen_2140.png,108.47800000000001,59.0,5.0,0.56591796875,0.9968723037100949,0.5666389465332031,157.85268713688475,30.913739273819374,6.850788649169889,654.3706665039062,0.0,0.0,False,,-6.300856259399611,True,578.0
negative,/mnt/MammoDiffusion/MammoDiffusion/experiments/diffusers/02_sd21_filtered_100steps/generated_images/final/negative/gen_2141.png,gen_2141.png,10.0,0.0,0.0,0.8135757446289062,0.9985183379127319,0.8057518005371094,163.91615022985187,23.222191205996424,5.710140593314011,158.6422576904297,0.0,0.0,False,,-7.503722597348696,True,1178.0
negative,/mnt/MammoDiffusion/MammoDiffusion/experiments/diffusers/02_sd21_filtered_100steps/generated_images/final/negative/gen_2142.png,gen_2142.png,168.6428,48.0,13.0,0.28784942626953125,0.8578944578440987,0.28354644775390625,190.99025965289923,23.614613107416172,6.976914386593597,568.6740112304688,0.0,0.0,False,,-59.702042091677555,False,
negative,/mnt/MammoDiffusion/MammoDiffusion/experiments/diffusers/02_sd21_filtered_100steps/generated_images/final/negative/gen_2143.png,gen_2143.png,100.8956,87.0,1.0,0.3690223693847656,0.9969504946401067,0.3649864196777344,147.62248769322423,30.848991610756578,4.674050335132109,176.7305908203125,0.0,0.0,False,,-3.807261351603161,True,9.0
negative,/mnt/MammoDiffusion/MammoDiffusion/experiments/diffusers/02_sd21_filtered_100steps/generated_images/final/negative/gen_2144.png,gen_2144.png,36.7912,14.0,2.0,0.6839866638183594,0.9984997462396056,0.6771049499511719,152.68882078208892,22.658385971076335,6.313302028640837,320.33563232421875,0.0,0.0,False,,-6.771070861489257,True,795.0
negative,/mnt/MammoDiffusion/MammoDiffusion/experiments/diffusers/02_sd21_filtered_100steps/generated_images/final/negative/gen_2145.png,gen_2145.png,205.0,116.0,18.0,0.04894256591796875,0.7442712392829306,0.036724090576171875,215.47584917419758,8.333841066487347,6.50862095993924,544.8113403320312,0.0,0.0,True,too_empty,,False,
negative,/mnt/MammoDiffusion/MammoDiffusion/experiments/diffusers/02_sd21_filtered_100steps/generated_images/final/negative/gen_2146.png,gen_2146.png,151.6868,120.0,3.0,0.13785171508789062,0.48418518416027895,0.06362533569335938,199.36351100185863,18.625370672487435,5.48202627224493,206.80465698242188,0.0,0.0,True,too_empty,,False,
negative,/mnt/MammoDiffusion/MammoDiffusion/experiments/diffusers/02_sd21_filtered_100steps/generated_images/final/negative/gen_2147.png,gen_2147.png,74.6868,43.0,3.0,0.510101318359375,0.9592506730481604,0.6024093627929688,114.18459580288504,48.96009543464819,7.115741050713117,1429.4278564453125,0.0,0.0,False,,-21.280273272003388,False,
negative,/mnt/MammoDiffusion/MammoDiffusion/experiments/diffusers/02_sd21_filtered_100steps/generated_images/final/negative/gen_2148.png,gen_2148.png,126.7912,104.0,2.0,0.3053474426269531,0.9514897869948155,0.31328582763671875,158.94070087426638,31.167411424837432,5.686197636202764,274.90478515625,0.0,0.0,False,,-22.314550803426517,False,
negative,/mnt/MammoDiffusion/MammoDiffusion/experiments/diffusers/02_sd21_filtered_100steps/generated_images/final/negative/gen_2149.png,gen_2149.png,95.6868,64.0,3.0,0.4937400817871094,1.0,0.4881553649902344,170.5327545382794,23.741036544459718,6.206852775905174,269.5509948730469,0.0,0.0,False,,-6.090452046476656,True,490.0
negative,/mnt/MammoDiffusion/MammoDiffusion/experiments/diffusers/02_sd21_filtered_100steps/generated_images/final/negative/gen_2150.png,gen_2150.png,136.7912,114.0,2.0,0.26734161376953125,0.9253588653291858,0.3323783874511719,164.67031251793276,36.25755370543188,5.770268952218185,595.994873046875,0.0,0.0,False,,-31.572583622549892,False,
negative,/mnt/MammoDiffusion/MammoDiffusion/experiments/diffusers/02_sd21_filtered_100steps/generated_images/final/negative/gen_2151.png,gen_2151.png,110.8956,97.0,1.0,0.22083282470703125,0.7709103472102263,0.17795562744140625,161.4161629153269,42.61106403760869,6.35118443694767,962.46435546875,0.0,0.0,False,,-91.90882445596372,False,
negative,/mnt/MammoDiffusion/MammoDiffusion/experiments/diffusers/02_sd21_filtered_100steps/generated_images/final/negative/gen_2152.png,gen_2152.png,87.0,82.0,0.0,0.48907470703125,0.9996022089105204,0.4835243225097656,141.66408684607072,33.27395864088305,4.9639728559076755,206.81985473632812,0.0,0.0,False,,-3.918947014649376,True,11.0
negative,/mnt/MammoDiffusion/MammoDiffusion/experiments/diffusers/02_sd21_filtered_100steps/generated_images/final/negative/gen_2153.png,gen_2153.png,60.0,55.0,0.0,0.765777587890625,0.998505559319332,0.7582015991210938,156.2700268668431,23.44648479177932,5.805164548906391,181.27032470703125,0.0,0.0,False,,-7.091438359261743,True,944.0
negative,/mnt/MammoDiffusion/MammoDiffusion/experiments/diffusers/02_sd21_filtered_100steps/generated_images/final/negative/gen_2154.png,gen_2154.png,99.7912,77.0,2.0,0.582550048828125,0.9993451726124993,0.5768547058105469,163.06347747306887,23.36444207899703,6.182907931970747,243.04421997070312,0.0,0.0,False,,-6.3447768571605785,True,595.0
negative,/mnt/MammoDiffusion/MammoDiffusion/experiments/diffusers/02_sd21_filtered_100steps/generated_images/final/negative/gen_2155.png,gen_2155.png,195.0,185.0,1.0,0.048191070556640625,0.508905248159582,0.024555206298828125,214.59126922479416,12.79245805006323,6.1531788500324325,943.9256591796875,0.0,0.0,True,too_empty,,False,
negative,/mnt/MammoDiffusion/MammoDiffusion/experiments/diffusers/02_sd21_filtered_100steps/generated_images/final/negative/gen_2156.png,gen_2156.png,10.0,0.0,0.0,0.855224609375,0.9985369683128746,0.8446464538574219,157.62791811000864,24.160046865699087,5.99958847944597,633.060302734375,0.0,0.0,False,,-7.213419050411461,True,1018.0
negative,/mnt/MammoDiffusion/MammoDiffusion/experiments/diffusers/02_sd21_filtered_100steps/generated_images/final/negative/gen_2157.png,gen_2157.png,139.8956,126.0,1.0,0.1494140625,0.6303104575163399,0.09135818481445312,198.78253789302266,23.56206624410404,5.317597475309174,500.3416748046875,0.0,0.0,True,too_empty,,False,
negative,/mnt/MammoDiffusion/MammoDiffusion/experiments/diffusers/02_sd21_filtered_100steps/generated_images/final/negative/gen_2158.png,gen_2158.png,209.0,83.0,26.0,0.04717254638671875,0.7322497169658742,0.03472900390625,218.8060193321617,8.956700114922889,7.096035021068151,458.96063232421875,0.0,0.0,True,too_empty,,False,
negative,/mnt/MammoDiffusion/MammoDiffusion/experiments/diffusers/02_sd21_filtered_100steps/generated_images/final/negative/gen_2159.png,gen_2159.png,93.3736,35.0,6.0,0.6385345458984375,0.9661982937845007,0.6104965209960938,171.7842824829103,15.81255442338788,5.90371712033725,270.79168701171875,0.0,0.0,False,,-19.000955129690908,False,
negative,/mnt/MammoDiffusion/MammoDiffusion/experiments/diffusers/02_sd21_filtered_100steps/generated_images/final/negative/gen_2160.png,gen_2160.png,86.8956,73.0,1.0,0.3738670349121094,0.9958982521656616,0.367462158203125,166.11119300722532,23.214120237740985,5.170364049697096,260.921630859375,0.0,0.0,False,,-5.233984232345409,True,201.0
negative,/mnt/MammoDiffusion/MammoDiffusion/experiments/diffusers/02_sd21_filtered_100steps/generated_images/final/negative/gen_2161.png,gen_2161.png,140.6868,109.0,3.0,0.3919677734375,0.9445363593895982,0.41031646728515625,169.54116695487255,26.600579392472042,6.6277501670081,439.036376953125,0.0,0.0,False,,-25.638563999962145,False,
negative,/mnt/MammoDiffusion/MammoDiffusion/experiments/diffusers/02_sd21_filtered_100steps/generated_images/final/negative/gen_2162.png,gen_2162.png,201.0,173.0,3.0,0.04986572265625,0.7958996328029376,0.038707733154296875,219.89021385631222,9.78008758448201,6.770457600511808,1044.92822265625,0.0,0.0,True,too_empty,,False,
negative,/mnt/MammoDiffusion/MammoDiffusion/experiments/diffusers/02_sd21_filtered_100steps/generated_images/final/negative/gen_2163.png,gen_2163.png,129.7912,107.0,2.0,0.4390296936035156,0.9957076697164803,0.4317970275878906,172.1365897184455,24.343629032873185,6.091859978912589,176.09854125976562,0.0,0.0,False,,-6.429386263685726,True,637.0
negative,/mnt/MammoDiffusion/MammoDiffusion/experiments/diffusers/02_sd21_filtered_100steps/generated_images/final/negative/gen_2164.png,gen_2164.png,85.8956,72.0,1.0,0.3721504211425781,0.9965558596512808,0.36527252197265625,165.1908536458007,30.92618001449751,5.406752418054326,293.209228515625,0.0,0.0,False,,-4.7253970733981,True,90.0
negative,/mnt/MammoDiffusion/MammoDiffusion/experiments/diffusers/02_sd21_filtered_100steps/generated_images/final/negative/gen_2165.png,gen_2165.png,116.7912,94.0,2.0,0.21717071533203125,0.754874407166696,0.18719863891601562,166.08638151325576,39.90444918650233,5.825874720909457,699.0281982421875,0.0,0.0,False,,-97.07313179325418,False,
negative,/mnt/MammoDiffusion/MammoDiffusion/experiments/diffusers/02_sd21_filtered_100steps/generated_images/final/negative/gen_2166.png,gen_2166.png,168.1648,92.0,8.0,0.21998214721679688,0.6418228796365338,0.13851165771484375,199.73638116221426,18.352205117547253,6.665256411994955,591.6619262695312,0.0,0.0,True,fragmented_mask,,False,
negative,/mnt/MammoDiffusion/MammoDiffusion/experiments/diffusers/02_sd21_filtered_100steps/generated_images/final/negative/gen_2167.png,gen_2167.png,22.0,17.0,0.0,0.7669868469238281,0.9981597624601489,0.75732421875,156.53363253546098,24.540658968236876,5.927116525047348,229.96841430664062,0.0,0.0,False,,-7.201076354411172,True,1012.0
negative,/mnt/MammoDiffusion/MammoDiffusion/experiments/diffusers/02_sd21_filtered_100steps/generated_images/final/negative/gen_2168.png,gen_2168.png,88.8956,75.0,1.0,0.4445762634277344,0.9988073071741761,0.4401397705078125,164.28673080256544,32.49462175119373,5.486203799980202,418.85498046875,0.0,0.0,False,,-3.9245790088103316,True,12.0
negative,/mnt/MammoDiffusion/MammoDiffusion/experiments/diffusers/02_sd21_filtered_100steps/generated_images/final/negative/gen_2169.png,gen_2169.png,86.0,81.0,0.0,0.6506538391113281,0.9990795297980242,0.6446113586425781,139.0732863458022,25.716866453206396,5.72743859613143,163.12567138671875,0.0,0.0,False,,-5.873717701131925,True,406.0
negative,/mnt/MammoDiffusion/MammoDiffusion/experiments/diffusers/02_sd21_filtered_100steps/generated_images/final/negative/gen_2170.png,gen_2170.png,123.8956,110.0,1.0,0.11813735961914062,0.7112596467435177,0.0818328857421875,194.3732519112437,27.47860046803729,5.968658516266761,965.825439453125,0.0,0.0,True,too_empty,,False,
negative,/mnt/MammoDiffusion/MammoDiffusion/experiments/diffusers/02_sd21_filtered_100steps/generated_images/final/negative/gen_2171.png,gen_2171.png,128.8956,115.0,1.0,0.3543815612792969,0.9884821149850913,0.3493537902832031,167.39369519878576,27.175479400354323,5.419488349778828,177.97512817382812,0.0,0.0,False,,-8.300727181655732,False,
negative,/mnt/MammoDiffusion/MammoDiffusion/experiments/diffusers/02_sd21_filtered_100steps/generated_images/final/negative/gen_2172.png,gen_2172.png,93.8956,80.0,1.0,0.4829521179199219,0.9988072952457683,0.477783203125,151.49660673224324,25.25113049338506,5.147552546091701,120.45346069335938,0.0,0.0,False,,-4.453135009590432,True,46.0
negative,/mnt/MammoDiffusion/MammoDiffusion/experiments/diffusers/02_sd21_filtered_100steps/generated_images/final/negative/gen_2173.png,gen_2173.png,10.0,0.0,0.0,0.8468055725097656,1.0,0.838287353515625,141.628007936219,23.790640806367207,5.955845335903531,101.53006744384766,0.0,0.0,False,,-7.954405662105813,False,
negative,/mnt/MammoDiffusion/MammoDiffusion/experiments/diffusers/02_sd21_filtered_100steps/generated_images/final/negative/gen_2174.png,gen_2174.png,57.8956,44.0,1.0,0.6970596313476562,1.0,0.6905708312988281,148.30147655900436,23.08619118259994,5.901229064964282,93.77337646484375,0.0,0.0,False,,-7.0762759237828226,True,937.0
negative,/mnt/MammoDiffusion/MammoDiffusion/experiments/diffusers/02_sd21_filtered_100steps/generated_images/final/negative/gen_2175.png,gen_2175.png,19.0,14.0,0.0,0.8127098083496094,0.9990283834083559,0.8071365356445312,120.16079513767451,47.297035358399114,7.003687021244748,1496.7279052734375,0.0,0.0,False,,-7.773608995918223,True,1317.0
negative,/mnt/MammoDiffusion/MammoDiffusion/experiments/diffusers/02_sd21_filtered_100steps/generated_images/final/negative/gen_2176.png,gen_2176.png,90.8956,77.0,1.0,0.4993629455566406,0.9632634353156869,0.5344581604003906,130.72367866956924,40.211332146241645,6.249551327239377,738.6373901367188,0.0,0.0,False,,-17.4683347404654,False,
negative,/mnt/MammoDiffusion/MammoDiffusion/experiments/diffusers/02_sd21_filtered_100steps/generated_images/final/negative/gen_2177.png,gen_2177.png,97.8956,84.0,1.0,0.5499382019042969,0.9946796334704466,0.5420608520507812,154.9812805247083,26.98938476394919,5.3820197360535005,290.7221374511719,0.0,0.0,False,,-6.366926023898937,True,601.0
negative,/mnt/MammoDiffusion/MammoDiffusion/experiments/diffusers/02_sd21_filtered_100steps/generated_images/final/negative/gen_2178.png,gen_2178.png,220.0,208.0,40.0,0.307159423828125,0.9738077496274218,0.2932319641113281,248.63021504117395,5.680897098624208,6.24096867977944,1713.7281494140625,0.0,0.0,True,low_contrast,,False,
negative,/mnt/MammoDiffusion/MammoDiffusion/experiments/diffusers/02_sd21_filtered_100steps/generated_images/final/negative/gen_2179.png,gen_2179.png,139.8956,126.0,1.0,0.13743209838867188,0.7748077830516001,0.10519027709960938,190.298277425204,23.489727828191786,5.524456351923072,630.2823486328125,0.0,0.0,True,too_empty,,False,
negative,/mnt/MammoDiffusion/MammoDiffusion/experiments/diffusers/02_sd21_filtered_100steps/generated_images/final/negative/gen_2180.png,gen_2180.png,19.8956,6.0,1.0,0.7281341552734375,0.9989417213269348,0.7193336486816406,97.88887356882627,56.062075785883614,7.079934114956839,1744.400390625,0.0,0.0,False,,-7.621350140423948,True,1242.0
negative,/mnt/MammoDiffusion/MammoDiffusion/experiments/diffusers/02_sd21_filtered_100steps/generated_images/final/negative/gen_2181.png,gen_2181.png,81.0,76.0,0.0,0.4902076721191406,0.9999144002178904,0.4844779968261719,160.58965536247175,25.96666383271004,4.866297269861288,157.0146484375,0.0,0.0,False,,-4.753108404834098,True,98.0
negative,/mnt/MammoDiffusion/MammoDiffusion/experiments/diffusers/02_sd21_filtered_100steps/generated_images/final/negative/gen_2182.png,gen_2182.png,220.0,117.0,97.0,0.19667434692382812,0.5887464359834746,0.11249923706054688,253.3299989827405,8.540962082511696,6.988075406960871,1304.700927734375,0.0,0.0,True,fragmented_mask,,False,
negative,/mnt/MammoDiffusion/MammoDiffusion/experiments/diffusers/02_sd21_filtered_100steps/generated_images/final/negative/gen_2183.png,gen_2183.png,49.8956,36.0,1.0,0.8707542419433594,0.9985762037649554,0.8609275817871094,154.73274047685513,28.16243057319329,6.458492028135576,223.3999481201172,0.0,0.0,False,,-7.974674407355749,False,
negative,/mnt/MammoDiffusion/MammoDiffusion/experiments/diffusers/02_sd21_filtered_100steps/generated_images/final/negative/gen_2184.png,gen_2184.png,54.7912,32.0,2.0,0.6293296813964844,0.9982906500984998,0.6260452270507812,123.84131152735294,47.78554774367673,6.989139285988885,1261.2642822265625,0.0,0.0,False,,-6.402434848014084,True,624.0
negative,/mnt/MammoDiffusion/MammoDiffusion/experiments/diffusers/02_sd21_filtered_100steps/generated_images/final/negative/gen_2185.png,gen_2185.png,115.8956,102.0,1.0,0.3850250244140625,0.9889034201244402,0.3764076232910156,173.9623199862171,25.54577387249621,5.331325701530056,238.3328857421875,0.0,0.0,False,,-8.006561376112632,False,
negative,/mnt/MammoDiffusion/MammoDiffusion/experiments/diffusers/02_sd21_filtered_100steps/generated_images/final/negative/gen_2186.png,gen_2186.png,79.8956,66.0,1.0,0.74627685546875,0.9999897767236444,0.7400360107421875,141.39852368090064,23.71164035170778,6.208191324392371,143.3130340576172,0.0,0.0,False,,-7.445500139586304,True,1144.0
negative,/mnt/MammoDiffusion/MammoDiffusion/experiments/diffusers/02_sd21_filtered_100steps/generated_images/final/negative/gen_2187.png,gen_2187.png,174.95600000000002,81.0,10.0,0.12335968017578125,0.8136248376522976,0.10126876831054688,208.30120164237013,18.610266508033725,7.165314393270267,888.7109375,0.0,0.0,True,too_empty,,False,
negative,/mnt/MammoDiffusion/MammoDiffusion/experiments/diffusers/02_sd21_filtered_100steps/generated_images/final/negative/gen_2188.png,gen_2188.png,63.0,58.0,0.0,0.6148452758789062,0.9981511124346996,0.6079444885253906,157.4162541021152,25.83015993280593,5.549730487087524,391.7481384277344,0.0,0.0,False,,-5.607563970367874,True,304.0
negative,/mnt/MammoDiffusion/MammoDiffusion/experiments/diffusers/02_sd21_filtered_100steps/generated_images/final/negative/gen_2189.png,gen_2189.png,62.7912,40.0,2.0,0.5453262329101562,1.0,0.5396347045898438,160.98126705404985,20.5809205583728,5.840086077752796,131.28408813476562,0.0,0.0,False,,-6.313246129069192,True,584.0
negative,/mnt/MammoDiffusion/MammoDiffusion/experiments/diffusers/02_sd21_filtered_100steps/generated_images/final/negative/gen_2190.png,gen_2190.png,98.6868,67.0,3.0,0.39208984375,0.9987157534246576,0.3882484436035156,159.9379132809967,33.553338864636345,6.047016742519607,622.742919921875,0.0,0.0,False,,-3.6530059412040887,True,3.0
negative,/mnt/MammoDiffusion/MammoDiffusion/experiments/diffusers/02_sd21_filtered_100steps/generated_images/final/negative/gen_2191.png,gen_2191.png,125.8956,112.0,1.0,0.5441017150878906,0.9979597989245126,0.5376014709472656,167.56737080373804,21.27375856099773,5.3205937184751395,131.35623168945312,0.0,0.0,False,,-5.78052309874799,True,368.0
negative,/mnt/MammoDiffusion/MammoDiffusion/experiments/diffusers/02_sd21_filtered_100steps/generated_images/final/negative/gen_2192.png,gen_2192.png,26.8956,13.0,1.0,0.5204086303710938,0.9986365835422439,0.5169181823730469,107.7597983867992,55.414558364265396,6.355702679358001,1264.7509765625,0.0,0.0,False,,-5.130464497347066,True,176.0
negative,/mnt/MammoDiffusion/MammoDiffusion/experiments/diffusers/02_sd21_filtered_100steps/generated_images/final/negative/gen_2193.png,gen_2193.png,123.6868,92.0,3.0,0.19127273559570312,0.9125865060529308,0.16442108154296875,172.94276367685956,37.53605347678181,5.869157404567502,867.2649536132812,0.0,0.0,False,,-37.81687281465855,False,
negative,/mnt/MammoDiffusion/MammoDiffusion/experiments/diffusers/02_sd21_filtered_100steps/generated_images/final/negative/gen_2194.png,gen_2194.png,85.5824,45.0,4.0,0.5556297302246094,0.9949950224846383,0.5483818054199219,170.61179785050956,25.392741179057293,6.569434811131558,403.1335754394531,0.0,0.0,False,,-7.506615520334993,True,1181.0
negative,/mnt/MammoDiffusion/MammoDiffusion/experiments/diffusers/02_sd21_filtered_100steps/generated_images/final/negative/gen_2195.png,gen_2195.png,220.0,131.0,11.0,0.061275482177734375,0.6235447923800037,0.040500640869140625,228.265988508995,5.523689624770018,6.774373797091303,458.2138671875,0.0,0.0,True,too_empty,,False,
negative,/mnt/MammoDiffusion/MammoDiffusion/experiments/diffusers/02_sd21_filtered_100steps/generated_images/final/negative/gen_2196.png,gen_2196.png,145.7912,123.0,2.0,0.1408843994140625,0.5800119137875014,0.07949447631835938,207.52512116704256,21.501007533855766,5.5998584716313236,542.2670288085938,0.0,0.0,True,too_empty,,False,
negative,/mnt/MammoDiffusion/MammoDiffusion/experiments/diffusers/02_sd21_filtered_100steps/generated_images/final/negative/gen_2197.png,gen_2197.png,35.7912,13.0,2.0,0.51129150390625,0.9989853169392384,0.5088958740234375,112.33457017780576,54.60061392180372,6.5809705381318535,1473.0069580078125,0.0,0.0,False,,-5.609520401410301,True,305.0
negative,/mnt/MammoDiffusion/MammoDiffusion/experiments/diffusers/02_sd21_filtered_100steps/generated_images/final/negative/gen_2198.png,gen_2198.png,36.8956,23.0,1.0,0.836669921875,0.9985637948643128,0.8274002075195312,147.71314627151932,26.909179316751388,6.209235857298998,267.0580139160156,0.0,0.0,False,,-7.42804842996923,True,1136.0
negative,/mnt/MammoDiffusion/MammoDiffusion/experiments/diffusers/02_sd21_filtered_100steps/generated_images/final/negative/gen_2199.png,gen_2199.png,92.8956,79.0,1.0,0.5350189208984375,0.9999928699768987,0.5291976928710938,160.49147960728342,22.991922516266786,5.5975642772641825,154.82345581054688,0.0,0.0,False,,-5.865165692477202,True,402.0
negative,/mnt/MammoDiffusion/MammoDiffusion/experiments/diffusers/02_sd21_filtered_100steps/generated_images/final/negative/gen_2200.png,gen_2200.png,97.8956,84.0,1.0,0.2299346923828125,0.8813623996283761,0.194671630859375,156.3629879291425,43.94809953220463,5.5788954444304,649.7200927734375,0.0,0.0,False,,-48.913562049023,False,
negative,/mnt/MammoDiffusion/MammoDiffusion/experiments/diffusers/02_sd21_filtered_100steps/generated_images/final/negative/gen_2201.png,gen_2201.png,10.0,0.0,0.0,0.8367347717285156,0.998855683968178,0.8301887512207031,111.49939116569942,50.29017330815754,7.0158442817438775,1391.255859375,0.0,0.0,False,,-7.742767855819315,True,1305.0
negative,/mnt/MammoDiffusion/MammoDiffusion/experiments/diffusers/02_sd21_filtered_100steps/generated_images/final/negative/gen_2202.png,gen_2202.png,138.7912,116.0,2.0,0.4294776916503906,0.9886574588089,0.4220695495605469,169.71062787523837,20.81591453999034,6.32486450384791,193.83734130859375,0.0,0.0,False,,-9.359738817393463,False,
negative,/mnt/MammoDiffusion/MammoDiffusion/experiments/diffusers/02_sd21_filtered_100steps/generated_images/final/negative/gen_2203.png,gen_2203.png,220.0,211.0,32.0,0.19906997680664062,0.5245568649995209,0.09172821044921875,244.96523330283622,3.196774703314255,6.941153535209774,1015.7133178710938,0.0,0.0,True,too_empty,,False,
negative,/mnt/MammoDiffusion/MammoDiffusion/experiments/diffusers/02_sd21_filtered_100steps/generated_images/final/negative/gen_2204.png,gen_2204.png,101.7912,79.0,2.0,0.5698661804199219,0.9999598358625583,0.5642356872558594,166.43738464346802,23.437818008614883,6.259439942906482,219.83335876464844,0.0,0.0,False,,-6.643773168178003,True,732.0
negative,/mnt/MammoDiffusion/MammoDiffusion/experiments/diffusers/02_sd21_filtered_100steps/generated_images/final/negative/gen_2205.png,gen_2205.png,213.6868,182.0,3.0,0.050201416015625,0.6866261398176292,0.040920257568359375,224.7283490258227,9.135863810102965,6.770647709921821,651.5096435546875,0.0,0.0,True,too_empty,,False,
negative,/mnt/MammoDiffusion/MammoDiffusion/experiments/diffusers/02_sd21_filtered_100steps/generated_images/final/negative/gen_2206.png,gen_2206.png,78.8956,65.0,1.0,0.7219429016113281,0.9983989685764558,0.7145957946777344,138.5473690391668,28.641777991465784,6.107347596222126,255.12734985351562,0.0,0.0,False,,-6.404168621668451,True,625.0
negative,/mnt/MammoDiffusion/MammoDiffusion/experiments/diffusers/02_sd21_filtered_100steps/generated_images/final/negative/gen_2207.png,gen_2207.png,220.0,37.0,26.0,0.11948394775390625,0.7187280505714833,0.08621978759765625,249.34514644721705,33.66441487125906,7.212758049879697,1289.9857177734375,0.0,0.0,True,too_empty,,False,
negative,/mnt/MammoDiffusion/MammoDiffusion/experiments/diffusers/02_sd21_filtered_100steps/generated_images/final/negative/gen_2208.png,gen_2208.png,10.0,0.0,0.0,0.8566627502441406,0.9987130904087386,0.8478279113769531,146.96115687977215,23.22858048784436,5.8522563712796565,207.66148376464844,0.0,0.0,False,,-7.470776839886635,True,1160.0
negative,/mnt/MammoDiffusion/MammoDiffusion/experiments/diffusers/02_sd21_filtered_100steps/generated_images/final/negative/gen_2209.png,gen_2209.png,101.8956,88.0,1.0,0.43119049072265625,1.0,0.4255714416503906,171.38711556906088,24.733125744131613,5.189679714095399,177.3701171875,0.0,0.0,False,,-4.890764014611205,True,115.0
negative,/mnt/MammoDiffusion/MammoDiffusion/experiments/diffusers/02_sd21_filtered_100steps/generated_images/final/negative/gen_2210.png,gen_2210.png,19.8956,6.0,1.0,0.7252998352050781,0.9979277663530266,0.7173690795898438,153.16913758813956,28.350726284550973,6.4782205300622575,363.9388427734375,0.0,0.0,False,,-7.043882841098109,True,922.0
negative,/mnt/MammoDiffusion/MammoDiffusion/experiments/diffusers/02_sd21_filtered_100steps/generated_images/final/negative/gen_2211.png,gen_2211.png,193.0,183.0,3.0,0.04852294921875,0.702437106918239,0.03632354736328125,210.83175803402648,11.468304111713786,5.8656820083564885,831.7550659179688,0.0,0.0,True,too_empty,,False,
negative,/mnt/MammoDiffusion/MammoDiffusion/experiments/diffusers/02_sd21_filtered_100steps/generated_images/final/negative/gen_2212.png,gen_2212.png,88.0,83.0,0.0,0.59368896484375,0.9996851547239642,0.58770751953125,137.9777884515526,26.384410393226936,5.343396128705704,201.51332092285156,0.0,0.0,False,,-5.288021931751815,True,214.0
negative,/mnt/MammoDiffusion/MammoDiffusion/experiments/diffusers/02_sd21_filtered_100steps/generated_images/final/negative/gen_2213.png,gen_2213.png,104.5824,64.0,4.0,0.6612663269042969,0.996261833201613,0.7068710327148438,146.90865182243041,37.18739790722041,7.1869421769616695,861.697509765625,0.0,0.0,False,,-7.407619685755397,True,1124.0
negative,/mnt/MammoDiffusion/MammoDiffusion/experiments/diffusers/02_sd21_filtered_100steps/generated_images/final/negative/gen_2214.png,gen_2214.png,183.0,178.0,0.0,0.06582260131835938,0.7222254419008983,0.0484619140625,205.3735831234257,11.397897741666595,5.806820456188458,628.2835693359375,0.0,0.0,True,too_empty,,False,
negative,/mnt/MammoDiffusion/MammoDiffusion/experiments/diffusers/02_sd21_filtered_100steps/generated_images/final/negative/gen_2215.png,gen_2215.png,14.8956,1.0,1.0,0.8943367004394531,0.9991042675254324,0.8880424499511719,120.29809059472927,43.16751801000387,7.050868652923756,1024.3223876953125,0.0,0.0,False,,-7.54163046235909,True,1200.0
negative,/mnt/MammoDiffusion/MammoDiffusion/experiments/diffusers/02_sd21_filtered_100steps/generated_images/final/negative/gen_2216.png,gen_2216.png,95.7912,73.0,2.0,0.4192314147949219,0.9464235343360722,0.4631156921386719,140.15958419478926,44.94772098894483,6.425785838932672,782.6862182617188,0.0,0.0,False,,-24.004820763979215,False,
negative,/mnt/MammoDiffusion/MammoDiffusion/experiments/diffusers/02_sd21_filtered_100steps/generated_images/final/negative/gen_2217.png,gen_2217.png,132.8956,119.0,1.0,0.15942764282226562,0.6944225109468093,0.11226654052734375,192.11848453958547,29.712633097039866,5.8910712568686785,722.1704711914062,0.0,0.0,True,fragmented_mask,,False,
negative,/mnt/MammoDiffusion/MammoDiffusion/experiments/diffusers/02_sd21_filtered_100steps/generated_images/final/negative/gen_2218.png,gen_2218.png,31.8956,18.0,1.0,0.7196998596191406,0.9993533511780139,0.7141036987304688,151.10928001367537,20.09150950659438,6.1162848289992375,369.1258544921875,0.0,0.0,False,,-7.016749948838743,True,913.0
negative,/mnt/MammoDiffusion/MammoDiffusion/experiments/diffusers/02_sd21_filtered_100steps/generated_images/final/negative/gen_2219.png,gen_2219.png,97.8956,84.0,1.0,0.4335174560546875,0.994887543557073,0.42852783203125,160.4394228030195,33.543366768628765,5.601814320409471,484.9056396484375,0.0,0.0,False,,-5.19302495612628,True,192.0
negative,/mnt/MammoDiffusion/MammoDiffusion/experiments/diffusers/02_sd21_filtered_100steps/generated_images/final/negative/gen_2220.png,gen_2220.png,10.0,0.0,0.0,0.7358360290527344,0.9990668498405868,0.7311935424804688,101.13596761234987,52.728800811526966,6.71645783599133,1670.7264404296875,0.0,0.0,False,,-7.221105167014044,True,1026.0
negative,/mnt/MammoDiffusion/MammoDiffusion/experiments/diffusers/02_sd21_filtered_100steps/generated_images/final/negative/gen_2221.png,gen_2221.png,220.0,86.0,73.0,0.20070266723632812,0.6676296732746659,0.13288497924804688,254.15263384527057,5.831112993090224,6.799514990222501,1381.807373046875,0.0,0.0,True,low_contrast,,False,
negative,/mnt/MammoDiffusion/MammoDiffusion/experiments/diffusers/02_sd21_filtered_100steps/generated_images/final/negative/gen_2222.png,gen_2222.png,77.47800000000001,28.0,5.0,0.6511955261230469,0.9988225438909946,0.64117431640625,163.85988814850072,23.556118544494996,6.725168171882288,751.7269897460938,0.0,0.0,False,,-6.5249605787307825,True,683.0
negative,/mnt/MammoDiffusion/MammoDiffusion/experiments/diffusers/02_sd21_filtered_100steps/generated_images/final/negative/gen_2223.png,gen_2223.png,10.0,0.0,0.0,0.7783470153808594,1.0,0.7707786560058594,154.7009774566331,37.650729260631564,6.204155150066894,144.30889892578125,0.0,0.0,False,,-7.13609497613478,True,965.0
negative,/mnt/MammoDiffusion/MammoDiffusion/experiments/diffusers/02_sd21_filtered_100steps/generated_images/final/negative/gen_2224.png,gen_2224.png,162.8956,149.0,1.0,0.11928939819335938,0.5241277861277222,0.05937957763671875,200.67544648593088,17.47764923468213,4.274575669522029,144.9204864501953,0.0,0.0,True,too_empty,,False,
negative,/mnt/MammoDiffusion/MammoDiffusion/experiments/diffusers/02_sd21_filtered_100steps/generated_images/final/negative/gen_2225.png,gen_2225.png,14.8956,1.0,1.0,0.7695655822753906,0.998294809578808,0.76129150390625,147.9692385552794,23.517113316773447,6.074631353498399,241.81906127929688,0.0,0.0,False,,-7.190296476315228,True,1004.0
negative,/mnt/MammoDiffusion/MammoDiffusion/experiments/diffusers/02_sd21_filtered_100steps/generated_images/final/negative/gen_2226.png,gen_2226.png,57.8956,44.0,1.0,0.5438308715820312,1.0,0.5380439758300781,161.54683257116523,27.037655293459796,5.810645351159275,245.55166625976562,0.0,0.0,False,,-5.788415396140098,True,372.0
negative,/mnt/MammoDiffusion/MammoDiffusion/experiments/diffusers/02_sd21_filtered_100steps/generated_images/final/negative/gen_2227.png,gen_2227.png,128.0,123.0,0.0,0.1783905029296875,0.8293345308356855,0.13671875,178.0037109375,37.259699759717606,4.475311113926919,539.9512939453125,0.0,0.0,False,,-68.4881950681145,False,
negative,/mnt/MammoDiffusion/MammoDiffusion/experiments/diffusers/02_sd21_filtered_100steps/generated_images/final/negative/gen_2228.png,gen_2228.png,10.0,0.0,0.0,0.8410415649414062,0.9991926485662709,0.8356475830078125,89.17944855290789,49.294581034170086,6.8355674783596,1083.7144775390625,0.0,0.0,False,,-6.900613258837858,True,849.0
negative,/mnt/MammoDiffusion/MammoDiffusion/experiments/diffusers/02_sd21_filtered_100steps/generated_images/final/negative/gen_2229.png,gen_2229.png,82.5824,42.0,4.0,0.29170989990234375,0.9355825814044724,0.3192939758300781,131.38275528368837,49.662140990883906,6.481186419569619,1345.0284423828125,0.0,0.0,False,,-28.93988751715606,False,
negative,/mnt/MammoDiffusion/MammoDiffusion/experiments/diffusers/02_sd21_filtered_100steps/generated_images/final/negative/gen_2230.png,gen_2230.png,107.8956,94.0,1.0,0.2978782653808594,0.9888329683558083,0.306610107421875,153.94320443913605,39.47175610247391,5.300748898318095,323.415771484375,0.0,0.0,False,,-7.292972787919258,True,1071.0
negative,/mnt/MammoDiffusion/MammoDiffusion/experiments/diffusers/02_sd21_filtered_100steps/generated_images/final/negative/gen_2231.png,gen_2231.png,220.0,141.0,91.0,0.23162460327148438,0.5498937729541,0.12635421752929688,251.92953536817316,13.075762381667374,6.711781791499207,1507.1851806640625,0.0,0.0,True,fragmented_mask,,False,
negative,/mnt/MammoDiffusion/MammoDiffusion/experiments/diffusers/02_sd21_filtered_100steps/generated_images/final/negative/gen_2232.png,gen_2232.png,128.8956,115.0,1.0,0.4763221740722656,0.995282905537981,0.4695587158203125,166.62682383907972,22.595161966753828,6.253516806308956,169.20240783691406,0.0,0.0,False,,-6.98876872093943,True,903.0
negative,/mnt/MammoDiffusion/MammoDiffusion/experiments/diffusers/02_sd21_filtered_100steps/generated_images/final/negative/gen_2233.png,gen_2233.png,168.8956,155.0,1.0,0.0751800537109375,0.787598944591029,0.058605194091796875,203.0183557898848,18.534083690898466,5.505642796429912,595.921630859375,0.0,0.0,True,too_empty,,False,
negative,/mnt/MammoDiffusion/MammoDiffusion/experiments/diffusers/02_sd21_filtered_100steps/generated_images/final/negative/gen_2234.png,gen_2234.png,153.2692,86.0,7.0,0.4050445556640625,0.9663213411188548,0.3997840881347656,176.90864590986726,20.8320577882235,6.762446402921581,258.0863952636719,0.0,0.0,False,,-18.095406016310285,False,
negative,/mnt/MammoDiffusion/MammoDiffusion/experiments/diffusers/02_sd21_filtered_100steps/generated_images/final/negative/gen_2235.png,gen_2235.png,28.8956,15.0,1.0,0.7478179931640625,0.9983778489665164,0.7401161193847656,154.83438049243108,25.127548796740367,6.2193977344594,264.12890625,0.0,0.0,False,,-7.142779274652709,True,973.0
negative,/mnt/MammoDiffusion/MammoDiffusion/experiments/diffusers/02_sd21_filtered_100steps/generated_images/final/negative/gen_2236.png,gen_2236.png,10.0,0.0,0.0,0.887725830078125,0.9986120182887002,0.8803062438964844,136.0175458362764,32.53985156622606,6.5386970558414435,479.4804382324219,0.0,0.0,False,,-7.255327517390482,True,1048.0
negative,/mnt/MammoDiffusion/MammoDiffusion/experiments/diffusers/02_sd21_filtered_100steps/generated_images/final/negative/gen_2237.png,gen_2237.png,151.7912,129.0,2.0,0.1849517822265625,0.3973269532216814,0.0966949462890625,162.64951869970017,15.725935479800706,6.036410312399433,272.0595703125,0.0,0.0,True,too_empty,,False,
negative,/mnt/MammoDiffusion/MammoDiffusion/experiments/diffusers/02_sd21_filtered_100steps/generated_images/final/negative/gen_2238.png,gen_2238.png,203.0,76.0,23.0,0.04907989501953125,0.3521685061402145,0.029033660888671875,212.37564052029956,11.297188475401903,7.022222404900864,539.576171875,0.0,0.0,True,too_empty,,False,
negative,/mnt/MammoDiffusion/MammoDiffusion/experiments/diffusers/02_sd21_filtered_100steps/generated_images/final/negative/gen_2239.png,gen_2239.png,69.0,64.0,0.0,0.5091094970703125,0.999955042709426,0.5038108825683594,157.42071310128642,20.168374452034946,4.82654370176592,170.04954528808594,0.0,0.0,False,,-5.104362241407699,True,169.0
negative,/mnt/MammoDiffusion/MammoDiffusion/experiments/diffusers/02_sd21_filtered_100steps/generated_images/final/negative/gen_2240.png,gen_2240.png,141.7912,119.0,2.0,0.3883247375488281,0.9239761486094875,0.36736297607421875,174.30807252185832,30.42765596215497,6.589626974444783,530.8870849609375,0.0,0.0,False,,-33.124229297120976,False,
negative,/mnt/MammoDiffusion/MammoDiffusion/experiments/diffusers/02_sd21_filtered_100steps/generated_images/final/negative/gen_2241.png,gen_2241.png,162.3736,104.0,6.0,0.25791168212890625,0.8493122319183553,0.23992919921875,189.19886797252607,23.29300706900207,6.860352328195289,512.6350708007812,0.0,0.0,False,,-63.21456999187815,False,
negative,/mnt/MammoDiffusion/MammoDiffusion/experiments/diffusers/02_sd21_filtered_100steps/generated_images/final/negative/gen_2242.png,gen_2242.png,212.0,180.0,22.0,0.037693023681640625,0.4521809533448032,0.015186309814453125,216.01532278322028,2.9654319777945997,6.717475006876344,1039.8209228515625,0.0,0.0,True,too_empty,,False,
negative,/mnt/MammoDiffusion/MammoDiffusion/experiments/diffusers/02_sd21_filtered_100steps/generated_images/final/negative/gen_2243.png,gen_2243.png,220.0,238.0,2.0,0.40088653564453125,0.9670377771434009,0.3798980712890625,239.7295658111419,8.509474757358339,6.043983356600599,1237.172119140625,0.0,0.0,False,,-19.075532003460953,False,
negative,/mnt/MammoDiffusion/MammoDiffusion/experiments/diffusers/02_sd21_filtered_100steps/generated_images/final/negative/gen_2244.png,gen_2244.png,199.0,194.0,2.0,0.046108245849609375,0.6066848680400431,0.02748870849609375,213.77615875659174,7.273987889461994,5.530203021535874,1101.5718994140625,0.0,0.0,True,too_empty,,False,
negative,/mnt/MammoDiffusion/MammoDiffusion/experiments/diffusers/02_sd21_filtered_100steps/generated_images/final/negative/gen_2245.png,gen_2245.png,10.0,0.0,0.0,0.8246078491210938,0.9984965258181212,0.8173255920410156,162.82915844056436,26.82486381258925,6.18252982911401,592.7330932617188,0.0,0.0,False,,-7.200770826421029,True,1011.0
negative,/mnt/MammoDiffusion/MammoDiffusion/experiments/diffusers/02_sd21_filtered_100steps/generated_images/final/negative/gen_2246.png,gen_2246.png,209.0,189.0,7.0,0.045116424560546875,0.391308024012852,0.01703643798828125,211.96618898343036,2.204090492347023,6.855006170710668,954.228271484375,0.0,0.0,True,too_empty,,False,
negative,/mnt/MammoDiffusion/MammoDiffusion/experiments/diffusers/02_sd21_filtered_100steps/generated_images/final/negative/gen_2247.png,gen_2247.png,99.7912,77.0,2.0,0.6945114135742188,0.9979402621085125,0.687103271484375,157.22039196091495,26.536668208471962,6.710967544304324,251.49859619140625,0.0,0.0,False,,-7.349936566837803,True,1103.0
negative,/mnt/MammoDiffusion/MammoDiffusion/experiments/diffusers/02_sd21_filtered_100steps/generated_images/final/negative/gen_2248.png,gen_2248.png,121.0,116.0,0.0,0.332977294921875,0.9717143249931262,0.3192901611328125,166.19614097968937,25.668912286797294,3.908546008780519,214.90631103515625,0.0,0.0,False,,-13.59796450774928,False,
negative,/mnt/MammoDiffusion/MammoDiffusion/experiments/diffusers/02_sd21_filtered_100steps/generated_images/final/negative/gen_2249.png,gen_2249.png,39.8956,26.0,1.0,0.6961135864257812,0.9987122017514056,0.6913795471191406,141.57061040272345,37.30172752832367,6.593200763849561,908.4732055664062,0.0,0.0,False,,-5.83269415282203,True,383.0
negative,/mnt/MammoDiffusion/MammoDiffusion/experiments/diffusers/02_sd21_filtered_100steps/generated_images/final/negative/gen_2250.png,gen_2250.png,42.7912,20.0,2.0,0.25160980224609375,0.9857939901149216,0.2587394714355469,130.2377519276984,62.136440021880894,5.827496621433231,1368.068115234375,0.0,0.0,False,,-10.424482635946186,False,
negative,/mnt/MammoDiffusion/MammoDiffusion/experiments/diffusers/02_sd21_filtered_100steps/generated_images/final/negative/gen_2251.png,gen_2251.png,127.3736,69.0,6.0,0.2780189514160156,0.8046267202700292,0.23859786987304688,166.83314947159735,32.64908464252432,7.07806524335449,556.1428833007812,0.0,0.0,False,,-79.40927385630398,False,
negative,/mnt/MammoDiffusion/MammoDiffusion/experiments/diffusers/02_sd21_filtered_100steps/generated_images/final/negative/gen_2252.png,gen_2252.png,33.7912,11.0,2.0,0.8237037658691406,0.9922983943796341,0.8217124938964844,100.43905258417786,51.70775215629404,7.427481755827568,1412.7327880859375,0.0,0.0,False,,-10.369206177503242,False,
negative,/mnt/MammoDiffusion/MammoDiffusion/experiments/diffusers/02_sd21_filtered_100steps/generated_images/final/negative/gen_2253.png,gen_2253.png,78.8956,65.0,1.0,0.4380950927734375,0.9970307547629829,0.4448432922363281,141.74718084604632,44.78168255663146,5.882816689920897,947.5582885742188,0.0,0.0,False,,-4.456989071873961,True,47.0
negative,/mnt/MammoDiffusion/MammoDiffusion/experiments/diffusers/02_sd21_filtered_100steps/generated_images/final/negative/gen_2254.png,gen_2254.png,159.3736,101.0,6.0,0.16752243041992188,0.6285323921211431,0.09609603881835938,200.41927672581477,19.909650235276516,6.72800917983589,805.0084228515625,0.0,0.0,True,too_empty,,False,
negative,/mnt/MammoDiffusion/MammoDiffusion/experiments/diffusers/02_sd21_filtered_100steps/generated_images/final/negative/gen_2255.png,gen_2255.png,133.7912,111.0,2.0,0.3577384948730469,0.9632220433146014,0.3995552062988281,167.469520054229,33.97995838921687,5.890685350278943,686.2239990234375,0.0,0.0,False,,-17.09005947304872,False,
negative,/mnt/MammoDiffusion/MammoDiffusion/experiments/diffusers/02_sd21_filtered_100steps/generated_images/final/negative/gen_2256.png,gen_2256.png,57.6868,26.0,3.0,0.6770172119140625,0.9982082084338164,0.6927375793457031,129.25500421262467,47.03850020778199,7.315438239668507,1368.0224609375,0.0,0.0,False,,-7.356997807214721,True,1104.0
negative,/mnt/MammoDiffusion/MammoDiffusion/experiments/diffusers/02_sd21_filtered_100steps/generated_images/final/negative/gen_2257.png,gen_2257.png,58.6868,27.0,3.0,0.3003807067871094,0.9944883989687973,0.3153495788574219,124.18707585856508,54.35379698878417,6.245589785078989,1372.939453125,0.0,0.0,False,,-6.578540835001721,True,700.0
negative,/mnt/MammoDiffusion/MammoDiffusion/experiments/diffusers/02_sd21_filtered_100steps/generated_images/final/negative/gen_2258.png,gen_2258.png,21.8956,8.0,1.0,0.6600227355957031,0.9989076470486241,0.6579208374023438,99.93304922595235,54.35785244945314,6.793473372410313,1793.431396484375,0.0,0.0,False,,-6.960576786805494,True,884.0
negative,/mnt/MammoDiffusion/MammoDiffusion/experiments/diffusers/02_sd21_filtered_100steps/generated_images/final/negative/gen_2259.png,gen_2259.png,208.0,153.0,52.0,0.0478363037109375,0.6102870813397129,0.02959442138671875,221.87819025522043,9.175229002491143,7.034520343850698,1237.3504638671875,0.0,0.0,True,too_empty,,False,
negative,/mnt/MammoDiffusion/MammoDiffusion/experiments/diffusers/02_sd21_filtered_100steps/generated_images/final/negative/gen_2260.png,gen_2260.png,161.3736,103.0,6.0,0.120697021484375,0.5064791403286979,0.059001922607421875,207.79892674726838,18.890295323223267,6.1723184652925465,290.4754333496094,0.0,0.0,True,too_empty,,False,
negative,/mnt/MammoDiffusion/MammoDiffusion/experiments/diffusers/02_sd21_filtered_100steps/generated_images/final/negative/gen_2261.png,gen_2261.png,102.7912,80.0,2.0,0.24134063720703125,0.8060095469920653,0.20052719116210938,158.90528278197348,39.6718801484614,6.341526606881619,1085.4359130859375,0.0,0.0,False,,-78.39103231340715,False,
negative,/mnt/MammoDiffusion/MammoDiffusion/experiments/diffusers/02_sd21_filtered_100steps/generated_images/final/negative/gen_2262.png,gen_2262.png,113.7912,91.0,2.0,0.27744293212890625,0.875182180668225,0.2502708435058594,161.59463167040101,41.947634130720516,6.424070827276788,789.0422973632812,0.0,0.0,False,,-51.65401056384674,False,
negative,/mnt/MammoDiffusion/MammoDiffusion/experiments/diffusers/02_sd21_filtered_100steps/generated_images/final/negative/gen_2263.png,gen_2263.png,115.7912,93.0,2.0,0.52996826171875,0.9895053552919498,0.52197265625,159.8550704513564,27.366641697590904,6.291414080653086,391.0435791015625,0.0,0.0,False,,-8.89671758573822,False,
negative,/mnt/MammoDiffusion/MammoDiffusion/experiments/diffusers/02_sd21_filtered_100steps/generated_images/final/negative/gen_2264.png,gen_2264.png,74.8956,61.0,1.0,0.6421356201171875,0.9989782097283939,0.6383438110351562,144.25199297230753,36.6718260442709,6.240747997983087,602.4501342773438,0.0,0.0,False,,-5.145841064499814,True,179.0
negative,/mnt/MammoDiffusion/MammoDiffusion/experiments/diffusers/02_sd21_filtered_100steps/generated_images/final/negative/gen_2265.png,gen_2265.png,98.8956,85.0,1.0,0.3188667297363281,0.7563196114321262,0.2576866149902344,146.86553863007208,45.789381535839965,5.97507892758785,854.4884033203125,0.0,0.0,False,,-96.36030004187384,False,
negative,/mnt/MammoDiffusion/MammoDiffusion/experiments/diffusers/02_sd21_filtered_100steps/generated_images/final/negative/gen_2266.png,gen_2266.png,170.06040000000002,85.0,9.0,0.10283279418945312,0.8270579070371332,0.08436965942382812,197.1422887371705,16.882958333960868,6.693906583518413,769.7156372070312,0.0,0.0,True,too_empty,,False,
negative,/mnt/MammoDiffusion/MammoDiffusion/experiments/diffusers/02_sd21_filtered_100steps/generated_images/final/negative/gen_2267.png,gen_2267.png,131.8956,118.0,1.0,0.45012664794921875,0.9974660587467584,0.44403076171875,180.762706185567,22.69692492977022,5.623673621078834,290.9235534667969,0.0,0.0,False,,-5.536175177815016,True,279.0
negative,/mnt/MammoDiffusion/MammoDiffusion/experiments/diffusers/02_sd21_filtered_100steps/generated_images/final/negative/gen_2268.png,gen_2268.png,28.8956,15.0,1.0,0.8352622985839844,1.0,0.8291397094726562,148.602744831013,27.217953615366188,6.255647981080099,320.6492004394531,0.0,0.0,False,,-7.793725194048394,True,1330.0
negative,/mnt/MammoDiffusion/MammoDiffusion/experiments/diffusers/02_sd21_filtered_100steps/generated_images/final/negative/gen_2269.png,gen_2269.png,10.0,4.0,0.0,0.8528404235839844,0.998617863996028,0.8454627990722656,141.50172582602772,37.33096975715139,6.837099600773373,702.629150390625,0.0,0.0,False,,-6.839270387516721,True,820.0
negative,/mnt/MammoDiffusion/MammoDiffusion/experiments/diffusers/02_sd21_filtered_100steps/generated_images/final/negative/gen_2270.png,gen_2270.png,10.0,0.0,0.0,0.7962150573730469,0.9981554500462335,0.7899818420410156,134.79659952967083,34.94321541595224,6.344967968538283,527.888671875,0.0,0.0,False,,-6.439633620325644,True,639.0
negative,/mnt/MammoDiffusion/MammoDiffusion/experiments/diffusers/02_sd21_filtered_100steps/generated_images/final/negative/gen_2271.png,gen_2271.png,116.6868,85.0,3.0,0.2954444885253906,0.950806337073429,0.27185821533203125,160.9990738921786,37.66095625899362,6.18410343083861,848.1575927734375,0.0,0.0,False,,-22.613721482554038,False,
negative,/mnt/MammoDiffusion/MammoDiffusion/experiments/diffusers/02_sd21_filtered_100steps/generated_images/final/negative/gen_2272.png,gen_2272.png,129.7912,107.0,2.0,0.21417617797851562,0.7000979606376347,0.16062545776367188,181.6241717529152,41.78135935043529,6.078370969547636,847.942626953125,0.0,0.0,True,fragmented_mask,,False,
negative,/mnt/MammoDiffusion/MammoDiffusion/experiments/diffusers/02_sd21_filtered_100steps/generated_images/final/negative/gen_2273.png,gen_2273.png,78.8956,65.0,1.0,0.7348060607910156,1.0,0.7283058166503906,156.74123852273976,25.499819158390746,6.33674812986103,131.663330078125,0.0,0.0,False,,-7.66797002438055,True,1265.0
negative,/mnt/MammoDiffusion/MammoDiffusion/experiments/diffusers/02_sd21_filtered_100steps/generated_images/final/negative/gen_2274.png,gen_2274.png,116.7912,94.0,2.0,0.3781089782714844,0.9504030508782373,0.3734779357910156,159.47999591440683,38.825240055003114,6.251309433120899,822.8861694335938,0.0,0.0,False,,-22.014597879550056,False,
negative,/mnt/MammoDiffusion/MammoDiffusion/experiments/diffusers/02_sd21_filtered_100steps/generated_images/final/negative/gen_2275.png,gen_2275.png,102.6868,71.0,3.0,0.3745384216308594,1.0,0.3693504333496094,170.01551284302283,20.316827011505367,5.89015955931907,360.2091369628906,0.0,0.0,False,,-5.29864630482566,True,217.0
negative,/mnt/MammoDiffusion/MammoDiffusion/experiments/diffusers/02_sd21_filtered_100steps/generated_images/final/negative/gen_2276.png,gen_2276.png,220.0,91.0,78.0,0.21097183227539062,0.5604918180996293,0.11632537841796875,249.37318816816423,2.4573166030703413,6.939493605468314,1732.2161865234375,0.0,0.0,True,low_contrast,,False,
negative,/mnt/MammoDiffusion/MammoDiffusion/experiments/diffusers/02_sd21_filtered_100steps/generated_images/final/negative/gen_2277.png,gen_2277.png,98.8956,85.0,1.0,0.31916046142578125,0.9880118566681806,0.337066650390625,146.47818017202354,40.852679756848985,4.500532577713676,472.10504150390625,0.0,0.0,False,,-6.467074642034748,True,656.0
negative,/mnt/MammoDiffusion/MammoDiffusion/experiments/diffusers/02_sd21_filtered_100steps/generated_images/final/negative/gen_2278.png,gen_2278.png,120.8956,107.0,1.0,0.20149993896484375,0.6506758547574875,0.12897872924804688,181.53657093845197,34.656915005710054,6.581519004279507,842.3164672851562,0.0,0.0,True,fragmented_mask,,False,
negative,/mnt/MammoDiffusion/MammoDiffusion/experiments/diffusers/02_sd21_filtered_100steps/generated_images/final/negative/gen_2279.png,gen_2279.png,212.0,88.0,33.0,0.049884796142578125,0.8071423109275828,0.037662506103515625,222.46986731489923,6.817388334668958,6.782516290946264,532.7215576171875,0.0,0.0,True,too_empty,,False,
negative,/mnt/MammoDiffusion/MammoDiffusion/experiments/diffusers/02_sd21_filtered_100steps/generated_images/final/negative/gen_2280.png,gen_2280.png,143.5824,103.0,4.0,0.16200637817382812,0.6753867526901975,0.10819625854492188,203.17240771427564,24.19133100797817,6.395748908869695,628.9352416992188,0.0,0.0,True,too_empty,,False,
negative,/mnt/MammoDiffusion/MammoDiffusion/experiments/diffusers/02_sd21_filtered_100steps/generated_images/final/negative/gen_2281.png,gen_2281.png,104.7912,82.0,2.0,0.2159271240234375,0.6219701787859515,0.13566970825195312,182.2011528187825,39.55557371773675,5.8611879317198206,988.22119140625,0.0,0.0,True,fragmented_mask,,False,
negative,/mnt/MammoDiffusion/MammoDiffusion/experiments/diffusers/02_sd21_filtered_100steps/generated_images/final/negative/gen_2282.png,gen_2282.png,100.3736,42.0,6.0,0.2838478088378906,0.8755795669878643,0.2596092224121094,148.31321725075307,46.50645538516762,7.145295224350111,949.1890869140625,0.0,0.0,False,,-52.27521431113406,False,
negative,/mnt/MammoDiffusion/MammoDiffusion/experiments/diffusers/02_sd21_filtered_100steps/generated_images/final/negative/gen_2283.png,gen_2283.png,124.8956,111.0,1.0,0.2008514404296875,0.8051546000151941,0.16758346557617188,173.08078577769683,41.486162618561224,5.226801280674968,630.95703125,0.0,0.0,False,,-77.90136608403651,False,
negative,/mnt/MammoDiffusion/MammoDiffusion/experiments/diffusers/02_sd21_filtered_100steps/generated_images/final/negative/gen_2284.png,gen_2284.png,10.0,0.0,0.0,0.8965988159179688,0.9986640458138684,0.8862876892089844,159.0359653087137,21.309371981686894,5.86044168015999,214.3416290283203,0.0,0.0,False,,-8.06264260327165,False,
negative,/mnt/MammoDiffusion/MammoDiffusion/experiments/diffusers/02_sd21_filtered_100steps/generated_images/final/negative/gen_2285.png,gen_2285.png,163.0,158.0,0.0,0.07581329345703125,0.7743785850860421,0.058322906494140625,202.43449538884164,21.15112710278327,5.751886901233515,546.322998046875,0.0,0.0,True,too_empty,,False,
negative,/mnt/MammoDiffusion/MammoDiffusion/experiments/diffusers/02_sd21_filtered_100steps/generated_images/final/negative/gen_2286.png,gen_2286.png,100.8956,87.0,1.0,0.4987678527832031,0.9936749038233562,0.4910469055175781,153.88205865216548,28.695661244899938,6.027395599415291,293.88397216796875,0.0,0.0,False,,-6.834773490137663,True,818.0
negative,/mnt/MammoDiffusion/MammoDiffusion/experiments/diffusers/02_sd21_filtered_100steps/generated_images/final/negative/gen_2287.png,gen_2287.png,48.6868,17.0,3.0,0.672271728515625,1.0,0.666015625,158.8954648552053,20.47449238206968,6.38442706911693,447.6534423828125,0.0,0.0,False,,-7.176429812227337,True,995.0
negative,/mnt/MammoDiffusion/MammoDiffusion/experiments/diffusers/02_sd21_filtered_100steps/generated_images/final/negative/gen_2288.png,gen_2288.png,112.8956,99.0,1.0,0.38608551025390625,0.9999802391068077,0.38051605224609375,174.17633082706766,23.687019280119838,5.7093565442595455,97.93548583984375,0.0,0.0,False,,-5.302737146792303,True,219.0
negative,/mnt/MammoDiffusion/MammoDiffusion/experiments/diffusers/02_sd21_filtered_100steps/generated_images/final/negative/gen_2289.png,gen_2289.png,196.0,177.0,2.0,0.0499267578125,0.7711644254278729,0.041156768798828125,209.38177773658356,10.140401238559992,6.70737233766451,801.466064453125,0.0,0.0,True,too_empty,,False,
negative,/mnt/MammoDiffusion/MammoDiffusion/experiments/diffusers/02_sd21_filtered_100steps/generated_images/final/negative/gen_2290.png,gen_2290.png,43.6868,12.0,3.0,0.78399658203125,1.0,0.7777061462402344,163.7563066841287,22.90518182846873,6.4158377384278795,338.7275695800781,0.0,0.0,False,,-8.056464051579036,False,
negative,/mnt/MammoDiffusion/MammoDiffusion/experiments/diffusers/02_sd21_filtered_100steps/generated_images/final/negative/gen_2291.png,gen_2291.png,162.3736,104.0,6.0,0.29453277587890625,0.9721668177697189,0.2958526611328125,191.58673732528754,23.1746785723764,6.754367316442719,527.8405151367188,0.0,0.0,False,,-16.158839472199578,False,
negative,/mnt/MammoDiffusion/MammoDiffusion/experiments/diffusers/02_sd21_filtered_100steps/generated_images/final/negative/gen_2292.png,gen_2292.png,67.7912,45.0,2.0,0.6668548583984375,1.0,0.66058349609375,164.09394922849486,26.257894205509754,6.41467524218918,156.8939666748047,0.0,0.0,False,,-7.331636227234987,True,1095.0
negative,/mnt/MammoDiffusion/MammoDiffusion/experiments/diffusers/02_sd21_filtered_100steps/generated_images/final/negative/gen_2293.png,gen_2293.png,87.8956,74.0,1.0,0.7890625,0.9967125618811881,0.7835807800292969,150.67584014488025,31.474985977857667,6.6965373722524415,523.1922607421875,0.0,0.0,False,,-7.713514658139059,True,1294.0
negative,/mnt/MammoDiffusion/MammoDiffusion/experiments/diffusers/02_sd21_filtered_100steps/generated_images/final/negative/gen_2294.png,gen_2294.png,11.0,6.0,0.0,0.658111572265625,0.9986552283793183,0.6523971557617188,97.09733835412987,55.737441615752246,6.066546603947399,1723.0147705078125,0.0,0.0,False,,-6.231763256729494,True,554.0
negative,/mnt/MammoDiffusion/MammoDiffusion/experiments/diffusers/02_sd21_filtered_100steps/generated_images/final/negative/gen_2295.png,gen_2295.png,140.5824,100.0,4.0,0.241241455078125,0.8916666666666667,0.24312591552734375,172.9743308124392,31.946322893978117,6.631937503008087,422.1070556640625,0.0,0.0,False,,-46.297862789344336,False,
negative,/mnt/MammoDiffusion/MammoDiffusion/experiments/diffusers/02_sd21_filtered_100steps/generated_images/final/negative/gen_2296.png,gen_2296.png,82.8956,69.0,1.0,0.55389404296875,0.9998898071625344,0.548309326171875,162.67018700951746,28.045933122396576,6.069867433709275,322.2848205566406,0.0,0.0,False,,-5.898992244703886,True,414.0
negative,/mnt/MammoDiffusion/MammoDiffusion/experiments/diffusers/02_sd21_filtered_100steps/generated_images/final/negative/gen_2297.png,gen_2297.png,114.8956,101.0,1.0,0.3974189758300781,0.9992225069830392,0.3916778564453125,164.12182009427715,25.666702556201184,5.596034015220614,154.50726318359375,0.0,0.0,False,,-4.563335615853997,True,62.0
negative,/mnt/MammoDiffusion/MammoDiffusion/experiments/diffusers/02_sd21_filtered_100steps/generated_images/final/negative/gen_2298.png,gen_2298.png,179.2692,112.0,7.0,0.13581466674804688,0.5053787602168357,0.06516647338867188,214.44693554996195,13.649792821136334,6.23508097469729,383.5459289550781,0.0,0.0,True,too_empty,,False,
negative,/mnt/MammoDiffusion/MammoDiffusion/experiments/diffusers/02_sd21_filtered_100steps/generated_images/final/negative/gen_2299.png,gen_2299.png,39.7912,17.0,2.0,0.6291007995605469,0.9982779007367432,0.6362037658691406,111.4893600436511,53.83770090294429,7.138391758260704,1424.5814208984375,0.0,0.0,False,,-6.927562996105945,True,861.0
negative,/mnt/MammoDiffusion/MammoDiffusion/experiments/diffusers/02_sd21_filtered_100steps/generated_images/final/negative/gen_2300.png,gen_2300.png,61.8956,48.0,1.0,0.8117790222167969,1.0,0.8038558959960938,145.4177462676651,24.096754503727404,6.140837629614952,157.54913330078125,0.0,0.0,False,,-7.854304540122661,True,1349.0
negative,/mnt/MammoDiffusion/MammoDiffusion/experiments/diffusers/02_sd21_filtered_100steps/generated_images/final/negative/gen_2301.png,gen_2301.png,114.8956,101.0,1.0,0.19685745239257812,0.7316345315376417,0.15861129760742188,164.10555809423025,44.98037221974361,5.908102408476996,1014.120361328125,0.0,0.0,True,fragmented_mask,,False,
negative,/mnt/MammoDiffusion/MammoDiffusion/experiments/diffusers/02_sd21_filtered_100steps/generated_images/final/negative/gen_2302.png,gen_2302.png,196.0,179.0,7.0,0.048206329345703125,0.6942312257656089,0.0370025634765625,209.70288659793815,11.430289473182567,6.39206797881378,1162.666748046875,0.0,0.0,True,too_empty,,False,
negative,/mnt/MammoDiffusion/MammoDiffusion/experiments/diffusers/02_sd21_filtered_100steps/generated_images/final/negative/gen_2303.png,gen_2303.png,46.7912,24.0,2.0,0.5437850952148438,1.0,0.5376777648925781,172.342691328069,20.265721853630012,6.0018216393374395,173.4678192138672,0.0,0.0,False,,-6.597621675190487,True,708.0
negative,/mnt/MammoDiffusion/MammoDiffusion/experiments/diffusers/02_sd21_filtered_100steps/generated_images/final/negative/gen_2304.png,gen_2304.png,111.2692,44.0,7.0,0.1714019775390625,0.5573978456334016,0.09444808959960938,183.5115311603861,32.07608667775065,6.3762747805521425,1003.4893188476562,0.0,0.0,True,too_empty,,False,
negative,/mnt/MammoDiffusion/MammoDiffusion/experiments/diffusers/02_sd21_filtered_100steps/generated_images/final/negative/gen_2305.png,gen_2305.png,32.8956,19.0,1.0,0.6952972412109375,0.9990398753483881,0.6885490417480469,103.42336522640015,51.87949675769813,6.945155150652651,1693.1044921875,0.0,0.0,False,,-7.140773190643054,True,972.0
negative,/mnt/MammoDiffusion/MammoDiffusion/experiments/diffusers/02_sd21_filtered_100steps/generated_images/final/negative/gen_2306.png,gen_2306.png,220.0,218.0,36.0,0.1387481689453125,0.3152699879027824,0.040538787841796875,253.71478309965184,5.395024243542478,7.302101070911731,1204.368408203125,0.0,0.0,True,too_empty,,False,
negative,/mnt/MammoDiffusion/MammoDiffusion/experiments/diffusers/02_sd21_filtered_100steps/generated_images/final/negative/gen_2307.png,gen_2307.png,89.8956,76.0,1.0,0.5836982727050781,0.9980067053126205,0.5765228271484375,166.94236164412567,22.019909598104434,5.991685921011907,248.28158569335938,0.0,0.0,False,,-6.387300383832654,True,615.0
negative,/mnt/MammoDiffusion/MammoDiffusion/experiments/diffusers/02_sd21_filtered_100steps/generated_images/final/negative/gen_2308.png,gen_2308.png,42.7912,20.0,2.0,0.6956329345703125,0.9988867928667003,0.6916046142578125,135.81094870380585,34.199105156847075,6.846600868145888,606.230224609375,0.0,0.0,False,,-5.963338585016635,True,436.0
negative,/mnt/MammoDiffusion/MammoDiffusion/experiments/diffusers/02_sd21_filtered_100steps/generated_images/final/negative/gen_2309.png,gen_2309.png,95.8956,82.0,1.0,0.5823516845703125,0.9983230708764574,0.5753135681152344,155.11530683287472,26.07226444467489,5.879491466604329,278.9581298828125,0.0,0.0,False,,-5.697451759846696,True,341.0
negative,/mnt/MammoDiffusion/MammoDiffusion/experiments/diffusers/02_sd21_filtered_100steps/generated_images/final/negative/gen_2310.png,gen_2310.png,14.8956,1.0,1.0,0.5820541381835938,0.9987875371931159,0.5776481628417969,96.98969800630006,52.312343378149215,6.206873588351831,1489.445556640625,0.0,0.0,False,,-5.310959771970685,True,222.0
negative,/mnt/MammoDiffusion/MammoDiffusion/experiments/diffusers/02_sd21_filtered_100steps/generated_images/final/negative/gen_2311.png,gen_2311.png,92.8956,79.0,1.0,0.4290962219238281,1.0,0.4236793518066406,174.498446855445,21.750447785274904,5.302207667669576,103.82534790039062,0.0,0.0,False,,-5.286071746168137,True,213.0
negative,/mnt/MammoDiffusion/MammoDiffusion/experiments/diffusers/02_sd21_filtered_100steps/generated_images/final/negative/gen_2312.png,gen_2312.png,111.7912,89.0,2.0,0.41487884521484375,0.996542783059637,0.40898895263671875,167.01953103139516,18.54281486702282,5.550992564027883,150.30535888671875,0.0,0.0,False,,-5.7569959192179585,True,361.0
negative,/mnt/MammoDiffusion/MammoDiffusion/experiments/diffusers/02_sd21_filtered_100steps/generated_images/final/negative/gen_2313.png,gen_2313.png,58.6868,27.0,3.0,0.6509971618652344,0.9984940376783569,0.6441154479980469,166.21446719296895,25.604256952098737,6.6774357895833045,519.6500854492188,0.0,0.0,False,,-6.673388506367182,True,746.0
negative,/mnt/MammoDiffusion/MammoDiffusion/experiments/diffusers/02_sd21_filtered_100steps/generated_images/final/negative/gen_2314.png,gen_2314.png,113.8956,100.0,1.0,0.2612152099609375,0.9247181494246159,0.24025726318359375,159.3223619446826,41.16161162221945,5.596806298552312,535.990966796875,0.0,0.0,False,,-32.2229108873143,False,
negative,/mnt/MammoDiffusion/MammoDiffusion/experiments/diffusers/02_sd21_filtered_100steps/generated_images/final/negative/gen_2315.png,gen_2315.png,125.8956,112.0,1.0,0.319061279296875,0.9726566236250598,0.3115043640136719,161.0246757858901,28.35396114705028,5.160640021239764,229.90216064453125,0.0,0.0,False,,-14.097742706043363,False,
negative,/mnt/MammoDiffusion/MammoDiffusion/experiments/diffusers/02_sd21_filtered_100steps/generated_images/final/negative/gen_2316.png,gen_2316.png,72.8956,59.0,1.0,0.5819473266601562,0.9979482674987218,0.5747222900390625,173.1197398114961,21.55004639192755,5.7206039958782,191.12814331054688,0.0,0.0,False,,-6.377568659411605,True,607.0
negative,/mnt/MammoDiffusion/MammoDiffusion/experiments/diffusers/02_sd21_filtered_100steps/generated_images/final/negative/gen_2317.png,gen_2317.png,129.7912,107.0,2.0,0.23607635498046875,0.8336134182205992,0.21651840209960938,167.77407988160468,31.72471400301263,5.84345727668741,418.39923095703125,0.0,0.0,False,,-67.76343154310636,False,
negative,/mnt/MammoDiffusion/MammoDiffusion/experiments/diffusers/02_sd21_filtered_100steps/generated_images/final/negative/gen_2318.png,gen_2318.png,58.8956,45.0,1.0,0.4350395202636719,0.9944933051568268,0.4297637939453125,131.07444523344577,45.087264011781144,5.993414639808744,807.9637451171875,0.0,0.0,False,,-5.055112917433746,True,156.0
negative,/mnt/MammoDiffusion/MammoDiffusion/experiments/diffusers/02_sd21_filtered_100steps/generated_images/final/negative/gen_2319.png,gen_2319.png,71.8956,58.0,1.0,0.6622467041015625,1.0,0.6563529968261719,159.32496992310777,21.609008353327763,6.159810566689462,98.38313293457031,0.0,0.0,False,,-7.331279331446651,True,1093.0
negative,/mnt/MammoDiffusion/MammoDiffusion/experiments/diffusers/02_sd21_filtered_100steps/generated_images/final/negative/gen_2320.png,gen_2320.png,10.0,0.0,0.0,0.8818778991699219,0.9989791460297,0.8761825561523438,87.5650061388156,56.63121118385193,7.191766903395548,1465.1861572265625,0.0,0.0,False,,-8.267709140002848,False,
negative,/mnt/MammoDiffusion/MammoDiffusion/experiments/diffusers/02_sd21_filtered_100steps/generated_images/final/negative/gen_2321.png,gen_2321.png,111.8956,98.0,1.0,0.613861083984375,0.9943139448173005,0.6074256896972656,154.80372159037387,27.785195769658696,5.984073066682187,213.77914428710938,0.0,0.0,False,,-7.512963746969079,True,1187.0
negative,/mnt/MammoDiffusion/MammoDiffusion/experiments/diffusers/02_sd21_filtered_100steps/generated_images/final/negative/gen_2322.png,gen_2322.png,175.8956,162.0,1.0,0.07995986938476562,0.9520061065788846,0.07607650756835938,201.3426766283909,15.648578520868648,6.784968361592101,395.2499694824219,0.0,0.0,True,too_empty,,False,
negative,/mnt/MammoDiffusion/MammoDiffusion/experiments/diffusers/02_sd21_filtered_100steps/generated_images/final/negative/gen_2323.png,gen_2323.png,220.0,133.0,97.0,0.22027206420898438,0.9329442529830456,0.20230865478515625,241.60549835954293,3.3244845308110573,6.958483152037823,1389.31787109375,0.0,0.0,True,low_contrast,,False,
negative,/mnt/MammoDiffusion/MammoDiffusion/experiments/diffusers/02_sd21_filtered_100steps/generated_images/final/negative/gen_2324.png,gen_2324.png,117.8956,104.0,1.0,0.3030128479003906,0.9999874107738598,0.297943115234375,169.19975929529858,23.723679830084514,4.880424672696887,157.15480041503906,0.0,0.0,False,,-4.993137605805899,True,133.0
negative,/mnt/MammoDiffusion/MammoDiffusion/experiments/diffusers/02_sd21_filtered_100steps/generated_images/final/negative/gen_2325.png,gen_2325.png,10.0,0.0,0.0,0.8589668273925781,0.9537599978683057,0.8127212524414062,145.4416334193851,26.37941623855479,6.032037809782051,587.620361328125,0.0,0.0,False,,-23.742436969751033,False,
negative,/mnt/MammoDiffusion/MammoDiffusion/experiments/diffusers/02_sd21_filtered_100steps/generated_images/final/negative/gen_2326.png,gen_2326.png,148.7472,37.0,12.0,0.18058013916015625,0.8254679116143478,0.14888381958007812,195.05531784058007,22.40215290226226,7.548772890978068,1488.7305908203125,0.0,0.0,False,,-74.42856457337132,False,
negative,/mnt/MammoDiffusion/MammoDiffusion/experiments/diffusers/02_sd21_filtered_100steps/generated_images/final/negative/gen_2327.png,gen_2327.png,10.0,0.0,0.0,0.8912849426269531,0.9987160007703996,0.88201904296875,151.97084976818212,25.650544683536367,6.1366302480964965,205.9822235107422,0.0,0.0,False,,-7.9012723237418205,False,
negative,/mnt/MammoDiffusion/MammoDiffusion/experiments/diffusers/02_sd21_filtered_100steps/generated_images/final/negative/gen_2328.png,gen_2328.png,220.0,239.0,13.0,0.19312667846679688,0.5270902877910996,0.09860610961914062,251.68033579635576,4.6732187047278835,6.808097243417089,1561.9342041015625,0.0,0.0,True,too_empty,,False,
negative,/mnt/MammoDiffusion/MammoDiffusion/experiments/diffusers/02_sd21_filtered_100steps/generated_images/final/negative/gen_2329.png,gen_2329.png,38.7912,16.0,2.0,0.6141319274902344,0.9982918299780733,0.6067695617675781,163.71769321203814,22.524601013406837,6.057959016445502,255.95986938476562,0.0,0.0,False,,-6.445415831284825,True,643.0
negative,/mnt/MammoDiffusion/MammoDiffusion/experiments/diffusers/02_sd21_filtered_100steps/generated_images/final/negative/gen_2330.png,gen_2330.png,219.0,205.0,13.0,0.028106689453125,0.23534201954397393,0.0029449462890625,220.52849740932643,1.1474081273091323,6.245832027132544,1110.4853515625,0.0,0.0,True,too_empty,,False,
negative,/mnt/MammoDiffusion/MammoDiffusion/experiments/diffusers/02_sd21_filtered_100steps/generated_images/final/negative/gen_2331.png,gen_2331.png,14.8956,1.0,1.0,0.8421707153320312,0.9986954749286587,0.8351058959960938,115.99127527201966,49.21982272244693,7.029174432454955,948.4658203125,0.0,0.0,False,,-7.218179940744604,True,1025.0
negative,/mnt/MammoDiffusion/MammoDiffusion/experiments/diffusers/02_sd21_filtered_100steps/generated_images/final/negative/gen_2332.png,gen_2332.png,33.7912,11.0,2.0,0.3964996337890625,0.9948816624975948,0.3910980224609375,148.8652803246069,43.55502942342493,6.264437074069695,1126.6279296875,0.0,0.0,False,,-5.529527843696278,True,277.0
negative,/mnt/MammoDiffusion/MammoDiffusion/experiments/diffusers/02_sd21_filtered_100steps/generated_images/final/negative/gen_2333.png,gen_2333.png,154.3736,96.0,6.0,0.17477798461914062,0.6915118842351092,0.1173858642578125,196.41008059274665,18.947444702730646,6.831341303568264,624.3768920898438,0.0,0.0,True,fragmented_mask,,False,
negative,/mnt/MammoDiffusion/MammoDiffusion/experiments/diffusers/02_sd21_filtered_100steps/generated_images/final/negative/gen_2334.png,gen_2334.png,49.0,44.0,0.0,0.5972137451171875,0.9982178900840594,0.5902519226074219,157.42568716029754,24.44757276821327,5.370164589134977,327.11700439453125,0.0,0.0,False,,-5.471107488010209,True,257.0
negative,/mnt/MammoDiffusion/MammoDiffusion/experiments/diffusers/02_sd21_filtered_100steps/generated_images/final/negative/gen_2335.png,gen_2335.png,76.5824,36.0,4.0,0.3089790344238281,0.9721100781510427,0.35486602783203125,133.78733902349882,57.22914940435921,6.7307603847580495,1445.1732177734375,0.0,0.0,False,,-15.633177302997796,False,
negative,/mnt/MammoDiffusion/MammoDiffusion/experiments/diffusers/02_sd21_filtered_100steps/generated_images/final/negative/gen_2336.png,gen_2336.png,10.0,0.0,0.0,0.8912315368652344,0.9988956944925973,0.8837852478027344,124.74199646925271,41.39318566665123,6.952245005041564,1261.0009765625,0.0,0.0,False,,-7.6471510429245875,True,1255.0
negative,/mnt/MammoDiffusion/MammoDiffusion/experiments/diffusers/02_sd21_filtered_100steps/generated_images/final/negative/gen_2337.png,gen_2337.png,193.0,133.0,21.0,0.04888153076171875,0.673794287498049,0.034198760986328125,203.2079196876743,8.482181301537032,5.927744966627705,462.45550537109375,0.0,0.0,True,too_empty,,False,
negative,/mnt/MammoDiffusion/MammoDiffusion/experiments/diffusers/02_sd21_filtered_100steps/generated_images/final/negative/gen_2338.png,gen_2338.png,88.8956,75.0,1.0,0.4321098327636719,0.9972721253586405,0.4254913330078125,169.0181011296396,23.35393845203115,4.585822905900226,206.5888671875,0.0,0.0,False,,-4.4761047495741835,True,50.0
negative,/mnt/MammoDiffusion/MammoDiffusion/experiments/diffusers/02_sd21_filtered_100steps/generated_images/final/negative/gen_2339.png,gen_2339.png,93.8956,80.0,1.0,0.5429000854492188,0.9953554715496283,0.5654335021972656,134.7020745488278,34.40631049879012,6.255661137834229,520.0119018554688,0.0,0.0,False,,-5.947971263298358,True,431.0
negative,/mnt/MammoDiffusion/MammoDiffusion/experiments/diffusers/02_sd21_filtered_100steps/generated_images/final/negative/gen_2340.png,gen_2340.png,209.0,180.0,7.0,0.049610137939453125,0.8700499807766243,0.046855926513671875,220.51689326711715,8.787731916911966,6.901672074937034,993.00634765625,0.0,0.0,True,too_empty,,False,
negative,/mnt/MammoDiffusion/MammoDiffusion/experiments/diffusers/02_sd21_filtered_100steps/generated_images/final/negative/gen_2341.png,gen_2341.png,83.7912,61.0,2.0,0.63177490234375,0.9984542556274756,0.6306266784667969,150.5493512385446,36.554520239383066,6.815598963035553,766.3980102539062,0.0,0.0,False,,-5.718035512827559,True,346.0
negative,/mnt/MammoDiffusion/MammoDiffusion/experiments/diffusers/02_sd21_filtered_100steps/generated_images/final/negative/gen_2342.png,gen_2342.png,141.8956,128.0,1.0,0.32482147216796875,0.9923546682325308,0.32149505615234375,171.53259450864994,19.92244924681909,4.644999896186591,94.84588623046875,0.0,0.0,False,,-6.937081314179682,True,871.0
negative,/mnt/MammoDiffusion/MammoDiffusion/experiments/diffusers/02_sd21_filtered_100steps/generated_images/final/negative/gen_2343.png,gen_2343.png,14.8956,1.0,1.0,0.7559356689453125,0.9982741567590481,0.7483673095703125,155.7332959526965,21.69471328970223,6.134357522696927,436.54217529296875,0.0,0.0,False,,-7.13741531669794,True,969.0
negative,/mnt/MammoDiffusion/MammoDiffusion/experiments/diffusers/02_sd21_filtered_100steps/generated_images/final/negative/gen_2344.png,gen_2344.png,14.8956,1.0,1.0,0.7734375,0.9983773279671717,0.76641845703125,155.7928147646731,21.32750257642323,5.893807828855646,230.556640625,0.0,0.0,False,,-7.310800168701286,True,1085.0
negative,/mnt/MammoDiffusion/MammoDiffusion/experiments/diffusers/02_sd21_filtered_100steps/generated_images/final/negative/gen_2345.png,gen_2345.png,152.0,147.0,0.0,0.09167861938476562,0.7702325968460034,0.06939315795898438,194.6908361277555,21.942956393720344,5.1512275778589345,667.9043579101562,0.0,0.0,True,too_empty,,False,
negative,/mnt/MammoDiffusion/MammoDiffusion/experiments/diffusers/02_sd21_filtered_100steps/generated_images/final/negative/gen_2346.png,gen_2346.png,10.0,0.0,0.0,0.9009513854980469,0.9984079871622794,0.8922119140625,139.94507200027363,28.357143964354126,6.45742786896431,437.5449523925781,0.0,0.0,False,,-7.694089470183408,True,1278.0
negative,/mnt/MammoDiffusion/MammoDiffusion/experiments/diffusers/02_sd21_filtered_100steps/generated_images/final/negative/gen_2347.png,gen_2347.png,87.8956,74.0,1.0,0.4312896728515625,0.9968512294356978,0.42455291748046875,170.23010225169372,22.9501453047669,5.047529977582137,306.6950988769531,0.0,0.0,False,,-4.930474650361562,True,123.0
negative,/mnt/MammoDiffusion/MammoDiffusion/experiments/diffusers/02_sd21_filtered_100steps/generated_images/final/negative/gen_2348.png,gen_2348.png,90.47800000000001,41.0,5.0,0.6148643493652344,0.9149103813677621,0.5794105529785156,138.06376366952182,41.89049680040048,7.3640604030144825,1085.4693603515625,0.0,0.0,False,,-37.74261152010406,False,
negative,/mnt/MammoDiffusion/MammoDiffusion/experiments/diffusers/02_sd21_filtered_100steps/generated_images/final/negative/gen_2349.png,gen_2349.png,65.6868,34.0,3.0,0.6057548522949219,1.0,0.5995903015136719,177.57893230011643,22.54682475992656,6.444869364607644,459.27203369140625,0.0,0.0,False,,-6.980588090967792,True,899.0
negative,/mnt/MammoDiffusion/MammoDiffusion/experiments/diffusers/02_sd21_filtered_100steps/generated_images/final/negative/gen_2350.png,gen_2350.png,118.1648,42.0,8.0,0.1566925048828125,0.5891761612620509,0.08571243286132812,188.3963238239352,26.369249087668365,6.424200183195386,1142.5386962890625,0.0,0.0,True,too_empty,,False,
negative,/mnt/MammoDiffusion/MammoDiffusion/experiments/diffusers/02_sd21_filtered_100steps/generated_images/final/negative/gen_2351.png,gen_2351.png,180.0,175.0,2.0,0.03260040283203125,0.16089398549028786,0.004924774169921875,201.13090627420604,15.130080862097754,5.659022004164294,731.484619140625,0.0,0.0,True,too_empty,,False,
negative,/mnt/MammoDiffusion/MammoDiffusion/experiments/diffusers/02_sd21_filtered_100steps/generated_images/final/negative/gen_2352.png,gen_2352.png,111.7912,89.0,2.0,0.23920822143554688,0.9187650501538903,0.22109603881835938,163.0139236356735,43.370480327924795,5.688115588663947,669.8751831054688,0.0,0.0,False,,-34.69443447550694,False,
negative,/mnt/MammoDiffusion/MammoDiffusion/experiments/diffusers/02_sd21_filtered_100steps/generated_images/final/negative/gen_2353.png,gen_2353.png,14.8956,1.0,1.0,0.9193191528320312,0.9987717536536179,0.9112548828125,145.6092180174146,27.13879884292958,6.354064886371427,596.635498046875,0.0,0.0,False,,-7.551014323839843,True,1204.0
negative,/mnt/MammoDiffusion/MammoDiffusion/experiments/diffusers/02_sd21_filtered_100steps/generated_images/final/negative/gen_2354.png,gen_2354.png,186.0,176.0,6.0,0.04395294189453125,0.03688595729908002,0.0016326904296875,196.46495327102804,6.23909783704714,5.826773570272428,228.8990936279297,0.0,0.0,True,too_empty,,False,
negative,/mnt/MammoDiffusion/MammoDiffusion/experiments/diffusers/02_sd21_filtered_100steps/generated_images/final/negative/gen_2355.png,gen_2355.png,99.8956,86.0,1.0,0.2900543212890625,0.8148377084538903,0.2526283264160156,144.52773121932805,45.86477396325118,6.136845374197312,592.6857299804688,0.0,0.0,False,,-74.20786341717566,False,
negative,/mnt/MammoDiffusion/MammoDiffusion/experiments/diffusers/02_sd21_filtered_100steps/generated_images/final/negative/gen_2356.png,gen_2356.png,124.7912,102.0,2.0,0.4817161560058594,0.9990338852857561,0.4761390686035156,183.17803664564923,22.775879735781288,6.096375413065234,208.0872802734375,0.0,0.0,False,,-5.9050155175388435,True,420.0
negative,/mnt/MammoDiffusion/MammoDiffusion/experiments/diffusers/02_sd21_filtered_100steps/generated_images/final/negative/gen_2357.png,gen_2357.png,127.7912,105.0,2.0,0.5040969848632812,0.9981913943668367,0.4980621337890625,170.22257283784197,18.17958145046789,5.876039836872975,188.92459106445312,0.0,0.0,False,,-6.032628807397654,True,470.0
negative,/mnt/MammoDiffusion/MammoDiffusion/experiments/diffusers/02_sd21_filtered_100steps/generated_images/final/negative/gen_2358.png,gen_2358.png,95.7912,73.0,2.0,0.6448898315429688,0.9718196552580832,0.7443466186523438,127.0759304244437,37.084964531979516,6.970966196902101,859.39794921875,0.0,0.0,False,,-16.406107312949615,False,
negative,/mnt/MammoDiffusion/MammoDiffusion/experiments/diffusers/02_sd21_filtered_100steps/generated_images/final/negative/gen_2359.png,gen_2359.png,146.2692,79.0,7.0,0.18882369995117188,0.6339724034828986,0.11737060546875,208.17846463858555,19.97507795469974,6.573116525753345,671.92333984375,0.0,0.0,True,fragmented_mask,,False,
negative,/mnt/MammoDiffusion/MammoDiffusion/experiments/diffusers/02_sd21_filtered_100steps/generated_images/final/negative/gen_2360.png,gen_2360.png,106.8956,93.0,1.0,0.6641731262207031,0.9970305957762091,0.6579399108886719,157.20694013625163,22.831183539910043,5.778383932058457,221.60205078125,0.0,0.0,False,,-6.9474782055853215,True,877.0
negative,/mnt/MammoDiffusion/MammoDiffusion/experiments/diffusers/02_sd21_filtered_100steps/generated_images/final/negative/gen_2361.png,gen_2361.png,113.7912,91.0,2.0,0.24451065063476562,0.9007441845952229,0.23888778686523438,165.61039873528895,42.3535150124893,5.916439014794455,584.7299194335938,0.0,0.0,False,,-41.70950823874675,False,
negative,/mnt/MammoDiffusion/MammoDiffusion/experiments/diffusers/02_sd21_filtered_100steps/generated_images/final/negative/gen_2362.png,gen_2362.png,71.8956,58.0,1.0,0.37363433837890625,0.9863598309272457,0.43125152587890625,130.35297655904466,56.33112431658318,5.968171785866824,1104.5782470703125,0.0,0.0,False,,-9.116088244320107,False,
negative,/mnt/MammoDiffusion/MammoDiffusion/experiments/diffusers/02_sd21_filtered_100steps/generated_images/final/negative/gen_2363.png,gen_2363.png,77.8956,64.0,1.0,0.8165969848632812,0.9986592919940579,0.8137397766113281,132.58660584951036,36.35292012333682,6.831728726578123,522.0697021484375,0.0,0.0,False,,-6.713999341614382,True,766.0
negative,/mnt/MammoDiffusion/MammoDiffusion/experiments/diffusers/02_sd21_filtered_100steps/generated_images/final/negative/gen_2364.png,gen_2364.png,10.0,0.0,0.0,0.7632865905761719,0.9979659255038957,0.7518196105957031,155.09906892964963,25.094329452553747,5.7937608270771115,483.06854248046875,0.0,0.0,False,,-6.7334982635362755,True,778.0
negative,/mnt/MammoDiffusion/MammoDiffusion/experiments/diffusers/02_sd21_filtered_100steps/generated_images/final/negative/gen_2365.png,gen_2365.png,135.8956,122.0,1.0,0.22598648071289062,0.8915953478165459,0.274749755859375,162.92015161612795,40.76261693046159,5.458204214911775,552.6846923828125,0.0,0.0,False,,-44.46056227811803,False,
negative,/mnt/MammoDiffusion/MammoDiffusion/experiments/diffusers/02_sd21_filtered_100steps/generated_images/final/negative/gen_2366.png,gen_2366.png,23.0,18.0,0.0,0.6990165710449219,0.9734887553685543,0.6782913208007812,93.40767110961139,48.900680430024224,6.3667112862433415,1600.421630859375,0.0,0.0,False,,-15.614552289485468,False,
negative,/mnt/MammoDiffusion/MammoDiffusion/experiments/diffusers/02_sd21_filtered_100steps/generated_images/final/negative/gen_2367.png,gen_2367.png,175.0,170.0,0.0,0.06943511962890625,0.6805296121305351,0.04694366455078125,202.41467576791808,15.762959783947895,4.895453492588664,581.2587890625,0.0,0.0,True,too_empty,,False,
negative,/mnt/MammoDiffusion/MammoDiffusion/experiments/diffusers/02_sd21_filtered_100steps/generated_images/final/negative/gen_2368.png,gen_2368.png,117.8956,104.0,1.0,0.5378265380859375,0.997517519221494,0.5298347473144531,162.21752716119602,21.384124060222277,5.110846125734265,128.5987091064453,0.0,0.0,False,,-5.622010476606227,True,315.0
negative,/mnt/MammoDiffusion/MammoDiffusion/experiments/diffusers/02_sd21_filtered_100steps/generated_images/final/negative/gen_2369.png,gen_2369.png,122.8956,109.0,1.0,0.12896347045898438,0.5379655101014583,0.06773757934570312,195.12327532803965,23.034322327468377,4.505572346591466,357.465576171875,0.0,0.0,True,too_empty,,False,
negative,/mnt/MammoDiffusion/MammoDiffusion/experiments/diffusers/02_sd21_filtered_100steps/generated_images/final/negative/gen_2370.png,gen_2370.png,10.0,0.0,0.0,0.8625717163085938,0.9990845487754182,0.8562393188476562,124.409243600139,62.127590637201955,7.006116152122214,1076.3267822265625,0.0,0.0,False,,-8.44293418430735,False,
negative,/mnt/MammoDiffusion/MammoDiffusion/experiments/diffusers/02_sd21_filtered_100steps/generated_images/final/negative/gen_2371.png,gen_2371.png,17.0,12.0,0.0,0.7893142700195312,0.9992025672501619,0.7826957702636719,113.23610116045015,47.733256726475055,6.725290050908724,1102.4219970703125,0.0,0.0,False,,-6.817186582034916,True,812.0
negative,/mnt/MammoDiffusion/MammoDiffusion/experiments/diffusers/02_sd21_filtered_100steps/generated_images/final/negative/gen_2372.png,gen_2372.png,117.7912,95.0,2.0,0.3907623291015625,0.9967394275450037,0.3848419189453125,176.53328575393522,22.846087842208107,5.6396893494897515,326.39727783203125,0.0,0.0,False,,-5.310856975752493,True,221.0
negative,/mnt/MammoDiffusion/MammoDiffusion/experiments/diffusers/02_sd21_filtered_100steps/generated_images/final/negative/gen_2373.png,gen_2373.png,150.8956,137.0,1.0,0.5338287353515625,0.9732242389595541,0.5500068664550781,166.9067838342084,18.31735952402877,6.0124081501421305,156.1451416015625,0.0,0.0,False,,-15.950302145228445,False,
negative,/mnt/MammoDiffusion/MammoDiffusion/experiments/diffusers/02_sd21_filtered_100steps/generated_images/final/negative/gen_2374.png,gen_2374.png,74.8956,61.0,1.0,0.5312080383300781,0.9999640941308267,0.5255661010742188,146.3816975626751,23.657196581819726,5.858202765198173,151.03164672851562,0.0,0.0,False,,-5.771602119525337,True,366.0
negative,/mnt/MammoDiffusion/MammoDiffusion/experiments/diffusers/02_sd21_filtered_100steps/generated_images/final/negative/gen_2375.png,gen_2375.png,151.8956,138.0,1.0,0.11772537231445312,0.7511746216908072,0.08888626098632812,196.66906999699583,23.235623922727886,5.167230233407183,865.146484375,0.0,0.0,True,too_empty,,False,
negative,/mnt/MammoDiffusion/MammoDiffusion/experiments/diffusers/02_sd21_filtered_100steps/generated_images/final/negative/gen_2376.png,gen_2376.png,113.7912,91.0,2.0,0.2526092529296875,0.7983539716097856,0.21727752685546875,162.90728255907862,43.36291684097902,5.7836234975915914,739.6590576171875,0.0,0.0,False,,-80.52030280327944,False,
negative,/mnt/MammoDiffusion/MammoDiffusion/experiments/diffusers/02_sd21_filtered_100steps/generated_images/final/negative/gen_2377.png,gen_2377.png,76.7912,54.0,2.0,0.44997406005859375,0.9985757642550739,0.4446449279785156,165.23501857396556,26.567583247666665,6.040832245118789,366.0968017578125,0.0,0.0,False,,-4.891410121766686,True,116.0
negative,/mnt/MammoDiffusion/MammoDiffusion/experiments/diffusers/02_sd21_filtered_100steps/generated_images/final/negative/gen_2378.png,gen_2378.png,106.8956,93.0,1.0,0.2922630310058594,0.997768061084644,0.2872467041015625,166.64239043824702,22.82704771610239,4.225845204730495,93.79914855957031,0.0,0.0,False,,-4.518539386868408,True,57.0
negative,/mnt/MammoDiffusion/MammoDiffusion/experiments/diffusers/02_sd21_filtered_100steps/generated_images/final/negative/gen_2379.png,gen_2379.png,78.7912,56.0,2.0,0.5052452087402344,0.9983540586045739,0.5142784118652344,142.38965248674108,44.91119930381605,6.566205172294098,1018.210693359375,0.0,0.0,False,,-5.1143364029489655,True,172.0
negative,/mnt/MammoDiffusion/MammoDiffusion/experiments/diffusers/02_sd21_filtered_100steps/generated_images/final/negative/gen_2380.png,gen_2380.png,127.8956,114.0,1.0,0.22645950317382812,0.6226901372862798,0.13942337036132812,182.75919997811158,29.502399499243392,6.337848030770331,699.9310913085938,0.0,0.0,True,fragmented_mask,,False,
negative,/mnt/MammoDiffusion/MammoDiffusion/experiments/diffusers/02_sd21_filtered_100steps/generated_images/final/negative/gen_2381.png,gen_2381.png,162.06040000000002,77.0,9.0,0.12397003173828125,0.7465690196319773,0.09354019165039062,194.29354430895967,20.521164372157532,7.070085902325351,987.3048706054688,0.0,0.0,True,too_empty,,False,
negative,/mnt/MammoDiffusion/MammoDiffusion/experiments/diffusers/02_sd21_filtered_100steps/generated_images/final/negative/gen_2382.png,gen_2382.png,62.8956,49.0,1.0,0.8204231262207031,0.9981773291362307,0.8126296997070312,128.59314825420373,32.377192228219876,6.704458331011239,253.92758178710938,0.0,0.0,False,,-7.281366458483433,True,1065.0
negative,/mnt/MammoDiffusion/MammoDiffusion/experiments/diffusers/02_sd21_filtered_100steps/generated_images/final/negative/gen_2383.png,gen_2383.png,112.8956,99.0,1.0,0.4938850402832031,0.9867922050838425,0.4827995300292969,164.11897632009354,21.608609713186343,5.453969523439927,208.0081024169922,0.0,0.0,False,,-9.580491608286039,False,
negative,/mnt/MammoDiffusion/MammoDiffusion/experiments/diffusers/02_sd21_filtered_100steps/generated_images/final/negative/gen_2384.png,gen_2384.png,40.7912,18.0,2.0,0.5767135620117188,0.9981942294717625,0.57000732421875,164.68526474997324,22.015866639774913,6.3035529137109165,444.0322265625,0.0,0.0,False,,-6.236814882755363,True,557.0
negative,/mnt/MammoDiffusion/MammoDiffusion/experiments/diffusers/02_sd21_filtered_100steps/generated_images/final/negative/gen_2385.png,gen_2385.png,65.8956,52.0,1.0,0.5480079650878906,1.0,0.5418167114257812,156.48525001056086,29.93614233356156,6.131835503636259,241.2893829345703,0.0,0.0,False,,-5.846552664663404,True,391.0
negative,/mnt/MammoDiffusion/MammoDiffusion/experiments/diffusers/02_sd21_filtered_100steps/generated_images/final/negative/gen_2386.png,gen_2386.png,38.8956,25.0,1.0,0.7065773010253906,0.9983425563503847,0.6993141174316406,158.68128583195596,22.88273928265674,6.16954800504222,234.42892456054688,0.0,0.0,False,,-7.066299798181552,True,932.0
negative,/mnt/MammoDiffusion/MammoDiffusion/experiments/diffusers/02_sd21_filtered_100steps/generated_images/final/negative/gen_2387.png,gen_2387.png,220.0,228.0,23.0,0.24155426025390625,0.5093648337070844,0.1194610595703125,250.77449227232086,5.813855461610167,6.797361578761696,1464.0404052734375,0.0,0.0,True,low_contrast,,False,
negative,/mnt/MammoDiffusion/MammoDiffusion/experiments/diffusers/02_sd21_filtered_100steps/generated_images/final/negative/gen_2388.png,gen_2388.png,82.8956,69.0,1.0,0.33823394775390625,0.7828141564974173,0.27625274658203125,134.83515148167584,48.19462485858621,6.05483403748066,868.7987670898438,0.0,0.0,False,,-86.1861755433589,False,
negative,/mnt/MammoDiffusion/MammoDiffusion/experiments/diffusers/02_sd21_filtered_100steps/generated_images/final/negative/gen_2389.png,gen_2389.png,72.6868,41.0,3.0,0.443634033203125,0.992054756827406,0.48427581787109375,127.08516738873573,49.36258955424174,6.770311548267226,1424.3365478515625,0.0,0.0,False,,-7.984497806686827,False,
negative,/mnt/MammoDiffusion/MammoDiffusion/experiments/diffusers/02_sd21_filtered_100steps/generated_images/final/negative/gen_2390.png,gen_2390.png,109.8956,96.0,1.0,0.3141670227050781,0.9747319596391321,0.3505744934082031,158.33531735236832,45.25096854906,5.539674381418836,717.0429077148438,0.0,0.0,False,,-12.479185407172944,False,
negative,/mnt/MammoDiffusion/MammoDiffusion/experiments/diffusers/02_sd21_filtered_100steps/generated_images/final/negative/gen_2391.png,gen_2391.png,10.0,2.0,0.0,0.7462387084960938,0.9981699399863001,0.7410430908203125,106.90267167713374,54.992109203123455,6.609025819228412,1610.776611328125,0.0,0.0,False,,-7.456953966299792,True,1150.0
negative,/mnt/MammoDiffusion/MammoDiffusion/experiments/diffusers/02_sd21_filtered_100steps/generated_images/final/negative/gen_2392.png,gen_2392.png,198.0,61.0,47.0,0.048816680908203125,0.6267093850121123,0.037166595458984375,207.99517602381198,8.348097331983107,6.596916818212796,125.74036407470703,0.0,0.0,True,too_empty,,False,
negative,/mnt/MammoDiffusion/MammoDiffusion/experiments/diffusers/02_sd21_filtered_100steps/generated_images/final/negative/gen_2393.png,gen_2393.png,14.8956,1.0,1.0,0.7424278259277344,0.998658945756668,0.7371673583984375,132.9450228726377,30.91199336287196,6.3916655085474785,763.2239990234375,0.0,0.0,False,,-5.990749819996214,True,452.0
negative,/mnt/MammoDiffusion/MammoDiffusion/experiments/diffusers/02_sd21_filtered_100steps/generated_images/final/negative/gen_2394.png,gen_2394.png,85.8956,72.0,1.0,0.5449333190917969,0.9978719084920652,0.5381011962890625,169.69753296469588,24.539059473078407,5.722274473409096,241.62686157226562,0.0,0.0,False,,-5.872665225867865,True,405.0
negative,/mnt/MammoDiffusion/MammoDiffusion/experiments/diffusers/02_sd21_filtered_100steps/generated_images/final/negative/gen_2395.png,gen_2395.png,71.8956,58.0,1.0,0.3813896179199219,0.975704898028586,0.4672088623046875,118.0848084522682,53.51231219883019,6.20443641820195,931.8589477539062,0.0,0.0,False,,-13.005221259270531,False,
negative,/mnt/MammoDiffusion/MammoDiffusion/experiments/diffusers/02_sd21_filtered_100steps/generated_images/final/negative/gen_2396.png,gen_2396.png,126.6868,95.0,3.0,0.3186798095703125,0.9627124730667943,0.32694244384765625,163.4424194338786,33.69121116964403,6.1421769687297,603.3040771484375,0.0,0.0,False,,-17.857297245839927,False,
negative,/mnt/MammoDiffusion/MammoDiffusion/experiments/diffusers/02_sd21_filtered_100steps/generated_images/final/negative/gen_2397.png,gen_2397.png,131.7912,109.0,2.0,0.4586029052734375,0.9927216769256363,0.4602851867675781,162.6867090443474,23.22952257544632,6.263884390386973,217.1199951171875,0.0,0.0,False,,-7.739762470536295,True,1303.0
negative,/mnt/MammoDiffusion/MammoDiffusion/experiments/diffusers/02_sd21_filtered_100steps/generated_images/final/negative/gen_2398.png,gen_2398.png,118.8956,105.0,1.0,0.4583702087402344,0.9939247164174136,0.4539947509765625,155.36586226599,25.610419836819972,5.828053361096982,165.29788208007812,0.0,0.0,False,,-6.683844359460368,True,750.0
negative,/mnt/MammoDiffusion/MammoDiffusion/experiments/diffusers/02_sd21_filtered_100steps/generated_images/final/negative/gen_2399.png,gen_2399.png,14.8956,1.0,1.0,0.8756599426269531,1.0,0.8651390075683594,138.3607462377255,35.941294230162164,5.356310140928794,272.62591552734375,0.0,0.0,False,,-6.6897988726877715,True,753.0
negative,/mnt/MammoDiffusion/MammoDiffusion/experiments/diffusers/02_sd21_filtered_100steps/generated_images/final/negative/gen_2400.png,gen_2400.png,27.7912,5.0,2.0,0.7836685180664062,0.9932679108618826,0.7712059020996094,100.75091879485771,58.7711744340039,7.1039953444707,1427.578125,0.0,0.0,False,,-9.791656642947444,False,
negative,/mnt/MammoDiffusion/MammoDiffusion/experiments/diffusers/02_sd21_filtered_100steps/generated_images/final/negative/gen_2401.png,gen_2401.png,46.8956,33.0,1.0,0.7841453552246094,1.0,0.7778244018554688,142.98233955527655,27.42011533991036,6.393563429291846,176.77296447753906,0.0,0.0,False,,-7.645358086578604,True,1251.0
negative,/mnt/MammoDiffusion/MammoDiffusion/experiments/diffusers/02_sd21_filtered_100steps/generated_images/final/negative/gen_2402.png,gen_2402.png,143.8956,130.0,1.0,0.11043548583984375,0.7035578583765112,0.07545089721679688,199.20344810152181,22.762116006964046,5.819571825938272,601.6985473632812,0.0,0.0,True,too_empty,,False,
negative,/mnt/MammoDiffusion/MammoDiffusion/experiments/diffusers/02_sd21_filtered_100steps/generated_images/final/negative/gen_2403.png,gen_2403.png,183.0,167.0,2.0,0.04986572265625,0.7195532435740514,0.03691864013671875,197.54815044430669,13.856581929556278,6.10388244257717,374.2267761230469,0.0,0.0,True,too_empty,,False,
negative,/mnt/MammoDiffusion/MammoDiffusion/experiments/diffusers/02_sd21_filtered_100steps/generated_images/final/negative/gen_2404.png,gen_2404.png,139.6868,108.0,3.0,0.45156097412109375,0.883411897882981,0.40445709228515625,167.37653028502442,26.62362422814897,6.753823031444625,765.95654296875,0.0,0.0,False,,-48.62036576897062,False,
negative,/mnt/MammoDiffusion/MammoDiffusion/experiments/diffusers/02_sd21_filtered_100steps/generated_images/final/negative/gen_2405.png,gen_2405.png,92.8956,79.0,1.0,0.7417640686035156,0.9885265545207227,0.7321357727050781,151.98170118535887,29.926251564132787,6.751483611256526,441.26568603515625,0.0,0.0,False,,-10.73386799918089,False,
negative,/mnt/MammoDiffusion/MammoDiffusion/experiments/diffusers/02_sd21_filtered_100steps/generated_images/final/negative/gen_2406.png,gen_2406.png,202.0,196.0,1.0,0.049713134765625,0.81353591160221,0.039592742919921875,216.6830137778206,9.176755674969638,6.575017958009681,424.3330383300781,0.0,0.0,True,too_empty,,False,
negative,/mnt/MammoDiffusion/MammoDiffusion/experiments/diffusers/02_sd21_filtered_100steps/generated_images/final/negative/gen_2407.png,gen_2407.png,70.7912,48.0,2.0,0.29656219482421875,0.9887834117979986,0.3325004577636719,127.10073081468055,53.92818734236307,5.74865979581214,975.8215942382812,0.0,0.0,False,,-7.707801833814706,True,1287.0
negative,/mnt/MammoDiffusion/MammoDiffusion/experiments/diffusers/02_sd21_filtered_100steps/generated_images/final/negative/gen_2408.png,gen_2408.png,26.7912,4.0,2.0,0.7509880065917969,0.9985878791265169,0.7433738708496094,159.8356913034777,26.034804478399092,6.536939799290199,487.46258544921875,0.0,0.0,False,,-7.096484793716812,True,949.0
negative,/mnt/MammoDiffusion/MammoDiffusion/experiments/diffusers/02_sd21_filtered_100steps/generated_images/final/negative/gen_2409.png,gen_2409.png,64.8956,51.0,1.0,0.6961288452148438,0.9985807130410004,0.6913642883300781,158.2099295397739,25.707594504476862,6.3871623391708905,476.56298828125,0.0,0.0,False,,-6.6247249554557675,True,722.0
negative,/mnt/MammoDiffusion/MammoDiffusion/experiments/diffusers/02_sd21_filtered_100steps/generated_images/final/negative/gen_2410.png,gen_2410.png,14.8956,1.0,1.0,0.8141593933105469,1.0,0.8070068359375,144.4539214944789,27.55960153544506,6.455536029037316,162.23336791992188,0.0,0.0,False,,-7.9325358582269345,False,
negative,/mnt/MammoDiffusion/MammoDiffusion/experiments/diffusers/02_sd21_filtered_100steps/generated_images/final/negative/gen_2411.png,gen_2411.png,147.8956,134.0,1.0,0.11719512939453125,0.7687976043226352,0.0887603759765625,198.41288464844422,23.080818626385156,5.115606183907188,515.03857421875,0.0,0.0,True,too_empty,,False,
negative,/mnt/MammoDiffusion/MammoDiffusion/experiments/diffusers/02_sd21_filtered_100steps/generated_images/final/negative/gen_2412.png,gen_2412.png,17.0,12.0,0.0,0.809600830078125,1.0,0.8022232055664062,136.93249103652911,30.696558324589873,6.3753722262145,269.86846923828125,0.0,0.0,False,,-7.388467071242299,True,1119.0
negative,/mnt/MammoDiffusion/MammoDiffusion/experiments/diffusers/02_sd21_filtered_100steps/generated_images/final/negative/gen_2413.png,gen_2413.png,215.0,72.0,18.0,0.04876708984375,0.8999530663329162,0.04399871826171875,227.22542049592508,7.434517947408171,7.142806671932645,540.8745727539062,0.0,0.0,True,too_empty,,False,
negative,/mnt/MammoDiffusion/MammoDiffusion/experiments/diffusers/02_sd21_filtered_100steps/generated_images/final/negative/gen_2414.png,gen_2414.png,200.0,139.0,20.0,0.049221038818359375,0.6645741300472758,0.03345489501953125,214.43055872291905,10.536823686180005,7.033750684632622,1133.0732421875,0.0,0.0,True,too_empty,,False,
negative,/mnt/MammoDiffusion/MammoDiffusion/experiments/diffusers/02_sd21_filtered_100steps/generated_images/final/negative/gen_2415.png,gen_2415.png,65.8956,52.0,1.0,0.6849746704101562,1.0,0.6787185668945312,156.32256831645327,22.005461260934627,5.969120894901749,107.17497253417969,0.0,0.0,False,,-7.2350740463548115,True,1035.0
negative,/mnt/MammoDiffusion/MammoDiffusion/experiments/diffusers/02_sd21_filtered_100steps/generated_images/final/negative/gen_2416.png,gen_2416.png,94.8956,81.0,1.0,0.46979522705078125,0.9991311691053478,0.46491241455078125,149.9485288084415,32.09579383081737,5.6139229038326794,265.03875732421875,0.0,0.0,False,,-4.296511207454901,True,35.0
negative,/mnt/MammoDiffusion/MammoDiffusion/experiments/diffusers/02_sd21_filtered_100steps/generated_images/final/negative/gen_2417.png,gen_2417.png,202.85160000000002,100.0,11.0,0.061511993408203125,0.8125891472868217,0.049411773681640625,214.76445611055354,8.891509024091022,6.711986741328669,250.8075408935547,0.0,0.0,True,too_empty,,False,
negative,/mnt/MammoDiffusion/MammoDiffusion/experiments/diffusers/02_sd21_filtered_100steps/generated_images/final/negative/gen_2418.png,gen_2418.png,10.0,0.0,0.0,0.8065757751464844,0.9984629136535833,0.8007049560546875,141.58803239637922,27.99333381625964,6.0921568275640015,311.0494079589844,0.0,0.0,False,,-6.962549458107067,True,885.0
negative,/mnt/MammoDiffusion/MammoDiffusion/experiments/diffusers/02_sd21_filtered_100steps/generated_images/final/negative/gen_2419.png,gen_2419.png,135.7912,113.0,2.0,0.3495140075683594,0.9517042663959923,0.3484954833984375,171.00880073558386,32.17458323358278,6.184616881151145,624.4685668945312,0.0,0.0,False,,-22.11120740637837,False,
negative,/mnt/MammoDiffusion/MammoDiffusion/experiments/diffusers/02_sd21_filtered_100steps/generated_images/final/negative/gen_2420.png,gen_2420.png,213.0,201.0,11.0,0.039974212646484375,0.5624582498329993,0.02384185791015625,224.86272,6.884745035337184,6.748265657299916,1429.0477294921875,0.0,0.0,True,too_empty,,False,
negative,/mnt/MammoDiffusion/MammoDiffusion/experiments/diffusers/02_sd21_filtered_100steps/generated_images/final/negative/gen_2421.png,gen_2421.png,40.0,35.0,0.0,0.6879234313964844,0.9972218371364405,0.6797256469726562,154.49890002581571,26.19973100750713,5.7726280700803425,267.0059509277344,0.0,0.0,False,,-6.728015985546523,True,774.0
negative,/mnt/MammoDiffusion/MammoDiffusion/experiments/diffusers/02_sd21_filtered_100steps/generated_images/final/negative/gen_2422.png,gen_2422.png,148.8956,135.0,1.0,0.2000885009765625,0.4615076641500801,0.0916900634765625,158.06689965052422,14.517307695391189,5.669105903521068,102.49034118652344,0.0,0.0,True,too_empty,,False,
negative,/mnt/MammoDiffusion/MammoDiffusion/experiments/diffusers/02_sd21_filtered_100steps/generated_images/final/negative/gen_2423.png,gen_2423.png,91.7912,69.0,2.0,0.565460205078125,0.9999932538183388,0.5596656799316406,164.07240667152877,21.785786714668884,6.0547157168874,194.67745971679688,0.0,0.0,False,,-6.532986582472265,True,687.0
negative,/mnt/MammoDiffusion/MammoDiffusion/experiments/diffusers/02_sd21_filtered_100steps/generated_images/final/negative/gen_2424.png,gen_2424.png,106.7912,84.0,2.0,0.4419441223144531,0.9941218613242644,0.436737060546875,153.58986968066523,28.373087333859065,6.270124786752751,191.8888702392578,0.0,0.0,False,,-6.65161209572664,True,738.0
negative,/mnt/MammoDiffusion/MammoDiffusion/experiments/diffusers/02_sd21_filtered_100steps/generated_images/final/negative/gen_2425.png,gen_2425.png,166.2692,99.0,7.0,0.10842514038085938,0.8669739295640855,0.0933837890625,197.29501633986928,17.426598387874844,6.291519677179791,218.41705322265625,0.0,0.0,True,too_empty,,False,
negative,/mnt/MammoDiffusion/MammoDiffusion/experiments/diffusers/02_sd21_filtered_100steps/generated_images/final/negative/gen_2426.png,gen_2426.png,117.5824,77.0,4.0,0.34777069091796875,0.8035780883224009,0.2836151123046875,156.90722010006994,35.32481761603752,6.843199240612711,879.465576171875,0.0,0.0,False,,-79.05268274096231,False,
negative,/mnt/MammoDiffusion/MammoDiffusion/experiments/diffusers/02_sd21_filtered_100steps/generated_images/final/negative/gen_2427.png,gen_2427.png,177.478,128.0,5.0,0.13656234741210938,0.6452414871923797,0.08405303955078125,198.8728328946174,11.374714017833877,5.830030884630436,206.5060272216797,0.0,0.0,True,too_empty,,False,
negative,/mnt/MammoDiffusion/MammoDiffusion/experiments/diffusers/02_sd21_filtered_100steps/generated_images/final/negative/gen_2428.png,gen_2428.png,49.8956,36.0,1.0,0.864288330078125,0.9999779315702129,0.8571090698242188,157.90896629073464,26.60713848236402,6.468874487797298,181.00323486328125,0.0,0.0,False,,-8.536588715134105,False,
negative,/mnt/MammoDiffusion/MammoDiffusion/experiments/diffusers/02_sd21_filtered_100steps/generated_images/final/negative/gen_2429.png,gen_2429.png,112.8956,99.0,1.0,0.5253562927246094,0.999535285617816,0.520233154296875,167.09368217281633,25.035536589171365,6.225760701433858,115.75631713867188,0.0,0.0,False,,-6.220820695861603,True,550.0
negative,/mnt/MammoDiffusion/MammoDiffusion/experiments/diffusers/02_sd21_filtered_100steps/generated_images/final/negative/gen_2430.png,gen_2430.png,10.0,0.0,0.0,0.8669853210449219,1.0,0.857452392578125,145.7979855500587,21.321857555977708,5.740603136626484,54.40399169921875,0.0,0.0,False,,-8.170282684313662,False,
negative,/mnt/MammoDiffusion/MammoDiffusion/experiments/diffusers/02_sd21_filtered_100steps/generated_images/final/negative/gen_2431.png,gen_2431.png,10.0,0.0,0.0,0.9094963073730469,1.0,0.8984756469726562,148.40346877255553,25.23520821654713,6.3197967427693635,128.2022705078125,0.0,0.0,False,,-8.674893853108435,False,
negative,/mnt/MammoDiffusion/MammoDiffusion/experiments/diffusers/02_sd21_filtered_100steps/generated_images/final/negative/gen_2432.png,gen_2432.png,184.0,172.0,2.0,0.049617767333984375,0.6486507265318675,0.031696319580078125,203.21952100132387,12.198638738049818,6.126963249795183,739.1343994140625,0.0,0.0,True,too_empty,,False,
negative,/mnt/MammoDiffusion/MammoDiffusion/experiments/diffusers/02_sd21_filtered_100steps/generated_images/final/negative/gen_2433.png,gen_2433.png,39.7912,17.0,2.0,0.3531608581542969,0.9970295639399864,0.3506317138671875,117.93347186561643,54.76150755460376,6.190980247841227,1211.748046875,0.0,0.0,False,,-5.027832936412864,True,142.0
negative,/mnt/MammoDiffusion/MammoDiffusion/experiments/diffusers/02_sd21_filtered_100steps/generated_images/final/negative/gen_2434.png,gen_2434.png,203.6428,83.0,13.0,0.07043075561523438,0.8039863510805395,0.054943084716796875,218.51454558078177,10.111170237422915,6.994828382430606,496.257080078125,0.0,0.0,True,too_empty,,False,
negative,/mnt/MammoDiffusion/MammoDiffusion/experiments/diffusers/02_sd21_filtered_100steps/generated_images/final/negative/gen_2435.png,gen_2435.png,129.7912,107.0,2.0,0.4582710266113281,0.9949139703495292,0.4517974853515625,170.213313519538,21.653224786764103,6.489954459560035,151.95330810546875,0.0,0.0,False,,-7.345629039663029,True,1099.0
negative,/mnt/MammoDiffusion/MammoDiffusion/experiments/diffusers/02_sd21_filtered_100steps/generated_images/final/negative/gen_2436.png,gen_2436.png,65.8956,52.0,1.0,0.5922317504882812,1.0,0.5860633850097656,153.49051961492648,17.918013809504092,5.457977245961321,84.00982666015625,0.0,0.0,False,,-6.37760597977687,True,608.0
negative,/mnt/MammoDiffusion/MammoDiffusion/experiments/diffusers/02_sd21_filtered_100steps/generated_images/final/negative/gen_2437.png,gen_2437.png,147.6868,116.0,3.0,0.36205291748046875,0.893341059951533,0.37380218505859375,171.72455352587,27.90355410533807,6.563714915225871,363.8407897949219,0.0,0.0,False,,-44.99532885451103,False,
negative,/mnt/MammoDiffusion/MammoDiffusion/experiments/diffusers/02_sd21_filtered_100steps/generated_images/final/negative/gen_2438.png,gen_2438.png,220.0,96.0,49.0,0.0585479736328125,0.47537138389366695,0.037471771240234375,238.56764735824086,12.127326795723228,6.918402208476378,470.2480773925781,0.0,0.0,True,too_empty,,False,
negative,/mnt/MammoDiffusion/MammoDiffusion/experiments/diffusers/02_sd21_filtered_100steps/generated_images/final/negative/gen_2439.png,gen_2439.png,10.0,1.0,0.0,0.8455696105957031,0.9991744149850448,0.836212158203125,156.60094978285463,23.832412738712712,6.011743323579856,184.7547149658203,0.0,0.0,False,,-7.824901295346529,True,1337.0
negative,/mnt/MammoDiffusion/MammoDiffusion/experiments/diffusers/02_sd21_filtered_100steps/generated_images/final/negative/gen_2440.png,gen_2440.png,31.7912,9.0,2.0,0.7316131591796875,1.0,0.7253456115722656,151.39401509374426,26.26537737383881,6.560497656522953,551.591796875,0.0,0.0,False,,-7.14466606480139,True,974.0
negative,/mnt/MammoDiffusion/MammoDiffusion/experiments/diffusers/02_sd21_filtered_100steps/generated_images/final/negative/gen_2441.png,gen_2441.png,10.0,0.0,0.0,0.8312301635742188,0.9989811933805105,0.8247222900390625,143.03187848063794,29.576617558336842,6.274337859240051,464.606201171875,0.0,0.0,False,,-6.977173439385205,True,897.0
negative,/mnt/MammoDiffusion/MammoDiffusion/experiments/diffusers/02_sd21_filtered_100steps/generated_images/final/negative/gen_2442.png,gen_2442.png,123.8956,110.0,1.0,0.20594024658203125,0.9525432519542103,0.24765777587890625,159.9877391331136,38.92043771537452,4.415300612645205,461.25823974609375,0.0,0.0,False,,-20.635834631053584,False,
negative,/mnt/MammoDiffusion/MammoDiffusion/experiments/diffusers/02_sd21_filtered_100steps/generated_images/final/negative/gen_2443.png,gen_2443.png,165.95600000000002,72.0,10.0,0.10223007202148438,0.8403671778797717,0.08534622192382812,201.66034952844947,17.456829404703264,6.14744036687979,825.53857421875,0.0,0.0,True,too_empty,,False,
negative,/mnt/MammoDiffusion/MammoDiffusion/experiments/diffusers/02_sd21_filtered_100steps/generated_images/final/negative/gen_2444.png,gen_2444.png,10.0,2.0,0.0,0.726165771484375,0.9966747215801639,0.7200126647949219,98.61406538911876,55.492138223029464,6.512609097895637,1405.7464599609375,0.0,0.0,False,,-7.409654351924651,True,1128.0
negative,/mnt/MammoDiffusion/MammoDiffusion/experiments/diffusers/02_sd21_filtered_100steps/generated_images/final/negative/gen_2445.png,gen_2445.png,28.7912,6.0,2.0,0.7840042114257812,0.9994258522202003,0.7766151428222656,156.8338286219515,23.158791709243644,6.1029012569961685,208.50904846191406,0.0,0.0,False,,-7.603873481987915,True,1237.0
negative,/mnt/MammoDiffusion/MammoDiffusion/experiments/diffusers/02_sd21_filtered_100steps/generated_images/final/negative/gen_2446.png,gen_2446.png,137.6868,106.0,3.0,0.23731231689453125,0.793152226330172,0.21479034423828125,168.3416154583881,30.006391185874875,6.1923357067167375,815.4413452148438,0.0,0.0,False,,-83.3245395131267,False,
negative,/mnt/MammoDiffusion/MammoDiffusion/experiments/diffusers/02_sd21_filtered_100steps/generated_images/final/negative/gen_2447.png,gen_2447.png,10.0,0.0,0.0,0.8911819458007812,1.0,0.8821296691894531,159.0930312006746,22.849721618144088,6.110264780075788,125.72125244140625,0.0,0.0,False,,-8.706674104855294,False,
negative,/mnt/MammoDiffusion/MammoDiffusion/experiments/diffusers/02_sd21_filtered_100steps/generated_images/final/negative/gen_2448.png,gen_2448.png,177.0,93.0,23.0,0.0484161376953125,0.651591553734636,0.037677764892578125,182.17069960514326,6.732663948380858,6.141303589081515,100.19587707519531,0.0,0.0,True,too_empty,,False,
negative,/mnt/MammoDiffusion/MammoDiffusion/experiments/diffusers/02_sd21_filtered_100steps/generated_images/final/negative/gen_2449.png,gen_2449.png,60.0,55.0,0.0,0.7494621276855469,0.9985188352242361,0.7413787841796875,151.53548274229732,24.779413386064483,5.967184749180342,200.6757354736328,0.0,0.0,False,,-6.9292743457186585,True,864.0
negative,/mnt/MammoDiffusion/MammoDiffusion/experiments/diffusers/02_sd21_filtered_100steps/generated_images/final/negative/gen_2450.png,gen_2450.png,220.0,208.0,8.0,0.0606536865234375,0.14911949685534592,0.005584716796875,225.65983606557376,4.416081389253767,6.8922852147070985,1149.080810546875,0.0,0.0,True,too_empty,,False,
negative,/mnt/MammoDiffusion/MammoDiffusion/experiments/diffusers/02_sd21_filtered_100steps/generated_images/final/negative/gen_2451.png,gen_2451.png,67.0,62.0,0.0,0.6276626586914062,0.9982617997058431,0.620635986328125,161.91377784333972,23.93397055696854,5.541021675545408,267.90771484375,0.0,0.0,False,,-5.989393048899821,True,451.0
negative,/mnt/MammoDiffusion/MammoDiffusion/experiments/diffusers/02_sd21_filtered_100steps/generated_images/final/negative/gen_2452.png,gen_2452.png,214.7472,103.0,12.0,0.05382537841796875,0.7673990077958894,0.04445648193359375,223.215290887249,8.833426164888,6.819968170508979,605.7214965820312,0.0,0.0,True,too_empty,,False,
negative,/mnt/MammoDiffusion/MammoDiffusion/experiments/diffusers/02_sd21_filtered_100steps/generated_images/final/negative/gen_2453.png,gen_2453.png,170.5824,130.0,4.0,0.15380096435546875,0.5308795079120988,0.07883834838867188,211.44989596941986,16.473480754397276,6.3010229849752335,363.82958984375,0.0,0.0,True,too_empty,,False,
negative,/mnt/MammoDiffusion/MammoDiffusion/experiments/diffusers/02_sd21_filtered_100steps/generated_images/final/negative/gen_2454.png,gen_2454.png,82.8956,69.0,1.0,0.5493049621582031,1.0,0.5432891845703125,163.7127931470299,24.637197010911358,5.336159885102353,99.11610412597656,0.0,0.0,False,,-5.783781663675913,True,370.0
negative,/mnt/MammoDiffusion/MammoDiffusion/experiments/diffusers/02_sd21_filtered_100steps/generated_images/final/negative/gen_2455.png,gen_2455.png,97.8956,84.0,1.0,0.22663116455078125,0.8456152162935533,0.215301513671875,151.3200035435861,48.12970814470991,5.678937002659216,632.6358642578125,0.0,0.0,False,,-62.582068854825906,False,
negative,/mnt/MammoDiffusion/MammoDiffusion/experiments/diffusers/02_sd21_filtered_100steps/generated_images/final/negative/gen_2456.png,gen_2456.png,168.06040000000002,83.0,9.0,0.16643905639648438,0.667621645160551,0.10710525512695312,207.2359938739894,15.482479558990068,6.996598118947891,360.96649169921875,0.0,0.0,True,too_empty,,False,
negative,/mnt/MammoDiffusion/MammoDiffusion/experiments/diffusers/02_sd21_filtered_100steps/generated_images/final/negative/gen_2457.png,gen_2457.png,115.8956,102.0,1.0,0.32991790771484375,1.0,0.3245887756347656,173.85726709680452,19.64731982326628,4.678598396118653,84.30670166015625,0.0,0.0,False,,-5.045044451220859,True,152.0
negative,/mnt/MammoDiffusion/MammoDiffusion/experiments/diffusers/02_sd21_filtered_100steps/generated_images/final/negative/gen_2458.png,gen_2458.png,14.8956,1.0,1.0,0.9396591186523438,0.9991271729334297,0.9329109191894531,118.69968555387905,41.55068590331927,7.246116717792097,779.1795654296875,0.0,0.0,True,too_full,,False,
negative,/mnt/MammoDiffusion/MammoDiffusion/experiments/diffusers/02_sd21_filtered_100steps/generated_images/final/negative/gen_2459.png,gen_2459.png,10.0,0.0,0.0,0.8346900939941406,0.9984050016224195,0.8256378173828125,144.69599789314162,25.033095188680345,5.758305965624903,210.82510375976562,0.0,0.0,False,,-7.217205160188653,True,1020.0
negative,/mnt/MammoDiffusion/MammoDiffusion/experiments/diffusers/02_sd21_filtered_100steps/generated_images/final/negative/gen_2460.png,gen_2460.png,93.7912,71.0,2.0,0.488433837890625,0.9981880662293033,0.48178863525390625,165.92980886474845,23.3102404937861,6.010664285313899,165.099853515625,0.0,0.0,False,,-5.718118496049666,True,347.0
negative,/mnt/MammoDiffusion/MammoDiffusion/experiments/diffusers/02_sd21_filtered_100steps/generated_images/final/negative/gen_2461.png,gen_2461.png,44.7912,22.0,2.0,0.3689117431640625,0.9958224759068536,0.3631553649902344,151.42472084790808,46.03565953682649,5.815962217286783,849.673828125,0.0,0.0,False,,-4.7222998422629106,True,89.0
negative,/mnt/MammoDiffusion/MammoDiffusion/experiments/diffusers/02_sd21_filtered_100steps/generated_images/final/negative/gen_2462.png,gen_2462.png,196.0,186.0,5.0,0.04366302490234375,0.08055215795911236,0.003505706787109375,203.2600652883569,7.193035895427484,6.520071137644169,801.2053833007812,0.0,0.0,True,too_empty,,False,
negative,/mnt/MammoDiffusion/MammoDiffusion/experiments/diffusers/02_sd21_filtered_100steps/generated_images/final/negative/gen_2463.png,gen_2463.png,220.0,216.0,28.0,0.3203392028808594,0.9131527240250075,0.2910041809082031,243.97463459395686,14.91254526448053,6.574751792424324,1284.62841796875,0.0,0.0,False,,-40.36464972885053,False,
negative,/mnt/MammoDiffusion/MammoDiffusion/experiments/diffusers/02_sd21_filtered_100steps/generated_images/final/negative/gen_2464.png,gen_2464.png,189.0,176.0,1.0,0.049190521240234375,0.6538193098100039,0.03141021728515625,203.01433082341512,10.415792955449852,5.73744392043519,694.572021484375,0.0,0.0,True,too_empty,,False,
negative,/mnt/MammoDiffusion/MammoDiffusion/experiments/diffusers/02_sd21_filtered_100steps/generated_images/final/negative/gen_2465.png,gen_2465.png,45.7912,23.0,2.0,0.44452667236328125,0.99755427786836,0.44171142578125,115.28863824789278,49.554161333386425,6.193404731388021,1089.0035400390625,0.0,0.0,False,,-4.479623175771851,True,52.0
negative,/mnt/MammoDiffusion/MammoDiffusion/experiments/diffusers/02_sd21_filtered_100steps/generated_images/final/negative/gen_2466.png,gen_2466.png,148.8956,135.0,1.0,0.19791030883789062,0.9651124689192575,0.21096420288085938,175.63640308844006,24.570570634615727,4.308422434179157,133.973388671875,0.0,0.0,False,,-17.505469062313118,False,
negative,/mnt/MammoDiffusion/MammoDiffusion/experiments/diffusers/02_sd21_filtered_100steps/generated_images/final/negative/gen_2467.png,gen_2467.png,220.0,228.0,17.0,0.48090362548828125,0.9769327177827487,0.4626197814941406,244.42912272311233,12.993559030903818,5.452489070735599,1019.1470947265625,0.0,0.0,False,,-14.849309642354962,False,
negative,/mnt/MammoDiffusion/MammoDiffusion/experiments/diffusers/02_sd21_filtered_100steps/generated_images/final/negative/gen_2468.png,gen_2468.png,130.8956,117.0,1.0,0.34375,0.8914129083806818,0.38777923583984375,160.40773604580244,32.74545857844228,5.98343296308699,574.4520874023438,0.0,0.0,False,,-44.42737306014425,False,
negative,/mnt/MammoDiffusion/MammoDiffusion/experiments/diffusers/02_sd21_filtered_100steps/generated_images/final/negative/gen_2469.png,gen_2469.png,109.8956,96.0,1.0,0.18837738037109375,0.4800129601879227,0.08971405029296875,183.2306743770729,29.78640233520175,4.987392975831576,527.8467407226562,0.0,0.0,True,too_empty,,False,
negative,/mnt/MammoDiffusion/MammoDiffusion/experiments/diffusers/02_sd21_filtered_100steps/generated_images/final/negative/gen_2470.png,gen_2470.png,159.7912,137.0,2.0,0.19616317749023438,0.8848764171674154,0.20195770263671875,187.4417097956254,28.314750363411175,5.260027930522274,390.92266845703125,0.0,0.0,False,,-48.48199077905175,False,
negative,/mnt/MammoDiffusion/MammoDiffusion/experiments/diffusers/02_sd21_filtered_100steps/generated_images/final/negative/gen_2471.png,gen_2471.png,10.0,0.0,0.0,0.7670860290527344,0.9988015137726457,0.761749267578125,117.19881515163655,40.28113824796993,6.298620664363714,749.033447265625,0.0,0.0,False,,-5.361855761806828,True,231.0
negative,/mnt/MammoDiffusion/MammoDiffusion/experiments/diffusers/02_sd21_filtered_100steps/generated_images/final/negative/gen_2472.png,gen_2472.png,14.8956,1.0,1.0,0.761627197265625,1.0,0.7558364868164062,152.8864781112154,25.21818422716206,6.233649330484254,383.0386047363281,0.0,0.0,False,,-7.380204098551145,True,1112.0
negative,/mnt/MammoDiffusion/MammoDiffusion/experiments/diffusers/02_sd21_filtered_100steps/generated_images/final/negative/gen_2473.png,gen_2473.png,76.8956,63.0,1.0,0.7063560485839844,0.999519352800445,0.7025527954101562,145.57188467177065,35.54471069323674,6.510240107664078,710.5737915039062,0.0,0.0,False,,-6.00070958705623,True,458.0
negative,/mnt/MammoDiffusion/MammoDiffusion/experiments/diffusers/02_sd21_filtered_100steps/generated_images/final/negative/gen_2474.png,gen_2474.png,10.0,0.0,0.0,0.8449516296386719,0.9982076668517691,0.8353614807128906,154.26542000593648,22.647123193260676,5.893612330232562,200.9864044189453,0.0,0.0,False,,-7.781937216210407,True,1324.0
negative,/mnt/MammoDiffusion/MammoDiffusion/experiments/diffusers/02_sd21_filtered_100steps/generated_images/final/negative/gen_2475.png,gen_2475.png,176.95600000000002,83.0,10.0,0.17370223999023438,0.5524980784012298,0.09312057495117188,207.39760763590184,13.782974092797687,6.837276280256825,105.58049011230469,0.0,0.0,True,too_empty,,False,
negative,/mnt/MammoDiffusion/MammoDiffusion/experiments/diffusers/02_sd21_filtered_100steps/generated_images/final/negative/gen_2476.png,gen_2476.png,68.8956,55.0,1.0,0.6718215942382812,0.9999545748776361,0.6658210754394531,159.7835351006354,23.050190380263203,6.026274557482632,214.48390197753906,0.0,0.0,False,,-7.0412880579504655,True,921.0
negative,/mnt/MammoDiffusion/MammoDiffusion/experiments/diffusers/02_sd21_filtered_100steps/generated_images/final/negative/gen_2477.png,gen_2477.png,120.8956,107.0,1.0,0.36736297607421875,0.9950052958401695,0.3654022216796875,161.14727314486157,29.306376318531562,5.05491186966413,194.86373901367188,0.0,0.0,False,,-5.161652141167637,True,185.0
negative,/mnt/MammoDiffusion/MammoDiffusion/experiments/diffusers/02_sd21_filtered_100steps/generated_images/final/negative/gen_2478.png,gen_2478.png,14.8956,1.0,1.0,0.798919677734375,1.0,0.7941398620605469,147.19519740223558,28.30765993032576,6.363716369191508,296.57965087890625,0.0,0.0,False,,-7.597481670812185,True,1233.0
negative,/mnt/MammoDiffusion/MammoDiffusion/experiments/diffusers/02_sd21_filtered_100steps/generated_images/final/negative/gen_2479.png,gen_2479.png,79.7912,57.0,2.0,0.5678596496582031,0.9978570612853601,0.5605049133300781,177.17371863366296,20.777214468750707,6.149511374048676,256.3755187988281,0.0,0.0,False,,-6.705505812340934,True,759.0
negative,/mnt/MammoDiffusion/MammoDiffusion/experiments/diffusers/02_sd21_filtered_100steps/generated_images/final/negative/gen_2480.png,gen_2480.png,86.1648,10.0,8.0,0.6004791259765625,0.9978718267984652,0.5923995971679688,177.1383247260036,27.578686950687942,7.134567598191593,621.8154296875,0.0,0.0,False,,-6.897446753024571,True,846.0
negative,/mnt/MammoDiffusion/MammoDiffusion/experiments/diffusers/02_sd21_filtered_100steps/generated_images/final/negative/gen_2481.png,gen_2481.png,83.7912,61.0,2.0,0.8056449890136719,0.9977035441179952,0.8008003234863281,144.01337144218172,34.114279880679845,7.071669377158701,583.7703247070312,0.0,0.0,False,,-7.431803305088447,True,1137.0
negative,/mnt/MammoDiffusion/MammoDiffusion/experiments/diffusers/02_sd21_filtered_100steps/generated_images/final/negative/gen_2482.png,gen_2482.png,220.0,186.0,48.0,0.3856315612792969,0.9661493110168067,0.3720893859863281,234.67690509631848,13.101419429569603,6.46636712456814,1164.6612548828125,0.0,0.0,False,,-19.39082498629686,False,
negative,/mnt/MammoDiffusion/MammoDiffusion/experiments/diffusers/02_sd21_filtered_100steps/generated_images/final/negative/gen_2483.png,gen_2483.png,30.8956,17.0,1.0,0.649658203125,0.9984263434798948,0.6425247192382812,164.86560314425827,20.683542684269643,5.970556895084131,247.10519409179688,0.0,0.0,False,,-6.692790919160208,True,755.0
negative,/mnt/MammoDiffusion/MammoDiffusion/experiments/diffusers/02_sd21_filtered_100steps/generated_images/final/negative/gen_2484.png,gen_2484.png,10.0,0.0,0.0,0.8940467834472656,0.9986431652650308,0.8826522827148438,138.8320007606469,24.40623472376969,6.060100305881302,200.09695434570312,0.0,0.0,False,,-7.7121979428529475,True,1292.0
negative,/mnt/MammoDiffusion/MammoDiffusion/experiments/diffusers/02_sd21_filtered_100steps/generated_images/final/negative/gen_2485.png,gen_2485.png,155.8956,142.0,1.0,0.1065673828125,0.8035509736540665,0.08703231811523438,191.82524654832346,22.05958923031478,6.288202593428206,773.2392578125,0.0,0.0,True,too_empty,,False,
negative,/mnt/MammoDiffusion/MammoDiffusion/experiments/diffusers/02_sd21_filtered_100steps/generated_images/final/negative/gen_2486.png,gen_2486.png,43.8956,30.0,1.0,0.7945060729980469,1.0,0.7876815795898438,150.96474821537538,23.097577137304366,6.336963904599091,122.88951873779297,0.0,0.0,False,,-8.108420034742736,False,
negative,/mnt/MammoDiffusion/MammoDiffusion/experiments/diffusers/02_sd21_filtered_100steps/generated_images/final/negative/gen_2487.png,gen_2487.png,133.3736,75.0,6.0,0.6014328002929688,0.9887163679263234,0.5922889709472656,168.34238237851415,20.7642439550109,6.957820136986341,415.2381591796875,0.0,0.0,False,,-10.707356388930094,False,
negative,/mnt/MammoDiffusion/MammoDiffusion/experiments/diffusers/02_sd21_filtered_100steps/generated_images/final/negative/gen_2488.png,gen_2488.png,14.8956,1.0,1.0,0.8165092468261719,0.9986171003022757,0.8107147216796875,97.68460973819427,55.93565475067578,7.100347249357531,1582.5081787109375,0.0,0.0,False,,-8.024864387216482,False,
negative,/mnt/MammoDiffusion/MammoDiffusion/experiments/diffusers/02_sd21_filtered_100steps/generated_images/final/negative/gen_2489.png,gen_2489.png,86.8956,73.0,1.0,0.3941612243652344,0.8223697581464671,0.3495292663574219,139.11392930031542,46.41239067189002,6.529353810354981,1052.914306640625,0.0,0.0,False,,-71.30774907063773,False,
negative,/mnt/MammoDiffusion/MammoDiffusion/experiments/diffusers/02_sd21_filtered_100steps/generated_images/final/negative/gen_2490.png,gen_2490.png,211.6868,180.0,3.0,0.052379608154296875,0.7083242298448765,0.03830718994140625,219.07657837084247,6.65281289843204,6.580690443929294,193.78102111816406,0.0,0.0,True,too_empty,,False,
negative,/mnt/MammoDiffusion/MammoDiffusion/experiments/diffusers/02_sd21_filtered_100steps/generated_images/final/negative/gen_2491.png,gen_2491.png,110.7912,88.0,2.0,0.4518890380859375,0.9974252912375485,0.4468650817871094,181.06870235524104,22.957617698811042,5.665426269430318,400.4618225097656,0.0,0.0,False,,-5.452043177292015,True,249.0
negative,/mnt/MammoDiffusion/MammoDiffusion/experiments/diffusers/02_sd21_filtered_100steps/generated_images/final/negative/gen_2492.png,gen_2492.png,112.8956,99.0,1.0,0.19707489013671875,0.8273005303704851,0.17739486694335938,155.9573790938219,39.39904389194846,6.10711152104701,562.3178100585938,0.0,0.0,False,,-69.85508238049357,False,
negative,/mnt/MammoDiffusion/MammoDiffusion/experiments/diffusers/02_sd21_filtered_100steps/generated_images/final/negative/gen_2493.png,gen_2493.png,66.8956,53.0,1.0,0.6868476867675781,0.9983449317700899,0.6794776916503906,161.27718236479697,23.005625916065075,6.214296652656899,231.77401733398438,0.0,0.0,False,,-7.011889975873401,True,911.0
negative,/mnt/MammoDiffusion/MammoDiffusion/experiments/diffusers/02_sd21_filtered_100steps/generated_images/final/negative/gen_2494.png,gen_2494.png,10.0,0.0,0.0,0.9076004028320312,0.9989912660451745,0.8997840881347656,153.52810622665586,23.214093421182895,6.070459351076826,377.6524963378906,0.0,0.0,False,,-7.957491980491193,False,
negative,/mnt/MammoDiffusion/MammoDiffusion/experiments/diffusers/02_sd21_filtered_100steps/generated_images/final/negative/gen_2495.png,gen_2495.png,178.0,173.0,2.0,0.049098968505859375,0.4315127029756818,0.019886016845703125,200.97506234413964,14.630618861439217,5.784908539317063,779.2440795898438,0.0,0.0,True,too_empty,,False,
negative,/mnt/MammoDiffusion/MammoDiffusion/experiments/diffusers/02_sd21_filtered_100steps/generated_images/final/negative/gen_2496.png,gen_2496.png,10.0,0.0,0.0,0.9043807983398438,0.998987674942424,0.8947105407714844,96.04484465535104,49.92236300444953,7.1258488645966755,1043.8460693359375,0.0,0.0,False,,-7.568913900644203,True,1220.0
negative,/mnt/MammoDiffusion/MammoDiffusion/experiments/diffusers/02_sd21_filtered_100steps/generated_images/final/negative/gen_2497.png,gen_2497.png,53.7912,31.0,2.0,0.531280517578125,1.0,0.5251197814941406,172.66094713672388,22.227020090534662,6.175150806623473,256.41302490234375,0.0,0.0,False,,-6.44951211163651,True,646.0
negative,/mnt/MammoDiffusion/MammoDiffusion/experiments/diffusers/02_sd21_filtered_100steps/generated_images/final/negative/gen_2498.png,gen_2498.png,208.912,26.0,20.0,0.0665435791015625,0.38746847053428113,0.028438568115234375,223.48182427900738,10.21506683784549,7.785878221475119,1344.8271484375,0.0,0.0,True,too_empty,,False,
negative,/mnt/MammoDiffusion/MammoDiffusion/experiments/diffusers/02_sd21_filtered_100steps/generated_images/final/negative/gen_2499.png,gen_2499.png,89.8956,76.0,1.0,0.5296974182128906,0.9978467056036066,0.5228843688964844,169.58203412829846,27.919000006586735,5.839274170069453,407.84552001953125,0.0,0.0,False,,-5.473959275825086,True,259.0
negative,/mnt/MammoDiffusion/MammoDiffusion/experiments/diffusers/02_sd21_filtered_100steps/generated_images/final/negative/gen_2500.png,gen_2500.png,127.0,122.0,0.0,0.33856964111328125,0.9658944948960047,0.3295249938964844,163.46888855446096,28.452504365436013,4.3977416021632685,428.2150573730469,0.0,0.0,False,,-15.6703955241438,False,
negative,/mnt/MammoDiffusion/MammoDiffusion/experiments/diffusers/02_sd21_filtered_100steps/generated_images/final/negative/gen_2501.png,gen_2501.png,207.0,198.0,5.0,0.041118621826171875,0.27831895352073477,0.01103973388671875,221.90255701451278,11.636372109323961,7.054992320351882,498.8040771484375,0.0,0.0,True,too_empty,,False,
negative,/mnt/MammoDiffusion/MammoDiffusion/experiments/diffusers/02_sd21_filtered_100steps/generated_images/final/negative/gen_2502.png,gen_2502.png,132.6868,101.0,3.0,0.4786262512207031,0.9923407375527022,0.473968505859375,168.3309912433198,26.168459760001006,6.305917893289184,206.5891571044922,0.0,0.0,False,,-7.967362156066054,False,
negative,/mnt/MammoDiffusion/MammoDiffusion/experiments/diffusers/02_sd21_filtered_100steps/generated_images/final/negative/gen_2503.png,gen_2503.png,169.06040000000002,84.0,9.0,0.11202621459960938,0.714032757857459,0.07851409912109375,210.93883004567098,18.484254654976212,5.6578451735463435,817.18701171875,0.0,0.0,True,too_empty,,False,
negative,/mnt/MammoDiffusion/MammoDiffusion/experiments/diffusers/02_sd21_filtered_100steps/generated_images/final/negative/gen_2504.png,gen_2504.png,192.85160000000002,90.0,11.0,0.102752685546875,0.8622661122661123,0.08880996704101562,220.64503242987846,15.265892936066809,7.101373521940119,742.706787109375,0.0,0.0,True,too_empty,,False,
negative,/mnt/MammoDiffusion/MammoDiffusion/experiments/diffusers/02_sd21_filtered_100steps/generated_images/final/negative/gen_2505.png,gen_2505.png,79.8956,66.0,1.0,0.6413612365722656,0.9980253257915054,0.6357688903808594,150.11522053485177,29.120653474716345,5.925002458889653,375.4808654785156,0.0,0.0,False,,-5.8770994424214456,True,407.0
negative,/mnt/MammoDiffusion/MammoDiffusion/experiments/diffusers/02_sd21_filtered_100steps/generated_images/final/negative/gen_2506.png,gen_2506.png,75.7912,53.0,2.0,0.7590599060058594,0.9990099656754597,0.7570877075195312,136.60410851228926,37.09947564771608,7.004898767032245,649.4196166992188,0.0,0.0,False,,-6.386792385220879,True,614.0
negative,/mnt/MammoDiffusion/MammoDiffusion/experiments/diffusers/02_sd21_filtered_100steps/generated_images/final/negative/gen_2507.png,gen_2507.png,145.6868,114.0,3.0,0.24199295043945312,0.9673534372684711,0.2464447021484375,177.18888923286482,25.29735487097559,6.009660743620756,205.28643798828125,0.0,0.0,False,,-17.749363638909593,False,
negative,/mnt/MammoDiffusion/MammoDiffusion/experiments/diffusers/02_sd21_filtered_100steps/generated_images/final/negative/gen_2508.png,gen_2508.png,190.0,99.0,32.0,0.04938507080078125,0.9098563262783872,0.0437774658203125,203.77248170094109,9.659130038942331,6.061885926754668,144.85076904296875,0.0,0.0,True,too_empty,,False,
negative,/mnt/MammoDiffusion/MammoDiffusion/experiments/diffusers/02_sd21_filtered_100steps/generated_images/final/negative/gen_2509.png,gen_2509.png,131.7912,109.0,2.0,0.4936256408691406,0.9817698472191095,0.5341339111328125,157.4955434937866,27.157232647970357,6.260254621576956,281.1619567871094,0.0,0.0,False,,-12.003337587642145,False,
negative,/mnt/MammoDiffusion/MammoDiffusion/experiments/diffusers/02_sd21_filtered_100steps/generated_images/final/negative/gen_2510.png,gen_2510.png,17.0,12.0,0.0,0.8237419128417969,0.9985134690815461,0.8151588439941406,144.95538843833796,28.593379529032074,6.19574124100399,245.00917053222656,0.0,0.0,False,,-7.243249686954403,True,1042.0
negative,/mnt/MammoDiffusion/MammoDiffusion/experiments/diffusers/02_sd21_filtered_100steps/generated_images/final/negative/gen_2511.png,gen_2511.png,109.8956,96.0,1.0,0.19230270385742188,0.6960583999523914,0.14311981201171875,160.19188123034277,41.25263421410077,5.83973914431375,592.8578491210938,0.0,0.0,True,fragmented_mask,,False,
negative,/mnt/MammoDiffusion/MammoDiffusion/experiments/diffusers/02_sd21_filtered_100steps/generated_images/final/negative/gen_2512.png,gen_2512.png,65.5824,25.0,4.0,0.5068092346191406,0.9992397841288001,0.502716064453125,160.7743580404298,25.143321998092375,6.618030027127094,806.3468017578125,0.0,0.0,False,,-5.5905787571421115,True,302.0
negative,/mnt/MammoDiffusion/MammoDiffusion/experiments/diffusers/02_sd21_filtered_100steps/generated_images/final/negative/gen_2513.png,gen_2513.png,178.8956,165.0,1.0,0.08729171752929688,0.8286500895861557,0.07117843627929688,208.73240795326652,16.40899448801657,6.704591521035407,1140.4051513671875,0.0,0.0,True,too_empty,,False,
negative,/mnt/MammoDiffusion/MammoDiffusion/experiments/diffusers/02_sd21_filtered_100steps/generated_images/final/negative/gen_2514.png,gen_2514.png,71.0,66.0,0.0,0.571807861328125,0.9982054224262155,0.5648040771484375,159.5286505470755,20.884725305266787,5.01558231165092,135.190673828125,0.0,0.0,False,,-5.4873053309682005,True,264.0
negative,/mnt/MammoDiffusion/MammoDiffusion/experiments/diffusers/02_sd21_filtered_100steps/generated_images/final/negative/gen_2515.png,gen_2515.png,220.0,65.0,50.0,0.10725021362304688,0.48166459185488175,0.04929351806640625,254.64130939483053,4.616750363879716,7.183004671074992,1200.86328125,0.0,0.0,True,too_empty,,False,
negative,/mnt/MammoDiffusion/MammoDiffusion/experiments/diffusers/02_sd21_filtered_100steps/generated_images/final/negative/gen_2516.png,gen_2516.png,78.8956,65.0,1.0,0.553070068359375,0.9977583733377476,0.5463333129882812,175.282876454077,22.765615291055322,5.8736616155598895,249.68296813964844,0.0,0.0,False,,-6.28239480171405,True,573.0
negative,/mnt/MammoDiffusion/MammoDiffusion/experiments/diffusers/02_sd21_filtered_100steps/generated_images/final/negative/gen_2517.png,gen_2517.png,107.8956,94.0,1.0,0.5816268920898438,0.9999344133272119,0.5758743286132812,159.5585047892847,19.98995849351541,5.683236224792829,129.46319580078125,0.0,0.0,False,,-6.409466156346836,True,630.0
negative,/mnt/MammoDiffusion/MammoDiffusion/experiments/diffusers/02_sd21_filtered_100steps/generated_images/final/negative/gen_2518.png,gen_2518.png,45.5824,5.0,4.0,0.4028358459472656,0.9785702786905427,0.4421539306640625,108.9833316078269,60.6238994537636,6.603845909566086,1457.4451904296875,0.0,0.0,False,,-13.007419448496565,False,
negative,/mnt/MammoDiffusion/MammoDiffusion/experiments/diffusers/02_sd21_filtered_100steps/generated_images/final/negative/gen_2519.png,gen_2519.png,121.8956,108.0,1.0,0.18230438232421875,0.5246913580246914,0.09348297119140625,202.82159471149922,26.189400180138232,5.602664351944848,662.5858764648438,0.0,0.0,True,too_empty,,False,
negative,/mnt/MammoDiffusion/MammoDiffusion/experiments/diffusers/02_sd21_filtered_100steps/generated_images/final/negative/gen_2520.png,gen_2520.png,10.0,0.0,0.0,0.942657470703125,0.998700993881317,0.9297256469726562,137.35543364981413,29.125119758585992,6.665431001646358,508.8155212402344,0.0,0.0,False,,-7.830834267928282,True,1341.0
negative,/mnt/MammoDiffusion/MammoDiffusion/experiments/diffusers/02_sd21_filtered_100steps/generated_images/final/negative/gen_2521.png,gen_2521.png,53.0,48.0,0.0,0.5397377014160156,0.9977171370212525,0.5325698852539062,168.95335577680683,25.74779356892952,5.061289644018709,340.3785705566406,0.0,0.0,False,,-5.1252158343095955,True,174.0
negative,/mnt/MammoDiffusion/MammoDiffusion/experiments/diffusers/02_sd21_filtered_100steps/generated_images/final/negative/gen_2522.png,gen_2522.png,174.5824,134.0,4.0,0.10411453247070312,0.4652108599274539,0.04936981201171875,192.18783804666975,11.88889729857606,5.759310396258381,162.65072631835938,0.0,0.0,True,too_empty,,False,
negative,/mnt/MammoDiffusion/MammoDiffusion/experiments/diffusers/02_sd21_filtered_100steps/generated_images/final/negative/gen_2523.png,gen_2523.png,150.85160000000002,48.0,11.0,0.2802314758300781,0.9659547242754659,0.28366851806640625,179.9609881391033,26.15792115336267,7.011536384240667,364.810302734375,0.0,0.0,False,,-18.667576697375992,False,
negative,/mnt/MammoDiffusion/MammoDiffusion/experiments/diffusers/02_sd21_filtered_100steps/generated_images/final/negative/gen_2524.png,gen_2524.png,179.6428,59.0,13.0,0.12798309326171875,0.8812220566318927,0.12047195434570312,201.6160666223362,16.88114097665471,7.3740253632938675,856.1376953125,0.0,0.0,False,,-52.88927434717214,False,
negative,/mnt/MammoDiffusion/MammoDiffusion/experiments/diffusers/02_sd21_filtered_100steps/generated_images/final/negative/gen_2525.png,gen_2525.png,127.8956,114.0,1.0,0.192413330078125,0.7808287073750991,0.16907119750976562,178.20897542925476,41.52549945756359,5.304882802889579,783.5234375,0.0,0.0,False,,-87.31872327768052,False,
negative,/mnt/MammoDiffusion/MammoDiffusion/experiments/diffusers/02_sd21_filtered_100steps/generated_images/final/negative/gen_2526.png,gen_2526.png,204.0,72.0,43.0,0.048595428466796875,0.8359368867258027,0.039276123046875,222.26573426573427,10.959206653532904,6.7317362791730915,443.44012451171875,0.0,0.0,True,too_empty,,False,
negative,/mnt/MammoDiffusion/MammoDiffusion/experiments/diffusers/02_sd21_filtered_100steps/generated_images/final/negative/gen_2527.png,gen_2527.png,139.8956,126.0,1.0,0.42191314697265625,0.9485000271242835,0.4018440246582031,166.80405540103095,23.216088841511166,4.9120393151480926,174.02586364746094,0.0,0.0,False,,-23.110673637378184,False,
negative,/mnt/MammoDiffusion/MammoDiffusion/experiments/diffusers/02_sd21_filtered_100steps/generated_images/final/negative/gen_2528.png,gen_2528.png,24.7912,2.0,2.0,0.6306991577148438,0.9978165410623344,0.6250686645507812,100.6246689206508,59.55395746971879,6.519225996351966,1401.8040771484375,0.0,0.0,False,,-6.589569784768038,True,706.0
negative,/mnt/MammoDiffusion/MammoDiffusion/experiments/diffusers/02_sd21_filtered_100steps/generated_images/final/negative/gen_2529.png,gen_2529.png,220.0,238.0,16.0,0.33684539794921875,0.9356413218273651,0.3098106384277344,252.32665148063782,18.175175312340343,6.292050342048363,1083.8450927734375,0.0,0.0,False,,-31.169828734605417,False,
negative,/mnt/MammoDiffusion/MammoDiffusion/experiments/diffusers/02_sd21_filtered_100steps/generated_images/final/negative/gen_2530.png,gen_2530.png,123.0,118.0,0.0,0.13332748413085938,0.5754627907642128,0.07464218139648438,199.31686001942046,32.6706076414763,4.1604643489763875,586.4481201171875,0.0,0.0,True,too_empty,,False,
negative,/mnt/MammoDiffusion/MammoDiffusion/experiments/diffusers/02_sd21_filtered_100steps/generated_images/final/negative/gen_2531.png,gen_2531.png,127.8956,114.0,1.0,0.149993896484375,0.4781536113936928,0.06998825073242188,196.3104594756636,28.13236707079349,5.372515696625376,646.5851440429688,0.0,0.0,True,too_empty,,False,
negative,/mnt/MammoDiffusion/MammoDiffusion/experiments/diffusers/02_sd21_filtered_100steps/generated_images/final/negative/gen_2532.png,gen_2532.png,10.0,0.0,0.0,0.701202392578125,0.7472635679157418,0.5201225280761719,89.78610457142437,55.76957022319094,6.136364406537556,1210.96826171875,0.0,0.0,True,fragmented_mask,,False,
negative,/mnt/MammoDiffusion/MammoDiffusion/experiments/diffusers/02_sd21_filtered_100steps/generated_images/final/negative/gen_2533.png,gen_2533.png,71.8956,58.0,1.0,0.7095451354980469,1.0,0.7032279968261719,158.72238767107683,21.771169513783068,5.9877562717450825,72.01472473144531,0.0,0.0,False,,-7.517815438829843,True,1191.0
negative,/mnt/MammoDiffusion/MammoDiffusion/experiments/diffusers/02_sd21_filtered_100steps/generated_images/final/negative/gen_2534.png,gen_2534.png,10.0,0.0,0.0,0.8574981689453125,0.9992348345997117,0.8495597839355469,130.97018504133234,29.707156584302034,6.274552543976927,345.75439453125,0.0,0.0,False,,-7.180063607449837,True,998.0
negative,/mnt/MammoDiffusion/MammoDiffusion/experiments/diffusers/02_sd21_filtered_100steps/generated_images/final/negative/gen_2535.png,gen_2535.png,70.7912,48.0,2.0,0.4499320983886719,0.9977701849135628,0.44428253173828125,171.46453042089536,24.061485697632495,6.066891286832829,531.50341796875,0.0,0.0,False,,-5.241416206917925,True,203.0
negative,/mnt/MammoDiffusion/MammoDiffusion/experiments/diffusers/02_sd21_filtered_100steps/generated_images/final/negative/gen_2536.png,gen_2536.png,137.5824,97.0,4.0,0.250885009765625,0.7876626931030288,0.21181488037109375,182.52368259914275,36.75648703781985,6.47782954587697,1267.290283203125,0.0,0.0,False,,-86.15537607910592,False,
negative,/mnt/MammoDiffusion/MammoDiffusion/experiments/diffusers/02_sd21_filtered_100steps/generated_images/final/negative/gen_2537.png,gen_2537.png,112.7912,90.0,2.0,0.5342063903808594,0.9958797192210741,0.5279121398925781,159.73650362384294,25.51828110632716,6.154393104897591,300.1658935546875,0.0,0.0,False,,-6.620123200515511,True,721.0
negative,/mnt/MammoDiffusion/MammoDiffusion/experiments/diffusers/02_sd21_filtered_100steps/generated_images/final/negative/gen_2538.png,gen_2538.png,87.3736,29.0,6.0,0.5975685119628906,0.9663068388562965,0.6890983581542969,127.37277946003996,45.15722125977972,7.3830938369782775,1248.9073486328125,0.0,0.0,False,,-19.20205813796342,False,
negative,/mnt/MammoDiffusion/MammoDiffusion/experiments/diffusers/02_sd21_filtered_100steps/generated_images/final/negative/gen_2539.png,gen_2539.png,147.5824,107.0,4.0,0.17142105102539062,0.6082515521730423,0.09502792358398438,189.79804102605274,23.525794483454103,6.679597546042971,831.8591918945312,0.0,0.0,True,too_empty,,False,
negative,/mnt/MammoDiffusion/MammoDiffusion/experiments/diffusers/02_sd21_filtered_100steps/generated_images/final/negative/gen_2540.png,gen_2540.png,53.8956,40.0,1.0,0.8106117248535156,0.9991293994738749,0.8030891418457031,159.095893599335,24.662934924747365,6.215629277168568,446.1742248535156,0.0,0.0,False,,-7.408853774572387,True,1126.0
negative,/mnt/MammoDiffusion/MammoDiffusion/experiments/diffusers/02_sd21_filtered_100steps/generated_images/final/negative/gen_2541.png,gen_2541.png,93.8956,80.0,1.0,0.5078964233398438,0.9980547085067071,0.5009307861328125,162.75970178805323,26.216368093209923,5.644581320097169,358.16864013671875,0.0,0.0,False,,-5.119611649180467,True,173.0
negative,/mnt/MammoDiffusion/MammoDiffusion/experiments/diffusers/02_sd21_filtered_100steps/generated_images/final/negative/gen_2542.png,gen_2542.png,77.8956,64.0,1.0,0.5877609252929688,0.9879087215566141,0.6607437133789062,121.82972692107846,44.69708625700942,6.417109816953925,1031.5687255859375,0.0,0.0,False,,-9.585301547355748,False,
negative,/mnt/MammoDiffusion/MammoDiffusion/experiments/diffusers/02_sd21_filtered_100steps/generated_images/final/negative/gen_2543.png,gen_2543.png,86.6868,55.0,3.0,0.3617439270019531,0.995929515232682,0.3566093444824219,162.72337216392285,36.26517136615938,6.052805072681311,665.5166015625,0.0,0.0,False,,-4.74355320823501,True,94.0
negative,/mnt/MammoDiffusion/MammoDiffusion/experiments/diffusers/02_sd21_filtered_100steps/generated_images/final/negative/gen_2544.png,gen_2544.png,121.7912,99.0,2.0,0.4801521301269531,0.9935965170137206,0.4726448059082031,172.03993510948257,23.246023555997652,6.392232831374443,232.51747131347656,0.0,0.0,False,,-7.7430043430430695,True,1306.0
negative,/mnt/MammoDiffusion/MammoDiffusion/experiments/diffusers/02_sd21_filtered_100steps/generated_images/final/negative/gen_2545.png,gen_2545.png,29.8956,16.0,1.0,0.7126312255859375,0.9989294049632786,0.7067222595214844,125.10593048800894,39.4943740944159,6.746890412950391,560.0748291015625,0.0,0.0,False,,-5.616216026520043,True,313.0
negative,/mnt/MammoDiffusion/MammoDiffusion/experiments/diffusers/02_sd21_filtered_100steps/generated_images/final/negative/gen_2546.png,gen_2546.png,167.6868,136.0,3.0,0.11981582641601562,0.5875386035849597,0.06744003295898438,207.23230951976922,16.031406377153985,5.276110248391929,368.6056823730469,0.0,0.0,True,too_empty,,False,
negative,/mnt/MammoDiffusion/MammoDiffusion/experiments/diffusers/02_sd21_filtered_100steps/generated_images/final/negative/gen_2547.png,gen_2547.png,85.7912,63.0,2.0,0.3775672912597656,0.9737312709013205,0.4785957336425781,129.68018746861574,52.70910787086186,6.461940534103165,1093.7591552734375,0.0,0.0,False,,-14.424570265811223,False,
negative,/mnt/MammoDiffusion/MammoDiffusion/experiments/diffusers/02_sd21_filtered_100steps/generated_images/final/negative/gen_2548.png,gen_2548.png,34.8956,21.0,1.0,0.6392250061035156,0.9984185619058418,0.6354446411132812,105.64078689863007,53.323158305698115,6.169200763651091,1459.1072998046875,0.0,0.0,False,,-5.963887949540129,True,437.0
negative,/mnt/MammoDiffusion/MammoDiffusion/experiments/diffusers/02_sd21_filtered_100steps/generated_images/final/negative/gen_2549.png,gen_2549.png,104.8956,91.0,1.0,0.3744354248046875,0.9515872692448755,0.4163703918457031,146.02807171847658,42.49657170801124,5.842155212249102,738.896484375,0.0,0.0,False,,-21.14886811478328,False,
negative,/mnt/MammoDiffusion/MammoDiffusion/experiments/diffusers/02_sd21_filtered_100steps/generated_images/final/negative/gen_2550.png,gen_2550.png,14.8956,1.0,1.0,0.849853515625,0.9987297112898592,0.8432426452636719,97.32107975082673,52.753339870097115,7.084354954401722,1356.8074951171875,0.0,0.0,False,,-7.710946459826898,True,1290.0
negative,/mnt/MammoDiffusion/MammoDiffusion/experiments/diffusers/02_sd21_filtered_100steps/generated_images/final/negative/gen_2551.png,gen_2551.png,220.0,129.0,104.0,0.13884353637695312,0.38200950627798996,0.0520782470703125,253.5909024318781,3.420524027637836,7.3529526044830575,1169.752685546875,0.0,0.0,True,too_empty,,False,
negative,/mnt/MammoDiffusion/MammoDiffusion/experiments/diffusers/02_sd21_filtered_100steps/generated_images/final/negative/gen_2552.png,gen_2552.png,14.8956,1.0,1.0,0.7879486083984375,0.9983830050930498,0.7792854309082031,143.58605869251292,20.964003906686706,6.091507676123215,367.8056335449219,0.0,0.0,False,,-7.185651594677451,True,1002.0
negative,/mnt/MammoDiffusion/MammoDiffusion/experiments/diffusers/02_sd21_filtered_100steps/generated_images/final/negative/gen_2553.png,gen_2553.png,189.0,176.0,1.0,0.049335479736328125,0.7225701693342612,0.0348663330078125,211.40142231947485,11.665609847720747,6.227942022240038,839.2544555664062,0.0,0.0,True,too_empty,,False,
negative,/mnt/MammoDiffusion/MammoDiffusion/experiments/diffusers/02_sd21_filtered_100steps/generated_images/final/negative/gen_2554.png,gen_2554.png,168.7912,146.0,2.0,0.2752952575683594,0.9617830864522565,0.3133277893066406,182.69188063844553,17.175761489832496,5.833440887696483,168.71517944335938,0.0,0.0,False,,-19.844464538000295,False,
negative,/mnt/MammoDiffusion/MammoDiffusion/experiments/diffusers/02_sd21_filtered_100steps/generated_images/final/negative/gen_2555.png,gen_2555.png,74.5824,34.0,4.0,0.6500701904296875,0.997300659577964,0.6417388916015625,155.6312742230782,30.868942114218587,6.900887123736048,971.75830078125,0.0,0.0,False,,-6.970894853922385,True,893.0
negative,/mnt/MammoDiffusion/MammoDiffusion/experiments/diffusers/02_sd21_filtered_100steps/generated_images/final/negative/gen_2556.png,gen_2556.png,90.8956,77.0,1.0,0.719482421875,0.9969460468272819,0.7371253967285156,139.48806880812285,36.4679872928527,6.549480738595128,804.85595703125,0.0,0.0,False,,-6.645391678246709,True,734.0
negative,/mnt/MammoDiffusion/MammoDiffusion/experiments/diffusers/02_sd21_filtered_100steps/generated_images/final/negative/gen_2557.png,gen_2557.png,154.0,110.0,23.0,0.04791259765625,0.20103503184713375,0.009418487548828125,161.03807209396516,6.167186755399006,6.426024833738753,162.6039276123047,0.0,0.0,True,too_empty,,False,
negative,/mnt/MammoDiffusion/MammoDiffusion/experiments/diffusers/02_sd21_filtered_100steps/generated_images/final/negative/gen_2558.png,gen_2558.png,220.0,229.0,19.0,0.290069580078125,0.5064965807469752,0.14279556274414062,247.19408008976038,11.059316043624065,6.728740419317456,1321.797607421875,0.0,0.0,True,fragmented_mask,,False,
negative,/mnt/MammoDiffusion/MammoDiffusion/experiments/diffusers/02_sd21_filtered_100steps/generated_images/final/negative/gen_2559.png,gen_2559.png,217.0,215.0,1.0,0.042938232421875,0.6872778962331201,0.028934478759765625,226.6039551746869,6.523162739187142,6.959513178137907,589.4646606445312,0.0,0.0,True,too_empty,,False,
negative,/mnt/MammoDiffusion/MammoDiffusion/experiments/diffusers/02_sd21_filtered_100steps/generated_images/final/negative/gen_2560.png,gen_2560.png,10.0,0.0,0.0,0.8949546813964844,0.9978176269250278,0.8881607055664062,108.46021921950297,55.35607721928444,7.3670681552458035,1546.2462158203125,0.0,0.0,False,,-9.187039221026938,False,
negative,/mnt/MammoDiffusion/MammoDiffusion/experiments/diffusers/02_sd21_filtered_100steps/generated_images/final/negative/gen_2561.png,gen_2561.png,118.8956,105.0,1.0,0.15136337280273438,0.6888530456916757,0.10733413696289062,172.45690727511817,42.20733185122207,5.8169811123929165,825.103515625,0.0,0.0,True,too_empty,,False,
negative,/mnt/MammoDiffusion/MammoDiffusion/experiments/diffusers/02_sd21_filtered_100steps/generated_images/final/negative/gen_2562.png,gen_2562.png,95.8956,82.0,1.0,0.51953125,0.9977605145676691,0.5125503540039062,175.02360786531906,20.97235194892112,6.283470358394095,240.8310546875,0.0,0.0,False,,-6.504101810946067,True,678.0
negative,/mnt/MammoDiffusion/MammoDiffusion/experiments/diffusers/02_sd21_filtered_100steps/generated_images/final/negative/gen_2563.png,gen_2563.png,108.8956,95.0,1.0,0.19448089599609375,0.7882586010748892,0.17208099365234375,164.10784748392817,43.50436225206368,5.575872493380476,861.2281494140625,0.0,0.0,False,,-84.6703558045531,False,
negative,/mnt/MammoDiffusion/MammoDiffusion/experiments/diffusers/02_sd21_filtered_100steps/generated_images/final/negative/gen_2564.png,gen_2564.png,79.5824,39.0,4.0,0.34952545166015625,0.9621941370353393,0.39188385009765625,127.55883383626983,49.48677876309833,6.639616185641874,976.3961791992188,0.0,0.0,False,,-18.000723605132148,False,
negative,/mnt/MammoDiffusion/MammoDiffusion/experiments/diffusers/02_sd21_filtered_100steps/generated_images/final/negative/gen_2565.png,gen_2565.png,105.8956,92.0,1.0,0.6477546691894531,0.9934984246635847,0.6384811401367188,177.6831825731595,18.245025840103605,6.041446515338202,1146.1116943359375,0.0,0.0,False,,-8.962352947978218,False,
negative,/mnt/MammoDiffusion/MammoDiffusion/experiments/diffusers/02_sd21_filtered_100steps/generated_images/final/negative/gen_2566.png,gen_2566.png,220.0,229.0,13.0,0.385894775390625,0.9534895215500198,0.3630867004394531,242.98201321692355,13.41300614909252,6.378979952467259,1240.9945068359375,0.0,0.0,False,,-24.41189886946225,False,
negative,/mnt/MammoDiffusion/MammoDiffusion/experiments/diffusers/02_sd21_filtered_100steps/generated_images/final/negative/gen_2567.png,gen_2567.png,80.7912,58.0,2.0,0.6642265319824219,1.0,0.6578598022460938,163.54284620826422,22.879989311499006,6.314109126613304,216.69729614257812,0.0,0.0,False,,-7.320752952716629,True,1087.0
negative,/mnt/MammoDiffusion/MammoDiffusion/experiments/diffusers/02_sd21_filtered_100steps/generated_images/final/negative/gen_2568.png,gen_2568.png,107.8956,94.0,1.0,0.33978271484375,0.9967666606790012,0.33351898193359375,173.66305615921308,17.094777538595427,4.841207757445128,209.1171112060547,0.0,0.0,False,,-5.385758721976266,True,238.0
negative,/mnt/MammoDiffusion/MammoDiffusion/experiments/diffusers/02_sd21_filtered_100steps/generated_images/final/negative/gen_2569.png,gen_2569.png,131.8956,118.0,1.0,0.23892974853515625,0.9956413449564134,0.23386383056640625,173.0044041366261,25.530584271058018,5.175716210599534,156.27792358398438,0.0,0.0,False,,-6.373548470911985,True,605.0
negative,/mnt/MammoDiffusion/MammoDiffusion/experiments/diffusers/02_sd21_filtered_100steps/generated_images/final/negative/gen_2570.png,gen_2570.png,97.7912,75.0,2.0,0.5115852355957031,0.9998135844723323,0.5059013366699219,170.83642615311533,22.60804613261216,5.828154863678108,218.4407501220703,0.0,0.0,False,,-5.9530881950932635,True,432.0
negative,/mnt/MammoDiffusion/MammoDiffusion/experiments/diffusers/02_sd21_filtered_100steps/generated_images/final/negative/gen_2571.png,gen_2571.png,74.7912,52.0,2.0,0.6127357482910156,0.9982817120622568,0.6058082580566406,175.57523188232406,23.78538669802746,6.275707083190112,349.1504211425781,0.0,0.0,False,,-6.643978598614017,True,733.0
negative,/mnt/MammoDiffusion/MammoDiffusion/experiments/diffusers/02_sd21_filtered_100steps/generated_images/final/negative/gen_2572.png,gen_2572.png,181.0,176.0,1.0,0.04940032958984375,0.5819305019305019,0.02941131591796875,202.67717250324253,14.459314907539872,5.889340734717665,799.8302612304688,0.0,0.0,True,too_empty,,False,
negative,/mnt/MammoDiffusion/MammoDiffusion/experiments/diffusers/02_sd21_filtered_100steps/generated_images/final/negative/gen_2573.png,gen_2573.png,220.0,210.0,43.0,0.149169921875,0.44379091653027825,0.06342315673828125,252.86599302297606,6.287382764828957,7.066953980248478,484.09552001953125,0.0,0.0,True,too_empty,,False,
negative,/mnt/MammoDiffusion/MammoDiffusion/experiments/diffusers/02_sd21_filtered_100steps/generated_images/final/negative/gen_2574.png,gen_2574.png,19.8956,6.0,1.0,0.7169303894042969,0.9990688468066766,0.71234130859375,97.73753320195355,50.547671028485404,6.981868834444444,1124.189697265625,0.0,0.0,False,,-6.416515671105734,True,633.0
negative,/mnt/MammoDiffusion/MammoDiffusion/experiments/diffusers/02_sd21_filtered_100steps/generated_images/final/negative/gen_2575.png,gen_2575.png,220.0,109.0,93.0,0.18687057495117188,0.6281054157225386,0.11346817016601562,252.75488317364264,1.8843147913625444,6.764751547118067,1123.4862060546875,0.0,0.0,True,low_contrast,,False,
negative,/mnt/MammoDiffusion/MammoDiffusion/experiments/diffusers/02_sd21_filtered_100steps/generated_images/final/negative/gen_2576.png,gen_2576.png,15.8956,2.0,1.0,0.6133575439453125,0.9975806652237729,0.6096115112304688,104.33332916160845,55.96488125385915,6.666927507379504,1605.47705078125,0.0,0.0,False,,-6.842267250752858,True,824.0
negative,/mnt/MammoDiffusion/MammoDiffusion/experiments/diffusers/02_sd21_filtered_100steps/generated_images/final/negative/gen_2577.png,gen_2577.png,164.2692,97.0,7.0,0.19191360473632812,0.441094038839969,0.09196853637695312,175.60885976191463,18.616178312607865,6.879191115302891,336.07476806640625,0.0,0.0,True,too_empty,,False,
negative,/mnt/MammoDiffusion/MammoDiffusion/experiments/diffusers/02_sd21_filtered_100steps/generated_images/final/negative/gen_2578.png,gen_2578.png,144.7912,122.0,2.0,0.180267333984375,0.733832740815981,0.15098953247070312,171.24347540486596,27.69911487384214,5.633933112582531,435.8279724121094,0.0,0.0,True,fragmented_mask,,False,
negative,/mnt/MammoDiffusion/MammoDiffusion/experiments/diffusers/02_sd21_filtered_100steps/generated_images/final/negative/gen_2579.png,gen_2579.png,58.7912,36.0,2.0,0.621185302734375,0.998587570621469,0.6262855529785156,124.47935459899986,50.216010748639626,6.890167503270321,1578.327392578125,0.0,0.0,False,,-6.770564089215785,True,793.0
negative,/mnt/MammoDiffusion/MammoDiffusion/experiments/diffusers/02_sd21_filtered_100steps/generated_images/final/negative/gen_2580.png,gen_2580.png,45.0,40.0,0.0,0.7092475891113281,0.998892026354713,0.7045440673828125,148.12442336430382,36.99874696142053,6.4689697588238255,732.1396484375,0.0,0.0,False,,-5.736451693406292,True,354.0
negative,/mnt/MammoDiffusion/MammoDiffusion/experiments/diffusers/02_sd21_filtered_100steps/generated_images/final/negative/gen_2581.png,gen_2581.png,124.8956,111.0,1.0,0.4716529846191406,0.9585089088570943,0.52020263671875,151.66473806171535,29.246059686933705,6.643303469039205,386.303466796875,0.0,0.0,False,,-20.705330049859892,False,
negative,/mnt/MammoDiffusion/MammoDiffusion/experiments/diffusers/02_sd21_filtered_100steps/generated_images/final/negative/gen_2582.png,gen_2582.png,184.06040000000002,99.0,9.0,0.10012435913085938,0.6952413609174382,0.06655502319335938,213.13131197340516,11.286425435442977,6.638373575706952,253.37747192382812,0.0,0.0,True,too_empty,,False,
negative,/mnt/MammoDiffusion/MammoDiffusion/experiments/diffusers/02_sd21_filtered_100steps/generated_images/final/negative/gen_2583.png,gen_2583.png,89.8956,76.0,1.0,0.3857612609863281,0.9999802224969098,0.3802604675292969,163.1768907436574,26.387741676436633,4.792967454358353,233.9919891357422,0.0,0.0,False,,-4.009327107462158,True,15.0
negative,/mnt/MammoDiffusion/MammoDiffusion/experiments/diffusers/02_sd21_filtered_100steps/generated_images/final/negative/gen_2584.png,gen_2584.png,127.6868,96.0,3.0,0.17610931396484375,0.8640774596023048,0.16292190551757812,185.09969795593435,41.05998074101923,6.1320051902612525,691.607421875,0.0,0.0,False,,-56.44902699561337,False,
negative,/mnt/MammoDiffusion/MammoDiffusion/experiments/diffusers/02_sd21_filtered_100steps/generated_images/final/negative/gen_2585.png,gen_2585.png,51.6868,20.0,3.0,0.380157470703125,0.9803423777795617,0.38629150390625,122.52698886079949,54.375716092273336,6.454946384804576,1435.1820068359375,0.0,0.0,False,,-11.704102043737848,False,
negative,/mnt/MammoDiffusion/MammoDiffusion/experiments/diffusers/02_sd21_filtered_100steps/generated_images/final/negative/gen_2586.png,gen_2586.png,179.2692,112.0,7.0,0.10790252685546875,0.7499823234108747,0.08030319213867188,211.85387867559737,15.18728978062033,6.584880366812914,711.627197265625,0.0,0.0,True,too_empty,,False,
negative,/mnt/MammoDiffusion/MammoDiffusion/experiments/diffusers/02_sd21_filtered_100steps/generated_images/final/negative/gen_2587.png,gen_2587.png,95.7912,73.0,2.0,0.6132431030273438,0.99993779469762,0.6075210571289062,167.6264426276859,17.95308097815833,6.056379598957012,213.80807495117188,0.0,0.0,False,,-7.079757758339342,True,940.0
negative,/mnt/MammoDiffusion/MammoDiffusion/experiments/diffusers/02_sd21_filtered_100steps/generated_images/final/negative/gen_2588.png,gen_2588.png,207.0,172.0,8.0,0.049839019775390625,0.8650593187906621,0.045440673828125,219.08848220282067,9.071967778562206,6.807966020054374,1225.2744140625,0.0,0.0,True,too_empty,,False,
negative,/mnt/MammoDiffusion/MammoDiffusion/experiments/diffusers/02_sd21_filtered_100steps/generated_images/final/negative/gen_2589.png,gen_2589.png,115.8956,102.0,1.0,0.15317153930664062,0.7655467835529102,0.12015151977539062,177.13423500650856,35.44004570427337,6.190025244671482,590.3645629882812,0.0,0.0,False,,-94.27137393389332,False,
negative,/mnt/MammoDiffusion/MammoDiffusion/experiments/diffusers/02_sd21_filtered_100steps/generated_images/final/negative/gen_2590.png,gen_2590.png,220.0,214.0,6.0,0.29055023193359375,0.706903342698842,0.14619827270507812,221.37586431833006,2.5849616499579957,6.096587612554539,1338.1165771484375,0.0,0.0,True,low_contrast,,False,
negative,/mnt/MammoDiffusion/MammoDiffusion/experiments/diffusers/02_sd21_filtered_100steps/generated_images/final/negative/gen_2591.png,gen_2591.png,98.6868,67.0,3.0,0.4636573791503906,0.975153235427208,0.45853424072265625,167.10143758007354,30.13716227026939,6.465738757331174,594.6693725585938,0.0,0.0,False,,-13.769751331743075,False,
negative,/mnt/MammoDiffusion/MammoDiffusion/experiments/diffusers/02_sd21_filtered_100steps/generated_images/final/negative/gen_2592.png,gen_2592.png,10.0,0.0,0.0,0.888641357421875,0.9986177409938528,0.8784637451171875,136.84461360754545,26.695831888932226,6.245080097220707,366.2408447265625,0.0,0.0,False,,-7.471450812861774,True,1162.0
negative,/mnt/MammoDiffusion/MammoDiffusion/experiments/diffusers/02_sd21_filtered_100steps/generated_images/final/negative/gen_2593.png,gen_2593.png,208.0,196.0,7.0,0.039005279541015625,0.3169682151589242,0.0111846923828125,220.0474079126876,6.248776423206588,6.671571224771896,695.2486572265625,0.0,0.0,True,too_empty,,False,
negative,/mnt/MammoDiffusion/MammoDiffusion/experiments/diffusers/02_sd21_filtered_100steps/generated_images/final/negative/gen_2594.png,gen_2594.png,103.0,98.0,0.0,0.5437698364257812,0.9925006664515315,0.5340347290039062,158.71468062916983,26.14497218065248,5.630910153178359,255.72573852539062,0.0,0.0,False,,-7.507768375940005,True,1183.0
negative,/mnt/MammoDiffusion/MammoDiffusion/experiments/diffusers/02_sd21_filtered_100steps/generated_images/final/negative/gen_2595.png,gen_2595.png,14.8956,1.0,1.0,0.7237777709960938,1.0,0.717254638671875,160.6835669914479,21.04192090965745,5.919555299508482,358.4343566894531,0.0,0.0,False,,-7.248199702817926,True,1044.0
negative,/mnt/MammoDiffusion/MammoDiffusion/experiments/diffusers/02_sd21_filtered_100steps/generated_images/final/negative/gen_2596.png,gen_2596.png,99.8956,86.0,1.0,0.4813423156738281,0.9976462383401622,0.4749259948730469,157.99648993164604,24.745494873026423,4.930440265961446,201.36367797851562,0.0,0.0,False,,-4.698023332786217,True,85.0
negative,/mnt/MammoDiffusion/MammoDiffusion/experiments/diffusers/02_sd21_filtered_100steps/generated_images/final/negative/gen_2597.png,gen_2597.png,10.0,0.0,0.0,0.85467529296875,0.9987324144826109,0.8475227355957031,152.5019916911596,30.37089338992449,6.460389080216535,485.7012939453125,0.0,0.0,False,,-7.320191420949453,True,1086.0
negative,/mnt/MammoDiffusion/MammoDiffusion/experiments/diffusers/02_sd21_filtered_100steps/generated_images/final/negative/gen_2598.png,gen_2598.png,112.8956,99.0,1.0,0.49688720703125,0.9978427097408181,0.48969268798828125,153.05320557762718,19.84512061121652,4.829417772033869,95.49972534179688,0.0,0.0,False,,-4.954971909332374,True,127.0
negative,/mnt/MammoDiffusion/MammoDiffusion/experiments/diffusers/02_sd21_filtered_100steps/generated_images/final/negative/gen_2599.png,gen_2599.png,79.6868,48.0,3.0,0.688507080078125,0.9976729754886752,0.6818656921386719,166.1237279506789,23.194510031474376,6.604297431254435,500.43017578125,0.0,0.0,False,,-7.331484929543727,True,1094.0
negative,/mnt/MammoDiffusion/MammoDiffusion/experiments/diffusers/02_sd21_filtered_100steps/generated_images/final/negative/gen_2600.png,gen_2600.png,122.8956,109.0,1.0,0.13530731201171875,0.6543557936284183,0.08697128295898438,188.88894249747796,29.058571525079966,5.6976447201032645,764.8238525390625,0.0,0.0,True,too_empty,,False,
negative,/mnt/MammoDiffusion/MammoDiffusion/experiments/diffusers/02_sd21_filtered_100steps/generated_images/final/negative/gen_2601.png,gen_2601.png,59.6868,28.0,3.0,0.6478309631347656,0.9984160164875607,0.6504478454589844,120.8372597662321,42.839642584336744,7.055166088173243,1209.0574951171875,0.0,0.0,False,,-6.187308524295374,True,532.0
negative,/mnt/MammoDiffusion/MammoDiffusion/experiments/diffusers/02_sd21_filtered_100steps/generated_images/final/negative/gen_2602.png,gen_2602.png,14.8956,1.0,1.0,0.8718643188476562,1.0,0.8630714416503906,152.3713695972137,22.262952147739927,6.194053712895177,131.51394653320312,0.0,0.0,False,,-8.554651100047412,False,
negative,/mnt/MammoDiffusion/MammoDiffusion/experiments/diffusers/02_sd21_filtered_100steps/generated_images/final/negative/gen_2603.png,gen_2603.png,100.0,95.0,0.0,0.5820350646972656,0.9969523584812914,0.5759086608886719,153.43569957144086,26.755648116975106,5.533466681293616,337.675048828125,0.0,0.0,False,,-5.784377903351735,True,371.0
negative,/mnt/MammoDiffusion/MammoDiffusion/experiments/diffusers/02_sd21_filtered_100steps/generated_images/final/negative/gen_2604.png,gen_2604.png,220.0,243.0,0.0,0.4072380065917969,0.9383729099339609,0.3759040832519531,241.67259313382246,15.160413488546139,5.865727706187023,1236.2037353515625,0.0,0.0,False,,-29.503358967754345,False,
negative,/mnt/MammoDiffusion/MammoDiffusion/experiments/diffusers/02_sd21_filtered_100steps/generated_images/final/negative/gen_2605.png,gen_2605.png,100.8956,87.0,1.0,0.5402679443359375,0.9859208631061654,0.5293960571289062,141.09341538284167,32.44543418669512,5.801635608942995,309.768310546875,0.0,0.0,False,,-9.397173917912745,False,
negative,/mnt/MammoDiffusion/MammoDiffusion/experiments/diffusers/02_sd21_filtered_100steps/generated_images/final/negative/gen_2606.png,gen_2606.png,109.8956,96.0,1.0,0.70159912109375,0.9981731187472814,0.6940422058105469,172.79828953660294,23.68664863928056,6.069905498268938,314.7411804199219,0.0,0.0,False,,-7.108901274724865,True,960.0
negative,/mnt/MammoDiffusion/MammoDiffusion/experiments/diffusers/02_sd21_filtered_100steps/generated_images/final/negative/gen_2607.png,gen_2607.png,48.7912,26.0,2.0,0.4947700500488281,0.9985119621282796,0.5011062622070312,119.49227326015134,51.23922614398173,6.777579075623767,1397.517822265625,0.0,0.0,False,,-5.586027154263598,True,301.0
negative,/mnt/MammoDiffusion/MammoDiffusion/experiments/diffusers/02_sd21_filtered_100steps/generated_images/final/negative/gen_2608.png,gen_2608.png,10.0,0.0,0.0,0.8687400817871094,0.9734252530353261,0.8407363891601562,138.3628501683349,26.10508688680317,6.080721110231756,390.0379943847656,0.0,0.0,False,,-16.663600440760252,False,
negative,/mnt/MammoDiffusion/MammoDiffusion/experiments/diffusers/02_sd21_filtered_100steps/generated_images/final/negative/gen_2609.png,gen_2609.png,10.0,0.0,0.0,0.851043701171875,0.9980636138702621,0.8440933227539062,142.0577383696232,28.005856729069038,6.303527480164337,472.88153076171875,0.0,0.0,False,,-7.378683023204391,True,1111.0
negative,/mnt/MammoDiffusion/MammoDiffusion/experiments/diffusers/02_sd21_filtered_100steps/generated_images/final/negative/gen_2610.png,gen_2610.png,10.0,0.0,0.0,0.8426704406738281,0.9990493478979271,0.8360099792480469,120.63061759941594,46.150990683551406,6.886643996573272,1167.5567626953125,0.0,0.0,False,,-7.3869711895937975,True,1118.0
negative,/mnt/MammoDiffusion/MammoDiffusion/experiments/diffusers/02_sd21_filtered_100steps/generated_images/final/negative/gen_2611.png,gen_2611.png,10.0,0.0,0.0,0.8161697387695312,1.0,0.8067245483398438,151.5754262854765,21.906010875413493,5.695703360488973,105.10151672363281,0.0,0.0,False,,-7.792564228337013,True,1329.0
negative,/mnt/MammoDiffusion/MammoDiffusion/experiments/diffusers/02_sd21_filtered_100steps/generated_images/final/negative/gen_2612.png,gen_2612.png,78.0,73.0,0.0,0.45915985107421875,0.9999584600302411,0.4532012939453125,154.1453654759099,23.769278481418265,4.625894370790304,121.62960815429688,0.0,0.0,False,,-4.407043500820932,True,44.0
negative,/mnt/MammoDiffusion/MammoDiffusion/experiments/diffusers/02_sd21_filtered_100steps/generated_images/final/negative/gen_2613.png,gen_2613.png,76.7912,54.0,2.0,0.5914421081542969,0.9996775088201337,0.5853347778320312,155.3330769932613,27.387403980215314,6.2857735002268695,230.05038452148438,0.0,0.0,False,,-6.28014701585308,True,571.0
negative,/mnt/MammoDiffusion/MammoDiffusion/experiments/diffusers/02_sd21_filtered_100steps/generated_images/final/negative/gen_2614.png,gen_2614.png,197.1648,121.0,8.0,0.0758056640625,0.8881340579710145,0.0665283203125,220.04919724770642,11.518706835133615,6.387812880393973,449.3516540527344,0.0,0.0,True,too_empty,,False,
negative,/mnt/MammoDiffusion/MammoDiffusion/experiments/diffusers/02_sd21_filtered_100steps/generated_images/final/negative/gen_2615.png,gen_2615.png,100.8956,87.0,1.0,0.35944366455078125,0.9945874811623119,0.3542594909667969,165.38182562158786,28.04869706525261,4.737074494696479,173.6324005126953,0.0,0.0,False,,-5.296634193849564,True,216.0
negative,/mnt/MammoDiffusion/MammoDiffusion/experiments/diffusers/02_sd21_filtered_100steps/generated_images/final/negative/gen_2616.png,gen_2616.png,73.8956,60.0,1.0,0.6427803039550781,0.9979584690892043,0.6354217529296875,153.81447061931178,25.351207204895523,5.967261295513859,385.7431945800781,0.0,0.0,False,,-6.190106062585755,True,536.0
negative,/mnt/MammoDiffusion/MammoDiffusion/experiments/diffusers/02_sd21_filtered_100steps/generated_images/final/negative/gen_2617.png,gen_2617.png,105.7912,83.0,2.0,0.49864959716796875,0.9793295491057085,0.5075149536132812,148.9876880984952,33.139259931347475,6.15894807496124,490.65960693359375,0.0,0.0,False,,-11.914233917867508,False,
negative,/mnt/MammoDiffusion/MammoDiffusion/experiments/diffusers/02_sd21_filtered_100steps/generated_images/final/negative/gen_2618.png,gen_2618.png,71.7912,49.0,2.0,0.7752609252929688,0.9976971903754367,0.7673072814941406,139.1162395286982,30.57454025228778,6.861339406319454,339.7132568359375,0.0,0.0,False,,-7.458409262814175,True,1152.0
negative,/mnt/MammoDiffusion/MammoDiffusion/experiments/diffusers/02_sd21_filtered_100steps/generated_images/final/negative/gen_2619.png,gen_2619.png,153.7912,131.0,2.0,0.22472381591796875,0.6614836190799525,0.1531982421875,190.27400398406374,30.91959308525507,6.191070849594643,647.779541015625,0.0,0.0,True,fragmented_mask,,False,
negative,/mnt/MammoDiffusion/MammoDiffusion/experiments/diffusers/02_sd21_filtered_100steps/generated_images/final/negative/gen_2620.png,gen_2620.png,134.7912,112.0,2.0,0.2326202392578125,0.7240898655296819,0.18242645263671875,171.4447743716281,33.04232234664927,5.7549241482204465,524.0448608398438,0.0,0.0,True,fragmented_mask,,False,
negative,/mnt/MammoDiffusion/MammoDiffusion/experiments/diffusers/02_sd21_filtered_100steps/generated_images/final/negative/gen_2621.png,gen_2621.png,150.8956,137.0,1.0,0.3216361999511719,0.9576350590049221,0.3212089538574219,174.51279645618328,19.71575952715864,5.598451937275699,284.689697265625,0.0,0.0,False,,-20.73183709354004,False,
negative,/mnt/MammoDiffusion/MammoDiffusion/experiments/diffusers/02_sd21_filtered_100steps/generated_images/final/negative/gen_2622.png,gen_2622.png,157.7912,135.0,2.0,0.10693359375,0.8011558219178082,0.08818435668945312,197.84889907860017,22.14278346462858,6.668452118077093,1024.469970703125,0.0,0.0,True,too_empty,,False,
negative,/mnt/MammoDiffusion/MammoDiffusion/experiments/diffusers/02_sd21_filtered_100steps/generated_images/final/negative/gen_2623.png,gen_2623.png,108.2692,41.0,7.0,0.5539703369140625,0.9160170775375293,0.5380477905273438,150.0207237355189,36.817855762661914,7.422513673309178,1181.115478515625,0.0,0.0,False,,-37.41430642012193,False,
negative,/mnt/MammoDiffusion/MammoDiffusion/experiments/diffusers/02_sd21_filtered_100steps/generated_images/final/negative/gen_2624.png,gen_2624.png,10.0,0.0,0.0,0.7503662109375,0.9990544167886775,0.74639892578125,92.87199484831139,54.35846098407623,6.485072415518051,1822.6702880859375,0.0,0.0,False,,-7.267320627656587,True,1051.0
negative,/mnt/MammoDiffusion/MammoDiffusion/experiments/diffusers/02_sd21_filtered_100steps/generated_images/final/negative/gen_2625.png,gen_2625.png,99.5824,59.0,4.0,0.5263786315917969,0.942523571061042,0.5381317138671875,141.42662403947034,40.08593335863235,7.251443988135636,1282.826171875,0.0,0.0,False,,-27.114928958074913,False,
negative,/mnt/MammoDiffusion/MammoDiffusion/experiments/diffusers/02_sd21_filtered_100steps/generated_images/final/negative/gen_2626.png,gen_2626.png,24.7912,2.0,2.0,0.8686141967773438,1.0,0.8599357604980469,147.980574642789,20.335627773731105,6.04353861233893,154.54873657226562,0.0,0.0,False,,-8.401978832888075,False,
negative,/mnt/MammoDiffusion/MammoDiffusion/experiments/diffusers/02_sd21_filtered_100steps/generated_images/final/negative/gen_2627.png,gen_2627.png,74.8956,61.0,1.0,0.6803016662597656,0.9998429938823687,0.6741828918457031,156.522896120136,24.380405733230983,5.996393102815404,202.47463989257812,0.0,0.0,False,,-6.917171704784091,True,856.0
negative,/mnt/MammoDiffusion/MammoDiffusion/experiments/diffusers/02_sd21_filtered_100steps/generated_images/final/negative/gen_2628.png,gen_2628.png,70.7912,48.0,2.0,0.44567108154296875,0.9760592313618077,0.45990753173828125,124.72472254939368,48.06217099326317,6.43269779294674,1049.70703125,0.0,0.0,False,,-12.994680786343318,False,
negative,/mnt/MammoDiffusion/MammoDiffusion/experiments/diffusers/02_sd21_filtered_100steps/generated_images/final/negative/gen_2629.png,gen_2629.png,105.8956,92.0,1.0,0.6892890930175781,0.9949638336847582,0.6831474304199219,155.92996543502176,22.664658042443268,5.767349428707991,242.79403686523438,0.0,0.0,False,,-7.850937549071629,True,1347.0
negative,/mnt/MammoDiffusion/MammoDiffusion/experiments/diffusers/02_sd21_filtered_100steps/generated_images/final/negative/gen_2630.png,gen_2630.png,99.6868,68.0,3.0,0.344635009765625,0.9839945098733729,0.40348052978515625,141.7028741609152,45.1416577634826,6.402179113327346,838.0162353515625,0.0,0.0,False,,-9.437081813233629,False,
negative,/mnt/MammoDiffusion/MammoDiffusion/experiments/diffusers/02_sd21_filtered_100steps/generated_images/final/negative/gen_2631.png,gen_2631.png,104.8956,91.0,1.0,0.5756759643554688,0.9957656881585051,0.5673255920410156,161.26093826695626,26.09643865948894,6.168715852493259,247.57662963867188,0.0,0.0,False,,-7.007157705403397,True,907.0
negative,/mnt/MammoDiffusion/MammoDiffusion/experiments/diffusers/02_sd21_filtered_100steps/generated_images/final/negative/gen_2632.png,gen_2632.png,74.6868,43.0,3.0,0.5628890991210938,0.9999932230038358,0.5572891235351562,162.33450612636045,21.420954437922124,6.325953429111603,237.02520751953125,0.0,0.0,False,,-6.679413087739605,True,749.0
negative,/mnt/MammoDiffusion/MammoDiffusion/experiments/diffusers/02_sd21_filtered_100steps/generated_images/final/negative/gen_2633.png,gen_2633.png,10.0,0.0,0.0,0.8882713317871094,0.9990337334392648,0.88116455078125,148.65858557872133,31.85856612696996,6.6422124648660485,860.4517822265625,0.0,0.0,False,,-7.585762471151391,True,1228.0
negative,/mnt/MammoDiffusion/MammoDiffusion/experiments/diffusers/02_sd21_filtered_100steps/generated_images/final/negative/gen_2634.png,gen_2634.png,132.6868,101.0,3.0,0.1688232421875,0.4958423716558207,0.08169174194335938,207.5327107167873,24.14373531563615,6.055241108793863,568.1326904296875,0.0,0.0,True,too_empty,,False,
negative,/mnt/MammoDiffusion/MammoDiffusion/experiments/diffusers/02_sd21_filtered_100steps/generated_images/final/negative/gen_2635.png,gen_2635.png,198.0,99.0,21.0,0.047946929931640625,0.7470761397088074,0.03636932373046875,209.5599958044892,8.701909003560925,6.517423886178011,516.8409423828125,0.0,0.0,True,too_empty,,False,
negative,/mnt/MammoDiffusion/MammoDiffusion/experiments/diffusers/02_sd21_filtered_100steps/generated_images/final/negative/gen_2636.png,gen_2636.png,78.8956,65.0,1.0,0.521087646484375,0.9976720351390922,0.5144271850585938,169.08463968439943,24.00454243417946,5.597429494638847,307.45733642578125,0.0,0.0,False,,-5.613539577235364,True,310.0
negative,/mnt/MammoDiffusion/MammoDiffusion/experiments/diffusers/02_sd21_filtered_100steps/generated_images/final/negative/gen_2637.png,gen_2637.png,91.8956,78.0,1.0,0.57574462890625,1.0,0.5698699951171875,158.78604037807588,23.606007042349248,5.81849721441663,254.0574951171875,0.0,0.0,False,,-6.134763101237366,True,504.0
negative,/mnt/MammoDiffusion/MammoDiffusion/experiments/diffusers/02_sd21_filtered_100steps/generated_images/final/negative/gen_2638.png,gen_2638.png,73.6868,42.0,3.0,0.4228172302246094,0.9944333673165583,0.456329345703125,130.4038654450612,49.48672839734474,6.795893864319263,1354.606689453125,0.0,0.0,False,,-6.887338149498289,True,842.0
negative,/mnt/MammoDiffusion/MammoDiffusion/experiments/diffusers/02_sd21_filtered_100steps/generated_images/final/negative/gen_2639.png,gen_2639.png,37.8956,24.0,1.0,0.6776924133300781,0.9974894879343439,0.6699447631835938,168.08249535935133,20.45413985682451,6.056124697712272,208.9850616455078,0.0,0.0,False,,-7.425365519763879,True,1135.0
negative,/mnt/MammoDiffusion/MammoDiffusion/experiments/diffusers/02_sd21_filtered_100steps/generated_images/final/negative/gen_2640.png,gen_2640.png,148.478,99.0,5.0,0.23390960693359375,0.6566587298998663,0.15375137329101562,186.8002977298102,23.139380481691227,6.8048642115674065,466.832275390625,0.0,0.0,True,fragmented_mask,,False,
negative,/mnt/MammoDiffusion/MammoDiffusion/experiments/diffusers/02_sd21_filtered_100steps/generated_images/final/negative/gen_2641.png,gen_2641.png,113.5824,73.0,4.0,0.4594268798828125,0.9967783719153741,0.4541511535644531,173.02468648417093,22.180253988451195,6.419802449140678,469.0265197753906,0.0,0.0,False,,-6.194760288809748,True,538.0
negative,/mnt/MammoDiffusion/MammoDiffusion/experiments/diffusers/02_sd21_filtered_100steps/generated_images/final/negative/gen_2642.png,gen_2642.png,118.8956,105.0,1.0,0.3947296142578125,0.9874560284510417,0.39102935791015625,159.27392542875538,27.949602792431893,5.218869087223847,229.284423828125,0.0,0.0,False,,-8.055348967473865,False,
negative,/mnt/MammoDiffusion/MammoDiffusion/experiments/diffusers/02_sd21_filtered_100steps/generated_images/final/negative/gen_2643.png,gen_2643.png,49.5824,9.0,4.0,0.7049026489257812,0.9686285757579037,0.7532234191894531,108.27165452031623,56.05313580192545,7.401091550436185,1770.7998046875,0.0,0.0,False,,-19.712710963149664,False,
negative,/mnt/MammoDiffusion/MammoDiffusion/experiments/diffusers/02_sd21_filtered_100steps/generated_images/final/negative/gen_2644.png,gen_2644.png,90.7912,68.0,2.0,0.70849609375,1.0,0.7021369934082031,165.56448134042517,26.321249542327706,6.564075872148419,250.343505859375,0.0,0.0,False,,-7.637056844380852,True,1247.0
negative,/mnt/MammoDiffusion/MammoDiffusion/experiments/diffusers/02_sd21_filtered_100steps/generated_images/final/negative/gen_2645.png,gen_2645.png,64.8956,51.0,1.0,0.6823768615722656,1.0,0.677001953125,169.44691556978003,22.369964964480264,6.127912441092427,129.0523681640625,0.0,0.0,False,,-7.539961079219561,True,1199.0
negative,/mnt/MammoDiffusion/MammoDiffusion/experiments/diffusers/02_sd21_filtered_100steps/generated_images/final/negative/gen_2646.png,gen_2646.png,10.0,0.0,0.0,0.8891105651855469,0.9991590689692159,0.881683349609375,130.6192066733585,33.60463357550308,6.583150800248319,778.6136474609375,0.0,0.0,False,,-7.067118218011227,True,933.0
negative,/mnt/MammoDiffusion/MammoDiffusion/experiments/diffusers/02_sd21_filtered_100steps/generated_images/final/negative/gen_2647.png,gen_2647.png,220.0,229.0,23.0,0.2749519348144531,0.9270224898372573,0.24824142456054688,250.65355359200922,19.445156726121997,6.536073708733051,896.1915893554688,0.0,0.0,False,,-34.71562030092779,False,
negative,/mnt/MammoDiffusion/MammoDiffusion/experiments/diffusers/02_sd21_filtered_100steps/generated_images/final/negative/gen_2648.png,gen_2648.png,202.85160000000002,100.0,11.0,0.054897308349609375,0.8143283996942533,0.049007415771484375,212.2193508212034,10.048089667651453,6.783865160170247,265.9996032714844,0.0,0.0,True,too_empty,,False,
negative,/mnt/MammoDiffusion/MammoDiffusion/experiments/diffusers/02_sd21_filtered_100steps/generated_images/final/negative/gen_2649.png,gen_2649.png,142.7912,120.0,2.0,0.12183380126953125,0.470348800801553,0.054714202880859375,164.13072578958378,21.17423377726193,5.322892800901676,131.17559814453125,0.0,0.0,True,too_empty,,False,
negative,/mnt/MammoDiffusion/MammoDiffusion/experiments/diffusers/02_sd21_filtered_100steps/generated_images/final/negative/gen_2650.png,gen_2650.png,111.8956,98.0,1.0,0.3794670104980469,0.9998894194521236,0.373870849609375,165.2098706228063,24.68705861176204,5.165090581532528,207.8472442626953,0.0,0.0,False,,-4.495009700565612,True,55.0
negative,/mnt/MammoDiffusion/MammoDiffusion/experiments/diffusers/02_sd21_filtered_100steps/generated_images/final/negative/gen_2651.png,gen_2651.png,97.7912,75.0,2.0,0.2064666748046875,0.6605202867489469,0.13287353515625,162.50579926504363,37.21333349233202,6.599418141255665,881.5280151367188,0.0,0.0,True,fragmented_mask,,False,
negative,/mnt/MammoDiffusion/MammoDiffusion/experiments/diffusers/02_sd21_filtered_100steps/generated_images/final/negative/gen_2652.png,gen_2652.png,207.0,120.0,14.0,0.0493316650390625,0.5341787813176616,0.026935577392578125,214.8888259453335,6.016779261525808,6.251620297732826,641.8446044921875,0.0,0.0,True,too_empty,,False,
negative,/mnt/MammoDiffusion/MammoDiffusion/experiments/diffusers/02_sd21_filtered_100steps/generated_images/final/negative/gen_2653.png,gen_2653.png,26.7912,4.0,2.0,0.8775634765625,0.998722005842259,0.8689613342285156,147.2324171506587,27.571127372062286,6.5648674784860965,286.2472839355469,0.0,0.0,False,,-7.880179545721396,False,
negative,/mnt/MammoDiffusion/MammoDiffusion/experiments/diffusers/02_sd21_filtered_100steps/generated_images/final/negative/gen_2654.png,gen_2654.png,105.8956,92.0,1.0,0.44712066650390625,0.999616073713847,0.44158172607421875,164.27013251783893,29.848762251136492,5.670228839533901,247.10829162597656,0.0,0.0,False,,-4.767094189586978,True,100.0
negative,/mnt/MammoDiffusion/MammoDiffusion/experiments/diffusers/02_sd21_filtered_100steps/generated_images/final/negative/gen_2655.png,gen_2655.png,94.6868,63.0,3.0,0.5998725891113281,0.998314817523354,0.5931472778320312,181.7984886487877,21.478847809887025,6.524291660281486,413.90631103515625,0.0,0.0,False,,-6.903893701287563,True,852.0
negative,/mnt/MammoDiffusion/MammoDiffusion/experiments/diffusers/02_sd21_filtered_100steps/generated_images/final/negative/gen_2656.png,gen_2656.png,220.0,230.0,3.0,0.3897705078125,0.9701103977450674,0.37479400634765625,232.814737913486,12.27303955188983,6.196322081544423,938.3141479492188,0.0,0.0,False,,-17.352227776923776,False,
negative,/mnt/MammoDiffusion/MammoDiffusion/experiments/diffusers/02_sd21_filtered_100steps/generated_images/final/negative/gen_2657.png,gen_2657.png,145.7912,123.0,2.0,0.23553848266601562,0.8355656328447647,0.22037124633789062,176.656407415742,30.40319085114689,5.570229861139534,390.1177978515625,0.0,0.0,False,,-67.03012857388094,False,
negative,/mnt/MammoDiffusion/MammoDiffusion/experiments/diffusers/02_sd21_filtered_100steps/generated_images/final/negative/gen_2658.png,gen_2658.png,220.0,135.0,94.0,0.19114303588867188,0.9032670086015926,0.16929244995117188,238.55846233578944,6.119216170450391,7.413840058499103,1366.385009765625,0.0,0.0,True,low_contrast,,False,
negative,/mnt/MammoDiffusion/MammoDiffusion/experiments/diffusers/02_sd21_filtered_100steps/generated_images/final/negative/gen_2659.png,gen_2659.png,220.0,55.0,39.0,0.15621185302734375,0.7888888888888889,0.12154388427734375,253.3845019145063,3.444532852727132,7.090436039152039,1154.4248046875,0.0,0.0,True,low_contrast,,False,
negative,/mnt/MammoDiffusion/MammoDiffusion/experiments/diffusers/02_sd21_filtered_100steps/generated_images/final/negative/gen_2660.png,gen_2660.png,112.8956,99.0,1.0,0.377410888671875,0.9980896741327727,0.37122344970703125,172.13561255317836,25.386800607365956,5.2045824970749415,126.47270202636719,0.0,0.0,False,,-4.573551393405893,True,65.0
negative,/mnt/MammoDiffusion/MammoDiffusion/experiments/diffusers/02_sd21_filtered_100steps/generated_images/final/negative/gen_2661.png,gen_2661.png,220.0,252.0,1.0,0.29030609130859375,0.9404877664187538,0.26418304443359375,252.46341005573686,7.110024012831324,6.331952597250687,1154.8321533203125,0.0,0.0,True,low_contrast,,False,
negative,/mnt/MammoDiffusion/MammoDiffusion/experiments/diffusers/02_sd21_filtered_100steps/generated_images/final/negative/gen_2662.png,gen_2662.png,124.8956,111.0,1.0,0.4808692932128906,0.9871090062432074,0.46958160400390625,158.78709645973126,26.04809200142668,6.05921377989789,236.77581787109375,0.0,0.0,False,,-9.51266436137548,False,
negative,/mnt/MammoDiffusion/MammoDiffusion/experiments/diffusers/02_sd21_filtered_100steps/generated_images/final/negative/gen_2663.png,gen_2663.png,17.8956,4.0,1.0,0.5838584899902344,0.9989938257489138,0.579193115234375,102.71141129669635,52.68526170192742,6.583214514853367,1336.609375,0.0,0.0,False,,-5.6359931137951556,True,321.0
negative,/mnt/MammoDiffusion/MammoDiffusion/experiments/diffusers/02_sd21_filtered_100steps/generated_images/final/negative/gen_2664.png,gen_2664.png,120.8956,107.0,1.0,0.19650650024414062,0.8750994894492652,0.19781494140625,170.1577445232953,40.37955949979201,5.074405584578794,309.35821533203125,0.0,0.0,False,,-51.34406912699115,False,
negative,/mnt/MammoDiffusion/MammoDiffusion/experiments/diffusers/02_sd21_filtered_100steps/generated_images/final/negative/gen_2665.png,gen_2665.png,89.7912,67.0,2.0,0.46674346923828125,0.9811121826830345,0.4653167724609375,148.68161173962946,36.39819513712599,6.14067190492632,657.949462890625,0.0,0.0,False,,-10.534584542431098,False,
negative,/mnt/MammoDiffusion/MammoDiffusion/experiments/diffusers/02_sd21_filtered_100steps/generated_images/final/negative/gen_2666.png,gen_2666.png,185.0,58.0,56.0,0.049495697021484375,0.8652023121387283,0.042758941650390625,198.3766616112053,9.9604523311557,6.174668695084692,313.57415771484375,0.0,0.0,True,too_empty,,False,
negative,/mnt/MammoDiffusion/MammoDiffusion/experiments/diffusers/02_sd21_filtered_100steps/generated_images/final/negative/gen_2667.png,gen_2667.png,220.0,232.0,11.0,0.4636802673339844,0.9664914315801598,0.44176483154296875,242.14163342141168,14.430870117090597,6.000319408713187,1164.147216796875,0.0,0.0,False,,-19.209170762798465,False,
negative,/mnt/MammoDiffusion/MammoDiffusion/experiments/diffusers/02_sd21_filtered_100steps/generated_images/final/negative/gen_2668.png,gen_2668.png,62.7912,40.0,2.0,0.6074371337890625,0.9999811600391871,0.6014213562011719,155.11234372918767,23.647670097254903,6.090273400346234,230.69647216796875,0.0,0.0,False,,-6.53494044731573,True,688.0
negative,/mnt/MammoDiffusion/MammoDiffusion/experiments/diffusers/02_sd21_filtered_100steps/generated_images/final/negative/gen_2669.png,gen_2669.png,55.8956,42.0,1.0,0.5970497131347656,0.9970226115402554,0.5920639038085938,145.9408528020824,33.85165745957809,5.735801359969558,471.8316650390625,0.0,0.0,False,,-5.34644662300358,True,229.0
negative,/mnt/MammoDiffusion/MammoDiffusion/experiments/diffusers/02_sd21_filtered_100steps/generated_images/final/negative/gen_2670.png,gen_2670.png,116.7912,94.0,2.0,0.3194465637207031,0.9961189859208751,0.3125457763671875,181.74604550114728,29.749625474876243,5.9875654626678125,453.3162536621094,0.0,0.0,False,,-5.88063472126487,True,408.0
negative,/mnt/MammoDiffusion/MammoDiffusion/experiments/diffusers/02_sd21_filtered_100steps/generated_images/final/negative/gen_2671.png,gen_2671.png,135.7912,113.0,2.0,0.209197998046875,0.4703318745441284,0.102203369140625,194.2554120633025,28.820991787309577,6.282055899933125,1160.1474609375,0.0,0.0,True,too_empty,,False,
negative,/mnt/MammoDiffusion/MammoDiffusion/experiments/diffusers/02_sd21_filtered_100steps/generated_images/final/negative/gen_2672.png,gen_2672.png,39.8956,26.0,1.0,0.6364250183105469,0.9983996163874487,0.6339378356933594,109.73345047327344,49.53698015954788,6.5582367162660535,1279.270263671875,0.0,0.0,False,,-5.919721453321429,True,423.0
negative,/mnt/MammoDiffusion/MammoDiffusion/experiments/diffusers/02_sd21_filtered_100steps/generated_images/final/negative/gen_2673.png,gen_2673.png,109.8956,96.0,1.0,0.4547462463378906,0.9993540756150961,0.44861602783203125,166.2511181782623,24.71906503361558,5.476250881988103,127.70928192138672,0.0,0.0,False,,-5.020297386718671,True,138.0
negative,/mnt/MammoDiffusion/MammoDiffusion/experiments/diffusers/02_sd21_filtered_100steps/generated_images/final/negative/gen_2674.png,gen_2674.png,220.0,74.0,53.0,0.13299560546875,0.5664008719596145,0.072540283203125,254.31200042069835,5.852187768496914,7.242715081229499,1005.6786499023438,0.0,0.0,True,too_empty,,False,
negative,/mnt/MammoDiffusion/MammoDiffusion/experiments/diffusers/02_sd21_filtered_100steps/generated_images/final/negative/gen_2675.png,gen_2675.png,110.7912,88.0,2.0,0.33763885498046875,0.9505705569992091,0.3343849182128906,153.71053081898765,40.26345767328882,6.109518087358611,675.86328125,0.0,0.0,False,,-21.879167313895145,False,
negative,/mnt/MammoDiffusion/MammoDiffusion/experiments/diffusers/02_sd21_filtered_100steps/generated_images/final/negative/gen_2676.png,gen_2676.png,168.95600000000002,75.0,10.0,0.16514968872070312,0.8129258771625898,0.13241195678710938,201.9370804644061,16.380193956338086,7.282974979783308,884.70849609375,0.0,0.0,False,,-78.7167405602602,False,
negative,/mnt/MammoDiffusion/MammoDiffusion/experiments/diffusers/02_sd21_filtered_100steps/generated_images/final/negative/gen_2677.png,gen_2677.png,100.7912,78.0,2.0,0.512664794921875,0.999933031728079,0.5084075927734375,172.52460307932412,25.37813466013347,6.016188914131583,294.0609130859375,0.0,0.0,False,,-5.954758790231463,True,433.0
negative,/mnt/MammoDiffusion/MammoDiffusion/experiments/diffusers/02_sd21_filtered_100steps/generated_images/final/negative/gen_2678.png,gen_2678.png,91.8956,78.0,1.0,0.4684410095214844,0.9974022589760503,0.4613533020019531,164.4585459025475,23.56796763586259,4.908726164315727,184.99224853515625,0.0,0.0,False,,-4.879254514844362,True,111.0
negative,/mnt/MammoDiffusion/MammoDiffusion/experiments/diffusers/02_sd21_filtered_100steps/generated_images/final/negative/gen_2679.png,gen_2679.png,133.7912,111.0,2.0,0.3408927917480469,0.9553506484786769,0.35172271728515625,162.368321728379,28.04806001054891,5.700413063857328,399.5297546386719,0.0,0.0,False,,-20.664679628751475,False,
negative,/mnt/MammoDiffusion/MammoDiffusion/experiments/diffusers/02_sd21_filtered_100steps/generated_images/final/negative/gen_2680.png,gen_2680.png,16.8956,3.0,1.0,0.9213981628417969,1.0,0.9105911254882812,153.04999455397015,21.738773199989947,6.177065769822313,98.0389404296875,0.0,0.0,False,,-8.945704789455549,False,
negative,/mnt/MammoDiffusion/MammoDiffusion/experiments/diffusers/02_sd21_filtered_100steps/generated_images/final/negative/gen_2681.png,gen_2681.png,86.8956,73.0,1.0,0.39167022705078125,1.0,0.3862571716308594,173.8379833094662,26.510188894384694,5.163502579599134,195.02978515625,0.0,0.0,False,,-4.5271717547219605,True,59.0
negative,/mnt/MammoDiffusion/MammoDiffusion/experiments/diffusers/02_sd21_filtered_100steps/generated_images/final/negative/gen_2682.png,gen_2682.png,75.7912,53.0,2.0,0.56158447265625,1.0,0.5555343627929688,177.952880587791,20.30874995930713,6.019961105343596,87.43531799316406,0.0,0.0,False,,-6.944080404326398,True,874.0
negative,/mnt/MammoDiffusion/MammoDiffusion/experiments/diffusers/02_sd21_filtered_100steps/generated_images/final/negative/gen_2683.png,gen_2683.png,103.8956,90.0,1.0,0.2258453369140625,0.8001486386054997,0.1902313232421875,152.3005133552579,44.272934111616884,5.695533944734701,786.6563110351562,0.0,0.0,False,,-79.8722810589037,False,
negative,/mnt/MammoDiffusion/MammoDiffusion/experiments/diffusers/02_sd21_filtered_100steps/generated_images/final/negative/gen_2684.png,gen_2684.png,78.7912,56.0,2.0,0.43829345703125,0.9974150536137029,0.4315948486328125,180.37994520063637,19.17949791623134,5.727472529922456,323.1117248535156,0.0,0.0,False,,-5.69921700328505,True,342.0
negative,/mnt/MammoDiffusion/MammoDiffusion/experiments/diffusers/02_sd21_filtered_100steps/generated_images/final/negative/gen_2685.png,gen_2685.png,54.8956,41.0,1.0,0.8656654357910156,0.9999647466828832,0.8565216064453125,142.7338018634315,30.391561411808574,6.696145658021678,233.43701171875,0.0,0.0,False,,-8.180047455226834,False,
negative,/mnt/MammoDiffusion/MammoDiffusion/experiments/diffusers/02_sd21_filtered_100steps/generated_images/final/negative/gen_2686.png,gen_2686.png,33.8956,20.0,1.0,0.6676597595214844,0.9986458922541609,0.6666259765625,99.56274606299213,49.015134214892164,6.766406644659213,1170.0506591796875,0.0,0.0,False,,-5.871350321090261,True,404.0
negative,/mnt/MammoDiffusion/MammoDiffusion/experiments/diffusers/02_sd21_filtered_100steps/generated_images/final/negative/gen_2687.png,gen_2687.png,42.8956,29.0,1.0,0.756988525390625,0.9985738762346301,0.7489509582519531,166.3873928478656,21.42231751011725,6.229374495066049,332.781494140625,0.0,0.0,False,,-7.447775351253642,True,1146.0
negative,/mnt/MammoDiffusion/MammoDiffusion/experiments/diffusers/02_sd21_filtered_100steps/generated_images/final/negative/gen_2688.png,gen_2688.png,67.7912,45.0,2.0,0.4406929016113281,0.9612811079852845,0.4353294372558594,145.25596088293798,40.12538613638445,6.277783553026628,767.1670532226562,0.0,0.0,False,,-17.86379968851401,False,
negative,/mnt/MammoDiffusion/MammoDiffusion/experiments/diffusers/02_sd21_filtered_100steps/generated_images/final/negative/gen_2689.png,gen_2689.png,178.8956,165.0,1.0,0.06212615966796875,0.7579516148839494,0.0471954345703125,206.29356611703847,16.80949093339647,5.736475090245483,732.75927734375,0.0,0.0,True,too_empty,,False,
negative,/mnt/MammoDiffusion/MammoDiffusion/experiments/diffusers/02_sd21_filtered_100steps/generated_images/final/negative/gen_2690.png,gen_2690.png,59.8956,46.0,1.0,0.7695426940917969,0.99802211856383,0.7630996704101562,150.4250407414443,26.779663941980527,6.220294319412137,324.80389404296875,0.0,0.0,False,,-7.186748632484353,True,1003.0
negative,/mnt/MammoDiffusion/MammoDiffusion/experiments/diffusers/02_sd21_filtered_100steps/generated_images/final/negative/gen_2691.png,gen_2691.png,181.7912,159.0,2.0,0.08111572265625,0.8275489089541008,0.06724929809570312,205.74417153553804,15.013995425338958,6.509366738554046,948.7706909179688,0.0,0.0,True,too_empty,,False,
negative,/mnt/MammoDiffusion/MammoDiffusion/experiments/diffusers/02_sd21_filtered_100steps/generated_images/final/negative/gen_2692.png,gen_2692.png,104.8956,91.0,1.0,0.6749839782714844,0.9772921223218777,0.6732826232910156,146.12057995320035,30.395115475951602,6.241084217491673,318.76361083984375,0.0,0.0,False,,-14.201622891866618,False,
negative,/mnt/MammoDiffusion/MammoDiffusion/experiments/diffusers/02_sd21_filtered_100steps/generated_images/final/negative/gen_2693.png,gen_2693.png,220.0,218.0,35.0,0.24035263061523438,0.4085577792943641,0.09574127197265625,252.41337955215556,12.449861493411538,6.898657632188979,1579.444580078125,0.0,0.0,True,too_empty,,False,
negative,/mnt/MammoDiffusion/MammoDiffusion/experiments/diffusers/02_sd21_filtered_100steps/generated_images/final/negative/gen_2694.png,gen_2694.png,80.8956,67.0,1.0,0.7995719909667969,0.9990315024117021,0.8023490905761719,135.18983411860353,35.40744083425213,6.825974610261563,556.3434448242188,0.0,0.0,False,,-6.738852608142011,True,782.0
negative,/mnt/MammoDiffusion/MammoDiffusion/experiments/diffusers/02_sd21_filtered_100steps/generated_images/final/negative/gen_2695.png,gen_2695.png,206.0,103.0,18.5,0.049938201904296875,0.7875639752501719,0.04201507568359375,216.49455238787,11.621759603102902,6.806476650523944,531.2587890625,0.0,0.0,True,too_empty,,False,
negative,/mnt/MammoDiffusion/MammoDiffusion/experiments/diffusers/02_sd21_filtered_100steps/generated_images/final/negative/gen_2696.png,gen_2696.png,122.7912,100.0,2.0,0.2853050231933594,0.9351526253158803,0.31247711181640625,157.02942110017824,39.71542278427203,6.02428510323243,825.4950561523438,0.0,0.0,False,,-27.98809546962221,False,
negative,/mnt/MammoDiffusion/MammoDiffusion/experiments/diffusers/02_sd21_filtered_100steps/generated_images/final/negative/gen_2697.png,gen_2697.png,130.8956,117.0,1.0,0.16002655029296875,0.8610011918951133,0.13956069946289062,169.91048243815771,27.732340943026504,4.719024923834364,295.1482849121094,0.0,0.0,False,,-57.35495001642494,False,
negative,/mnt/MammoDiffusion/MammoDiffusion/experiments/diffusers/02_sd21_filtered_100steps/generated_images/final/negative/gen_2698.png,gen_2698.png,81.7912,59.0,2.0,0.4366493225097656,1.0,0.4310493469238281,172.6069187677549,22.39921985960896,5.8611724219229275,298.31256103515625,0.0,0.0,False,,-5.48267388360085,True,262.0
negative,/mnt/MammoDiffusion/MammoDiffusion/experiments/diffusers/02_sd21_filtered_100steps/generated_images/final/negative/gen_2699.png,gen_2699.png,124.8956,111.0,1.0,0.2946510314941406,0.6181691070804366,0.1782989501953125,174.5846598202824,36.795127791679946,6.27525478934546,1062.9652099609375,0.0,0.0,True,fragmented_mask,,False,
negative,/mnt/MammoDiffusion/MammoDiffusion/experiments/diffusers/02_sd21_filtered_100steps/generated_images/final/negative/gen_2700.png,gen_2700.png,127.8956,114.0,1.0,0.3723030090332031,0.9927661710913245,0.3736724853515625,169.65062885377108,30.99851221128175,5.173363672837902,277.992919921875,0.0,0.0,False,,-6.0037750650031985,True,459.0
negative,/mnt/MammoDiffusion/MammoDiffusion/experiments/diffusers/02_sd21_filtered_100steps/generated_images/final/negative/gen_2701.png,gen_2701.png,115.8956,102.0,1.0,0.41986083984375,0.9788759267335368,0.4697990417480469,149.02332832609312,35.091276720886405,5.918890310598002,514.9925537109375,0.0,0.0,False,,-11.491756407481768,False,
negative,/mnt/MammoDiffusion/MammoDiffusion/experiments/diffusers/02_sd21_filtered_100steps/generated_images/final/negative/gen_2702.png,gen_2702.png,78.7912,56.0,2.0,0.5392303466796875,0.9980545572879821,0.5328369140625,146.84014175257732,36.41721923558632,6.370771718914279,571.90380859375,0.0,0.0,False,,-4.837448664262853,True,107.0
negative,/mnt/MammoDiffusion/MammoDiffusion/experiments/diffusers/02_sd21_filtered_100steps/generated_images/final/negative/gen_2703.png,gen_2703.png,150.3736,92.0,6.0,0.18236160278320312,0.5357807760694488,0.094207763671875,214.8036524133463,19.616138198339122,6.747103597826279,532.0845336914062,0.0,0.0,True,too_empty,,False,
negative,/mnt/MammoDiffusion/MammoDiffusion/experiments/diffusers/02_sd21_filtered_100steps/generated_images/final/negative/gen_2704.png,gen_2704.png,87.8956,74.0,1.0,0.5023536682128906,0.9959525852576905,0.5263824462890625,139.35494390816592,43.605641752154355,5.670688265074876,805.6995849609375,0.0,0.0,False,,-4.943388034070001,True,126.0
negative,/mnt/MammoDiffusion/MammoDiffusion/experiments/diffusers/02_sd21_filtered_100steps/generated_images/final/negative/gen_2705.png,gen_2705.png,119.8956,106.0,1.0,0.2425994873046875,0.8742530976790993,0.206329345703125,163.99842848691023,41.57430955830318,5.937337907243219,727.5050659179688,0.0,0.0,False,,-51.83163352961394,False,
negative,/mnt/MammoDiffusion/MammoDiffusion/experiments/diffusers/02_sd21_filtered_100steps/generated_images/final/negative/gen_2706.png,gen_2706.png,128.8956,115.0,1.0,0.2652091979980469,0.9826244552162594,0.257720947265625,165.5796477205447,26.18138482626907,4.7656269934306374,103.16302490234375,0.0,0.0,False,,-10.70946507186899,False,
negative,/mnt/MammoDiffusion/MammoDiffusion/experiments/diffusers/02_sd21_filtered_100steps/generated_images/final/negative/gen_2707.png,gen_2707.png,122.7912,100.0,2.0,0.39566802978515625,0.9999903588438326,0.3900489807128906,182.77451124216373,21.109613737503956,5.762968091833827,276.35223388671875,0.0,0.0,False,,-5.396305282024355,True,242.0
negative,/mnt/MammoDiffusion/MammoDiffusion/experiments/diffusers/02_sd21_filtered_100steps/generated_images/final/negative/gen_2708.png,gen_2708.png,50.8956,37.0,1.0,0.7655143737792969,0.9981562227482247,0.7612800598144531,123.79508931926941,42.501949391642135,6.8041129286231525,1098.8726806640625,0.0,0.0,False,,-6.709219529708008,True,763.0
negative,/mnt/MammoDiffusion/MammoDiffusion/experiments/diffusers/02_sd21_filtered_100steps/generated_images/final/negative/gen_2709.png,gen_2709.png,161.478,112.0,5.0,0.18443679809570312,0.5941384516742849,0.09740447998046875,205.1360538889324,25.31079883192888,6.527009369803958,582.7882080078125,0.0,0.0,True,too_empty,,False,
negative,/mnt/MammoDiffusion/MammoDiffusion/experiments/diffusers/02_sd21_filtered_100steps/generated_images/final/negative/gen_2710.png,gen_2710.png,121.6868,90.0,3.0,0.4571533203125,0.8961448598130841,0.44222259521484375,146.3812604592585,28.787693606137054,6.692109264662955,375.7247009277344,0.0,0.0,False,,-43.82967652283516,False,
negative,/mnt/MammoDiffusion/MammoDiffusion/experiments/diffusers/02_sd21_filtered_100steps/generated_images/final/negative/gen_2711.png,gen_2711.png,189.3736,131.0,6.0,0.057559967041015625,0.926237656571012,0.05278778076171875,210.9003468709351,11.890226269062937,6.99072679288647,875.03955078125,0.0,0.0,True,too_empty,,False,
negative,/mnt/MammoDiffusion/MammoDiffusion/experiments/diffusers/02_sd21_filtered_100steps/generated_images/final/negative/gen_2712.png,gen_2712.png,73.7912,51.0,2.0,0.5591583251953125,0.9999454222949925,0.55340576171875,158.89700286754163,26.257070481186396,6.2126617793324606,298.6056213378906,0.0,0.0,False,,-6.136757450130302,True,505.0
negative,/mnt/MammoDiffusion/MammoDiffusion/experiments/diffusers/02_sd21_filtered_100steps/generated_images/final/negative/gen_2713.png,gen_2713.png,110.7912,88.0,2.0,0.20951080322265625,0.7480062634281345,0.18778228759765625,155.20109291837647,45.24586795095811,5.846408431747478,889.6385498046875,0.0,0.0,True,fragmented_mask,,False,
negative,/mnt/MammoDiffusion/MammoDiffusion/experiments/diffusers/02_sd21_filtered_100steps/generated_images/final/negative/gen_2714.png,gen_2714.png,44.7912,22.0,2.0,0.469879150390625,0.9971828927713191,0.47248077392578125,124.75915968286263,56.02524108987173,6.77269206510712,1738.933349609375,0.0,0.0,False,,-6.696312893088244,True,757.0
negative,/mnt/MammoDiffusion/MammoDiffusion/experiments/diffusers/02_sd21_filtered_100steps/generated_images/final/negative/gen_2715.png,gen_2715.png,10.0,0.0,0.0,0.8728218078613281,0.9986189113000153,0.8672447204589844,91.24387819286277,54.954563091691185,7.131578351185312,1362.9405517578125,0.0,0.0,False,,-7.974781489007644,False,
negative,/mnt/MammoDiffusion/MammoDiffusion/experiments/diffusers/02_sd21_filtered_100steps/generated_images/final/negative/gen_2716.png,gen_2716.png,59.0,54.0,0.0,0.7796363830566406,0.999995107081521,0.7728996276855469,155.66127209282814,26.929027795941913,6.241025858893651,173.39599609375,0.0,0.0,False,,-7.7348870266800445,True,1300.0
negative,/mnt/MammoDiffusion/MammoDiffusion/experiments/diffusers/02_sd21_filtered_100steps/generated_images/final/negative/gen_2717.png,gen_2717.png,10.0,0.0,0.0,0.8111038208007812,0.9985937749851852,0.8048248291015625,98.83619774386197,43.693198363907285,6.713651479497138,1249.9688720703125,0.0,0.0,False,,-6.586604688978205,True,704.0
negative,/mnt/MammoDiffusion/MammoDiffusion/experiments/diffusers/02_sd21_filtered_100steps/generated_images/final/negative/gen_2718.png,gen_2718.png,115.8956,102.0,1.0,0.39530181884765625,0.9858819215254859,0.39638519287109375,164.27800981618708,32.92631804356473,5.68759248789679,455.46820068359375,0.0,0.0,False,,-8.60551251542208,False,
negative,/mnt/MammoDiffusion/MammoDiffusion/experiments/diffusers/02_sd21_filtered_100steps/generated_images/final/negative/gen_2719.png,gen_2719.png,94.7912,72.0,2.0,0.30467987060546875,0.9757480906473018,0.3627510070800781,135.0822142534151,45.7333925832651,5.995007527906184,918.1490478515625,0.0,0.0,False,,-12.28111991614119,False,
negative,/mnt/MammoDiffusion/MammoDiffusion/experiments/diffusers/02_sd21_filtered_100steps/generated_images/final/negative/gen_2720.png,gen_2720.png,18.8956,5.0,1.0,0.6685905456542969,0.9988702950355743,0.6643333435058594,99.19515248261565,54.191004106901985,6.776277932482733,1484.187255859375,0.0,0.0,False,,-6.542596023530762,True,690.0
negative,/mnt/MammoDiffusion/MammoDiffusion/experiments/diffusers/02_sd21_filtered_100steps/generated_images/final/negative/gen_2721.png,gen_2721.png,97.8956,84.0,1.0,0.6148643493652344,0.9981201491472426,0.6081428527832031,150.45462642939137,26.252370881013682,5.988006707662554,296.53875732421875,0.0,0.0,False,,-5.9730273326128325,True,445.0
