class,source_path,source_name,adaptive_threshold,background_median,background_mad,raw_nonblack_ratio,largest_component_frac,nonblack_ratio,mean_nonblack,std_nonblack,entropy,lap_var,top_border,bottom_border,rejected,reject_reason,selection_score,selected,selection_rank
positive,/mnt/MammoDiffusion/MammoDiffusion/experiments/diffusers/04_sd21_lora/generated_images/final/positive/eval_pos_0000.png,eval_pos_0000.png,129.0,115.0,2.0,0.049900054931640625,0.9941900466325204,0.0455322265625,183.69261058981232,27.69942797257512,4.24966000626168,332.93585205078125,0.0,0.0,True,too_empty,,False,
positive,/mnt/MammoDiffusion/MammoDiffusion/experiments/diffusers/04_sd21_lora/generated_images/final/positive/eval_pos_0001.png,eval_pos_0001.png,130.0,117.0,3.0,0.04235076904296875,0.43334534318140877,0.01563262939453125,179.44973157637872,22.440432209112092,4.702443478272363,725.2488403320312,0.0,0.0,True,too_empty,,False,
positive,/mnt/MammoDiffusion/MammoDiffusion/experiments/diffusers/04_sd21_lora/generated_images/final/positive/eval_pos_0002.png,eval_pos_0002.png,91.7912,69.0,2.0,0.14974212646484375,0.9488969277016355,0.1452484130859375,155.6554785166509,46.620562530905985,5.323399390249982,970.7776489257812,0.0,0.0,False,,-33.530859042519786,True,1185.0
positive,/mnt/MammoDiffusion/MammoDiffusion/experiments/diffusers/04_sd21_lora/generated_images/final/positive/eval_pos_0003.png,eval_pos_0003.png,111.8956,98.0,1.0,0.12720108032226562,0.817213975108712,0.062458038330078125,154.93318267880048,35.867680391436316,4.707617753803111,303.0936584472656,0.0,0.0,True,too_empty,,False,
positive,/mnt/MammoDiffusion/MammoDiffusion/experiments/diffusers/04_sd21_lora/generated_images/final/positive/eval_pos_0004.png,eval_pos_0004.png,50.8956,37.0,1.0,0.49283599853515625,0.9954177438580739,0.5089454650878906,129.5887705464821,57.77361939333879,6.326730912129747,1425.9190673828125,0.0,0.0,False,,-8.223273930621978,True,137.0
positive,/mnt/MammoDiffusion/MammoDiffusion/experiments/diffusers/04_sd21_lora/generated_images/final/positive/eval_pos_0005.png,eval_pos_0005.png,20.8956,7.0,1.0,0.5983772277832031,0.9949126934037141,0.6004562377929688,108.80933382463185,59.35015177018443,6.844963180667692,1661.982666015625,0.0,0.0,False,,-9.398567380480044,True,281.0
positive,/mnt/MammoDiffusion/MammoDiffusion/experiments/diffusers/04_sd21_lora/generated_images/final/positive/eval_pos_0006.png,eval_pos_0006.png,142.8956,129.0,1.0,0.060207366943359375,0.6944814040423241,0.04058837890625,167.79483082706767,15.866522411354893,6.014075057044602,329.4145202636719,0.0,0.0,True,too_empty,,False,
positive,/mnt/MammoDiffusion/MammoDiffusion/experiments/diffusers/04_sd21_lora/generated_images/final/positive/eval_pos_0007.png,eval_pos_0007.png,81.7912,59.0,2.0,0.21462631225585938,0.9100652293692124,0.19446182250976562,144.5197245816741,58.18429558666729,6.061955337198354,1457.8248291015625,0.0,0.0,False,,-56.56363081792478,False,
positive,/mnt/MammoDiffusion/MammoDiffusion/experiments/diffusers/04_sd21_lora/generated_images/final/positive/eval_pos_0008.png,eval_pos_0008.png,80.7912,58.0,2.0,0.3120841979980469,0.9782914278031072,0.3433685302734375,142.14792472114829,54.19229790708357,6.160805946259016,1304.71435546875,0.0,0.0,False,,-17.23240175594774,True,698.0
positive,/mnt/MammoDiffusion/MammoDiffusion/experiments/diffusers/04_sd21_lora/generated_images/final/positive/eval_pos_0009.png,eval_pos_0009.png,92.6868,61.0,3.0,0.21390151977539062,0.8798530487043675,0.24404144287109375,142.11668802951198,59.44689386687008,6.038765274522545,1284.1767578125,0.0,0.0,False,,-72.78319435403552,False,
positive,/mnt/MammoDiffusion/MammoDiffusion/experiments/diffusers/04_sd21_lora/generated_images/final/positive/eval_pos_0010.png,eval_pos_0010.png,68.7912,46.0,2.0,0.467559814453125,0.9931221852359506,0.5044898986816406,125.22751778841427,53.04536810805477,6.569892740582334,902.5836791992188,0.0,0.0,False,,-8.59569270664795,True,188.0
positive,/mnt/MammoDiffusion/MammoDiffusion/experiments/diffusers/04_sd21_lora/generated_images/final/positive/eval_pos_0011.png,eval_pos_0011.png,92.7912,70.0,2.0,0.434539794921875,0.951234286115598,0.5018310546875,131.01068778885917,44.01626820893536,6.572512674834852,739.140380859375,0.0,0.0,False,,-31.467273579742617,True,1122.0
positive,/mnt/MammoDiffusion/MammoDiffusion/experiments/diffusers/04_sd21_lora/generated_images/final/positive/eval_pos_0012.png,eval_pos_0012.png,67.7912,45.0,2.0,0.4066047668457031,0.9560273574196212,0.4269294738769531,123.83369818704934,54.63339309702092,6.583350835680503,1485.751953125,0.0,0.0,False,,-29.47015788929119,True,1075.0
positive,/mnt/MammoDiffusion/MammoDiffusion/experiments/diffusers/04_sd21_lora/generated_images/final/positive/eval_pos_0013.png,eval_pos_0013.png,69.6868,38.0,3.0,0.2975502014160156,0.9516160049230138,0.3448295593261719,125.05534598152553,60.19828567444502,6.560605534886639,1656.32958984375,0.0,0.0,False,,-32.76254889655477,True,1159.0
positive,/mnt/MammoDiffusion/MammoDiffusion/experiments/diffusers/04_sd21_lora/generated_images/final/positive/eval_pos_0014.png,eval_pos_0014.png,112.8956,99.0,1.0,0.3127098083496094,0.9544129307715767,0.3345146179199219,149.12734488145875,38.84785886613256,5.640485262923547,550.4943237304688,0.0,0.0,False,,-29.20419652713108,True,1069.0
positive,/mnt/MammoDiffusion/MammoDiffusion/experiments/diffusers/04_sd21_lora/generated_images/final/positive/eval_pos_0015.png,eval_pos_0015.png,197.0,191.0,2.0,0.044322967529296875,0.22067303554522766,0.0068206787109375,216.0106263982103,11.676301504910537,6.61010493416998,843.7345581054688,0.0,0.0,True,too_empty,,False,
positive,/mnt/MammoDiffusion/MammoDiffusion/experiments/diffusers/04_sd21_lora/generated_images/final/positive/eval_pos_0016.png,eval_pos_0016.png,89.5824,49.0,4.0,0.35295867919921875,0.9843395369950068,0.4064598083496094,140.11662959521732,50.863385316336796,6.70263009807149,1242.0240478515625,0.0,0.0,False,,-13.660825636546004,True,552.0
positive,/mnt/MammoDiffusion/MammoDiffusion/experiments/diffusers/04_sd21_lora/generated_images/final/positive/eval_pos_0017.png,eval_pos_0017.png,99.7912,77.0,2.0,0.3052635192871094,0.905452182497532,0.3255462646484375,147.80662057651745,52.50800910477699,6.249967178207841,1030.5013427734375,0.0,0.0,False,,-57.59959158873153,False,
positive,/mnt/MammoDiffusion/MammoDiffusion/experiments/diffusers/04_sd21_lora/generated_images/final/positive/eval_pos_0018.png,eval_pos_0018.png,106.8956,93.0,1.0,0.499114990234375,0.9437863038826048,0.4905853271484375,148.70478367702404,37.79515075861241,6.553995578406008,547.9613037109375,0.0,0.0,False,,-36.20368586975558,True,1255.0
positive,/mnt/MammoDiffusion/MammoDiffusion/experiments/diffusers/04_sd21_lora/generated_images/final/positive/eval_pos_0019.png,eval_pos_0019.png,24.7912,2.0,2.0,0.7498779296875,0.9970342259482338,0.7610244750976562,104.28297526792248,56.81514112665493,7.344749854167266,1848.9937744140625,0.0,0.0,False,,-9.708822604622306,True,307.0
positive,/mnt/MammoDiffusion/MammoDiffusion/experiments/diffusers/04_sd21_lora/generated_images/final/positive/eval_pos_0020.png,eval_pos_0020.png,30.7912,8.0,2.0,0.6119918823242188,0.9968272766938852,0.6173210144042969,115.12392246040525,58.019272536863376,7.1629867447900635,1725.834228515625,0.0,0.0,False,,-8.940195809775886,True,239.0
positive,/mnt/MammoDiffusion/MammoDiffusion/experiments/diffusers/04_sd21_lora/generated_images/final/positive/eval_pos_0021.png,eval_pos_0021.png,91.8956,78.0,1.0,0.3549308776855469,0.9721096697226014,0.3762664794921875,138.18736566770752,43.81687450253061,5.784922546620609,701.4046020507812,0.0,0.0,False,,-18.860226913907766,True,765.0
positive,/mnt/MammoDiffusion/MammoDiffusion/experiments/diffusers/04_sd21_lora/generated_images/final/positive/eval_pos_0022.png,eval_pos_0022.png,89.7912,67.0,2.0,0.24100875854492188,0.992988176451036,0.24957656860351562,147.38856706152083,43.363980278617305,5.527606827765448,700.5396728515625,0.0,0.0,False,,-8.118690864771526,True,123.0
positive,/mnt/MammoDiffusion/MammoDiffusion/experiments/diffusers/04_sd21_lora/generated_images/final/positive/eval_pos_0023.png,eval_pos_0023.png,138.7912,116.0,2.0,0.196044921875,0.7346279576587795,0.15836715698242188,182.14161146573528,30.87390074136512,6.076769059242055,685.5530395507812,0.0,0.0,True,fragmented_mask,,False,
positive,/mnt/MammoDiffusion/MammoDiffusion/experiments/diffusers/04_sd21_lora/generated_images/final/positive/eval_pos_0024.png,eval_pos_0024.png,147.5824,107.0,4.0,0.07925033569335938,0.9726594464500602,0.08280563354492188,177.6480858709172,31.44371445450805,5.387972293382553,1063.1212158203125,0.0,0.0,True,too_empty,,False,
positive,/mnt/MammoDiffusion/MammoDiffusion/experiments/diffusers/04_sd21_lora/generated_images/final/positive/eval_pos_0025.png,eval_pos_0025.png,67.6868,36.0,3.0,0.6932449340820312,0.9835525229736423,0.7833976745605469,122.77423391750217,51.40260361354044,7.567283041093344,1661.968505859375,0.0,0.0,False,,-17.51690289338272,True,705.0
positive,/mnt/MammoDiffusion/MammoDiffusion/experiments/diffusers/04_sd21_lora/generated_images/final/positive/eval_pos_0026.png,eval_pos_0026.png,220.0,225.0,29.0,0.16544723510742188,0.8454958382329206,0.13742828369140625,250.79639704657748,25.3945983681424,6.96603624669935,1299.44921875,0.0,0.0,False,,-96.53648585218289,False,
positive,/mnt/MammoDiffusion/MammoDiffusion/experiments/diffusers/04_sd21_lora/generated_images/final/positive/eval_pos_0027.png,eval_pos_0027.png,96.47800000000001,47.0,5.0,0.2719764709472656,0.8934878045359552,0.22248077392578125,161.55666815266966,50.685930637122624,6.926277595438738,2062.3671875,0.0,0.0,False,,-67.16637827490348,False,
positive,/mnt/MammoDiffusion/MammoDiffusion/experiments/diffusers/04_sd21_lora/generated_images/final/positive/eval_pos_0028.png,eval_pos_0028.png,127.6868,96.0,3.0,0.14458465576171875,0.7619123001424727,0.12359619140625,164.98913580246915,35.06587547331383,5.553782796523999,767.9537963867188,0.0,0.0,True,too_empty,,False,
positive,/mnt/MammoDiffusion/MammoDiffusion/experiments/diffusers/04_sd21_lora/generated_images/final/positive/eval_pos_0029.png,eval_pos_0029.png,79.6868,48.0,3.0,0.36869049072265625,0.966890843248836,0.4276542663574219,130.9151881684462,54.102588973304826,6.7051245821564756,1531.2174072265625,0.0,0.0,False,,-23.79811756139293,True,924.0
positive,/mnt/MammoDiffusion/MammoDiffusion/experiments/diffusers/04_sd21_lora/generated_images/final/positive/eval_pos_0030.png,eval_pos_0030.png,120.5824,80.0,4.0,0.18337249755859375,0.9365508633243187,0.21347427368164062,162.79492861099695,48.46350953464885,6.130615201686638,1442.7220458984375,0.0,0.0,False,,-41.6506919910355,False,
positive,/mnt/MammoDiffusion/MammoDiffusion/experiments/diffusers/04_sd21_lora/generated_images/final/positive/eval_pos_0031.png,eval_pos_0031.png,20.0,15.0,0.0,0.7481193542480469,0.9980215689773857,0.7491073608398438,94.07488771425953,57.05891162788446,6.884519522582988,1514.28515625,0.0,0.0,False,,-7.919854032738902,True,109.0
positive,/mnt/MammoDiffusion/MammoDiffusion/experiments/diffusers/04_sd21_lora/generated_images/final/positive/eval_pos_0032.png,eval_pos_0032.png,108.7912,86.0,2.0,0.21569061279296875,0.8424533974744438,0.24087142944335938,150.52811871466355,52.685823970658475,5.775743099266078,962.4521484375,0.0,0.0,False,,-92.69436322325599,False,
positive,/mnt/MammoDiffusion/MammoDiffusion/experiments/diffusers/04_sd21_lora/generated_images/final/positive/eval_pos_0033.png,eval_pos_0033.png,102.8956,89.0,1.0,0.2509346008300781,0.8978732460740944,0.2764129638671875,135.22898150703836,39.56374103210359,5.253962388420685,446.12384033203125,0.0,0.0,False,,-60.26134434520885,False,
positive,/mnt/MammoDiffusion/MammoDiffusion/experiments/diffusers/04_sd21_lora/generated_images/final/positive/eval_pos_0034.png,eval_pos_0034.png,167.0,165.0,1.0,0.04941558837890625,0.56777829241933,0.027378082275390625,193.76229622404904,18.127874229238575,5.449042160351649,736.9081420898438,0.0,0.0,True,too_empty,,False,
positive,/mnt/MammoDiffusion/MammoDiffusion/experiments/diffusers/04_sd21_lora/generated_images/final/positive/eval_pos_0035.png,eval_pos_0035.png,184.0,160.0,5.0,0.048862457275390625,0.6569599500351315,0.030719757080078125,203.57146405066436,13.851414428275275,6.302314683022191,1161.466064453125,0.0,0.0,True,too_empty,,False,
positive,/mnt/MammoDiffusion/MammoDiffusion/experiments/diffusers/04_sd21_lora/generated_images/final/positive/eval_pos_0036.png,eval_pos_0036.png,42.7912,20.0,2.0,0.4987335205078125,0.991387486614655,0.5146598815917969,118.37638513137901,58.330035371551865,6.755775259130773,1398.37353515625,0.0,0.0,False,,-10.58507280110677,True,383.0
positive,/mnt/MammoDiffusion/MammoDiffusion/experiments/diffusers/04_sd21_lora/generated_images/final/positive/eval_pos_0037.png,eval_pos_0037.png,108.5824,68.0,4.0,0.2665138244628906,0.8174622486223431,0.2777824401855469,152.5710185528502,47.42606218889535,6.615424821009704,1439.3502197265625,0.0,0.0,False,,-107.42720360498207,False,
positive,/mnt/MammoDiffusion/MammoDiffusion/experiments/diffusers/04_sd21_lora/generated_images/final/positive/eval_pos_0038.png,eval_pos_0038.png,123.6868,92.0,3.0,0.23884963989257812,0.9165349048919553,0.2806587219238281,159.28779579465294,43.711420069470925,6.192751508458434,1107.419921875,0.0,0.0,False,,-51.51677148959307,False,
positive,/mnt/MammoDiffusion/MammoDiffusion/experiments/diffusers/04_sd21_lora/generated_images/final/positive/eval_pos_0039.png,eval_pos_0039.png,105.5824,65.0,4.0,0.3570594787597656,0.9348938579716028,0.4248199462890625,144.4641086886247,46.904354359395455,6.9250438115438575,1417.2017822265625,0.0,0.0,False,,-41.5268229304854,False,
positive,/mnt/MammoDiffusion/MammoDiffusion/experiments/diffusers/04_sd21_lora/generated_images/final/positive/eval_pos_0040.png,eval_pos_0040.png,78.5824,38.0,4.0,0.5593299865722656,0.9882148337595907,0.5906829833984375,139.8800147244969,45.12616261390112,7.339626388254044,1413.246826171875,0.0,0.0,False,,-13.177538435205719,True,536.0
positive,/mnt/MammoDiffusion/MammoDiffusion/experiments/diffusers/04_sd21_lora/generated_images/final/positive/eval_pos_0041.png,eval_pos_0041.png,75.7912,53.0,2.0,0.2949981689453125,0.9780297936171314,0.3343086242675781,134.84103746134625,57.92780995323995,6.127168090567003,1377.1923828125,0.0,0.0,False,,-17.535404184722022,True,707.0
positive,/mnt/MammoDiffusion/MammoDiffusion/experiments/diffusers/04_sd21_lora/generated_images/final/positive/eval_pos_0042.png,eval_pos_0042.png,121.7912,99.0,2.0,0.20126724243164062,0.9198460984439264,0.19391250610351562,164.03690516003383,37.65171782810593,5.54519196872819,712.3472900390625,0.0,0.0,False,,-49.59177045486193,False,
positive,/mnt/MammoDiffusion/MammoDiffusion/experiments/diffusers/04_sd21_lora/generated_images/final/positive/eval_pos_0043.png,eval_pos_0043.png,113.7912,91.0,2.0,0.2164459228515625,0.9078075431794149,0.20413970947265625,172.90759427439548,41.08020008640471,5.685191209470526,793.1317138671875,0.0,0.0,False,,-56.38005362766739,False,
positive,/mnt/MammoDiffusion/MammoDiffusion/experiments/diffusers/04_sd21_lora/generated_images/final/positive/eval_pos_0044.png,eval_pos_0044.png,63.6868,32.0,3.0,0.2873268127441406,0.943986404853892,0.333251953125,122.43138736263737,64.57606866289048,6.473022752091942,1964.783935546875,0.0,0.0,False,,-37.59941327006624,True,1281.0
positive,/mnt/MammoDiffusion/MammoDiffusion/experiments/diffusers/04_sd21_lora/generated_images/final/positive/eval_pos_0045.png,eval_pos_0045.png,131.5824,91.0,4.0,0.19734954833984375,0.8656009587505316,0.1664886474609375,183.1602052974063,37.22932369104909,6.332335586517779,1380.3802490234375,0.0,0.0,False,,-81.75057756481445,False,
positive,/mnt/MammoDiffusion/MammoDiffusion/experiments/diffusers/04_sd21_lora/generated_images/final/positive/eval_pos_0046.png,eval_pos_0046.png,100.6868,69.0,3.0,0.32604217529296875,0.8795600795600795,0.3101768493652344,150.34563589182275,44.76164599253408,6.300618001703701,584.2211303710938,0.0,0.0,False,,-71.78333892076041,False,
positive,/mnt/MammoDiffusion/MammoDiffusion/experiments/diffusers/04_sd21_lora/generated_images/final/positive/eval_pos_0047.png,eval_pos_0047.png,105.6868,74.0,3.0,0.3421363830566406,0.9456566580071135,0.4264030456542969,138.67529679098936,43.11270028384316,6.643532570731663,1032.0152587890625,0.0,0.0,False,,-34.365205503924294,True,1206.0
positive,/mnt/MammoDiffusion/MammoDiffusion/experiments/diffusers/04_sd21_lora/generated_images/final/positive/eval_pos_0048.png,eval_pos_0048.png,104.47800000000001,55.0,5.0,0.21035003662109375,0.862554858365674,0.23015213012695312,149.92360731274758,53.64346851747927,6.591896260111751,1891.411376953125,0.0,0.0,False,,-83.60309527125375,False,
positive,/mnt/MammoDiffusion/MammoDiffusion/experiments/diffusers/04_sd21_lora/generated_images/final/positive/eval_pos_0049.png,eval_pos_0049.png,220.0,204.0,11.0,0.12605667114257812,0.04772280223937055,0.004718780517578125,230.9151172190784,8.45340490052916,6.902002208811458,2475.148681640625,0.0,0.0,True,too_empty,,False,
positive,/mnt/MammoDiffusion/MammoDiffusion/experiments/diffusers/04_sd21_lora/generated_images/final/positive/eval_pos_0050.png,eval_pos_0050.png,73.6868,42.0,3.0,0.34869384765625,0.9635918081568353,0.3473854064941406,142.80262449898424,49.8933087110321,6.521199354040555,1363.2139892578125,0.0,0.0,False,,-25.510669139336464,True,981.0
positive,/mnt/MammoDiffusion/MammoDiffusion/experiments/diffusers/04_sd21_lora/generated_images/final/positive/eval_pos_0051.png,eval_pos_0051.png,152.0,135.0,2.0,0.0493316650390625,0.9759511289823694,0.043155670166015625,169.11349774595598,9.056274700743895,3.780939095121828,179.36676025390625,0.0,0.0,True,too_empty,,False,
positive,/mnt/MammoDiffusion/MammoDiffusion/experiments/diffusers/04_sd21_lora/generated_images/final/positive/eval_pos_0052.png,eval_pos_0052.png,209.0,183.0,15.0,0.045825958251953125,0.09140098226920836,0.00283050537109375,235.55525606469,10.540720328433327,7.263789636942235,2488.668701171875,0.0,0.0,True,too_empty,,False,
positive,/mnt/MammoDiffusion/MammoDiffusion/experiments/diffusers/04_sd21_lora/generated_images/final/positive/eval_pos_0053.png,eval_pos_0053.png,220.0,224.0,24.0,0.3011054992675781,0.9179050587206872,0.2781829833984375,245.16090724589984,25.800687909518295,6.697760759903215,2052.33544921875,0.0,0.0,False,,-55.845325027970844,False,
positive,/mnt/MammoDiffusion/MammoDiffusion/experiments/diffusers/04_sd21_lora/generated_images/final/positive/eval_pos_0054.png,eval_pos_0054.png,96.5824,56.0,4.0,0.24193954467773438,0.964429307979755,0.2731590270996094,150.46964682223805,50.964793947863924,6.438712413247483,1408.28759765625,0.0,0.0,False,,-25.83032402909968,True,989.0
positive,/mnt/MammoDiffusion/MammoDiffusion/experiments/diffusers/04_sd21_lora/generated_images/final/positive/eval_pos_0055.png,eval_pos_0055.png,111.7912,89.0,2.0,0.26509857177734375,0.9244539096900452,0.31711578369140625,146.14221099482737,45.37363879056147,5.889239925025089,788.5138549804688,0.0,0.0,False,,-46.06772184098403,False,
positive,/mnt/MammoDiffusion/MammoDiffusion/experiments/diffusers/04_sd21_lora/generated_images/final/positive/eval_pos_0056.png,eval_pos_0056.png,113.5824,73.0,4.0,0.159576416015625,0.7647016637980494,0.11787033081054688,159.79132010744684,39.142038472311526,6.082219785412945,1282.7935791015625,0.0,0.0,True,too_empty,,False,
positive,/mnt/MammoDiffusion/MammoDiffusion/experiments/diffusers/04_sd21_lora/generated_images/final/positive/eval_pos_0057.png,eval_pos_0057.png,144.5824,104.0,4.0,0.11559677124023438,0.7602217602217602,0.09072494506835938,188.4846739267544,30.029632706735914,5.864726830971072,1231.66650390625,0.0,0.0,True,too_empty,,False,
positive,/mnt/MammoDiffusion/MammoDiffusion/experiments/diffusers/04_sd21_lora/generated_images/final/positive/eval_pos_0058.png,eval_pos_0058.png,80.5824,40.0,4.0,0.3385276794433594,0.9552302716834004,0.40935516357421875,129.3259808032802,56.469695260069166,6.96785044665336,2220.6025390625,0.0,0.0,False,,-31.375651023387594,True,1118.0
positive,/mnt/MammoDiffusion/MammoDiffusion/experiments/diffusers/04_sd21_lora/generated_images/final/positive/eval_pos_0059.png,eval_pos_0059.png,129.6868,98.0,3.0,0.153472900390625,0.7140336050904752,0.12175750732421875,179.58076947177142,33.8945581196544,5.923750721166,1105.6065673828125,0.0,0.0,True,too_empty,,False,
positive,/mnt/MammoDiffusion/MammoDiffusion/experiments/diffusers/04_sd21_lora/generated_images/final/positive/eval_pos_0060.png,eval_pos_0060.png,220.0,253.0,0.0,0.3870811462402344,0.9489213666959032,0.3600196838378906,250.43346366169723,23.14702031737851,5.800127931890136,1813.6788330078125,0.0,0.0,False,,-37.242216425654185,True,1277.0
positive,/mnt/MammoDiffusion/MammoDiffusion/experiments/diffusers/04_sd21_lora/generated_images/final/positive/eval_pos_0061.png,eval_pos_0061.png,90.8956,77.0,1.0,0.3449134826660156,0.9786986960416736,0.3650932312011719,141.10684693909536,45.36535824923546,5.3069845128419,638.399169921875,0.0,0.0,False,,-15.082334268290134,True,614.0
positive,/mnt/MammoDiffusion/MammoDiffusion/experiments/diffusers/04_sd21_lora/generated_images/final/positive/eval_pos_0062.png,eval_pos_0062.png,94.8956,81.0,1.0,0.2946281433105469,0.9521331002783712,0.2933502197265625,144.9017035110533,43.35221281556136,5.3794062939620915,780.996337890625,0.0,0.0,False,,-30.185784097077644,True,1086.0
positive,/mnt/MammoDiffusion/MammoDiffusion/experiments/diffusers/04_sd21_lora/generated_images/final/positive/eval_pos_0063.png,eval_pos_0063.png,220.0,253.0,1.0,0.4487953186035156,0.9503098198879718,0.42366790771484375,252.35622445120742,17.632728853764835,5.42824554412408,1744.47021484375,0.0,0.0,False,,-36.323085522296445,True,1260.0
positive,/mnt/MammoDiffusion/MammoDiffusion/experiments/diffusers/04_sd21_lora/generated_images/final/positive/eval_pos_0064.png,eval_pos_0064.png,89.7912,67.0,2.0,0.2581367492675781,0.9206726861635313,0.2676544189453125,146.51291260475458,51.06624443443124,5.752673931226964,1005.7305297851562,0.0,0.0,False,,-48.87716696427917,False,
positive,/mnt/MammoDiffusion/MammoDiffusion/experiments/diffusers/04_sd21_lora/generated_images/final/positive/eval_pos_0065.png,eval_pos_0065.png,68.47800000000001,19.0,5.0,0.3423004150390625,0.9374693531850399,0.380523681640625,127.32259002325767,60.23804517521309,7.0628108411889245,2253.6884765625,0.0,0.0,False,,-41.67925254340083,False,
positive,/mnt/MammoDiffusion/MammoDiffusion/experiments/diffusers/04_sd21_lora/generated_images/final/positive/eval_pos_0066.png,eval_pos_0066.png,122.6868,91.0,3.0,0.13385772705078125,0.9124251923624964,0.1402435302734375,165.000979218801,43.028246993084714,5.537729734878554,1033.631103515625,0.0,0.0,False,,-54.135492659829055,False,
positive,/mnt/MammoDiffusion/MammoDiffusion/experiments/diffusers/04_sd21_lora/generated_images/final/positive/eval_pos_0067.png,eval_pos_0067.png,127.7912,105.0,2.0,0.10172271728515625,0.9723618090452262,0.09747314453125,178.63028334376958,29.659952020605374,4.705777625370757,541.124755859375,0.0,0.0,True,too_empty,,False,
positive,/mnt/MammoDiffusion/MammoDiffusion/experiments/diffusers/04_sd21_lora/generated_images/final/positive/eval_pos_0068.png,eval_pos_0068.png,220.0,225.0,26.0,0.23135757446289062,0.9438902537552144,0.20457839965820312,246.9572246359246,27.41531312035318,7.0602522136196955,1294.9937744140625,0.0,0.0,False,,-41.27896571643385,True,1355.0
positive,/mnt/MammoDiffusion/MammoDiffusion/experiments/diffusers/04_sd21_lora/generated_images/final/positive/eval_pos_0069.png,eval_pos_0069.png,93.7912,71.0,2.0,0.3197364807128906,0.985754679838219,0.3260536193847656,147.81720543329473,39.239647461900795,5.776985529043242,564.19482421875,0.0,0.0,False,,-11.90911962156829,True,465.0
positive,/mnt/MammoDiffusion/MammoDiffusion/experiments/diffusers/04_sd21_lora/generated_images/final/positive/eval_pos_0070.png,eval_pos_0070.png,98.5824,58.0,4.0,0.3610382080078125,0.9417501373568319,0.37606048583984375,152.2179302509586,47.770793064440156,6.818833033234974,1713.3167724609375,0.0,0.0,False,,-38.30686156571642,True,1301.0
positive,/mnt/MammoDiffusion/MammoDiffusion/experiments/diffusers/04_sd21_lora/generated_images/final/positive/eval_pos_0071.png,eval_pos_0071.png,95.3736,37.0,6.0,0.3077201843261719,0.9475126135842414,0.3652076721191406,134.97183951868138,48.53808747825889,7.059337377954781,2287.7177734375,0.0,0.0,False,,-35.652216858059234,True,1246.0
positive,/mnt/MammoDiffusion/MammoDiffusion/experiments/diffusers/04_sd21_lora/generated_images/final/positive/eval_pos_0072.png,eval_pos_0072.png,125.7912,103.0,2.0,0.13726043701171875,0.43477294202656885,0.058536529541015625,185.5939393939394,26.624990449076236,5.199222552398529,542.3139038085938,0.0,0.0,True,too_empty,,False,
positive,/mnt/MammoDiffusion/MammoDiffusion/experiments/diffusers/04_sd21_lora/generated_images/final/positive/eval_pos_0073.png,eval_pos_0073.png,91.6868,60.0,3.0,0.238037109375,0.9886217948717949,0.25054168701171875,153.281266177411,46.61030200394611,5.654096731589242,978.1644897460938,0.0,0.0,False,,-11.025872018231201,True,413.0
positive,/mnt/MammoDiffusion/MammoDiffusion/experiments/diffusers/04_sd21_lora/generated_images/final/positive/eval_pos_0074.png,eval_pos_0074.png,65.6868,34.0,3.0,0.3303985595703125,0.9848058005819055,0.365753173828125,122.93891322486441,55.88634366802969,6.432120699809056,1692.481689453125,0.0,0.0,False,,-13.74210297437417,True,557.0
positive,/mnt/MammoDiffusion/MammoDiffusion/experiments/diffusers/04_sd21_lora/generated_images/final/positive/eval_pos_0075.png,eval_pos_0075.png,28.7912,6.0,2.0,0.6947021484375,0.9969579160077315,0.6938819885253906,130.06209008394862,47.46018673264991,7.184746517433705,1113.7069091796875,0.0,0.0,False,,-8.362233638125808,True,163.0
positive,/mnt/MammoDiffusion/MammoDiffusion/experiments/diffusers/04_sd21_lora/generated_images/final/positive/eval_pos_0076.png,eval_pos_0076.png,138.6868,107.0,3.0,0.16416549682617188,0.7976995468804462,0.09878158569335938,175.16466499324193,18.386334688601824,5.815739011680892,408.5404968261719,0.0,0.0,True,too_empty,,False,
positive,/mnt/MammoDiffusion/MammoDiffusion/experiments/diffusers/04_sd21_lora/generated_images/final/positive/eval_pos_0077.png,eval_pos_0077.png,46.7912,24.0,2.0,0.5239028930664062,0.9875052789468319,0.5188407897949219,132.46372719853542,48.97149227150407,6.777754353799734,1373.546630859375,0.0,0.0,False,,-12.529488141576905,True,503.0
positive,/mnt/MammoDiffusion/MammoDiffusion/experiments/diffusers/04_sd21_lora/generated_images/final/positive/eval_pos_0078.png,eval_pos_0078.png,71.7912,49.0,2.0,0.343292236328125,0.9751200106676149,0.3748130798339844,129.26487201669127,55.771294842767595,6.230612315626503,1331.555419921875,0.0,0.0,False,,-18.60096677019837,True,748.0
positive,/mnt/MammoDiffusion/MammoDiffusion/experiments/diffusers/04_sd21_lora/generated_images/final/positive/eval_pos_0079.png,eval_pos_0079.png,59.5824,19.0,4.0,0.4706459045410156,0.9887742447944107,0.49427032470703125,121.86559388747395,50.83817599289646,7.15896409634402,1860.1834716796875,0.0,0.0,False,,-12.442225145410289,True,495.0
positive,/mnt/MammoDiffusion/MammoDiffusion/experiments/diffusers/04_sd21_lora/generated_images/final/positive/eval_pos_0080.png,eval_pos_0080.png,68.7912,46.0,2.0,0.4092445373535156,0.9892711663761523,0.4564323425292969,126.73693491905625,55.84364936000508,6.333511553381269,1028.65380859375,0.0,0.0,False,,-10.575939035240694,True,382.0
positive,/mnt/MammoDiffusion/MammoDiffusion/experiments/diffusers/04_sd21_lora/generated_images/final/positive/eval_pos_0081.png,eval_pos_0081.png,220.0,217.0,11.0,0.408538818359375,0.9714835287965937,0.3916664123535156,227.04274736298734,13.713584003979353,6.614693079863743,1748.8721923828125,0.0,0.0,False,,-25.175710098229786,True,970.0
positive,/mnt/MammoDiffusion/MammoDiffusion/experiments/diffusers/04_sd21_lora/generated_images/final/positive/eval_pos_0082.png,eval_pos_0082.png,116.7912,94.0,2.0,0.2957420349121094,0.9041366233699227,0.2845420837402344,167.15926854446246,39.87068422068593,6.218401603184821,855.2860107421875,0.0,0.0,False,,-58.12908883779056,False,
positive,/mnt/MammoDiffusion/MammoDiffusion/experiments/diffusers/04_sd21_lora/generated_images/final/positive/eval_pos_0083.png,eval_pos_0083.png,84.7912,62.0,2.0,0.2932586669921875,0.9913887299027004,0.3342170715332031,137.11220937532102,49.8963458092752,5.850989447418942,748.5870361328125,0.0,0.0,False,,-8.842752122553247,True,223.0
positive,/mnt/MammoDiffusion/MammoDiffusion/experiments/diffusers/04_sd21_lora/generated_images/final/positive/eval_pos_0084.png,eval_pos_0084.png,117.6868,86.0,3.0,0.1731414794921875,0.8550718251520225,0.14838409423828125,169.73862409378376,34.73486303175804,5.8815641204643505,939.2747802734375,0.0,0.0,False,,-86.49741507627824,False,
positive,/mnt/MammoDiffusion/MammoDiffusion/experiments/diffusers/04_sd21_lora/generated_images/final/positive/eval_pos_0085.png,eval_pos_0085.png,84.5824,44.0,4.0,0.38622283935546875,0.987110601900322,0.4321784973144531,139.4622880495706,52.30599556104339,6.974069175021538,1869.9136962890625,0.0,0.0,False,,-13.418340109193988,True,546.0
positive,/mnt/MammoDiffusion/MammoDiffusion/experiments/diffusers/04_sd21_lora/generated_images/final/positive/eval_pos_0086.png,eval_pos_0086.png,143.0,97.0,13.0,0.049190521240234375,0.1573478092283831,0.0023345947265625,156.13235294117646,13.06996503311833,6.338088572671251,1287.9498291015625,0.0,0.0,True,too_empty,,False,
positive,/mnt/MammoDiffusion/MammoDiffusion/experiments/diffusers/04_sd21_lora/generated_images/final/positive/eval_pos_0087.png,eval_pos_0087.png,113.6868,82.0,3.0,0.18744659423828125,0.4955635149985754,0.09029006958007812,175.21259875786893,27.538660140199166,5.944372992231572,548.044189453125,0.0,0.0,True,too_empty,,False,
positive,/mnt/MammoDiffusion/MammoDiffusion/experiments/diffusers/04_sd21_lora/generated_images/final/positive/eval_pos_0088.png,eval_pos_0088.png,84.8956,71.0,1.0,0.24238204956054688,0.8943168762492327,0.2506370544433594,142.0479582363058,53.39355750242557,5.524159687125031,974.6708374023438,0.0,0.0,False,,-63.390101277206625,False,
positive,/mnt/MammoDiffusion/MammoDiffusion/experiments/diffusers/04_sd21_lora/generated_images/final/positive/eval_pos_0089.png,eval_pos_0089.png,97.5824,57.0,4.0,0.15790557861328125,0.891989177175436,0.14892196655273438,158.80998488690796,50.064893585321336,6.043010437815349,1807.773681640625,0.0,0.0,False,,-67.18284029610444,False,
positive,/mnt/MammoDiffusion/MammoDiffusion/experiments/diffusers/04_sd21_lora/generated_images/final/positive/eval_pos_0090.png,eval_pos_0090.png,115.7912,93.0,2.0,0.2906761169433594,0.9465347314269216,0.32566070556640625,153.93425090781304,40.384973312686334,5.83937373932191,529.1296997070312,0.0,0.0,False,,-33.906213718358714,True,1196.0
positive,/mnt/MammoDiffusion/MammoDiffusion/experiments/diffusers/04_sd21_lora/generated_images/final/positive/eval_pos_0091.png,eval_pos_0091.png,105.7912,83.0,2.0,0.2641143798828125,0.9265844358426252,0.2990684509277344,149.13630275896375,47.26217923994811,5.989884403681494,733.899169921875,0.0,0.0,False,,-45.3977354989218,False,
positive,/mnt/MammoDiffusion/MammoDiffusion/experiments/diffusers/04_sd21_lora/generated_images/final/positive/eval_pos_0092.png,eval_pos_0092.png,96.7912,74.0,2.0,0.3465919494628906,0.9923506169034857,0.36962890625,143.73343584874505,41.46189819291928,5.746419033112342,420.8924865722656,0.0,0.0,False,,-7.977221261573962,True,115.0
positive,/mnt/MammoDiffusion/MammoDiffusion/experiments/diffusers/04_sd21_lora/generated_images/final/positive/eval_pos_0093.png,eval_pos_0093.png,50.6868,19.0,3.0,0.4212226867675781,0.9773231541101783,0.4424095153808594,117.73782280663936,58.804787976352856,6.719124082214749,1504.8524169921875,0.0,0.0,False,,-18.01595301535972,True,727.0
positive,/mnt/MammoDiffusion/MammoDiffusion/experiments/diffusers/04_sd21_lora/generated_images/final/positive/eval_pos_0094.png,eval_pos_0094.png,213.0,198.0,10.0,0.042301177978515625,0.08738389394895843,0.00237274169921875,234.69131832797427,15.342223284250949,6.966663177174198,1441.308837890625,0.0,0.0,True,too_empty,,False,
positive,/mnt/MammoDiffusion/MammoDiffusion/experiments/diffusers/04_sd21_lora/generated_images/final/positive/eval_pos_0095.png,eval_pos_0095.png,144.6868,113.0,3.0,0.10944366455078125,0.7493900313698153,0.10256195068359375,176.09012125269658,23.932685543741044,5.169101458985561,622.9146118164062,0.0,0.0,True,too_empty,,False,
positive,/mnt/MammoDiffusion/MammoDiffusion/experiments/diffusers/04_sd21_lora/generated_images/final/positive/eval_pos_0096.png,eval_pos_0096.png,79.6868,48.0,3.0,0.2978019714355469,0.9906234388409956,0.3182106018066406,149.0107532037834,56.3907788262951,6.316462429672958,1471.2396240234375,0.0,0.0,False,,-11.27826527143891,True,432.0
positive,/mnt/MammoDiffusion/MammoDiffusion/experiments/diffusers/04_sd21_lora/generated_images/final/positive/eval_pos_0097.png,eval_pos_0097.png,45.7912,23.0,2.0,0.4920310974121094,0.9957901428870471,0.49131011962890625,126.96507601285774,50.338363842667455,6.412270942836763,915.7097778320312,0.0,0.0,False,,-6.748283587217359,True,33.0
positive,/mnt/MammoDiffusion/MammoDiffusion/experiments/diffusers/04_sd21_lora/generated_images/final/positive/eval_pos_0098.png,eval_pos_0098.png,137.8956,124.0,1.0,0.109161376953125,0.46414593234554097,0.048976898193359375,184.57340914401433,22.941468379465388,4.745658654120087,335.6829528808594,0.0,0.0,True,too_empty,,False,
positive,/mnt/MammoDiffusion/MammoDiffusion/experiments/diffusers/04_sd21_lora/generated_images/final/positive/eval_pos_0099.png,eval_pos_0099.png,99.7912,77.0,2.0,0.17435455322265625,0.9823655537566184,0.19025421142578125,144.5590488029835,48.10407068116036,5.068333126561376,487.7578430175781,0.0,0.0,False,,-14.474567324068342,True,589.0
positive,/mnt/MammoDiffusion/MammoDiffusion/experiments/diffusers/04_sd21_lora/generated_images/final/positive/gen_0000.png,gen_0000.png,105.7912,83.0,2.0,0.14732742309570312,0.8987856347582921,0.13646316528320312,152.54362228496353,32.92902297331554,5.031633968701699,560.256591796875,0.0,0.0,False,,-61.336303455188926,False,
positive,/mnt/MammoDiffusion/MammoDiffusion/experiments/diffusers/04_sd21_lora/generated_images/final/positive/gen_0001.png,gen_0001.png,32.7912,10.0,2.0,0.4578132629394531,0.9861265029621791,0.4726753234863281,114.98104253928287,60.619623386074316,6.7738377733976645,1808.093994140625,0.0,0.0,False,,-13.803430002654473,True,559.0
positive,/mnt/MammoDiffusion/MammoDiffusion/experiments/diffusers/04_sd21_lora/generated_images/final/positive/gen_0002.png,gen_0002.png,43.6868,12.0,3.0,0.4331245422363281,0.9901357218978166,0.44503021240234375,120.25660454989628,57.755192917567605,6.858799610871253,2001.3212890625,0.0,0.0,False,,-11.671594132247963,True,456.0
positive,/mnt/MammoDiffusion/MammoDiffusion/experiments/diffusers/04_sd21_lora/generated_images/final/positive/gen_0003.png,gen_0003.png,220.0,245.0,5.0,0.43030548095703125,0.9477402882927608,0.40367889404296875,249.20249097541154,15.389416081841802,6.028241253314415,2076.78125,0.0,0.0,False,,-38.677520549512934,True,1305.0
positive,/mnt/MammoDiffusion/MammoDiffusion/experiments/diffusers/04_sd21_lora/generated_images/final/positive/gen_0004.png,gen_0004.png,36.6868,5.0,3.0,0.616851806640625,0.9958318903675852,0.6584587097167969,103.73739796420854,57.17260894155615,7.281357749488244,2012.2926025390625,0.0,0.0,False,,-9.83204214399238,True,316.0
positive,/mnt/MammoDiffusion/MammoDiffusion/experiments/diffusers/04_sd21_lora/generated_images/final/positive/gen_0005.png,gen_0005.png,182.0,170.0,7.0,0.046634674072265625,0.416359918200409,0.019863128662109375,198.1232955636643,14.166509899630926,6.906544776967539,1016.0504760742188,0.0,0.0,True,too_empty,,False,
positive,/mnt/MammoDiffusion/MammoDiffusion/experiments/diffusers/04_sd21_lora/generated_images/final/positive/gen_0006.png,gen_0006.png,125.7912,103.0,2.0,0.15457534790039062,0.921670245058118,0.13648605346679688,167.34151317812123,38.449429015855124,5.444413268979561,698.7431030273438,0.0,0.0,False,,-48.928266778381655,False,
positive,/mnt/MammoDiffusion/MammoDiffusion/experiments/diffusers/04_sd21_lora/generated_images/final/positive/gen_0007.png,gen_0007.png,168.1648,92.0,8.0,0.15357589721679688,0.7289053379368589,0.10905838012695312,206.47416838644233,18.006751693651918,7.0393105624786525,564.0131225585938,0.0,0.0,True,too_empty,,False,
positive,/mnt/MammoDiffusion/MammoDiffusion/experiments/diffusers/04_sd21_lora/generated_images/final/positive/gen_0008.png,gen_0008.png,212.0,203.0,6.0,0.029170989990234375,0.2223094023800183,0.0056915283203125,219.04825737265415,6.279382700337525,6.20044779586371,1196.711181640625,0.0,0.0,True,too_empty,,False,
positive,/mnt/MammoDiffusion/MammoDiffusion/experiments/diffusers/04_sd21_lora/generated_images/final/positive/gen_0009.png,gen_0009.png,27.7912,5.0,2.0,0.5995597839355469,0.996557889178029,0.5963211059570312,112.61632399790177,46.03888385016739,6.933986402430661,1109.3916015625,0.0,0.0,False,,-7.040710250382972,True,41.0
positive,/mnt/MammoDiffusion/MammoDiffusion/experiments/diffusers/04_sd21_lora/generated_images/final/positive/gen_0010.png,gen_0010.png,85.6868,54.0,3.0,0.24432754516601562,0.9481646864119658,0.29976654052734375,131.32826856023007,57.879538492494916,6.184733696626517,1446.088623046875,0.0,0.0,False,,-34.38133728578574,True,1207.0
positive,/mnt/MammoDiffusion/MammoDiffusion/experiments/diffusers/04_sd21_lora/generated_images/final/positive/gen_0011.png,gen_0011.png,73.6868,42.0,3.0,0.339080810546875,0.9887273872738728,0.36327362060546875,133.29179880289826,55.47025331077265,6.437264383600628,1485.77587890625,0.0,0.0,False,,-11.618824018855639,True,453.0
positive,/mnt/MammoDiffusion/MammoDiffusion/experiments/diffusers/04_sd21_lora/generated_images/final/positive/gen_0012.png,gen_0012.png,155.6868,124.0,3.0,0.07432174682617188,0.9093055484268336,0.0645904541015625,196.17416725726434,14.552205239832608,4.801979416296289,508.6573791503906,0.0,0.0,True,too_empty,,False,
positive,/mnt/MammoDiffusion/MammoDiffusion/experiments/diffusers/04_sd21_lora/generated_images/final/positive/gen_0013.png,gen_0013.png,125.6868,94.0,3.0,0.12864303588867188,0.9307297690003855,0.13888168334960938,161.93572664597468,41.23694338879711,5.585874032258072,914.5122680664062,0.0,0.0,False,,-43.661903465100494,False,
positive,/mnt/MammoDiffusion/MammoDiffusion/experiments/diffusers/04_sd21_lora/generated_images/final/positive/gen_0014.png,gen_0014.png,182.8956,169.0,1.0,0.06316375732421875,0.5795989853847083,0.0382537841796875,197.7928799361787,11.592463180682394,6.204880747806223,746.9578247070312,0.0,0.0,True,too_empty,,False,
positive,/mnt/MammoDiffusion/MammoDiffusion/experiments/diffusers/04_sd21_lora/generated_images/final/positive/gen_0015.png,gen_0015.png,122.5824,82.0,4.0,0.2108917236328125,0.8507524781130165,0.20738983154296875,171.79225986830005,42.53366218906318,6.460452644932334,1702.645751953125,0.0,0.0,False,,-89.83136599809401,False,
positive,/mnt/MammoDiffusion/MammoDiffusion/experiments/diffusers/04_sd21_lora/generated_images/final/positive/gen_0016.png,gen_0016.png,92.5824,52.0,4.0,0.4556732177734375,0.9386448113049594,0.43061065673828125,150.1356637905069,46.30674405297337,7.262174668087878,1005.9434204101562,0.0,0.0,False,,-39.439928189594575,True,1318.0
positive,/mnt/MammoDiffusion/MammoDiffusion/experiments/diffusers/04_sd21_lora/generated_images/final/positive/gen_0017.png,gen_0017.png,144.0,128.0,4.0,0.04607391357421875,0.8092399403874814,0.033206939697265625,172.0714531878231,14.617613305130606,4.992196681714116,1152.6365966796875,0.0,0.0,True,too_empty,,False,
positive,/mnt/MammoDiffusion/MammoDiffusion/experiments/diffusers/04_sd21_lora/generated_images/final/positive/gen_0018.png,gen_0018.png,120.6868,89.0,3.0,0.11820220947265625,0.7900987542761247,0.10033416748046875,147.01205231541329,33.615518535865256,5.6464663964693935,706.51220703125,0.0,0.0,True,too_empty,,False,
positive,/mnt/MammoDiffusion/MammoDiffusion/experiments/diffusers/04_sd21_lora/generated_images/final/positive/gen_0019.png,gen_0019.png,74.5824,34.0,4.0,0.3273277282714844,0.9603062687193352,0.3839302062988281,124.65610810273735,56.93608300010409,6.704016038155277,1816.8492431640625,0.0,0.0,False,,-27.770217906670695,True,1036.0
positive,/mnt/MammoDiffusion/MammoDiffusion/experiments/diffusers/04_sd21_lora/generated_images/final/positive/gen_0020.png,gen_0020.png,94.6868,63.0,3.0,0.2768096923828125,0.9590981754037815,0.30269622802734375,146.68322621298046,52.492614006099124,6.3345130801596925,1335.7083740234375,0.0,0.0,False,,-28.39131708567661,True,1050.0
positive,/mnt/MammoDiffusion/MammoDiffusion/experiments/diffusers/04_sd21_lora/generated_images/final/positive/gen_0021.png,gen_0021.png,67.8956,54.0,1.0,0.5207977294921875,0.9825305440801617,0.5838890075683594,116.00838870269105,49.47650620751954,6.638046918020902,1238.4996337890625,0.0,0.0,False,,-14.95916330712803,True,606.0
positive,/mnt/MammoDiffusion/MammoDiffusion/experiments/diffusers/04_sd21_lora/generated_images/final/positive/gen_0022.png,gen_0022.png,60.6868,29.0,3.0,0.4850311279296875,0.9587645892975115,0.49227142333984375,142.15213954713823,52.83373126049945,6.930765522346651,1415.9925537109375,0.0,0.0,False,,-29.07995518928047,True,1066.0
positive,/mnt/MammoDiffusion/MammoDiffusion/experiments/diffusers/04_sd21_lora/generated_images/final/positive/gen_0023.png,gen_0023.png,220.0,249.0,1.0,0.4080352783203125,0.9824333420590106,0.39345550537109375,247.9559636229664,17.352076219691,6.204101094094863,1511.2686767578125,0.0,0.0,False,,-18.768762321821754,True,760.0
positive,/mnt/MammoDiffusion/MammoDiffusion/experiments/diffusers/04_sd21_lora/generated_images/final/positive/gen_0024.png,gen_0024.png,116.7912,94.0,2.0,0.23805618286132812,0.8865796009935102,0.25366973876953125,157.72074348100693,44.90093697545807,5.921471690239288,894.3404541015625,0.0,0.0,False,,-67.83738359630804,False,
positive,/mnt/MammoDiffusion/MammoDiffusion/experiments/diffusers/04_sd21_lora/generated_images/final/positive/gen_0025.png,gen_0025.png,47.6868,16.0,3.0,0.457763671875,0.9850166666666667,0.4639854431152344,123.47403211352369,53.366586909360144,6.819185307578366,1606.470703125,0.0,0.0,False,,-13.904748506783692,True,562.0
positive,/mnt/MammoDiffusion/MammoDiffusion/experiments/diffusers/04_sd21_lora/generated_images/final/positive/gen_0026.png,gen_0026.png,171.0,163.0,6.0,0.04909515380859375,0.5681429681429682,0.027393341064453125,187.70616905723438,11.4287632549535,6.95765752309792,987.0562133789062,0.0,0.0,True,too_empty,,False,
positive,/mnt/MammoDiffusion/MammoDiffusion/experiments/diffusers/04_sd21_lora/generated_images/final/positive/gen_0027.png,gen_0027.png,105.5824,65.0,4.0,0.22433853149414062,0.9255216038361476,0.22584152221679688,161.1502288735368,48.107318605526714,6.357664969783678,1455.122802734375,0.0,0.0,False,,-47.854722019719006,False,
positive,/mnt/MammoDiffusion/MammoDiffusion/experiments/diffusers/04_sd21_lora/generated_images/final/positive/gen_0028.png,gen_0028.png,67.7912,45.0,2.0,0.5514450073242188,0.9877696149642358,0.6073760986328125,121.77153623916594,51.17658196042493,6.9971708735449045,1426.943603515625,0.0,0.0,False,,-13.090696219094632,True,532.0
positive,/mnt/MammoDiffusion/MammoDiffusion/experiments/diffusers/04_sd21_lora/generated_images/final/positive/gen_0029.png,gen_0029.png,56.6868,25.0,3.0,0.3237113952636719,0.9712935575484039,0.3616828918457031,119.19014270195015,59.58842027527337,6.42588408206268,2080.667236328125,0.0,0.0,False,,-21.890874329237192,True,873.0
positive,/mnt/MammoDiffusion/MammoDiffusion/experiments/diffusers/04_sd21_lora/generated_images/final/positive/gen_0030.png,gen_0030.png,105.8956,92.0,1.0,0.17926025390625,0.8823842356145727,0.18115615844726562,159.67824127692728,51.479221917788465,4.869815702192568,677.8548583984375,0.0,0.0,False,,-70.31962806810257,False,
positive,/mnt/MammoDiffusion/MammoDiffusion/experiments/diffusers/04_sd21_lora/generated_images/final/positive/gen_0031.png,gen_0031.png,114.7912,92.0,2.0,0.13945388793945312,0.9758459392182072,0.14943695068359375,159.6291928319804,42.469813248932795,5.196644187712125,788.5658569335938,0.0,0.0,False,,-18.188252195485383,True,734.0
positive,/mnt/MammoDiffusion/MammoDiffusion/experiments/diffusers/04_sd21_lora/generated_images/final/positive/gen_0032.png,gen_0032.png,115.6868,84.0,3.0,0.368011474609375,0.9181524172816983,0.3955078125,160.8540702160494,41.68472294903329,6.553972862849784,1014.0139770507812,0.0,0.0,False,,-49.989854197525645,False,
positive,/mnt/MammoDiffusion/MammoDiffusion/experiments/diffusers/04_sd21_lora/generated_images/final/positive/gen_0033.png,gen_0033.png,106.47800000000001,57.0,5.0,0.2720527648925781,0.9307878906852504,0.23371124267578125,164.61580648320438,44.42466644064141,6.861423797036528,1872.9862060546875,0.0,0.0,False,,-45.734511848771916,False,
positive,/mnt/MammoDiffusion/MammoDiffusion/experiments/diffusers/04_sd21_lora/generated_images/final/positive/gen_0034.png,gen_0034.png,46.5824,6.0,4.0,0.6198081970214844,0.9951501424799513,0.6525459289550781,116.03802152448542,55.797910255251736,7.361608845289475,1918.5152587890625,0.0,0.0,False,,-10.413027599183458,True,369.0
positive,/mnt/MammoDiffusion/MammoDiffusion/experiments/diffusers/04_sd21_lora/generated_images/final/positive/gen_0035.png,gen_0035.png,53.5824,13.0,4.0,0.4592552185058594,0.9716174797119386,0.55682373046875,103.67412035514633,59.32639034940834,7.268691217594199,2204.1201171875,0.0,0.0,False,,-22.96535471965246,True,906.0
positive,/mnt/MammoDiffusion/MammoDiffusion/experiments/diffusers/04_sd21_lora/generated_images/final/positive/gen_0036.png,gen_0036.png,136.3736,78.0,6.0,0.09871673583984375,0.9165314166473453,0.0846405029296875,178.46619794483505,35.08895546701437,6.007446973342608,2048.31201171875,0.0,0.0,True,too_empty,,False,
positive,/mnt/MammoDiffusion/MammoDiffusion/experiments/diffusers/04_sd21_lora/generated_images/final/positive/gen_0037.png,gen_0037.png,124.7912,102.0,2.0,0.08324813842773438,0.9844201072263209,0.07808303833007812,175.7755630465582,14.671724891504649,4.135941017454017,258.2337646484375,0.0,0.0,True,too_empty,,False,
positive,/mnt/MammoDiffusion/MammoDiffusion/experiments/diffusers/04_sd21_lora/generated_images/final/positive/gen_0038.png,gen_0038.png,81.6868,50.0,3.0,0.2843170166015625,0.9898567058444695,0.3008155822753906,142.62466236351878,50.34042961761145,6.140375460706478,1271.998046875,0.0,0.0,False,,-10.780041175333793,True,395.0
positive,/mnt/MammoDiffusion/MammoDiffusion/experiments/diffusers/04_sd21_lora/generated_images/final/positive/gen_0039.png,gen_0039.png,66.6868,35.0,3.0,0.2890281677246094,0.9364367072736152,0.30936431884765625,125.98658413277762,58.96728028378863,6.2446913546013265,1245.031494140625,0.0,0.0,False,,-40.5534466441675,True,1343.0
positive,/mnt/MammoDiffusion/MammoDiffusion/experiments/diffusers/04_sd21_lora/generated_images/final/positive/gen_0040.png,gen_0040.png,81.7912,59.0,2.0,0.3251800537109375,0.9919407817559007,0.3314361572265625,142.2297315961512,50.20669726832482,6.030841568231983,952.2178955078125,0.0,0.0,False,,-8.893108683879902,True,232.0
positive,/mnt/MammoDiffusion/MammoDiffusion/experiments/diffusers/04_sd21_lora/generated_images/final/positive/gen_0041.png,gen_0041.png,158.0,145.0,5.0,0.049335479736328125,0.4674089538390165,0.02142333984375,200.57656695156695,20.840071885465903,6.492210076289856,1263.911865234375,0.0,0.0,True,too_empty,,False,
positive,/mnt/MammoDiffusion/MammoDiffusion/experiments/diffusers/04_sd21_lora/generated_images/final/positive/gen_0042.png,gen_0042.png,80.6868,49.0,3.0,0.28293609619140625,0.9107455844681138,0.3046607971191406,136.99589306955488,57.23242371535473,6.441085386873718,1490.399169921875,0.0,0.0,False,,-55.55938700433182,False,
positive,/mnt/MammoDiffusion/MammoDiffusion/experiments/diffusers/04_sd21_lora/generated_images/final/positive/gen_0043.png,gen_0043.png,66.7912,44.0,2.0,0.4663505554199219,0.9899796320684493,0.4758110046386719,138.5859249104072,49.294884276600925,6.625968209946803,1077.1912841796875,0.0,0.0,False,,-10.56080288099048,True,381.0
positive,/mnt/MammoDiffusion/MammoDiffusion/experiments/diffusers/04_sd21_lora/generated_images/final/positive/gen_0044.png,gen_0044.png,57.5824,17.0,4.0,0.46033477783203125,0.9917132107993437,0.5143547058105469,119.6873067081989,58.24117048487009,7.107434863357756,1854.9970703125,0.0,0.0,False,,-11.344849976335325,True,438.0
positive,/mnt/MammoDiffusion/MammoDiffusion/experiments/diffusers/04_sd21_lora/generated_images/final/positive/gen_0045.png,gen_0045.png,78.7912,56.0,2.0,0.430694580078125,0.9914352015871891,0.4792060852050781,137.73912801203622,54.33928064343415,6.551422905724083,1189.89453125,0.0,0.0,False,,-10.171191592202474,True,350.0
positive,/mnt/MammoDiffusion/MammoDiffusion/experiments/diffusers/04_sd21_lora/generated_images/final/positive/gen_0046.png,gen_0046.png,73.47800000000001,24.0,5.0,0.3190498352050781,0.9194973516505852,0.3103752136230469,141.66991138478178,57.02906016157371,7.020154486809691,2418.721435546875,0.0,0.0,False,,-52.50397358647733,False,
positive,/mnt/MammoDiffusion/MammoDiffusion/experiments/diffusers/04_sd21_lora/generated_images/final/positive/gen_0047.png,gen_0047.png,140.5824,100.0,4.0,0.122100830078125,0.7932079480129968,0.09854507446289062,185.07184608833663,34.0596971221258,5.780181716579069,1061.1016845703125,0.0,0.0,True,too_empty,,False,
positive,/mnt/MammoDiffusion/MammoDiffusion/experiments/diffusers/04_sd21_lora/generated_images/final/positive/gen_0048.png,gen_0048.png,87.8956,74.0,1.0,0.21979904174804688,0.9671462538398792,0.23226547241210938,137.06589255506103,43.71874673771658,5.307802334914625,770.569580078125,0.0,0.0,False,,-21.99060449772177,True,880.0
positive,/mnt/MammoDiffusion/MammoDiffusion/experiments/diffusers/04_sd21_lora/generated_images/final/positive/gen_0049.png,gen_0049.png,85.7912,63.0,2.0,0.3154106140136719,0.9584920721309096,0.3758277893066406,129.75819368459517,50.92289727396787,6.184180639631091,1148.238525390625,0.0,0.0,False,,-27.227735255363587,True,1023.0
positive,/mnt/MammoDiffusion/MammoDiffusion/experiments/diffusers/04_sd21_lora/generated_images/final/positive/gen_0050.png,gen_0050.png,220.0,253.0,1.0,0.3353614807128906,0.9631112577207012,0.3177223205566406,250.77011370048865,20.126988629733244,6.1963300759201765,1590.513671875,0.0,0.0,False,,-29.98773645964016,True,1082.0
positive,/mnt/MammoDiffusion/MammoDiffusion/experiments/diffusers/04_sd21_lora/generated_images/final/positive/gen_0051.png,gen_0051.png,108.7912,86.0,2.0,0.18969345092773438,0.9278661491744927,0.19043731689453125,156.04184527863467,42.12182401885978,5.662557956030165,735.3328247070312,0.0,0.0,False,,-44.942330085830534,False,
positive,/mnt/MammoDiffusion/MammoDiffusion/experiments/diffusers/04_sd21_lora/generated_images/final/positive/gen_0052.png,gen_0052.png,74.7912,52.0,2.0,0.32535552978515625,0.9890960253253606,0.3348045349121094,140.88159558831907,52.16827009998196,6.111225299116453,1196.775146484375,0.0,0.0,False,,-10.927644053915072,True,407.0
positive,/mnt/MammoDiffusion/MammoDiffusion/experiments/diffusers/04_sd21_lora/generated_images/final/positive/gen_0053.png,gen_0053.png,102.47800000000001,53.0,5.0,0.2590446472167969,0.8815586022059582,0.23200225830078125,161.78920714262225,44.490648062963245,6.8605624388113835,2175.763916015625,0.0,0.0,False,,-73.37026692523364,False,
positive,/mnt/MammoDiffusion/MammoDiffusion/experiments/diffusers/04_sd21_lora/generated_images/final/positive/gen_0054.png,gen_0054.png,71.7912,49.0,2.0,0.22113418579101562,0.9271162172885508,0.26016998291015625,126.87582475587226,63.216548036796915,5.594333638609729,1125.275390625,0.0,0.0,False,,-45.599142970148996,False,
positive,/mnt/MammoDiffusion/MammoDiffusion/experiments/diffusers/04_sd21_lora/generated_images/final/positive/gen_0055.png,gen_0055.png,124.5824,84.0,4.0,0.27288055419921875,0.8733609192831381,0.23394393920898438,173.24597648670243,39.60921474379237,6.7513816027870135,1627.4415283203125,0.0,0.0,False,,-77.2333500469093,False,
positive,/mnt/MammoDiffusion/MammoDiffusion/experiments/diffusers/04_sd21_lora/generated_images/final/positive/gen_0056.png,gen_0056.png,154.6868,123.0,3.0,0.055461883544921875,0.9955980466331935,0.051300048828125,197.8021267102915,19.332631197758904,4.547339515140756,382.9761962890625,0.0,0.0,True,too_empty,,False,
positive,/mnt/MammoDiffusion/MammoDiffusion/experiments/diffusers/04_sd21_lora/generated_images/final/positive/gen_0057.png,gen_0057.png,220.0,170.0,83.0,0.17010879516601562,0.9068912161101518,0.14919281005859375,253.3688059319867,1.6476845304440353,6.674535761985037,1332.533447265625,0.0,0.0,True,low_contrast,,False,
positive,/mnt/MammoDiffusion/MammoDiffusion/experiments/diffusers/04_sd21_lora/generated_images/final/positive/gen_0058.png,gen_0058.png,112.5824,72.0,4.0,0.15862655639648438,0.8969530817882307,0.15096664428710938,169.94006317119394,49.040808314067206,5.979163402555612,1256.6212158203125,0.0,0.0,False,,-63.93890898508287,False,
positive,/mnt/MammoDiffusion/MammoDiffusion/experiments/diffusers/04_sd21_lora/generated_images/final/positive/gen_0059.png,gen_0059.png,79.8956,66.0,1.0,0.4474143981933594,0.9377509868953934,0.4636650085449219,135.81932914839527,46.051261890564966,6.016869046672913,540.6724853515625,0.0,0.0,False,,-38.683911512774834,True,1306.0
positive,/mnt/MammoDiffusion/MammoDiffusion/experiments/diffusers/04_sd21_lora/generated_images/final/positive/gen_0060.png,gen_0060.png,74.5824,34.0,4.0,0.3646965026855469,0.9894773176573957,0.3913726806640625,144.39217903232094,54.740305762199895,6.836718973320643,2094.3623046875,0.0,0.0,False,,-12.443749428736371,True,496.0
positive,/mnt/MammoDiffusion/MammoDiffusion/experiments/diffusers/04_sd21_lora/generated_images/final/positive/gen_0061.png,gen_0061.png,95.6868,64.0,3.0,0.170318603515625,0.874529654183838,0.18165206909179688,150.8138348138348,54.62351776741233,5.66791021639024,1195.65869140625,0.0,0.0,False,,-75.6103418695006,False,
positive,/mnt/MammoDiffusion/MammoDiffusion/experiments/diffusers/04_sd21_lora/generated_images/final/positive/gen_0062.png,gen_0062.png,71.6868,40.0,3.0,0.42281341552734375,0.9904635594290767,0.483551025390625,126.274037551278,53.3476387164736,6.814820925487457,1433.666259765625,0.0,0.0,False,,-10.879440949752453,True,403.0
positive,/mnt/MammoDiffusion/MammoDiffusion/experiments/diffusers/04_sd21_lora/generated_images/final/positive/gen_0063.png,gen_0063.png,77.7912,55.0,2.0,0.24175262451171875,0.9885284185943762,0.2852745056152344,131.36989690170225,54.79238737292477,5.758981719987204,829.67626953125,0.0,0.0,False,,-10.740651981018967,True,391.0
positive,/mnt/MammoDiffusion/MammoDiffusion/experiments/diffusers/04_sd21_lora/generated_images/final/positive/gen_0064.png,gen_0064.png,132.7912,110.0,2.0,0.0576324462890625,0.9780910775747949,0.052947998046875,177.70605187319885,21.520583089592186,4.551982444594669,413.4501647949219,0.0,0.0,True,too_empty,,False,
positive,/mnt/MammoDiffusion/MammoDiffusion/experiments/diffusers/04_sd21_lora/generated_images/final/positive/gen_0065.png,gen_0065.png,75.8956,62.0,1.0,0.3876152038574219,0.9776795819350267,0.4300689697265625,132.63240198687245,55.76698338948234,6.28674858249792,1215.18408203125,0.0,0.0,False,,-17.19261531884175,True,697.0
positive,/mnt/MammoDiffusion/MammoDiffusion/experiments/diffusers/04_sd21_lora/generated_images/final/positive/gen_0066.png,gen_0066.png,26.7912,4.0,2.0,0.5629653930664062,0.9946062421228097,0.5704498291015625,114.1176073291427,60.721272284514015,6.881536367300362,1640.077392578125,0.0,0.0,False,,-9.634441879294855,True,299.0
positive,/mnt/MammoDiffusion/MammoDiffusion/experiments/diffusers/04_sd21_lora/generated_images/final/positive/gen_0067.png,gen_0067.png,66.6868,35.0,3.0,0.6403236389160156,0.9971165932907177,0.6557731628417969,130.29807977569268,46.56629075741953,7.335410904961667,1126.800537109375,0.0,0.0,False,,-8.125830647398946,True,124.0
positive,/mnt/MammoDiffusion/MammoDiffusion/experiments/diffusers/04_sd21_lora/generated_images/final/positive/gen_0068.png,gen_0068.png,155.7912,133.0,2.0,0.05013275146484375,0.9868360980063917,0.043239593505859375,191.09236876929864,15.30567325760028,4.153106031821355,355.14410400390625,0.0,0.0,True,too_empty,,False,
positive,/mnt/MammoDiffusion/MammoDiffusion/experiments/diffusers/04_sd21_lora/generated_images/final/positive/gen_0069.png,gen_0069.png,154.0,81.0,13.0,0.04956817626953125,0.34700631060489456,0.016082763671875,243.3384724857685,25.88703381748938,6.458970788237547,615.037841796875,0.0,0.0,True,too_empty,,False,
positive,/mnt/MammoDiffusion/MammoDiffusion/experiments/diffusers/04_sd21_lora/generated_images/final/positive/gen_0070.png,gen_0070.png,40.6868,9.0,3.0,0.6101493835449219,0.9867893739801309,0.6384620666503906,109.65154837514713,56.749172533155374,7.369357271739524,1796.36083984375,0.0,0.0,False,,-14.689474856913773,True,600.0
positive,/mnt/MammoDiffusion/MammoDiffusion/experiments/diffusers/04_sd21_lora/generated_images/final/positive/gen_0071.png,gen_0071.png,91.7912,69.0,2.0,0.17635726928710938,0.9433497004174688,0.18791961669921875,152.5284803702651,57.564001400860214,5.497122050758493,958.8855590820312,0.0,0.0,False,,-37.15684530453677,True,1275.0
positive,/mnt/MammoDiffusion/MammoDiffusion/experiments/diffusers/04_sd21_lora/generated_images/final/positive/gen_0072.png,gen_0072.png,78.5824,38.0,4.0,0.39389801025390625,0.9785488775688083,0.44896697998046875,135.02659438883884,54.98507582416789,6.969173675810625,1677.9293212890625,0.0,0.0,False,,-18.09767627603847,True,732.0
positive,/mnt/MammoDiffusion/MammoDiffusion/experiments/diffusers/04_sd21_lora/generated_images/final/positive/gen_0073.png,gen_0073.png,74.6868,43.0,3.0,0.6857261657714844,0.9791109207327588,0.6773147583007812,139.98198857812272,42.51851917167223,7.18527184340897,828.3544921875,0.0,0.0,False,,-17.834682959179663,True,722.0
positive,/mnt/MammoDiffusion/MammoDiffusion/experiments/diffusers/04_sd21_lora/generated_images/final/positive/gen_0074.png,gen_0074.png,150.6868,119.0,3.0,0.05324554443359375,0.9753546353345751,0.049533843994140625,191.2171736619176,19.631055156350275,4.817525410885155,689.2114868164062,0.0,0.0,True,too_empty,,False,
positive,/mnt/MammoDiffusion/MammoDiffusion/experiments/diffusers/04_sd21_lora/generated_images/final/positive/gen_0075.png,gen_0075.png,95.7912,73.0,2.0,0.2535667419433594,0.8995501797776474,0.2909965515136719,138.37130160061875,52.395407264163104,5.72781676109061,986.62060546875,0.0,0.0,False,,-60.24480765393946,False,
positive,/mnt/MammoDiffusion/MammoDiffusion/experiments/diffusers/04_sd21_lora/generated_images/final/positive/gen_0076.png,gen_0076.png,142.7912,120.0,2.0,0.11689376831054688,0.9613614854942402,0.11106491088867188,178.6854542332131,27.068276289984393,4.6263723638440295,388.68634033203125,0.0,0.0,True,too_empty,,False,
positive,/mnt/MammoDiffusion/MammoDiffusion/experiments/diffusers/04_sd21_lora/generated_images/final/positive/gen_0077.png,gen_0077.png,106.5824,66.0,4.0,0.20711135864257812,0.889820050466911,0.19941329956054688,169.5679387852702,51.26555864247453,6.301249937203692,1618.290771484375,0.0,0.0,False,,-68.48128316725796,False,
positive,/mnt/MammoDiffusion/MammoDiffusion/experiments/diffusers/04_sd21_lora/generated_images/final/positive/gen_0078.png,gen_0078.png,96.6868,65.0,3.0,0.18902206420898438,0.9656717321547497,0.21923446655273438,145.1292651946199,51.66265197918635,5.952661055983409,1337.047607421875,0.0,0.0,False,,-24.823556500402155,True,955.0
positive,/mnt/MammoDiffusion/MammoDiffusion/experiments/diffusers/04_sd21_lora/generated_images/final/positive/gen_0079.png,gen_0079.png,71.7912,49.0,2.0,0.4677162170410156,0.9805316086094822,0.4843635559082031,136.74090554684855,50.16805088118413,6.548670780266013,958.4854736328125,0.0,0.0,False,,-15.647265020876645,True,641.0
positive,/mnt/MammoDiffusion/MammoDiffusion/experiments/diffusers/04_sd21_lora/generated_images/final/positive/gen_0080.png,gen_0080.png,99.6868,68.0,3.0,0.309051513671875,0.9746222968302557,0.3749046325683594,144.84724101791838,52.21040518715398,6.460240471654389,1357.4730224609375,0.0,0.0,False,,-19.35953241794583,True,785.0
positive,/mnt/MammoDiffusion/MammoDiffusion/experiments/diffusers/04_sd21_lora/generated_images/final/positive/gen_0081.png,gen_0081.png,89.47800000000001,40.0,5.0,0.22120285034179688,0.9571800575991171,0.24530029296875,143.3548768350336,60.274432999653484,6.528607400211918,2359.466064453125,0.0,0.0,False,,-31.743325955457124,True,1136.0
positive,/mnt/MammoDiffusion/MammoDiffusion/experiments/diffusers/04_sd21_lora/generated_images/final/positive/gen_0082.png,gen_0082.png,90.5824,50.0,4.0,0.24383926391601562,0.9580732466638507,0.2910652160644531,141.99233299694632,54.328086981255225,6.406702831675394,1511.072021484375,0.0,0.0,False,,-29.31222559167947,True,1072.0
positive,/mnt/MammoDiffusion/MammoDiffusion/experiments/diffusers/04_sd21_lora/generated_images/final/positive/gen_0083.png,gen_0083.png,104.5824,64.0,4.0,0.190887451171875,0.9704436450839329,0.21607589721679688,153.05013858729234,52.782314600708794,6.195412232634318,1577.4892578125,0.0,0.0,False,,-23.051721318232886,True,911.0
positive,/mnt/MammoDiffusion/MammoDiffusion/experiments/diffusers/04_sd21_lora/generated_images/final/positive/gen_0084.png,gen_0084.png,157.0,153.0,1.0,0.04930877685546875,0.65542317809067,0.02939605712890625,187.18193615364652,14.590575218987876,5.543436849221145,368.5671691894531,0.0,0.0,True,too_empty,,False,
positive,/mnt/MammoDiffusion/MammoDiffusion/experiments/diffusers/04_sd21_lora/generated_images/final/positive/gen_0085.png,gen_0085.png,220.0,253.0,1.0,0.30460357666015625,0.9684157795867251,0.285430908203125,249.84396717630707,26.898387910228667,6.363007957258086,1581.0831298828125,0.0,0.0,False,,-26.906404452037997,True,1014.0
positive,/mnt/MammoDiffusion/MammoDiffusion/experiments/diffusers/04_sd21_lora/generated_images/final/positive/gen_0086.png,gen_0086.png,90.7912,68.0,2.0,0.2700347900390625,0.9230801830818783,0.3259391784667969,129.98549910466627,50.94959659669769,6.043905947335175,1052.6126708984375,0.0,0.0,False,,-46.97891400332641,False,
positive,/mnt/MammoDiffusion/MammoDiffusion/experiments/diffusers/04_sd21_lora/generated_images/final/positive/gen_0087.png,gen_0087.png,115.7912,93.0,2.0,0.2781715393066406,0.9096008008666914,0.26612091064453125,158.38413462916773,42.08421612790535,6.083106608983481,1019.7288818359375,0.0,0.0,False,,-55.106313050353485,False,
positive,/mnt/MammoDiffusion/MammoDiffusion/experiments/diffusers/04_sd21_lora/generated_images/final/positive/gen_0088.png,gen_0088.png,145.7912,123.0,2.0,0.058681488037109375,0.8842878502242736,0.04913330078125,181.36498447204968,14.714839153185016,4.133661680451114,296.04815673828125,0.0,0.0,True,too_empty,,False,
positive,/mnt/MammoDiffusion/MammoDiffusion/experiments/diffusers/04_sd21_lora/generated_images/final/positive/gen_0089.png,gen_0089.png,108.7912,86.0,2.0,0.22742843627929688,0.9351045807544575,0.24459457397460938,155.5306695363309,44.862755308465964,5.800724934764362,892.3092651367188,0.0,0.0,False,,-40.76469594806597,True,1347.0
positive,/mnt/MammoDiffusion/MammoDiffusion/experiments/diffusers/04_sd21_lora/generated_images/final/positive/gen_0090.png,gen_0090.png,38.6868,7.0,3.0,0.4101524353027344,0.9856304467117439,0.47286224365234375,101.40803336614015,63.390834523220434,6.788675839931796,2395.29443359375,0.0,0.0,False,,-14.59896230743788,True,597.0
positive,/mnt/MammoDiffusion/MammoDiffusion/experiments/diffusers/04_sd21_lora/generated_images/final/positive/gen_0091.png,gen_0091.png,87.7912,65.0,2.0,0.32225799560546875,0.9843983048841118,0.35349273681640625,138.5592989877625,48.73063973830657,5.96714477508572,832.2745361328125,0.0,0.0,False,,-12.567382455071172,True,504.0
positive,/mnt/MammoDiffusion/MammoDiffusion/experiments/diffusers/04_sd21_lora/generated_images/final/positive/gen_0092.png,gen_0092.png,111.7912,89.0,2.0,0.18955230712890625,0.7170658080096599,0.091644287109375,175.18310855810856,34.37026085483361,6.094480770577558,872.4839477539062,0.0,0.0,True,too_empty,,False,
positive,/mnt/MammoDiffusion/MammoDiffusion/experiments/diffusers/04_sd21_lora/generated_images/final/positive/gen_0093.png,gen_0093.png,70.7912,48.0,2.0,0.4371299743652344,0.990627536193942,0.4562835693359375,136.8492960572518,51.54144719486746,6.5966859431409866,1352.1097412109375,0.0,0.0,False,,-10.48472227630562,True,376.0
positive,/mnt/MammoDiffusion/MammoDiffusion/experiments/diffusers/04_sd21_lora/generated_images/final/positive/gen_0094.png,gen_0094.png,100.6868,69.0,3.0,0.3089256286621094,0.9400491461170863,0.35919952392578125,151.32421783734415,54.68532092247967,6.465325274466091,1214.49609375,0.0,0.0,False,,-38.8632325013957,True,1315.0
positive,/mnt/MammoDiffusion/MammoDiffusion/experiments/diffusers/04_sd21_lora/generated_images/final/positive/gen_0095.png,gen_0095.png,131.6868,100.0,3.0,0.12123489379882812,0.39954689909065166,0.046619415283203125,163.9742246951968,35.017410518515256,5.651235214308909,952.22509765625,0.0,0.0,True,too_empty,,False,
positive,/mnt/MammoDiffusion/MammoDiffusion/experiments/diffusers/04_sd21_lora/generated_images/final/positive/gen_0096.png,gen_0096.png,131.5824,91.0,4.0,0.19775009155273438,0.9593935068191902,0.2122650146484375,172.36582560563582,39.4838848510137,5.955989583320907,932.6893310546875,0.0,0.0,False,,-27.95370971884495,True,1040.0
positive,/mnt/MammoDiffusion/MammoDiffusion/experiments/diffusers/04_sd21_lora/generated_images/final/positive/gen_0097.png,gen_0097.png,79.7912,57.0,2.0,0.24359893798828125,0.9243947508534561,0.27642059326171875,133.94110016284398,58.05371109746656,5.717762430568186,1178.087646484375,0.0,0.0,False,,-47.03860136187652,False,
positive,/mnt/MammoDiffusion/MammoDiffusion/experiments/diffusers/04_sd21_lora/generated_images/final/positive/gen_0098.png,gen_0098.png,220.0,215.0,18.0,0.3519401550292969,0.9467043865639124,0.32802581787109375,232.60441911850216,14.228152703326183,7.024027801097562,1839.2171630859375,0.0,0.0,False,,-40.01129374949338,True,1331.0
positive,/mnt/MammoDiffusion/MammoDiffusion/experiments/diffusers/04_sd21_lora/generated_images/final/positive/gen_0099.png,gen_0099.png,70.7912,48.0,2.0,0.299774169921875,0.9607044691031253,0.33090972900390625,140.68376639845064,62.486655212396975,5.948831068739363,1186.0908203125,0.0,0.0,False,,-27.26728302233842,True,1025.0
positive,/mnt/MammoDiffusion/MammoDiffusion/experiments/diffusers/04_sd21_lora/generated_images/final/positive/gen_0100.png,gen_0100.png,67.7912,45.0,2.0,0.4144248962402344,0.9953331676469777,0.4264183044433594,126.38541638710716,46.25564057260553,6.069581443656954,904.285400390625,0.0,0.0,False,,-5.906727039561825,True,9.0
positive,/mnt/MammoDiffusion/MammoDiffusion/experiments/diffusers/04_sd21_lora/generated_images/final/positive/gen_0101.png,gen_0101.png,123.6868,92.0,3.0,0.12996673583984375,0.8464338127384796,0.12069320678710938,161.29416226808686,35.87912816194758,5.4481977639354895,804.4736938476562,0.0,0.0,True,too_empty,,False,
positive,/mnt/MammoDiffusion/MammoDiffusion/experiments/diffusers/04_sd21_lora/generated_images/final/positive/gen_0102.png,gen_0102.png,132.8956,119.0,1.0,0.13246536254882812,0.8766594672426206,0.10782623291015625,176.41735654142786,28.43767426595529,4.740125397922333,343.0655517578125,0.0,0.0,True,too_empty,,False,
positive,/mnt/MammoDiffusion/MammoDiffusion/experiments/diffusers/04_sd21_lora/generated_images/final/positive/gen_0103.png,gen_0103.png,25.0,20.0,0.0,0.7414283752441406,0.9972628253610549,0.7343025207519531,127.2805244866047,52.594796466064764,6.8838795251943345,1292.0489501953125,0.0,0.0,False,,-8.666281134631552,True,200.0
positive,/mnt/MammoDiffusion/MammoDiffusion/experiments/diffusers/04_sd21_lora/generated_images/final/positive/gen_0104.png,gen_0104.png,79.7912,57.0,2.0,0.22768783569335938,0.9628562333506459,0.2473907470703125,134.39053537284894,54.70984958735404,5.646701882134149,916.1411743164062,0.0,0.0,False,,-25.26413283133729,True,974.0
positive,/mnt/MammoDiffusion/MammoDiffusion/experiments/diffusers/04_sd21_lora/generated_images/final/positive/gen_0105.png,gen_0105.png,92.6868,61.0,3.0,0.24255752563476562,0.979743650231973,0.2689666748046875,143.6179582458728,48.39529768824879,6.02038634441319,1120.391357421875,0.0,0.0,False,,-16.197972261896133,True,662.0
positive,/mnt/MammoDiffusion/MammoDiffusion/experiments/diffusers/04_sd21_lora/generated_images/final/positive/gen_0106.png,gen_0106.png,75.5824,35.0,4.0,0.5855484008789062,0.9815958514117448,0.592132568359375,136.6727632324898,42.142367439852194,7.036369991133947,832.189697265625,0.0,0.0,False,,-15.601468646718985,True,636.0
positive,/mnt/MammoDiffusion/MammoDiffusion/experiments/diffusers/04_sd21_lora/generated_images/final/positive/gen_0107.png,gen_0107.png,143.7912,121.0,2.0,0.08762741088867188,0.9811936789865483,0.08210372924804688,169.90517121219162,13.018076229368878,4.501417023665021,438.1628723144531,0.0,0.0,True,too_empty,,False,
positive,/mnt/MammoDiffusion/MammoDiffusion/experiments/diffusers/04_sd21_lora/generated_images/final/positive/gen_0108.png,gen_0108.png,109.7912,87.0,2.0,0.21585464477539062,0.7632411416453123,0.17265701293945312,148.07894213561343,34.42101120938292,5.650708540207263,833.3623046875,0.0,0.0,False,,-136.38321282119512,False,
positive,/mnt/MammoDiffusion/MammoDiffusion/experiments/diffusers/04_sd21_lora/generated_images/final/positive/gen_0109.png,gen_0109.png,195.0,173.0,6.0,0.049266815185546875,0.4645760743321719,0.0228118896484375,211.91872909698998,13.23625369063059,6.779387478621276,1526.9637451171875,0.0,0.0,True,too_empty,,False,
positive,/mnt/MammoDiffusion/MammoDiffusion/experiments/diffusers/04_sd21_lora/generated_images/final/positive/gen_0110.png,gen_0110.png,143.0,132.0,3.0,0.04656982421875,0.25344036697247707,0.010364532470703125,178.99963194700038,21.305850631213897,4.539343401017706,540.9481201171875,0.0,0.0,True,too_empty,,False,
positive,/mnt/MammoDiffusion/MammoDiffusion/experiments/diffusers/04_sd21_lora/generated_images/final/positive/gen_0111.png,gen_0111.png,111.8956,98.0,1.0,0.31545257568359375,0.782027716642078,0.25963592529296875,157.6639681466898,38.44715437862394,6.058347952446248,584.0773315429688,0.0,0.0,False,,-126.0829933508498,False,
positive,/mnt/MammoDiffusion/MammoDiffusion/experiments/diffusers/04_sd21_lora/generated_images/final/positive/gen_0112.png,gen_0112.png,84.5824,44.0,4.0,0.38513946533203125,0.9947802143380677,0.3912620544433594,147.01999668509364,41.44840153997577,6.649736959379653,1012.0974731445312,0.0,0.0,False,,-7.124632258389572,True,46.0
positive,/mnt/MammoDiffusion/MammoDiffusion/experiments/diffusers/04_sd21_lora/generated_images/final/positive/gen_0113.png,gen_0113.png,62.5824,22.0,4.0,0.40532684326171875,0.9393434600109173,0.4650535583496094,119.91783350148879,56.86221372384478,7.006430464801218,1904.2410888671875,0.0,0.0,False,,-39.960770083153925,True,1330.0
positive,/mnt/MammoDiffusion/MammoDiffusion/experiments/diffusers/04_sd21_lora/generated_images/final/positive/gen_0114.png,gen_0114.png,220.0,232.0,1.0,0.23419952392578125,0.9384467537544385,0.20999908447265625,231.19347865576748,25.5018099690101,7.007481868889244,1524.3140869140625,0.0,0.0,False,,-44.14877302580123,False,
positive,/mnt/MammoDiffusion/MammoDiffusion/experiments/diffusers/04_sd21_lora/generated_images/final/positive/gen_0115.png,gen_0115.png,131.8956,118.0,1.0,0.12181854248046875,0.4144485501346527,0.053966522216796875,150.92994981268114,33.699793551412384,4.981951965165212,516.8102416992188,0.0,0.0,True,too_empty,,False,
positive,/mnt/MammoDiffusion/MammoDiffusion/experiments/diffusers/04_sd21_lora/generated_images/final/positive/gen_0116.png,gen_0116.png,220.0,219.0,1.0,0.08190536499023438,0.24092962600717246,0.01653289794921875,222.37148131056762,7.303334685528147,5.749602468155571,948.3073120117188,0.0,0.0,True,too_empty,,False,
positive,/mnt/MammoDiffusion/MammoDiffusion/experiments/diffusers/04_sd21_lora/generated_images/final/positive/gen_0117.png,gen_0117.png,220.0,236.0,1.0,0.2223358154296875,0.6231212682725963,0.13354873657226562,237.19243623068354,2.0933167075947776,6.654934681472453,1752.533447265625,0.0,0.0,True,low_contrast,,False,
positive,/mnt/MammoDiffusion/MammoDiffusion/experiments/diffusers/04_sd21_lora/generated_images/final/positive/gen_0118.png,gen_0118.png,55.7912,33.0,2.0,0.4287300109863281,0.9832990773118365,0.47080230712890625,117.40432513895865,58.39398762171311,6.499671435215765,1431.9468994140625,0.0,0.0,False,,-14.544140396337323,True,593.0
positive,/mnt/MammoDiffusion/MammoDiffusion/experiments/diffusers/04_sd21_lora/generated_images/final/positive/gen_0119.png,gen_0119.png,88.8956,75.0,1.0,0.32927703857421875,0.9439050951134178,0.3426475524902344,141.237144161295,49.33694664290491,5.699478031166659,580.4547729492188,0.0,0.0,False,,-35.29484425403153,True,1238.0
positive,/mnt/MammoDiffusion/MammoDiffusion/experiments/diffusers/04_sd21_lora/generated_images/final/positive/gen_0120.png,gen_0120.png,83.6868,52.0,3.0,0.3051948547363281,0.9517780138741329,0.3451805114746094,133.9672881187353,55.49582119483294,6.481042466893471,1345.686767578125,0.0,0.0,False,,-32.14946721865096,True,1145.0
positive,/mnt/MammoDiffusion/MammoDiffusion/experiments/diffusers/04_sd21_lora/generated_images/final/positive/gen_0121.png,gen_0121.png,102.7912,80.0,2.0,0.13288497924804688,0.8688675183005597,0.12994384765625,153.76620479098167,49.27863321094546,4.952853464194982,671.075439453125,0.0,0.0,True,too_empty,,False,
positive,/mnt/MammoDiffusion/MammoDiffusion/experiments/diffusers/04_sd21_lora/generated_images/final/positive/gen_0122.png,gen_0122.png,68.47800000000001,19.0,5.0,0.41806793212890625,0.9902001934412468,0.43888092041015625,131.18943068231204,57.58464499294186,7.183247918418834,2000.0179443359375,0.0,0.0,False,,-12.234399598431876,True,482.0
positive,/mnt/MammoDiffusion/MammoDiffusion/experiments/diffusers/04_sd21_lora/generated_images/final/positive/gen_0123.png,gen_0123.png,31.8956,18.0,1.0,0.4854927062988281,0.9942562603619106,0.4868736267089844,111.73108414100022,55.36516804972639,6.204094998242918,1273.4259033203125,0.0,0.0,False,,-7.695007489661148,True,88.0
positive,/mnt/MammoDiffusion/MammoDiffusion/experiments/diffusers/04_sd21_lora/generated_images/final/positive/gen_0124.png,gen_0124.png,119.8956,106.0,1.0,0.1680908203125,0.9996595860566448,0.16439056396484375,170.057618229916,24.564363290926046,4.44588301715617,247.49966430664062,0.0,0.0,False,,-7.3328211734595845,True,59.0
positive,/mnt/MammoDiffusion/MammoDiffusion/experiments/diffusers/04_sd21_lora/generated_images/final/positive/gen_0125.png,gen_0125.png,83.6868,52.0,3.0,0.385955810546875,0.993694156717008,0.4012260437011719,151.45096454615464,47.97544626687205,6.625971143568233,1283.153564453125,0.0,0.0,False,,-8.56716092166456,True,181.0
positive,/mnt/MammoDiffusion/MammoDiffusion/experiments/diffusers/04_sd21_lora/generated_images/final/positive/gen_0126.png,gen_0126.png,105.47800000000001,56.0,5.0,0.2179412841796875,0.9036791990478191,0.18584823608398438,168.689997742154,50.03291329036994,6.572873636688932,1533.55078125,0.0,0.0,False,,-60.92705678354064,False,
positive,/mnt/MammoDiffusion/MammoDiffusion/experiments/diffusers/04_sd21_lora/generated_images/final/positive/gen_0127.png,gen_0127.png,95.6868,64.0,3.0,0.24668121337890625,0.8069619274425509,0.19524002075195312,145.1379808913464,41.812931070702774,6.335867271050321,1258.2906494140625,0.0,0.0,False,,-112.69203475766797,False,
positive,/mnt/MammoDiffusion/MammoDiffusion/experiments/diffusers/04_sd21_lora/generated_images/final/positive/gen_0128.png,gen_0128.png,116.8956,103.0,1.0,0.16039276123046875,0.5464729106217,0.08542633056640625,165.95154952219343,25.756561953542587,5.313556412588425,361.16754150390625,0.0,0.0,True,too_empty,,False,
positive,/mnt/MammoDiffusion/MammoDiffusion/experiments/diffusers/04_sd21_lora/generated_images/final/positive/gen_0129.png,gen_0129.png,130.478,81.0,5.0,0.15338134765625,0.5037554715479506,0.06292343139648438,175.48408608669294,40.98872864431639,6.374048497452648,1649.43505859375,0.0,0.0,True,too_empty,,False,
positive,/mnt/MammoDiffusion/MammoDiffusion/experiments/diffusers/04_sd21_lora/generated_images/final/positive/gen_0130.png,gen_0130.png,220.0,229.0,24.0,0.20731735229492188,0.8250869413215081,0.16413497924804688,252.94071164617566,3.695273754249003,7.17185903133677,1192.894287109375,0.0,0.0,True,low_contrast,,False,
positive,/mnt/MammoDiffusion/MammoDiffusion/experiments/diffusers/04_sd21_lora/generated_images/final/positive/gen_0131.png,gen_0131.png,109.47800000000001,60.0,5.0,0.2784919738769531,0.7783165536607082,0.24228668212890625,157.59032654217967,42.33688113804652,6.871892282576106,1671.047119140625,0.0,0.0,False,,-129.73372269734628,False,
positive,/mnt/MammoDiffusion/MammoDiffusion/experiments/diffusers/04_sd21_lora/generated_images/final/positive/gen_0132.png,gen_0132.png,130.5824,90.0,4.0,0.12117767333984375,0.6577472769627905,0.07865524291992188,166.5347495028857,22.023559919356128,5.682982228160352,788.45654296875,0.0,0.0,True,too_empty,,False,
positive,/mnt/MammoDiffusion/MammoDiffusion/experiments/diffusers/04_sd21_lora/generated_images/final/positive/gen_0133.png,gen_0133.png,61.6868,30.0,3.0,0.5065383911132812,0.9849080475351317,0.5345535278320312,129.595282951545,54.91025604004366,7.009023642027369,1313.3603515625,0.0,0.0,False,,-14.562952134034687,True,595.0
positive,/mnt/MammoDiffusion/MammoDiffusion/experiments/diffusers/04_sd21_lora/generated_images/final/positive/gen_0134.png,gen_0134.png,107.47800000000001,58.0,5.0,0.2884407043457031,0.8207583352069089,0.22879791259765625,160.58348060955683,42.07258267194664,7.026651465130078,833.8566284179688,0.0,0.0,False,,-105.51171876844478,False,
positive,/mnt/MammoDiffusion/MammoDiffusion/experiments/diffusers/04_sd21_lora/generated_images/final/positive/gen_0135.png,gen_0135.png,112.7912,90.0,2.0,0.1624298095703125,0.9208783466416158,0.15865325927734375,161.89735513344553,44.09764319492131,5.327733812312882,830.3483276367188,0.0,0.0,False,,-48.90801371805875,False,
positive,/mnt/MammoDiffusion/MammoDiffusion/experiments/diffusers/04_sd21_lora/generated_images/final/positive/gen_0136.png,gen_0136.png,137.5824,97.0,4.0,0.1795196533203125,0.8495325116872078,0.15900421142578125,178.84338563408664,30.79061753279627,6.143655312680675,1285.1822509765625,0.0,0.0,False,,-90.74240344370448,False,
positive,/mnt/MammoDiffusion/MammoDiffusion/experiments/diffusers/04_sd21_lora/generated_images/final/positive/gen_0137.png,gen_0137.png,146.8956,133.0,1.0,0.175201416015625,0.6459240550426755,0.11223983764648438,188.58277537980493,22.714048970081258,6.410281331264246,535.0026245117188,0.0,0.0,True,too_empty,,False,
positive,/mnt/MammoDiffusion/MammoDiffusion/experiments/diffusers/04_sd21_lora/generated_images/final/positive/gen_0138.png,gen_0138.png,105.7912,83.0,2.0,0.2576637268066406,0.9243911466429787,0.29138946533203125,153.60443013117586,52.30681253341032,6.149022317440728,885.380126953125,0.0,0.0,False,,-47.19905490513072,False,
positive,/mnt/MammoDiffusion/MammoDiffusion/experiments/diffusers/04_sd21_lora/generated_images/final/positive/gen_0139.png,gen_0139.png,220.0,219.0,17.0,0.4927482604980469,0.9690255552716941,0.4742317199707031,235.78465535686993,16.083436036200656,6.59425619642682,1677.9793701171875,0.0,0.0,False,,-26.942453471025722,True,1015.0
positive,/mnt/MammoDiffusion/MammoDiffusion/experiments/diffusers/04_sd21_lora/generated_images/final/positive/gen_0140.png,gen_0140.png,220.0,240.0,11.0,0.3809242248535156,0.9696866519122345,0.3534507751464844,249.5470616804274,17.65287842678267,6.333677887669998,1823.69775390625,0.0,0.0,False,,-26.655794264915336,True,1007.0
positive,/mnt/MammoDiffusion/MammoDiffusion/experiments/diffusers/04_sd21_lora/generated_images/final/positive/gen_0141.png,gen_0141.png,51.6868,20.0,3.0,0.3809318542480469,0.9821848806817612,0.39133453369140625,122.706431676837,61.280015938511674,6.767576566513769,2133.983154296875,0.0,0.0,False,,-16.272899854987095,True,666.0
positive,/mnt/MammoDiffusion/MammoDiffusion/experiments/diffusers/04_sd21_lora/generated_images/final/positive/gen_0142.png,gen_0142.png,83.47800000000001,34.0,5.0,0.316925048828125,0.9116153105440539,0.3372459411621094,138.87737396360018,55.18585743102346,6.9271138007925295,2128.83251953125,0.0,0.0,False,,-56.034976018013126,False,
positive,/mnt/MammoDiffusion/MammoDiffusion/experiments/diffusers/04_sd21_lora/generated_images/final/positive/gen_0143.png,gen_0143.png,59.8956,46.0,1.0,0.5753898620605469,0.9968972718533496,0.5892448425292969,127.43284973489483,52.95301788682334,6.508678197147875,972.684326171875,0.0,0.0,False,,-7.158022681541157,True,48.0
positive,/mnt/MammoDiffusion/MammoDiffusion/experiments/diffusers/04_sd21_lora/generated_images/final/positive/gen_0144.png,gen_0144.png,59.5824,19.0,4.0,0.6162796020507812,0.9951904626316898,0.6390304565429688,128.43978557528146,50.49256774792438,7.441443268452141,1654.7830810546875,0.0,0.0,False,,-10.057633848809056,True,341.0
positive,/mnt/MammoDiffusion/MammoDiffusion/experiments/diffusers/04_sd21_lora/generated_images/final/positive/gen_0145.png,gen_0145.png,68.6868,37.0,3.0,0.36882781982421875,0.9935978321577064,0.3968696594238281,132.59231811759278,55.20100124603308,6.53798128454207,1430.027099609375,0.0,0.0,False,,-8.678228220050022,True,202.0
positive,/mnt/MammoDiffusion/MammoDiffusion/experiments/diffusers/04_sd21_lora/generated_images/final/positive/gen_0146.png,gen_0146.png,220.0,244.0,1.0,0.2559165954589844,0.9565638648322328,0.22634124755859375,242.9019786294536,19.438768166182793,6.798387277672033,1930.126953125,0.0,0.0,False,,-35.05897326176067,True,1227.0
positive,/mnt/MammoDiffusion/MammoDiffusion/experiments/diffusers/04_sd21_lora/generated_images/final/positive/gen_0147.png,gen_0147.png,93.6868,62.0,3.0,0.16855239868164062,0.9746520312323187,0.19659042358398438,143.676394683225,54.45772542288957,5.7276949805170965,1186.97998046875,0.0,0.0,False,,-19.736538244222388,True,798.0
positive,/mnt/MammoDiffusion/MammoDiffusion/experiments/diffusers/04_sd21_lora/generated_images/final/positive/gen_0148.png,gen_0148.png,135.0,128.0,2.0,0.042613983154296875,0.4621788559663414,0.016765594482421875,183.80591581342435,18.948126578617977,3.9765089037382166,294.6859130859375,0.0,0.0,True,too_empty,,False,
positive,/mnt/MammoDiffusion/MammoDiffusion/experiments/diffusers/04_sd21_lora/generated_images/final/positive/gen_0149.png,gen_0149.png,199.0,149.0,6.0,0.04981231689453125,0.2205544493796906,0.010059356689453125,224.94804702313235,13.170505804574807,6.667286484542715,1328.7503662109375,0.0,0.0,True,too_empty,,False,
positive,/mnt/MammoDiffusion/MammoDiffusion/experiments/diffusers/04_sd21_lora/generated_images/final/positive/gen_0150.png,gen_0150.png,95.8956,82.0,1.0,0.3584709167480469,0.9427802194293984,0.394195556640625,143.4297340713788,45.816896724478475,5.867269445706127,802.611328125,0.0,0.0,False,,-35.281961894758005,True,1237.0
positive,/mnt/MammoDiffusion/MammoDiffusion/experiments/diffusers/04_sd21_lora/generated_images/final/positive/gen_0151.png,gen_0151.png,55.7912,33.0,2.0,0.5508384704589844,0.9844112493853836,0.5889167785644531,122.35387126654187,57.29308197000704,7.020733865310118,1214.003662109375,0.0,0.0,False,,-15.041529521329,True,611.0
positive,/mnt/MammoDiffusion/MammoDiffusion/experiments/diffusers/04_sd21_lora/generated_images/final/positive/gen_0152.png,gen_0152.png,215.0,204.0,6.0,0.0373382568359375,0.07407029015120556,0.002323150634765625,204.20689655172413,62.70382764790885,6.62511823147373,1226.7242431640625,0.0,0.0,True,too_empty,,False,
positive,/mnt/MammoDiffusion/MammoDiffusion/experiments/diffusers/04_sd21_lora/generated_images/final/positive/gen_0153.png,gen_0153.png,132.5824,92.0,4.0,0.18596649169921875,0.4993435897435897,0.09142684936523438,186.71965619393333,24.395117670901286,6.291059807336868,1198.3994140625,0.0,0.0,True,too_empty,,False,
positive,/mnt/MammoDiffusion/MammoDiffusion/experiments/diffusers/04_sd21_lora/generated_images/final/positive/gen_0154.png,gen_0154.png,93.47800000000001,44.0,5.0,0.241241455078125,0.9724541429475015,0.26421356201171875,154.65296988247525,54.65730053371517,6.5545429449792625,2031.4935302734375,0.0,0.0,False,,-22.705238017295713,True,898.0
positive,/mnt/MammoDiffusion/MammoDiffusion/experiments/diffusers/04_sd21_lora/generated_images/final/positive/gen_0155.png,gen_0155.png,57.8956,44.0,1.0,0.44173431396484375,0.9926250885162092,0.44617462158203125,132.78238231220396,49.01714211099772,6.159217145498336,1118.8192138671875,0.0,0.0,False,,-8.286563693294045,True,149.0
positive,/mnt/MammoDiffusion/MammoDiffusion/experiments/diffusers/04_sd21_lora/generated_images/final/positive/gen_0156.png,gen_0156.png,73.7912,51.0,2.0,0.38565826416015625,0.9822548418366338,0.4056968688964844,132.64698968509933,48.91574741257578,6.127208914419594,951.5479125976562,0.0,0.0,False,,-13.522690644563136,True,549.0
positive,/mnt/MammoDiffusion/MammoDiffusion/experiments/diffusers/04_sd21_lora/generated_images/final/positive/gen_0157.png,gen_0157.png,66.8956,53.0,1.0,0.4995460510253906,0.9857658854703596,0.5330314636230469,121.294358445871,48.063665436684396,6.481319499869017,958.8101196289062,0.0,0.0,False,,-12.38268032773389,True,488.0
positive,/mnt/MammoDiffusion/MammoDiffusion/experiments/diffusers/04_sd21_lora/generated_images/final/positive/gen_0158.png,gen_0158.png,56.7912,34.0,2.0,0.2830619812011719,0.9335741142541407,0.3257942199707031,120.74973362215327,63.885964686211224,6.1193000424150235,1757.4110107421875,0.0,0.0,False,,-42.72692348190756,False,
positive,/mnt/MammoDiffusion/MammoDiffusion/experiments/diffusers/04_sd21_lora/generated_images/final/positive/gen_0159.png,gen_0159.png,219.0,208.0,9.0,0.0404815673828125,0.07538635506973237,0.005268096923828125,227.89934829833453,8.009182339516553,6.1376498255249174,1513.1036376953125,0.0,0.0,True,too_empty,,False,
positive,/mnt/MammoDiffusion/MammoDiffusion/experiments/diffusers/04_sd21_lora/generated_images/final/positive/gen_0160.png,gen_0160.png,93.5824,53.0,4.0,0.2578010559082031,0.8981666444710792,0.24753570556640625,149.34336569579287,50.64585893953022,6.5190828499737155,950.3251953125,0.0,0.0,False,,-62.25268428213601,False,
positive,/mnt/MammoDiffusion/MammoDiffusion/experiments/diffusers/04_sd21_lora/generated_images/final/positive/gen_0161.png,gen_0161.png,110.6868,79.0,3.0,0.16329574584960938,0.8618450253463219,0.15048980712890625,163.9528010139417,45.706164664649336,5.715010189782416,1014.2191772460938,0.0,0.0,False,,-82.45814127785133,False,
positive,/mnt/MammoDiffusion/MammoDiffusion/experiments/diffusers/04_sd21_lora/generated_images/final/positive/gen_0162.png,gen_0162.png,10.0,1.0,0.0,0.87091064453125,0.9986465414535006,0.8619537353515625,130.45346439129742,47.56617335077602,7.247162406804259,1324.6693115234375,0.0,0.0,False,,-9.033611117346906,True,248.0
positive,/mnt/MammoDiffusion/MammoDiffusion/experiments/diffusers/04_sd21_lora/generated_images/final/positive/gen_0163.png,gen_0163.png,76.6868,45.0,3.0,0.2768516540527344,0.9745780227351016,0.2844352722167969,137.4320775719861,58.12196877821073,6.378804764230589,1791.86328125,0.0,0.0,False,,-20.639807585420495,True,831.0
positive,/mnt/MammoDiffusion/MammoDiffusion/experiments/diffusers/04_sd21_lora/generated_images/final/positive/gen_0164.png,gen_0164.png,100.47800000000001,51.0,5.0,0.23608779907226562,0.8463862721969978,0.1958465576171875,160.44791585508375,46.46801676571333,6.798100178535169,2005.051025390625,0.0,0.0,False,,-92.96982880933102,False,
positive,/mnt/MammoDiffusion/MammoDiffusion/experiments/diffusers/04_sd21_lora/generated_images/final/positive/gen_0165.png,gen_0165.png,185.0,177.0,1.0,0.048992156982421875,0.8423265592151367,0.040607452392578125,202.93781117895725,12.206285604836388,6.519584234085026,348.86639404296875,0.0,0.0,True,too_empty,,False,
positive,/mnt/MammoDiffusion/MammoDiffusion/experiments/diffusers/04_sd21_lora/generated_images/final/positive/gen_0166.png,gen_0166.png,185.5824,145.0,4.0,0.056270599365234375,0.5895193546200258,0.03338623046875,203.98880255941498,14.24176251954189,7.143622000564919,1002.0882568359375,0.0,0.0,True,too_empty,,False,
positive,/mnt/MammoDiffusion/MammoDiffusion/experiments/diffusers/04_sd21_lora/generated_images/final/positive/gen_0167.png,gen_0167.png,91.6868,60.0,3.0,0.24551773071289062,0.9181958018054411,0.2768669128417969,140.02153515479685,53.68837778677377,6.250429058345556,1365.18017578125,0.0,0.0,False,,-51.110288054971974,False,
positive,/mnt/MammoDiffusion/MammoDiffusion/experiments/diffusers/04_sd21_lora/generated_images/final/positive/gen_0168.png,gen_0168.png,110.5824,70.0,4.0,0.41082000732421875,0.9055564841123925,0.3537864685058594,153.4070495886482,37.6855054968428,6.880154916626717,628.6151123046875,0.0,0.0,False,,-57.539149948391746,False,
positive,/mnt/MammoDiffusion/MammoDiffusion/experiments/diffusers/04_sd21_lora/generated_images/final/positive/gen_0169.png,gen_0169.png,96.6868,65.0,3.0,0.2725677490234375,0.987404131444886,0.29132843017578125,160.99346602068874,50.222930770391436,6.225097572210512,1165.734619140625,0.0,0.0,False,,-12.711295949142466,True,516.0
positive,/mnt/MammoDiffusion/MammoDiffusion/experiments/diffusers/04_sd21_lora/generated_images/final/positive/gen_0170.png,gen_0170.png,123.6868,92.0,3.0,0.19588851928710938,0.920215769897373,0.19301605224609375,167.55490335586387,36.99757406304372,6.067149609533475,1037.633544921875,0.0,0.0,False,,-50.10373594427187,False,
positive,/mnt/MammoDiffusion/MammoDiffusion/experiments/diffusers/04_sd21_lora/generated_images/final/positive/gen_0171.png,gen_0171.png,65.6868,34.0,3.0,0.48371124267578125,0.9856311414646457,0.5168533325195312,128.73446010775703,52.315212749475954,6.9601821527836725,1531.2691650390625,0.0,0.0,False,,-14.052846113695125,True,566.0
positive,/mnt/MammoDiffusion/MammoDiffusion/experiments/diffusers/04_sd21_lora/generated_images/final/positive/gen_0172.png,gen_0172.png,131.7912,109.0,2.0,0.2093963623046875,0.854751147708227,0.18883132934570312,172.47574796468757,32.28150924575376,5.799988946569157,930.1204833984375,0.0,0.0,False,,-86.56793828449042,False,
positive,/mnt/MammoDiffusion/MammoDiffusion/experiments/diffusers/04_sd21_lora/generated_images/final/positive/gen_0173.png,gen_0173.png,220.0,233.0,19.0,0.3391227722167969,0.9586272061552998,0.3030548095703125,250.895964452948,16.87191413740098,6.6175377713881325,1583.318115234375,0.0,0.0,False,,-33.21618713622473,True,1177.0
positive,/mnt/MammoDiffusion/MammoDiffusion/experiments/diffusers/04_sd21_lora/generated_images/final/positive/gen_0174.png,gen_0174.png,41.7912,19.0,2.0,0.5519294738769531,0.9910356982410063,0.5445327758789062,135.38664480966193,45.19995663900604,6.775771535268821,1092.2781982421875,0.0,0.0,False,,-10.217122031042226,True,356.0
positive,/mnt/MammoDiffusion/MammoDiffusion/experiments/diffusers/04_sd21_lora/generated_images/final/positive/gen_0175.png,gen_0175.png,99.6868,68.0,3.0,0.3022918701171875,0.9527661400232195,0.3492927551269531,146.38670889532025,48.39746996314885,6.328837354710557,986.4661254882812,0.0,0.0,False,,-30.85891701010236,True,1103.0
positive,/mnt/MammoDiffusion/MammoDiffusion/experiments/diffusers/04_sd21_lora/generated_images/final/positive/gen_0176.png,gen_0176.png,95.8956,82.0,1.0,0.21780014038085938,0.9193099220597251,0.22679519653320312,143.09414159083647,44.147543943108595,4.677328020122774,550.603759765625,0.0,0.0,False,,-48.452108271472326,False,
positive,/mnt/MammoDiffusion/MammoDiffusion/experiments/diffusers/04_sd21_lora/generated_images/final/positive/gen_0177.png,gen_0177.png,57.7912,35.0,2.0,0.2748565673828125,0.9852467662243934,0.3192710876464844,121.11117748969473,64.21144990749603,5.925520989233606,1512.031494140625,0.0,0.0,False,,-13.621274995494753,True,551.0
positive,/mnt/MammoDiffusion/MammoDiffusion/experiments/diffusers/04_sd21_lora/generated_images/final/positive/gen_0178.png,gen_0178.png,121.0,108.0,4.0,0.045825958251953125,0.7004911346041788,0.02867889404296875,188.8631284916201,27.515407566075623,4.796928032584136,800.62939453125,0.0,0.0,True,too_empty,,False,
positive,/mnt/MammoDiffusion/MammoDiffusion/experiments/diffusers/04_sd21_lora/generated_images/final/positive/gen_0179.png,gen_0179.png,85.7912,63.0,2.0,0.3754386901855469,0.9894532559769963,0.39485931396484375,141.38466814800503,47.073780435051155,5.953906739752912,784.4968872070312,0.0,0.0,False,,-9.496894147192656,True,288.0
positive,/mnt/MammoDiffusion/MammoDiffusion/experiments/diffusers/04_sd21_lora/generated_images/final/positive/gen_0180.png,gen_0180.png,68.8956,55.0,1.0,0.5647010803222656,0.9713442273006695,0.6454505920410156,113.38051193550865,47.91860540680467,6.562441256684545,633.1026000976562,0.0,0.0,False,,-21.127515688398883,True,852.0
positive,/mnt/MammoDiffusion/MammoDiffusion/experiments/diffusers/04_sd21_lora/generated_images/final/positive/gen_0181.png,gen_0181.png,106.8956,93.0,1.0,0.18245315551757812,0.8574505007422275,0.17896652221679688,144.32718746669508,37.8231274895031,4.630605554158735,275.4649658203125,0.0,0.0,False,,-83.3594668369773,False,
positive,/mnt/MammoDiffusion/MammoDiffusion/experiments/diffusers/04_sd21_lora/generated_images/final/positive/gen_0182.png,gen_0182.png,81.6868,50.0,3.0,0.2048797607421875,0.9312206747598123,0.22731399536132812,139.41959086408565,60.64992191866885,5.898272328661101,1500.3287353515625,0.0,0.0,False,,-44.50519684225152,False,
positive,/mnt/MammoDiffusion/MammoDiffusion/experiments/diffusers/04_sd21_lora/generated_images/final/positive/gen_0183.png,gen_0183.png,220.0,196.0,39.0,0.372802734375,0.956593811394892,0.3547019958496094,235.3587967693019,18.685905099782815,6.893005015494142,2043.6497802734375,0.0,0.0,False,,-34.232546926084105,True,1205.0
positive,/mnt/MammoDiffusion/MammoDiffusion/experiments/diffusers/04_sd21_lora/generated_images/final/positive/gen_0184.png,gen_0184.png,97.7912,75.0,2.0,0.225433349609375,0.8153682144307567,0.21927261352539062,145.8482107131052,46.40210088625361,5.869195763968277,668.0614013671875,0.0,0.0,False,,-107.48799427146912,False,
positive,/mnt/MammoDiffusion/MammoDiffusion/experiments/diffusers/04_sd21_lora/generated_images/final/positive/gen_0185.png,gen_0185.png,220.0,206.0,39.0,0.334075927734375,0.9344112542249018,0.3114471435546875,242.62179707020724,25.338572072081593,6.678092761627308,2103.14892578125,0.0,0.0,False,,-46.45445498702901,False,
positive,/mnt/MammoDiffusion/MammoDiffusion/experiments/diffusers/04_sd21_lora/generated_images/final/positive/gen_0186.png,gen_0186.png,91.7912,69.0,2.0,0.2624320983886719,0.871415073769896,0.2717094421386719,140.04241369143725,52.68175626419174,6.050961417390868,1123.486328125,0.0,0.0,False,,-76.55472379163852,False,
positive,/mnt/MammoDiffusion/MammoDiffusion/experiments/diffusers/04_sd21_lora/generated_images/final/positive/gen_0187.png,gen_0187.png,51.6868,20.0,3.0,0.4531364440917969,0.9925833634993728,0.46921539306640625,127.32068584250662,56.02083039414285,6.9188419065721085,1618.206787109375,0.0,0.0,False,,-10.156307106906182,True,349.0
positive,/mnt/MammoDiffusion/MammoDiffusion/experiments/diffusers/04_sd21_lora/generated_images/final/positive/gen_0188.png,gen_0188.png,10.0,1.0,0.0,0.7709121704101562,0.9980404770151913,0.7702560424804688,104.72273398112105,61.262863414389905,6.962171507309912,1695.7789306640625,0.0,0.0,False,,-8.974186965211238,True,244.0
positive,/mnt/MammoDiffusion/MammoDiffusion/experiments/diffusers/04_sd21_lora/generated_images/final/positive/gen_0189.png,gen_0189.png,108.7912,86.0,2.0,0.22974777221679688,0.9307453467713817,0.226593017578125,146.36060606060607,44.36913186280472,5.824110276831677,914.6220703125,0.0,0.0,False,,-43.041975894612186,False,
positive,/mnt/MammoDiffusion/MammoDiffusion/experiments/diffusers/04_sd21_lora/generated_images/final/positive/gen_0190.png,gen_0190.png,67.6868,36.0,3.0,0.3801422119140625,0.9646369365391563,0.4239234924316406,121.07906127113534,55.09327501617391,6.844731266552757,1780.013916015625,0.0,0.0,False,,-25.237831070174693,True,973.0
positive,/mnt/MammoDiffusion/MammoDiffusion/experiments/diffusers/04_sd21_lora/generated_images/final/positive/gen_0191.png,gen_0191.png,85.6868,54.0,3.0,0.21873855590820312,0.9289339216267593,0.245391845703125,142.84111118020147,59.1110870833556,5.944704934479781,1390.223876953125,0.0,0.0,False,,-45.559000596020724,False,
positive,/mnt/MammoDiffusion/MammoDiffusion/experiments/diffusers/04_sd21_lora/generated_images/final/positive/gen_0192.png,gen_0192.png,27.0,22.0,0.0,0.5924415588378906,0.990541193136087,0.5874671936035156,123.31115382367646,54.04891104098383,6.201813012575781,1137.0118408203125,0.0,0.0,False,,-10.526651999443136,True,379.0
positive,/mnt/MammoDiffusion/MammoDiffusion/experiments/diffusers/04_sd21_lora/generated_images/final/positive/gen_0193.png,gen_0193.png,32.8956,19.0,1.0,0.6463394165039062,0.9979106908884876,0.6609001159667969,103.60399651372863,58.0127611732606,6.873291584837786,1271.891357421875,0.0,0.0,False,,-7.4355138877711875,True,64.0
positive,/mnt/MammoDiffusion/MammoDiffusion/experiments/diffusers/04_sd21_lora/generated_images/final/positive/gen_0194.png,gen_0194.png,220.0,226.0,27.0,0.428497314453125,0.95690299836194,0.4051856994628906,251.40516113239877,19.333192275242002,5.883703127236287,1626.884765625,0.0,0.0,False,,-32.69249857433363,True,1157.0
positive,/mnt/MammoDiffusion/MammoDiffusion/experiments/diffusers/04_sd21_lora/generated_images/final/positive/gen_0195.png,gen_0195.png,53.7912,31.0,2.0,0.5247230529785156,0.991603236570631,0.5463294982910156,125.39343094744339,55.34539521142139,6.937877301279754,1331.914306640625,0.0,0.0,False,,-10.78004693032483,True,396.0
positive,/mnt/MammoDiffusion/MammoDiffusion/experiments/diffusers/04_sd21_lora/generated_images/final/positive/gen_0196.png,gen_0196.png,140.7912,118.0,2.0,0.14484786987304688,0.800927023254589,0.13373184204101562,173.95595744073935,31.941988234647557,5.02609544919412,441.6752624511719,0.0,0.0,False,,-116.55382087086475,False,
positive,/mnt/MammoDiffusion/MammoDiffusion/experiments/diffusers/04_sd21_lora/generated_images/final/positive/gen_0197.png,gen_0197.png,103.6868,72.0,3.0,0.3172721862792969,0.9873633838717822,0.3303337097167969,161.3570760436515,43.10422297592777,6.179442016703282,858.8553466796875,0.0,0.0,False,,-11.556396917036142,True,450.0
positive,/mnt/MammoDiffusion/MammoDiffusion/experiments/diffusers/04_sd21_lora/generated_images/final/positive/gen_0198.png,gen_0198.png,61.7912,39.0,2.0,0.3740882873535156,0.975373476775608,0.38568878173828125,136.07702806955078,54.19586843856898,6.145575912231037,1046.1695556640625,0.0,0.0,False,,-18.04849746674335,True,729.0
positive,/mnt/MammoDiffusion/MammoDiffusion/experiments/diffusers/04_sd21_lora/generated_images/final/positive/gen_0199.png,gen_0199.png,108.7912,86.0,2.0,0.3565025329589844,0.9774222888020972,0.3704948425292969,156.79070868898202,39.46911515731184,5.961568092059077,742.309326171875,0.0,0.0,False,,-16.45634730134104,True,673.0
positive,/mnt/MammoDiffusion/MammoDiffusion/experiments/diffusers/04_sd21_lora/generated_images/final/positive/gen_0200.png,gen_0200.png,40.7912,18.0,2.0,0.5704879760742188,0.9964760949515212,0.57568359375,120.83791216072943,51.81012632221094,6.906464550268993,1499.1112060546875,0.0,0.0,False,,-8.05856882483368,True,120.0
positive,/mnt/MammoDiffusion/MammoDiffusion/experiments/diffusers/04_sd21_lora/generated_images/final/positive/gen_0201.png,gen_0201.png,220.0,234.0,11.0,0.5322036743164062,0.9868543658700919,0.5163688659667969,244.51168339945184,14.465291910478701,5.987570646228296,1305.7626953125,0.0,0.0,False,,-16.65206755223589,True,678.0
positive,/mnt/MammoDiffusion/MammoDiffusion/experiments/diffusers/04_sd21_lora/generated_images/final/positive/gen_0202.png,gen_0202.png,16.0,11.0,0.0,0.6199684143066406,0.9955021197260662,0.6245079040527344,103.84128128225959,64.79954066801668,6.36210176234931,1583.922607421875,0.0,0.0,False,,-8.894559340614162,True,233.0
positive,/mnt/MammoDiffusion/MammoDiffusion/experiments/diffusers/04_sd21_lora/generated_images/final/positive/gen_0203.png,gen_0203.png,109.7912,87.0,2.0,0.18572998046875,0.8651207689779823,0.20163726806640625,143.75975254455332,39.43819929190489,5.1588345979618575,467.5340270996094,0.0,0.0,False,,-79.10030976134665,False,
positive,/mnt/MammoDiffusion/MammoDiffusion/experiments/diffusers/04_sd21_lora/generated_images/final/positive/gen_0204.png,gen_0204.png,130.6868,99.0,3.0,0.1622772216796875,0.8485660554771979,0.16449737548828125,171.3539260702194,41.037196992994,5.792336885144296,1066.4241943359375,0.0,0.0,False,,-89.77358772685656,False,
positive,/mnt/MammoDiffusion/MammoDiffusion/experiments/diffusers/04_sd21_lora/generated_images/final/positive/gen_0205.png,gen_0205.png,220.0,249.0,0.0,0.5117912292480469,0.9454320490746331,0.4799537658691406,247.43727795131025,17.13083488039747,5.186107244363498,1443.023681640625,0.0,0.0,False,,-38.68621515581942,True,1307.0
positive,/mnt/MammoDiffusion/MammoDiffusion/experiments/diffusers/04_sd21_lora/generated_images/final/positive/gen_0206.png,gen_0206.png,21.8956,8.0,1.0,0.669677734375,0.9978297028800583,0.6679763793945312,119.24428060717509,50.52641642935848,7.041885880952993,1389.0877685546875,0.0,0.0,False,,-7.787913551463833,True,94.0
positive,/mnt/MammoDiffusion/MammoDiffusion/experiments/diffusers/04_sd21_lora/generated_images/final/positive/gen_0207.png,gen_0207.png,10.0,0.0,0.0,0.8425483703613281,0.9987368077910436,0.8380165100097656,121.93504217478981,51.066537543176544,7.169121990845394,1356.5299072265625,0.0,0.0,False,,-8.871564659212854,True,227.0
positive,/mnt/MammoDiffusion/MammoDiffusion/experiments/diffusers/04_sd21_lora/generated_images/final/positive/gen_0208.png,gen_0208.png,130.6868,99.0,3.0,0.16770553588867188,0.8143438800809771,0.1386260986328125,171.08208585580627,29.823524296819745,5.692107738186368,747.884033203125,0.0,0.0,False,,-109.41215090983462,False,
positive,/mnt/MammoDiffusion/MammoDiffusion/experiments/diffusers/04_sd21_lora/generated_images/final/positive/gen_0209.png,gen_0209.png,116.6868,85.0,3.0,0.17912673950195312,0.8523116894179782,0.17376327514648438,154.20063225834778,42.390198443773,5.893334750987947,1042.4083251953125,0.0,0.0,False,,-87.27277620178364,False,
positive,/mnt/MammoDiffusion/MammoDiffusion/experiments/diffusers/04_sd21_lora/generated_images/final/positive/gen_0210.png,gen_0210.png,179.0,165.0,6.0,0.0487060546875,0.6375313283208021,0.033069610595703125,197.971392317453,16.824201135083477,7.194199832883344,1188.0343017578125,0.0,0.0,True,too_empty,,False,
positive,/mnt/MammoDiffusion/MammoDiffusion/experiments/diffusers/04_sd21_lora/generated_images/final/positive/gen_0211.png,gen_0211.png,33.7912,11.0,2.0,0.4761962890625,0.9932228915662651,0.4875907897949219,112.64437994351387,60.8803672011078,6.6176581991738015,1741.5863037109375,0.0,0.0,False,,-9.675054797567924,True,304.0
positive,/mnt/MammoDiffusion/MammoDiffusion/experiments/diffusers/04_sd21_lora/generated_images/final/positive/gen_0212.png,gen_0212.png,208.85160000000002,106.0,11.0,0.053844451904296875,0.6331562167906483,0.03287506103515625,225.67614295660246,13.62139796766936,6.9376859665047785,697.6362915039062,0.0,0.0,True,too_empty,,False,
positive,/mnt/MammoDiffusion/MammoDiffusion/experiments/diffusers/04_sd21_lora/generated_images/final/positive/gen_0213.png,gen_0213.png,77.7912,55.0,2.0,0.2795867919921875,0.9247530426240245,0.3216552734375,124.26207305502847,57.31656375692531,6.085326081693085,1168.50341796875,0.0,0.0,False,,-46.53722577107581,False,
positive,/mnt/MammoDiffusion/MammoDiffusion/experiments/diffusers/04_sd21_lora/generated_images/final/positive/gen_0214.png,gen_0214.png,71.7912,49.0,2.0,0.38881683349609375,0.9707140474461865,0.42481231689453125,133.19190567698138,57.933501068044606,6.675061582528139,1255.403076171875,0.0,0.0,False,,-21.62689933442828,True,867.0
positive,/mnt/MammoDiffusion/MammoDiffusion/experiments/diffusers/04_sd21_lora/generated_images/final/positive/gen_0215.png,gen_0215.png,141.7912,119.0,2.0,0.205810546875,0.80847790628707,0.20572280883789062,185.14157503384078,40.48824068115836,5.992361908493862,943.0675659179688,0.0,0.0,False,,-112.18161739884714,False,
positive,/mnt/MammoDiffusion/MammoDiffusion/experiments/diffusers/04_sd21_lora/generated_images/final/positive/gen_0216.png,gen_0216.png,85.5824,45.0,4.0,0.34326934814453125,0.9809859311448448,0.3697853088378906,147.6868172111784,52.644595247252724,6.725255594815312,1699.2996826171875,0.0,0.0,False,,-16.66029768097219,True,679.0
positive,/mnt/MammoDiffusion/MammoDiffusion/experiments/diffusers/04_sd21_lora/generated_images/final/positive/gen_0217.png,gen_0217.png,220.0,253.0,1.0,0.34261322021484375,0.9093571158171332,0.30536651611328125,252.0356152404747,20.06687179587473,6.111466133068286,1623.541748046875,0.0,0.0,False,,-59.91724061369669,False,
positive,/mnt/MammoDiffusion/MammoDiffusion/experiments/diffusers/04_sd21_lora/generated_images/final/positive/gen_0218.png,gen_0218.png,220.0,253.0,1.0,0.24295425415039062,0.8849094820141625,0.20940399169921875,251.57760410973876,20.664990747113524,6.670493769590719,1663.9769287109375,0.0,0.0,False,,-74.68290538737782,False,
positive,/mnt/MammoDiffusion/MammoDiffusion/experiments/diffusers/04_sd21_lora/generated_images/final/positive/gen_0219.png,gen_0219.png,75.47800000000001,26.0,5.0,0.26079559326171875,0.9219056256033701,0.27449798583984375,144.6166235859807,59.97598220322571,6.6553464157267666,2272.6337890625,0.0,0.0,False,,-51.16746912342967,False,
positive,/mnt/MammoDiffusion/MammoDiffusion/experiments/diffusers/04_sd21_lora/generated_images/final/positive/gen_0220.png,gen_0220.png,144.2692,77.0,7.0,0.11313247680664062,0.4516977442087871,0.05120086669921875,194.66942333482342,29.50708179361375,6.442154147497936,2164.229248046875,0.0,0.0,True,too_empty,,False,
positive,/mnt/MammoDiffusion/MammoDiffusion/experiments/diffusers/04_sd21_lora/generated_images/final/positive/gen_0221.png,gen_0221.png,52.6868,21.0,3.0,0.4755210876464844,0.9951546267698849,0.5004043579101562,124.0647135952675,55.27911279204572,6.977754286886736,1563.02783203125,0.0,0.0,False,,-8.777187824073842,True,215.0
positive,/mnt/MammoDiffusion/MammoDiffusion/experiments/diffusers/04_sd21_lora/generated_images/final/positive/gen_0222.png,gen_0222.png,162.5824,122.0,4.0,0.1360626220703125,0.8711730402601772,0.11832427978515625,200.60887226771553,17.780000115278256,5.668172613982744,843.7103881835938,0.0,0.0,True,too_empty,,False,
positive,/mnt/MammoDiffusion/MammoDiffusion/experiments/diffusers/04_sd21_lora/generated_images/final/positive/gen_0223.png,gen_0223.png,99.8956,86.0,1.0,0.2382659912109375,0.7430355427473583,0.19019317626953125,151.54695334750693,43.81693685868966,5.8625952160698125,747.2536010742188,0.0,0.0,True,fragmented_mask,,False,
positive,/mnt/MammoDiffusion/MammoDiffusion/experiments/diffusers/04_sd21_lora/generated_images/final/positive/gen_0224.png,gen_0224.png,114.6868,83.0,3.0,0.21889495849609375,0.7891673347042627,0.19367218017578125,163.4972621626945,44.61708931167148,6.2262715592785955,1156.1507568359375,0.0,0.0,False,,-123.10794947948278,False,
positive,/mnt/MammoDiffusion/MammoDiffusion/experiments/diffusers/04_sd21_lora/generated_images/final/positive/gen_0225.png,gen_0225.png,10.0,0.0,0.0,0.8317298889160156,0.9981700017887201,0.8299713134765625,102.37114610335888,56.370759962388206,7.195099950071354,1404.063720703125,0.0,0.0,False,,-8.757853105217142,True,212.0
positive,/mnt/MammoDiffusion/MammoDiffusion/experiments/diffusers/04_sd21_lora/generated_images/final/positive/gen_0226.png,gen_0226.png,138.2692,71.0,7.0,0.21446609497070312,0.8169189448782483,0.16473770141601562,185.49621396318167,36.50924588200673,7.144062406872824,2609.689453125,0.0,0.0,False,,-111.2285164481594,False,
positive,/mnt/MammoDiffusion/MammoDiffusion/experiments/diffusers/04_sd21_lora/generated_images/final/positive/gen_0227.png,gen_0227.png,93.6868,62.0,3.0,0.3504524230957031,0.9673883464498362,0.40686798095703125,140.4289317257027,50.59322999903889,6.529999531585007,1062.1639404296875,0.0,0.0,False,,-22.67432349319962,True,896.0
positive,/mnt/MammoDiffusion/MammoDiffusion/experiments/diffusers/04_sd21_lora/generated_images/final/positive/gen_0228.png,gen_0228.png,114.7912,92.0,2.0,0.2136993408203125,0.8070332024277044,0.19878005981445312,152.06373179297242,35.93083890818505,5.664981195256743,579.7678833007812,0.0,0.0,False,,-112.233703868427,False,
positive,/mnt/MammoDiffusion/MammoDiffusion/experiments/diffusers/04_sd21_lora/generated_images/final/positive/gen_0229.png,gen_0229.png,144.6868,113.0,3.0,0.06774139404296875,0.9479671134136727,0.061466217041015625,183.0501458449699,21.319857058172353,4.950279925141579,746.0526733398438,0.0,0.0,True,too_empty,,False,
positive,/mnt/MammoDiffusion/MammoDiffusion/experiments/diffusers/04_sd21_lora/generated_images/final/positive/gen_0230.png,gen_0230.png,79.7912,57.0,2.0,0.3017425537109375,0.9019216182048041,0.2907295227050781,144.20534554472334,49.88713888301185,5.830098921957908,669.3773803710938,0.0,0.0,False,,-59.10436561868053,False,
positive,/mnt/MammoDiffusion/MammoDiffusion/experiments/diffusers/04_sd21_lora/generated_images/final/positive/gen_0231.png,gen_0231.png,114.7912,92.0,2.0,0.18966293334960938,0.8159255013174038,0.16650009155273438,157.49781199166037,37.96292068419945,5.447700847559504,666.72705078125,0.0,0.0,False,,-107.21539739490717,False,
positive,/mnt/MammoDiffusion/MammoDiffusion/experiments/diffusers/04_sd21_lora/generated_images/final/positive/gen_0232.png,gen_0232.png,74.3736,16.0,6.0,0.400543212890625,0.946247619047619,0.4791145324707031,122.16845147575181,55.39435422406342,7.372977882970062,2830.40380859375,0.0,0.0,False,,-37.68917284366225,True,1286.0
positive,/mnt/MammoDiffusion/MammoDiffusion/experiments/diffusers/04_sd21_lora/generated_images/final/positive/gen_0233.png,gen_0233.png,62.6868,31.0,3.0,0.6100540161132812,0.9783456935255938,0.6447181701660156,125.35135998674627,50.063815531358095,7.141773967167336,1086.023193359375,0.0,0.0,False,,-18.32836473256303,True,740.0
positive,/mnt/MammoDiffusion/MammoDiffusion/experiments/diffusers/04_sd21_lora/generated_images/final/positive/gen_0234.png,gen_0234.png,99.5824,59.0,4.0,0.3247489929199219,0.9476336469676147,0.36475372314453125,149.36642682340144,51.82368342050091,6.7105441728014865,1305.5189208984375,0.0,0.0,False,,-34.70644405655284,True,1217.0
positive,/mnt/MammoDiffusion/MammoDiffusion/experiments/diffusers/04_sd21_lora/generated_images/final/positive/gen_0235.png,gen_0235.png,92.6868,61.0,3.0,0.30905914306640625,0.7557826655804882,0.24401092529296875,151.73381171247226,46.680050197623174,6.442625474668748,1048.3719482421875,0.0,0.0,False,,-141.17154853432316,False,
positive,/mnt/MammoDiffusion/MammoDiffusion/experiments/diffusers/04_sd21_lora/generated_images/final/positive/gen_0236.png,gen_0236.png,123.47800000000001,74.0,5.0,0.22167587280273438,0.8529882466314467,0.17539215087890625,176.02061855670104,35.982155660579465,6.655334568343884,1626.7230224609375,0.0,0.0,False,,-89.18516260144695,False,
positive,/mnt/MammoDiffusion/MammoDiffusion/experiments/diffusers/04_sd21_lora/generated_images/final/positive/gen_0237.png,gen_0237.png,112.0,107.0,0.0,0.37393951416015625,0.9340889151857671,0.4014434814453125,146.41367022691855,38.18741240824587,5.215567731162003,303.18157958984375,0.0,0.0,False,,-39.88717240535894,True,1328.0
positive,/mnt/MammoDiffusion/MammoDiffusion/experiments/diffusers/04_sd21_lora/generated_images/final/positive/gen_0238.png,gen_0238.png,96.7912,74.0,2.0,0.2591400146484375,0.8903462285815227,0.2798271179199219,143.09674868788767,51.79994659892338,5.989784812725608,967.55126953125,0.0,0.0,False,,-65.76744855248457,False,
positive,/mnt/MammoDiffusion/MammoDiffusion/experiments/diffusers/04_sd21_lora/generated_images/final/positive/gen_0239.png,gen_0239.png,61.6868,30.0,3.0,0.4925689697265625,0.9873377528577182,0.5474967956542969,122.71614305721035,56.06387888680865,7.090809440224509,1736.783203125,0.0,0.0,False,,-13.774556447008905,True,558.0
positive,/mnt/MammoDiffusion/MammoDiffusion/experiments/diffusers/04_sd21_lora/generated_images/final/positive/gen_0240.png,gen_0240.png,58.7912,36.0,2.0,0.267242431640625,0.9217483156332077,0.2802925109863281,130.6495910284851,63.654640138891786,5.848306450155142,1480.03857421875,0.0,0.0,False,,-49.27734016949833,False,
positive,/mnt/MammoDiffusion/MammoDiffusion/experiments/diffusers/04_sd21_lora/generated_images/final/positive/gen_0241.png,gen_0241.png,115.7912,93.0,2.0,0.2564964294433594,0.8722021445887059,0.2537345886230469,162.51967225437872,44.71413708894915,6.196577181134992,707.9694213867188,0.0,0.0,False,,-76.36299080698966,False,
positive,/mnt/MammoDiffusion/MammoDiffusion/experiments/diffusers/04_sd21_lora/generated_images/final/positive/gen_0242.png,gen_0242.png,62.6868,31.0,3.0,0.31719970703125,0.9850153934962478,0.36835479736328125,123.3742155299186,62.006270325842756,6.5816606269078015,1754.2564697265625,0.0,0.0,False,,-14.27704626262318,True,574.0
positive,/mnt/MammoDiffusion/MammoDiffusion/experiments/diffusers/04_sd21_lora/generated_images/final/positive/gen_0243.png,gen_0243.png,157.7912,135.0,2.0,0.06521987915039062,0.6869041352284027,0.04718780517578125,172.06297493936944,17.254507319518204,6.68623746637712,851.7056884765625,0.0,0.0,True,too_empty,,False,
positive,/mnt/MammoDiffusion/MammoDiffusion/experiments/diffusers/04_sd21_lora/generated_images/final/positive/gen_0244.png,gen_0244.png,220.0,221.0,3.0,0.4529380798339844,0.9723080810207605,0.4420928955078125,222.7977168398164,13.08099932600303,6.233227091628257,1662.6820068359375,0.0,0.0,False,,-24.343808013097572,True,945.0
positive,/mnt/MammoDiffusion/MammoDiffusion/experiments/diffusers/04_sd21_lora/generated_images/final/positive/gen_0245.png,gen_0245.png,128.7912,106.0,2.0,0.10960769653320312,0.9224236940103714,0.11370468139648438,155.33747106384408,31.837882559608936,4.571354249693417,437.27288818359375,0.0,0.0,True,too_empty,,False,
positive,/mnt/MammoDiffusion/MammoDiffusion/experiments/diffusers/04_sd21_lora/generated_images/final/positive/gen_0246.png,gen_0246.png,124.5824,84.0,4.0,0.22287368774414062,0.9363628583654258,0.2607231140136719,166.79718202700923,46.42652182055744,6.433814429489228,1466.5927734375,0.0,0.0,False,,-41.74307313497426,False,
positive,/mnt/MammoDiffusion/MammoDiffusion/experiments/diffusers/04_sd21_lora/generated_images/final/positive/gen_0247.png,gen_0247.png,133.5824,93.0,4.0,0.09044647216796875,0.9914803880219317,0.08746719360351562,176.80993501679097,25.079473049872778,5.263518119511428,947.1713256835938,0.0,0.0,True,too_empty,,False,
positive,/mnt/MammoDiffusion/MammoDiffusion/experiments/diffusers/04_sd21_lora/generated_images/final/positive/gen_0248.png,gen_0248.png,138.7912,116.0,2.0,0.19739151000976562,0.9227751473572325,0.22306442260742188,171.12266780675503,35.12422104289871,5.32297210376077,574.0657958984375,0.0,0.0,False,,-48.11521289993018,False,
positive,/mnt/MammoDiffusion/MammoDiffusion/experiments/diffusers/04_sd21_lora/generated_images/final/positive/gen_0249.png,gen_0249.png,96.8956,83.0,1.0,0.23244094848632812,0.9025487010322814,0.2726287841796875,136.19751497173561,52.259206391725264,5.476335297791952,736.2726440429688,0.0,0.0,False,,-58.370108020456605,False,
positive,/mnt/MammoDiffusion/MammoDiffusion/experiments/diffusers/04_sd21_lora/generated_images/final/positive/gen_0250.png,gen_0250.png,93.7912,71.0,2.0,0.22048187255859375,0.9680438769507596,0.250396728515625,137.38360755636808,49.03049343456673,5.488821188213739,767.0548706054688,0.0,0.0,False,,-21.93741143755538,True,877.0
positive,/mnt/MammoDiffusion/MammoDiffusion/experiments/diffusers/04_sd21_lora/generated_images/final/positive/gen_0251.png,gen_0251.png,29.7912,7.0,2.0,0.6314506530761719,0.9969069237786276,0.6250419616699219,130.46583176178356,42.7320609762351,6.915353077994025,752.72412109375,0.0,0.0,False,,-7.152759259433921,True,47.0
positive,/mnt/MammoDiffusion/MammoDiffusion/experiments/diffusers/04_sd21_lora/generated_images/final/positive/gen_0252.png,gen_0252.png,41.7912,19.0,2.0,0.6096115112304688,0.97277323755053,0.6102638244628906,110.97911574788876,55.012205754137995,6.932045401842936,1452.7552490234375,0.0,0.0,False,,-21.345404499130616,True,858.0
positive,/mnt/MammoDiffusion/MammoDiffusion/experiments/diffusers/04_sd21_lora/generated_images/final/positive/gen_0253.png,gen_0253.png,136.7912,114.0,2.0,0.12249755859375,0.41538988540109617,0.049167633056640625,195.7898207774071,23.15452820988566,5.300960183644082,607.5006103515625,0.0,0.0,True,too_empty,,False,
positive,/mnt/MammoDiffusion/MammoDiffusion/experiments/diffusers/04_sd21_lora/generated_images/final/positive/gen_0254.png,gen_0254.png,92.7912,70.0,2.0,0.23050308227539062,0.92471659081506,0.2931480407714844,132.97794318581077,51.86105634175,5.584304463506031,867.9662475585938,0.0,0.0,False,,-45.766947379404336,False,
positive,/mnt/MammoDiffusion/MammoDiffusion/experiments/diffusers/04_sd21_lora/generated_images/final/positive/gen_0255.png,gen_0255.png,68.7912,46.0,2.0,0.455078125,0.9945848980686696,0.4899330139160156,128.00617442557598,51.43597155105574,6.626051584930876,1182.7967529296875,0.0,0.0,False,,-8.05711141102127,True,119.0
positive,/mnt/MammoDiffusion/MammoDiffusion/experiments/diffusers/04_sd21_lora/generated_images/final/positive/gen_0256.png,gen_0256.png,83.5824,43.0,4.0,0.5255546569824219,0.9609061413505019,0.6300506591796875,127.35467777481776,50.06009617579194,7.337789417501981,1025.29052734375,0.0,0.0,False,,-28.09179833463176,True,1041.0
positive,/mnt/MammoDiffusion/MammoDiffusion/experiments/diffusers/04_sd21_lora/generated_images/final/positive/gen_0257.png,gen_0257.png,49.7912,27.0,2.0,0.6042404174804688,0.995277718153007,0.6226654052734375,118.81601195873257,49.74882105249402,7.008992564055633,1242.958740234375,0.0,0.0,False,,-8.618945886432526,True,189.0
positive,/mnt/MammoDiffusion/MammoDiffusion/experiments/diffusers/04_sd21_lora/generated_images/final/positive/gen_0258.png,gen_0258.png,76.6868,45.0,3.0,0.4999580383300781,0.9960705320423314,0.49485015869140625,150.68417847396742,38.94176661453344,6.7081458980100965,944.67578125,0.0,0.0,False,,-7.060021453917054,True,42.0
positive,/mnt/MammoDiffusion/MammoDiffusion/experiments/diffusers/04_sd21_lora/generated_images/final/positive/gen_0259.png,gen_0259.png,192.0,179.0,6.0,0.048175811767578125,0.6039274685248238,0.0290069580078125,209.64466070489217,12.88788437055283,6.6842753924283045,953.147216796875,0.0,0.0,True,too_empty,,False,
positive,/mnt/MammoDiffusion/MammoDiffusion/experiments/diffusers/04_sd21_lora/generated_images/final/positive/gen_0260.png,gen_0260.png,103.7912,81.0,2.0,0.19261932373046875,0.9070978730146156,0.19536972045898438,155.984906765596,46.94688221532839,5.313082212763546,939.2012939453125,0.0,0.0,False,,-56.38526239536618,False,
positive,/mnt/MammoDiffusion/MammoDiffusion/experiments/diffusers/04_sd21_lora/generated_images/final/positive/gen_0261.png,gen_0261.png,81.8956,68.0,1.0,0.4289970397949219,0.9754221538516259,0.4423370361328125,132.56985408258305,43.870338918732045,6.136904836416004,518.9569091796875,0.0,0.0,False,,-17.515462670220256,True,704.0
positive,/mnt/MammoDiffusion/MammoDiffusion/experiments/diffusers/04_sd21_lora/generated_images/final/positive/gen_0262.png,gen_0262.png,220.0,250.0,2.0,0.2765769958496094,0.9436161262292595,0.24840164184570312,250.43661409462968,18.090413885197982,6.651923609795884,1679.9815673828125,0.0,0.0,False,,-41.97226843305619,False,
positive,/mnt/MammoDiffusion/MammoDiffusion/experiments/diffusers/04_sd21_lora/generated_images/final/positive/gen_0263.png,gen_0263.png,47.6868,16.0,3.0,0.4997215270996094,0.9767708150443897,0.50567626953125,123.89577549788775,49.515444610098356,7.030474496571189,1629.8768310546875,0.0,0.0,False,,-18.742230389627625,True,758.0
positive,/mnt/MammoDiffusion/MammoDiffusion/experiments/diffusers/04_sd21_lora/generated_images/final/positive/gen_0264.png,gen_0264.png,220.0,254.0,0.0,0.40645599365234375,0.9736555607695917,0.38817596435546875,252.85690559955975,14.798510926826397,5.92350503610783,1430.38720703125,0.0,0.0,False,,-23.63205444674165,True,922.0
positive,/mnt/MammoDiffusion/MammoDiffusion/experiments/diffusers/04_sd21_lora/generated_images/final/positive/gen_0265.png,gen_0265.png,220.0,246.0,0.0,0.3261451721191406,0.9361731990596162,0.3005485534667969,243.5132191859063,23.484170757990615,6.329315549738939,1507.46728515625,0.0,0.0,False,,-44.63047903851958,False,
positive,/mnt/MammoDiffusion/MammoDiffusion/experiments/diffusers/04_sd21_lora/generated_images/final/positive/gen_0266.png,gen_0266.png,196.0,175.0,2.0,0.049335479736328125,0.5030542024278977,0.021167755126953125,208.84087222923048,14.484028341002158,7.005593967378247,1208.7840576171875,0.0,0.0,True,too_empty,,False,
positive,/mnt/MammoDiffusion/MammoDiffusion/experiments/diffusers/04_sd21_lora/generated_images/final/positive/gen_0267.png,gen_0267.png,128.6868,97.0,3.0,0.09173202514648438,0.9027737347694099,0.08196258544921875,179.5906171460486,29.524309775966213,5.285813368309279,893.9119262695312,0.0,0.0,True,too_empty,,False,
positive,/mnt/MammoDiffusion/MammoDiffusion/experiments/diffusers/04_sd21_lora/generated_images/final/positive/gen_0268.png,gen_0268.png,149.8956,136.0,1.0,0.05950164794921875,0.9822413129888448,0.055267333984375,181.65750966316952,11.655517491742732,3.7115248281508118,164.02330017089844,0.0,0.0,True,too_empty,,False,
positive,/mnt/MammoDiffusion/MammoDiffusion/experiments/diffusers/04_sd21_lora/generated_images/final/positive/gen_0269.png,gen_0269.png,120.6868,89.0,3.0,0.13735198974609375,0.8579403432761207,0.1153106689453125,169.3507013365092,37.436103745900176,5.404044416986065,708.4342651367188,0.0,0.0,True,too_empty,,False,
positive,/mnt/MammoDiffusion/MammoDiffusion/experiments/diffusers/04_sd21_lora/generated_images/final/positive/gen_0270.png,gen_0270.png,10.0,0.0,0.0,0.82379150390625,0.9999259094613618,0.8189239501953125,97.16548193556802,50.563046791722755,7.020392228695771,1221.5386962890625,0.0,0.0,False,,-8.297897551255515,True,152.0
positive,/mnt/MammoDiffusion/MammoDiffusion/experiments/diffusers/04_sd21_lora/generated_images/final/positive/gen_0271.png,gen_0271.png,220.0,210.0,34.0,0.3716926574707031,0.9831583484713199,0.3547706604003906,244.78743239320008,13.545479455018093,6.833733474371131,1728.6397705078125,0.0,0.0,False,,-19.687155064939372,True,797.0
positive,/mnt/MammoDiffusion/MammoDiffusion/experiments/diffusers/04_sd21_lora/generated_images/final/positive/gen_0272.png,gen_0272.png,101.8956,88.0,1.0,0.2697105407714844,0.981896100589791,0.28173065185546875,150.72379288867225,41.22300356736528,5.008363714275335,439.2214660644531,0.0,0.0,False,,-13.821568555557791,True,561.0
positive,/mnt/MammoDiffusion/MammoDiffusion/experiments/diffusers/04_sd21_lora/generated_images/final/positive/gen_0273.png,gen_0273.png,107.7912,85.0,2.0,0.17627334594726562,0.8821008894371226,0.175750732421875,152.54123979857613,42.98117691436433,5.452990796575966,763.1626586914062,0.0,0.0,False,,-70.16482372498754,False,
positive,/mnt/MammoDiffusion/MammoDiffusion/experiments/diffusers/04_sd21_lora/generated_images/final/positive/gen_0274.png,gen_0274.png,108.8956,95.0,1.0,0.22407913208007812,0.7659215879879471,0.17801284790039062,151.68006000214294,37.095072844713364,5.796538366575,766.3631591796875,0.0,0.0,False,,-135.00623781708256,False,
positive,/mnt/MammoDiffusion/MammoDiffusion/experiments/diffusers/04_sd21_lora/generated_images/final/positive/gen_0275.png,gen_0275.png,93.6868,62.0,3.0,0.22935867309570312,0.8488648648648649,0.22932052612304688,147.33695417117193,51.77129737679942,6.240213915878698,1327.393310546875,0.0,0.0,False,,-89.95743979225483,False,
positive,/mnt/MammoDiffusion/MammoDiffusion/experiments/diffusers/04_sd21_lora/generated_images/final/positive/gen_0276.png,gen_0276.png,53.6868,22.0,3.0,0.5178031921386719,0.9826799961691187,0.5502357482910156,117.66336201218793,55.90471733666375,7.065793577339653,1562.1153564453125,0.0,0.0,False,,-15.973774854526425,True,654.0
positive,/mnt/MammoDiffusion/MammoDiffusion/experiments/diffusers/04_sd21_lora/generated_images/final/positive/gen_0277.png,gen_0277.png,109.5824,69.0,4.0,0.16898727416992188,0.8485744599200885,0.14594268798828125,167.0913795807413,41.0942562765495,6.25344924522523,1628.3951416015625,0.0,0.0,False,,-90.91433994776867,False,
positive,/mnt/MammoDiffusion/MammoDiffusion/experiments/diffusers/04_sd21_lora/generated_images/final/positive/gen_0278.png,gen_0278.png,134.0,126.0,2.0,0.048839569091796875,0.9203311723814731,0.040981292724609375,184.5078655868938,20.542518699040055,3.953460974224684,238.8533172607422,0.0,0.0,True,too_empty,,False,
positive,/mnt/MammoDiffusion/MammoDiffusion/experiments/diffusers/04_sd21_lora/generated_images/final/positive/gen_0279.png,gen_0279.png,156.6868,125.0,3.0,0.052867889404296875,0.9509344108521538,0.046726226806640625,188.33602743081067,16.57443229649451,4.650792558819445,494.705078125,0.0,0.0,True,too_empty,,False,
positive,/mnt/MammoDiffusion/MammoDiffusion/experiments/diffusers/04_sd21_lora/generated_images/final/positive/gen_0280.png,gen_0280.png,131.0,118.0,3.0,0.049785614013671875,0.8165657803999693,0.0383453369140625,180.2366693195384,20.654275130028598,4.737112255459749,565.3622436523438,0.0,0.0,True,too_empty,,False,
positive,/mnt/MammoDiffusion/MammoDiffusion/experiments/diffusers/04_sd21_lora/generated_images/final/positive/gen_0281.png,gen_0281.png,72.8956,59.0,1.0,0.44127655029296875,0.978336416604713,0.45719146728515625,131.57388402169377,51.379607487376205,6.057838256729166,715.7313842773438,0.0,0.0,False,,-16.17705589908525,True,661.0
positive,/mnt/MammoDiffusion/MammoDiffusion/experiments/diffusers/04_sd21_lora/generated_images/final/positive/gen_0282.png,gen_0282.png,101.47800000000001,52.0,5.0,0.23540878295898438,0.9806841567953849,0.2656974792480469,152.81698755222467,49.63532026281687,6.589425868996329,2356.960693359375,0.0,0.0,False,,-18.150180930301907,True,733.0
positive,/mnt/MammoDiffusion/MammoDiffusion/experiments/diffusers/04_sd21_lora/generated_images/final/positive/gen_0283.png,gen_0283.png,114.6868,83.0,3.0,0.18921661376953125,0.8143220031450344,0.17229080200195312,170.6845123436289,41.65960855522703,6.130596782941517,1200.024169921875,0.0,0.0,False,,-109.25589266945245,False,
positive,/mnt/MammoDiffusion/MammoDiffusion/experiments/diffusers/04_sd21_lora/generated_images/final/positive/gen_0284.png,gen_0284.png,127.6868,96.0,3.0,0.2683448791503906,0.909460516028147,0.24164199829101562,166.4064724919094,35.0742464631561,6.0513884915670735,265.5259094238281,0.0,0.0,False,,-56.33987141487335,False,
positive,/mnt/MammoDiffusion/MammoDiffusion/experiments/diffusers/04_sd21_lora/generated_images/final/positive/gen_0285.png,gen_0285.png,116.1346,80.0,3.5,0.3242759704589844,0.9749432399684732,0.3674049377441406,152.77931328065785,39.823920474859044,6.417596186614425,878.3284301757812,0.0,0.0,False,,-18.039252400156613,True,728.0
positive,/mnt/MammoDiffusion/MammoDiffusion/experiments/diffusers/04_sd21_lora/generated_images/final/positive/gen_0286.png,gen_0286.png,67.5824,27.0,4.0,0.2825584411621094,0.9641020102334247,0.3102378845214844,131.71184231559016,59.47487546515734,6.599166474657103,2397.318115234375,0.0,0.0,False,,-27.16608768168838,True,1022.0
positive,/mnt/MammoDiffusion/MammoDiffusion/experiments/diffusers/04_sd21_lora/generated_images/final/positive/gen_0287.png,gen_0287.png,84.8956,71.0,1.0,0.3375434875488281,0.9941798044866361,0.3532371520996094,150.62625946284518,48.34330085102879,5.785458581866937,799.9267578125,0.0,0.0,False,,-7.340231461512977,True,60.0
positive,/mnt/MammoDiffusion/MammoDiffusion/experiments/diffusers/04_sd21_lora/generated_images/final/positive/gen_0288.png,gen_0288.png,186.0,178.0,2.0,0.04483795166015625,0.4711587544665646,0.01995086669921875,200.89713193116634,14.271196418783953,6.326150354306788,929.8385009765625,0.0,0.0,True,too_empty,,False,
positive,/mnt/MammoDiffusion/MammoDiffusion/experiments/diffusers/04_sd21_lora/generated_images/final/positive/gen_0289.png,gen_0289.png,125.6868,94.0,3.0,0.18634414672851562,0.9327928923826486,0.22201156616210938,155.80245365040636,41.61818386508007,5.762985834916572,798.5247802734375,0.0,0.0,False,,-41.972163051990364,False,
positive,/mnt/MammoDiffusion/MammoDiffusion/experiments/diffusers/04_sd21_lora/generated_images/final/positive/gen_0290.png,gen_0290.png,70.6868,39.0,3.0,0.3733673095703125,0.9504270709877805,0.4054374694824219,131.0657019466895,58.42629032466321,6.7279576549883835,1498.7303466796875,0.0,0.0,False,,-33.08196193754203,True,1169.0
positive,/mnt/MammoDiffusion/MammoDiffusion/experiments/diffusers/04_sd21_lora/generated_images/final/positive/gen_0291.png,gen_0291.png,59.8956,46.0,1.0,0.4206733703613281,0.9820724176392176,0.46368408203125,123.58073910754246,60.597256195510745,6.314153101627784,1164.094970703125,0.0,0.0,False,,-15.008808370111456,True,608.0
positive,/mnt/MammoDiffusion/MammoDiffusion/experiments/diffusers/04_sd21_lora/generated_images/final/positive/gen_0292.png,gen_0292.png,120.5824,80.0,4.0,0.21486282348632812,0.9393519751442521,0.21074676513671875,162.79745139919632,38.640620989248205,6.297223678404518,1232.69189453125,0.0,0.0,False,,-39.56464620410904,True,1324.0
positive,/mnt/MammoDiffusion/MammoDiffusion/experiments/diffusers/04_sd21_lora/generated_images/final/positive/gen_0293.png,gen_0293.png,111.47800000000001,62.0,5.0,0.24042892456054688,0.9813254636901645,0.28231048583984375,157.7435748452828,48.547990936705844,6.623628047914196,1995.1773681640625,0.0,0.0,False,,-17.343924172419634,True,700.0
positive,/mnt/MammoDiffusion/MammoDiffusion/experiments/diffusers/04_sd21_lora/generated_images/final/positive/gen_0294.png,gen_0294.png,116.5824,76.0,4.0,0.18009567260742188,0.8882040202495182,0.16873550415039062,165.03165057762305,39.14241933867585,6.225517158712437,1319.18017578125,0.0,0.0,False,,-68.31580078066212,False,
positive,/mnt/MammoDiffusion/MammoDiffusion/experiments/diffusers/04_sd21_lora/generated_images/final/positive/gen_0295.png,gen_0295.png,126.7912,104.0,2.0,0.20176315307617188,0.8799039534136243,0.19400787353515625,158.970270163986,33.60201692574415,5.5172343462209845,630.4301147460938,0.0,0.0,False,,-71.97292699001058,False,
positive,/mnt/MammoDiffusion/MammoDiffusion/experiments/diffusers/04_sd21_lora/generated_images/final/positive/gen_0296.png,gen_0296.png,161.0,136.0,15.0,0.048213958740234375,0.3395047076509218,0.014041900634765625,196.55229557185547,20.79550882947773,7.125021813098792,1657.624267578125,0.0,0.0,True,too_empty,,False,
positive,/mnt/MammoDiffusion/MammoDiffusion/experiments/diffusers/04_sd21_lora/generated_images/final/positive/gen_0297.png,gen_0297.png,190.0,179.0,6.0,0.037166595458984375,0.04249204557117931,0.000583648681640625,194.59477124183007,2.598234464649142,6.265558117946957,866.4765625,0.0,0.0,True,too_empty,,False,
positive,/mnt/MammoDiffusion/MammoDiffusion/experiments/diffusers/04_sd21_lora/generated_images/final/positive/gen_0298.png,gen_0298.png,85.8956,72.0,1.0,0.2660369873046875,0.8860481789503871,0.29860687255859375,127.17740616776106,52.508942925056374,5.540895153232477,871.450439453125,0.0,0.0,False,,-67.03025972216243,False,
positive,/mnt/MammoDiffusion/MammoDiffusion/experiments/diffusers/04_sd21_lora/generated_images/final/positive/gen_0299.png,gen_0299.png,47.7912,25.0,2.0,0.46709442138671875,0.994307694820574,0.49611663818359375,113.21475694711428,56.077372343744315,6.613392435346524,1277.224609375,0.0,0.0,False,,-8.232356627726782,True,141.0
positive,/mnt/MammoDiffusion/MammoDiffusion/experiments/diffusers/04_sd21_lora/generated_images/final/positive/gen_0300.png,gen_0300.png,74.6868,43.0,3.0,0.20273208618164062,0.9190704675886725,0.24798202514648438,130.69797098773978,63.626885137408976,5.7448552269505075,1417.02734375,0.0,0.0,False,,-50.80202478121405,False,
positive,/mnt/MammoDiffusion/MammoDiffusion/experiments/diffusers/04_sd21_lora/generated_images/final/positive/gen_0301.png,gen_0301.png,118.8956,105.0,1.0,0.22658157348632812,0.7170395811236258,0.194488525390625,162.61181939431978,42.47452243924449,5.628807609801717,742.9902954101562,0.0,0.0,True,fragmented_mask,,False,
positive,/mnt/MammoDiffusion/MammoDiffusion/experiments/diffusers/04_sd21_lora/generated_images/final/positive/gen_0302.png,gen_0302.png,73.5824,33.0,4.0,0.20935821533203125,0.9686418133449947,0.2484588623046875,130.2450101332678,62.89705324390132,6.314565960263961,2084.08349609375,0.0,0.0,False,,-24.592603830282087,True,953.0
positive,/mnt/MammoDiffusion/MammoDiffusion/experiments/diffusers/04_sd21_lora/generated_images/final/positive/gen_0303.png,gen_0303.png,30.0,25.0,0.0,0.5820884704589844,0.9928108472976781,0.5853996276855469,110.0275448165308,57.91643859492636,6.105815238752011,1271.0245361328125,0.0,0.0,False,,-9.190220759900553,True,262.0
positive,/mnt/MammoDiffusion/MammoDiffusion/experiments/diffusers/04_sd21_lora/generated_images/final/positive/gen_0304.png,gen_0304.png,157.8956,144.0,1.0,0.11548233032226562,0.4536385558088065,0.04964447021484375,197.00338097433533,19.6729011756465,4.989025619728239,209.3140869140625,0.0,0.0,True,too_empty,,False,
positive,/mnt/MammoDiffusion/MammoDiffusion/experiments/diffusers/04_sd21_lora/generated_images/final/positive/gen_0305.png,gen_0305.png,64.6868,33.0,3.0,0.3373374938964844,0.9709377933077766,0.381866455078125,127.71259889714696,60.71202851396235,6.657875942027028,1868.4583740234375,0.0,0.0,False,,-22.259243911991554,True,884.0
positive,/mnt/MammoDiffusion/MammoDiffusion/experiments/diffusers/04_sd21_lora/generated_images/final/positive/gen_0306.png,gen_0306.png,140.0,130.0,5.0,0.042476654052734375,0.3140547822182308,0.0105743408203125,156.33585858585857,11.782240096615235,4.728891995473719,449.612060546875,0.0,0.0,True,too_empty,,False,
positive,/mnt/MammoDiffusion/MammoDiffusion/experiments/diffusers/04_sd21_lora/generated_images/final/positive/gen_0307.png,gen_0307.png,55.7912,33.0,2.0,0.5163459777832031,0.9640210702069343,0.563720703125,114.09442669987007,57.221787865363865,6.86021708637387,1106.9588623046875,0.0,0.0,False,,-25.645593451619423,True,986.0
positive,/mnt/MammoDiffusion/MammoDiffusion/experiments/diffusers/04_sd21_lora/generated_images/final/positive/gen_0308.png,gen_0308.png,77.3736,19.0,6.0,0.40506744384765625,0.9449268265119696,0.4987220764160156,130.04566419605774,60.6413096600046,7.443669273516474,2471.76708984375,0.0,0.0,False,,-38.7938261562037,True,1313.0
positive,/mnt/MammoDiffusion/MammoDiffusion/experiments/diffusers/04_sd21_lora/generated_images/final/positive/gen_0309.png,gen_0309.png,106.6868,75.0,3.0,0.16555404663085938,0.7375285144819005,0.1309356689453125,159.84987180981238,44.58904838535782,5.83946937934981,1108.3575439453125,0.0,0.0,True,fragmented_mask,,False,
positive,/mnt/MammoDiffusion/MammoDiffusion/experiments/diffusers/04_sd21_lora/generated_images/final/positive/gen_0310.png,gen_0310.png,94.7912,72.0,2.0,0.30960845947265625,0.9499273058820631,0.3701057434082031,140.0354665484792,51.7766475755407,6.151969683640701,947.4777221679688,0.0,0.0,False,,-32.11705891515786,True,1144.0
positive,/mnt/MammoDiffusion/MammoDiffusion/experiments/diffusers/04_sd21_lora/generated_images/final/positive/gen_0311.png,gen_0311.png,101.8956,88.0,1.0,0.14890670776367188,0.9451261688228513,0.15749740600585938,155.1480853537433,48.333621766346305,4.752947698273061,662.412353515625,0.0,0.0,False,,-35.185949734371775,True,1235.0
positive,/mnt/MammoDiffusion/MammoDiffusion/experiments/diffusers/04_sd21_lora/generated_images/final/positive/gen_0312.png,gen_0312.png,121.6868,90.0,3.0,0.15763092041015625,0.9046996757175354,0.17020034790039062,160.87226841786762,41.278116942160025,5.639221073132748,874.246337890625,0.0,0.0,False,,-57.87693864961645,False,
positive,/mnt/MammoDiffusion/MammoDiffusion/experiments/diffusers/04_sd21_lora/generated_images/final/positive/gen_0313.png,gen_0313.png,108.7912,86.0,2.0,0.2519645690917969,0.8887829101754705,0.24119949340820312,156.51019310759304,42.70535384468404,5.675307201085615,798.45361328125,0.0,0.0,False,,-66.29077502639245,False,
positive,/mnt/MammoDiffusion/MammoDiffusion/experiments/diffusers/04_sd21_lora/generated_images/final/positive/gen_0314.png,gen_0314.png,57.6868,26.0,3.0,0.468597412109375,0.9944480625203517,0.482666015625,131.69362512645424,53.15773080334778,6.972474948698029,1620.3353271484375,0.0,0.0,False,,-9.19856809906588,True,264.0
positive,/mnt/MammoDiffusion/MammoDiffusion/experiments/diffusers/04_sd21_lora/generated_images/final/positive/gen_0315.png,gen_0315.png,112.5824,72.0,4.0,0.23395538330078125,0.9431273438773846,0.24594879150390625,167.8171821199243,49.67358760742191,6.236156237546348,1333.9786376953125,0.0,0.0,False,,-37.989161441096705,True,1292.0
positive,/mnt/MammoDiffusion/MammoDiffusion/experiments/diffusers/04_sd21_lora/generated_images/final/positive/gen_0316.png,gen_0316.png,95.7912,73.0,2.0,0.2900276184082031,0.9867287482408028,0.3137397766113281,146.63964982673718,50.05995788624313,6.043454392860854,988.7763671875,0.0,0.0,False,,-12.088175519963222,True,473.0
positive,/mnt/MammoDiffusion/MammoDiffusion/experiments/diffusers/04_sd21_lora/generated_images/final/positive/gen_0317.png,gen_0317.png,116.7912,94.0,2.0,0.17322540283203125,0.6691037216472143,0.139556884765625,155.94481193964575,38.21475248432005,5.623169591088949,652.6473999023438,0.0,0.0,True,fragmented_mask,,False,
positive,/mnt/MammoDiffusion/MammoDiffusion/experiments/diffusers/04_sd21_lora/generated_images/final/positive/gen_0318.png,gen_0318.png,78.7912,56.0,2.0,0.3226280212402344,0.9672361809045226,0.3925819396972656,119.85425553622963,51.75728624939994,6.195586044308947,1051.9444580078125,0.0,0.0,False,,-21.908671658488107,True,875.0
positive,/mnt/MammoDiffusion/MammoDiffusion/experiments/diffusers/04_sd21_lora/generated_images/final/positive/gen_0319.png,gen_0319.png,70.7912,48.0,2.0,0.24871826171875,0.9886196319018405,0.27820587158203125,129.585259838201,55.21232769250243,5.674471751519197,1244.0845947265625,0.0,0.0,False,,-11.071537723274702,True,417.0
positive,/mnt/MammoDiffusion/MammoDiffusion/experiments/diffusers/04_sd21_lora/generated_images/final/positive/gen_0320.png,gen_0320.png,51.6868,20.0,3.0,0.5294075012207031,0.999344290644973,0.5288429260253906,127.40387930723566,44.585025471414276,6.7805331531956385,731.3118286132812,0.0,0.0,False,,-5.991291125250203,True,11.0
positive,/mnt/MammoDiffusion/MammoDiffusion/experiments/diffusers/04_sd21_lora/generated_images/final/positive/gen_0321.png,gen_0321.png,25.7912,3.0,2.0,0.6338272094726562,0.9924226922012109,0.6425094604492188,108.91838152348157,57.10489836701917,7.06850475230426,1883.22314453125,0.0,0.0,False,,-11.402221062597793,True,441.0
positive,/mnt/MammoDiffusion/MammoDiffusion/experiments/diffusers/04_sd21_lora/generated_images/final/positive/gen_0322.png,gen_0322.png,109.7912,87.0,2.0,0.22909927368164062,0.9811678905040212,0.2571830749511719,159.3774603598392,45.95430161843622,5.773278485792736,924.769775390625,0.0,0.0,False,,-15.311365629366108,True,628.0
positive,/mnt/MammoDiffusion/MammoDiffusion/experiments/diffusers/04_sd21_lora/generated_images/final/positive/gen_0323.png,gen_0323.png,78.6868,47.0,3.0,0.2546119689941406,0.9692711064499213,0.2821044921875,141.0951968844656,60.49228843280697,6.142115933027578,1305.73681640625,0.0,0.0,False,,-23.049435161535314,True,910.0
positive,/mnt/MammoDiffusion/MammoDiffusion/experiments/diffusers/04_sd21_lora/generated_images/final/positive/gen_0324.png,gen_0324.png,25.7912,3.0,2.0,0.7264137268066406,0.9966075882893528,0.7396049499511719,105.33726525791327,58.673910660077304,7.3238623886640495,1960.7894287109375,0.0,0.0,False,,-10.08185191823737,True,343.0
positive,/mnt/MammoDiffusion/MammoDiffusion/experiments/diffusers/04_sd21_lora/generated_images/final/positive/gen_0325.png,gen_0325.png,78.5824,38.0,4.0,0.5392837524414062,0.9882365424064512,0.5443115234375,145.47594051356808,41.99128389377217,7.202128386778758,1418.7308349609375,0.0,0.0,False,,-12.673697503151832,True,513.0
positive,/mnt/MammoDiffusion/MammoDiffusion/experiments/diffusers/04_sd21_lora/generated_images/final/positive/gen_0326.png,gen_0326.png,64.5824,24.0,4.0,0.3314361572265625,0.9698908890014272,0.3734626770019531,124.92304470842994,59.379562856672514,6.773389499604178,2208.728271484375,0.0,0.0,False,,-23.250796404643296,True,914.0
positive,/mnt/MammoDiffusion/MammoDiffusion/experiments/diffusers/04_sd21_lora/generated_images/final/positive/gen_0327.png,gen_0327.png,68.7912,46.0,2.0,0.3661766052246094,0.9851548582679627,0.4165534973144531,128.09042372958965,58.590437254512565,6.150204226065035,1149.6038818359375,0.0,0.0,False,,-12.796220220061084,True,519.0
positive,/mnt/MammoDiffusion/MammoDiffusion/experiments/diffusers/04_sd21_lora/generated_images/final/positive/gen_0328.png,gen_0328.png,52.6868,21.0,3.0,0.3616485595703125,0.9655183325598076,0.4117393493652344,115.14441098809469,63.38777212183134,6.629921039927352,1853.242919921875,0.0,0.0,False,,-24.949185960539957,True,963.0
positive,/mnt/MammoDiffusion/MammoDiffusion/experiments/diffusers/04_sd21_lora/generated_images/final/positive/gen_0329.png,gen_0329.png,14.8956,1.0,1.0,0.5816421508789062,0.9960124349069349,0.5944099426269531,95.79267877885522,62.72041680634679,6.432609454443794,2033.687255859375,0.0,0.0,False,,-8.638985100681381,True,194.0
positive,/mnt/MammoDiffusion/MammoDiffusion/experiments/diffusers/04_sd21_lora/generated_images/final/positive/gen_0330.png,gen_0330.png,114.7912,92.0,2.0,0.24884796142578125,0.91895330655793,0.2800140380859375,150.68583455942456,41.48290851621053,5.599035074785803,533.2113647460938,0.0,0.0,False,,-49.264642092005204,False,
positive,/mnt/MammoDiffusion/MammoDiffusion/experiments/diffusers/04_sd21_lora/generated_images/final/positive/gen_0331.png,gen_0331.png,80.7912,58.0,2.0,0.3454322814941406,0.9862290592249843,0.39768218994140625,135.89414868105516,54.47259253482163,6.254588010212158,1109.40283203125,0.0,0.0,False,,-12.139465189943568,True,477.0
positive,/mnt/MammoDiffusion/MammoDiffusion/experiments/diffusers/04_sd21_lora/generated_images/final/positive/gen_0332.png,gen_0332.png,26.7912,4.0,2.0,0.6872062683105469,0.9971245704896556,0.6864280700683594,114.66268207154488,53.6190007946713,7.18740219088919,1326.607177734375,0.0,0.0,False,,-8.448654701155064,True,174.0
positive,/mnt/MammoDiffusion/MammoDiffusion/experiments/diffusers/04_sd21_lora/generated_images/final/positive/gen_0333.png,gen_0333.png,57.6868,26.0,3.0,0.2999153137207031,0.97409089174648,0.3327751159667969,119.07240213217172,60.06130307723718,6.331119349977669,1626.6968994140625,0.0,0.0,False,,-19.909891067894964,True,805.0
positive,/mnt/MammoDiffusion/MammoDiffusion/experiments/diffusers/04_sd21_lora/generated_images/final/positive/gen_0334.png,gen_0334.png,142.478,93.0,5.0,0.09582138061523438,0.6681396552410526,0.06800460815429688,180.92870365176418,32.65065223368757,6.097035049728326,1321.361083984375,0.0,0.0,True,too_empty,,False,
positive,/mnt/MammoDiffusion/MammoDiffusion/experiments/diffusers/04_sd21_lora/generated_images/final/positive/gen_0335.png,gen_0335.png,88.5824,48.0,4.0,0.37488555908203125,0.9381932148889839,0.41161346435546875,144.2559359418732,51.85672246504298,6.920164181124865,1538.4178466796875,0.0,0.0,False,,-40.093671237677135,True,1335.0
positive,/mnt/MammoDiffusion/MammoDiffusion/experiments/diffusers/04_sd21_lora/generated_images/final/positive/gen_0336.png,gen_0336.png,58.6868,27.0,3.0,0.22462844848632812,0.920013585802836,0.24988174438476562,125.72548660407602,69.70474087128544,6.009696673351417,1819.7239990234375,0.0,0.0,False,,-51.29974202243012,False,
positive,/mnt/MammoDiffusion/MammoDiffusion/experiments/diffusers/04_sd21_lora/generated_images/final/positive/gen_0337.png,gen_0337.png,86.5824,46.0,4.0,0.3227386474609375,0.970556947662049,0.3626708984375,142.4415180074049,54.473514245077055,6.824006974998276,1495.300048828125,0.0,0.0,False,,-22.313728286739455,True,886.0
positive,/mnt/MammoDiffusion/MammoDiffusion/experiments/diffusers/04_sd21_lora/generated_images/final/positive/gen_0338.png,gen_0338.png,97.7912,75.0,2.0,0.19489669799804688,0.9402243056507017,0.19371414184570312,153.4589905673382,48.90720287015996,5.48215543906087,823.5942993164062,0.0,0.0,False,,-38.17228624883419,True,1298.0
positive,/mnt/MammoDiffusion/MammoDiffusion/experiments/diffusers/04_sd21_lora/generated_images/final/positive/gen_0339.png,gen_0339.png,168.0,148.0,4.0,0.049427032470703125,0.6902832445782202,0.03278350830078125,188.14009774261112,12.889404982399839,6.432322257568418,650.3826904296875,0.0,0.0,True,too_empty,,False,
positive,/mnt/MammoDiffusion/MammoDiffusion/experiments/diffusers/04_sd21_lora/generated_images/final/positive/gen_0340.png,gen_0340.png,104.8956,91.0,1.0,0.22320175170898438,0.9341320435473671,0.23271942138671875,154.98532931187097,46.46387112617433,5.43175541186422,692.4375610351562,0.0,0.0,False,,-41.277908681503675,True,1354.0
positive,/mnt/MammoDiffusion/MammoDiffusion/experiments/diffusers/04_sd21_lora/generated_images/final/positive/gen_0341.png,gen_0341.png,69.5824,29.0,4.0,0.4407501220703125,0.9893456811493855,0.49437713623046875,128.13700057099646,55.649901859669654,7.097350803750677,1694.823486328125,0.0,0.0,False,,-12.392653627998122,True,490.0
positive,/mnt/MammoDiffusion/MammoDiffusion/experiments/diffusers/04_sd21_lora/generated_images/final/positive/gen_0342.png,gen_0342.png,124.47800000000001,75.0,5.0,0.16131210327148438,0.5031806465343959,0.08158111572265625,177.61633779107828,36.75309517873611,6.372448802041459,1891.43408203125,0.0,0.0,True,too_empty,,False,
positive,/mnt/MammoDiffusion/MammoDiffusion/experiments/diffusers/04_sd21_lora/generated_images/final/positive/gen_0343.png,gen_0343.png,134.5824,94.0,4.0,0.12028884887695312,0.8073129737100815,0.09692764282226562,176.8537919634775,32.49982294968035,5.797258479279859,1217.4603271484375,0.0,0.0,True,too_empty,,False,
positive,/mnt/MammoDiffusion/MammoDiffusion/experiments/diffusers/04_sd21_lora/generated_images/final/positive/gen_0344.png,gen_0344.png,119.6868,88.0,3.0,0.2255706787109375,0.8615808699181492,0.19409942626953125,165.44078456035533,38.43533774240001,6.295354196323103,491.6959228515625,0.0,0.0,False,,-82.93991432860855,False,
positive,/mnt/MammoDiffusion/MammoDiffusion/experiments/diffusers/04_sd21_lora/generated_images/final/positive/gen_0345.png,gen_0345.png,123.47800000000001,74.0,5.0,0.2676239013671875,0.8355949598038657,0.12829208374023438,179.68844221105527,31.64868850883967,6.902906396907436,703.813720703125,0.0,0.0,True,too_empty,,False,
positive,/mnt/MammoDiffusion/MammoDiffusion/experiments/diffusers/04_sd21_lora/generated_images/final/positive/gen_0346.png,gen_0346.png,108.6868,77.0,3.0,0.1603240966796875,0.7431950128485771,0.1146240234375,165.8202875399361,37.19036149742601,6.003846675603862,1192.383056640625,0.0,0.0,True,too_empty,,False,
positive,/mnt/MammoDiffusion/MammoDiffusion/experiments/diffusers/04_sd21_lora/generated_images/final/positive/gen_0347.png,gen_0347.png,134.478,85.0,5.0,0.19664382934570312,0.7271334070496033,0.15874099731445312,174.81681205392545,34.681622670455454,6.648944308052323,1751.24609375,0.0,0.0,True,fragmented_mask,,False,
positive,/mnt/MammoDiffusion/MammoDiffusion/experiments/diffusers/04_sd21_lora/generated_images/final/positive/gen_0348.png,gen_0348.png,130.8956,117.0,1.0,0.20991134643554688,0.8186890072146401,0.1876983642578125,169.36228761889276,31.74431165214689,5.641253689696308,327.5715026855469,0.0,0.0,False,,-106.9481004905794,False,
positive,/mnt/MammoDiffusion/MammoDiffusion/experiments/diffusers/04_sd21_lora/generated_images/final/positive/gen_0349.png,gen_0349.png,102.0,97.0,0.0,0.2772636413574219,0.9727859334369797,0.2676429748535156,161.30030928863613,31.0513603060695,3.9733331178215616,198.18002319335938,0.0,0.0,False,,-19.167497759390052,True,779.0
positive,/mnt/MammoDiffusion/MammoDiffusion/experiments/diffusers/04_sd21_lora/generated_images/final/positive/gen_0350.png,gen_0350.png,155.0,117.0,4.0,0.049530029296875,0.976124460874923,0.043914794921875,188.30151146629603,18.66413034245846,5.169916226689552,912.3358154296875,0.0,0.0,True,too_empty,,False,
positive,/mnt/MammoDiffusion/MammoDiffusion/experiments/diffusers/04_sd21_lora/generated_images/final/positive/gen_0351.png,gen_0351.png,28.8956,15.0,1.0,0.5077323913574219,0.9969947182172668,0.5087661743164062,122.02166154307565,58.29736364477671,6.435053041136821,1428.9090576171875,0.0,0.0,False,,-7.262666551906753,True,56.0
positive,/mnt/MammoDiffusion/MammoDiffusion/experiments/diffusers/04_sd21_lora/generated_images/final/positive/gen_0352.png,gen_0352.png,111.8956,98.0,1.0,0.16061782836914062,0.891556822230139,0.17919540405273438,144.97634912187334,42.26552895967437,4.382506831130793,345.34295654296875,0.0,0.0,False,,-64.06953261137026,False,
positive,/mnt/MammoDiffusion/MammoDiffusion/experiments/diffusers/04_sd21_lora/generated_images/final/positive/gen_0353.png,gen_0353.png,127.47800000000001,78.0,5.0,0.26729583740234375,0.8278293135435992,0.25025177001953125,166.1493094722722,39.47106237489539,6.927618301999004,1646.4132080078125,0.0,0.0,False,,-102.39409716530693,False,
positive,/mnt/MammoDiffusion/MammoDiffusion/experiments/diffusers/04_sd21_lora/generated_images/final/positive/gen_0354.png,gen_0354.png,40.6868,9.0,3.0,0.6294517517089844,0.9969637651735987,0.6452407836914062,112.87073297624538,53.90277113015351,7.277170418286753,1380.64990234375,0.0,0.0,False,,-8.380512029764441,True,167.0
positive,/mnt/MammoDiffusion/MammoDiffusion/experiments/diffusers/04_sd21_lora/generated_images/final/positive/gen_0355.png,gen_0355.png,75.6868,44.0,3.0,0.4992179870605469,0.9962098924862647,0.5121841430664062,145.23683583334574,46.30935190856215,6.941961791939157,1441.9586181640625,0.0,0.0,False,,-8.099834290314885,True,122.0
positive,/mnt/MammoDiffusion/MammoDiffusion/experiments/diffusers/04_sd21_lora/generated_images/final/positive/gen_0356.png,gen_0356.png,180.8956,167.0,1.0,0.05756378173828125,0.5888667992047714,0.03203582763671875,200.58978328173376,14.211102778369183,5.897003189684737,953.9700927734375,0.0,0.0,True,too_empty,,False,
positive,/mnt/MammoDiffusion/MammoDiffusion/experiments/diffusers/04_sd21_lora/generated_images/final/positive/gen_0357.png,gen_0357.png,97.6868,66.0,3.0,0.19356155395507812,0.8672079777694567,0.182464599609375,158.4964458939622,50.50662866528352,6.0097789433178015,1282.7425537109375,0.0,0.0,False,,-80.05825841927089,False,
positive,/mnt/MammoDiffusion/MammoDiffusion/experiments/diffusers/04_sd21_lora/generated_images/final/positive/gen_0358.png,gen_0358.png,94.7912,72.0,2.0,0.32489776611328125,0.9598802395209581,0.3692474365234375,145.61802140584322,50.32948905488883,6.165487593117963,1124.2489013671875,0.0,0.0,False,,-26.8960513566534,True,1013.0
positive,/mnt/MammoDiffusion/MammoDiffusion/experiments/diffusers/04_sd21_lora/generated_images/final/positive/gen_0359.png,gen_0359.png,61.5824,21.0,4.0,0.3944740295410156,0.9934531810577416,0.39430999755859375,149.2401563376739,46.417301057908034,6.716281608873917,1284.0665283203125,0.0,0.0,False,,-8.660133303806496,True,198.0
positive,/mnt/MammoDiffusion/MammoDiffusion/experiments/diffusers/04_sd21_lora/generated_images/final/positive/gen_0360.png,gen_0360.png,123.6868,92.0,3.0,0.20892715454101562,0.902755208238237,0.23550796508789062,160.63376905259406,40.59034886821006,6.040602111591038,1178.3515625,0.0,0.0,False,,-59.230399857514584,False,
positive,/mnt/MammoDiffusion/MammoDiffusion/experiments/diffusers/04_sd21_lora/generated_images/final/positive/gen_0361.png,gen_0361.png,92.8956,79.0,1.0,0.2799072265625,0.9741059747056258,0.3207244873046875,134.59906513154766,47.379875059121936,5.449396539855434,706.1436157226562,0.0,0.0,False,,-17.93184675318156,True,725.0
positive,/mnt/MammoDiffusion/MammoDiffusion/experiments/diffusers/04_sd21_lora/generated_images/final/positive/gen_0362.png,gen_0362.png,116.8956,103.0,1.0,0.2378997802734375,0.7738118145083702,0.18924331665039062,154.01146969299924,34.14921330353646,6.338921250069662,671.2872924804688,0.0,0.0,False,,-131.4803320239148,False,
positive,/mnt/MammoDiffusion/MammoDiffusion/experiments/diffusers/04_sd21_lora/generated_images/final/positive/gen_0363.png,gen_0363.png,104.8956,91.0,1.0,0.2879447937011719,0.7760555356835314,0.24173736572265625,155.41328704434275,41.8374330781597,5.635050787003007,489.919677734375,0.0,0.0,False,,-129.12295771055452,False,
positive,/mnt/MammoDiffusion/MammoDiffusion/experiments/diffusers/04_sd21_lora/generated_images/final/positive/gen_0364.png,gen_0364.png,120.6868,89.0,3.0,0.19178009033203125,0.9247324660858496,0.20977783203125,168.9276440209485,47.3449913797608,6.151697315966198,1131.3270263671875,0.0,0.0,False,,-47.983238812506684,False,
positive,/mnt/MammoDiffusion/MammoDiffusion/experiments/diffusers/04_sd21_lora/generated_images/final/positive/gen_0365.png,gen_0365.png,110.6868,79.0,3.0,0.19400405883789062,0.8985390408400024,0.21097183227539062,155.09387939607632,49.53892473850148,5.943711229788554,1086.871337890625,0.0,0.0,False,,-61.99127138981898,False,
positive,/mnt/MammoDiffusion/MammoDiffusion/experiments/diffusers/04_sd21_lora/generated_images/final/positive/gen_0366.png,gen_0366.png,108.6868,77.0,3.0,0.4213294982910156,0.9950927577433929,0.4322090148925781,157.2049761255417,35.51793675757107,6.543911170019564,950.5485229492188,0.0,0.0,False,,-7.466927419720726,True,65.0
positive,/mnt/MammoDiffusion/MammoDiffusion/experiments/diffusers/04_sd21_lora/generated_images/final/positive/gen_0367.png,gen_0367.png,173.0,167.0,3.0,0.0457000732421875,0.048414023372287146,0.001621246337890625,192.59058823529412,9.78122599712942,5.7444753438197615,639.1616821289062,0.0,0.0,True,too_empty,,False,
positive,/mnt/MammoDiffusion/MammoDiffusion/experiments/diffusers/04_sd21_lora/generated_images/final/positive/gen_0368.png,gen_0368.png,171.0,158.0,1.0,0.049495697021484375,0.692485549132948,0.034759521484375,185.55640913081652,11.453157862950528,5.665144224060834,459.5728454589844,0.0,0.0,True,too_empty,,False,
positive,/mnt/MammoDiffusion/MammoDiffusion/experiments/diffusers/04_sd21_lora/generated_images/final/positive/gen_0369.png,gen_0369.png,79.5824,39.0,4.0,0.3131675720214844,0.9738717339667459,0.3406982421875,142.7730540128986,54.581154614005534,6.772599837246123,1928.80322265625,0.0,0.0,False,,-21.122423302430008,True,851.0
positive,/mnt/MammoDiffusion/MammoDiffusion/experiments/diffusers/04_sd21_lora/generated_images/final/positive/gen_0370.png,gen_0370.png,53.8956,40.0,1.0,0.5616722106933594,0.9966720773708053,0.564422607421875,126.53471208434712,47.02595123988222,6.604960967884317,921.0440063476562,0.0,0.0,False,,-6.700991157260014,True,30.0
positive,/mnt/MammoDiffusion/MammoDiffusion/experiments/diffusers/04_sd21_lora/generated_images/final/positive/gen_0371.png,gen_0371.png,178.0,172.0,1.0,0.049037933349609375,0.7401789187086737,0.035953521728515625,197.1006896551724,12.215455034481609,6.012312895170158,379.7004699707031,0.0,0.0,True,too_empty,,False,
positive,/mnt/MammoDiffusion/MammoDiffusion/experiments/diffusers/04_sd21_lora/generated_images/final/positive/gen_0372.png,gen_0372.png,79.7912,57.0,2.0,0.2925262451171875,0.9475379479422044,0.30970001220703125,139.59133348114207,53.36530454880626,5.78975365336831,1107.237060546875,0.0,0.0,False,,-33.78952058738847,True,1190.0
positive,/mnt/MammoDiffusion/MammoDiffusion/experiments/diffusers/04_sd21_lora/generated_images/final/positive/gen_0373.png,gen_0373.png,48.7912,26.0,2.0,0.46610260009765625,0.9828621937046798,0.5326042175292969,104.36473545864102,58.66163510357433,6.822808628508923,1676.3861083984375,0.0,0.0,False,,-15.443403160690616,True,635.0
positive,/mnt/MammoDiffusion/MammoDiffusion/experiments/diffusers/04_sd21_lora/generated_images/final/positive/gen_0374.png,gen_0374.png,72.8956,59.0,1.0,0.4035186767578125,0.9949139723955379,0.4065704345703125,146.09807656220678,47.20259770317423,5.9092075484608575,733.1296997070312,0.0,0.0,False,,-6.612214278387981,True,28.0
positive,/mnt/MammoDiffusion/MammoDiffusion/experiments/diffusers/04_sd21_lora/generated_images/final/positive/gen_0375.png,gen_0375.png,71.8956,58.0,1.0,0.5892791748046875,0.9913060928558481,0.6369171142578125,119.14310270477468,46.64343801960672,6.645809656313005,824.4075317382812,0.0,0.0,False,,-9.918976657074214,True,325.0
positive,/mnt/MammoDiffusion/MammoDiffusion/experiments/diffusers/04_sd21_lora/generated_images/final/positive/gen_0376.png,gen_0376.png,122.0,113.0,2.0,0.04803466796875,0.8158354510800508,0.0363006591796875,190.40205968894495,24.339724870481017,4.2057699892493385,312.2811279296875,0.0,0.0,True,too_empty,,False,
positive,/mnt/MammoDiffusion/MammoDiffusion/experiments/diffusers/04_sd21_lora/generated_images/final/positive/gen_0377.png,gen_0377.png,121.5824,81.0,4.0,0.14225387573242188,0.8321578933254673,0.12091445922851562,169.6633435340884,31.931183565932262,5.898960103957623,992.460693359375,0.0,0.0,True,too_empty,,False,
positive,/mnt/MammoDiffusion/MammoDiffusion/experiments/diffusers/04_sd21_lora/generated_images/final/positive/gen_0378.png,gen_0378.png,95.7912,73.0,2.0,0.2524757385253906,0.8345999848908363,0.29766082763671875,140.14189414327822,54.35608656311707,5.906360344273841,954.1437377929688,0.0,0.0,False,,-96.59099243553426,False,
positive,/mnt/MammoDiffusion/MammoDiffusion/experiments/diffusers/04_sd21_lora/generated_images/final/positive/gen_0379.png,gen_0379.png,111.5824,71.0,4.0,0.1814727783203125,0.47540570083242245,0.08707046508789062,167.97441401971523,34.67227448675506,6.33816036524182,1862.854736328125,0.0,0.0,True,too_empty,,False,
positive,/mnt/MammoDiffusion/MammoDiffusion/experiments/diffusers/04_sd21_lora/generated_images/final/positive/gen_0380.png,gen_0380.png,111.7912,89.0,2.0,0.158599853515625,0.9289012892053108,0.16479110717773438,153.35301743095906,40.59924533567566,5.286103818386881,596.7921752929688,0.0,0.0,False,,-44.15057166697452,False,
positive,/mnt/MammoDiffusion/MammoDiffusion/experiments/diffusers/04_sd21_lora/generated_images/final/positive/gen_0381.png,gen_0381.png,124.8956,111.0,1.0,0.18429183959960938,0.8913497961126865,0.18328475952148438,155.705246945699,28.346714794950472,5.083815917261237,387.35186767578125,0.0,0.0,False,,-65.83376293250183,False,
positive,/mnt/MammoDiffusion/MammoDiffusion/experiments/diffusers/04_sd21_lora/generated_images/final/positive/gen_0382.png,gen_0382.png,210.0,186.0,16.0,0.042842864990234375,0.08432018520167393,0.003330230712890625,228.46735395189003,11.115004336761126,7.073918657926319,2107.62451171875,0.0,0.0,True,too_empty,,False,
positive,/mnt/MammoDiffusion/MammoDiffusion/experiments/diffusers/04_sd21_lora/generated_images/final/positive/gen_0383.png,gen_0383.png,35.0,30.0,0.0,0.6773109436035156,0.9961138364319386,0.6762008666992188,126.74598052600106,52.25210692097687,6.590662638810237,863.7274169921875,0.0,0.0,False,,-8.055462358943917,True,118.0
positive,/mnt/MammoDiffusion/MammoDiffusion/experiments/diffusers/04_sd21_lora/generated_images/final/positive/gen_0384.png,gen_0384.png,78.7912,56.0,2.0,0.27809906005859375,0.9762969465858276,0.3085441589355469,131.98487939369213,52.23261779886024,5.872632135596664,1233.5633544921875,0.0,0.0,False,,-17.754166979795926,True,716.0
positive,/mnt/MammoDiffusion/MammoDiffusion/experiments/diffusers/04_sd21_lora/generated_images/final/positive/gen_0385.png,gen_0385.png,51.6868,20.0,3.0,0.4484710693359375,0.9948878908509408,0.455963134765625,125.50784753363229,52.32939719553226,6.770170384847322,1425.5230712890625,0.0,0.0,False,,-8.087536051726332,True,121.0
positive,/mnt/MammoDiffusion/MammoDiffusion/experiments/diffusers/04_sd21_lora/generated_images/final/positive/gen_0386.png,gen_0386.png,105.5824,65.0,4.0,0.23669052124023438,0.9311973181620384,0.2578849792480469,156.90779994970637,52.317874692903835,6.423322800862853,1549.6256103515625,0.0,0.0,False,,-44.836072235761435,False,
positive,/mnt/MammoDiffusion/MammoDiffusion/experiments/diffusers/04_sd21_lora/generated_images/final/positive/gen_0387.png,gen_0387.png,104.7912,82.0,2.0,0.21795272827148438,0.917563665003938,0.23898696899414062,147.9115388912832,47.91367194854615,5.811412634476086,866.0335693359375,0.0,0.0,False,,-50.502652684151315,False,
positive,/mnt/MammoDiffusion/MammoDiffusion/experiments/diffusers/04_sd21_lora/generated_images/final/positive/gen_0388.png,gen_0388.png,83.47800000000001,34.0,5.0,0.3877906799316406,0.934406878031026,0.42270660400390625,135.7186716000361,50.14551228201409,7.146066450710688,1969.1845703125,0.0,0.0,False,,-42.64226397953229,False,
positive,/mnt/MammoDiffusion/MammoDiffusion/experiments/diffusers/04_sd21_lora/generated_images/final/positive/gen_0389.png,gen_0389.png,109.5824,69.0,4.0,0.3373565673828125,0.9268736713555565,0.3362922668457031,161.36155949045454,44.132248793923964,6.781057325197583,1282.1746826171875,0.0,0.0,False,,-46.289160074622075,False,
positive,/mnt/MammoDiffusion/MammoDiffusion/experiments/diffusers/04_sd21_lora/generated_images/final/positive/gen_0390.png,gen_0390.png,150.0,128.0,2.0,0.0499267578125,0.9873930317848411,0.045505523681640625,182.06957833850282,20.704456324483235,3.918356234187878,211.8026885986328,0.0,0.0,True,too_empty,,False,
positive,/mnt/MammoDiffusion/MammoDiffusion/experiments/diffusers/04_sd21_lora/generated_images/final/positive/gen_0391.png,gen_0391.png,98.6868,67.0,3.0,0.238189697265625,0.9765695067264574,0.263641357421875,144.25177971987497,46.171940283317056,6.092785354360962,993.4784545898438,0.0,0.0,False,,-17.77366970888464,True,718.0
positive,/mnt/MammoDiffusion/MammoDiffusion/experiments/diffusers/04_sd21_lora/generated_images/final/positive/gen_0392.png,gen_0392.png,10.0,5.0,0.0,0.72674560546875,0.9980578651213572,0.7209968566894531,117.03207322557604,54.38883886259073,6.742340863688511,1123.3135986328125,0.0,0.0,False,,-7.601390902774883,True,76.0
positive,/mnt/MammoDiffusion/MammoDiffusion/experiments/diffusers/04_sd21_lora/generated_images/final/positive/gen_0393.png,gen_0393.png,81.7912,59.0,2.0,0.3173484802246094,0.938286593501701,0.30619049072265625,151.62814890489125,45.80067163201966,6.076618317738458,871.6320190429688,0.0,0.0,False,,-38.77594778970825,True,1311.0
positive,/mnt/MammoDiffusion/MammoDiffusion/experiments/diffusers/04_sd21_lora/generated_images/final/positive/gen_0394.png,gen_0394.png,85.7912,63.0,2.0,0.4827232360839844,0.966643749555487,0.5590133666992188,132.02775995960204,50.575690126485746,6.7633805635830395,935.9143676757812,0.0,0.0,False,,-23.93020039218645,True,928.0
positive,/mnt/MammoDiffusion/MammoDiffusion/experiments/diffusers/04_sd21_lora/generated_images/final/positive/gen_0395.png,gen_0395.png,88.6868,57.0,3.0,0.48235321044921875,0.9136706578302201,0.4366645812988281,139.49040351536223,47.008490587917414,7.133962036528399,1135.7069091796875,0.0,0.0,False,,-53.10509163754873,False,
positive,/mnt/MammoDiffusion/MammoDiffusion/experiments/diffusers/04_sd21_lora/generated_images/final/positive/gen_0396.png,gen_0396.png,118.5824,78.0,4.0,0.22909164428710938,0.7697277495629007,0.2809600830078125,147.40962906642045,47.253732297357566,6.528461763204582,1358.8809814453125,0.0,0.0,False,,-133.55500677723595,False,
positive,/mnt/MammoDiffusion/MammoDiffusion/experiments/diffusers/04_sd21_lora/generated_images/final/positive/gen_0397.png,gen_0397.png,129.3736,71.0,6.0,0.2014312744140625,0.8402204378456177,0.17946243286132812,176.45386332235094,39.4485548716449,6.827732432405925,2382.98388671875,0.0,0.0,False,,-97.11667582415677,False,
positive,/mnt/MammoDiffusion/MammoDiffusion/experiments/diffusers/04_sd21_lora/generated_images/final/positive/gen_0398.png,gen_0398.png,220.0,230.0,8.0,0.34946441650390625,0.9426154349961795,0.32892608642578125,235.36272122097742,23.28585988343849,6.570827574761436,1745.4849853515625,0.0,0.0,False,,-41.15827370538255,True,1352.0
positive,/mnt/MammoDiffusion/MammoDiffusion/experiments/diffusers/04_sd21_lora/generated_images/final/positive/gen_0399.png,gen_0399.png,139.6868,108.0,3.0,0.11174392700195312,0.48011470317140614,0.057247161865234375,167.87932298260813,27.51226633137867,5.420741082422005,626.6184692382812,0.0,0.0,True,too_empty,,False,
positive,/mnt/MammoDiffusion/MammoDiffusion/experiments/diffusers/04_sd21_lora/generated_images/final/positive/gen_0400.png,gen_0400.png,119.6868,88.0,3.0,0.15958786010742188,0.8762519421536991,0.16721725463867188,161.30966122961104,48.791945254489534,5.916085923711803,1343.675537109375,0.0,0.0,False,,-75.0871539594107,False,
positive,/mnt/MammoDiffusion/MammoDiffusion/experiments/diffusers/04_sd21_lora/generated_images/final/positive/gen_0401.png,gen_0401.png,117.6868,86.0,3.0,0.1815338134765625,0.8742750273178113,0.17191314697265625,171.19511383304487,45.33996577445695,5.949320485626342,830.6651611328125,0.0,0.0,False,,-75.67828539195948,False,
positive,/mnt/MammoDiffusion/MammoDiffusion/experiments/diffusers/04_sd21_lora/generated_images/final/positive/gen_0402.png,gen_0402.png,106.7912,84.0,2.0,0.1572723388671875,0.8923304550305617,0.13538360595703125,169.73251620174696,45.86811424789273,5.38992974728348,765.4124145507812,0.0,0.0,False,,-65.42139539182449,False,
positive,/mnt/MammoDiffusion/MammoDiffusion/experiments/diffusers/04_sd21_lora/generated_images/final/positive/gen_0403.png,gen_0403.png,93.6868,62.0,3.0,0.2249603271484375,0.9490775283185241,0.263580322265625,135.61860310292926,48.60095588133208,6.091640882214423,1226.0015869140625,0.0,0.0,False,,-33.23161677287678,True,1178.0
positive,/mnt/MammoDiffusion/MammoDiffusion/experiments/diffusers/04_sd21_lora/generated_images/final/positive/gen_0404.png,gen_0404.png,90.6868,59.0,3.0,0.20067977905273438,0.9216644172828711,0.20119476318359375,155.85099161958212,52.439273109087964,6.222953716909776,1395.569091796875,0.0,0.0,False,,-50.100451221555666,False,
positive,/mnt/MammoDiffusion/MammoDiffusion/experiments/diffusers/04_sd21_lora/generated_images/final/positive/gen_0405.png,gen_0405.png,147.8956,134.0,1.0,0.055171966552734375,0.9950909216621724,0.051509857177734375,171.38524772272828,11.994610917294223,3.4970326059861327,125.28385925292969,0.0,0.0,True,too_empty,,False,
positive,/mnt/MammoDiffusion/MammoDiffusion/experiments/diffusers/04_sd21_lora/generated_images/final/positive/gen_0406.png,gen_0406.png,101.5824,61.0,4.0,0.166046142578125,0.9209933835691968,0.17681121826171875,151.270355987055,55.85415342269391,6.197377940834255,1919.9178466796875,0.0,0.0,False,,-51.35925937941546,False,
positive,/mnt/MammoDiffusion/MammoDiffusion/experiments/diffusers/04_sd21_lora/generated_images/final/positive/gen_0407.png,gen_0407.png,212.0,204.0,4.0,0.045589447021484375,0.2521964689147352,0.010528564453125,220.02173913043478,15.885079769842704,6.995739977206339,1310.851806640625,0.0,0.0,True,too_empty,,False,
positive,/mnt/MammoDiffusion/MammoDiffusion/experiments/diffusers/04_sd21_lora/generated_images/final/positive/gen_0408.png,gen_0408.png,79.6868,48.0,3.0,0.4096832275390625,0.9922622816492235,0.4370574951171875,138.35269524840274,48.87194525785275,6.80068065365672,1371.99169921875,0.0,0.0,False,,-9.530335993034418,True,292.0
positive,/mnt/MammoDiffusion/MammoDiffusion/experiments/diffusers/04_sd21_lora/generated_images/final/positive/gen_0409.png,gen_0409.png,122.6868,91.0,3.0,0.2570075988769531,0.8801745506360115,0.2967529296875,151.17060880296174,38.74807449999823,6.097431545393839,919.7639770507812,0.0,0.0,False,,-70.89700492289819,False,
positive,/mnt/MammoDiffusion/MammoDiffusion/experiments/diffusers/04_sd21_lora/generated_images/final/positive/gen_0410.png,gen_0410.png,66.5824,26.0,4.0,0.3701896667480469,0.9916840988015622,0.4071769714355469,132.9228304555973,57.80046896488122,6.935435119635859,2009.003662109375,0.0,0.0,False,,-11.031798879430657,True,414.0
positive,/mnt/MammoDiffusion/MammoDiffusion/experiments/diffusers/04_sd21_lora/generated_images/final/positive/gen_0411.png,gen_0411.png,118.5824,78.0,4.0,0.15333175659179688,0.9325538002239084,0.1600494384765625,164.43483649537612,39.17055182048508,5.764963176027196,1020.7307739257812,0.0,0.0,False,,-42.908189325803534,False,
positive,/mnt/MammoDiffusion/MammoDiffusion/experiments/diffusers/04_sd21_lora/generated_images/final/positive/gen_0412.png,gen_0412.png,113.7912,91.0,2.0,0.26813507080078125,0.8701949068146251,0.22040939331054688,162.8907388497551,37.91652508668537,6.141495798999575,902.9337158203125,0.0,0.0,False,,-77.39233863016216,False,
positive,/mnt/MammoDiffusion/MammoDiffusion/experiments/diffusers/04_sd21_lora/generated_images/final/positive/gen_0413.png,gen_0413.png,128.478,79.0,5.0,0.149932861328125,0.773916140850804,0.11620712280273438,173.3475035288711,33.38113555585505,6.336970512371019,1740.5494384765625,0.0,0.0,True,too_empty,,False,
positive,/mnt/MammoDiffusion/MammoDiffusion/experiments/diffusers/04_sd21_lora/generated_images/final/positive/gen_0414.png,gen_0414.png,66.0,61.0,0.0,0.5579452514648438,0.9919938193105523,0.5730628967285156,130.7528041271426,49.147138208485245,6.180247598435567,747.066650390625,0.0,0.0,False,,-9.274597639733221,True,271.0
positive,/mnt/MammoDiffusion/MammoDiffusion/experiments/diffusers/04_sd21_lora/generated_images/final/positive/gen_0415.png,gen_0415.png,37.7912,15.0,2.0,0.6068382263183594,0.9921296965658573,0.6109695434570312,115.26485683245714,53.160973252393426,7.114262897732621,1586.0615234375,0.0,0.0,False,,-10.946726957673187,True,408.0
positive,/mnt/MammoDiffusion/MammoDiffusion/experiments/diffusers/04_sd21_lora/generated_images/final/positive/gen_0416.png,gen_0416.png,20.8956,7.0,1.0,0.6526908874511719,0.9971478500751028,0.6485443115234375,115.89869538620803,52.502196842695625,6.897287561158482,1172.9110107421875,0.0,0.0,False,,-7.664026799125484,True,85.0
positive,/mnt/MammoDiffusion/MammoDiffusion/experiments/diffusers/04_sd21_lora/generated_images/final/positive/gen_0417.png,gen_0417.png,71.47800000000001,22.0,5.0,0.4446525573730469,0.9842745982859055,0.4514961242675781,139.22669550596922,45.370426486028826,7.170410851400623,2053.612060546875,0.0,0.0,False,,-15.046044676184549,True,612.0
positive,/mnt/MammoDiffusion/MammoDiffusion/experiments/diffusers/04_sd21_lora/generated_images/final/positive/gen_0418.png,gen_0418.png,220.0,204.0,33.0,0.43065643310546875,0.9668007157156271,0.4089698791503906,237.7650570381218,19.09697415052914,6.839358125181338,2067.72802734375,0.0,0.0,False,,-28.306971245399637,True,1047.0
positive,/mnt/MammoDiffusion/MammoDiffusion/experiments/diffusers/04_sd21_lora/generated_images/final/positive/gen_0419.png,gen_0419.png,80.5824,40.0,4.0,0.3106231689453125,0.9533821289973965,0.3381309509277344,145.49303354054084,60.24476145263805,6.684865202113091,1901.5762939453125,0.0,0.0,False,,-32.87932652769752,True,1161.0
positive,/mnt/MammoDiffusion/MammoDiffusion/experiments/diffusers/04_sd21_lora/generated_images/final/positive/gen_0420.png,gen_0420.png,220.0,238.0,14.0,0.2143402099609375,0.9473553071830284,0.18723297119140625,252.06627684283444,2.8322977071178856,6.965151328110952,987.067626953125,0.0,0.0,True,low_contrast,,False,
positive,/mnt/MammoDiffusion/MammoDiffusion/experiments/diffusers/04_sd21_lora/generated_images/final/positive/gen_0421.png,gen_0421.png,220.0,253.0,1.0,0.2915763854980469,0.953908549748152,0.2606620788574219,249.30700560506943,31.3238328330062,6.435685577599344,1832.9283447265625,0.0,0.0,False,,-35.18126923342332,True,1234.0
positive,/mnt/MammoDiffusion/MammoDiffusion/experiments/diffusers/04_sd21_lora/generated_images/final/positive/gen_0422.png,gen_0422.png,95.7912,73.0,2.0,0.16587448120117188,0.9605822965296783,0.19292449951171875,145.88157946771068,51.31382338463033,5.281118208860178,737.6502685546875,0.0,0.0,False,,-26.72031933050441,True,1008.0
positive,/mnt/MammoDiffusion/MammoDiffusion/experiments/diffusers/04_sd21_lora/generated_images/final/positive/gen_0423.png,gen_0423.png,71.8956,58.0,1.0,0.6000900268554688,0.9970440531434747,0.6129684448242188,133.086056034751,41.97241898139174,6.446910762923724,732.8096923828125,0.0,0.0,False,,-6.584596466546278,True,26.0
positive,/mnt/MammoDiffusion/MammoDiffusion/experiments/diffusers/04_sd21_lora/generated_images/final/positive/gen_0424.png,gen_0424.png,92.7912,70.0,2.0,0.2450408935546875,0.8799427112522573,0.24648666381835938,148.7703164899791,49.64543825035997,5.912228239838633,1129.5322265625,0.0,0.0,False,,-71.91297768367716,False,
positive,/mnt/MammoDiffusion/MammoDiffusion/experiments/diffusers/04_sd21_lora/generated_images/final/positive/gen_0425.png,gen_0425.png,47.6868,16.0,3.0,0.47225189208984375,0.9906864408148759,0.49221038818359375,118.78739052933426,54.98405752642504,6.93424131890419,1821.98876953125,0.0,0.0,False,,-11.296843750404026,True,434.0
positive,/mnt/MammoDiffusion/MammoDiffusion/experiments/diffusers/04_sd21_lora/generated_images/final/positive/gen_0426.png,gen_0426.png,91.7912,69.0,2.0,0.3740081787109375,0.9538166537472972,0.3719367980957031,142.6446805673788,44.287219775500645,6.387105546374356,877.791748046875,0.0,0.0,False,,-29.64194576548284,True,1079.0
positive,/mnt/MammoDiffusion/MammoDiffusion/experiments/diffusers/04_sd21_lora/generated_images/final/positive/gen_0427.png,gen_0427.png,44.7912,22.0,2.0,0.6123847961425781,0.9927927591211776,0.6125640869140625,125.41569311246731,47.93858239961286,6.921082391894197,1218.6597900390625,0.0,0.0,False,,-9.887844150272212,True,322.0
positive,/mnt/MammoDiffusion/MammoDiffusion/experiments/diffusers/04_sd21_lora/generated_images/final/positive/gen_0428.png,gen_0428.png,97.6868,66.0,3.0,0.2580413818359375,0.8963248772987996,0.268218994140625,137.85259984070998,45.5335311263214,6.219828950749508,1028.263916015625,0.0,0.0,False,,-62.22490630662804,False,
positive,/mnt/MammoDiffusion/MammoDiffusion/experiments/diffusers/04_sd21_lora/generated_images/final/positive/gen_0429.png,gen_0429.png,89.8956,76.0,1.0,0.3002891540527344,0.9487798371422401,0.3396186828613281,130.54469891832997,47.332675400185366,5.5838952659035455,518.58740234375,0.0,0.0,False,,-32.102742265760284,True,1143.0
positive,/mnt/MammoDiffusion/MammoDiffusion/experiments/diffusers/04_sd21_lora/generated_images/final/positive/gen_0430.png,gen_0430.png,92.7912,70.0,2.0,0.36826324462890625,0.9158258923947047,0.3553314208984375,136.47317172671447,43.957024637575955,6.379283076808767,592.8773803710938,0.0,0.0,False,,-50.92897053829059,False,
positive,/mnt/MammoDiffusion/MammoDiffusion/experiments/diffusers/04_sd21_lora/generated_images/final/positive/gen_0431.png,gen_0431.png,82.47800000000001,33.0,5.0,0.3251152038574219,0.967967897497272,0.3888969421386719,130.2816463456502,55.11651037854494,6.985162646763021,2171.764404296875,0.0,0.0,False,,-24.240276791532736,True,943.0
positive,/mnt/MammoDiffusion/MammoDiffusion/experiments/diffusers/04_sd21_lora/generated_images/final/positive/gen_0432.png,gen_0432.png,139.0,130.0,3.0,0.047550201416015625,0.6428399518652226,0.027374267578125,165.52313266443701,14.227302328498636,4.452391292990103,448.1866760253906,0.0,0.0,True,too_empty,,False,
positive,/mnt/MammoDiffusion/MammoDiffusion/experiments/diffusers/04_sd21_lora/generated_images/final/positive/gen_0433.png,gen_0433.png,116.5824,76.0,4.0,0.2123870849609375,0.9675443638192399,0.22678375244140625,166.93195962994113,42.99031904962183,6.264336302790926,1545.9173583984375,0.0,0.0,False,,-24.35104716426095,True,946.0
positive,/mnt/MammoDiffusion/MammoDiffusion/experiments/diffusers/04_sd21_lora/generated_images/final/positive/gen_0434.png,gen_0434.png,128.0,122.0,1.0,0.049892425537109375,0.8295741264622678,0.03902435302734375,165.76422287390028,12.813380811377804,2.9866006485061565,73.67508697509766,0.0,0.0,True,too_empty,,False,
positive,/mnt/MammoDiffusion/MammoDiffusion/experiments/diffusers/04_sd21_lora/generated_images/final/positive/gen_0435.png,gen_0435.png,138.478,89.0,5.0,0.12707138061523438,0.5153252679295127,0.0637054443359375,185.06838323353293,27.56402878780257,6.183253132839473,1705.699951171875,0.0,0.0,True,too_empty,,False,
positive,/mnt/MammoDiffusion/MammoDiffusion/experiments/diffusers/04_sd21_lora/generated_images/final/positive/gen_0436.png,gen_0436.png,140.7912,118.0,2.0,0.05184173583984375,0.8972774098601913,0.0450897216796875,183.38197969543148,22.723130060263006,4.147790530769221,309.76629638671875,0.0,0.0,True,too_empty,,False,
positive,/mnt/MammoDiffusion/MammoDiffusion/experiments/diffusers/04_sd21_lora/generated_images/final/positive/gen_0437.png,gen_0437.png,89.5824,49.0,4.0,0.34853363037109375,0.9812840662828624,0.3799934387207031,134.87609047011935,45.56883984715143,6.729053282941028,1325.9107666015625,0.0,0.0,False,,-15.078738671605258,True,613.0
positive,/mnt/MammoDiffusion/MammoDiffusion/experiments/diffusers/04_sd21_lora/generated_images/final/positive/gen_0438.png,gen_0438.png,131.6868,100.0,3.0,0.12673568725585938,0.8295156969569274,0.10400772094726562,151.55066935631763,22.726783011808067,5.570526629861562,495.72430419921875,0.0,0.0,True,too_empty,,False,
positive,/mnt/MammoDiffusion/MammoDiffusion/experiments/diffusers/04_sd21_lora/generated_images/final/positive/gen_0439.png,gen_0439.png,135.3736,77.0,6.0,0.2534446716308594,0.8848266831228646,0.2060394287109375,182.44399392727541,32.25931321803411,6.920889607651514,1726.7764892578125,0.0,0.0,False,,-72.14468684373858,False,
positive,/mnt/MammoDiffusion/MammoDiffusion/experiments/diffusers/04_sd21_lora/generated_images/final/positive/gen_0440.png,gen_0440.png,188.6868,157.0,3.0,0.053730010986328125,0.7263755768548101,0.03917694091796875,205.38802336903603,14.558209142763381,6.569521458473168,913.2381591796875,0.0,0.0,True,too_empty,,False,
positive,/mnt/MammoDiffusion/MammoDiffusion/experiments/diffusers/04_sd21_lora/generated_images/final/positive/gen_0441.png,gen_0441.png,99.7912,77.0,2.0,0.2694587707519531,0.9299375681300168,0.30738067626953125,152.88267268981608,56.04962010989122,6.037948282448776,1008.9551391601562,0.0,0.0,False,,-44.296647899231054,False,
positive,/mnt/MammoDiffusion/MammoDiffusion/experiments/diffusers/04_sd21_lora/generated_images/final/positive/gen_0442.png,gen_0442.png,148.5824,108.0,4.0,0.11548614501953125,0.6430930831736804,0.04882049560546875,200.52594155336772,24.610573578856624,5.858002834638263,1207.34716796875,0.0,0.0,True,too_empty,,False,
positive,/mnt/MammoDiffusion/MammoDiffusion/experiments/diffusers/04_sd21_lora/generated_images/final/positive/gen_0443.png,gen_0443.png,107.6868,76.0,3.0,0.15530776977539062,0.8984845135460418,0.18827438354492188,147.01408165332793,54.026719117009975,5.772631028770898,1271.9935302734375,0.0,0.0,False,,-62.30406324245371,False,
positive,/mnt/MammoDiffusion/MammoDiffusion/experiments/diffusers/04_sd21_lora/generated_images/final/positive/gen_0444.png,gen_0444.png,10.0,3.0,0.0,0.6392402648925781,0.9980545791983195,0.6359748840332031,103.36366417341962,59.76748357173024,6.412218440600062,1878.20849609375,0.0,0.0,False,,-7.596606433741553,True,75.0
positive,/mnt/MammoDiffusion/MammoDiffusion/experiments/diffusers/04_sd21_lora/generated_images/final/positive/gen_0445.png,gen_0445.png,64.7912,42.0,2.0,0.5232696533203125,0.9692138337269997,0.5597991943359375,123.74954343500423,54.5652635168212,7.018400891296075,1370.7049560546875,0.0,0.0,False,,-23.324074333523868,True,917.0
positive,/mnt/MammoDiffusion/MammoDiffusion/experiments/diffusers/04_sd21_lora/generated_images/final/positive/gen_0446.png,gen_0446.png,220.0,206.0,31.0,0.4246864318847656,0.9615823370370703,0.4057044982910156,236.76782977443042,16.573507164188324,6.8415478163277985,2103.79833984375,0.0,0.0,False,,-31.376681516169185,True,1119.0
positive,/mnt/MammoDiffusion/MammoDiffusion/experiments/diffusers/04_sd21_lora/generated_images/final/positive/gen_0447.png,gen_0447.png,49.8956,36.0,1.0,0.5422515869140625,0.9894898275037285,0.5436134338378906,128.4810217185362,47.98731755041405,6.523611655414857,594.577880859375,0.0,0.0,False,,-10.841155232388694,True,400.0
positive,/mnt/MammoDiffusion/MammoDiffusion/experiments/diffusers/04_sd21_lora/generated_images/final/positive/gen_0448.png,gen_0448.png,11.0,6.0,0.0,0.8007011413574219,0.998527863400969,0.7942848205566406,118.83728033734037,52.65434289620629,7.0214488468549145,1273.7333984375,0.0,0.0,False,,-8.230652628621936,True,140.0
positive,/mnt/MammoDiffusion/MammoDiffusion/experiments/diffusers/04_sd21_lora/generated_images/final/positive/gen_0449.png,gen_0449.png,137.6868,106.0,3.0,0.13737869262695312,0.8221197900758059,0.12484359741210938,157.0211446206496,22.719875147918877,5.618123508265739,616.3812255859375,0.0,0.0,True,too_empty,,False,
positive,/mnt/MammoDiffusion/MammoDiffusion/experiments/diffusers/04_sd21_lora/generated_images/final/positive/gen_0450.png,gen_0450.png,85.8956,72.0,1.0,0.3377227783203125,0.8954163466317264,0.2604179382324219,139.7371057758507,42.469289045946965,6.0357905520292245,953.1727294921875,0.0,0.0,False,,-62.34934579854608,False,
positive,/mnt/MammoDiffusion/MammoDiffusion/experiments/diffusers/04_sd21_lora/generated_images/final/positive/gen_0451.png,gen_0451.png,93.6868,62.0,3.0,0.20919036865234375,0.9513293701447901,0.24670028686523438,143.2979387979156,56.76688048693853,6.123953837968234,1403.222900390625,0.0,0.0,False,,-33.15648470837194,True,1173.0
positive,/mnt/MammoDiffusion/MammoDiffusion/experiments/diffusers/04_sd21_lora/generated_images/final/positive/gen_0452.png,gen_0452.png,100.8956,87.0,1.0,0.308929443359375,0.9552010273634298,0.37979888916015625,140.0328237681043,51.04000221116662,5.660227061713401,701.061279296875,0.0,0.0,False,,-28.668660616931223,True,1057.0
positive,/mnt/MammoDiffusion/MammoDiffusion/experiments/diffusers/04_sd21_lora/generated_images/final/positive/gen_0453.png,gen_0453.png,59.8956,46.0,1.0,0.3671989440917969,0.9838872209351853,0.3978538513183594,123.48942902344312,59.01190887843697,5.985886752511201,1345.7215576171875,0.0,0.0,False,,-13.406415179791324,True,545.0
positive,/mnt/MammoDiffusion/MammoDiffusion/experiments/diffusers/04_sd21_lora/generated_images/final/positive/gen_0454.png,gen_0454.png,84.7912,62.0,2.0,0.3271484375,0.9241487873134329,0.36429595947265625,143.25526189030137,54.70977503897627,6.240221258327786,1209.778076171875,0.0,0.0,False,,-47.18489853836146,False,
positive,/mnt/MammoDiffusion/MammoDiffusion/experiments/diffusers/04_sd21_lora/generated_images/final/positive/gen_0455.png,gen_0455.png,199.0,194.0,2.0,0.04923248291015625,0.30458701379203473,0.0120697021484375,210.3053097345133,11.230560825669313,6.232388547085796,1081.5936279296875,0.0,0.0,True,too_empty,,False,
positive,/mnt/MammoDiffusion/MammoDiffusion/experiments/diffusers/04_sd21_lora/generated_images/final/positive/gen_0456.png,gen_0456.png,201.0,174.0,7.0,0.049335479736328125,0.6833681280445373,0.033843994140625,216.12082957619478,9.399895383259418,7.192868569823759,1685.8431396484375,0.0,0.0,True,too_empty,,False,
positive,/mnt/MammoDiffusion/MammoDiffusion/experiments/diffusers/04_sd21_lora/generated_images/final/positive/gen_0457.png,gen_0457.png,117.7912,95.0,2.0,0.2905426025390625,0.9156819494774434,0.3066558837890625,160.96055381400208,42.830086154405905,5.9861828120794005,767.5803833007812,0.0,0.0,False,,-51.40320937950755,False,
positive,/mnt/MammoDiffusion/MammoDiffusion/experiments/diffusers/04_sd21_lora/generated_images/final/positive/gen_0458.png,gen_0458.png,138.5824,98.0,4.0,0.08364486694335938,0.7622109727732932,0.06140899658203125,184.42992918374952,27.145844029299735,5.4269760804530165,880.6751708984375,0.0,0.0,True,too_empty,,False,
positive,/mnt/MammoDiffusion/MammoDiffusion/experiments/diffusers/04_sd21_lora/generated_images/final/positive/gen_0459.png,gen_0459.png,115.5824,75.0,4.0,0.20342636108398438,0.9002006488270482,0.19903182983398438,167.452036415908,44.28488288734185,6.296396614154119,1506.626708984375,0.0,0.0,False,,-62.02030416454279,False,
positive,/mnt/MammoDiffusion/MammoDiffusion/experiments/diffusers/04_sd21_lora/generated_images/final/positive/gen_0460.png,gen_0460.png,73.5824,33.0,4.0,0.2740821838378906,0.9844813428161839,0.2956428527832031,145.30818957174745,59.268992391291455,6.614757788902534,2303.28759765625,0.0,0.0,False,,-16.249593661029333,True,665.0
positive,/mnt/MammoDiffusion/MammoDiffusion/experiments/diffusers/04_sd21_lora/generated_images/final/positive/gen_0461.png,gen_0461.png,132.6868,101.0,3.0,0.14171218872070312,0.4519637136935045,0.06306838989257812,187.05292445412206,27.459466497269798,5.70284223651443,1185.55126953125,0.0,0.0,True,too_empty,,False,
positive,/mnt/MammoDiffusion/MammoDiffusion/experiments/diffusers/04_sd21_lora/generated_images/final/positive/gen_0462.png,gen_0462.png,92.6868,61.0,3.0,0.43891143798828125,0.9387439378400458,0.4829521179199219,146.20356547633153,51.94141507648837,6.938329848187963,1141.421630859375,0.0,0.0,False,,-39.86333861862785,True,1327.0
positive,/mnt/MammoDiffusion/MammoDiffusion/experiments/diffusers/04_sd21_lora/generated_images/final/positive/gen_0463.png,gen_0463.png,121.5824,81.0,4.0,0.18666458129882812,0.8317290989720638,0.156036376953125,173.71843829454332,40.33125181805518,6.261870089448716,1380.066162109375,0.0,0.0,False,,-100.0505980911196,False,
positive,/mnt/MammoDiffusion/MammoDiffusion/experiments/diffusers/04_sd21_lora/generated_images/final/positive/gen_0464.png,gen_0464.png,91.5824,51.0,4.0,0.21178054809570312,0.9085145090692941,0.20982742309570312,146.762730660849,51.3367975528346,6.290728424255006,1451.8714599609375,0.0,0.0,False,,-57.12414091257309,False,
positive,/mnt/MammoDiffusion/MammoDiffusion/experiments/diffusers/04_sd21_lora/generated_images/final/positive/gen_0465.png,gen_0465.png,90.5824,50.0,4.0,0.25200653076171875,0.9010475008325513,0.24420547485351562,152.9623693706359,49.8205126755973,6.562737174026891,1722.6666259765625,0.0,0.0,False,,-61.72217907500127,False,
positive,/mnt/MammoDiffusion/MammoDiffusion/experiments/diffusers/04_sd21_lora/generated_images/final/positive/gen_0466.png,gen_0466.png,94.7912,72.0,2.0,0.3793296813964844,0.9916933999738533,0.416748046875,143.41853397773872,45.58479722686051,6.079352984127498,851.8369140625,0.0,0.0,False,,-8.294350811389915,True,150.0
positive,/mnt/MammoDiffusion/MammoDiffusion/experiments/diffusers/04_sd21_lora/generated_images/final/positive/gen_0467.png,gen_0467.png,151.6868,120.0,3.0,0.06478118896484375,0.9721469791543987,0.060855865478515625,192.55958126998055,18.377638049194875,4.709693149256063,567.274658203125,0.0,0.0,True,too_empty,,False,
positive,/mnt/MammoDiffusion/MammoDiffusion/experiments/diffusers/04_sd21_lora/generated_images/final/positive/gen_0468.png,gen_0468.png,67.5824,27.0,4.0,0.4519157409667969,0.9879206867735318,0.49163818359375,128.87790968342645,55.96019051917895,7.0931371617596986,1511.37646484375,0.0,0.0,False,,-12.979837653758725,True,528.0
positive,/mnt/MammoDiffusion/MammoDiffusion/experiments/diffusers/04_sd21_lora/generated_images/final/positive/gen_0469.png,gen_0469.png,81.7912,59.0,2.0,0.2884407043457031,0.9181357703040482,0.3341255187988281,128.94962837799267,55.41752602257083,6.174372829176419,1129.1396484375,0.0,0.0,False,,-50.17566695400245,False,
positive,/mnt/MammoDiffusion/MammoDiffusion/experiments/diffusers/04_sd21_lora/generated_images/final/positive/gen_0470.png,gen_0470.png,134.0,123.0,3.0,0.04840850830078125,0.8760441292356186,0.03836822509765625,184.32302644660967,19.654273428855177,4.579730819026083,564.79345703125,0.0,0.0,True,too_empty,,False,
positive,/mnt/MammoDiffusion/MammoDiffusion/experiments/diffusers/04_sd21_lora/generated_images/final/positive/gen_0471.png,gen_0471.png,60.7912,38.0,2.0,0.3987884521484375,0.9269944518844462,0.40529632568359375,130.13702162904957,58.3888173221815,6.640096219614572,1679.9505615234375,0.0,0.0,False,,-46.197251808736155,False,
positive,/mnt/MammoDiffusion/MammoDiffusion/experiments/diffusers/04_sd21_lora/generated_images/final/positive/gen_0472.png,gen_0472.png,46.6868,15.0,3.0,0.5160865783691406,0.99519547043736,0.5317420959472656,113.50668254503454,51.762290895411304,7.1052642541020266,1644.85302734375,0.0,0.0,False,,-8.621333399512647,True,191.0
positive,/mnt/MammoDiffusion/MammoDiffusion/experiments/diffusers/04_sd21_lora/generated_images/final/positive/gen_0473.png,gen_0473.png,62.5824,22.0,4.0,0.5422325134277344,0.9775296708244514,0.6277236938476562,113.66507650983871,52.55808605067864,7.470987384782078,1962.1766357421875,0.0,0.0,False,,-19.889445872848206,True,802.0
positive,/mnt/MammoDiffusion/MammoDiffusion/experiments/diffusers/04_sd21_lora/generated_images/final/positive/gen_0474.png,gen_0474.png,78.5824,38.0,4.0,0.5454292297363281,0.9950972506836573,0.5494575500488281,135.0887827433229,37.7315329102433,6.974675391405785,894.2974243164062,0.0,0.0,False,,-7.778166535488188,True,93.0
positive,/mnt/MammoDiffusion/MammoDiffusion/experiments/diffusers/04_sd21_lora/generated_images/final/positive/gen_0475.png,gen_0475.png,141.6868,110.0,3.0,0.07637786865234375,0.9910598341823994,0.07651519775390625,176.85407318775552,23.80661471919731,4.682338870755359,528.667236328125,0.0,0.0,True,too_empty,,False,
positive,/mnt/MammoDiffusion/MammoDiffusion/experiments/diffusers/04_sd21_lora/generated_images/final/positive/gen_0476.png,gen_0476.png,79.8956,66.0,1.0,0.5337409973144531,0.9609697177612442,0.6649055480957031,117.39490306997665,47.459266566968864,6.835532807876714,688.9149169921875,0.0,0.0,False,,-27.309552367364894,True,1026.0
positive,/mnt/MammoDiffusion/MammoDiffusion/experiments/diffusers/04_sd21_lora/generated_images/final/positive/gen_0477.png,gen_0477.png,133.6868,102.0,3.0,0.16449737548828125,0.7104726125875424,0.12283706665039062,181.85363808577372,35.92528589690372,5.955675652068452,1108.99365234375,0.0,0.0,True,too_empty,,False,
positive,/mnt/MammoDiffusion/MammoDiffusion/experiments/diffusers/04_sd21_lora/generated_images/final/positive/gen_0478.png,gen_0478.png,88.6868,57.0,3.0,0.17299270629882812,0.9638139760523936,0.19115829467773438,144.3320229091417,53.236477007235926,5.657500070088001,1177.614501953125,0.0,0.0,False,,-25.643941891308636,True,985.0
positive,/mnt/MammoDiffusion/MammoDiffusion/experiments/diffusers/04_sd21_lora/generated_images/final/positive/gen_0479.png,gen_0479.png,31.8956,18.0,1.0,0.5778694152832031,0.9964220879955111,0.5873565673828125,114.56375834567324,59.57928715112242,6.676871312110208,1362.2490234375,0.0,0.0,False,,-8.129362037395273,True,125.0
positive,/mnt/MammoDiffusion/MammoDiffusion/experiments/diffusers/04_sd21_lora/generated_images/final/positive/gen_0480.png,gen_0480.png,158.8956,145.0,1.0,0.1044464111328125,0.7537983929875822,0.075531005859375,193.57626262626263,18.799367122694736,6.677791561653857,837.6130981445312,0.0,0.0,True,too_empty,,False,
positive,/mnt/MammoDiffusion/MammoDiffusion/experiments/diffusers/04_sd21_lora/generated_images/final/positive/gen_0481.png,gen_0481.png,109.5824,69.0,4.0,0.1645660400390625,0.9148122392211405,0.16998291015625,160.62755834829443,50.979491017969806,6.003872700474089,1429.4500732421875,0.0,0.0,False,,-53.98422136960887,False,
positive,/mnt/MammoDiffusion/MammoDiffusion/experiments/diffusers/04_sd21_lora/generated_images/final/positive/gen_0482.png,gen_0482.png,50.5824,10.0,4.0,0.3806800842285156,0.9831050274067319,0.436737060546875,116.8021452029907,64.16241196329143,6.926001261793685,2554.97412109375,0.0,0.0,False,,-16.614378339016604,True,675.0
positive,/mnt/MammoDiffusion/MammoDiffusion/experiments/diffusers/04_sd21_lora/generated_images/final/positive/gen_0483.png,gen_0483.png,55.6868,24.0,3.0,0.3455085754394531,0.9941373256930873,0.35650634765625,135.63171973977057,57.62701246828965,6.425059417886649,1716.4774169921875,0.0,0.0,False,,-9.156574612002501,True,259.0
positive,/mnt/MammoDiffusion/MammoDiffusion/experiments/diffusers/04_sd21_lora/generated_images/final/positive/gen_0484.png,gen_0484.png,24.7912,2.0,2.0,0.8726882934570312,0.9981553525374831,0.8769721984863281,106.50330371085678,48.0916122434376,7.420214007339237,1298.0496826171875,0.0,0.0,False,,-8.715803090024103,True,205.0
positive,/mnt/MammoDiffusion/MammoDiffusion/experiments/diffusers/04_sd21_lora/generated_images/final/positive/gen_0485.png,gen_0485.png,18.8956,5.0,1.0,0.6345596313476562,0.9936878554338547,0.6317062377929688,111.22012947016269,58.14155345819384,6.943569128461882,1346.5718994140625,0.0,0.0,False,,-9.986347900635035,True,333.0
positive,/mnt/MammoDiffusion/MammoDiffusion/experiments/diffusers/04_sd21_lora/generated_images/final/positive/gen_0486.png,gen_0486.png,14.8956,1.0,1.0,0.589141845703125,0.9838513338513338,0.6048164367675781,89.63225879696498,61.25415535216624,6.727753169545368,2596.63818359375,0.0,0.0,False,,-16.15386562558259,True,660.0
positive,/mnt/MammoDiffusion/MammoDiffusion/experiments/diffusers/04_sd21_lora/generated_images/final/positive/gen_0487.png,gen_0487.png,103.6868,72.0,3.0,0.24544525146484375,0.9443442852258245,0.27271270751953125,149.30521751293887,45.22984433722943,6.299703628394353,1260.9312744140625,0.0,0.0,False,,-36.226266683410834,True,1257.0
positive,/mnt/MammoDiffusion/MammoDiffusion/experiments/diffusers/04_sd21_lora/generated_images/final/positive/gen_0488.png,gen_0488.png,107.5824,67.0,4.0,0.17203140258789062,0.9037629997560813,0.14878463745117188,161.60867112786195,43.009626430968574,6.141284126061081,1545.67529296875,0.0,0.0,False,,-60.00786067021312,False,
positive,/mnt/MammoDiffusion/MammoDiffusion/experiments/diffusers/04_sd21_lora/generated_images/final/positive/gen_0489.png,gen_0489.png,37.7912,15.0,2.0,0.6593132019042969,0.9972864292533341,0.6728935241699219,111.23108364749568,51.400609609844295,7.18373480884128,1522.890625,0.0,0.0,False,,-8.244179677509957,True,144.0
positive,/mnt/MammoDiffusion/MammoDiffusion/experiments/diffusers/04_sd21_lora/generated_images/final/positive/gen_0490.png,gen_0490.png,220.0,224.0,29.0,0.36078643798828125,0.9424390450210408,0.3378868103027344,251.58941010443127,17.98004528395188,6.375956513540164,1660.0614013671875,0.0,0.0,False,,-41.76899206681582,False,
positive,/mnt/MammoDiffusion/MammoDiffusion/experiments/diffusers/04_sd21_lora/generated_images/final/positive/gen_0491.png,gen_0491.png,136.8956,123.0,1.0,0.08454132080078125,0.6884757693348976,0.056949615478515625,184.53553486502778,23.25097929041484,6.130675758586458,695.3028564453125,0.0,0.0,True,too_empty,,False,
positive,/mnt/MammoDiffusion/MammoDiffusion/experiments/diffusers/04_sd21_lora/generated_images/final/positive/gen_0492.png,gen_0492.png,78.47800000000001,29.0,5.0,0.22984695434570312,0.9116392544769555,0.24382781982421875,137.1591883350543,61.00241586243958,6.694593942772377,2544.488525390625,0.0,0.0,False,,-57.292672701796164,False,
positive,/mnt/MammoDiffusion/MammoDiffusion/experiments/diffusers/04_sd21_lora/generated_images/final/positive/gen_0493.png,gen_0493.png,96.47800000000001,47.0,5.0,0.3330192565917969,0.9682126943034858,0.3947105407714844,134.0432005102879,43.48577092502014,6.825315038352656,1494.9962158203125,0.0,0.0,False,,-22.36776635179164,True,888.0
positive,/mnt/MammoDiffusion/MammoDiffusion/experiments/diffusers/04_sd21_lora/generated_images/final/positive/gen_0494.png,gen_0494.png,30.7912,8.0,2.0,0.36685943603515625,0.9872413434542997,0.41179656982421875,96.49008800370542,67.12026432624677,6.411468893761982,2345.051513671875,0.0,0.0,False,,-12.972296065594026,True,527.0
positive,/mnt/MammoDiffusion/MammoDiffusion/experiments/diffusers/04_sd21_lora/generated_images/final/positive/gen_0495.png,gen_0495.png,154.5824,114.0,4.0,0.09499740600585938,0.9715295345942256,0.09047698974609375,185.38936672569358,17.641633137577315,5.457737231409135,1260.230224609375,0.0,0.0,True,too_empty,,False,
positive,/mnt/MammoDiffusion/MammoDiffusion/experiments/diffusers/04_sd21_lora/generated_images/final/positive/gen_0496.png,gen_0496.png,110.8956,97.0,1.0,0.25682830810546875,0.9319133767043936,0.26865386962890625,149.43875841308608,37.0005760966777,5.065534529042808,387.12847900390625,0.0,0.0,False,,-41.91551885044519,False,
positive,/mnt/MammoDiffusion/MammoDiffusion/experiments/diffusers/04_sd21_lora/generated_images/final/positive/gen_0497.png,gen_0497.png,98.7912,76.0,2.0,0.20055007934570312,0.9690145131531395,0.23262405395507812,149.06808678112856,51.96995726668934,5.525628465578222,923.8358154296875,0.0,0.0,False,,-22.089576326385313,True,882.0
positive,/mnt/MammoDiffusion/MammoDiffusion/experiments/diffusers/04_sd21_lora/generated_images/final/positive/gen_0498.png,gen_0498.png,121.6868,90.0,3.0,0.18320465087890625,0.9099029692250031,0.18301773071289062,172.198761906747,48.604640995477084,6.009776063457531,1191.3411865234375,0.0,0.0,False,,-56.52051941930449,False,
positive,/mnt/MammoDiffusion/MammoDiffusion/experiments/diffusers/04_sd21_lora/generated_images/final/positive/gen_0499.png,gen_0499.png,112.5824,72.0,4.0,0.22025680541992188,0.9671452571052495,0.2186279296875,156.95946747627025,30.582920515720165,6.0481612037789825,1179.406005859375,0.0,0.0,False,,-24.159235531678384,True,939.0
positive,/mnt/MammoDiffusion/MammoDiffusion/experiments/diffusers/04_sd21_lora/generated_images/final/positive/gen_0500.png,gen_0500.png,135.8956,122.0,1.0,0.24615478515625,0.9281552194396231,0.2768592834472656,155.368877192499,26.056977365251104,5.031560539938318,309.4944152832031,0.0,0.0,False,,-44.96291480456466,False,
positive,/mnt/MammoDiffusion/MammoDiffusion/experiments/diffusers/04_sd21_lora/generated_images/final/positive/gen_0501.png,gen_0501.png,111.8956,98.0,1.0,0.2433624267578125,0.9129726001630196,0.2617950439453125,151.45995803462145,43.368774815136376,5.279571326285707,654.7708740234375,0.0,0.0,False,,-52.4005158610951,False,
positive,/mnt/MammoDiffusion/MammoDiffusion/experiments/diffusers/04_sd21_lora/generated_images/final/positive/gen_0502.png,gen_0502.png,97.3736,39.0,6.0,0.358978271484375,0.9782368443424296,0.3935394287109375,148.85846807025706,47.14319702017444,7.207906889056956,2228.157958984375,0.0,0.0,False,,-18.800803940511187,True,762.0
positive,/mnt/MammoDiffusion/MammoDiffusion/experiments/diffusers/04_sd21_lora/generated_images/final/positive/gen_0503.png,gen_0503.png,100.0,89.0,2.0,0.0491943359375,0.9093517369727047,0.042293548583984375,174.69044827275187,21.649915138721738,4.326280856751259,423.3794860839844,0.0,0.0,True,too_empty,,False,
positive,/mnt/MammoDiffusion/MammoDiffusion/experiments/diffusers/04_sd21_lora/generated_images/final/positive/gen_0504.png,gen_0504.png,220.0,253.0,2.0,0.2569236755371094,0.8846936199907945,0.22191619873046875,252.2815003266064,22.47157709022325,6.633453940072499,1692.889892578125,0.0,0.0,False,,-74.6114484989806,False,
positive,/mnt/MammoDiffusion/MammoDiffusion/experiments/diffusers/04_sd21_lora/generated_images/final/positive/gen_0505.png,gen_0505.png,118.6868,87.0,3.0,0.2649726867675781,0.9267070730337887,0.3061180114746094,156.5166672897429,44.60710738384341,6.35082176233135,1007.7505493164062,0.0,0.0,False,,-45.70871126324841,False,
positive,/mnt/MammoDiffusion/MammoDiffusion/experiments/diffusers/04_sd21_lora/generated_images/final/positive/gen_0506.png,gen_0506.png,99.5824,59.0,4.0,0.29581451416015625,0.8032780543161478,0.23107147216796875,153.73666919800576,44.01154158201482,6.941507872997171,1954.4827880859375,0.0,0.0,False,,-116.36803629173673,False,
positive,/mnt/MammoDiffusion/MammoDiffusion/experiments/diffusers/04_sd21_lora/generated_images/final/positive/gen_0507.png,gen_0507.png,106.6868,75.0,3.0,0.23789215087890625,0.9075398479843494,0.25977325439453125,156.92300801785663,50.42786145579922,6.113482427720577,1293.0296630859375,0.0,0.0,False,,-57.2044863809908,False,
positive,/mnt/MammoDiffusion/MammoDiffusion/experiments/diffusers/04_sd21_lora/generated_images/final/positive/gen_0508.png,gen_0508.png,48.6868,17.0,3.0,0.4991455078125,0.9914786622646123,0.5435295104980469,113.61513303341451,57.001353980483756,7.027922288514116,1798.6502685546875,0.0,0.0,False,,-11.250991330401893,True,431.0
positive,/mnt/MammoDiffusion/MammoDiffusion/experiments/diffusers/04_sd21_lora/generated_images/final/positive/gen_0509.png,gen_0509.png,100.5824,60.0,4.0,0.13680648803710938,0.8358475308814098,0.13003158569335938,171.2132484524892,55.396445585443544,5.95435176909408,1700.24365234375,0.0,0.0,True,too_empty,,False,
positive,/mnt/MammoDiffusion/MammoDiffusion/experiments/diffusers/04_sd21_lora/generated_images/final/positive/gen_0510.png,gen_0510.png,72.5824,32.0,4.0,0.5318107604980469,0.9966717117013723,0.5253105163574219,163.0408621202989,33.54743344727207,7.002275878670833,1232.1688232421875,0.0,0.0,False,,-8.33396427296552,True,159.0
positive,/mnt/MammoDiffusion/MammoDiffusion/experiments/diffusers/04_sd21_lora/generated_images/final/positive/gen_0511.png,gen_0511.png,123.5824,83.0,4.0,0.15233230590820312,0.716750557183282,0.11222076416015625,185.61404582228568,39.91533968429336,6.208951579964763,1703.4234619140625,0.0,0.0,True,too_empty,,False,
positive,/mnt/MammoDiffusion/MammoDiffusion/experiments/diffusers/04_sd21_lora/generated_images/final/positive/gen_0512.png,gen_0512.png,134.6868,103.0,3.0,0.13596725463867188,0.7676121538591028,0.10355758666992188,175.29771245441486,25.160619246996,5.679556983548254,850.3939819335938,0.0,0.0,True,too_empty,,False,
positive,/mnt/MammoDiffusion/MammoDiffusion/experiments/diffusers/04_sd21_lora/generated_images/final/positive/gen_0513.png,gen_0513.png,62.478,13.0,5.0,0.3945960998535156,0.9828597944722112,0.45658111572265625,120.84956136686439,57.86670122548133,7.18038654736741,3113.332763671875,0.0,0.0,False,,-17.501841451396565,True,702.0
positive,/mnt/MammoDiffusion/MammoDiffusion/experiments/diffusers/04_sd21_lora/generated_images/final/positive/gen_0514.png,gen_0514.png,145.7912,123.0,2.0,0.1215362548828125,0.9945699937225361,0.11683273315429688,174.63062004114016,13.425244244542144,4.720432439532177,417.0853271484375,0.0,0.0,True,too_empty,,False,
positive,/mnt/MammoDiffusion/MammoDiffusion/experiments/diffusers/04_sd21_lora/generated_images/final/positive/gen_0515.png,gen_0515.png,130.8956,117.0,1.0,0.14614486694335938,0.46584531857691003,0.065887451171875,179.09049328392774,23.80072234021489,5.613919179255923,479.3775939941406,0.0,0.0,True,too_empty,,False,
positive,/mnt/MammoDiffusion/MammoDiffusion/experiments/diffusers/04_sd21_lora/generated_images/final/positive/gen_0516.png,gen_0516.png,81.5824,41.0,4.0,0.45034027099609375,0.9807715113422671,0.4825782775878906,141.3791391644599,52.52139408726812,7.204492425895001,2009.7615966796875,0.0,0.0,False,,-17.750938504889774,True,715.0
positive,/mnt/MammoDiffusion/MammoDiffusion/experiments/diffusers/04_sd21_lora/generated_images/final/positive/gen_0517.png,gen_0517.png,106.47800000000001,57.0,5.0,0.2747154235839844,0.9327917794903839,0.3155364990234375,151.87324096909907,50.14434287861294,6.777761581734282,1634.640869140625,0.0,0.0,False,,-43.7086699829089,False,
positive,/mnt/MammoDiffusion/MammoDiffusion/experiments/diffusers/04_sd21_lora/generated_images/final/positive/gen_0518.png,gen_0518.png,114.8956,101.0,1.0,0.2686042785644531,0.9952423558149773,0.28032684326171875,163.22423318727377,36.43718449873818,5.150440739789912,369.6798095703125,0.0,0.0,False,,-7.24042603632419,True,50.0
positive,/mnt/MammoDiffusion/MammoDiffusion/experiments/diffusers/04_sd21_lora/generated_images/final/positive/gen_0519.png,gen_0519.png,103.5824,63.0,4.0,0.45468902587890625,0.9310116281020857,0.40587615966796875,149.46320419556758,40.768709162811035,7.192847908273844,754.76220703125,0.0,0.0,False,,-42.975039511013094,False,
positive,/mnt/MammoDiffusion/MammoDiffusion/experiments/diffusers/04_sd21_lora/generated_images/final/positive/gen_0520.png,gen_0520.png,104.7912,82.0,2.0,0.17449569702148438,0.4884244583870756,0.08165359497070312,177.2074281709881,30.81752021806104,6.042482763082955,912.6332397460938,0.0,0.0,True,too_empty,,False,
positive,/mnt/MammoDiffusion/MammoDiffusion/experiments/diffusers/04_sd21_lora/generated_images/final/positive/gen_0521.png,gen_0521.png,115.7912,93.0,2.0,0.171295166015625,0.8631525031177624,0.147918701171875,168.52741386424591,40.75991617931859,5.367038047504607,649.5359497070312,0.0,0.0,False,,-81.26016641123586,False,
positive,/mnt/MammoDiffusion/MammoDiffusion/experiments/diffusers/04_sd21_lora/generated_images/final/positive/gen_0522.png,gen_0522.png,44.7912,22.0,2.0,0.3379707336425781,0.9898529295574342,0.3714141845703125,110.76010640483135,64.48706878626413,6.052142699887538,1569.093994140625,0.0,0.0,False,,-10.610411660152032,True,385.0
positive,/mnt/MammoDiffusion/MammoDiffusion/experiments/diffusers/04_sd21_lora/generated_images/final/positive/gen_0523.png,gen_0523.png,136.5824,96.0,4.0,0.1162872314453125,0.5346739273061278,0.060955047607421875,187.40453094686777,26.66899540383023,5.627073440914323,879.306396484375,0.0,0.0,True,too_empty,,False,
positive,/mnt/MammoDiffusion/MammoDiffusion/experiments/diffusers/04_sd21_lora/generated_images/final/positive/gen_0524.png,gen_0524.png,129.7912,107.0,2.0,0.056056976318359375,0.7888397414086424,0.04228973388671875,178.9142161284503,21.783576668642727,4.205735325904424,280.3321228027344,0.0,0.0,True,too_empty,,False,
positive,/mnt/MammoDiffusion/MammoDiffusion/experiments/diffusers/04_sd21_lora/generated_images/final/positive/gen_0525.png,gen_0525.png,132.7912,110.0,2.0,0.3886680603027344,0.9586011954420093,0.410797119140625,163.9187188916128,29.03558830821372,5.99044350337567,385.76055908203125,0.0,0.0,False,,-28.16777903487055,True,1044.0
positive,/mnt/MammoDiffusion/MammoDiffusion/experiments/diffusers/04_sd21_lora/generated_images/final/positive/gen_0526.png,gen_0526.png,115.7912,93.0,2.0,0.167449951171875,0.9049116092582468,0.17954254150390625,150.69508774911827,38.87642297345489,5.387391822355419,545.3280029296875,0.0,0.0,False,,-57.536948573286246,False,
positive,/mnt/MammoDiffusion/MammoDiffusion/experiments/diffusers/04_sd21_lora/generated_images/final/positive/gen_0527.png,gen_0527.png,201.0,102.0,11.0,0.0497589111328125,0.7047684759276296,0.02985382080078125,252.24699718885765,9.826176169196913,6.437611652611052,747.1593627929688,0.0,0.0,True,too_empty,,False,
positive,/mnt/MammoDiffusion/MammoDiffusion/experiments/diffusers/04_sd21_lora/generated_images/final/positive/gen_0528.png,gen_0528.png,77.6868,46.0,3.0,0.2165069580078125,0.9498731411656918,0.235260009765625,145.4731482682579,64.32384172735868,5.985105798972157,1667.992431640625,0.0,0.0,False,,-34.831543076234304,True,1221.0
positive,/mnt/MammoDiffusion/MammoDiffusion/experiments/diffusers/04_sd21_lora/generated_images/final/positive/gen_0529.png,gen_0529.png,127.7912,105.0,2.0,0.28743743896484375,0.8784207033842071,0.3278312683105469,157.97881055167036,38.759365561016324,6.045793962715722,758.0687866210938,0.0,0.0,False,,-71.86323024677452,False,
positive,/mnt/MammoDiffusion/MammoDiffusion/experiments/diffusers/04_sd21_lora/generated_images/final/positive/gen_0530.png,gen_0530.png,88.6868,57.0,3.0,0.34732818603515625,0.9501372872048325,0.40212249755859375,139.93020851120343,51.97553058445951,6.51026185971651,1136.8118896484375,0.0,0.0,False,,-32.38163458849303,True,1150.0
positive,/mnt/MammoDiffusion/MammoDiffusion/experiments/diffusers/04_sd21_lora/generated_images/final/positive/gen_0531.png,gen_0531.png,147.0,128.0,3.0,0.049800872802734375,0.9014936805821524,0.04207611083984375,172.82021758839528,13.993893537694017,4.435404042188663,368.1385498046875,0.0,0.0,True,too_empty,,False,
positive,/mnt/MammoDiffusion/MammoDiffusion/experiments/diffusers/04_sd21_lora/generated_images/final/positive/gen_0532.png,gen_0532.png,143.7912,121.0,2.0,0.13475799560546875,0.7274528675762895,0.051792144775390625,173.8339102894601,25.797604975216164,5.369264847865413,527.5445556640625,0.0,0.0,True,too_empty,,False,
positive,/mnt/MammoDiffusion/MammoDiffusion/experiments/diffusers/04_sd21_lora/generated_images/final/positive/gen_0533.png,gen_0533.png,177.7912,155.0,2.0,0.07593154907226562,0.5353931173072093,0.03827667236328125,198.4485748455252,13.493123344069119,6.211623827059631,616.489990234375,0.0,0.0,True,too_empty,,False,
positive,/mnt/MammoDiffusion/MammoDiffusion/experiments/diffusers/04_sd21_lora/generated_images/final/positive/gen_0534.png,gen_0534.png,136.7912,114.0,2.0,0.19890594482421875,0.8094434429059107,0.1754150390625,176.92205984690327,34.230097313267315,5.702719683261032,722.5762939453125,0.0,0.0,False,,-111.79388776315447,False,
positive,/mnt/MammoDiffusion/MammoDiffusion/experiments/diffusers/04_sd21_lora/generated_images/final/positive/gen_0535.png,gen_0535.png,99.7912,77.0,2.0,0.2877388000488281,0.8990573917193653,0.3570365905761719,135.3201773599017,48.55817439419874,6.079939818629102,718.010986328125,0.0,0.0,False,,-60.06853232588893,False,
positive,/mnt/MammoDiffusion/MammoDiffusion/experiments/diffusers/04_sd21_lora/generated_images/final/positive/gen_0536.png,gen_0536.png,110.7912,88.0,2.0,0.2710533142089844,0.9172331292660615,0.29680633544921875,150.41904223324678,43.02259373624862,6.006780197772494,878.7200317382812,0.0,0.0,False,,-50.2356741251484,False,
positive,/mnt/MammoDiffusion/MammoDiffusion/experiments/diffusers/04_sd21_lora/generated_images/final/positive/gen_0537.png,gen_0537.png,127.8956,114.0,1.0,0.23634719848632812,0.9856674790580564,0.25789642333984375,160.72256900275124,34.613835819717515,4.896439397902524,296.30645751953125,0.0,0.0,False,,-12.60040552695827,True,508.0
positive,/mnt/MammoDiffusion/MammoDiffusion/experiments/diffusers/04_sd21_lora/generated_images/final/positive/gen_0538.png,gen_0538.png,86.6868,55.0,3.0,0.30059814453125,0.9801269035532995,0.32939910888671875,144.7879212507238,52.83514376747285,6.429099807953753,1413.5350341796875,0.0,0.0,False,,-16.69069267033734,True,680.0
positive,/mnt/MammoDiffusion/MammoDiffusion/experiments/diffusers/04_sd21_lora/generated_images/final/positive/gen_0539.png,gen_0539.png,171.478,122.0,5.0,0.06661605834960938,0.8931455076447345,0.05556488037109375,188.93423039956062,12.607617183040789,5.625945500954657,1429.51904296875,0.0,0.0,True,too_empty,,False,
positive,/mnt/MammoDiffusion/MammoDiffusion/experiments/diffusers/04_sd21_lora/generated_images/final/positive/gen_0540.png,gen_0540.png,104.7912,82.0,2.0,0.24352264404296875,0.9665559697985526,0.2694053649902344,146.60620477748043,41.15147516987407,5.616822535672625,687.7210083007812,0.0,0.0,False,,-22.584651114145153,True,894.0
positive,/mnt/MammoDiffusion/MammoDiffusion/experiments/diffusers/04_sd21_lora/generated_images/final/positive/gen_0541.png,gen_0541.png,96.6868,65.0,3.0,0.20260238647460938,0.8920939165144697,0.21466064453125,155.18227537674153,57.41559792437212,5.983920002603442,1180.46923828125,0.0,0.0,False,,-66.258736896004,False,
positive,/mnt/MammoDiffusion/MammoDiffusion/experiments/diffusers/04_sd21_lora/generated_images/final/positive/gen_0542.png,gen_0542.png,103.7912,81.0,2.0,0.28665924072265625,0.891837223538179,0.2435455322265625,156.262906459495,42.56575827182154,5.749715102262639,781.8756713867188,0.0,0.0,False,,-64.65541296145354,False,
positive,/mnt/MammoDiffusion/MammoDiffusion/experiments/diffusers/04_sd21_lora/generated_images/final/positive/gen_0543.png,gen_0543.png,113.5824,73.0,4.0,0.1714324951171875,0.7978415665331553,0.17134857177734375,167.01954672959616,45.93333630659892,6.053499618826027,1507.201416015625,0.0,0.0,False,,-118.90494696001537,False,
positive,/mnt/MammoDiffusion/MammoDiffusion/experiments/diffusers/04_sd21_lora/generated_images/final/positive/gen_0544.png,gen_0544.png,98.7912,76.0,2.0,0.2123870849609375,0.9487930167397083,0.24249267578125,149.9352504404732,55.16511430185316,5.891760118490232,1080.1131591796875,0.0,0.0,False,,-34.05606916661531,True,1199.0
positive,/mnt/MammoDiffusion/MammoDiffusion/experiments/diffusers/04_sd21_lora/generated_images/final/positive/gen_0545.png,gen_0545.png,135.5824,95.0,4.0,0.20612335205078125,0.9051152977754747,0.19857406616210938,184.86139659975026,37.55316379439337,6.371809669828857,1438.5537109375,0.0,0.0,False,,-59.73411192618396,False,
positive,/mnt/MammoDiffusion/MammoDiffusion/experiments/diffusers/04_sd21_lora/generated_images/final/positive/gen_0546.png,gen_0546.png,71.6868,40.0,3.0,0.2805633544921875,0.9558519606243542,0.28749847412109375,142.36243133508478,53.51791277327839,6.133703329509176,1693.640869140625,0.0,0.0,False,,-30.479595284420625,True,1093.0
positive,/mnt/MammoDiffusion/MammoDiffusion/experiments/diffusers/04_sd21_lora/generated_images/final/positive/gen_0547.png,gen_0547.png,15.8956,2.0,1.0,0.6429100036621094,0.9982733556827958,0.652374267578125,104.29635823548674,64.04204950067592,6.958229445703413,1810.7655029296875,0.0,0.0,False,,-8.370958930940278,True,166.0
positive,/mnt/MammoDiffusion/MammoDiffusion/experiments/diffusers/04_sd21_lora/generated_images/final/positive/gen_0548.png,gen_0548.png,133.5824,93.0,4.0,0.13187789916992188,0.7163807815799369,0.1022491455078125,175.38848679301597,32.20406208766897,5.791195647017695,1193.567138671875,0.0,0.0,True,too_empty,,False,
positive,/mnt/MammoDiffusion/MammoDiffusion/experiments/diffusers/04_sd21_lora/generated_images/final/positive/gen_0549.png,gen_0549.png,68.6868,37.0,3.0,0.2529563903808594,0.9189877999125333,0.2976226806640625,121.49188669571905,62.66795795231262,6.266270525337385,1637.62548828125,0.0,0.0,False,,-50.94967000509735,False,
positive,/mnt/MammoDiffusion/MammoDiffusion/experiments/diffusers/04_sd21_lora/generated_images/final/positive/gen_0550.png,gen_0550.png,45.7912,23.0,2.0,0.36737060546875,0.9843101013457385,0.3930511474609375,114.57509996506076,61.344252360015645,5.9911043928657435,1397.014892578125,0.0,0.0,False,,-13.164644781072084,True,535.0
positive,/mnt/MammoDiffusion/MammoDiffusion/experiments/diffusers/04_sd21_lora/generated_images/final/positive/gen_0551.png,gen_0551.png,118.7912,96.0,2.0,0.17130279541015625,0.9297421280007127,0.18922042846679688,161.8315021268875,46.19236786086379,5.119086249056102,483.58587646484375,0.0,0.0,False,,-44.147830740583366,False,
positive,/mnt/MammoDiffusion/MammoDiffusion/experiments/diffusers/04_sd21_lora/generated_images/final/positive/gen_0552.png,gen_0552.png,220.0,215.0,16.0,0.4093208312988281,0.9474375821287779,0.38665771484375,230.86063535911603,17.749576552382866,7.088693785240812,1795.3056640625,0.0,0.0,False,,-38.91654333309613,True,1316.0
positive,/mnt/MammoDiffusion/MammoDiffusion/experiments/diffusers/04_sd21_lora/generated_images/final/positive/gen_0553.png,gen_0553.png,122.6868,91.0,3.0,0.13070297241210938,0.8846861045442606,0.11346435546875,182.09470817643896,33.29850373864795,5.529437322123339,1110.489990234375,0.0,0.0,True,too_empty,,False,
positive,/mnt/MammoDiffusion/MammoDiffusion/experiments/diffusers/04_sd21_lora/generated_images/final/positive/gen_0554.png,gen_0554.png,215.0,212.0,1.0,0.04514312744140625,0.4844515801926652,0.022106170654296875,224.7779119930975,9.251851226597209,5.889898853739265,1339.3416748046875,0.0,0.0,True,too_empty,,False,
positive,/mnt/MammoDiffusion/MammoDiffusion/experiments/diffusers/04_sd21_lora/generated_images/final/positive/gen_0555.png,gen_0555.png,103.8956,90.0,1.0,0.25005340576171875,0.9806254767353165,0.2828102111816406,146.2900036419062,48.0151596992441,5.131256347924087,422.3105773925781,0.0,0.0,False,,-15.00582928160693,True,607.0
positive,/mnt/MammoDiffusion/MammoDiffusion/experiments/diffusers/04_sd21_lora/generated_images/final/positive/gen_0556.png,gen_0556.png,68.6868,37.0,3.0,0.38263702392578125,0.9887843199808586,0.4126319885253906,129.30303506549936,57.0530471426124,6.788648695915862,1598.57763671875,0.0,0.0,False,,-11.865123121667086,True,464.0
positive,/mnt/MammoDiffusion/MammoDiffusion/experiments/diffusers/04_sd21_lora/generated_images/final/positive/gen_0557.png,gen_0557.png,101.7912,79.0,2.0,0.23765182495117188,0.7384067159986517,0.20343399047851562,153.8781713514223,48.32319559123681,5.974834243271591,1059.865234375,0.0,0.0,True,fragmented_mask,,False,
positive,/mnt/MammoDiffusion/MammoDiffusion/experiments/diffusers/04_sd21_lora/generated_images/final/positive/gen_0558.png,gen_0558.png,136.7912,114.0,2.0,0.13871002197265625,0.49711237005665254,0.06711196899414062,187.2639686238845,22.48238999590237,5.561167013931126,590.1085815429688,0.0,0.0,True,too_empty,,False,
positive,/mnt/MammoDiffusion/MammoDiffusion/experiments/diffusers/04_sd21_lora/generated_images/final/positive/gen_0559.png,gen_0559.png,59.5824,19.0,4.0,0.43082427978515625,0.9866741043758522,0.45233917236328125,131.93485300814655,56.43206891379653,7.144846625626003,2194.110107421875,0.0,0.0,False,,-14.425575253166084,True,585.0
positive,/mnt/MammoDiffusion/MammoDiffusion/experiments/diffusers/04_sd21_lora/generated_images/final/positive/gen_0560.png,gen_0560.png,88.7912,66.0,2.0,0.3700218200683594,0.987659666594501,0.4152412414550781,139.17779941756314,49.97792838430328,6.404362554867182,1119.4049072265625,0.0,0.0,False,,-11.340465103436108,True,437.0
positive,/mnt/MammoDiffusion/MammoDiffusion/experiments/diffusers/04_sd21_lora/generated_images/final/positive/gen_0561.png,gen_0561.png,90.8956,77.0,1.0,0.2576141357421875,0.9511342770834568,0.2812919616699219,137.38991578404915,45.72309489604327,5.2362465960088205,679.5241088867188,0.0,0.0,False,,-30.743500341288843,True,1097.0
positive,/mnt/MammoDiffusion/MammoDiffusion/experiments/diffusers/04_sd21_lora/generated_images/final/positive/gen_0562.png,gen_0562.png,135.7912,113.0,2.0,0.17644500732421875,0.8715570545250141,0.16420745849609375,173.44833434000836,28.775943630581743,5.48381693307333,533.072998046875,0.0,0.0,False,,-77.67847983304114,False,
positive,/mnt/MammoDiffusion/MammoDiffusion/experiments/diffusers/04_sd21_lora/generated_images/final/positive/gen_0563.png,gen_0563.png,152.6868,121.0,3.0,0.0730133056640625,0.8107628004179729,0.05773162841796875,182.42467292189772,17.586178201813315,4.810946161752469,544.3703002929688,0.0,0.0,True,too_empty,,False,
positive,/mnt/MammoDiffusion/MammoDiffusion/experiments/diffusers/04_sd21_lora/generated_images/final/positive/gen_0564.png,gen_0564.png,91.5824,51.0,4.0,0.2881355285644531,0.7380615095388771,0.21779632568359375,150.96412933057763,48.00150709195763,6.871334477483216,1309.60009765625,0.0,0.0,True,fragmented_mask,,False,
positive,/mnt/MammoDiffusion/MammoDiffusion/experiments/diffusers/04_sd21_lora/generated_images/final/positive/gen_0565.png,gen_0565.png,85.7912,63.0,2.0,0.2515373229980469,0.9586587603694323,0.2771797180175781,141.53259657863228,53.98300543561768,5.767503357361602,1124.5875244140625,0.0,0.0,False,,-27.936510176661475,True,1039.0
positive,/mnt/MammoDiffusion/MammoDiffusion/experiments/diffusers/04_sd21_lora/generated_images/final/positive/gen_0566.png,gen_0566.png,125.7912,103.0,2.0,0.18393325805664062,0.9473422236970364,0.197662353515625,164.4702408522464,40.977007930413556,5.444091442932588,623.2522583007812,0.0,0.0,False,,-34.179273725950594,True,1202.0
positive,/mnt/MammoDiffusion/MammoDiffusion/experiments/diffusers/04_sd21_lora/generated_images/final/positive/gen_0567.png,gen_0567.png,99.6868,68.0,3.0,0.1332244873046875,0.9047359981674493,0.13936614990234375,157.86886188208246,54.64694927855964,5.5612455237250655,1368.21923828125,0.0,0.0,False,,-59.448492485934146,False,
positive,/mnt/MammoDiffusion/MammoDiffusion/experiments/diffusers/04_sd21_lora/generated_images/final/positive/gen_0568.png,gen_0568.png,120.6868,89.0,3.0,0.2353057861328125,0.896537189546722,0.220184326171875,171.97273042273042,38.63479949176171,6.244982305461139,1359.5792236328125,0.0,0.0,False,,-63.65886184327906,False,
positive,/mnt/MammoDiffusion/MammoDiffusion/experiments/diffusers/04_sd21_lora/generated_images/final/positive/gen_0569.png,gen_0569.png,30.8956,17.0,1.0,0.5535087585449219,0.9962094845588184,0.5715713500976562,105.08383944899022,60.33069038305406,6.762036491254003,1557.9876708984375,0.0,0.0,False,,-8.229382927124998,True,139.0
positive,/mnt/MammoDiffusion/MammoDiffusion/experiments/diffusers/04_sd21_lora/generated_images/final/positive/gen_0570.png,gen_0570.png,127.7912,105.0,2.0,0.1962127685546875,0.9076911112839257,0.19437789916992188,168.21858502600332,34.123133108330585,5.451727615568825,582.8379516601562,0.0,0.0,False,,-56.78185774733444,False,
positive,/mnt/MammoDiffusion/MammoDiffusion/experiments/diffusers/04_sd21_lora/generated_images/final/positive/gen_0571.png,gen_0571.png,77.6868,46.0,3.0,0.19041061401367188,0.9646799559250726,0.22430419921875,134.8738095238095,61.39256609070689,6.028687608803964,1484.8033447265625,0.0,0.0,False,,-25.970632602486784,True,992.0
positive,/mnt/MammoDiffusion/MammoDiffusion/experiments/diffusers/04_sd21_lora/generated_images/final/positive/gen_0572.png,gen_0572.png,181.0,161.0,5.0,0.049060821533203125,0.5735945882901796,0.026363372802734375,199.16191578642744,13.423868066400528,6.760138977718482,1039.2423095703125,0.0,0.0,True,too_empty,,False,
positive,/mnt/MammoDiffusion/MammoDiffusion/experiments/diffusers/04_sd21_lora/generated_images/final/positive/gen_0573.png,gen_0573.png,81.7912,59.0,2.0,0.41565704345703125,0.8974504873258567,0.479400634765625,125.39451110828188,52.72668969514326,6.639335666082686,889.8302612304688,0.0,0.0,False,,-61.58216443677023,False,
positive,/mnt/MammoDiffusion/MammoDiffusion/experiments/diffusers/04_sd21_lora/generated_images/final/positive/gen_0574.png,gen_0574.png,115.8956,102.0,1.0,0.21810150146484375,0.9330989610662189,0.2340240478515625,148.20281019756146,30.09236846040304,5.026297026865253,317.5521545410156,0.0,0.0,False,,-41.98781428247265,False,
positive,/mnt/MammoDiffusion/MammoDiffusion/experiments/diffusers/04_sd21_lora/generated_images/final/positive/gen_0575.png,gen_0575.png,94.5824,54.0,4.0,0.20659255981445312,0.8780213084181177,0.2252655029296875,144.63731965047754,57.45683398317576,6.282649280907647,1960.443603515625,0.0,0.0,False,,-74.93659489114117,False,
positive,/mnt/MammoDiffusion/MammoDiffusion/experiments/diffusers/04_sd21_lora/generated_images/final/positive/gen_0576.png,gen_0576.png,53.7912,31.0,2.0,0.5766677856445312,0.996163259906066,0.5973243713378906,118.24527892199126,50.292338635520956,7.022312219194057,1424.6151123046875,0.0,0.0,False,,-8.214194430416844,True,135.0
positive,/mnt/MammoDiffusion/MammoDiffusion/experiments/diffusers/04_sd21_lora/generated_images/final/positive/gen_0577.png,gen_0577.png,104.8956,91.0,1.0,0.24357986450195312,0.941365323477362,0.22602462768554688,152.50799142630504,38.55636465276784,5.237784150154763,455.3330078125,0.0,0.0,False,,-37.0245439332919,True,1271.0
positive,/mnt/MammoDiffusion/MammoDiffusion/experiments/diffusers/04_sd21_lora/generated_images/final/positive/gen_0578.png,gen_0578.png,71.3736,13.0,6.0,0.4996337890625,0.9432567798680674,0.5759773254394531,117.1975176999649,52.35017943913751,7.5921266176273505,3010.7763671875,0.0,0.0,False,,-40.07420497885086,True,1334.0
positive,/mnt/MammoDiffusion/MammoDiffusion/experiments/diffusers/04_sd21_lora/generated_images/final/positive/gen_0579.png,gen_0579.png,220.0,253.0,1.0,0.2855491638183594,0.9568231915035735,0.2636604309082031,248.66439515603975,31.79939447419005,6.393083920539491,1849.4034423828125,0.0,0.0,False,,-33.46784144464937,True,1184.0
positive,/mnt/MammoDiffusion/MammoDiffusion/experiments/diffusers/04_sd21_lora/generated_images/final/positive/gen_0580.png,gen_0580.png,220.0,235.0,19.0,0.48059844970703125,0.9519708539044021,0.45450592041015625,253.16009769526462,14.88643301937745,5.539464275952813,2119.17041015625,0.0,0.0,False,,-36.39833881177451,True,1263.0
positive,/mnt/MammoDiffusion/MammoDiffusion/experiments/diffusers/04_sd21_lora/generated_images/final/positive/gen_0581.png,gen_0581.png,220.0,253.0,1.0,0.2994422912597656,0.8987604621832681,0.26323699951171875,252.1424948555198,17.668423815631282,6.276792281685584,1935.3604736328125,0.0,0.0,False,,-66.8045424281223,False,
positive,/mnt/MammoDiffusion/MammoDiffusion/experiments/diffusers/04_sd21_lora/generated_images/final/positive/gen_0582.png,gen_0582.png,106.7912,84.0,2.0,0.17070388793945312,0.773514491943954,0.1881561279296875,136.43092612115805,51.84520090980111,5.374890374992798,743.6962890625,0.0,0.0,False,,-130.45290104836212,False,
positive,/mnt/MammoDiffusion/MammoDiffusion/experiments/diffusers/04_sd21_lora/generated_images/final/positive/gen_0583.png,gen_0583.png,93.6868,62.0,3.0,0.25391387939453125,0.9625762447041856,0.2700614929199219,149.9037502648492,49.362353184577685,6.300642029471164,1284.581787109375,0.0,0.0,False,,-26.461250131339604,True,1002.0
positive,/mnt/MammoDiffusion/MammoDiffusion/experiments/diffusers/04_sd21_lora/generated_images/final/positive/gen_0584.png,gen_0584.png,61.7912,39.0,2.0,0.42645263671875,0.9626806927150422,0.4285621643066406,141.66553028617207,46.25735334606102,6.246637994804889,574.2378540039062,0.0,0.0,False,,-24.983574401654515,True,965.0
positive,/mnt/MammoDiffusion/MammoDiffusion/experiments/diffusers/04_sd21_lora/generated_images/final/positive/gen_0585.png,gen_0585.png,148.5824,108.0,4.0,0.07374191284179688,0.9095235631886607,0.06507492065429688,192.31877601266194,19.79024554841278,5.176974591950566,1331.5330810546875,0.0,0.0,True,too_empty,,False,
positive,/mnt/MammoDiffusion/MammoDiffusion/experiments/diffusers/04_sd21_lora/generated_images/final/positive/gen_0586.png,gen_0586.png,74.6868,43.0,3.0,0.397918701171875,0.9901928828897921,0.4346351623535156,138.436873008768,55.67438963512425,6.644530469303676,1292.240966796875,0.0,0.0,False,,-10.893817095636374,True,404.0
positive,/mnt/MammoDiffusion/MammoDiffusion/experiments/diffusers/04_sd21_lora/generated_images/final/positive/gen_0587.png,gen_0587.png,103.5824,63.0,4.0,0.23698043823242188,0.9363037844276677,0.2573280334472656,155.65970914804987,48.96031006889549,6.396449964462887,1526.2135009765625,0.0,0.0,False,,-41.67400926965114,False,
positive,/mnt/MammoDiffusion/MammoDiffusion/experiments/diffusers/04_sd21_lora/generated_images/final/positive/gen_0588.png,gen_0588.png,115.7912,93.0,2.0,0.172882080078125,0.921072374227714,0.18287277221679688,158.49852938108847,40.99744221001653,5.2535057521403985,626.5284423828125,0.0,0.0,False,,-48.4921235765272,False,
positive,/mnt/MammoDiffusion/MammoDiffusion/experiments/diffusers/04_sd21_lora/generated_images/final/positive/gen_0589.png,gen_0589.png,76.7912,54.0,2.0,0.40936279296875,0.979955643357686,0.4407234191894531,135.83923208087734,50.98854361219773,6.361184087033784,1030.397216796875,0.0,0.0,False,,-15.607022067118855,True,637.0
positive,/mnt/MammoDiffusion/MammoDiffusion/experiments/diffusers/04_sd21_lora/generated_images/final/positive/gen_0590.png,gen_0590.png,64.5824,24.0,4.0,0.3747749328613281,0.9425517838057916,0.4161262512207031,120.29943621946188,57.7235808121662,7.0215869891137075,2020.4052734375,0.0,0.0,False,,-38.07996848552712,True,1295.0
positive,/mnt/MammoDiffusion/MammoDiffusion/experiments/diffusers/04_sd21_lora/generated_images/final/positive/gen_0591.png,gen_0591.png,220.0,244.0,10.0,0.11747360229492188,0.5498944633869135,0.060482025146484375,252.57742037212236,13.442048235631566,7.057618396223932,1291.0172119140625,0.0,0.0,True,too_empty,,False,
positive,/mnt/MammoDiffusion/MammoDiffusion/experiments/diffusers/04_sd21_lora/generated_images/final/positive/gen_0592.png,gen_0592.png,42.7912,20.0,2.0,0.4522819519042969,0.9939272791680372,0.4981346130371094,110.57222609374881,63.49268572801962,6.619439459145684,1539.359619140625,0.0,0.0,False,,-9.228870875250365,True,268.0
positive,/mnt/MammoDiffusion/MammoDiffusion/experiments/diffusers/04_sd21_lora/generated_images/final/positive/gen_0593.png,gen_0593.png,122.6868,91.0,3.0,0.13972854614257812,0.7239072865762101,0.06597137451171875,154.1150109864693,32.200072982494014,5.876877650811511,963.1176147460938,0.0,0.0,True,too_empty,,False,
positive,/mnt/MammoDiffusion/MammoDiffusion/experiments/diffusers/04_sd21_lora/generated_images/final/positive/gen_0594.png,gen_0594.png,77.7912,55.0,2.0,0.3532867431640625,0.9917181358787198,0.3862266540527344,135.04612482345155,52.615781499466806,6.16721164759438,956.6591796875,0.0,0.0,False,,-8.737734224506406,True,209.0
positive,/mnt/MammoDiffusion/MammoDiffusion/experiments/diffusers/04_sd21_lora/generated_images/final/positive/gen_0595.png,gen_0595.png,80.6868,49.0,3.0,0.3602027893066406,0.9073762245168123,0.38216400146484375,137.40263720029546,54.75529799566318,6.785678947236287,1492.30224609375,0.0,0.0,False,,-57.086958884866675,False,
positive,/mnt/MammoDiffusion/MammoDiffusion/experiments/diffusers/04_sd21_lora/generated_images/final/positive/gen_0596.png,gen_0596.png,48.7912,26.0,2.0,0.4053916931152344,0.9923779770586519,0.43555450439453125,112.28615845434322,57.643230401432746,6.408584896319825,1558.4178466796875,0.0,0.0,False,,-9.122171144603293,True,256.0
positive,/mnt/MammoDiffusion/MammoDiffusion/experiments/diffusers/04_sd21_lora/generated_images/final/positive/gen_0597.png,gen_0597.png,78.7912,56.0,2.0,0.4231147766113281,0.9860886969535779,0.4574127197265625,130.8472578977216,49.25233720839057,6.443878609377979,1007.752197265625,0.0,0.0,False,,-12.092740592022079,True,475.0
positive,/mnt/MammoDiffusion/MammoDiffusion/experiments/diffusers/04_sd21_lora/generated_images/final/positive/gen_0598.png,gen_0598.png,135.5824,95.0,4.0,0.17950057983398438,0.48524067580490915,0.08514785766601562,188.69329331123157,25.184384591948106,6.24037425270007,1230.4124755859375,0.0,0.0,True,too_empty,,False,
positive,/mnt/MammoDiffusion/MammoDiffusion/experiments/diffusers/04_sd21_lora/generated_images/final/positive/gen_0599.png,gen_0599.png,87.7912,65.0,2.0,0.3063163757324219,0.9693395932701528,0.3769645690917969,128.41939303170443,51.58948248426517,5.916977901784905,1051.878173828125,0.0,0.0,False,,-20.821340583374997,True,839.0
positive,/mnt/MammoDiffusion/MammoDiffusion/experiments/diffusers/04_sd21_lora/generated_images/final/positive/gen_0600.png,gen_0600.png,94.47800000000001,45.0,5.0,0.19865036010742188,0.9774555928948632,0.2335205078125,143.18235428646105,53.29712772888347,6.42169898064941,2385.76171875,0.0,0.0,False,,-19.994167861648002,True,811.0
positive,/mnt/MammoDiffusion/MammoDiffusion/experiments/diffusers/04_sd21_lora/generated_images/final/positive/gen_0601.png,gen_0601.png,91.6868,60.0,3.0,0.243316650390625,0.8767716041640536,0.2406158447265625,155.95633838543978,53.729816125760266,6.281974964798645,1368.927490234375,0.0,0.0,False,,-74.88040667860417,False,
positive,/mnt/MammoDiffusion/MammoDiffusion/experiments/diffusers/04_sd21_lora/generated_images/final/positive/gen_0602.png,gen_0602.png,220.0,253.0,1.0,0.23068618774414062,0.8991616093132473,0.2013702392578125,250.50774797302418,25.077150725364945,6.682593903499036,1624.889404296875,0.0,0.0,False,,-66.44333529315001,False,
positive,/mnt/MammoDiffusion/MammoDiffusion/experiments/diffusers/04_sd21_lora/generated_images/final/positive/gen_0603.png,gen_0603.png,114.6868,83.0,3.0,0.2039794921875,0.8476959904248953,0.18778610229492188,164.8336685152457,42.070429771534485,6.130981260364539,773.9546508789062,0.0,0.0,False,,-90.15249590903598,False,
positive,/mnt/MammoDiffusion/MammoDiffusion/experiments/diffusers/04_sd21_lora/generated_images/final/positive/gen_0604.png,gen_0604.png,61.7912,39.0,2.0,0.4029083251953125,0.9858454838098845,0.4503173828125,121.92771584440227,61.81953758061866,6.3341408414686935,1434.8018798828125,0.0,0.0,False,,-13.212656731555015,True,540.0
positive,/mnt/MammoDiffusion/MammoDiffusion/experiments/diffusers/04_sd21_lora/generated_images/final/positive/gen_0605.png,gen_0605.png,139.5824,99.0,4.0,0.1690826416015625,0.8888863820954788,0.14422607421875,183.86174883622513,29.04810461178878,6.103435964352132,1048.2982177734375,0.0,0.0,False,,-68.93635337446092,False,
positive,/mnt/MammoDiffusion/MammoDiffusion/experiments/diffusers/04_sd21_lora/generated_images/final/positive/gen_0606.png,gen_0606.png,77.6868,46.0,3.0,0.31862640380859375,0.9184804731460863,0.3418121337890625,141.79258738449175,56.84326249600268,6.435857323324663,1392.08447265625,0.0,0.0,False,,-51.0070203497138,False,
positive,/mnt/MammoDiffusion/MammoDiffusion/experiments/diffusers/04_sd21_lora/generated_images/final/positive/gen_0607.png,gen_0607.png,129.5824,89.0,4.0,0.21818161010742188,0.4425911355887752,0.10360336303710938,159.04440516955705,36.886664712742835,6.290728942643916,650.77978515625,0.0,0.0,True,too_empty,,False,
positive,/mnt/MammoDiffusion/MammoDiffusion/experiments/diffusers/04_sd21_lora/generated_images/final/positive/gen_0608.png,gen_0608.png,117.7912,95.0,2.0,0.2651939392089844,0.9431378472072383,0.2903175354003906,164.90715458905458,43.60459040332627,5.989601776378951,820.1879272460938,0.0,0.0,False,,-36.382729384442484,True,1262.0
positive,/mnt/MammoDiffusion/MammoDiffusion/experiments/diffusers/04_sd21_lora/generated_images/final/positive/gen_0609.png,gen_0609.png,126.8956,113.0,1.0,0.12132644653320312,0.3246344914321648,0.040363311767578125,162.14582742651922,34.45431879968839,4.975303142947894,543.7047119140625,0.0,0.0,True,too_empty,,False,
positive,/mnt/MammoDiffusion/MammoDiffusion/experiments/diffusers/04_sd21_lora/generated_images/final/positive/gen_0610.png,gen_0610.png,188.0,182.0,3.0,0.049007415771484375,0.4815131937417296,0.024463653564453125,200.18727584593793,11.106336328608311,6.700151070908306,1231.1688232421875,0.0,0.0,True,too_empty,,False,
positive,/mnt/MammoDiffusion/MammoDiffusion/experiments/diffusers/04_sd21_lora/generated_images/final/positive/gen_0611.png,gen_0611.png,173.8956,160.0,1.0,0.09085464477539062,0.6682621656799765,0.06468963623046875,192.94079490505956,15.777275728681408,6.096415321090976,965.5440063476562,0.0,0.0,True,too_empty,,False,
positive,/mnt/MammoDiffusion/MammoDiffusion/experiments/diffusers/04_sd21_lora/generated_images/final/positive/gen_0612.png,gen_0612.png,98.8956,85.0,1.0,0.18787002563476562,0.9134804767609495,0.22997283935546875,140.46223003682448,54.67106651008006,5.152634355334307,631.1072387695312,0.0,0.0,False,,-52.69921834183256,False,
positive,/mnt/MammoDiffusion/MammoDiffusion/experiments/diffusers/04_sd21_lora/generated_images/final/positive/gen_0613.png,gen_0613.png,93.5824,53.0,4.0,0.3789405822753906,0.7917996315572244,0.34589385986328125,146.74987317202286,49.314230873095816,6.874938236357151,1162.8603515625,0.0,0.0,False,,-121.08734328831115,False,
positive,/mnt/MammoDiffusion/MammoDiffusion/experiments/diffusers/04_sd21_lora/generated_images/final/positive/gen_0614.png,gen_0614.png,25.7912,3.0,2.0,0.6693267822265625,0.9865724381625441,0.6671714782714844,116.73052402870293,54.34917615656887,7.103199080054519,1385.9222412109375,0.0,0.0,False,,-14.282556203281072,True,576.0
positive,/mnt/MammoDiffusion/MammoDiffusion/experiments/diffusers/04_sd21_lora/generated_images/final/positive/gen_0615.png,gen_0615.png,201.0,182.0,15.0,0.04834747314453125,0.16806059649676502,0.00601959228515625,203.94106463878327,46.411925933196535,6.964447595951262,2118.202880859375,0.0,0.0,True,too_empty,,False,
positive,/mnt/MammoDiffusion/MammoDiffusion/experiments/diffusers/04_sd21_lora/generated_images/final/positive/gen_0616.png,gen_0616.png,149.8956,136.0,1.0,0.11998367309570312,0.7377356690935681,0.054866790771484375,189.99186539664882,18.77587680782873,4.529109767522781,391.1990966796875,0.0,0.0,True,too_empty,,False,
positive,/mnt/MammoDiffusion/MammoDiffusion/experiments/diffusers/04_sd21_lora/generated_images/final/positive/gen_0617.png,gen_0617.png,145.478,96.0,5.0,0.13339996337890625,0.442951100943666,0.056850433349609375,212.54787626652353,26.626782492112984,6.169483527365141,1266.949462890625,0.0,0.0,True,too_empty,,False,
positive,/mnt/MammoDiffusion/MammoDiffusion/experiments/diffusers/04_sd21_lora/generated_images/final/positive/gen_0618.png,gen_0618.png,220.0,184.0,33.0,0.20137405395507812,0.06486199776468582,0.003116607666015625,229.0061199510404,9.068957193526883,7.115174154922416,2934.80517578125,0.0,0.0,True,too_empty,,False,
positive,/mnt/MammoDiffusion/MammoDiffusion/experiments/diffusers/04_sd21_lora/generated_images/final/positive/gen_0619.png,gen_0619.png,130.5824,90.0,4.0,0.13385772705078125,0.8981191222570533,0.138336181640625,172.28783366424003,44.255626019479585,5.8257466996347755,1154.8321533203125,0.0,0.0,False,,-62.83396387393298,False,
positive,/mnt/MammoDiffusion/MammoDiffusion/experiments/diffusers/04_sd21_lora/generated_images/final/positive/gen_0620.png,gen_0620.png,141.6868,110.0,3.0,0.10759353637695312,0.8845594752703422,0.09566879272460938,173.40595717532597,29.4884208866148,5.341479508227527,866.1022338867188,0.0,0.0,True,too_empty,,False,
positive,/mnt/MammoDiffusion/MammoDiffusion/experiments/diffusers/04_sd21_lora/generated_images/final/positive/gen_0621.png,gen_0621.png,79.7912,57.0,2.0,0.2850456237792969,0.9761251555745888,0.34119415283203125,122.3995661993247,51.71572643169886,6.047456071057452,1262.1416015625,0.0,0.0,False,,-17.50748400459732,True,703.0
positive,/mnt/MammoDiffusion/MammoDiffusion/experiments/diffusers/04_sd21_lora/generated_images/final/positive/gen_0622.png,gen_0622.png,45.6868,14.0,3.0,0.6994857788085938,0.9851062901519365,0.7008781433105469,118.96424120045066,43.62342615542463,7.2764232735980015,1209.132568359375,0.0,0.0,False,,-14.587726510310317,True,596.0
positive,/mnt/MammoDiffusion/MammoDiffusion/experiments/diffusers/04_sd21_lora/generated_images/final/positive/gen_0623.png,gen_0623.png,79.7912,57.0,2.0,0.440521240234375,0.99583477658469,0.44158935546875,150.21211126468555,41.68469299511287,6.23525464263933,780.5487060546875,0.0,0.0,False,,-6.336011528870981,True,18.0
positive,/mnt/MammoDiffusion/MammoDiffusion/experiments/diffusers/04_sd21_lora/generated_images/final/positive/gen_0624.png,gen_0624.png,75.7912,53.0,2.0,0.4310188293457031,0.9983272707962721,0.4344749450683594,141.7089775670574,41.84758433820334,6.303991674916898,812.2293090820312,0.0,0.0,False,,-4.684525698653299,True,0.0
positive,/mnt/MammoDiffusion/MammoDiffusion/experiments/diffusers/04_sd21_lora/generated_images/final/positive/gen_0625.png,gen_0625.png,57.6868,26.0,3.0,0.23944473266601562,0.9424238079306664,0.25801849365234375,125.40781809042254,62.712225889811855,6.069848697339049,2099.03857421875,0.0,0.0,False,,-38.70176940008759,True,1309.0
positive,/mnt/MammoDiffusion/MammoDiffusion/experiments/diffusers/04_sd21_lora/generated_images/final/positive/gen_0626.png,gen_0626.png,57.6868,26.0,3.0,0.3647804260253906,0.9232522875816993,0.38726806640625,122.1053585500394,61.373437644916876,6.755279176755627,1587.7139892578125,0.0,0.0,False,,-48.32507616103006,False,
positive,/mnt/MammoDiffusion/MammoDiffusion/experiments/diffusers/04_sd21_lora/generated_images/final/positive/gen_0627.png,gen_0627.png,107.7912,85.0,2.0,0.2855415344238281,0.9673760570718608,0.31797027587890625,154.8560357031456,46.24779752771762,5.884109000234209,615.2027587890625,0.0,0.0,False,,-22.766426047003,True,900.0
positive,/mnt/MammoDiffusion/MammoDiffusion/experiments/diffusers/04_sd21_lora/generated_images/final/positive/gen_0628.png,gen_0628.png,48.5824,8.0,4.0,0.6384391784667969,0.979057497774299,0.6936798095703125,106.02627526891182,53.57727911144196,7.541503319094431,2369.38037109375,0.0,0.0,False,,-19.895489273421003,True,803.0
positive,/mnt/MammoDiffusion/MammoDiffusion/experiments/diffusers/04_sd21_lora/generated_images/final/positive/gen_0629.png,gen_0629.png,107.6868,76.0,3.0,0.20638275146484375,0.9200399245868914,0.20157623291015625,161.18447447106468,44.42316532485705,5.946678297318774,918.6085205078125,0.0,0.0,False,,-49.737108283689594,False,
positive,/mnt/MammoDiffusion/MammoDiffusion/experiments/diffusers/04_sd21_lora/generated_images/final/positive/gen_0630.png,gen_0630.png,106.47800000000001,57.0,5.0,0.20122909545898438,0.8887983166195902,0.18508529663085938,158.56175931078548,44.89316255963403,6.633037362452869,1966.61669921875,0.0,0.0,False,,-69.11490865175499,False,
positive,/mnt/MammoDiffusion/MammoDiffusion/experiments/diffusers/04_sd21_lora/generated_images/final/positive/gen_0631.png,gen_0631.png,53.6868,22.0,3.0,0.554443359375,0.9931128907970057,0.6002616882324219,116.75016999777573,55.10957138009024,7.144450457444497,1416.5662841796875,0.0,0.0,False,,-10.332569789339006,True,364.0
positive,/mnt/MammoDiffusion/MammoDiffusion/experiments/diffusers/04_sd21_lora/generated_images/final/positive/gen_0632.png,gen_0632.png,102.47800000000001,53.0,5.0,0.26690673828125,0.9570375028584496,0.309112548828125,157.40616052917366,53.573605561990476,6.734835957100924,1876.0050048828125,0.0,0.0,False,,-30.956079279390007,True,1107.0
positive,/mnt/MammoDiffusion/MammoDiffusion/experiments/diffusers/04_sd21_lora/generated_images/final/positive/gen_0633.png,gen_0633.png,57.6868,26.0,3.0,0.4337196350097656,0.9787065621784216,0.512359619140625,111.82515337423312,59.328689742090184,6.985201903312473,1714.0670166015625,0.0,0.0,False,,-18.095707646403653,True,731.0
positive,/mnt/MammoDiffusion/MammoDiffusion/experiments/diffusers/04_sd21_lora/generated_images/final/positive/gen_0634.png,gen_0634.png,165.7912,143.0,2.0,0.0527191162109375,0.6522431259044863,0.03067779541015625,188.69709027605074,16.83865869802661,6.046547064865235,498.60546875,0.0,0.0,True,too_empty,,False,
positive,/mnt/MammoDiffusion/MammoDiffusion/experiments/diffusers/04_sd21_lora/generated_images/final/positive/gen_0635.png,gen_0635.png,91.7912,69.0,2.0,0.4458198547363281,0.986138325817796,0.4853172302246094,144.3035457425151,47.760545204246704,6.411827240675289,912.43798828125,0.0,0.0,False,,-12.410167321899305,True,493.0
positive,/mnt/MammoDiffusion/MammoDiffusion/experiments/diffusers/04_sd21_lora/generated_images/final/positive/gen_0636.png,gen_0636.png,198.0,194.0,2.0,0.0327301025390625,0.08881118881118881,0.00365447998046875,207.2713987473904,7.416721805766483,6.056158182437099,801.7178955078125,0.0,0.0,True,too_empty,,False,
positive,/mnt/MammoDiffusion/MammoDiffusion/experiments/diffusers/04_sd21_lora/generated_images/final/positive/gen_0637.png,gen_0637.png,220.0,215.0,30.0,0.2591361999511719,0.9088192430554534,0.23330307006835938,244.05219182785854,20.583710268021953,7.16205413232821,1997.7239990234375,0.0,0.0,False,,-61.91742365771595,False,
positive,/mnt/MammoDiffusion/MammoDiffusion/experiments/diffusers/04_sd21_lora/generated_images/final/positive/gen_0638.png,gen_0638.png,208.0,203.0,2.0,0.047870635986328125,0.2540441469439796,0.007244110107421875,214.1321748288573,5.00583251802363,6.710684934811571,1471.3310546875,0.0,0.0,True,too_empty,,False,
positive,/mnt/MammoDiffusion/MammoDiffusion/experiments/diffusers/04_sd21_lora/generated_images/final/positive/gen_0639.png,gen_0639.png,58.478,9.0,5.0,0.5479736328125,0.9517222655379818,0.5505599975585938,134.0248465279991,52.31094552206348,7.3525757451403395,2670.427490234375,0.0,0.0,False,,-35.05860243636552,True,1226.0
positive,/mnt/MammoDiffusion/MammoDiffusion/experiments/diffusers/04_sd21_lora/generated_images/final/positive/gen_0640.png,gen_0640.png,156.3736,98.0,6.0,0.0879364013671875,0.34951414193996183,0.0290985107421875,204.7520975353959,28.314012441361143,6.33701692734449,2001.040283203125,0.0,0.0,True,too_empty,,False,
positive,/mnt/MammoDiffusion/MammoDiffusion/experiments/diffusers/04_sd21_lora/generated_images/final/positive/gen_0641.png,gen_0641.png,89.8956,76.0,1.0,0.2599678039550781,0.9910783723899104,0.27916717529296875,143.70127900303353,49.62613947257212,5.135298688597603,631.5826416015625,0.0,0.0,False,,-9.007456404933595,True,245.0
positive,/mnt/MammoDiffusion/MammoDiffusion/experiments/diffusers/04_sd21_lora/generated_images/final/positive/gen_0642.png,gen_0642.png,124.3736,66.0,6.0,0.22501754760742188,0.9295607506738773,0.23143386840820312,176.88569120967875,45.1221151869979,6.816378628469987,2385.906982421875,0.0,0.0,False,,-47.442730006316175,False,
positive,/mnt/MammoDiffusion/MammoDiffusion/experiments/diffusers/04_sd21_lora/generated_images/final/positive/gen_0643.png,gen_0643.png,105.5824,65.0,4.0,0.26849365234375,0.9529722664241873,0.336029052734375,145.88168649532287,51.58752106104407,6.583876368252961,1593.241455078125,0.0,0.0,False,,-32.04237649167912,True,1141.0
positive,/mnt/MammoDiffusion/MammoDiffusion/experiments/diffusers/04_sd21_lora/generated_images/final/positive/gen_0644.png,gen_0644.png,62.7912,40.0,2.0,0.5454521179199219,0.9927685733668096,0.5986175537109375,117.31246335805868,51.280364212505376,6.868663303799032,1447.3785400390625,0.0,0.0,False,,-10.025676049243677,True,338.0
positive,/mnt/MammoDiffusion/MammoDiffusion/experiments/diffusers/04_sd21_lora/generated_images/final/positive/gen_0645.png,gen_0645.png,135.7912,113.0,2.0,0.10091400146484375,0.9754290466470099,0.0947723388671875,173.06049750442762,16.432739909138196,4.4362430777580615,314.57769775390625,0.0,0.0,True,too_empty,,False,
positive,/mnt/MammoDiffusion/MammoDiffusion/experiments/diffusers/04_sd21_lora/generated_images/final/positive/gen_0646.png,gen_0646.png,46.7912,24.0,2.0,0.5811386108398438,0.958271520657468,0.6006622314453125,112.29057538422457,59.831891332812766,6.9582700432098905,1347.148193359375,0.0,0.0,False,,-29.608683589872697,True,1078.0
positive,/mnt/MammoDiffusion/MammoDiffusion/experiments/diffusers/04_sd21_lora/generated_images/final/positive/gen_0647.png,gen_0647.png,143.6868,112.0,3.0,0.20302963256835938,0.9044773875955884,0.2108917236328125,176.850752478113,31.419392662343853,6.063162857305624,829.4197998046875,0.0,0.0,False,,-59.208269305321444,False,
positive,/mnt/MammoDiffusion/MammoDiffusion/experiments/diffusers/04_sd21_lora/generated_images/final/positive/gen_0648.png,gen_0648.png,52.6868,21.0,3.0,0.4282646179199219,0.9944507290655312,0.4318504333496094,137.8691247007694,55.69339515494137,6.637416925484311,1538.750732421875,0.0,0.0,False,,-8.791541691108689,True,217.0
positive,/mnt/MammoDiffusion/MammoDiffusion/experiments/diffusers/04_sd21_lora/generated_images/final/positive/gen_0649.png,gen_0649.png,220.0,222.0,32.0,0.1740875244140625,0.7399640634586729,0.11824417114257812,254.16108010452623,2.4766075117985227,7.046390024614995,1334.157958984375,0.0,0.0,True,too_empty,,False,
positive,/mnt/MammoDiffusion/MammoDiffusion/experiments/diffusers/04_sd21_lora/generated_images/final/positive/gen_0650.png,gen_0650.png,116.0,109.0,2.0,0.047863006591796875,0.875906591217024,0.037540435791015625,150.93669342546488,16.07720538131825,3.738867194338339,157.15017700195312,0.0,0.0,True,too_empty,,False,
positive,/mnt/MammoDiffusion/MammoDiffusion/experiments/diffusers/04_sd21_lora/generated_images/final/positive/gen_0651.png,gen_0651.png,52.8956,39.0,1.0,0.4384727478027344,0.9950932201177976,0.43532562255859375,134.86671690706112,48.05034203928187,6.002205110286166,649.5260009765625,0.0,0.0,False,,-6.617895047148311,True,29.0
positive,/mnt/MammoDiffusion/MammoDiffusion/experiments/diffusers/04_sd21_lora/generated_images/final/positive/gen_0652.png,gen_0652.png,171.0,159.0,3.0,0.0497589111328125,0.5377184912603495,0.026592254638671875,186.2269401807488,12.52280651131441,6.1978450850842695,810.3299560546875,0.0,0.0,True,too_empty,,False,
positive,/mnt/MammoDiffusion/MammoDiffusion/experiments/diffusers/04_sd21_lora/generated_images/final/positive/gen_0653.png,gen_0653.png,92.6868,61.0,3.0,0.21485519409179688,0.8872396711822879,0.2645912170410156,132.424027911939,54.37238871461569,5.939592361579738,1423.030029296875,0.0,0.0,False,,-67.9621632836592,False,
positive,/mnt/MammoDiffusion/MammoDiffusion/experiments/diffusers/04_sd21_lora/generated_images/final/positive/gen_0654.png,gen_0654.png,120.0,106.0,3.0,0.049953460693359375,0.9430316914852998,0.044830322265625,181.7773995915589,25.6311873888335,4.594358625899379,518.171630859375,0.0,0.0,True,too_empty,,False,
positive,/mnt/MammoDiffusion/MammoDiffusion/experiments/diffusers/04_sd21_lora/generated_images/final/positive/gen_0655.png,gen_0655.png,220.0,251.0,1.0,0.38385772705078125,0.9496154075487448,0.36304473876953125,250.2592308500578,18.81126445614955,5.663650396081334,2142.32666015625,0.0,0.0,False,,-37.40760830375513,True,1278.0
positive,/mnt/MammoDiffusion/MammoDiffusion/experiments/diffusers/04_sd21_lora/generated_images/final/positive/gen_0656.png,gen_0656.png,78.47800000000001,29.0,5.0,0.3920783996582031,0.9755596851558167,0.4522666931152344,128.29778422557544,54.23744354181654,7.253235161969254,2108.81494140625,0.0,0.0,False,,-20.331858539964408,True,822.0
positive,/mnt/MammoDiffusion/MammoDiffusion/experiments/diffusers/04_sd21_lora/generated_images/final/positive/gen_0657.png,gen_0657.png,110.7912,88.0,2.0,0.3162345886230469,0.953630321234273,0.39342498779296875,143.60593014912638,43.965037116516875,5.965865114794122,738.8561401367188,0.0,0.0,False,,-29.313091127472095,True,1073.0
positive,/mnt/MammoDiffusion/MammoDiffusion/experiments/diffusers/04_sd21_lora/generated_images/final/positive/gen_0658.png,gen_0658.png,105.8956,92.0,1.0,0.2467803955078125,0.8800315340382119,0.2656707763671875,147.35491930388835,48.393101746048366,5.445937543634279,575.0428466796875,0.0,0.0,False,,-71.15590318476445,False,
positive,/mnt/MammoDiffusion/MammoDiffusion/experiments/diffusers/04_sd21_lora/generated_images/final/positive/gen_0659.png,gen_0659.png,168.0,152.0,4.0,0.048732757568359375,0.5473189823874756,0.02489471435546875,200.9641434262948,19.88154319889736,6.610450628368347,1076.975341796875,0.0,0.0,True,too_empty,,False,
positive,/mnt/MammoDiffusion/MammoDiffusion/experiments/diffusers/04_sd21_lora/generated_images/final/positive/gen_0660.png,gen_0660.png,125.7912,103.0,2.0,0.20426559448242188,0.9464769268119596,0.20151519775390625,159.7952334077916,33.94021471848277,5.583464432811889,589.2548217773438,0.0,0.0,False,,-35.07591530959461,True,1230.0
positive,/mnt/MammoDiffusion/MammoDiffusion/experiments/diffusers/04_sd21_lora/generated_images/final/positive/gen_0661.png,gen_0661.png,91.6868,60.0,3.0,0.22817611694335938,0.9192343057761431,0.22663116455078125,150.2389328395893,52.511114292058245,6.2368806026799914,1643.940673828125,0.0,0.0,False,,-51.431461520741664,False,
positive,/mnt/MammoDiffusion/MammoDiffusion/experiments/diffusers/04_sd21_lora/generated_images/final/positive/gen_0662.png,gen_0662.png,83.7912,61.0,2.0,0.19551467895507812,0.9344428618812557,0.17784500122070312,151.43898672272152,52.65068538851444,5.581092762336447,843.6100463867188,0.0,0.0,False,,-41.764796680518685,False,
positive,/mnt/MammoDiffusion/MammoDiffusion/experiments/diffusers/04_sd21_lora/generated_images/final/positive/gen_0663.png,gen_0663.png,31.8956,18.0,1.0,0.6435928344726562,0.9979788280759154,0.6443710327148438,112.69108679951219,55.49816668509581,6.884874582025207,1040.3848876953125,0.0,0.0,False,,-7.112579027577683,True,45.0
positive,/mnt/MammoDiffusion/MammoDiffusion/experiments/diffusers/04_sd21_lora/generated_images/final/positive/gen_0664.png,gen_0664.png,36.7912,14.0,2.0,0.6098823547363281,0.9975731343470293,0.6197090148925781,120.23795805556068,57.85752667983076,7.282020102105478,1632.7476806640625,0.0,0.0,False,,-8.689631854300215,True,204.0
positive,/mnt/MammoDiffusion/MammoDiffusion/experiments/diffusers/04_sd21_lora/generated_images/final/positive/gen_0665.png,gen_0665.png,117.3736,59.0,6.0,0.23455810546875,0.9165202966432474,0.25617218017578125,160.26425827203144,46.90407735068855,6.818712263845928,2307.287841796875,0.0,0.0,False,,-54.03989214361083,False,
positive,/mnt/MammoDiffusion/MammoDiffusion/experiments/diffusers/04_sd21_lora/generated_images/final/positive/gen_0666.png,gen_0666.png,59.6868,28.0,3.0,0.2802734375,0.9853685757839721,0.3095245361328125,129.83343603648015,62.58508587295246,6.170691855890303,2037.75341796875,0.0,0.0,False,,-14.660114157120006,True,598.0
positive,/mnt/MammoDiffusion/MammoDiffusion/experiments/diffusers/04_sd21_lora/generated_images/final/positive/gen_0667.png,gen_0667.png,50.6868,19.0,3.0,0.437744140625,0.9946580451756832,0.45110321044921875,129.47914658277944,53.387261965584294,6.814817331539906,1621.7777099609375,0.0,0.0,False,,-8.664132427863676,True,199.0
positive,/mnt/MammoDiffusion/MammoDiffusion/experiments/diffusers/04_sd21_lora/generated_images/final/positive/gen_0668.png,gen_0668.png,125.5824,85.0,4.0,0.19333267211914062,0.8718257335095992,0.1725006103515625,169.8048872180451,36.64391496824565,6.253389195482845,1261.8997802734375,0.0,0.0,False,,-77.66339027669551,False,
positive,/mnt/MammoDiffusion/MammoDiffusion/experiments/diffusers/04_sd21_lora/generated_images/final/positive/gen_0669.png,gen_0669.png,130.7912,108.0,2.0,0.156982421875,0.9481434681181959,0.16235733032226562,163.1105942059632,35.23878289680598,4.964241741665346,423.637451171875,0.0,0.0,False,,-34.01810505848354,True,1198.0
positive,/mnt/MammoDiffusion/MammoDiffusion/experiments/diffusers/04_sd21_lora/generated_images/final/positive/gen_0670.png,gen_0670.png,207.0,183.0,3.0,0.049983978271484375,0.3864000610547203,0.02196502685546875,223.6889544980896,11.190416040886396,6.945274234068371,1313.1470947265625,0.0,0.0,True,too_empty,,False,
positive,/mnt/MammoDiffusion/MammoDiffusion/experiments/diffusers/04_sd21_lora/generated_images/final/positive/gen_0671.png,gen_0671.png,180.0,164.0,3.0,0.04930877685546875,0.5046418072102739,0.02625274658203125,200.73888404533565,13.928564451388025,6.498939570584087,1115.7349853515625,0.0,0.0,True,too_empty,,False,
positive,/mnt/MammoDiffusion/MammoDiffusion/experiments/diffusers/04_sd21_lora/generated_images/final/positive/gen_0672.png,gen_0672.png,82.7912,60.0,2.0,0.287078857421875,0.9436058254491336,0.3145713806152344,135.71972884808946,55.74405886830253,6.270103665377742,1478.6365966796875,0.0,0.0,False,,-36.920341193199164,True,1269.0
positive,/mnt/MammoDiffusion/MammoDiffusion/experiments/diffusers/04_sd21_lora/generated_images/final/positive/gen_0673.png,gen_0673.png,190.85160000000002,88.0,11.0,0.10805892944335938,0.623857097468846,0.06609725952148438,216.57880764125355,14.124245934016667,7.189354464693446,673.1068115234375,0.0,0.0,True,too_empty,,False,
positive,/mnt/MammoDiffusion/MammoDiffusion/experiments/diffusers/04_sd21_lora/generated_images/final/positive/gen_0674.png,gen_0674.png,69.7912,47.0,2.0,0.371185302734375,0.9543903642193537,0.3908119201660156,131.37619693701257,55.90464667622769,6.175523007487086,1185.065185546875,0.0,0.0,False,,-29.84213807626641,True,1080.0
positive,/mnt/MammoDiffusion/MammoDiffusion/experiments/diffusers/04_sd21_lora/generated_images/final/positive/gen_0675.png,gen_0675.png,90.6868,59.0,3.0,0.24034500122070312,0.8873898896912943,0.24317550659179688,151.88995560575398,56.18581658669927,6.409225199996694,1523.2916259765625,0.0,0.0,False,,-69.3321825324228,False,
positive,/mnt/MammoDiffusion/MammoDiffusion/experiments/diffusers/04_sd21_lora/generated_images/final/positive/gen_0676.png,gen_0676.png,144.5824,104.0,4.0,0.1725616455078125,0.7710893978247414,0.135040283203125,175.23629943502826,26.392792606316902,6.391312277169984,992.6585083007812,0.0,0.0,False,,-134.54244651850033,False,
positive,/mnt/MammoDiffusion/MammoDiffusion/experiments/diffusers/04_sd21_lora/generated_images/final/positive/gen_0677.png,gen_0677.png,46.8956,33.0,1.0,0.7238349914550781,0.9972858881996743,0.7330436706542969,123.85899470761801,53.54195291345077,6.998966159766651,893.0347900390625,0.0,0.0,False,,-8.229260536000432,True,138.0
positive,/mnt/MammoDiffusion/MammoDiffusion/experiments/diffusers/04_sd21_lora/generated_images/final/positive/gen_0678.png,gen_0678.png,135.8956,122.0,1.0,0.11230087280273438,0.551309487414654,0.062175750732421875,185.56764218663722,27.75470611528899,5.527461107860713,517.4700317382812,0.0,0.0,True,too_empty,,False,
positive,/mnt/MammoDiffusion/MammoDiffusion/experiments/diffusers/04_sd21_lora/generated_images/final/positive/gen_0679.png,gen_0679.png,144.478,95.0,5.0,0.15477371215820312,0.6748823108964089,0.09605789184570312,187.8465906834518,23.503789388845536,6.686857680538967,1257.8668212890625,0.0,0.0,True,too_empty,,False,
positive,/mnt/MammoDiffusion/MammoDiffusion/experiments/diffusers/04_sd21_lora/generated_images/final/positive/gen_0680.png,gen_0680.png,205.0,194.0,4.0,0.038021087646484375,0.08708738838165947,0.0021514892578125,216.13475177304966,9.263073841610082,6.728150887167535,1464.5152587890625,0.0,0.0,True,too_empty,,False,
positive,/mnt/MammoDiffusion/MammoDiffusion/experiments/diffusers/04_sd21_lora/generated_images/final/positive/gen_0681.png,gen_0681.png,220.0,252.0,1.0,0.321441650390625,0.9097479350612361,0.28937530517578125,251.17290200110733,18.12960254838003,6.257158745708972,1810.595703125,0.0,0.0,False,,-60.29244959743174,False,
positive,/mnt/MammoDiffusion/MammoDiffusion/experiments/diffusers/04_sd21_lora/generated_images/final/positive/gen_0682.png,gen_0682.png,139.7912,117.0,2.0,0.0616912841796875,0.9917759089784813,0.0533294677734375,183.89248927038628,16.964115563047695,4.239224285614697,363.5097961425781,0.0,0.0,True,too_empty,,False,
positive,/mnt/MammoDiffusion/MammoDiffusion/experiments/diffusers/04_sd21_lora/generated_images/final/positive/gen_0683.png,gen_0683.png,220.0,200.0,49.0,0.2788124084472656,0.8990819411949814,0.24502944946289062,249.4170909034297,5.917092462622057,6.625582761347927,1855.82177734375,0.0,0.0,True,low_contrast,,False,
positive,/mnt/MammoDiffusion/MammoDiffusion/experiments/diffusers/04_sd21_lora/generated_images/final/positive/gen_0684.png,gen_0684.png,68.8956,55.0,1.0,0.6252593994140625,0.9828623374087903,0.6518325805664062,112.9462410899259,42.2770948877601,6.332617668648554,430.0447692871094,0.0,0.0,False,,-14.38732555330687,True,583.0
positive,/mnt/MammoDiffusion/MammoDiffusion/experiments/diffusers/04_sd21_lora/generated_images/final/positive/gen_0685.png,gen_0685.png,99.7912,77.0,2.0,0.2844734191894531,0.9839352044305579,0.3048515319824219,146.52222986923607,40.81694213094232,5.908323984815164,972.9183959960938,0.0,0.0,False,,-12.89026786465337,True,523.0
positive,/mnt/MammoDiffusion/MammoDiffusion/experiments/diffusers/04_sd21_lora/generated_images/final/positive/gen_0686.png,gen_0686.png,110.0,105.0,0.0,0.3008842468261719,0.9560443740095087,0.3456611633300781,146.82015825543797,40.182125041143834,4.8854581944174,280.7420654296875,0.0,0.0,False,,-27.646814286569647,True,1031.0
positive,/mnt/MammoDiffusion/MammoDiffusion/experiments/diffusers/04_sd21_lora/generated_images/final/positive/gen_0687.png,gen_0687.png,17.8956,4.0,1.0,0.7311058044433594,0.9906550833528998,0.7213821411132812,118.82894778589785,51.31370670695785,7.260525447445995,1456.892822265625,0.0,0.0,False,,-12.473477210465784,True,498.0
positive,/mnt/MammoDiffusion/MammoDiffusion/experiments/diffusers/04_sd21_lora/generated_images/final/positive/gen_0688.png,gen_0688.png,37.6868,6.0,3.0,0.6296577453613281,0.9933479138015643,0.6721992492675781,108.60294643414504,57.47097268033228,7.425766299705995,2052.170166015625,0.0,0.0,False,,-11.665017046341271,True,455.0
positive,/mnt/MammoDiffusion/MammoDiffusion/experiments/diffusers/04_sd21_lora/generated_images/final/positive/gen_0689.png,gen_0689.png,94.6868,63.0,3.0,0.18899917602539062,0.858936320516702,0.16970062255859375,165.52081553747246,50.84307527033572,5.861859431543549,1348.656494140625,0.0,0.0,False,,-84.91085992574055,False,
positive,/mnt/MammoDiffusion/MammoDiffusion/experiments/diffusers/04_sd21_lora/generated_images/final/positive/gen_0690.png,gen_0690.png,136.0,125.0,3.0,0.04837799072265625,0.8160384797350576,0.034748077392578125,195.0752003513009,20.600768050764746,4.636162080693275,638.3961791992188,0.0,0.0,True,too_empty,,False,
positive,/mnt/MammoDiffusion/MammoDiffusion/experiments/diffusers/04_sd21_lora/generated_images/final/positive/gen_0691.png,gen_0691.png,95.5824,55.0,4.0,0.2833747863769531,0.9342935989769132,0.3173255920410156,147.90962312916992,54.2705391283612,6.648023287988254,1796.24609375,0.0,0.0,False,,-43.104208381352414,False,
positive,/mnt/MammoDiffusion/MammoDiffusion/experiments/diffusers/04_sd21_lora/generated_images/final/positive/gen_0692.png,gen_0692.png,183.0,176.0,3.0,0.046405792236328125,0.35569256062474314,0.015483856201171875,197.33653609263365,10.050675880798654,6.4561941686012085,646.7484130859375,0.0,0.0,True,too_empty,,False,
positive,/mnt/MammoDiffusion/MammoDiffusion/experiments/diffusers/04_sd21_lora/generated_images/final/positive/gen_0693.png,gen_0693.png,64.5824,24.0,4.0,0.5009231567382812,0.9917830543582558,0.5433921813964844,121.82377305243354,50.74816295043152,7.2366052265787335,1889.6290283203125,0.0,0.0,False,,-11.207991687331756,True,428.0
positive,/mnt/MammoDiffusion/MammoDiffusion/experiments/diffusers/04_sd21_lora/generated_images/final/positive/gen_0694.png,gen_0694.png,52.7912,30.0,2.0,0.5054244995117188,0.9954488505139856,0.5442543029785156,120.41936456091902,58.52769616376033,6.789360416101809,1344.0438232421875,0.0,0.0,False,,-8.572166189931835,True,184.0
positive,/mnt/MammoDiffusion/MammoDiffusion/experiments/diffusers/04_sd21_lora/generated_images/final/positive/gen_0695.png,gen_0695.png,124.6868,93.0,3.0,0.13050460815429688,0.8896846043670165,0.14885330200195312,159.43766177186643,47.449034462079574,5.431120171614639,988.3268432617188,0.0,0.0,False,,-66.68515268041493,False,
positive,/mnt/MammoDiffusion/MammoDiffusion/experiments/diffusers/04_sd21_lora/generated_images/final/positive/gen_0696.png,gen_0696.png,80.6868,49.0,3.0,0.4568748474121094,0.9874673324037506,0.5062980651855469,132.26008303007015,50.249846686510885,6.778548637207011,1171.0780029296875,0.0,0.0,False,,-12.301428326859163,True,486.0
positive,/mnt/MammoDiffusion/MammoDiffusion/experiments/diffusers/04_sd21_lora/generated_images/final/positive/gen_0697.png,gen_0697.png,116.5824,76.0,4.0,0.11476516723632812,0.8147249459863719,0.08642959594726562,182.14516484971531,42.398823305804,5.724085489943452,1471.555908203125,0.0,0.0,True,too_empty,,False,
positive,/mnt/MammoDiffusion/MammoDiffusion/experiments/diffusers/04_sd21_lora/generated_images/final/positive/gen_0698.png,gen_0698.png,132.7912,110.0,2.0,0.16349411010742188,0.9870505611423505,0.17946243286132812,170.5994048251674,37.6207793551471,5.212151408426667,501.2275085449219,0.0,0.0,False,,-12.509474951574822,True,502.0
positive,/mnt/MammoDiffusion/MammoDiffusion/experiments/diffusers/04_sd21_lora/generated_images/final/positive/gen_0699.png,gen_0699.png,135.8956,122.0,1.0,0.16181564331054688,0.7478724156627926,0.12874984741210938,169.47589701045894,29.87595667493165,5.321467660211736,355.5243225097656,0.0,0.0,True,too_empty,,False,
positive,/mnt/MammoDiffusion/MammoDiffusion/experiments/diffusers/04_sd21_lora/generated_images/final/positive/gen_0700.png,gen_0700.png,53.8956,40.0,1.0,0.33150482177734375,0.9499896435064785,0.3595924377441406,108.46383069007585,56.338698197218186,5.918102934128349,1307.7432861328125,0.0,0.0,False,,-31.724151746092332,True,1135.0
positive,/mnt/MammoDiffusion/MammoDiffusion/experiments/diffusers/04_sd21_lora/generated_images/final/positive/gen_0701.png,gen_0701.png,116.5824,76.0,4.0,0.17188262939453125,0.6076612366283457,0.09088516235351562,184.74161594963275,32.83195369023876,6.705867091918534,1004.4140625,0.0,0.0,True,too_empty,,False,
positive,/mnt/MammoDiffusion/MammoDiffusion/experiments/diffusers/04_sd21_lora/generated_images/final/positive/gen_0702.png,gen_0702.png,75.5824,35.0,4.0,0.3044281005859375,0.9502907122450003,0.3390312194824219,137.5382841068917,59.22851429535588,6.619979840475242,1858.7188720703125,0.0,0.0,False,,-34.15819979390032,True,1201.0
positive,/mnt/MammoDiffusion/MammoDiffusion/experiments/diffusers/04_sd21_lora/generated_images/final/positive/gen_0703.png,gen_0703.png,108.7912,86.0,2.0,0.16022109985351562,0.7834813456822457,0.13214492797851562,166.18394388152768,40.81389638173968,5.412459455259633,695.771484375,0.0,0.0,False,,-125.52281129500494,False,
positive,/mnt/MammoDiffusion/MammoDiffusion/experiments/diffusers/04_sd21_lora/generated_images/final/positive/gen_0704.png,gen_0704.png,71.5824,31.0,4.0,0.47338104248046875,0.993601624574919,0.521575927734375,127.65024720613188,53.046343754171914,7.1317648758895285,1697.70458984375,0.0,0.0,False,,-10.05175160108061,True,340.0
positive,/mnt/MammoDiffusion/MammoDiffusion/experiments/diffusers/04_sd21_lora/generated_images/final/positive/gen_0705.png,gen_0705.png,117.7912,95.0,2.0,0.18767547607421875,0.8967234440424408,0.17795944213867188,162.33219009238815,33.225011288297,5.3657871847995295,659.9896240234375,0.0,0.0,False,,-62.68607059419836,False,
positive,/mnt/MammoDiffusion/MammoDiffusion/experiments/diffusers/04_sd21_lora/generated_images/final/positive/gen_0706.png,gen_0706.png,25.8956,12.0,1.0,0.46799468994140625,0.942721833683833,0.4806671142578125,105.4177724516682,60.52386309445097,6.257353515226437,1549.20556640625,0.0,0.0,False,,-36.83042147130553,True,1267.0
positive,/mnt/MammoDiffusion/MammoDiffusion/experiments/diffusers/04_sd21_lora/generated_images/final/positive/gen_0707.png,gen_0707.png,124.6868,93.0,3.0,0.17796707153320312,0.839410112961653,0.20638275146484375,151.84614247162767,46.086959770537746,6.078969921081798,1544.3558349609375,0.0,0.0,False,,-95.20647952260778,False,
positive,/mnt/MammoDiffusion/MammoDiffusion/experiments/diffusers/04_sd21_lora/generated_images/final/positive/gen_0708.png,gen_0708.png,94.5824,54.0,4.0,0.30162811279296875,0.9590362969520678,0.34709930419921875,145.07828332783822,51.970937479918064,6.659369102577246,1549.3983154296875,0.0,0.0,False,,-28.62367217357525,True,1055.0
positive,/mnt/MammoDiffusion/MammoDiffusion/experiments/diffusers/04_sd21_lora/generated_images/final/positive/gen_0709.png,gen_0709.png,57.7912,35.0,2.0,0.36812591552734375,0.9921037905950135,0.39275360107421875,134.28163911497893,60.38719307902843,6.397567135820267,1381.9295654296875,0.0,0.0,False,,-9.75574929034536,True,310.0
positive,/mnt/MammoDiffusion/MammoDiffusion/experiments/diffusers/04_sd21_lora/generated_images/final/positive/gen_0710.png,gen_0710.png,186.0,164.0,16.0,0.0472564697265625,0.5156603164352599,0.022418975830078125,200.26305938403948,12.113631007415325,7.41567942862219,1079.5584716796875,0.0,0.0,True,too_empty,,False,
positive,/mnt/MammoDiffusion/MammoDiffusion/experiments/diffusers/04_sd21_lora/generated_images/final/positive/gen_0711.png,gen_0711.png,95.7912,73.0,2.0,0.22570419311523438,0.9674987746547907,0.27140045166015625,136.7501897506536,48.039873407064455,5.773043922150114,960.80517578125,0.0,0.0,False,,-22.30515399620294,True,885.0
positive,/mnt/MammoDiffusion/MammoDiffusion/experiments/diffusers/04_sd21_lora/generated_images/final/positive/gen_0712.png,gen_0712.png,88.7912,66.0,2.0,0.2653694152832031,0.974786171206785,0.29631805419921875,150.92970982775046,54.599849775954326,5.93949743765552,1201.5694580078125,0.0,0.0,False,,-19.447900107052035,True,790.0
positive,/mnt/MammoDiffusion/MammoDiffusion/experiments/diffusers/04_sd21_lora/generated_images/final/positive/gen_0713.png,gen_0713.png,191.0,164.0,4.0,0.049053192138671875,0.5626409518625087,0.027652740478515625,207.5882190646986,13.037197723186601,6.510271467450718,897.1985473632812,0.0,0.0,True,too_empty,,False,
positive,/mnt/MammoDiffusion/MammoDiffusion/experiments/diffusers/04_sd21_lora/generated_images/final/positive/gen_0714.png,gen_0714.png,125.47800000000001,76.0,5.0,0.18752670288085938,0.7198071563701458,0.07194137573242188,194.58624529402408,28.739714323308792,6.474766322444012,1524.15673828125,0.0,0.0,True,too_empty,,False,
positive,/mnt/MammoDiffusion/MammoDiffusion/experiments/diffusers/04_sd21_lora/generated_images/final/positive/gen_0715.png,gen_0715.png,110.6868,79.0,3.0,0.18991470336914062,0.9731846941849955,0.19134521484375,165.19836523125997,38.2673880446282,5.649786099073524,765.7865600585938,0.0,0.0,False,,-20.022843376562975,True,813.0
positive,/mnt/MammoDiffusion/MammoDiffusion/experiments/diffusers/04_sd21_lora/generated_images/final/positive/gen_0716.png,gen_0716.png,82.7912,60.0,2.0,0.3213348388671875,0.9963198632413695,0.3438224792480469,137.1065227280292,47.334846605642284,6.086288167344087,885.8109741210938,0.0,0.0,False,,-5.991690552993354,True,12.0
positive,/mnt/MammoDiffusion/MammoDiffusion/experiments/diffusers/04_sd21_lora/generated_images/final/positive/gen_0717.png,gen_0717.png,128.7912,106.0,2.0,0.13812637329101562,0.6957110110745948,0.06082916259765625,177.7674024833814,30.657067402991935,5.24173661203635,667.8404541015625,0.0,0.0,True,too_empty,,False,
positive,/mnt/MammoDiffusion/MammoDiffusion/experiments/diffusers/04_sd21_lora/generated_images/final/positive/gen_0718.png,gen_0718.png,85.7912,63.0,2.0,0.20273971557617188,0.9042655276873577,0.20978927612304688,145.57605236839711,56.276613251293966,5.638252607671337,1124.1646728515625,0.0,0.0,False,,-58.749608632592036,False,
positive,/mnt/MammoDiffusion/MammoDiffusion/experiments/diffusers/04_sd21_lora/generated_images/final/positive/gen_0719.png,gen_0719.png,220.0,220.0,25.0,0.29335784912109375,0.9773868039842917,0.2709541320800781,243.73134916724155,19.65234723357078,6.690623931381754,1395.8955078125,0.0,0.0,False,,-22.442581127180084,True,889.0
positive,/mnt/MammoDiffusion/MammoDiffusion/experiments/diffusers/04_sd21_lora/generated_images/final/positive/gen_0720.png,gen_0720.png,84.5824,44.0,4.0,0.3012733459472656,0.9548729376907201,0.33402252197265625,138.5815536419908,52.86281917902991,6.670877442849832,1797.1453857421875,0.0,0.0,False,,-31.204460629981696,True,1113.0
positive,/mnt/MammoDiffusion/MammoDiffusion/experiments/diffusers/04_sd21_lora/generated_images/final/positive/gen_0721.png,gen_0721.png,114.5824,74.0,4.0,0.2525062561035156,0.9159880954179445,0.27518463134765625,161.94139011339377,44.6133036850391,6.4002700266748995,1344.29833984375,0.0,0.0,False,,-52.498279808287,False,
positive,/mnt/MammoDiffusion/MammoDiffusion/experiments/diffusers/04_sd21_lora/generated_images/final/positive/gen_0722.png,gen_0722.png,63.5824,23.0,4.0,0.2712440490722656,0.9814077772308558,0.30977630615234375,125.65855971233653,62.085918728810505,6.662619707893172,2548.325439453125,0.0,0.0,False,,-17.808355019920036,True,720.0
positive,/mnt/MammoDiffusion/MammoDiffusion/experiments/diffusers/04_sd21_lora/generated_images/final/positive/gen_0723.png,gen_0723.png,220.0,246.0,5.0,0.3657188415527344,0.9348290932607358,0.340087890625,249.68944050610193,15.926902994606362,6.075509524059266,1950.9124755859375,0.0,0.0,False,,-46.12859577918432,False,
positive,/mnt/MammoDiffusion/MammoDiffusion/experiments/diffusers/04_sd21_lora/generated_images/final/positive/gen_0724.png,gen_0724.png,48.6868,17.0,3.0,0.4069480895996094,0.9933445195399282,0.43035888671875,125.0845890653808,60.27591073466104,6.880395196573087,2038.54541015625,0.0,0.0,False,,-10.183652807210784,True,352.0
positive,/mnt/MammoDiffusion/MammoDiffusion/experiments/diffusers/04_sd21_lora/generated_images/final/positive/gen_0725.png,gen_0725.png,65.8956,52.0,1.0,0.5523300170898438,0.9971890323917397,0.5653114318847656,129.06102852361448,47.17661560543326,6.548850485124531,808.7279052734375,0.0,0.0,False,,-6.434171461882991,True,19.0
positive,/mnt/MammoDiffusion/MammoDiffusion/experiments/diffusers/04_sd21_lora/generated_images/final/positive/gen_0726.png,gen_0726.png,137.5824,97.0,4.0,0.16178512573242188,0.80953054632053,0.14993667602539062,179.27044905228342,37.04093910443636,6.119689318822978,1131.5694580078125,0.0,0.0,False,,-112.37295640033767,False,
positive,/mnt/MammoDiffusion/MammoDiffusion/experiments/diffusers/04_sd21_lora/generated_images/final/positive/gen_0727.png,gen_0727.png,142.6868,111.0,3.0,0.16095733642578125,0.9152486135469498,0.1925201416015625,167.02480779900134,34.36166875394832,5.596972932848498,638.8670654296875,0.0,0.0,False,,-52.6189734314105,False,
positive,/mnt/MammoDiffusion/MammoDiffusion/experiments/diffusers/04_sd21_lora/generated_images/final/positive/gen_0728.png,gen_0728.png,136.8956,123.0,1.0,0.17388153076171875,0.7180685358255452,0.0868988037109375,186.60588235294117,28.28520835931688,5.494091549733648,421.2613525390625,0.0,0.0,True,too_empty,,False,
positive,/mnt/MammoDiffusion/MammoDiffusion/experiments/diffusers/04_sd21_lora/generated_images/final/positive/gen_0729.png,gen_0729.png,98.7912,76.0,2.0,0.21355819702148438,0.8802314988478646,0.2413177490234375,142.70384128991464,51.42758468403155,5.880697859923897,1100.156494140625,0.0,0.0,False,,-71.66072447769172,False,
positive,/mnt/MammoDiffusion/MammoDiffusion/experiments/diffusers/04_sd21_lora/generated_images/final/positive/gen_0730.png,gen_0730.png,220.0,239.0,15.0,0.19500732421875,0.8571987480438185,0.16558456420898438,248.57490727302047,32.37021636016584,6.9926171937232,1349.4049072265625,0.0,0.0,False,,-89.37605016597479,False,
positive,/mnt/MammoDiffusion/MammoDiffusion/experiments/diffusers/04_sd21_lora/generated_images/final/positive/gen_0731.png,gen_0731.png,54.7912,32.0,2.0,0.4351654052734375,0.9884375328728217,0.500823974609375,110.17386204375114,58.620327135956146,6.728483559203242,1658.893798828125,0.0,0.0,False,,-12.193568587870832,True,480.0
positive,/mnt/MammoDiffusion/MammoDiffusion/experiments/diffusers/04_sd21_lora/generated_images/final/positive/gen_0732.png,gen_0732.png,59.8956,46.0,1.0,0.27092742919921875,0.9701219340486047,0.2943611145019531,119.45585433810666,57.54258426300395,5.145907292013218,1053.60107421875,0.0,0.0,False,,-20.332822388559958,True,823.0
positive,/mnt/MammoDiffusion/MammoDiffusion/experiments/diffusers/04_sd21_lora/generated_images/final/positive/gen_0733.png,gen_0733.png,138.8956,125.0,1.0,0.0568084716796875,0.9600456621004566,0.05167388916015625,177.89797726266056,15.588383875162805,3.8282074233199603,197.2186737060547,0.0,0.0,True,too_empty,,False,
positive,/mnt/MammoDiffusion/MammoDiffusion/experiments/diffusers/04_sd21_lora/generated_images/final/positive/gen_0734.png,gen_0734.png,173.0,151.0,4.0,0.0489959716796875,0.7186234817813765,0.03643035888671875,194.54858638743457,14.289354423281699,6.593550491086235,616.7836303710938,0.0,0.0,True,too_empty,,False,
positive,/mnt/MammoDiffusion/MammoDiffusion/experiments/diffusers/04_sd21_lora/generated_images/final/positive/gen_0735.png,gen_0735.png,118.5824,78.0,4.0,0.15001296997070312,0.7014621741894469,0.11698150634765625,165.07594730320224,40.56611961492134,6.124197928402484,1343.3201904296875,0.0,0.0,True,too_empty,,False,
positive,/mnt/MammoDiffusion/MammoDiffusion/experiments/diffusers/04_sd21_lora/generated_images/final/positive/gen_0736.png,gen_0736.png,74.7912,52.0,2.0,0.3962211608886719,0.7691952208112297,0.3305702209472656,133.55015751756926,51.5333032528865,6.721734898965606,1065.093994140625,0.0,0.0,False,,-133.22346904874064,False,
positive,/mnt/MammoDiffusion/MammoDiffusion/experiments/diffusers/04_sd21_lora/generated_images/final/positive/gen_0737.png,gen_0737.png,87.6868,56.0,3.0,0.35042572021484375,0.997909908340772,0.35933685302734375,154.17357056413087,44.94388976791628,6.309032446978637,773.4738159179688,0.0,0.0,False,,-5.644824500936454,True,7.0
positive,/mnt/MammoDiffusion/MammoDiffusion/experiments/diffusers/04_sd21_lora/generated_images/final/positive/gen_0738.png,gen_0738.png,196.0,176.0,8.0,0.044864654541015625,0.18807924496216308,0.006504058837890625,211.0733137829912,12.54546770696829,6.9827832153699525,2140.89306640625,0.0,0.0,True,too_empty,,False,
positive,/mnt/MammoDiffusion/MammoDiffusion/experiments/diffusers/04_sd21_lora/generated_images/final/positive/gen_0739.png,gen_0739.png,220.0,221.0,15.0,0.4375495910644531,0.9666873000235394,0.4256706237792969,232.95597157374962,20.73550627037065,6.699101819842969,1829.768798828125,0.0,0.0,False,,-27.788639171812385,True,1037.0
positive,/mnt/MammoDiffusion/MammoDiffusion/experiments/diffusers/04_sd21_lora/generated_images/final/positive/gen_0740.png,gen_0740.png,42.7912,20.0,2.0,0.3537635803222656,0.9777111616722559,0.3765983581542969,121.31929742815757,63.2254682318274,6.348689715164188,1865.0771484375,0.0,0.0,False,,-18.20728219623019,True,736.0
positive,/mnt/MammoDiffusion/MammoDiffusion/experiments/diffusers/04_sd21_lora/generated_images/final/positive/gen_0741.png,gen_0741.png,106.8956,93.0,1.0,0.18158340454101562,0.8580492006470453,0.15636825561523438,159.28881949696276,44.20037819252911,4.847546680626614,577.5059204101562,0.0,0.0,False,,-83.57424967370714,False,
positive,/mnt/MammoDiffusion/MammoDiffusion/experiments/diffusers/04_sd21_lora/generated_images/final/positive/gen_0742.png,gen_0742.png,66.8956,53.0,1.0,0.3329582214355469,0.9871796340639071,0.3945503234863281,116.12616384186254,58.93226362384407,5.584871483207884,942.3154907226562,0.0,0.0,False,,-10.47803623956361,True,375.0
positive,/mnt/MammoDiffusion/MammoDiffusion/experiments/diffusers/04_sd21_lora/generated_images/final/positive/gen_0743.png,gen_0743.png,113.5824,73.0,4.0,0.11104583740234375,0.9830985915492958,0.108795166015625,172.70841514726507,32.20426847713558,5.675280279538638,1388.1514892578125,0.0,0.0,True,too_empty,,False,
positive,/mnt/MammoDiffusion/MammoDiffusion/experiments/diffusers/04_sd21_lora/generated_images/final/positive/gen_0744.png,gen_0744.png,106.7912,84.0,2.0,0.3136940002441406,0.9661206571571024,0.3268585205078125,152.19547406750385,40.799025884259414,5.722930747444092,476.32598876953125,0.0,0.0,False,,-22.949749987264834,True,905.0
positive,/mnt/MammoDiffusion/MammoDiffusion/experiments/diffusers/04_sd21_lora/generated_images/final/positive/gen_0745.png,gen_0745.png,74.7912,52.0,2.0,0.3202018737792969,0.995032106648876,0.33238983154296875,139.3918447448757,51.879750009489,6.025721905597872,843.04833984375,0.0,0.0,False,,-7.097657585113259,True,44.0
positive,/mnt/MammoDiffusion/MammoDiffusion/experiments/diffusers/04_sd21_lora/generated_images/final/positive/gen_0746.png,gen_0746.png,115.5824,75.0,4.0,0.17259597778320312,0.8858216377500276,0.15819549560546875,172.69782975645046,44.45931168584832,6.220302584376968,1482.7413330078125,0.0,0.0,False,,-70.3476023933834,False,
positive,/mnt/MammoDiffusion/MammoDiffusion/experiments/diffusers/04_sd21_lora/generated_images/final/positive/gen_0747.png,gen_0747.png,220.0,249.0,1.0,0.20621490478515625,0.8926523363794443,0.09364700317382812,245.43101551998043,30.212291106484003,6.758202278317167,1542.4036865234375,0.0,0.0,True,too_empty,,False,
positive,/mnt/MammoDiffusion/MammoDiffusion/experiments/diffusers/04_sd21_lora/generated_images/final/positive/gen_0748.png,gen_0748.png,139.478,90.0,5.0,0.1119232177734375,0.7587934560327199,0.0833282470703125,183.61023622047244,19.702578791182564,6.007386142290515,1712.4073486328125,0.0,0.0,True,too_empty,,False,
positive,/mnt/MammoDiffusion/MammoDiffusion/experiments/diffusers/04_sd21_lora/generated_images/final/positive/gen_0749.png,gen_0749.png,161.0,147.0,6.0,0.048305511474609375,0.5364447603253574,0.0251922607421875,187.73167777104786,15.970798481934452,6.719762052586148,1178.4549560546875,0.0,0.0,True,too_empty,,False,
positive,/mnt/MammoDiffusion/MammoDiffusion/experiments/diffusers/04_sd21_lora/generated_images/final/positive/gen_0750.png,gen_0750.png,199.0,180.0,10.0,0.0456085205078125,0.031197724991636,0.000614166259765625,236.1801242236025,17.295347523172275,6.785993362229345,1198.9913330078125,0.0,0.0,True,too_empty,,False,
positive,/mnt/MammoDiffusion/MammoDiffusion/experiments/diffusers/04_sd21_lora/generated_images/final/positive/gen_0751.png,gen_0751.png,145.6868,114.0,3.0,0.0716705322265625,0.9780178837555886,0.06687164306640625,189.63280091272105,22.974138265951247,4.818938460375597,555.0057373046875,0.0,0.0,True,too_empty,,False,
positive,/mnt/MammoDiffusion/MammoDiffusion/experiments/diffusers/04_sd21_lora/generated_images/final/positive/gen_0752.png,gen_0752.png,120.5824,80.0,4.0,0.16001129150390625,0.919420206932723,0.14852142333984375,175.18600708891972,37.1975924762508,5.952896716607187,1225.533447265625,0.0,0.0,False,,-51.18338309878997,False,
positive,/mnt/MammoDiffusion/MammoDiffusion/experiments/diffusers/04_sd21_lora/generated_images/final/positive/gen_0753.png,gen_0753.png,45.7912,23.0,2.0,0.40409088134765625,0.9659492117436043,0.4153594970703125,128.40162007273796,56.32822894574087,6.475420385893716,1776.0323486328125,0.0,0.0,False,,-24.3936036793742,True,949.0
positive,/mnt/MammoDiffusion/MammoDiffusion/experiments/diffusers/04_sd21_lora/generated_images/final/positive/gen_0754.png,gen_0754.png,132.5824,92.0,4.0,0.16727066040039062,0.7978517183972268,0.15147781372070312,176.77959656501045,40.40463481235913,6.064315332245278,1164.49560546875,0.0,0.0,False,,-118.52966809731619,False,
positive,/mnt/MammoDiffusion/MammoDiffusion/experiments/diffusers/04_sd21_lora/generated_images/final/positive/gen_0755.png,gen_0755.png,90.47800000000001,41.0,5.0,0.45163726806640625,0.9557325540145616,0.5126686096191406,142.689835036051,51.4603011158685,7.097838536059095,1299.9068603515625,0.0,0.0,False,,-30.84207435842742,True,1100.0
positive,/mnt/MammoDiffusion/MammoDiffusion/experiments/diffusers/04_sd21_lora/generated_images/final/positive/gen_0756.png,gen_0756.png,153.8956,140.0,1.0,0.051837921142578125,0.3724335859886673,0.0205841064453125,171.09803558191254,15.055907297379603,4.716995384114155,247.50540161132812,0.0,0.0,True,too_empty,,False,
positive,/mnt/MammoDiffusion/MammoDiffusion/experiments/diffusers/04_sd21_lora/generated_images/final/positive/gen_0757.png,gen_0757.png,97.6868,66.0,3.0,0.17140579223632812,0.8541828945318586,0.1674041748046875,162.30995351380912,57.69833568053849,5.727880780584155,1313.6949462890625,0.0,0.0,False,,-87.77649432646359,False,
positive,/mnt/MammoDiffusion/MammoDiffusion/experiments/diffusers/04_sd21_lora/generated_images/final/positive/gen_0758.png,gen_0758.png,220.0,236.0,18.0,0.1873779296875,0.9033184039087948,0.15993881225585938,251.84103322441385,20.157584798909923,6.822407402364077,1384.7991943359375,0.0,0.0,False,,-64.64485899901081,False,
positive,/mnt/MammoDiffusion/MammoDiffusion/experiments/diffusers/04_sd21_lora/generated_images/final/positive/gen_0759.png,gen_0759.png,207.0,134.0,57.0,0.037075042724609375,0.36269163494186646,0.0074920654296875,229.82026476578412,15.585346685090492,6.563203571209613,878.9308471679688,0.0,0.0,True,too_empty,,False,
positive,/mnt/MammoDiffusion/MammoDiffusion/experiments/diffusers/04_sd21_lora/generated_images/final/positive/gen_0760.png,gen_0760.png,94.5824,54.0,4.0,0.22740936279296875,0.8955111215486296,0.22198486328125,159.2239483090459,50.85998018384272,6.502840934724524,2004.774658203125,0.0,0.0,False,,-65.49917176076832,False,
positive,/mnt/MammoDiffusion/MammoDiffusion/experiments/diffusers/04_sd21_lora/generated_images/final/positive/gen_0761.png,gen_0761.png,83.6868,52.0,3.0,0.351287841796875,0.9600708018417167,0.40198516845703125,137.38283133101785,54.582258024939094,6.721631067666942,1571.581298828125,0.0,0.0,False,,-27.717114378384203,True,1034.0
positive,/mnt/MammoDiffusion/MammoDiffusion/experiments/diffusers/04_sd21_lora/generated_images/final/positive/gen_0762.png,gen_0762.png,91.5824,51.0,4.0,0.24153518676757812,0.9640380940347774,0.2675285339355469,148.46229199640672,54.101107359288974,6.476217496652611,1702.0704345703125,0.0,0.0,False,,-26.644434527894944,True,1006.0
positive,/mnt/MammoDiffusion/MammoDiffusion/experiments/diffusers/04_sd21_lora/generated_images/final/positive/gen_0763.png,gen_0763.png,141.5824,101.0,4.0,0.13793563842773438,0.5427694349954368,0.07567596435546875,187.8900594818026,27.49686325100576,6.091513860296122,1170.5458984375,0.0,0.0,True,too_empty,,False,
positive,/mnt/MammoDiffusion/MammoDiffusion/experiments/diffusers/04_sd21_lora/generated_images/final/positive/gen_0764.png,gen_0764.png,116.7912,94.0,2.0,0.19477081298828125,0.9750088135062086,0.22312545776367188,149.62790856713,40.8302258928909,5.418969435644732,586.2906494140625,0.0,0.0,False,,-18.20302336763786,True,735.0
positive,/mnt/MammoDiffusion/MammoDiffusion/experiments/diffusers/04_sd21_lora/generated_images/final/positive/gen_0765.png,gen_0765.png,86.5824,46.0,4.0,0.2662544250488281,0.9210281244179549,0.2753257751464844,147.3802424662279,55.07870271943658,6.509212412373686,1788.5418701171875,0.0,0.0,False,,-50.64750899071002,False,
positive,/mnt/MammoDiffusion/MammoDiffusion/experiments/diffusers/04_sd21_lora/generated_images/final/positive/gen_0766.png,gen_0766.png,81.7912,59.0,2.0,0.4383506774902344,0.9587941972483052,0.4438896179199219,137.0199805780188,45.84644124062019,6.43686422802887,1044.4820556640625,0.0,0.0,False,,-27.142867162597724,True,1020.0
positive,/mnt/MammoDiffusion/MammoDiffusion/experiments/diffusers/04_sd21_lora/generated_images/final/positive/gen_0767.png,gen_0767.png,112.8956,99.0,1.0,0.3038215637207031,0.9623202963148973,0.3078575134277344,151.28319888975628,31.770827128340578,4.917564166703733,239.24754333496094,0.0,0.0,False,,-25.230137972087036,True,972.0
positive,/mnt/MammoDiffusion/MammoDiffusion/experiments/diffusers/04_sd21_lora/generated_images/final/positive/gen_0768.png,gen_0768.png,117.5824,77.0,4.0,0.17451095581054688,0.7670448335409972,0.13295745849609375,164.06667814311126,36.238439661427904,6.218349665945973,1431.7264404296875,0.0,0.0,False,,-136.13607824274064,False,
positive,/mnt/MammoDiffusion/MammoDiffusion/experiments/diffusers/04_sd21_lora/generated_images/final/positive/gen_0769.png,gen_0769.png,103.6868,72.0,3.0,0.2228240966796875,0.966513730055468,0.26367950439453125,147.96770926767167,47.72263114053026,6.0568764772404835,1204.995849609375,0.0,0.0,False,,-23.804909688179624,True,925.0
positive,/mnt/MammoDiffusion/MammoDiffusion/experiments/diffusers/04_sd21_lora/generated_images/final/positive/gen_0770.png,gen_0770.png,220.0,254.0,0.0,0.33638763427734375,0.905003288653013,0.2981224060058594,252.31600363399062,16.656540442885177,6.266183000327214,1679.123291015625,0.0,0.0,False,,-62.85376164736149,False,
positive,/mnt/MammoDiffusion/MammoDiffusion/experiments/diffusers/04_sd21_lora/generated_images/final/positive/gen_0771.png,gen_0771.png,112.6868,81.0,3.0,0.2467803955078125,0.9291720769183207,0.2991752624511719,154.599206905785,48.73851564259117,6.139952365537562,1134.142822265625,0.0,0.0,False,,-44.56790931156725,False,
positive,/mnt/MammoDiffusion/MammoDiffusion/experiments/diffusers/04_sd21_lora/generated_images/final/positive/gen_0772.png,gen_0772.png,35.8956,22.0,1.0,0.6179161071777344,0.9979812696394066,0.61932373046875,118.39380481915838,51.2198855395796,6.764764313742089,1208.6085205078125,0.0,0.0,False,,-6.903329319791861,True,35.0
positive,/mnt/MammoDiffusion/MammoDiffusion/experiments/diffusers/04_sd21_lora/generated_images/final/positive/gen_0773.png,gen_0773.png,40.7912,18.0,2.0,0.70257568359375,0.9883481018156546,0.7207298278808594,113.87229470452802,51.823321873533324,7.2570589784343476,1096.5928955078125,0.0,0.0,False,,-13.18734512467048,True,537.0
positive,/mnt/MammoDiffusion/MammoDiffusion/experiments/diffusers/04_sd21_lora/generated_images/final/positive/gen_0774.png,gen_0774.png,81.7912,59.0,2.0,0.23369979858398438,0.9738667711342899,0.2783660888671875,135.41828372526447,58.22861224398448,5.752859125717796,1159.5579833984375,0.0,0.0,False,,-19.626095482099686,True,795.0
positive,/mnt/MammoDiffusion/MammoDiffusion/experiments/diffusers/04_sd21_lora/generated_images/final/positive/gen_0775.png,gen_0775.png,111.5824,71.0,4.0,0.22045516967773438,0.9496634424045266,0.23966217041015625,164.52233151879796,49.79049623098971,6.268057945119235,1419.7236328125,0.0,0.0,False,,-34.44710786859135,True,1210.0
positive,/mnt/MammoDiffusion/MammoDiffusion/experiments/diffusers/04_sd21_lora/generated_images/final/positive/gen_0776.png,gen_0776.png,151.7912,129.0,2.0,0.12567520141601562,0.39763241766580665,0.058925628662109375,184.02926134524503,29.856902599991972,5.082535007779932,692.8999633789062,0.0,0.0,True,too_empty,,False,
positive,/mnt/MammoDiffusion/MammoDiffusion/experiments/diffusers/04_sd21_lora/generated_images/final/positive/gen_0777.png,gen_0777.png,25.7912,3.0,2.0,0.7002372741699219,0.9963609224081106,0.7201347351074219,97.09367037647196,57.27207786750128,7.301131968652325,1834.2894287109375,0.0,0.0,False,,-9.558462467853676,True,293.0
positive,/mnt/MammoDiffusion/MammoDiffusion/experiments/diffusers/04_sd21_lora/generated_images/final/positive/gen_0778.png,gen_0778.png,97.5824,57.0,4.0,0.39301300048828125,0.8346339758895813,0.3564414978027344,145.88901850405077,42.562826839324465,7.2243223635089535,707.787841796875,0.0,0.0,False,,-96.88245764569237,False,
positive,/mnt/MammoDiffusion/MammoDiffusion/experiments/diffusers/04_sd21_lora/generated_images/final/positive/gen_0779.png,gen_0779.png,182.0,165.0,3.0,0.049457550048828125,0.6302352487466255,0.03093719482421875,204.18877928483354,15.782968465332242,6.616151656917201,1080.418701171875,0.0,0.0,True,too_empty,,False,
positive,/mnt/MammoDiffusion/MammoDiffusion/experiments/diffusers/04_sd21_lora/generated_images/final/positive/gen_0780.png,gen_0780.png,115.6868,84.0,3.0,0.22166824340820312,0.930337813419608,0.2675132751464844,152.21399746174797,45.23857777973366,6.0271826068048515,1002.3564453125,0.0,0.0,False,,-43.54070841564686,False,
positive,/mnt/MammoDiffusion/MammoDiffusion/experiments/diffusers/04_sd21_lora/generated_images/final/positive/gen_0781.png,gen_0781.png,220.0,253.0,0.0,0.3050384521484375,0.9601195537992097,0.2849159240722656,251.07525873957343,16.10776627278147,6.261669760235127,1686.982666015625,0.0,0.0,False,,-32.34637295385683,True,1149.0
positive,/mnt/MammoDiffusion/MammoDiffusion/experiments/diffusers/04_sd21_lora/generated_images/final/positive/gen_0782.png,gen_0782.png,129.5824,89.0,4.0,0.12810134887695312,0.9162621720615824,0.10949325561523438,174.7068250705501,35.625534238624866,5.863503478669878,1261.96484375,0.0,0.0,True,too_empty,,False,
positive,/mnt/MammoDiffusion/MammoDiffusion/experiments/diffusers/04_sd21_lora/generated_images/final/positive/gen_0783.png,gen_0783.png,74.6868,43.0,3.0,0.2704200744628906,0.9849624060150376,0.2924461364746094,136.739548413185,54.464023359571314,6.103456253628588,1347.16455078125,0.0,0.0,False,,-13.721529617284315,True,556.0
positive,/mnt/MammoDiffusion/MammoDiffusion/experiments/diffusers/04_sd21_lora/generated_images/final/positive/gen_0784.png,gen_0784.png,203.0,147.0,7.0,0.049289703369140625,0.621933286897299,0.030574798583984375,213.78365564566437,8.753709552424468,7.094107521346251,506.49835205078125,0.0,0.0,True,too_empty,,False,
positive,/mnt/MammoDiffusion/MammoDiffusion/experiments/diffusers/04_sd21_lora/generated_images/final/positive/gen_0785.png,gen_0785.png,97.6868,66.0,3.0,0.2571067810058594,0.7967032151812341,0.2244415283203125,148.56162893466586,45.879670987232586,6.392580005706497,1346.5419921875,0.0,0.0,False,,-118.74746586054131,False,
positive,/mnt/MammoDiffusion/MammoDiffusion/experiments/diffusers/04_sd21_lora/generated_images/final/positive/gen_0786.png,gen_0786.png,104.7912,82.0,2.0,0.23697280883789062,0.9276412163358606,0.2825202941894531,147.10677684611335,47.686082719133914,5.954392122940317,788.1322021484375,0.0,0.0,False,,-44.7887122506115,False,
positive,/mnt/MammoDiffusion/MammoDiffusion/experiments/diffusers/04_sd21_lora/generated_images/final/positive/gen_0787.png,gen_0787.png,54.7912,32.0,2.0,0.4505577087402344,0.9930489116170382,0.4876251220703125,121.41894577087962,58.525838864481216,6.6861734933829435,1342.564453125,0.0,0.0,False,,-9.449761928217747,True,287.0
positive,/mnt/MammoDiffusion/MammoDiffusion/experiments/diffusers/04_sd21_lora/generated_images/final/positive/gen_0788.png,gen_0788.png,85.5824,45.0,4.0,0.15321731567382812,0.9096228059255571,0.06659317016601562,143.01288881251074,52.07579492676812,6.069732994040201,2050.956298828125,0.0,0.0,True,too_empty,,False,
positive,/mnt/MammoDiffusion/MammoDiffusion/experiments/diffusers/04_sd21_lora/generated_images/final/positive/gen_0789.png,gen_0789.png,31.7912,9.0,2.0,0.3928031921386719,0.9710792359013702,0.39272308349609375,113.60182612918892,55.92104387177915,6.456092971526914,1586.3021240234375,0.0,0.0,False,,-20.79173185943498,True,838.0
positive,/mnt/MammoDiffusion/MammoDiffusion/experiments/diffusers/04_sd21_lora/generated_images/final/positive/gen_0790.png,gen_0790.png,77.47800000000001,28.0,5.0,0.23709869384765625,0.9701386877755253,0.2698707580566406,135.7804791858082,57.79530301467778,6.654886990419834,2530.565185546875,0.0,0.0,False,,-24.311242513626368,True,944.0
positive,/mnt/MammoDiffusion/MammoDiffusion/experiments/diffusers/04_sd21_lora/generated_images/final/positive/gen_0791.png,gen_0791.png,96.8956,83.0,1.0,0.37911224365234375,0.8599947676641645,0.34053802490234375,146.39039991038422,43.84121899732645,6.376405938145892,1027.756103515625,0.0,0.0,False,,-82.2040420490922,False,
positive,/mnt/MammoDiffusion/MammoDiffusion/experiments/diffusers/04_sd21_lora/generated_images/final/positive/gen_0792.png,gen_0792.png,142.6868,111.0,3.0,0.158233642578125,0.4715284474445516,0.07239151000976562,199.91531854350004,26.76399789516551,5.70143708373117,958.1729125976562,0.0,0.0,True,too_empty,,False,
positive,/mnt/MammoDiffusion/MammoDiffusion/experiments/diffusers/04_sd21_lora/generated_images/final/positive/gen_0793.png,gen_0793.png,139.0,109.0,3.0,0.049777984619140625,0.9781592459192275,0.041805267333984375,163.62761200839492,11.677727154238777,4.4684691158796195,416.2174377441406,0.0,0.0,True,too_empty,,False,
positive,/mnt/MammoDiffusion/MammoDiffusion/experiments/diffusers/04_sd21_lora/generated_images/final/positive/gen_0794.png,gen_0794.png,126.7912,104.0,2.0,0.10681915283203125,0.9151846296693094,0.1187591552734375,160.33833354747526,38.235594177519225,4.802269866433861,491.50714111328125,0.0,0.0,True,too_empty,,False,
positive,/mnt/MammoDiffusion/MammoDiffusion/experiments/diffusers/04_sd21_lora/generated_images/final/positive/gen_0795.png,gen_0795.png,127.7912,105.0,2.0,0.10153961181640625,0.47764670523705766,0.046230316162109375,184.04835382457298,26.291117235744384,5.71506248923693,573.2097778320312,0.0,0.0,True,too_empty,,False,
positive,/mnt/MammoDiffusion/MammoDiffusion/experiments/diffusers/04_sd21_lora/generated_images/final/positive/gen_0796.png,gen_0796.png,106.8956,93.0,1.0,0.19741058349609375,0.9381256038647343,0.21162796020507812,146.61180308956864,45.68079942547834,5.0546941805820875,556.3046875,0.0,0.0,False,,-38.687783329258664,True,1308.0
positive,/mnt/MammoDiffusion/MammoDiffusion/experiments/diffusers/04_sd21_lora/generated_images/final/positive/gen_0797.png,gen_0797.png,220.0,254.0,1.0,0.27959442138671875,0.9470352279859198,0.245208740234375,254.44693528313627,3.714284381529748,6.5296411223899815,1680.2711181640625,0.0,0.0,True,low_contrast,,False,
positive,/mnt/MammoDiffusion/MammoDiffusion/experiments/diffusers/04_sd21_lora/generated_images/final/positive/gen_0798.png,gen_0798.png,82.8956,69.0,1.0,0.3010406494140625,0.9433068072380759,0.3479156494140625,129.45990307442656,53.1274481646998,5.568357043348669,748.406982421875,0.0,0.0,False,,-35.16326685149612,True,1233.0
positive,/mnt/MammoDiffusion/MammoDiffusion/experiments/diffusers/04_sd21_lora/generated_images/final/positive/gen_0799.png,gen_0799.png,106.5824,66.0,4.0,0.24980545043945312,0.9247461250668092,0.2415618896484375,156.4619259680374,44.345603859898254,6.667501094028996,1937.705322265625,0.0,0.0,False,,-48.67010799416775,False,
positive,/mnt/MammoDiffusion/MammoDiffusion/experiments/diffusers/04_sd21_lora/generated_images/final/positive/gen_0800.png,gen_0800.png,108.8956,95.0,1.0,0.24583816528320312,0.8584994956940026,0.2607536315917969,151.5045863506693,48.68531891791221,5.536515564178661,754.7328491210938,0.0,0.0,False,,-83.15975887086478,False,
positive,/mnt/MammoDiffusion/MammoDiffusion/experiments/diffusers/04_sd21_lora/generated_images/final/positive/gen_0801.png,gen_0801.png,121.5824,81.0,4.0,0.15974807739257812,0.8575829214127086,0.1332244873046875,178.11192875959225,35.24733097103665,6.122428693445057,1302.5975341796875,0.0,0.0,False,,-86.10985992645189,False,
positive,/mnt/MammoDiffusion/MammoDiffusion/experiments/diffusers/04_sd21_lora/generated_images/final/positive/gen_0802.png,gen_0802.png,198.0,192.0,3.0,0.043025970458984375,0.277240890149836,0.011890411376953125,209.65960859801092,9.90318622669718,6.732170220683241,1035.37060546875,0.0,0.0,True,too_empty,,False,
positive,/mnt/MammoDiffusion/MammoDiffusion/experiments/diffusers/04_sd21_lora/generated_images/final/positive/gen_0803.png,gen_0803.png,110.7912,88.0,2.0,0.13474655151367188,0.7718766809161169,0.08928298950195312,171.8893826105533,39.82492588452774,5.2860315087849425,714.3809204101562,0.0,0.0,True,too_empty,,False,
positive,/mnt/MammoDiffusion/MammoDiffusion/experiments/diffusers/04_sd21_lora/generated_images/final/positive/gen_0804.png,gen_0804.png,104.6868,73.0,3.0,0.17950820922851562,0.9285122298489067,0.19849777221679688,159.46155472278275,51.82372533451531,5.7814187941166715,1122.7061767578125,0.0,0.0,False,,-45.61220982342528,False,
positive,/mnt/MammoDiffusion/MammoDiffusion/experiments/diffusers/04_sd21_lora/generated_images/final/positive/gen_0805.png,gen_0805.png,89.7912,67.0,2.0,0.20370864868164062,0.9432407632815865,0.24232101440429688,138.91189018150905,59.62085971301385,5.571991153449232,1169.3275146484375,0.0,0.0,False,,-36.91267107832222,True,1268.0
positive,/mnt/MammoDiffusion/MammoDiffusion/experiments/diffusers/04_sd21_lora/generated_images/final/positive/gen_0806.png,gen_0806.png,93.6868,62.0,3.0,0.19830322265625,0.8240227762388427,0.20111465454101562,147.01322053830543,55.31787087697821,5.983381740428337,1328.43505859375,0.0,0.0,False,,-103.92960456203099,False,
positive,/mnt/MammoDiffusion/MammoDiffusion/experiments/diffusers/04_sd21_lora/generated_images/final/positive/gen_0807.png,gen_0807.png,108.7912,86.0,2.0,0.3067665100097656,0.9911585858711467,0.32561492919921875,149.300803673938,38.60805982713569,5.565860256122698,478.8424072265625,0.0,0.0,False,,-8.898667284445517,True,236.0
positive,/mnt/MammoDiffusion/MammoDiffusion/experiments/diffusers/04_sd21_lora/generated_images/final/positive/gen_0808.png,gen_0808.png,76.6868,45.0,3.0,0.24355697631835938,0.9881278681848795,0.2695350646972656,138.6310202810762,57.42310744591815,6.178023409209578,1493.4639892578125,0.0,0.0,False,,-12.638842079791006,True,511.0
positive,/mnt/MammoDiffusion/MammoDiffusion/experiments/diffusers/04_sd21_lora/generated_images/final/positive/gen_0809.png,gen_0809.png,134.5824,94.0,4.0,0.05478668212890625,0.864225038295502,0.045429229736328125,179.49458392812159,18.965129025592567,5.014284199321962,841.07861328125,0.0,0.0,True,too_empty,,False,
positive,/mnt/MammoDiffusion/MammoDiffusion/experiments/diffusers/04_sd21_lora/generated_images/final/positive/gen_0810.png,gen_0810.png,85.5824,45.0,4.0,0.24140167236328125,0.9532410480073322,0.2965888977050781,128.86253199398064,55.805614972780425,6.460196920748231,1790.3768310546875,0.0,0.0,False,,-32.05788187491762,True,1142.0
positive,/mnt/MammoDiffusion/MammoDiffusion/experiments/diffusers/04_sd21_lora/generated_images/final/positive/gen_0811.png,gen_0811.png,60.5824,20.0,4.0,0.41202545166015625,0.9843533006203129,0.46966552734375,119.21829109811566,59.221755317304044,7.165938241899781,2400.196044921875,0.0,0.0,False,,-15.914062777489583,True,649.0
positive,/mnt/MammoDiffusion/MammoDiffusion/experiments/diffusers/04_sd21_lora/generated_images/final/positive/gen_0812.png,gen_0812.png,192.0,173.0,3.0,0.04982757568359375,0.4834634818557648,0.027191162109375,208.73639169472503,12.872484335721643,6.9348417548157375,1021.987060546875,0.0,0.0,True,too_empty,,False,
positive,/mnt/MammoDiffusion/MammoDiffusion/experiments/diffusers/04_sd21_lora/generated_images/final/positive/gen_0813.png,gen_0813.png,79.47800000000001,30.0,5.0,0.42498779296875,0.9654692661209249,0.4848747253417969,126.74270496510813,49.98488347439885,7.320597306070044,2138.360107421875,0.0,0.0,False,,-25.909270998430323,True,991.0
positive,/mnt/MammoDiffusion/MammoDiffusion/experiments/diffusers/04_sd21_lora/generated_images/final/positive/gen_0814.png,gen_0814.png,30.7912,8.0,2.0,0.5905914306640625,0.9961245317142488,0.608489990234375,105.1603139575706,59.349334773971776,6.98424349043126,1385.387451171875,0.0,0.0,False,,-8.464889698158384,True,175.0
positive,/mnt/MammoDiffusion/MammoDiffusion/experiments/diffusers/04_sd21_lora/generated_images/final/positive/gen_0815.png,gen_0815.png,62.6868,31.0,3.0,0.365997314453125,0.9919536396231134,0.407684326171875,127.20460925218954,57.51596363748144,6.560769413950393,1717.8475341796875,0.0,0.0,False,,-9.962987548156136,True,329.0
positive,/mnt/MammoDiffusion/MammoDiffusion/experiments/diffusers/04_sd21_lora/generated_images/final/positive/gen_0816.png,gen_0816.png,87.6868,56.0,3.0,0.24877548217773438,0.9206930920800429,0.2816200256347656,140.67306467998645,55.991590134461454,6.0728225573664485,1230.22900390625,0.0,0.0,False,,-49.53297565803659,False,
positive,/mnt/MammoDiffusion/MammoDiffusion/experiments/diffusers/04_sd21_lora/generated_images/final/positive/gen_0817.png,gen_0817.png,138.478,89.0,5.0,0.14555740356445312,0.4712634641088136,0.0579681396484375,184.47262437483548,37.915119742171065,6.366513410672525,1510.931884765625,0.0,0.0,True,too_empty,,False,
positive,/mnt/MammoDiffusion/MammoDiffusion/experiments/diffusers/04_sd21_lora/generated_images/final/positive/gen_0818.png,gen_0818.png,220.0,254.0,0.0,0.3534965515136719,0.947651267441484,0.3220481872558594,252.46349928337065,16.709218487346476,6.024953847945589,1656.1282958984375,0.0,0.0,False,,-38.747532080461646,True,1310.0
positive,/mnt/MammoDiffusion/MammoDiffusion/experiments/diffusers/04_sd21_lora/generated_images/final/positive/gen_0819.png,gen_0819.png,131.7912,109.0,2.0,0.15922927856445312,0.8884789535468723,0.15261077880859375,173.19722041693745,37.61399242846733,5.249187815362357,534.855224609375,0.0,0.0,False,,-67.49592951102584,False,
positive,/mnt/MammoDiffusion/MammoDiffusion/experiments/diffusers/04_sd21_lora/generated_images/final/positive/gen_0820.png,gen_0820.png,54.8956,41.0,1.0,0.4151763916015625,0.9848211988680217,0.4323577880859375,112.13476266101993,50.48811834316799,5.68137443979848,668.9180297851562,0.0,0.0,False,,-11.438868337876642,True,446.0
positive,/mnt/MammoDiffusion/MammoDiffusion/experiments/diffusers/04_sd21_lora/generated_images/final/positive/gen_0821.png,gen_0821.png,169.478,120.0,5.0,0.09130859375,0.7096841577540107,0.06484222412109375,197.80380044711143,17.68666548355663,6.877072374481663,891.2178344726562,0.0,0.0,True,too_empty,,False,
positive,/mnt/MammoDiffusion/MammoDiffusion/experiments/diffusers/04_sd21_lora/generated_images/final/positive/gen_0822.png,gen_0822.png,79.8956,66.0,1.0,0.3572540283203125,0.9850830735061717,0.3844451904296875,128.06034927564994,47.435750403148866,5.660521704116643,748.8164672851562,0.0,0.0,False,,-11.366927556869676,True,439.0
positive,/mnt/MammoDiffusion/MammoDiffusion/experiments/diffusers/04_sd21_lora/generated_images/final/positive/gen_0823.png,gen_0823.png,11.0,6.0,0.0,0.6967658996582031,0.9977388819236476,0.6967887878417969,95.90794869127718,61.80759061006607,6.610840063373866,1490.8687744140625,0.0,0.0,False,,-7.816838620510968,True,99.0
positive,/mnt/MammoDiffusion/MammoDiffusion/experiments/diffusers/04_sd21_lora/generated_images/final/positive/gen_0824.png,gen_0824.png,95.7912,73.0,2.0,0.2935371398925781,0.9382058246370973,0.3118324279785156,156.09086794299347,53.559875018865085,6.2074114017363256,960.2080688476562,0.0,0.0,False,,-39.70494990897806,True,1325.0
positive,/mnt/MammoDiffusion/MammoDiffusion/experiments/diffusers/04_sd21_lora/generated_images/final/positive/gen_0825.png,gen_0825.png,94.7912,72.0,2.0,0.2698516845703125,0.9423381396663839,0.29193878173828125,142.53863844244088,46.80262487405597,5.753947201673849,626.1246948242188,0.0,0.0,False,,-36.36503815989999,True,1261.0
positive,/mnt/MammoDiffusion/MammoDiffusion/experiments/diffusers/04_sd21_lora/generated_images/final/positive/gen_0826.png,gen_0826.png,65.7912,43.0,2.0,0.17401885986328125,0.9712832653777018,0.17475128173828125,153.28345339445536,52.943311203732826,5.3561295243485585,1170.9705810546875,0.0,0.0,False,,-21.555030551119696,True,864.0
positive,/mnt/MammoDiffusion/MammoDiffusion/experiments/diffusers/04_sd21_lora/generated_images/final/positive/gen_0827.png,gen_0827.png,143.6868,112.0,3.0,0.0777130126953125,0.8749754565089338,0.06499862670898438,183.05546100123246,20.31617359162694,4.872459169415997,665.824951171875,0.0,0.0,True,too_empty,,False,
positive,/mnt/MammoDiffusion/MammoDiffusion/experiments/diffusers/04_sd21_lora/generated_images/final/positive/gen_0828.png,gen_0828.png,128.7912,106.0,2.0,0.09341812133789062,0.936624606966393,0.08420181274414062,178.76894848910433,19.010332081060884,4.559295696406127,367.02978515625,0.0,0.0,True,too_empty,,False,
positive,/mnt/MammoDiffusion/MammoDiffusion/experiments/diffusers/04_sd21_lora/generated_images/final/positive/gen_0829.png,gen_0829.png,158.478,109.0,5.0,0.13953018188476562,0.8767531508871695,0.12446212768554688,186.38152450424496,22.08299181929172,6.084830441824436,1341.877197265625,0.0,0.0,True,too_empty,,False,
positive,/mnt/MammoDiffusion/MammoDiffusion/experiments/diffusers/04_sd21_lora/generated_images/final/positive/gen_0830.png,gen_0830.png,36.6868,5.0,3.0,0.6909255981445312,0.997327768023763,0.6891822814941406,129.12570226662606,46.27738347390973,7.265911494951906,1264.9205322265625,0.0,0.0,False,,-8.279280911587025,True,147.0
positive,/mnt/MammoDiffusion/MammoDiffusion/experiments/diffusers/04_sd21_lora/generated_images/final/positive/gen_0831.png,gen_0831.png,79.5824,39.0,4.0,0.4741249084472656,0.992871452823661,0.50360107421875,135.3308083868622,46.15606897394827,7.097068196806941,1511.625244140625,0.0,0.0,False,,-9.820727630840864,True,314.0
positive,/mnt/MammoDiffusion/MammoDiffusion/experiments/diffusers/04_sd21_lora/generated_images/final/positive/gen_0832.png,gen_0832.png,220.0,210.0,43.0,0.180755615234375,0.9249957791659632,0.15060806274414062,252.94285859020795,7.677346225699438,7.029904782377385,1154.97802734375,0.0,0.0,True,low_contrast,,False,
positive,/mnt/MammoDiffusion/MammoDiffusion/experiments/diffusers/04_sd21_lora/generated_images/final/positive/gen_0833.png,gen_0833.png,147.478,98.0,5.0,0.09582901000976562,0.8687950320449027,0.08249282836914062,181.4049942196532,26.092503351099417,5.952140554454086,1630.4031982421875,0.0,0.0,True,too_empty,,False,
positive,/mnt/MammoDiffusion/MammoDiffusion/experiments/diffusers/04_sd21_lora/generated_images/final/positive/gen_0834.png,gen_0834.png,122.3736,64.0,6.0,0.25701141357421875,0.9076943628105798,0.23871231079101562,168.00488997555013,40.707352198323406,6.9612620500450815,2096.947509765625,0.0,0.0,False,,-58.73842810836997,False,
positive,/mnt/MammoDiffusion/MammoDiffusion/experiments/diffusers/04_sd21_lora/generated_images/final/positive/gen_0835.png,gen_0835.png,117.6868,86.0,3.0,0.1640625,0.9487769717261905,0.18889236450195312,159.28234747662418,47.598260810808746,5.589141105473329,1049.885498046875,0.0,0.0,False,,-33.84229151691817,True,1194.0
positive,/mnt/MammoDiffusion/MammoDiffusion/experiments/diffusers/04_sd21_lora/generated_images/final/positive/gen_0836.png,gen_0836.png,80.6868,49.0,3.0,0.262054443359375,0.9704349598229882,0.2964439392089844,144.01573779773778,60.70659393924696,6.372937727117905,1819.62451171875,0.0,0.0,False,,-23.271275543102792,True,915.0
positive,/mnt/MammoDiffusion/MammoDiffusion/experiments/diffusers/04_sd21_lora/generated_images/final/positive/gen_0837.png,gen_0837.png,73.5824,33.0,4.0,0.6738624572753906,0.995720326749656,0.7224235534667969,133.59593196711356,49.74255393440404,7.443466773418349,973.2053833007812,0.0,0.0,False,,-9.592837352023189,True,294.0
positive,/mnt/MammoDiffusion/MammoDiffusion/experiments/diffusers/04_sd21_lora/generated_images/final/positive/gen_0838.png,gen_0838.png,140.478,91.0,5.0,0.2542572021484375,0.8370941607153574,0.22518157958984375,173.66828731153652,29.565829906316676,6.956618027605481,460.24114990234375,0.0,0.0,False,,-97.89416476070727,False,
positive,/mnt/MammoDiffusion/MammoDiffusion/experiments/diffusers/04_sd21_lora/generated_images/final/positive/gen_0839.png,gen_0839.png,215.0,210.0,3.0,0.038501739501953125,0.20083225998216586,0.007556915283203125,220.5507319535588,12.405364153756759,5.346641353316614,1171.242431640625,0.0,0.0,True,too_empty,,False,
positive,/mnt/MammoDiffusion/MammoDiffusion/experiments/diffusers/04_sd21_lora/generated_images/final/positive/gen_0840.png,gen_0840.png,93.8956,80.0,1.0,0.23395156860351562,0.8397495475223793,0.22594833374023438,154.6357312893586,49.10734262029195,5.368190634500522,641.6243896484375,0.0,0.0,False,,-93.90402118486213,False,
positive,/mnt/MammoDiffusion/MammoDiffusion/experiments/diffusers/04_sd21_lora/generated_images/final/positive/gen_0841.png,gen_0841.png,171.0,149.0,6.0,0.04979705810546875,0.4801593381339053,0.024227142333984375,198.06550149582742,15.905655714237254,6.943033447538745,1164.028076171875,0.0,0.0,True,too_empty,,False,
positive,/mnt/MammoDiffusion/MammoDiffusion/experiments/diffusers/04_sd21_lora/generated_images/final/positive/gen_0842.png,gen_0842.png,109.7912,87.0,2.0,0.23415374755859375,0.963409468573849,0.2570838928222656,156.64941462763196,41.57773183423075,5.4579194042379005,443.23846435546875,0.0,0.0,False,,-24.89629586737359,True,960.0
positive,/mnt/MammoDiffusion/MammoDiffusion/experiments/diffusers/04_sd21_lora/generated_images/final/positive/gen_0843.png,gen_0843.png,116.7912,94.0,2.0,0.15758132934570312,0.8040378609988138,0.12978744506835938,155.45307586044734,29.209362689963292,5.339171540152844,522.3062744140625,0.0,0.0,True,too_empty,,False,
positive,/mnt/MammoDiffusion/MammoDiffusion/experiments/diffusers/04_sd21_lora/generated_images/final/positive/gen_0844.png,gen_0844.png,106.7912,84.0,2.0,0.2549095153808594,0.8981488409679302,0.29854583740234375,146.5834121284915,51.69002062699948,5.992162810848835,1042.6370849609375,0.0,0.0,False,,-61.5025321183478,False,
positive,/mnt/MammoDiffusion/MammoDiffusion/experiments/diffusers/04_sd21_lora/generated_images/final/positive/gen_0845.png,gen_0845.png,14.8956,1.0,1.0,0.7516593933105469,0.9966251021350669,0.7550201416015625,102.59856308482044,56.424805862629086,7.181289277933908,1833.1556396484375,0.0,0.0,False,,-9.635903060720704,True,300.0
positive,/mnt/MammoDiffusion/MammoDiffusion/experiments/diffusers/04_sd21_lora/generated_images/final/positive/gen_0846.png,gen_0846.png,138.478,89.0,5.0,0.1049957275390625,0.5502470571137916,0.05638885498046875,185.30002705993778,25.398012055484383,5.9607618559257105,1203.810546875,0.0,0.0,True,too_empty,,False,
positive,/mnt/MammoDiffusion/MammoDiffusion/experiments/diffusers/04_sd21_lora/generated_images/final/positive/gen_0847.png,gen_0847.png,47.8956,34.0,1.0,0.5292778015136719,0.9963602816637477,0.5429801940917969,121.63293967219104,57.06258955749401,6.606034538897344,1248.847900390625,0.0,0.0,False,,-7.693259363679549,True,87.0
positive,/mnt/MammoDiffusion/MammoDiffusion/experiments/diffusers/04_sd21_lora/generated_images/final/positive/gen_0848.png,gen_0848.png,94.5824,54.0,4.0,0.3623161315917969,0.9659398393329052,0.385498046875,146.3840939677011,47.36843847616343,6.885523632442364,1572.5543212890625,0.0,0.0,False,,-24.497920346701065,True,950.0
positive,/mnt/MammoDiffusion/MammoDiffusion/experiments/diffusers/04_sd21_lora/generated_images/final/positive/gen_0849.png,gen_0849.png,109.7912,87.0,2.0,0.2796897888183594,0.873579836058866,0.22553253173828125,160.12357498054868,42.48785879369751,6.3905680110725225,1241.812744140625,0.0,0.0,False,,-76.0382535783063,False,
positive,/mnt/MammoDiffusion/MammoDiffusion/experiments/diffusers/04_sd21_lora/generated_images/final/positive/gen_0850.png,gen_0850.png,104.7912,82.0,2.0,0.2043609619140625,0.8257298588815053,0.18127822875976562,166.68681214620904,49.32445425048582,5.830894625389385,904.8485717773438,0.0,0.0,False,,-102.62145346243025,False,
positive,/mnt/MammoDiffusion/MammoDiffusion/experiments/diffusers/04_sd21_lora/generated_images/final/positive/gen_0851.png,gen_0851.png,63.6868,32.0,3.0,0.5643272399902344,0.9955183019569406,0.5933151245117188,126.73325446526161,51.068315771895165,7.114553641247955,1323.5157470703125,0.0,0.0,False,,-8.825754658227728,True,220.0
positive,/mnt/MammoDiffusion/MammoDiffusion/experiments/diffusers/04_sd21_lora/generated_images/final/positive/gen_0852.png,gen_0852.png,64.7912,42.0,2.0,0.3206062316894531,0.9823784877149146,0.3566780090332031,127.08938941829499,58.62893333385347,5.990256569992949,1440.8023681640625,0.0,0.0,False,,-14.726132499881489,True,602.0
positive,/mnt/MammoDiffusion/MammoDiffusion/experiments/diffusers/04_sd21_lora/generated_images/final/positive/gen_0853.png,gen_0853.png,139.478,90.0,5.0,0.08639907836914062,0.5356527882025697,0.040691375732421875,181.75316396362615,25.768639624648756,5.859379989482415,1408.923095703125,0.0,0.0,True,too_empty,,False,
positive,/mnt/MammoDiffusion/MammoDiffusion/experiments/diffusers/04_sd21_lora/generated_images/final/positive/gen_0854.png,gen_0854.png,59.8956,46.0,1.0,0.34228515625,0.9784125356633381,0.3778228759765625,122.70109244376236,59.801028391375546,5.8924494050585245,1208.4124755859375,0.0,0.0,False,,-16.351672288468187,True,671.0
positive,/mnt/MammoDiffusion/MammoDiffusion/experiments/diffusers/04_sd21_lora/generated_images/final/positive/gen_0855.png,gen_0855.png,79.6868,48.0,3.0,0.5371856689453125,0.9952066467831274,0.5738334655761719,141.52423434622773,50.11434487215092,7.11447101151718,1129.690185546875,0.0,0.0,False,,-9.01317098458987,True,246.0
positive,/mnt/MammoDiffusion/MammoDiffusion/experiments/diffusers/04_sd21_lora/generated_images/final/positive/gen_0856.png,gen_0856.png,85.7912,63.0,2.0,0.34783172607421875,0.9859073062665877,0.3778076171875,141.68477382875605,50.21648134202282,6.088495616060227,1030.4503173828125,0.0,0.0,False,,-12.067630177431699,True,472.0
positive,/mnt/MammoDiffusion/MammoDiffusion/experiments/diffusers/04_sd21_lora/generated_images/final/positive/gen_0857.png,gen_0857.png,59.5824,19.0,4.0,0.5224761962890625,0.9887853742589293,0.5849571228027344,121.56305145979927,57.1901643200489,7.365718359583337,1850.9544677734375,0.0,0.0,False,,-13.679170850025857,True,554.0
positive,/mnt/MammoDiffusion/MammoDiffusion/experiments/diffusers/04_sd21_lora/generated_images/final/positive/gen_0858.png,gen_0858.png,60.7912,38.0,2.0,0.46814727783203125,0.9953798015025831,0.4968528747558594,126.32651039947177,54.25148684297455,6.610737759673703,1198.568359375,0.0,0.0,False,,-7.814235548353144,True,98.0
positive,/mnt/MammoDiffusion/MammoDiffusion/experiments/diffusers/04_sd21_lora/generated_images/final/positive/gen_0859.png,gen_0859.png,14.8956,1.0,1.0,0.8537788391113281,0.9999731919057427,0.8483619689941406,137.02564828928968,38.75243227219194,7.114953175095923,902.2628784179688,0.0,0.0,False,,-8.8295879959189,True,221.0
positive,/mnt/MammoDiffusion/MammoDiffusion/experiments/diffusers/04_sd21_lora/generated_images/final/positive/gen_0860.png,gen_0860.png,121.6868,90.0,3.0,0.13432693481445312,0.8679180984295572,0.116973876953125,162.36449908687712,38.59079736242692,5.601595661210545,785.5924682617188,0.0,0.0,True,too_empty,,False,
positive,/mnt/MammoDiffusion/MammoDiffusion/experiments/diffusers/04_sd21_lora/generated_images/final/positive/gen_0861.png,gen_0861.png,93.7912,71.0,2.0,0.3336143493652344,0.8544851637985249,0.2631874084472656,153.1082718536663,47.07492910273562,6.488463095075197,1125.0511474609375,0.0,0.0,False,,-86.44858321233802,False,
positive,/mnt/MammoDiffusion/MammoDiffusion/experiments/diffusers/04_sd21_lora/generated_images/final/positive/gen_0862.png,gen_0862.png,158.0,137.0,2.0,0.049144744873046875,0.39369712023596987,0.020244598388671875,175.84360278876954,15.90883552407843,5.726627224492013,924.0479736328125,0.0,0.0,True,too_empty,,False,
positive,/mnt/MammoDiffusion/MammoDiffusion/experiments/diffusers/04_sd21_lora/generated_images/final/positive/gen_0863.png,gen_0863.png,115.7912,93.0,2.0,0.19251251220703125,0.8301430666191099,0.18104934692382812,160.8871283790902,44.17389854366039,6.079510421266484,687.257568359375,0.0,0.0,False,,-100.02794673111202,False,
positive,/mnt/MammoDiffusion/MammoDiffusion/experiments/diffusers/04_sd21_lora/generated_images/final/positive/gen_0864.png,gen_0864.png,75.6868,44.0,3.0,0.5012130737304688,0.9865971535124438,0.5576820373535156,127.81711162641166,49.83007173398764,6.877525232385979,740.997802734375,0.0,0.0,False,,-12.820337228486153,True,521.0
positive,/mnt/MammoDiffusion/MammoDiffusion/experiments/diffusers/04_sd21_lora/generated_images/final/positive/gen_0865.png,gen_0865.png,32.7912,10.0,2.0,0.5207786560058594,0.9962203063309869,0.5267829895019531,112.51603629438132,56.68757155061069,6.858419630330744,1761.2244873046875,0.0,0.0,False,,-8.23649318763665,True,143.0
positive,/mnt/MammoDiffusion/MammoDiffusion/experiments/diffusers/04_sd21_lora/generated_images/final/positive/gen_0866.png,gen_0866.png,145.5824,105.0,4.0,0.12427520751953125,0.63453864571183,0.07638931274414062,186.1007240948814,20.701885949659037,5.906816944030654,1076.8729248046875,0.0,0.0,True,too_empty,,False,
positive,/mnt/MammoDiffusion/MammoDiffusion/experiments/diffusers/04_sd21_lora/generated_images/final/positive/gen_0867.png,gen_0867.png,116.47800000000001,67.0,5.0,0.14188766479492188,0.7814491195053098,0.11582183837890625,171.9420328041631,39.669683822311065,6.196733465450892,1715.9366455078125,0.0,0.0,True,too_empty,,False,
positive,/mnt/MammoDiffusion/MammoDiffusion/experiments/diffusers/04_sd21_lora/generated_images/final/positive/gen_0868.png,gen_0868.png,124.3736,66.0,6.0,0.19750595092773438,0.8325446644133269,0.1621246337890625,168.45635294117648,32.651916810577056,6.866082120368856,2202.86767578125,0.0,0.0,False,,-101.54694860926705,False,
positive,/mnt/MammoDiffusion/MammoDiffusion/experiments/diffusers/04_sd21_lora/generated_images/final/positive/gen_0869.png,gen_0869.png,94.5824,54.0,4.0,0.2511482238769531,0.955116423895378,0.30310821533203125,140.58502605149891,52.73340212870692,6.510202429881119,1628.1051025390625,0.0,0.0,False,,-30.963280422889383,True,1108.0
positive,/mnt/MammoDiffusion/MammoDiffusion/experiments/diffusers/04_sd21_lora/generated_images/final/positive/gen_0870.png,gen_0870.png,75.47800000000001,26.0,5.0,0.5056533813476562,0.9960619822864644,0.5056877136230469,142.8697524950401,40.49505542862545,7.156611423005309,1405.9320068359375,0.0,0.0,False,,-7.822403434588921,True,100.0
positive,/mnt/MammoDiffusion/MammoDiffusion/experiments/diffusers/04_sd21_lora/generated_images/final/positive/gen_0871.png,gen_0871.png,220.0,253.0,1.0,0.2609367370605469,0.9132347996432905,0.23799896240234375,248.147715980125,33.89841575874175,6.648048108776973,1701.8475341796875,0.0,0.0,False,,-57.748180988693036,False,
positive,/mnt/MammoDiffusion/MammoDiffusion/experiments/diffusers/04_sd21_lora/generated_images/final/positive/gen_0872.png,gen_0872.png,69.5824,29.0,4.0,0.30609893798828125,0.9527803394730939,0.3288078308105469,139.59793491501827,55.035061417045476,6.684997073994671,2135.872314453125,0.0,0.0,False,,-33.017063941222595,True,1165.0
positive,/mnt/MammoDiffusion/MammoDiffusion/experiments/diffusers/04_sd21_lora/generated_images/final/positive/gen_0873.png,gen_0873.png,115.5824,75.0,4.0,0.214324951171875,0.8696604015378043,0.23191452026367188,159.95840118430792,49.03827411584208,6.302876240865176,1277.1513671875,0.0,0.0,False,,-78.58603273803607,False,
positive,/mnt/MammoDiffusion/MammoDiffusion/experiments/diffusers/04_sd21_lora/generated_images/final/positive/gen_0874.png,gen_0874.png,142.5824,102.0,4.0,0.14350128173828125,0.5932532298367803,0.08966064453125,184.8222855684139,34.33718319419208,6.1876761003915535,1178.4403076171875,0.0,0.0,True,too_empty,,False,
positive,/mnt/MammoDiffusion/MammoDiffusion/experiments/diffusers/04_sd21_lora/generated_images/final/positive/gen_0875.png,gen_0875.png,194.0,191.0,2.0,0.04961395263671875,0.13463017069045055,0.004131317138671875,196.44136657433057,38.0506178251642,6.159679106976392,1049.592041015625,0.0,0.0,True,too_empty,,False,
positive,/mnt/MammoDiffusion/MammoDiffusion/experiments/diffusers/04_sd21_lora/generated_images/final/positive/gen_0876.png,gen_0876.png,75.7912,53.0,2.0,0.22823333740234375,0.9180177168644492,0.2527732849121094,127.20400525179964,57.92836047013337,5.641612475631526,1116.9149169921875,0.0,0.0,False,,-50.37374371605777,False,
positive,/mnt/MammoDiffusion/MammoDiffusion/experiments/diffusers/04_sd21_lora/generated_images/final/positive/gen_0877.png,gen_0877.png,220.0,253.0,1.0,0.27089691162109375,0.9425183766581238,0.24167251586914062,251.97446056224646,18.396338729004267,6.40513868862249,1795.9296875,0.0,0.0,False,,-42.5521918173982,False,
positive,/mnt/MammoDiffusion/MammoDiffusion/experiments/diffusers/04_sd21_lora/generated_images/final/positive/gen_0878.png,gen_0878.png,91.5824,51.0,4.0,0.172637939453125,0.952337811560898,0.19362258911132812,146.58194928778298,56.278083270644174,6.105446572713804,1910.62646484375,0.0,0.0,False,,-33.62701922828746,True,1187.0
positive,/mnt/MammoDiffusion/MammoDiffusion/experiments/diffusers/04_sd21_lora/generated_images/final/positive/gen_0879.png,gen_0879.png,25.7912,3.0,2.0,0.7437400817871094,0.9989075074243333,0.745697021484375,102.65962758338449,53.52957818480332,7.271896421777526,1463.240478515625,0.0,0.0,False,,-8.161514807481003,True,128.0
positive,/mnt/MammoDiffusion/MammoDiffusion/experiments/diffusers/04_sd21_lora/generated_images/final/positive/gen_0880.png,gen_0880.png,220.0,252.0,1.0,0.3292694091796875,0.9576787617591177,0.3015022277832031,250.50399180130825,21.876172522468043,6.295985809869699,1244.565673828125,0.0,0.0,False,,-32.65387352510189,True,1154.0
positive,/mnt/MammoDiffusion/MammoDiffusion/experiments/diffusers/04_sd21_lora/generated_images/final/positive/gen_0881.png,gen_0881.png,100.7912,78.0,2.0,0.19578933715820312,0.7560448124695568,0.19344329833984375,161.04807730230723,51.894367472971275,5.801639943563625,1000.0960693359375,0.0,0.0,False,,-141.3287150254803,False,
positive,/mnt/MammoDiffusion/MammoDiffusion/experiments/diffusers/04_sd21_lora/generated_images/final/positive/gen_0882.png,gen_0882.png,65.6868,34.0,3.0,0.3861351013183594,0.9820001383084872,0.4421806335449219,125.56058318595522,60.20355536322373,6.749309144361515,1637.134521484375,0.0,0.0,False,,-15.9480326367987,True,652.0
positive,/mnt/MammoDiffusion/MammoDiffusion/experiments/diffusers/04_sd21_lora/generated_images/final/positive/gen_0883.png,gen_0883.png,220.0,213.0,15.0,0.2607460021972656,0.962518104545521,0.24832534790039062,226.62901516198903,21.90544835472629,7.009333078481679,1523.6690673828125,0.0,0.0,False,,-30.640576013812183,True,1095.0
positive,/mnt/MammoDiffusion/MammoDiffusion/experiments/diffusers/04_sd21_lora/generated_images/final/positive/gen_0884.png,gen_0884.png,16.8956,3.0,1.0,0.8658981323242188,0.998215780430856,0.863861083984375,96.0586471544141,55.01431173959101,7.3810707167970895,1310.3548583984375,0.0,0.0,False,,-8.740125166385518,True,210.0
positive,/mnt/MammoDiffusion/MammoDiffusion/experiments/diffusers/04_sd21_lora/generated_images/final/positive/gen_0885.png,gen_0885.png,104.6868,73.0,3.0,0.22536087036132812,0.887672021260389,0.22773361206054688,152.71235699090437,53.767723588337084,6.0538841108813335,1125.4801025390625,0.0,0.0,False,,-68.29394358866593,False,
positive,/mnt/MammoDiffusion/MammoDiffusion/experiments/diffusers/04_sd21_lora/generated_images/final/positive/gen_0886.png,gen_0886.png,101.7912,79.0,2.0,0.22745132446289062,0.923203354297694,0.23725509643554688,152.29833587908996,50.00557817228129,5.4586977457304515,861.1307373046875,0.0,0.0,False,,-47.31114583786439,False,
positive,/mnt/MammoDiffusion/MammoDiffusion/experiments/diffusers/04_sd21_lora/generated_images/final/positive/gen_0887.png,gen_0887.png,35.7912,13.0,2.0,0.3826751708984375,0.99373978228797,0.3963470458984375,121.33932627526468,63.07788261655785,6.356201443935738,1639.9061279296875,0.0,0.0,False,,-8.89470611032742,True,234.0
positive,/mnt/MammoDiffusion/MammoDiffusion/experiments/diffusers/04_sd21_lora/generated_images/final/positive/gen_0888.png,gen_0888.png,82.47800000000001,33.0,5.0,0.33312225341796875,0.9567024711998717,0.3979225158691406,132.167687632414,56.11839151498273,7.0276574202275945,2293.508056640625,0.0,0.0,False,,-30.7545718699825,True,1098.0
positive,/mnt/MammoDiffusion/MammoDiffusion/experiments/diffusers/04_sd21_lora/generated_images/final/positive/gen_0889.png,gen_0889.png,54.6868,23.0,3.0,0.559722900390625,0.9881958453737528,0.5592575073242188,137.0564096967382,48.21439271888774,7.093432195189919,1293.3887939453125,0.0,0.0,False,,-12.717764443137767,True,517.0
positive,/mnt/MammoDiffusion/MammoDiffusion/experiments/diffusers/04_sd21_lora/generated_images/final/positive/gen_0890.png,gen_0890.png,220.0,211.0,19.0,0.22809219360351562,0.8572575385078521,0.18881988525390625,230.16243080528506,11.697377512884099,7.250461031265825,2192.64501953125,0.0,0.0,False,,-91.37654835619337,False,
positive,/mnt/MammoDiffusion/MammoDiffusion/experiments/diffusers/04_sd21_lora/generated_images/final/positive/gen_0891.png,gen_0891.png,102.7912,80.0,2.0,0.22196197509765625,0.9741174853057436,0.24631118774414062,154.90357601945206,48.996944901156844,5.615554060312686,887.0618286132812,0.0,0.0,False,,-19.175610011310425,True,780.0
positive,/mnt/MammoDiffusion/MammoDiffusion/experiments/diffusers/04_sd21_lora/generated_images/final/positive/gen_0892.png,gen_0892.png,189.0,182.0,2.0,0.0482025146484375,0.4793447293447293,0.021697998046875,202.8848452883263,12.365660490416595,5.935708168585615,1035.8319091796875,0.0,0.0,True,too_empty,,False,
positive,/mnt/MammoDiffusion/MammoDiffusion/experiments/diffusers/04_sd21_lora/generated_images/final/positive/gen_0893.png,gen_0893.png,75.7912,53.0,2.0,0.3269844055175781,0.9810072681031767,0.3754615783691406,134.52553721107444,59.24050386405192,6.287029218657162,1295.505126953125,0.0,0.0,False,,-15.744656910736836,True,645.0
positive,/mnt/MammoDiffusion/MammoDiffusion/experiments/diffusers/04_sd21_lora/generated_images/final/positive/gen_0894.png,gen_0894.png,77.6868,46.0,3.0,0.467681884765625,0.9534991843393148,0.4676399230957031,142.59299774041716,47.75010209191174,6.868719363273253,1219.15869140625,0.0,0.0,False,,-31.188344872227113,True,1111.0
positive,/mnt/MammoDiffusion/MammoDiffusion/experiments/diffusers/04_sd21_lora/generated_images/final/positive/gen_0895.png,gen_0895.png,220.0,253.0,1.0,0.25820159912109375,0.9148716130366693,0.23273849487304688,252.1085705856321,17.85956244978358,6.519067139298401,1413.8087158203125,0.0,0.0,False,,-57.64650134520923,False,
positive,/mnt/MammoDiffusion/MammoDiffusion/experiments/diffusers/04_sd21_lora/generated_images/final/positive/gen_0896.png,gen_0896.png,98.6868,67.0,3.0,0.2765235900878906,0.9290375091393177,0.2960052490234375,143.98179029846898,46.39474801976915,6.085115361985709,1214.1651611328125,0.0,0.0,False,,-44.218641104346744,False,
positive,/mnt/MammoDiffusion/MammoDiffusion/experiments/diffusers/04_sd21_lora/generated_images/final/positive/gen_0897.png,gen_0897.png,139.8956,126.0,1.0,0.11764144897460938,0.6110444566944453,0.07029342651367188,173.37569870299018,18.810606956118914,5.58250301334828,425.35870361328125,0.0,0.0,True,too_empty,,False,
positive,/mnt/MammoDiffusion/MammoDiffusion/experiments/diffusers/04_sd21_lora/generated_images/final/positive/gen_0898.png,gen_0898.png,130.5824,90.0,4.0,0.12166595458984375,0.8029723458957798,0.101226806640625,177.40171842025927,36.033044577707315,5.809672449508977,1049.8660888671875,0.0,0.0,True,too_empty,,False,
positive,/mnt/MammoDiffusion/MammoDiffusion/experiments/diffusers/04_sd21_lora/generated_images/final/positive/gen_0899.png,gen_0899.png,98.7912,76.0,2.0,0.2814903259277344,0.9472022333346886,0.33152008056640625,139.2440222769429,45.46288446568296,5.934896008221195,822.9376220703125,0.0,0.0,False,,-33.13803774708,True,1171.0
positive,/mnt/MammoDiffusion/MammoDiffusion/experiments/diffusers/04_sd21_lora/generated_images/final/positive/gen_0900.png,gen_0900.png,117.5824,77.0,4.0,0.3559989929199219,0.7733677657169187,0.3182792663574219,164.2762389884341,42.562483123785746,6.951575340974964,907.3902587890625,0.0,0.0,False,,-131.3271756694069,False,
positive,/mnt/MammoDiffusion/MammoDiffusion/experiments/diffusers/04_sd21_lora/generated_images/final/positive/gen_0901.png,gen_0901.png,83.6868,52.0,3.0,0.24114227294921875,0.9465466510583098,0.27709197998046875,138.67408243619042,55.6704570519198,6.305953598452801,1707.079833984375,0.0,0.0,False,,-35.94197786595722,True,1254.0
positive,/mnt/MammoDiffusion/MammoDiffusion/experiments/diffusers/04_sd21_lora/generated_images/final/positive/gen_0902.png,gen_0902.png,174.0,141.0,5.0,0.0492401123046875,0.7472110319181903,0.03440093994140625,197.45985806165447,16.131480350781278,6.917644075061196,780.2688598632812,0.0,0.0,True,too_empty,,False,
positive,/mnt/MammoDiffusion/MammoDiffusion/experiments/diffusers/04_sd21_lora/generated_images/final/positive/gen_0903.png,gen_0903.png,103.5824,63.0,4.0,0.19800949096679688,0.9154641955805576,0.17367172241210938,162.6292529707646,41.029275884192806,6.251131874492867,1568.7412109375,0.0,0.0,False,,-53.3711178651414,False,
positive,/mnt/MammoDiffusion/MammoDiffusion/experiments/diffusers/04_sd21_lora/generated_images/final/positive/gen_0904.png,gen_0904.png,83.6868,52.0,3.0,0.135833740234375,0.9800044933722759,0.14942169189453125,151.48899668113353,58.449740952816505,5.541060218109011,1502.468994140625,0.0,0.0,False,,-17.807992739364803,True,719.0
positive,/mnt/MammoDiffusion/MammoDiffusion/experiments/diffusers/04_sd21_lora/generated_images/final/positive/gen_0905.png,gen_0905.png,110.8956,97.0,1.0,0.23728179931640625,0.7597504903379313,0.17487335205078125,161.67065136774139,42.42418704467741,5.670997959745734,739.727294921875,0.0,0.0,False,,-138.58731414735774,False,
positive,/mnt/MammoDiffusion/MammoDiffusion/experiments/diffusers/04_sd21_lora/generated_images/final/positive/gen_0906.png,gen_0906.png,96.6868,65.0,3.0,0.27789306640625,0.9814545354711179,0.2953605651855469,149.27850749738462,49.15624737510756,6.101282797036223,892.2637329101562,0.0,0.0,False,,-15.09545769535912,True,618.0
positive,/mnt/MammoDiffusion/MammoDiffusion/experiments/diffusers/04_sd21_lora/generated_images/final/positive/gen_0907.png,gen_0907.png,121.7912,99.0,2.0,0.21700668334960938,0.9350642501801818,0.23026657104492188,156.68596656892467,37.151145299649926,5.35173760897562,500.34716796875,0.0,0.0,False,,-40.77823028712078,True,1348.0
positive,/mnt/MammoDiffusion/MammoDiffusion/experiments/diffusers/04_sd21_lora/generated_images/final/positive/gen_0908.png,gen_0908.png,69.47800000000001,20.0,5.0,0.6655998229980469,0.9851790718866594,0.692626953125,128.92950299612266,45.83007966592611,7.561796893421657,1842.025390625,0.0,0.0,False,,-16.012670037028727,True,655.0
positive,/mnt/MammoDiffusion/MammoDiffusion/experiments/diffusers/04_sd21_lora/generated_images/final/positive/gen_0909.png,gen_0909.png,116.0,108.0,2.0,0.0469970703125,0.9301136363636363,0.040500640869140625,179.00056513139305,25.272015482820652,4.051673627565279,264.1671142578125,0.0,0.0,True,too_empty,,False,
positive,/mnt/MammoDiffusion/MammoDiffusion/experiments/diffusers/04_sd21_lora/generated_images/final/positive/gen_0910.png,gen_0910.png,98.7912,76.0,2.0,0.16156768798828125,0.9047315483779572,0.158599853515625,157.47202713103712,49.73832514038516,5.152208346768486,601.2797241210938,0.0,0.0,False,,-58.24592871061917,False,
positive,/mnt/MammoDiffusion/MammoDiffusion/experiments/diffusers/04_sd21_lora/generated_images/final/positive/gen_0911.png,gen_0911.png,78.7912,56.0,2.0,0.2718238830566406,0.9689293683427593,0.3195037841796875,135.07694971106548,60.14848155253784,5.925143112111254,1107.0697021484375,0.0,0.0,False,,-22.320360870179364,True,887.0
positive,/mnt/MammoDiffusion/MammoDiffusion/experiments/diffusers/04_sd21_lora/generated_images/final/positive/gen_0912.png,gen_0912.png,52.8956,39.0,1.0,0.5541191101074219,0.9941070777025864,0.5602149963378906,132.22516461591889,53.92593133554779,6.210843866749295,966.6441040039062,0.0,0.0,False,,-8.425710674922989,True,171.0
positive,/mnt/MammoDiffusion/MammoDiffusion/experiments/diffusers/04_sd21_lora/generated_images/final/positive/gen_0913.png,gen_0913.png,120.7912,98.0,2.0,0.06414031982421875,0.9993457832758416,0.0595550537109375,169.24532410965924,20.795519988506303,4.325886677127151,368.7069091796875,0.0,0.0,True,too_empty,,False,
positive,/mnt/MammoDiffusion/MammoDiffusion/experiments/diffusers/04_sd21_lora/generated_images/final/positive/gen_0914.png,gen_0914.png,79.8956,66.0,1.0,0.35279083251953125,0.9974265262429446,0.3629035949707031,134.99529080340156,42.05477550194757,5.649444566776405,526.0702514648438,0.0,0.0,False,,-4.7540321900624996,True,1.0
positive,/mnt/MammoDiffusion/MammoDiffusion/experiments/diffusers/04_sd21_lora/generated_images/final/positive/gen_0915.png,gen_0915.png,180.0,163.0,2.0,0.049953460693359375,0.7614356624665903,0.041015625,188.64918154761904,11.080093928888548,6.289655988245893,470.08636474609375,0.0,0.0,True,too_empty,,False,
positive,/mnt/MammoDiffusion/MammoDiffusion/experiments/diffusers/04_sd21_lora/generated_images/final/positive/gen_0916.png,gen_0916.png,144.7912,122.0,2.0,0.18433761596679688,0.9436914098876311,0.18505859375,174.06740600263853,25.827815529881423,5.266567002342175,399.2237854003906,0.0,0.0,False,,-37.66420233204332,True,1282.0
positive,/mnt/MammoDiffusion/MammoDiffusion/experiments/diffusers/04_sd21_lora/generated_images/final/positive/gen_0917.png,gen_0917.png,12.0,7.0,0.0,0.7086944580078125,0.997507804930563,0.7028961181640625,115.3580809725388,52.89392934877166,6.5854388343815184,1359.3450927734375,0.0,0.0,False,,-7.764169297469425,True,92.0
positive,/mnt/MammoDiffusion/MammoDiffusion/experiments/diffusers/04_sd21_lora/generated_images/final/positive/gen_0918.png,gen_0918.png,62.5824,22.0,4.0,0.27190399169921875,0.9601279497180055,0.3406333923339844,118.9065457192452,64.44193884410195,6.64404186348253,2153.3759765625,0.0,0.0,False,,-28.870905158336814,True,1062.0
positive,/mnt/MammoDiffusion/MammoDiffusion/experiments/diffusers/04_sd21_lora/generated_images/final/positive/gen_0919.png,gen_0919.png,119.8956,106.0,1.0,0.2913360595703125,0.9737207353480333,0.3116874694824219,152.6062271286426,31.808128960344554,5.190403401449828,314.180419921875,0.0,0.0,False,,-19.088707100715204,True,778.0
positive,/mnt/MammoDiffusion/MammoDiffusion/experiments/diffusers/04_sd21_lora/generated_images/final/positive/gen_0920.png,gen_0920.png,98.5824,58.0,4.0,0.3155059814453125,0.9170696909609711,0.3938179016113281,140.49828065519145,51.067011651727896,6.641561230264766,1376.8306884765625,0.0,0.0,False,,-51.17614465080931,False,
positive,/mnt/MammoDiffusion/MammoDiffusion/experiments/diffusers/04_sd21_lora/generated_images/final/positive/gen_0921.png,gen_0921.png,25.7912,3.0,2.0,0.6246795654296875,0.9864066049488263,0.6743698120117188,93.31685352581145,62.497965654194736,7.198183672102742,2401.46826171875,0.0,0.0,False,,-15.627619899666401,True,638.0
positive,/mnt/MammoDiffusion/MammoDiffusion/experiments/diffusers/04_sd21_lora/generated_images/final/positive/gen_0922.png,gen_0922.png,170.478,121.0,5.0,0.10973739624023438,0.6531442277609761,0.07341384887695312,192.77344764873993,15.33192505153351,6.473992247853256,253.1260986328125,0.0,0.0,True,too_empty,,False,
positive,/mnt/MammoDiffusion/MammoDiffusion/experiments/diffusers/04_sd21_lora/generated_images/final/positive/gen_0923.png,gen_0923.png,103.7912,81.0,2.0,0.24931716918945312,0.9928852303502302,0.271392822265625,149.28109187001013,41.91345249855179,5.69990705676052,586.3403930664062,0.0,0.0,False,,-8.294569444713233,True,151.0
positive,/mnt/MammoDiffusion/MammoDiffusion/experiments/diffusers/04_sd21_lora/generated_images/final/positive/gen_0924.png,gen_0924.png,26.7912,4.0,2.0,0.6926002502441406,0.9876295019304807,0.6996383666992188,104.51849994002377,55.42459482123749,7.331396630142993,1748.106689453125,0.0,0.0,False,,-14.288322174054652,True,577.0
positive,/mnt/MammoDiffusion/MammoDiffusion/experiments/diffusers/04_sd21_lora/generated_images/final/positive/gen_0925.png,gen_0925.png,150.7912,128.0,2.0,0.0569915771484375,0.8826639892904953,0.047069549560546875,189.34873166383014,13.464894360831575,3.8774916944287816,204.80577087402344,0.0,0.0,True,too_empty,,False,
positive,/mnt/MammoDiffusion/MammoDiffusion/experiments/diffusers/04_sd21_lora/generated_images/final/positive/gen_0926.png,gen_0926.png,116.5824,76.0,4.0,0.13574600219726562,0.9815933679921315,0.12974166870117188,166.0634206580224,37.93302152412824,5.802260737511498,1475.6295166015625,0.0,0.0,True,too_empty,,False,
positive,/mnt/MammoDiffusion/MammoDiffusion/experiments/diffusers/04_sd21_lora/generated_images/final/positive/gen_0927.png,gen_0927.png,45.6868,14.0,3.0,0.5989837646484375,0.9967647433447968,0.6003799438476562,132.93018438742962,48.56506428245155,7.239884983349131,1570.2806396484375,0.0,0.0,False,,-8.621333501922436,True,192.0
positive,/mnt/MammoDiffusion/MammoDiffusion/experiments/diffusers/04_sd21_lora/generated_images/final/positive/gen_0928.png,gen_0928.png,220.0,230.0,23.0,0.3120536804199219,0.9350757307189222,0.2887535095214844,251.4179139969615,18.421760908417745,6.415080498144284,1796.653564453125,0.0,0.0,False,,-46.35903296134533,False,
positive,/mnt/MammoDiffusion/MammoDiffusion/experiments/diffusers/04_sd21_lora/generated_images/final/positive/gen_0929.png,gen_0929.png,46.7912,24.0,2.0,0.32330322265625,0.9383141400792901,0.3108177185058594,125.87598031394593,61.06044372512724,6.158809203205207,1652.833251953125,0.0,0.0,False,,-40.06331375749252,True,1333.0
positive,/mnt/MammoDiffusion/MammoDiffusion/experiments/diffusers/04_sd21_lora/generated_images/final/positive/gen_0930.png,gen_0930.png,118.5824,78.0,4.0,0.1847381591796875,0.9130048732138433,0.19016265869140625,169.48547642928787,44.762118150985486,6.02680091565202,1215.4774169921875,0.0,0.0,False,,-54.44233451045805,False,
positive,/mnt/MammoDiffusion/MammoDiffusion/experiments/diffusers/04_sd21_lora/generated_images/final/positive/gen_0931.png,gen_0931.png,220.0,215.0,36.0,0.20248031616210938,0.4316207916501818,0.08701324462890625,246.9748794388426,30.98046831766541,7.073457211786886,2066.5244140625,0.0,0.0,True,too_empty,,False,
positive,/mnt/MammoDiffusion/MammoDiffusion/experiments/diffusers/04_sd21_lora/generated_images/final/positive/gen_0932.png,gen_0932.png,70.7912,48.0,2.0,0.2956085205078125,0.9606798121096372,0.3427925109863281,129.27111872781296,59.0981848284876,5.95911348646861,1305.348388671875,0.0,0.0,False,,-26.769911153994897,True,1009.0
positive,/mnt/MammoDiffusion/MammoDiffusion/experiments/diffusers/04_sd21_lora/generated_images/final/positive/gen_0933.png,gen_0933.png,220.0,253.0,1.0,0.32375335693359375,0.9166725580299281,0.2819480895996094,251.810285343183,20.278487515918084,6.200820609539436,1701.404541015625,0.0,0.0,False,,-56.17547510604875,False,
positive,/mnt/MammoDiffusion/MammoDiffusion/experiments/diffusers/04_sd21_lora/generated_images/final/positive/gen_0934.png,gen_0934.png,147.5824,107.0,4.0,0.136260986328125,0.36346584546472566,0.06233978271484375,180.51823522212703,35.496132251845715,6.04411630531124,1215.4569091796875,0.0,0.0,True,too_empty,,False,
positive,/mnt/MammoDiffusion/MammoDiffusion/experiments/diffusers/04_sd21_lora/generated_images/final/positive/gen_0935.png,gen_0935.png,194.0,186.0,3.0,0.04105377197265625,0.15341014681286005,0.00576019287109375,205.65165562913907,7.169969143852211,6.4306043468671135,1068.246337890625,0.0,0.0,True,too_empty,,False,
positive,/mnt/MammoDiffusion/MammoDiffusion/experiments/diffusers/04_sd21_lora/generated_images/final/positive/gen_0936.png,gen_0936.png,106.7912,84.0,2.0,0.21331405639648438,0.9464403869883224,0.2209625244140625,155.39263517712865,44.53556249262147,5.7925031606794315,856.96435546875,0.0,0.0,False,,-34.55224131882895,True,1214.0
positive,/mnt/MammoDiffusion/MammoDiffusion/experiments/diffusers/04_sd21_lora/generated_images/final/positive/gen_0937.png,gen_0937.png,113.6868,82.0,3.0,0.21348953247070312,0.9279371035468597,0.23952102661132812,151.24959785949767,44.95036898503407,5.799318153870707,834.3203125,0.0,0.0,False,,-44.63809393634352,False,
positive,/mnt/MammoDiffusion/MammoDiffusion/experiments/diffusers/04_sd21_lora/generated_images/final/positive/gen_0938.png,gen_0938.png,220.0,254.0,0.0,0.2618675231933594,0.9593864262094484,0.22475814819335938,252.72614945942735,13.905997938091957,6.686267515342653,1179.146240234375,0.0,0.0,False,,-33.157846177756994,True,1174.0
positive,/mnt/MammoDiffusion/MammoDiffusion/experiments/diffusers/04_sd21_lora/generated_images/final/positive/gen_0939.png,gen_0939.png,210.0,198.0,1.0,0.048091888427734375,0.6354406282224161,0.03362274169921875,218.74256864079874,11.40228604703796,5.897030051755129,985.7346801757812,0.0,0.0,True,too_empty,,False,
positive,/mnt/MammoDiffusion/MammoDiffusion/experiments/diffusers/04_sd21_lora/generated_images/final/positive/gen_0940.png,gen_0940.png,88.6868,57.0,3.0,0.13414764404296875,0.9667007905363135,0.15562820434570312,145.1658210162512,56.84358673555744,5.40786871018136,1105.189208984375,0.0,0.0,False,,-24.22566657418684,True,942.0
positive,/mnt/MammoDiffusion/MammoDiffusion/experiments/diffusers/04_sd21_lora/generated_images/final/positive/gen_0941.png,gen_0941.png,143.6868,112.0,3.0,0.12656784057617188,0.5275023358148226,0.06546783447265625,182.43788602726954,19.495346628779537,5.3445766685075276,657.7968139648438,0.0,0.0,True,too_empty,,False,
positive,/mnt/MammoDiffusion/MammoDiffusion/experiments/diffusers/04_sd21_lora/generated_images/final/positive/gen_0942.png,gen_0942.png,101.7912,79.0,2.0,0.1320343017578125,0.8154108401710389,0.12096405029296875,151.4127719962157,50.34019750593616,5.277748191489086,858.0223999023438,0.0,0.0,True,too_empty,,False,
positive,/mnt/MammoDiffusion/MammoDiffusion/experiments/diffusers/04_sd21_lora/generated_images/final/positive/gen_0943.png,gen_0943.png,122.5824,82.0,4.0,0.21407318115234375,0.9755515164474856,0.236968994140625,161.05796844816484,40.3088120151464,6.137531560062566,1199.8060302734375,0.0,0.0,False,,-18.9197646530977,True,767.0
positive,/mnt/MammoDiffusion/MammoDiffusion/experiments/diffusers/04_sd21_lora/generated_images/final/positive/gen_0944.png,gen_0944.png,64.7912,42.0,2.0,0.3177146911621094,0.9389220406546039,0.3561553955078125,119.57844565357097,61.36229167106329,6.151329662729768,1481.88818359375,0.0,0.0,False,,-39.03105365809491,True,1317.0
positive,/mnt/MammoDiffusion/MammoDiffusion/experiments/diffusers/04_sd21_lora/generated_images/final/positive/gen_0945.png,gen_0945.png,111.6868,80.0,3.0,0.2662696838378906,0.9752439076804057,0.2958412170410156,154.77148530682243,45.460271282071005,6.33058760817428,1100.4417724609375,0.0,0.0,False,,-18.92977927331225,True,768.0
positive,/mnt/MammoDiffusion/MammoDiffusion/experiments/diffusers/04_sd21_lora/generated_images/final/positive/gen_0946.png,gen_0946.png,48.0,43.0,0.0,0.38732147216796875,0.9720783185927867,0.4153175354003906,108.8874101016781,60.400835632248175,5.513995887547111,1190.3096923828125,0.0,0.0,False,,-19.012840912992488,True,773.0
positive,/mnt/MammoDiffusion/MammoDiffusion/experiments/diffusers/04_sd21_lora/generated_images/final/positive/gen_0947.png,gen_0947.png,220.0,204.0,40.0,0.4918365478515625,0.9661914807805665,0.474517822265625,242.8264116663451,16.511839227559083,5.951149635292964,2310.06689453125,0.0,0.0,False,,-28.847742166156735,True,1060.0
positive,/mnt/MammoDiffusion/MammoDiffusion/experiments/diffusers/04_sd21_lora/generated_images/final/positive/gen_0948.png,gen_0948.png,101.6868,70.0,3.0,0.328033447265625,0.9573448692901665,0.3256988525390625,162.29846568282971,39.65090745987679,6.243281755473627,714.5362548828125,0.0,0.0,False,,-28.373332555162875,True,1048.0
positive,/mnt/MammoDiffusion/MammoDiffusion/experiments/diffusers/04_sd21_lora/generated_images/final/positive/gen_0949.png,gen_0949.png,96.8956,83.0,1.0,0.3010826110839844,0.988356329266284,0.3264007568359375,145.0353419662475,46.166499714861224,5.606224454545465,618.2352905273438,0.0,0.0,False,,-10.477252639631914,True,374.0
positive,/mnt/MammoDiffusion/MammoDiffusion/experiments/diffusers/04_sd21_lora/generated_images/final/positive/gen_0950.png,gen_0950.png,142.7912,120.0,2.0,0.11087799072265625,0.9907452005779949,0.10857009887695312,178.12582129932187,24.287407525144378,4.676584949569336,349.2447204589844,0.0,0.0,True,too_empty,,False,
positive,/mnt/MammoDiffusion/MammoDiffusion/experiments/diffusers/04_sd21_lora/generated_images/final/positive/gen_0951.png,gen_0951.png,220.0,237.0,6.0,0.39247894287109375,0.9327702505685905,0.3671836853027344,241.8717261440964,16.416241478749647,6.058145775428894,1618.1634521484375,0.0,0.0,False,,-46.38866838729368,False,
positive,/mnt/MammoDiffusion/MammoDiffusion/experiments/diffusers/04_sd21_lora/generated_images/final/positive/gen_0952.png,gen_0952.png,78.6868,47.0,3.0,0.3851165771484375,0.9827152422837672,0.4283485412597656,137.28585168627382,53.77928103879937,6.7675610319731225,1510.0506591796875,0.0,0.0,False,,-15.22379340851608,True,623.0
positive,/mnt/MammoDiffusion/MammoDiffusion/experiments/diffusers/04_sd21_lora/generated_images/final/positive/gen_0953.png,gen_0953.png,144.5824,104.0,4.0,0.058483123779296875,0.9806927141086688,0.05389404296875,186.12231030577576,22.36925750188646,5.210463694747732,1095.2274169921875,0.0,0.0,True,too_empty,,False,
positive,/mnt/MammoDiffusion/MammoDiffusion/experiments/diffusers/04_sd21_lora/generated_images/final/positive/gen_0954.png,gen_0954.png,64.5824,24.0,4.0,0.4237098693847656,0.9956335022912859,0.433990478515625,144.78788411504112,52.37417719898948,6.968675069000207,1699.3966064453125,0.0,0.0,False,,-8.650530656391481,True,197.0
positive,/mnt/MammoDiffusion/MammoDiffusion/experiments/diffusers/04_sd21_lora/generated_images/final/positive/gen_0955.png,gen_0955.png,61.7912,39.0,2.0,0.34270477294921875,0.9292615596963423,0.3437156677246094,133.34368445001832,57.743970960598475,6.380954130241635,1661.873046875,0.0,0.0,False,,-45.09179775210514,False,
positive,/mnt/MammoDiffusion/MammoDiffusion/experiments/diffusers/04_sd21_lora/generated_images/final/positive/gen_0956.png,gen_0956.png,53.8956,40.0,1.0,0.583160400390625,0.9774255586372913,0.5935096740722656,115.38584696468169,54.32223943091485,6.418440225153533,813.2217407226562,0.0,0.0,False,,-17.550400940549487,True,709.0
positive,/mnt/MammoDiffusion/MammoDiffusion/experiments/diffusers/04_sd21_lora/generated_images/final/positive/gen_0957.png,gen_0957.png,42.6868,11.0,3.0,0.4295616149902344,0.9820082232898487,0.4553337097167969,113.53508206060505,59.78920449801334,6.932506850130067,2054.118896484375,0.0,0.0,False,,-16.32965906769663,True,670.0
positive,/mnt/MammoDiffusion/MammoDiffusion/experiments/diffusers/04_sd21_lora/generated_images/final/positive/gen_0958.png,gen_0958.png,86.8956,73.0,1.0,0.3295173645019531,0.9658026649378915,0.4033546447753906,123.25534108211885,49.06680284545578,5.785569454560688,734.134765625,0.0,0.0,False,,-22.06481538319704,True,881.0
positive,/mnt/MammoDiffusion/MammoDiffusion/experiments/diffusers/04_sd21_lora/generated_images/final/positive/gen_0959.png,gen_0959.png,81.6868,50.0,3.0,0.33342742919921875,0.9819806420611857,0.3647918701171875,134.51445183419082,49.7147353506369,6.440700719148289,1220.6837158203125,0.0,0.0,False,,-14.662451374708322,True,599.0
positive,/mnt/MammoDiffusion/MammoDiffusion/experiments/diffusers/04_sd21_lora/generated_images/final/positive/gen_0960.png,gen_0960.png,40.8956,27.0,1.0,0.5931625366210938,0.9963921437483119,0.6025543212890625,116.76113601256046,57.759180051142216,6.812750488213474,1368.07666015625,0.0,0.0,False,,-8.328146289971963,True,158.0
positive,/mnt/MammoDiffusion/MammoDiffusion/experiments/diffusers/04_sd21_lora/generated_images/final/positive/gen_0961.png,gen_0961.png,141.0,102.0,4.0,0.049228668212890625,0.8605966679581557,0.039081573486328125,173.56183504148365,25.294617504905947,5.367301284791004,1018.7627563476562,0.0,0.0,True,too_empty,,False,
positive,/mnt/MammoDiffusion/MammoDiffusion/experiments/diffusers/04_sd21_lora/generated_images/final/positive/gen_0962.png,gen_0962.png,136.7912,114.0,2.0,0.10764694213867188,0.8985435344980333,0.1027069091796875,153.6509062546427,20.985564532078527,4.949686513687258,279.93353271484375,0.0,0.0,True,too_empty,,False,
positive,/mnt/MammoDiffusion/MammoDiffusion/experiments/diffusers/04_sd21_lora/generated_images/final/positive/gen_0963.png,gen_0963.png,83.6868,52.0,3.0,0.3106651306152344,0.940790039170422,0.34302520751953125,132.21136095727408,51.630776175480165,6.3935390440287305,1333.5074462890625,0.0,0.0,False,,-37.8371353583663,True,1289.0
positive,/mnt/MammoDiffusion/MammoDiffusion/experiments/diffusers/04_sd21_lora/generated_images/final/positive/gen_0964.png,gen_0964.png,89.6868,58.0,3.0,0.3572578430175781,0.9796269206539032,0.37781524658203125,144.39675087336684,45.85542634789312,6.592378769566386,1405.598388671875,0.0,0.0,False,,-16.28814146559928,True,667.0
positive,/mnt/MammoDiffusion/MammoDiffusion/experiments/diffusers/04_sd21_lora/generated_images/final/positive/gen_0965.png,gen_0965.png,113.8956,100.0,1.0,0.2835235595703125,0.9174021850277165,0.2932395935058594,153.18709266173198,41.213613266155136,5.809561070766767,776.6870727539062,0.0,0.0,False,,-50.00165194032845,False,
positive,/mnt/MammoDiffusion/MammoDiffusion/experiments/diffusers/04_sd21_lora/generated_images/final/positive/gen_0966.png,gen_0966.png,138.7912,116.0,2.0,0.07704544067382812,0.9564291726494034,0.07700729370117188,162.45078515876554,21.84942850249704,4.249437721316202,258.1737060546875,0.0,0.0,True,too_empty,,False,
positive,/mnt/MammoDiffusion/MammoDiffusion/experiments/diffusers/04_sd21_lora/generated_images/final/positive/gen_0967.png,gen_0967.png,186.0,164.0,2.0,0.04912567138671875,0.7299270072992701,0.036304473876953125,207.11032888515288,13.86989089935488,5.652135337461786,864.59423828125,0.0,0.0,True,too_empty,,False,
positive,/mnt/MammoDiffusion/MammoDiffusion/experiments/diffusers/04_sd21_lora/generated_images/final/positive/gen_0968.png,gen_0968.png,94.6868,63.0,3.0,0.3478050231933594,0.9289498217713189,0.38848876953125,146.06469952867243,53.57531211383752,6.615489573184085,1125.183349609375,0.0,0.0,False,,-44.627352042507205,False,
positive,/mnt/MammoDiffusion/MammoDiffusion/experiments/diffusers/04_sd21_lora/generated_images/final/positive/gen_0969.png,gen_0969.png,64.5824,24.0,4.0,0.4093589782714844,0.9916504365815247,0.43218231201171875,136.9719667413985,57.65057803951344,6.8678535149631905,1756.2872314453125,0.0,0.0,False,,-10.954375470780176,True,409.0
positive,/mnt/MammoDiffusion/MammoDiffusion/experiments/diffusers/04_sd21_lora/generated_images/final/positive/gen_0970.png,gen_0970.png,98.7912,76.0,2.0,0.2536201477050781,0.9439873655711815,0.2556724548339844,153.49436760515047,45.73624026656026,5.85945484248641,981.16015625,0.0,0.0,False,,-35.924723505436894,True,1252.0
positive,/mnt/MammoDiffusion/MammoDiffusion/experiments/diffusers/04_sd21_lora/generated_images/final/positive/gen_0971.png,gen_0971.png,29.0,24.0,0.0,0.7711982727050781,0.9969480374941261,0.7763557434082031,112.0667315261133,56.43629196299233,7.224848146475393,1388.36572265625,0.0,0.0,False,,-9.385635547859923,True,279.0
positive,/mnt/MammoDiffusion/MammoDiffusion/experiments/diffusers/04_sd21_lora/generated_images/final/positive/gen_0972.png,gen_0972.png,37.7912,15.0,2.0,0.53204345703125,0.9939270964781461,0.5473976135253906,110.40784127891176,60.341007292177984,6.913524545036436,1524.7904052734375,0.0,0.0,False,,-9.605409479989035,True,295.0
positive,/mnt/MammoDiffusion/MammoDiffusion/experiments/diffusers/04_sd21_lora/generated_images/final/positive/gen_0973.png,gen_0973.png,89.7912,67.0,2.0,0.2609100341796875,0.9454207848412188,0.266448974609375,151.02309300194707,51.4660779880267,5.912678333784941,957.8209228515625,0.0,0.0,False,,-35.40894604479005,True,1241.0
positive,/mnt/MammoDiffusion/MammoDiffusion/experiments/diffusers/04_sd21_lora/generated_images/final/positive/gen_0974.png,gen_0974.png,148.0,138.0,5.0,0.04486083984375,0.5562074829931973,0.0231781005859375,179.81171823568138,19.687764358807463,6.323509101356439,667.8020629882812,0.0,0.0,True,too_empty,,False,
positive,/mnt/MammoDiffusion/MammoDiffusion/experiments/diffusers/04_sd21_lora/generated_images/final/positive/gen_0975.png,gen_0975.png,109.8956,96.0,1.0,0.40438079833984375,0.96189838311039,0.4246826171875,148.0300104196608,34.581275091340665,5.793227245080358,401.7403869628906,0.0,0.0,False,,-25.33965675482253,True,977.0
positive,/mnt/MammoDiffusion/MammoDiffusion/experiments/diffusers/04_sd21_lora/generated_images/final/positive/gen_0976.png,gen_0976.png,92.8956,79.0,1.0,0.2870826721191406,0.8932458110209017,0.3039131164550781,137.6937579234081,50.874935140409434,5.729132448335305,817.0912475585938,0.0,0.0,False,,-63.421962582525445,False,
positive,/mnt/MammoDiffusion/MammoDiffusion/experiments/diffusers/04_sd21_lora/generated_images/final/positive/gen_0977.png,gen_0977.png,83.5824,43.0,4.0,0.286834716796875,0.9660602191722524,0.3052406311035156,141.14816851419073,50.04622272199312,6.410175665432405,1808.66357421875,0.0,0.0,False,,-24.823815085565002,True,956.0
positive,/mnt/MammoDiffusion/MammoDiffusion/experiments/diffusers/04_sd21_lora/generated_images/final/positive/gen_0978.png,gen_0978.png,68.7912,46.0,2.0,0.23529815673828125,0.9593722641937681,0.2709159851074219,132.45614553851786,62.597581454247894,5.522070114063559,1045.4266357421875,0.0,0.0,False,,-27.574217620800972,True,1030.0
positive,/mnt/MammoDiffusion/MammoDiffusion/experiments/diffusers/04_sd21_lora/generated_images/final/positive/gen_0979.png,gen_0979.png,56.5824,16.0,4.0,0.5434379577636719,0.9702932071683783,0.615386962890625,107.67925241755518,51.75462540361483,7.382593054773853,2000.15185546875,0.0,0.0,False,,-23.54425991267191,True,920.0
positive,/mnt/MammoDiffusion/MammoDiffusion/experiments/diffusers/04_sd21_lora/generated_images/final/positive/gen_0980.png,gen_0980.png,220.0,156.0,78.0,0.17748641967773438,0.4823005996518151,0.087249755859375,247.60847324239245,34.58870974986046,7.066530424210965,1740.80517578125,0.0,0.0,True,too_empty,,False,
positive,/mnt/MammoDiffusion/MammoDiffusion/experiments/diffusers/04_sd21_lora/generated_images/final/positive/gen_0981.png,gen_0981.png,118.6868,87.0,3.0,0.23146438598632812,0.9760370486345732,0.2574310302734375,162.74334657103907,44.117871905386096,6.045183137160139,973.1453857421875,0.0,0.0,False,,-18.459180689539025,True,742.0
positive,/mnt/MammoDiffusion/MammoDiffusion/experiments/diffusers/04_sd21_lora/generated_images/final/positive/gen_0982.png,gen_0982.png,24.8956,11.0,1.0,0.6395111083984375,0.9968206437450788,0.64013671875,118.10220609267735,56.04061110784419,6.980514305602757,1350.4267578125,0.0,0.0,False,,-8.406832005347143,True,170.0
positive,/mnt/MammoDiffusion/MammoDiffusion/experiments/diffusers/04_sd21_lora/generated_images/final/positive/gen_0983.png,gen_0983.png,75.6868,44.0,3.0,0.31932830810546875,0.9767052920797993,0.352996826171875,138.52479035186306,57.58201711945137,6.41530515556181,1773.6336669921875,0.0,0.0,False,,-19.005129405189134,True,772.0
positive,/mnt/MammoDiffusion/MammoDiffusion/experiments/diffusers/04_sd21_lora/generated_images/final/positive/gen_0984.png,gen_0984.png,112.7912,90.0,2.0,0.19497299194335938,0.940130304631097,0.20015716552734375,164.95971031065372,46.686424966064834,5.681121701667507,860.3121337890625,0.0,0.0,False,,-38.53348098524736,True,1304.0
positive,/mnt/MammoDiffusion/MammoDiffusion/experiments/diffusers/04_sd21_lora/generated_images/final/positive/gen_0985.png,gen_0985.png,155.5824,115.0,4.0,0.12598800659179688,0.5496109243951918,0.06748580932617188,204.90311457803404,19.62689103063134,5.902295183029309,1465.9315185546875,0.0,0.0,True,too_empty,,False,
positive,/mnt/MammoDiffusion/MammoDiffusion/experiments/diffusers/04_sd21_lora/generated_images/final/positive/gen_0986.png,gen_0986.png,88.6868,57.0,3.0,0.23187637329101562,0.9143374187710784,0.23114776611328125,147.01521602798957,54.164427374171765,6.040609166869954,1331.010498046875,0.0,0.0,False,,-53.5593574781386,False,
positive,/mnt/MammoDiffusion/MammoDiffusion/experiments/diffusers/04_sd21_lora/generated_images/final/positive/gen_0987.png,gen_0987.png,139.6868,108.0,3.0,0.0833587646484375,0.9978491671242907,0.07804489135742188,182.22044088176352,17.11675277483093,4.61159091310596,548.5006103515625,0.0,0.0,True,too_empty,,False,
positive,/mnt/MammoDiffusion/MammoDiffusion/experiments/diffusers/04_sd21_lora/generated_images/final/positive/gen_0988.png,gen_0988.png,41.7912,19.0,2.0,0.4548454284667969,0.9929550886904013,0.4713096618652344,117.285574378192,60.0640930696228,6.656231078342619,1742.7406005859375,0.0,0.0,False,,-9.83755880806428,True,318.0
positive,/mnt/MammoDiffusion/MammoDiffusion/experiments/diffusers/04_sd21_lora/generated_images/final/positive/gen_0989.png,gen_0989.png,120.8956,107.0,1.0,0.25691986083984375,0.9187082405345212,0.2535972595214844,153.6170670437281,30.31833210596575,5.496796009206841,325.9906921386719,0.0,0.0,False,,-50.448731480067124,False,
positive,/mnt/MammoDiffusion/MammoDiffusion/experiments/diffusers/04_sd21_lora/generated_images/final/positive/gen_0990.png,gen_0990.png,141.478,92.0,5.0,0.19830322265625,0.8241381963681133,0.17451858520507812,190.16743535377822,35.31171305610505,6.603242536703089,1793.6781005859375,0.0,0.0,False,,-105.84351257145815,False,
positive,/mnt/MammoDiffusion/MammoDiffusion/experiments/diffusers/04_sd21_lora/generated_images/final/positive/gen_0991.png,gen_0991.png,83.47800000000001,34.0,5.0,0.4684257507324219,0.9920029317154607,0.4959831237792969,139.73903044939587,45.292037340412875,7.144623635966319,1629.8116455078125,0.0,0.0,False,,-10.517695518539394,True,378.0
positive,/mnt/MammoDiffusion/MammoDiffusion/experiments/diffusers/04_sd21_lora/generated_images/final/positive/gen_0992.png,gen_0992.png,206.0,184.0,11.0,0.045032501220703125,0.11893265565438374,0.004421234130859375,225.3123382226057,10.406282265104698,7.14927508143184,2017.719482421875,0.0,0.0,True,too_empty,,False,
positive,/mnt/MammoDiffusion/MammoDiffusion/experiments/diffusers/04_sd21_lora/generated_images/final/positive/gen_0993.png,gen_0993.png,93.5824,53.0,4.0,0.22722244262695312,0.9524385125493159,0.26572418212890625,148.50241178328403,59.0580080718922,6.430669742073693,1602.954833984375,0.0,0.0,False,,-33.28137826086746,True,1179.0
positive,/mnt/MammoDiffusion/MammoDiffusion/experiments/diffusers/04_sd21_lora/generated_images/final/positive/gen_0994.png,gen_0994.png,84.8956,71.0,1.0,0.31612396240234375,0.9654519126342465,0.3628730773925781,135.7482049934297,56.90686704158698,5.90319227308721,1193.6334228515625,0.0,0.0,False,,-23.83533655112792,True,927.0
positive,/mnt/MammoDiffusion/MammoDiffusion/experiments/diffusers/04_sd21_lora/generated_images/final/positive/gen_0995.png,gen_0995.png,82.47800000000001,33.0,5.0,0.4082450866699219,0.9877685270839758,0.4582023620605469,140.93788452732798,53.142890272046635,7.234696745434393,2488.278076171875,0.0,0.0,False,,-14.351125099302063,True,581.0
positive,/mnt/MammoDiffusion/MammoDiffusion/experiments/diffusers/04_sd21_lora/generated_images/final/positive/gen_0996.png,gen_0996.png,102.6868,71.0,3.0,0.28519439697265625,0.9301115539980204,0.3140983581542969,152.09712287008585,48.47586688118044,6.44075900994589,1246.5611572265625,0.0,0.0,False,,-44.28550887768424,False,
positive,/mnt/MammoDiffusion/MammoDiffusion/experiments/diffusers/04_sd21_lora/generated_images/final/positive/gen_0997.png,gen_0997.png,159.0,137.0,6.0,0.04840087890625,0.7049968474148802,0.032413482666015625,185.15193597740378,13.444470159913392,6.152320988957687,1551.7735595703125,0.0,0.0,True,too_empty,,False,
positive,/mnt/MammoDiffusion/MammoDiffusion/experiments/diffusers/04_sd21_lora/generated_images/final/positive/gen_0998.png,gen_0998.png,66.8956,53.0,1.0,0.2813148498535156,0.9601600108481931,0.3105506896972656,124.28861673770713,59.18420104010011,5.498610979973157,1048.622802734375,0.0,0.0,False,,-26.359831132830873,True,998.0
positive,/mnt/MammoDiffusion/MammoDiffusion/experiments/diffusers/04_sd21_lora/generated_images/final/positive/gen_0999.png,gen_0999.png,84.7912,62.0,2.0,0.3456993103027344,0.9853458834953599,0.38330841064453125,138.07159491252165,50.77167313375337,6.280606562537721,946.9208374023438,0.0,0.0,False,,-12.357472710051066,True,487.0
positive,/mnt/MammoDiffusion/MammoDiffusion/experiments/diffusers/04_sd21_lora/generated_images/final/positive/gen_1000.png,gen_1000.png,107.8956,94.0,1.0,0.19886398315429688,0.8695593792561048,0.18272018432617188,165.72542224263555,44.61577309872786,5.402882970042027,624.56396484375,0.0,0.0,False,,-77.72090166752,False,
positive,/mnt/MammoDiffusion/MammoDiffusion/experiments/diffusers/04_sd21_lora/generated_images/final/positive/gen_1001.png,gen_1001.png,58.6868,27.0,3.0,0.4563407897949219,0.9933627023999598,0.48382568359375,120.33033461586982,53.16554487812353,6.857270127520956,1246.6165771484375,0.0,0.0,False,,-8.888565680931062,True,231.0
positive,/mnt/MammoDiffusion/MammoDiffusion/experiments/diffusers/04_sd21_lora/generated_images/final/positive/gen_1002.png,gen_1002.png,219.0,200.0,13.0,0.042964935302734375,0.11160436828553671,0.002532958984375,237.40060240963857,8.714466555558406,7.064788457395796,1847.873779296875,0.0,0.0,True,too_empty,,False,
positive,/mnt/MammoDiffusion/MammoDiffusion/experiments/diffusers/04_sd21_lora/generated_images/final/positive/gen_1003.png,gen_1003.png,112.6868,81.0,3.0,0.23749542236328125,0.9616434835683767,0.26409149169921875,151.79074100823343,46.883297209138746,6.044624467348484,1059.599609375,0.0,0.0,False,,-26.372651843819575,True,999.0
positive,/mnt/MammoDiffusion/MammoDiffusion/experiments/diffusers/04_sd21_lora/generated_images/final/positive/gen_1004.png,gen_1004.png,31.7912,9.0,2.0,0.48075103759765625,0.9934854712519638,0.4777717590332031,127.56102838436664,53.23990573445478,6.5854948620114655,1533.7833251953125,0.0,0.0,False,,-9.091670228638499,True,251.0
positive,/mnt/MammoDiffusion/MammoDiffusion/experiments/diffusers/04_sd21_lora/generated_images/final/positive/gen_1005.png,gen_1005.png,126.7912,104.0,2.0,0.09019088745117188,0.9230639089794019,0.09096527099609375,159.75144678352763,31.67964396416305,4.269806322963426,299.38873291015625,0.0,0.0,True,too_empty,,False,
positive,/mnt/MammoDiffusion/MammoDiffusion/experiments/diffusers/04_sd21_lora/generated_images/final/positive/gen_1006.png,gen_1006.png,48.8956,35.0,1.0,0.5246925354003906,0.9806826856665092,0.5231857299804688,120.61430550492162,52.35361464438923,6.202888017975487,1040.963623046875,0.0,0.0,False,,-15.247648582739698,True,625.0
positive,/mnt/MammoDiffusion/MammoDiffusion/experiments/diffusers/04_sd21_lora/generated_images/final/positive/gen_1007.png,gen_1007.png,63.8956,50.0,1.0,0.4898948669433594,0.9847301495837973,0.5091438293457031,121.89196742314695,49.147040530852315,6.456741904731758,1064.6455078125,0.0,0.0,False,,-12.997579029662768,True,529.0
positive,/mnt/MammoDiffusion/MammoDiffusion/experiments/diffusers/04_sd21_lora/generated_images/final/positive/gen_1008.png,gen_1008.png,163.5824,123.0,4.0,0.07270050048828125,0.992916360583482,0.06768035888671875,203.27043174388456,19.126775181130032,5.500201674834056,1721.3675537109375,0.0,0.0,True,too_empty,,False,
positive,/mnt/MammoDiffusion/MammoDiffusion/experiments/diffusers/04_sd21_lora/generated_images/final/positive/gen_1009.png,gen_1009.png,61.7912,39.0,2.0,0.32439422607421875,0.9611232625414521,0.3524513244628906,122.45800006493998,57.960804924591436,6.101194004551346,1267.275390625,0.0,0.0,False,,-26.263185718744168,True,996.0
positive,/mnt/MammoDiffusion/MammoDiffusion/experiments/diffusers/04_sd21_lora/generated_images/final/positive/gen_1010.png,gen_1010.png,108.0,96.0,3.0,0.0466156005859375,0.8218494271685761,0.0348968505859375,188.34488412767817,31.130304463462693,4.5941859428914364,589.302978515625,0.0,0.0,True,too_empty,,False,
positive,/mnt/MammoDiffusion/MammoDiffusion/experiments/diffusers/04_sd21_lora/generated_images/final/positive/gen_1011.png,gen_1011.png,130.6868,99.0,3.0,0.23126602172851562,0.6916288659793814,0.15436935424804688,184.61084340326687,27.84857577164092,6.807946363378492,599.033203125,0.0,0.0,True,fragmented_mask,,False,
positive,/mnt/MammoDiffusion/MammoDiffusion/experiments/diffusers/04_sd21_lora/generated_images/final/positive/gen_1012.png,gen_1012.png,83.8956,70.0,1.0,0.3639717102050781,0.9628562145619569,0.408477783203125,130.5915483750467,50.88081473501933,5.8763079592038405,780.4285888671875,0.0,0.0,False,,-24.119954380659188,True,937.0
positive,/mnt/MammoDiffusion/MammoDiffusion/experiments/diffusers/04_sd21_lora/generated_images/final/positive/gen_1013.png,gen_1013.png,220.0,237.0,17.0,0.2453155517578125,0.846146669154693,0.2052764892578125,252.2457816100498,19.159249646864453,6.924177117863015,1735.9056396484375,0.0,0.0,False,,-96.69851704427734,False,
positive,/mnt/MammoDiffusion/MammoDiffusion/experiments/diffusers/04_sd21_lora/generated_images/final/positive/gen_1014.png,gen_1014.png,165.7912,143.0,2.0,0.0510711669921875,0.6354197789064834,0.0305328369140625,186.98425787106447,13.074260358410701,5.879040466766837,696.348876953125,0.0,0.0,True,too_empty,,False,
positive,/mnt/MammoDiffusion/MammoDiffusion/experiments/diffusers/04_sd21_lora/generated_images/final/positive/gen_1015.png,gen_1015.png,10.0,0.0,0.0,0.7448997497558594,0.9973575185255363,0.7429733276367188,107.3337697544746,53.46442554189898,6.671228229516632,1503.932373046875,0.0,0.0,False,,-8.175584212171072,True,129.0
positive,/mnt/MammoDiffusion/MammoDiffusion/experiments/diffusers/04_sd21_lora/generated_images/final/positive/gen_1016.png,gen_1016.png,110.6868,79.0,3.0,0.1689910888671875,0.8751918735891648,0.19005584716796875,147.89705351049736,47.29716585277532,5.680664360338835,989.8480834960938,0.0,0.0,False,,-74.3386253144969,False,
positive,/mnt/MammoDiffusion/MammoDiffusion/experiments/diffusers/04_sd21_lora/generated_images/final/positive/gen_1017.png,gen_1017.png,72.7912,50.0,2.0,0.3774070739746094,0.9400212260575125,0.4235038757324219,124.88053396265504,55.422780832976535,6.454765146453269,1441.98046875,0.0,0.0,False,,-38.24134773436727,True,1299.0
positive,/mnt/MammoDiffusion/MammoDiffusion/experiments/diffusers/04_sd21_lora/generated_images/final/positive/gen_1018.png,gen_1018.png,68.7912,46.0,2.0,0.2890892028808594,0.9868044284338177,0.3264656066894531,134.59633563524613,61.23116712866977,5.954747918932385,1156.2403564453125,0.0,0.0,False,,-12.50004396960345,True,500.0
positive,/mnt/MammoDiffusion/MammoDiffusion/experiments/diffusers/04_sd21_lora/generated_images/final/positive/gen_1019.png,gen_1019.png,77.7912,55.0,2.0,0.4452934265136719,0.9860020046088871,0.4948272705078125,127.85653273304759,49.759425717168206,6.616102525651968,1160.7921142578125,0.0,0.0,False,,-12.69578256440132,True,514.0
positive,/mnt/MammoDiffusion/MammoDiffusion/experiments/diffusers/04_sd21_lora/generated_images/final/positive/gen_1020.png,gen_1020.png,53.5824,13.0,4.0,0.6541366577148438,0.9963493859270577,0.6998443603515625,124.58503215959882,58.2681037051905,7.406986521745482,1504.6458740234375,0.0,0.0,False,,-10.036613151041381,True,339.0
positive,/mnt/MammoDiffusion/MammoDiffusion/experiments/diffusers/04_sd21_lora/generated_images/final/positive/gen_1021.png,gen_1021.png,120.5824,80.0,4.0,0.14291000366210938,0.814296772815845,0.113616943359375,171.65504969110933,37.783260016316724,6.026461245982985,1163.3819580078125,0.0,0.0,True,too_empty,,False,
positive,/mnt/MammoDiffusion/MammoDiffusion/experiments/diffusers/04_sd21_lora/generated_images/final/positive/gen_1022.png,gen_1022.png,74.47800000000001,25.0,5.0,0.2633514404296875,0.9272988006257604,0.3150482177734375,124.17256744321209,59.72787032729735,6.837108399014101,3296.396484375,0.0,0.0,False,,-48.69744945636957,False,
positive,/mnt/MammoDiffusion/MammoDiffusion/experiments/diffusers/04_sd21_lora/generated_images/final/positive/gen_1023.png,gen_1023.png,65.6868,34.0,3.0,0.19572830200195312,0.9760275974975151,0.21992111206054688,135.89476331720178,65.07041997260964,5.898505209459441,1570.698974609375,0.0,0.0,False,,-19.96798862159214,True,809.0
positive,/mnt/MammoDiffusion/MammoDiffusion/experiments/diffusers/04_sd21_lora/generated_images/final/positive/gen_1024.png,gen_1024.png,124.0,120.0,1.0,0.035633087158203125,0.6205973664489883,0.019138336181640625,175.1317520430536,19.040696383695362,3.2561345423867785,93.27822875976562,0.0,0.0,True,too_empty,,False,
positive,/mnt/MammoDiffusion/MammoDiffusion/experiments/diffusers/04_sd21_lora/generated_images/final/positive/gen_1025.png,gen_1025.png,94.8956,81.0,1.0,0.36474609375,0.9882341867469879,0.40569305419921875,137.16631875881524,44.85540475483125,5.485687903290588,592.2869873046875,0.0,0.0,False,,-9.632700599097056,True,298.0
positive,/mnt/MammoDiffusion/MammoDiffusion/experiments/diffusers/04_sd21_lora/generated_images/final/positive/gen_1026.png,gen_1026.png,113.7912,91.0,2.0,0.22770309448242188,0.9802147727463102,0.23746109008789062,158.3985606194477,44.10013988510073,5.420785085078463,518.3171997070312,0.0,0.0,False,,-15.800197569332969,True,647.0
positive,/mnt/MammoDiffusion/MammoDiffusion/experiments/diffusers/04_sd21_lora/generated_images/final/positive/gen_1027.png,gen_1027.png,99.8956,86.0,1.0,0.2944793701171875,0.9512928130991243,0.32215118408203125,140.41853167554765,44.389276437176555,5.268593017479565,523.977783203125,0.0,0.0,False,,-30.60176930543776,True,1094.0
positive,/mnt/MammoDiffusion/MammoDiffusion/experiments/diffusers/04_sd21_lora/generated_images/final/positive/gen_1028.png,gen_1028.png,101.6868,70.0,3.0,0.176544189453125,0.9626620570440795,0.19394302368164062,150.37359611337305,52.36636239321242,5.722956808659861,1096.0447998046875,0.0,0.0,False,,-26.35192844524868,True,997.0
positive,/mnt/MammoDiffusion/MammoDiffusion/experiments/diffusers/04_sd21_lora/generated_images/final/positive/gen_1029.png,gen_1029.png,220.0,223.0,1.0,0.4946327209472656,0.9629738171441792,0.47483062744140625,222.31006475247844,19.028779410017314,5.595649302302435,1199.7742919921875,0.0,0.0,False,,-28.114034735768286,True,1042.0
positive,/mnt/MammoDiffusion/MammoDiffusion/experiments/diffusers/04_sd21_lora/generated_images/final/positive/gen_1030.png,gen_1030.png,62.6868,31.0,3.0,0.5029830932617188,0.9930908429019977,0.5502357482910156,126.29630964843561,53.975860980447,7.119111260962388,1510.194091796875,0.0,0.0,False,,-10.309453647619424,True,363.0
positive,/mnt/MammoDiffusion/MammoDiffusion/experiments/diffusers/04_sd21_lora/generated_images/final/positive/gen_1031.png,gen_1031.png,189.0,141.0,9.0,0.048892974853515625,0.6218303815245377,0.031986236572265625,204.45951103160405,11.630919785215477,7.3113199272579825,1290.9730224609375,0.0,0.0,True,too_empty,,False,
positive,/mnt/MammoDiffusion/MammoDiffusion/experiments/diffusers/04_sd21_lora/generated_images/final/positive/gen_1032.png,gen_1032.png,75.7912,53.0,2.0,0.4479255676269531,0.9765459330102793,0.4744071960449219,129.5828180407356,45.77879837954107,6.352817892426218,666.4498291015625,0.0,0.0,False,,-17.182317997551756,True,696.0
positive,/mnt/MammoDiffusion/MammoDiffusion/experiments/diffusers/04_sd21_lora/generated_images/final/positive/gen_1033.png,gen_1033.png,64.6868,33.0,3.0,0.3138771057128906,0.9779049841397164,0.34978485107421875,130.34341396383624,61.137195215312765,6.512999648628842,1911.8936767578125,0.0,0.0,False,,-18.628291894208242,True,753.0
positive,/mnt/MammoDiffusion/MammoDiffusion/experiments/diffusers/04_sd21_lora/generated_images/final/positive/gen_1034.png,gen_1034.png,75.5824,35.0,4.0,0.5411949157714844,0.9968069584340704,0.5482063293457031,148.50076195645366,44.6348533921309,7.1519498160323405,1392.9603271484375,0.0,0.0,False,,-8.13925938041326,True,126.0
positive,/mnt/MammoDiffusion/MammoDiffusion/experiments/diffusers/04_sd21_lora/generated_images/final/positive/gen_1035.png,gen_1035.png,107.7912,85.0,2.0,0.2680511474609375,0.8799026583935788,0.289764404296875,141.18376777251186,43.049207333576796,5.930207964308405,754.0988159179688,0.0,0.0,False,,-70.75572376063457,False,
positive,/mnt/MammoDiffusion/MammoDiffusion/experiments/diffusers/04_sd21_lora/generated_images/final/positive/gen_1036.png,gen_1036.png,128.8956,115.0,1.0,0.14208221435546875,0.7357568597970252,0.101165771484375,177.44747360482654,32.588041111450394,4.945370827492195,377.49993896484375,0.0,0.0,True,too_empty,,False,
positive,/mnt/MammoDiffusion/MammoDiffusion/experiments/diffusers/04_sd21_lora/generated_images/final/positive/gen_1037.png,gen_1037.png,80.7912,58.0,2.0,0.29522705078125,0.9727103576597065,0.3213958740234375,134.2032236623463,51.054422268707896,6.106618801563847,1252.179931640625,0.0,0.0,False,,-19.896972350240947,True,804.0
positive,/mnt/MammoDiffusion/MammoDiffusion/experiments/diffusers/04_sd21_lora/generated_images/final/positive/gen_1038.png,gen_1038.png,84.6868,53.0,3.0,0.24525833129882812,0.954225187812048,0.28768157958984375,140.59657358050228,59.567928972506095,6.25921888946799,1347.1280517578125,0.0,0.0,False,,-31.45171797426276,True,1121.0
positive,/mnt/MammoDiffusion/MammoDiffusion/experiments/diffusers/04_sd21_lora/generated_images/final/positive/gen_1039.png,gen_1039.png,134.7912,112.0,2.0,0.12738800048828125,0.5192849014793076,0.06439590454101562,187.39132752799006,24.872449798532436,4.843814200591181,492.9991760253906,0.0,0.0,True,too_empty,,False,
positive,/mnt/MammoDiffusion/MammoDiffusion/experiments/diffusers/04_sd21_lora/generated_images/final/positive/gen_1040.png,gen_1040.png,127.6868,96.0,3.0,0.1942138671875,0.8355986800754243,0.10371780395507812,172.37787340468572,38.989774279762855,6.116707733441889,1014.5465698242188,0.0,0.0,True,too_empty,,False,
positive,/mnt/MammoDiffusion/MammoDiffusion/experiments/diffusers/04_sd21_lora/generated_images/final/positive/gen_1041.png,gen_1041.png,44.8956,31.0,1.0,0.4626579284667969,0.9957949588977845,0.47510528564453125,127.93511634255617,59.01952428158268,6.085173327597541,1149.0738525390625,0.0,0.0,False,,-7.2440989282104375,True,52.0
positive,/mnt/MammoDiffusion/MammoDiffusion/experiments/diffusers/04_sd21_lora/generated_images/final/positive/gen_1042.png,gen_1042.png,87.6868,56.0,3.0,0.31522369384765625,0.9657162911150374,0.37647247314453125,133.59501469247138,53.77459943414411,6.471869730545365,1318.640380859375,0.0,0.0,False,,-24.02417532098174,True,932.0
positive,/mnt/MammoDiffusion/MammoDiffusion/experiments/diffusers/04_sd21_lora/generated_images/final/positive/gen_1043.png,gen_1043.png,16.8956,3.0,1.0,0.72308349609375,0.9978739343293661,0.7169723510742188,110.23925512104283,56.57927614268877,7.101536424894362,1415.3900146484375,0.0,0.0,False,,-8.337166813110077,True,160.0
positive,/mnt/MammoDiffusion/MammoDiffusion/experiments/diffusers/04_sd21_lora/generated_images/final/positive/gen_1044.png,gen_1044.png,59.6868,28.0,3.0,0.6883163452148438,0.979006639399683,0.6933708190917969,130.20212584519402,44.122006369906245,7.273868383060273,962.5460205078125,0.0,0.0,False,,-17.99617247103659,True,726.0
positive,/mnt/MammoDiffusion/MammoDiffusion/experiments/diffusers/04_sd21_lora/generated_images/final/positive/gen_1045.png,gen_1045.png,73.6868,42.0,3.0,0.2755126953125,0.8890673460345592,0.29297637939453125,135.6165594645973,61.80271787146163,6.367738694258773,1947.8465576171875,0.0,0.0,False,,-68.44643707627532,False,
positive,/mnt/MammoDiffusion/MammoDiffusion/experiments/diffusers/04_sd21_lora/generated_images/final/positive/gen_1046.png,gen_1046.png,85.7912,63.0,2.0,0.3147163391113281,0.9541338892861905,0.36126708984375,130.1025827842541,47.596506165274555,6.216993244029499,926.851806640625,0.0,0.0,False,,-29.28103223893621,True,1071.0
positive,/mnt/MammoDiffusion/MammoDiffusion/experiments/diffusers/04_sd21_lora/generated_images/final/positive/gen_1047.png,gen_1047.png,88.6868,57.0,3.0,0.2635841369628906,0.958941777501194,0.3208122253417969,139.65257613051284,55.62031068433884,6.226396074419144,1256.8287353515625,0.0,0.0,False,,-28.15835203944932,True,1043.0
positive,/mnt/MammoDiffusion/MammoDiffusion/experiments/diffusers/04_sd21_lora/generated_images/final/positive/gen_1048.png,gen_1048.png,107.5824,67.0,4.0,0.2533912658691406,0.9525479864508845,0.2539710998535156,154.13964281959235,46.206266585411484,6.582263851645148,1739.660400390625,0.0,0.0,False,,-32.88236206827408,True,1162.0
positive,/mnt/MammoDiffusion/MammoDiffusion/experiments/diffusers/04_sd21_lora/generated_images/final/positive/gen_1049.png,gen_1049.png,64.47800000000001,15.0,5.0,0.6030921936035156,0.9920871363782994,0.6526336669921875,116.74745154427065,47.959727852192444,7.480620070196614,1618.4007568359375,0.0,0.0,False,,-11.330142425034104,True,436.0
positive,/mnt/MammoDiffusion/MammoDiffusion/experiments/diffusers/04_sd21_lora/generated_images/final/positive/gen_1050.png,gen_1050.png,63.8956,50.0,1.0,0.4095878601074219,0.9916830429073027,0.4533958435058594,121.44925329182618,57.053765431010746,6.050833494480873,1112.86279296875,0.0,0.0,False,,-8.965389715507046,True,243.0
positive,/mnt/MammoDiffusion/MammoDiffusion/experiments/diffusers/04_sd21_lora/generated_images/final/positive/gen_1051.png,gen_1051.png,82.5824,42.0,4.0,0.37929534912109375,0.9609272855275068,0.4457588195800781,132.53799217820682,55.523437712824304,6.96822740681796,2025.84375,0.0,0.0,False,,-28.249748367827976,True,1045.0
positive,/mnt/MammoDiffusion/MammoDiffusion/experiments/diffusers/04_sd21_lora/generated_images/final/positive/gen_1052.png,gen_1052.png,71.6868,40.0,3.0,0.38704681396484375,0.9873450158680097,0.4383735656738281,129.610022886083,55.82014182985222,6.740911225079641,1782.8172607421875,0.0,0.0,False,,-12.94006636364362,True,526.0
positive,/mnt/MammoDiffusion/MammoDiffusion/experiments/diffusers/04_sd21_lora/generated_images/final/positive/gen_1053.png,gen_1053.png,107.8956,94.0,1.0,0.2617340087890625,0.9087477409199557,0.2657012939453125,164.09544593120083,49.22601683352818,5.600663030036621,882.3090209960938,0.0,0.0,False,,-55.61696422466789,False,
positive,/mnt/MammoDiffusion/MammoDiffusion/experiments/diffusers/04_sd21_lora/generated_images/final/positive/gen_1054.png,gen_1054.png,119.7912,97.0,2.0,0.15027999877929688,0.898971950755172,0.16524887084960938,160.16020683764629,47.390530908910556,5.106515535959543,734.843994140625,0.0,0.0,False,,-61.10585131848148,False,
positive,/mnt/MammoDiffusion/MammoDiffusion/experiments/diffusers/04_sd21_lora/generated_images/final/positive/gen_1055.png,gen_1055.png,113.7912,91.0,2.0,0.1900177001953125,0.8841243073958083,0.1705169677734375,156.9820134228188,38.79815187911299,5.676544961572451,881.1996459960938,0.0,0.0,False,,-69.26699459741918,False,
positive,/mnt/MammoDiffusion/MammoDiffusion/experiments/diffusers/04_sd21_lora/generated_images/final/positive/gen_1056.png,gen_1056.png,107.7912,85.0,2.0,0.29753875732421875,0.9214082412369548,0.35076141357421875,149.17777052746058,46.48177411973055,6.135289654916518,1063.7554931640625,0.0,0.0,False,,-48.11453812648967,False,
positive,/mnt/MammoDiffusion/MammoDiffusion/experiments/diffusers/04_sd21_lora/generated_images/final/positive/gen_1057.png,gen_1057.png,106.5824,66.0,4.0,0.3821868896484375,0.8871521539505729,0.3426361083984375,147.75576708973503,41.500033032939974,6.905928145576755,629.392578125,0.0,0.0,False,,-67.58041922645134,False,
positive,/mnt/MammoDiffusion/MammoDiffusion/experiments/diffusers/04_sd21_lora/generated_images/final/positive/gen_1058.png,gen_1058.png,134.7912,112.0,2.0,0.151214599609375,0.7642532795156408,0.12257766723632812,180.54548283695888,35.227169894794024,5.503782487506893,729.525634765625,0.0,0.0,True,too_empty,,False,
positive,/mnt/MammoDiffusion/MammoDiffusion/experiments/diffusers/04_sd21_lora/generated_images/final/positive/gen_1059.png,gen_1059.png,101.8956,88.0,1.0,0.23748397827148438,0.9354911252108264,0.2584190368652344,148.2004487548529,47.41448079943732,5.403020321398433,688.5247802734375,0.0,0.0,False,,-40.18633298846356,True,1339.0
positive,/mnt/MammoDiffusion/MammoDiffusion/experiments/diffusers/04_sd21_lora/generated_images/final/positive/gen_1060.png,gen_1060.png,136.7912,114.0,2.0,0.19755172729492188,0.7811999150365921,0.16883087158203125,172.9417958335216,30.479587324682093,5.577903268574883,625.8248291015625,0.0,0.0,False,,-127.65949785255606,False,
positive,/mnt/MammoDiffusion/MammoDiffusion/experiments/diffusers/04_sd21_lora/generated_images/final/positive/gen_1061.png,gen_1061.png,134.8956,121.0,1.0,0.08377456665039062,0.9081098310641592,0.0863800048828125,162.56955484896662,29.102077360406465,3.7615572391287864,193.82752990722656,0.0,0.0,True,too_empty,,False,
positive,/mnt/MammoDiffusion/MammoDiffusion/experiments/diffusers/04_sd21_lora/generated_images/final/positive/gen_1062.png,gen_1062.png,90.6868,59.0,3.0,0.18753814697265625,0.9300272568243766,0.20674514770507812,150.0475118548997,57.35769754918258,6.0646968193916475,1435.486572265625,0.0,0.0,False,,-45.48288869498667,False,
positive,/mnt/MammoDiffusion/MammoDiffusion/experiments/diffusers/04_sd21_lora/generated_images/final/positive/gen_1063.png,gen_1063.png,51.0,46.0,0.0,0.4952964782714844,0.9948782723218755,0.48748779296875,143.9025760610993,37.70855585008764,5.460878363988812,590.4347534179688,0.0,0.0,False,,-6.5447418730167035,True,23.0
positive,/mnt/MammoDiffusion/MammoDiffusion/experiments/diffusers/04_sd21_lora/generated_images/final/positive/gen_1064.png,gen_1064.png,120.8956,107.0,1.0,0.16945648193359375,0.3806672369546621,0.06409835815429688,151.4376004284949,30.475879402887678,5.4423479665759515,388.4618835449219,0.0,0.0,True,too_empty,,False,
positive,/mnt/MammoDiffusion/MammoDiffusion/experiments/diffusers/04_sd21_lora/generated_images/final/positive/gen_1065.png,gen_1065.png,65.7912,43.0,2.0,0.352783203125,0.9936094290657439,0.3561820983886719,152.23802893832132,53.48242937712122,6.088209493129591,1359.90625,0.0,0.0,False,,-8.89551186842099,True,235.0
positive,/mnt/MammoDiffusion/MammoDiffusion/experiments/diffusers/04_sd21_lora/generated_images/final/positive/gen_1066.png,gen_1066.png,93.5824,53.0,4.0,0.20092010498046875,0.9310423390924625,0.19219207763671875,162.91298479615736,51.78512440181819,6.303643289625746,1769.1646728515625,0.0,0.0,False,,-45.66343628137829,False,
positive,/mnt/MammoDiffusion/MammoDiffusion/experiments/diffusers/04_sd21_lora/generated_images/final/positive/gen_1067.png,gen_1067.png,220.0,250.0,1.0,0.2632942199707031,0.9447849205314325,0.23818588256835938,247.6987299604414,25.808123813660696,6.554445373906135,1355.3538818359375,0.0,0.0,False,,-40.26770944712638,True,1340.0
positive,/mnt/MammoDiffusion/MammoDiffusion/experiments/diffusers/04_sd21_lora/generated_images/final/positive/gen_1068.png,gen_1068.png,96.7912,74.0,2.0,0.2757911682128906,0.905016805676584,0.29522705078125,137.88524653710977,46.679674517469095,5.9048260692073615,763.4503173828125,0.0,0.0,False,,-56.89366002458439,False,
positive,/mnt/MammoDiffusion/MammoDiffusion/experiments/diffusers/04_sd21_lora/generated_images/final/positive/gen_1069.png,gen_1069.png,69.7912,47.0,2.0,0.38312530517578125,0.9900432124579326,0.42652130126953125,128.0552455057687,55.31011091197512,6.2585173778615495,1085.2205810546875,0.0,0.0,False,,-9.943966492519468,True,327.0
positive,/mnt/MammoDiffusion/MammoDiffusion/experiments/diffusers/04_sd21_lora/generated_images/final/positive/gen_1070.png,gen_1070.png,10.0,3.0,0.0,0.7696037292480469,0.9989392655157202,0.7647476196289062,121.55923960214292,55.35467949296096,6.897729190989395,1119.344482421875,0.0,0.0,False,,-8.221683191133897,True,136.0
positive,/mnt/MammoDiffusion/MammoDiffusion/experiments/diffusers/04_sd21_lora/generated_images/final/positive/gen_1071.png,gen_1071.png,91.6868,60.0,3.0,0.3729591369628906,0.9807300882692878,0.4243659973144531,143.77278079913705,51.299460605925425,6.716941530124509,1555.81689453125,0.0,0.0,False,,-16.328758156044245,True,669.0
positive,/mnt/MammoDiffusion/MammoDiffusion/experiments/diffusers/04_sd21_lora/generated_images/final/positive/gen_1072.png,gen_1072.png,139.7912,117.0,2.0,0.16487503051757812,0.8519469702228084,0.09317779541015625,156.8566691230656,39.84687447379505,5.278726795185485,579.2689208984375,0.0,0.0,True,too_empty,,False,
positive,/mnt/MammoDiffusion/MammoDiffusion/experiments/diffusers/04_sd21_lora/generated_images/final/positive/gen_1073.png,gen_1073.png,111.8956,98.0,1.0,0.18000411987304688,0.9275436031110263,0.242279052734375,137.2285237435445,43.00647021978928,4.323384851582819,399.1828918457031,0.0,0.0,False,,-43.35404293891051,False,
positive,/mnt/MammoDiffusion/MammoDiffusion/experiments/diffusers/04_sd21_lora/generated_images/final/positive/gen_1074.png,gen_1074.png,102.0,96.0,2.0,0.048862457275390625,0.9298149738465141,0.040973663330078125,182.84684852434597,26.898196849337292,3.761430445754246,207.11383056640625,0.0,0.0,True,too_empty,,False,
positive,/mnt/MammoDiffusion/MammoDiffusion/experiments/diffusers/04_sd21_lora/generated_images/final/positive/gen_1075.png,gen_1075.png,87.6868,56.0,3.0,0.232574462890625,0.9893714735599003,0.24651336669921875,154.26602395469035,51.561792586563485,5.739295801929911,847.4315185546875,0.0,0.0,False,,-10.964100870450174,True,412.0
positive,/mnt/MammoDiffusion/MammoDiffusion/experiments/diffusers/04_sd21_lora/generated_images/final/positive/gen_1076.png,gen_1076.png,117.47800000000001,68.0,5.0,0.3162384033203125,0.9558021712907117,0.330963134765625,166.36300138312586,42.055841935175174,6.878303033590107,1803.1505126953125,0.0,0.0,False,,-31.006653444387524,True,1109.0
positive,/mnt/MammoDiffusion/MammoDiffusion/experiments/diffusers/04_sd21_lora/generated_images/final/positive/gen_1077.png,gen_1077.png,90.5824,50.0,4.0,0.3029823303222656,0.974353163361662,0.31699371337890625,152.1038292136995,47.35872776780461,6.574069017684751,1665.6669921875,0.0,0.0,False,,-20.27035045337716,True,820.0
positive,/mnt/MammoDiffusion/MammoDiffusion/experiments/diffusers/04_sd21_lora/generated_images/final/positive/gen_1078.png,gen_1078.png,96.5824,56.0,4.0,0.31775665283203125,0.9777665730269635,0.3664970397949219,141.096008326828,49.26680857808974,6.612747749198894,1392.1097412109375,0.0,0.0,False,,-17.5408775622395,True,708.0
positive,/mnt/MammoDiffusion/MammoDiffusion/experiments/diffusers/04_sd21_lora/generated_images/final/positive/gen_1079.png,gen_1079.png,125.6868,94.0,3.0,0.13008499145507812,0.8889182135421249,0.11771392822265625,167.5137403590641,32.66845724613715,5.667135755155163,1013.1558227539062,0.0,0.0,True,too_empty,,False,
positive,/mnt/MammoDiffusion/MammoDiffusion/experiments/diffusers/04_sd21_lora/generated_images/final/positive/gen_1080.png,gen_1080.png,73.8956,60.0,1.0,0.6683769226074219,0.999520578045899,0.6800460815429688,130.15750827396644,39.19298249346312,6.639840068747127,567.2578735351562,0.0,0.0,False,,-7.0364647252699095,True,40.0
positive,/mnt/MammoDiffusion/MammoDiffusion/experiments/diffusers/04_sd21_lora/generated_images/final/positive/gen_1081.png,gen_1081.png,86.7912,64.0,2.0,0.24111175537109375,0.8472138721007499,0.234710693359375,142.41722467819528,54.329568342204425,6.1012638833584605,1182.07421875,0.0,0.0,False,,-90.55221351470703,False,
positive,/mnt/MammoDiffusion/MammoDiffusion/experiments/diffusers/04_sd21_lora/generated_images/final/positive/gen_1082.png,gen_1082.png,100.8956,87.0,1.0,0.31291961669921875,0.9465927099841521,0.32509613037109375,157.14701602872498,48.90838906274343,5.762499363384125,926.1922607421875,0.0,0.0,False,,-34.18237019374511,True,1203.0
positive,/mnt/MammoDiffusion/MammoDiffusion/experiments/diffusers/04_sd21_lora/generated_images/final/positive/gen_1083.png,gen_1083.png,95.5824,55.0,4.0,0.36377716064453125,0.9493299217717749,0.4143104553222656,143.25395685440432,51.00537448913763,6.937582503579692,1522.5118408203125,0.0,0.0,False,,-33.83520398557603,True,1193.0
positive,/mnt/MammoDiffusion/MammoDiffusion/experiments/diffusers/04_sd21_lora/generated_images/final/positive/gen_1084.png,gen_1084.png,106.5824,66.0,4.0,0.18743896484375,0.8857456854444806,0.1793365478515625,162.98998128137498,46.17524031371238,6.291625235370094,1822.5458984375,0.0,0.0,False,,-70.56058201951681,False,
positive,/mnt/MammoDiffusion/MammoDiffusion/experiments/diffusers/04_sd21_lora/generated_images/final/positive/gen_1085.png,gen_1085.png,107.5824,67.0,4.0,0.200225830078125,0.8629782045419906,0.21669387817382812,152.53923070152274,53.279644631627924,6.415750298888408,1734.4139404296875,0.0,0.0,False,,-83.14608478627915,False,
positive,/mnt/MammoDiffusion/MammoDiffusion/experiments/diffusers/04_sd21_lora/generated_images/final/positive/gen_1086.png,gen_1086.png,130.0,120.0,2.0,0.045135498046875,0.869421906693712,0.03449249267578125,167.5557398805574,15.84933209713456,4.308635851687926,378.6634521484375,0.0,0.0,True,too_empty,,False,
positive,/mnt/MammoDiffusion/MammoDiffusion/experiments/diffusers/04_sd21_lora/generated_images/final/positive/gen_1087.png,gen_1087.png,126.7912,104.0,2.0,0.13684844970703125,0.9408485253944361,0.11096572875976562,172.9550689263983,29.51796161540733,4.996784870313636,502.9940185546875,0.0,0.0,True,too_empty,,False,
positive,/mnt/MammoDiffusion/MammoDiffusion/experiments/diffusers/04_sd21_lora/generated_images/final/positive/gen_1088.png,gen_1088.png,60.6868,29.0,3.0,0.3646888732910156,0.9902825284254348,0.4093971252441406,127.74368483335041,59.86644747029816,6.600649661626011,1747.236572265625,0.0,0.0,False,,-11.160328834788064,True,424.0
positive,/mnt/MammoDiffusion/MammoDiffusion/experiments/diffusers/04_sd21_lora/generated_images/final/positive/gen_1089.png,gen_1089.png,118.0,106.0,3.0,0.046863555908203125,0.8853072853072853,0.038143157958984375,169.16891689168918,27.22389178580811,4.580003886942442,540.304931640625,0.0,0.0,True,too_empty,,False,
positive,/mnt/MammoDiffusion/MammoDiffusion/experiments/diffusers/04_sd21_lora/generated_images/final/positive/gen_1090.png,gen_1090.png,101.5824,61.0,4.0,0.21319961547851562,0.9385031043675858,0.20623397827148438,168.71242809315058,45.6277488177419,6.247025399130778,1361.6376953125,0.0,0.0,False,,-40.61095408874395,True,1344.0
positive,/mnt/MammoDiffusion/MammoDiffusion/experiments/diffusers/04_sd21_lora/generated_images/final/positive/gen_1091.png,gen_1091.png,15.8956,2.0,1.0,0.773345947265625,0.9980269129079358,0.7758102416992188,105.63218995545154,54.751705261410905,7.3249924763025565,2074.23681640625,0.0,0.0,False,,-9.410834257550194,True,282.0
positive,/mnt/MammoDiffusion/MammoDiffusion/experiments/diffusers/04_sd21_lora/generated_images/final/positive/gen_1092.png,gen_1092.png,107.8956,94.0,1.0,0.28502655029296875,0.9643593243930512,0.3066291809082031,149.23323919831802,41.17257933992742,5.184156498297403,597.6317138671875,0.0,0.0,False,,-23.31971482816553,True,916.0
positive,/mnt/MammoDiffusion/MammoDiffusion/experiments/diffusers/04_sd21_lora/generated_images/final/positive/gen_1093.png,gen_1093.png,94.8956,81.0,1.0,0.23989105224609375,0.9728397417549216,0.2665252685546875,139.53299078261864,46.90739189493407,5.2181254518071905,412.51641845703125,0.0,0.0,False,,-19.251543109612197,True,783.0
positive,/mnt/MammoDiffusion/MammoDiffusion/experiments/diffusers/04_sd21_lora/generated_images/final/positive/gen_1094.png,gen_1094.png,91.6868,60.0,3.0,0.22986984252929688,0.9646525830166448,0.2995414733886719,132.7986831883652,56.91606452735189,6.043135777619579,1335.982666015625,0.0,0.0,False,,-24.929948824489664,True,962.0
positive,/mnt/MammoDiffusion/MammoDiffusion/experiments/diffusers/04_sd21_lora/generated_images/final/positive/gen_1095.png,gen_1095.png,126.5824,86.0,4.0,0.194061279296875,0.7792695392357288,0.1667022705078125,166.924118993135,36.827011769196545,6.316428893579966,1415.3636474609375,0.0,0.0,False,,-129.24317276642438,False,
positive,/mnt/MammoDiffusion/MammoDiffusion/experiments/diffusers/04_sd21_lora/generated_images/final/positive/gen_1096.png,gen_1096.png,134.7912,112.0,2.0,0.24056243896484375,0.8771050711997717,0.22878646850585938,174.3880116715298,34.907281126168684,5.91160197525686,747.9500732421875,0.0,0.0,False,,-73.91517560183974,False,
positive,/mnt/MammoDiffusion/MammoDiffusion/experiments/diffusers/04_sd21_lora/generated_images/final/positive/gen_1097.png,gen_1097.png,70.8956,57.0,1.0,0.39766693115234375,0.9855821806112465,0.4160728454589844,134.43655050380028,51.97725036889634,5.681119550794566,961.2782592773438,0.0,0.0,False,,-11.588501186646457,True,452.0
positive,/mnt/MammoDiffusion/MammoDiffusion/experiments/diffusers/04_sd21_lora/generated_images/final/positive/gen_1098.png,gen_1098.png,109.0,98.0,2.0,0.045318603515625,0.8437710437710437,0.031314849853515625,171.94871482519187,23.514989553469277,4.537027502979258,555.85107421875,0.0,0.0,True,too_empty,,False,
positive,/mnt/MammoDiffusion/MammoDiffusion/experiments/diffusers/04_sd21_lora/generated_images/final/positive/gen_1099.png,gen_1099.png,124.6868,93.0,3.0,0.165618896484375,0.8810807075732449,0.130096435546875,168.2034951911799,37.82451724216425,5.773528226355777,913.28564453125,0.0,0.0,True,too_empty,,False,
positive,/mnt/MammoDiffusion/MammoDiffusion/experiments/diffusers/04_sd21_lora/generated_images/final/positive/gen_1100.png,gen_1100.png,220.0,236.0,1.0,0.392578125,0.9600629664179104,0.3739433288574219,234.54239138196618,20.606664133639917,6.086740426697144,1412.80810546875,0.0,0.0,False,,-30.444616865810495,True,1091.0
positive,/mnt/MammoDiffusion/MammoDiffusion/experiments/diffusers/04_sd21_lora/generated_images/final/positive/gen_1101.png,gen_1101.png,68.47800000000001,19.0,5.0,0.3956756591796875,0.9927789132698315,0.4357872009277344,130.66114024107353,56.15996633249685,7.152516282617512,2406.71630859375,0.0,0.0,False,,-11.135649737472674,True,422.0
positive,/mnt/MammoDiffusion/MammoDiffusion/experiments/diffusers/04_sd21_lora/generated_images/final/positive/gen_1102.png,gen_1102.png,69.47800000000001,20.0,5.0,0.4564094543457031,0.9111956203769485,0.41297149658203125,133.90022908237728,50.27149547374124,7.425168059178424,1896.15576171875,0.0,0.0,False,,-55.602724189668415,False,
positive,/mnt/MammoDiffusion/MammoDiffusion/experiments/diffusers/04_sd21_lora/generated_images/final/positive/gen_1103.png,gen_1103.png,133.5824,93.0,4.0,0.17722702026367188,0.48177963365548115,0.084228515625,192.05031702898552,26.970595147621122,6.255285737052589,1424.9754638671875,0.0,0.0,True,too_empty,,False,
positive,/mnt/MammoDiffusion/MammoDiffusion/experiments/diffusers/04_sd21_lora/generated_images/final/positive/gen_1104.png,gen_1104.png,100.5824,60.0,4.0,0.18908309936523438,0.883632255331168,0.20764923095703125,148.4265716280266,55.47977453802527,6.32615146808698,1633.3804931640625,0.0,0.0,False,,-71.55618055710367,False,
positive,/mnt/MammoDiffusion/MammoDiffusion/experiments/diffusers/04_sd21_lora/generated_images/final/positive/gen_1105.png,gen_1105.png,102.6868,71.0,3.0,0.19968414306640625,0.9301379283994957,0.22675704956054688,149.84151203674108,51.293880649628,6.014538443273732,1238.2099609375,0.0,0.0,False,,-44.559631959663676,False,
positive,/mnt/MammoDiffusion/MammoDiffusion/experiments/diffusers/04_sd21_lora/generated_images/final/positive/gen_1106.png,gen_1106.png,110.7912,88.0,2.0,0.20174789428710938,0.9185054928432318,0.17179107666015625,162.04394457520985,41.75663488749578,5.64780017447633,863.2860107421875,0.0,0.0,False,,-50.26527104111889,False,
positive,/mnt/MammoDiffusion/MammoDiffusion/experiments/diffusers/04_sd21_lora/generated_images/final/positive/gen_1107.png,gen_1107.png,66.6868,35.0,3.0,0.4387931823730469,0.9371625792205308,0.4891815185546875,126.5142939580149,56.38826469567542,7.050717142061055,1819.1578369140625,0.0,0.0,False,,-41.44128665149131,True,1359.0
positive,/mnt/MammoDiffusion/MammoDiffusion/experiments/diffusers/04_sd21_lora/generated_images/final/positive/gen_1108.png,gen_1108.png,130.0,127.0,1.0,0.038539886474609375,0.862615064832228,0.029460906982421875,166.82131296128446,18.910665946285228,2.9008107522300652,59.42431640625,0.0,0.0,True,too_empty,,False,
positive,/mnt/MammoDiffusion/MammoDiffusion/experiments/diffusers/04_sd21_lora/generated_images/final/positive/gen_1109.png,gen_1109.png,138.3736,80.0,6.0,0.14649581909179688,0.61169700283832,0.091064453125,183.07980060321717,25.087403328988437,6.642503475553496,1297.697265625,0.0,0.0,True,too_empty,,False,
positive,/mnt/MammoDiffusion/MammoDiffusion/experiments/diffusers/04_sd21_lora/generated_images/final/positive/gen_1110.png,gen_1110.png,56.6868,25.0,3.0,0.35894012451171875,0.993155780389823,0.3754615783691406,129.66240284480568,56.28160213023635,6.666559370781409,1700.4521484375,0.0,0.0,False,,-9.514577731058933,True,290.0
positive,/mnt/MammoDiffusion/MammoDiffusion/experiments/diffusers/04_sd21_lora/generated_images/final/positive/gen_1111.png,gen_1111.png,220.0,201.0,41.0,0.2852134704589844,0.8918640576725025,0.2527046203613281,241.81018944826025,18.427291141915823,6.860126097299453,1850.3817138671875,0.0,0.0,False,,-70.80551500979058,False,
positive,/mnt/MammoDiffusion/MammoDiffusion/experiments/diffusers/04_sd21_lora/generated_images/final/positive/gen_1112.png,gen_1112.png,105.6868,74.0,3.0,0.20768356323242188,0.8131072865198464,0.19865036010742188,151.5163130100816,49.141123531435355,6.027013629097379,917.9802856445312,0.0,0.0,False,,-109.24577034657351,False,
positive,/mnt/MammoDiffusion/MammoDiffusion/experiments/diffusers/04_sd21_lora/generated_images/final/positive/gen_1113.png,gen_1113.png,56.0,51.0,0.0,0.495819091796875,0.996491659998769,0.5250701904296875,119.95397547295923,54.22979269032022,5.9748536872433,897.4600830078125,0.0,0.0,False,,-6.193516956584731,True,15.0
positive,/mnt/MammoDiffusion/MammoDiffusion/experiments/diffusers/04_sd21_lora/generated_images/final/positive/gen_1114.png,gen_1114.png,122.8956,109.0,1.0,0.21646881103515625,0.9629577415148204,0.23021316528320312,159.40318812242126,37.23035921789946,4.797923385370449,300.02154541015625,0.0,0.0,False,,-25.069620991434274,True,967.0
positive,/mnt/MammoDiffusion/MammoDiffusion/experiments/diffusers/04_sd21_lora/generated_images/final/positive/gen_1115.png,gen_1115.png,111.6868,80.0,3.0,0.16870498657226562,0.9221254946297344,0.18935775756835938,155.8574105038377,46.498299303329574,5.754019364478523,871.7381591796875,0.0,0.0,False,,-48.397723788616794,False,
positive,/mnt/MammoDiffusion/MammoDiffusion/experiments/diffusers/04_sd21_lora/generated_images/final/positive/gen_1116.png,gen_1116.png,114.8956,101.0,1.0,0.2728385925292969,0.9518057128476155,0.2765235900878906,154.51024293341058,36.37776346237786,5.289647141772203,408.45318603515625,0.0,0.0,False,,-31.211000912661593,True,1114.0
positive,/mnt/MammoDiffusion/MammoDiffusion/experiments/diffusers/04_sd21_lora/generated_images/final/positive/gen_1117.png,gen_1117.png,220.0,252.0,2.0,0.2775421142578125,0.5010308428170872,0.13542938232421875,253.2568587685201,4.280858323155153,6.612036043383429,1741.0574951171875,0.0,0.0,True,low_contrast,,False,
positive,/mnt/MammoDiffusion/MammoDiffusion/experiments/diffusers/04_sd21_lora/generated_images/final/positive/gen_1118.png,gen_1118.png,135.0,130.0,0.0,0.13304901123046875,0.597195940134182,0.0772857666015625,177.52714708785786,23.187709995219294,4.853849103135044,327.0664367675781,0.0,0.0,True,too_empty,,False,
positive,/mnt/MammoDiffusion/MammoDiffusion/experiments/diffusers/04_sd21_lora/generated_images/final/positive/gen_1119.png,gen_1119.png,103.3736,45.0,6.0,0.189788818359375,0.9258522270461489,0.20564651489257812,156.96002522769854,53.98167226011297,6.631607886428629,2532.149169921875,0.0,0.0,False,,-49.690568876735874,False,
positive,/mnt/MammoDiffusion/MammoDiffusion/experiments/diffusers/04_sd21_lora/generated_images/final/positive/gen_1120.png,gen_1120.png,172.6868,141.0,3.0,0.051074981689453125,0.9165733064455897,0.04189300537109375,195.66882170824985,15.09895274901544,5.0482845905647125,904.501220703125,0.0,0.0,True,too_empty,,False,
positive,/mnt/MammoDiffusion/MammoDiffusion/experiments/diffusers/04_sd21_lora/generated_images/final/positive/gen_1121.png,gen_1121.png,97.7912,75.0,2.0,0.173004150390625,0.9141162462515435,0.19229888916015625,148.72092838722475,55.065976193931824,5.056368582175892,863.9922485351562,0.0,0.0,False,,-52.51489572573176,False,
positive,/mnt/MammoDiffusion/MammoDiffusion/experiments/diffusers/04_sd21_lora/generated_images/final/positive/gen_1122.png,gen_1122.png,105.47800000000001,56.0,5.0,0.18707275390625,0.8768964110929853,0.18420791625976562,157.89241856323386,45.938858069653534,6.477355424839379,2058.1171875,0.0,0.0,False,,-75.74187933365059,False,
positive,/mnt/MammoDiffusion/MammoDiffusion/experiments/diffusers/04_sd21_lora/generated_images/final/positive/gen_1123.png,gen_1123.png,159.6868,128.0,3.0,0.061496734619140625,0.9413808076422058,0.051662445068359375,178.58007826921656,11.887542242671273,4.819258266930278,642.5742797851562,0.0,0.0,True,too_empty,,False,
positive,/mnt/MammoDiffusion/MammoDiffusion/experiments/diffusers/04_sd21_lora/generated_images/final/positive/gen_1124.png,gen_1124.png,61.6868,30.0,3.0,0.3063621520996094,0.9774377108988807,0.3682403564453125,122.08640658020138,64.89384376719522,6.4803623716014425,1899.472412109375,0.0,0.0,False,,-18.728814327752737,True,757.0
positive,/mnt/MammoDiffusion/MammoDiffusion/experiments/diffusers/04_sd21_lora/generated_images/final/positive/gen_1125.png,gen_1125.png,107.8956,94.0,1.0,0.32196044921875,0.8497037914691943,0.3217620849609375,151.8936192915066,42.249969511463824,5.940084190675524,576.1781005859375,0.0,0.0,False,,-87.80711108296155,False,
positive,/mnt/MammoDiffusion/MammoDiffusion/experiments/diffusers/04_sd21_lora/generated_images/final/positive/gen_1126.png,gen_1126.png,25.7912,3.0,2.0,0.7951316833496094,0.9958357121268093,0.7835044860839844,129.18207224269807,49.10057832409069,7.388298638451733,1054.131103515625,0.0,0.0,False,,-9.805771870123056,True,312.0
positive,/mnt/MammoDiffusion/MammoDiffusion/experiments/diffusers/04_sd21_lora/generated_images/final/positive/gen_1127.png,gen_1127.png,134.5824,94.0,4.0,0.12785720825195312,0.8467643285496912,0.10157394409179688,174.02471175874112,36.386923164802454,5.842854543151982,1057.9290771484375,0.0,0.0,True,too_empty,,False,
positive,/mnt/MammoDiffusion/MammoDiffusion/experiments/diffusers/04_sd21_lora/generated_images/final/positive/gen_1128.png,gen_1128.png,129.5824,89.0,4.0,0.15555572509765625,0.9083819706704596,0.14659881591796875,181.06955503512881,42.2314241350613,6.123810568302793,1365.9051513671875,0.0,0.0,False,,-57.75899136919866,False,
positive,/mnt/MammoDiffusion/MammoDiffusion/experiments/diffusers/04_sd21_lora/generated_images/final/positive/gen_1129.png,gen_1129.png,79.5824,39.0,4.0,0.4647941589355469,0.9887888512265784,0.4905204772949219,133.09749041504972,44.84791643171889,7.045562671268241,1545.34814453125,0.0,0.0,False,,-11.829513623566879,True,463.0
positive,/mnt/MammoDiffusion/MammoDiffusion/experiments/diffusers/04_sd21_lora/generated_images/final/positive/gen_1130.png,gen_1130.png,115.5824,75.0,4.0,0.14461517333984375,0.47718280137166974,0.06964492797851562,172.02360738346937,31.891934959024812,5.958831267911313,1345.3348388671875,0.0,0.0,True,too_empty,,False,
positive,/mnt/MammoDiffusion/MammoDiffusion/experiments/diffusers/04_sd21_lora/generated_images/final/positive/gen_1131.png,gen_1131.png,103.8956,90.0,1.0,0.3008613586425781,0.9430828335594467,0.36069488525390625,132.27783065761363,37.087434456686516,5.743846997325972,678.4693603515625,0.0,0.0,False,,-34.87224723321021,True,1222.0
positive,/mnt/MammoDiffusion/MammoDiffusion/experiments/diffusers/04_sd21_lora/generated_images/final/positive/gen_1132.png,gen_1132.png,86.6868,55.0,3.0,0.17600631713867188,0.7989336569929995,0.16192245483398438,154.5124979386058,58.016515431824836,5.9689923756211645,1291.9765625,0.0,0.0,False,,-118.48484885326,False,
positive,/mnt/MammoDiffusion/MammoDiffusion/experiments/diffusers/04_sd21_lora/generated_images/final/positive/gen_1133.png,gen_1133.png,99.7912,77.0,2.0,0.17223739624023438,0.9627693738787624,0.17859268188476562,151.94739090501312,47.64116783666246,5.387401347412871,706.0067138671875,0.0,0.0,False,,-25.67231599419283,True,987.0
positive,/mnt/MammoDiffusion/MammoDiffusion/experiments/diffusers/04_sd21_lora/generated_images/final/positive/gen_1134.png,gen_1134.png,76.8956,63.0,1.0,0.3853759765625,0.9934965948685461,0.4027671813964844,142.48260610136103,51.20444890256741,6.071650537233528,882.013427734375,0.0,0.0,False,,-7.582844308798847,True,73.0
positive,/mnt/MammoDiffusion/MammoDiffusion/experiments/diffusers/04_sd21_lora/generated_images/final/positive/gen_1135.png,gen_1135.png,37.8956,24.0,1.0,0.6390724182128906,0.9976720448399978,0.6465187072753906,110.51108973867277,54.48001949159032,6.855444543498399,1276.4820556640625,0.0,0.0,False,,-7.420700919783298,True,62.0
positive,/mnt/MammoDiffusion/MammoDiffusion/experiments/diffusers/04_sd21_lora/generated_images/final/positive/gen_1136.png,gen_1136.png,71.5824,31.0,4.0,0.5440711975097656,0.9845258545135845,0.5880317687988281,122.7785584077743,46.57029124333429,7.312688999333369,1461.4541015625,0.0,0.0,False,,-14.820211850980602,True,604.0
positive,/mnt/MammoDiffusion/MammoDiffusion/experiments/diffusers/04_sd21_lora/generated_images/final/positive/gen_1137.png,gen_1137.png,79.6868,48.0,3.0,0.32215118408203125,0.9746950858496152,0.3802909851074219,126.72112828640499,53.837304053750046,6.505128069754576,1401.88232421875,0.0,0.0,False,,-18.94278519606221,True,769.0
positive,/mnt/MammoDiffusion/MammoDiffusion/experiments/diffusers/04_sd21_lora/generated_images/final/positive/gen_1138.png,gen_1138.png,97.5824,57.0,4.0,0.25144195556640625,0.9638923445701976,0.26999664306640625,157.07543304416626,53.84946152757429,6.428032886539706,1790.0408935546875,0.0,0.0,False,,-27.014984943130067,True,1017.0
positive,/mnt/MammoDiffusion/MammoDiffusion/experiments/diffusers/04_sd21_lora/generated_images/final/positive/gen_1139.png,gen_1139.png,88.3736,30.0,6.0,0.5589752197265625,0.9963284470286354,0.5562591552734375,157.41945549307366,35.75652965554104,7.245617975229687,1213.1090087890625,0.0,0.0,False,,-8.621797050009032,True,193.0
positive,/mnt/MammoDiffusion/MammoDiffusion/experiments/diffusers/04_sd21_lora/generated_images/final/positive/gen_1140.png,gen_1140.png,133.7912,111.0,2.0,0.15605926513671875,0.8552676607186507,0.1524505615234375,174.21739565609047,34.303360333072675,5.133439457264936,646.3973388671875,0.0,0.0,False,,-85.95060480471025,False,
positive,/mnt/MammoDiffusion/MammoDiffusion/experiments/diffusers/04_sd21_lora/generated_images/final/positive/gen_1141.png,gen_1141.png,121.6868,90.0,3.0,0.16837692260742188,0.8818505176827749,0.17827606201171875,168.65971241494415,50.45535821034793,5.923223333146467,1063.4140625,0.0,0.0,False,,-71.90791565488212,False,
positive,/mnt/MammoDiffusion/MammoDiffusion/experiments/diffusers/04_sd21_lora/generated_images/final/positive/gen_1142.png,gen_1142.png,200.0,186.0,11.0,0.030551910400390625,0.14433762017730054,0.004589080810546875,174.46882793017457,74.27708442735606,6.580701952229052,951.2588500976562,0.0,0.0,True,too_empty,,False,
positive,/mnt/MammoDiffusion/MammoDiffusion/experiments/diffusers/04_sd21_lora/generated_images/final/positive/gen_1143.png,gen_1143.png,96.7912,74.0,2.0,0.23975372314453125,0.9182657120127288,0.2697906494140625,142.11706068661275,50.50362193443501,5.661494591707442,854.4266357421875,0.0,0.0,False,,-49.756410062019626,False,
positive,/mnt/MammoDiffusion/MammoDiffusion/experiments/diffusers/04_sd21_lora/generated_images/final/positive/gen_1144.png,gen_1144.png,122.5824,82.0,4.0,0.11227035522460938,0.8355135741225239,0.09389877319335938,174.46987609181394,43.26100156108658,5.700609779337779,1052.553955078125,0.0,0.0,True,too_empty,,False,
positive,/mnt/MammoDiffusion/MammoDiffusion/experiments/diffusers/04_sd21_lora/generated_images/final/positive/gen_1145.png,gen_1145.png,109.7912,87.0,2.0,0.2394256591796875,0.9163851889618253,0.26366424560546875,152.6192019445007,48.286552818815004,5.817843694988782,716.3292236328125,0.0,0.0,False,,-51.330326644969325,False,
positive,/mnt/MammoDiffusion/MammoDiffusion/experiments/diffusers/04_sd21_lora/generated_images/final/positive/gen_1146.png,gen_1146.png,37.8956,24.0,1.0,0.5843429565429688,0.9950973351960413,0.5869636535644531,121.8702532673898,53.09030531159678,6.685539559324001,1147.14111328125,0.0,0.0,False,,-8.370906188392027,True,165.0
positive,/mnt/MammoDiffusion/MammoDiffusion/experiments/diffusers/04_sd21_lora/generated_images/final/positive/gen_1147.png,gen_1147.png,105.8956,92.0,1.0,0.2165985107421875,0.9135787249031349,0.23817825317382812,143.69076028636866,40.68428364635478,4.870877215313372,329.00689697265625,0.0,0.0,False,,-51.794847043420674,False,
positive,/mnt/MammoDiffusion/MammoDiffusion/experiments/diffusers/04_sd21_lora/generated_images/final/positive/gen_1148.png,gen_1148.png,69.5824,29.0,4.0,0.5099754333496094,0.9951154562522908,0.5231437683105469,130.99119141892533,45.77982807139256,7.129763221965009,1270.538330078125,0.0,0.0,False,,-8.28266776810747,True,148.0
positive,/mnt/MammoDiffusion/MammoDiffusion/experiments/diffusers/04_sd21_lora/generated_images/final/positive/gen_1149.png,gen_1149.png,86.7912,64.0,2.0,0.3179473876953125,0.9878581369678936,0.353485107421875,139.16218812052145,49.73495184539375,5.924376241406744,1047.158447265625,0.0,0.0,False,,-10.896264349469552,True,405.0
positive,/mnt/MammoDiffusion/MammoDiffusion/experiments/diffusers/04_sd21_lora/generated_images/final/positive/gen_1150.png,gen_1150.png,58.478,9.0,5.0,0.5987777709960938,0.990711364244486,0.6618881225585938,116.44172670163103,52.44038472586746,7.5131561879357465,2096.64306640625,0.0,0.0,False,,-13.084567276395049,True,531.0
positive,/mnt/MammoDiffusion/MammoDiffusion/experiments/diffusers/04_sd21_lora/generated_images/final/positive/gen_1151.png,gen_1151.png,126.6868,95.0,3.0,0.19195938110351562,0.8885753462769023,0.177978515625,169.92121056241427,38.353156880557236,5.884643749569138,824.8826904296875,0.0,0.0,False,,-67.38796068199957,False,
positive,/mnt/MammoDiffusion/MammoDiffusion/experiments/diffusers/04_sd21_lora/generated_images/final/positive/gen_1152.png,gen_1152.png,112.8956,99.0,1.0,0.37796783447265625,0.9039280595870087,0.40924072265625,145.57184004474274,38.74763882642637,5.813576186322515,339.7804260253906,0.0,0.0,False,,-57.14979212980775,False,
positive,/mnt/MammoDiffusion/MammoDiffusion/experiments/diffusers/04_sd21_lora/generated_images/final/positive/gen_1153.png,gen_1153.png,103.7912,81.0,2.0,0.3218498229980469,0.9831932773109243,0.3903923034667969,137.09231084923636,41.19063385587726,6.09654590751207,678.1768188476562,0.0,0.0,False,,-12.727718002889539,True,518.0
positive,/mnt/MammoDiffusion/MammoDiffusion/experiments/diffusers/04_sd21_lora/generated_images/final/positive/gen_1154.png,gen_1154.png,100.6868,69.0,3.0,0.17388916015625,0.9385310635310635,0.18848419189453125,155.6825946164744,52.37593645480443,5.7679739811418855,1143.0726318359375,0.0,0.0,False,,-40.052288085059516,True,1332.0
positive,/mnt/MammoDiffusion/MammoDiffusion/experiments/diffusers/04_sd21_lora/generated_images/final/positive/gen_1155.png,gen_1155.png,182.0,172.0,5.0,0.040897369384765625,0.34558343438112116,0.014862060546875,199.05159137577002,21.75167055666095,6.418062517679183,939.5677490234375,0.0,0.0,True,too_empty,,False,
positive,/mnt/MammoDiffusion/MammoDiffusion/experiments/diffusers/04_sd21_lora/generated_images/final/positive/gen_1156.png,gen_1156.png,74.6868,43.0,3.0,0.49683380126953125,0.9924985795672671,0.5261421203613281,134.10320826536162,50.29847528998226,7.06396590499484,1374.0523681640625,0.0,0.0,False,,-10.232681553888312,True,358.0
positive,/mnt/MammoDiffusion/MammoDiffusion/experiments/diffusers/04_sd21_lora/generated_images/final/positive/gen_1157.png,gen_1157.png,153.5824,113.0,4.0,0.08040618896484375,0.6858810133788784,0.02617645263671875,171.18347420577092,18.618224908488678,5.852953254929153,1244.0,0.0,0.0,True,too_empty,,False,
positive,/mnt/MammoDiffusion/MammoDiffusion/experiments/diffusers/04_sd21_lora/generated_images/final/positive/gen_1158.png,gen_1158.png,56.6868,25.0,3.0,0.24422073364257812,0.9923618812577123,0.2521018981933594,147.22791169216336,61.36576830402944,6.003963566993402,1710.1319580078125,0.0,0.0,False,,-11.04194227193571,True,415.0
positive,/mnt/MammoDiffusion/MammoDiffusion/experiments/diffusers/04_sd21_lora/generated_images/final/positive/gen_1159.png,gen_1159.png,63.7912,41.0,2.0,0.287109375,0.9824617346938775,0.3210258483886719,133.09406452379537,63.62404087645728,6.023167667122934,1305.696044921875,0.0,0.0,False,,-15.322502210563457,True,629.0
positive,/mnt/MammoDiffusion/MammoDiffusion/experiments/diffusers/04_sd21_lora/generated_images/final/positive/gen_1160.png,gen_1160.png,96.7912,74.0,2.0,0.2239227294921875,0.9140204429301533,0.2592201232910156,144.83147175253484,54.240602334951554,5.584948894460645,994.7674560546875,0.0,0.0,False,,-52.621607629790134,False,
positive,/mnt/MammoDiffusion/MammoDiffusion/experiments/diffusers/04_sd21_lora/generated_images/final/positive/gen_1161.png,gen_1161.png,190.0,167.0,4.0,0.048282623291015625,0.6844433910089278,0.035472869873046875,203.64437036240457,12.405907538889563,6.862212728018543,1002.6177368164062,0.0,0.0,True,too_empty,,False,
positive,/mnt/MammoDiffusion/MammoDiffusion/experiments/diffusers/04_sd21_lora/generated_images/final/positive/gen_1162.png,gen_1162.png,93.5824,53.0,4.0,0.3050689697265625,0.9791301955684489,0.3394622802734375,148.33842765316672,51.03978869064782,6.632315049531681,1591.959716796875,0.0,0.0,False,,-17.57794622937903,True,711.0
positive,/mnt/MammoDiffusion/MammoDiffusion/experiments/diffusers/04_sd21_lora/generated_images/final/positive/gen_1163.png,gen_1163.png,220.0,212.0,35.0,0.3525123596191406,0.9357530110703502,0.32643890380859375,245.4906981092388,18.87279071481398,6.681417524427784,1789.314208984375,0.0,0.0,False,,-45.76930802831505,False,
positive,/mnt/MammoDiffusion/MammoDiffusion/experiments/diffusers/04_sd21_lora/generated_images/final/positive/gen_1164.png,gen_1164.png,123.6868,92.0,3.0,0.195526123046875,0.9111128453254254,0.22228622436523438,163.0384067546464,43.1669780995163,5.715441410429134,861.6824340820312,0.0,0.0,False,,-54.224082695560426,False,
positive,/mnt/MammoDiffusion/MammoDiffusion/experiments/diffusers/04_sd21_lora/generated_images/final/positive/gen_1165.png,gen_1165.png,152.0,138.0,2.0,0.04994964599609375,0.9270658316786314,0.042659759521484375,177.14030224447822,11.5623216185429,4.3821758205317805,455.417724609375,0.0,0.0,True,too_empty,,False,
positive,/mnt/MammoDiffusion/MammoDiffusion/experiments/diffusers/04_sd21_lora/generated_images/final/positive/gen_1166.png,gen_1166.png,94.5824,54.0,4.0,0.26973724365234375,0.9108046952340546,0.2879791259765625,142.46610236846288,50.5733287754083,6.59722153853226,1297.7423095703125,0.0,0.0,False,,-55.252532334706,False,
positive,/mnt/MammoDiffusion/MammoDiffusion/experiments/diffusers/04_sd21_lora/generated_images/final/positive/gen_1167.png,gen_1167.png,130.6868,99.0,3.0,0.19712448120117188,0.915336236090953,0.218780517578125,158.86699679174222,33.80571233621507,5.851243774201571,844.4634399414062,0.0,0.0,False,,-52.180558140715256,False,
positive,/mnt/MammoDiffusion/MammoDiffusion/experiments/diffusers/04_sd21_lora/generated_images/final/positive/gen_1168.png,gen_1168.png,52.8956,39.0,1.0,0.4548530578613281,0.996284710282882,0.4638824462890625,120.6166491233841,50.200787129502636,5.765572146317516,793.635498046875,0.0,0.0,False,,-5.4546991538299405,True,5.0
positive,/mnt/MammoDiffusion/MammoDiffusion/experiments/diffusers/04_sd21_lora/generated_images/final/positive/gen_1169.png,gen_1169.png,131.0,123.0,2.0,0.037151336669921875,0.6863127631173632,0.020236968994140625,191.64750235626767,26.16321146563107,4.1078480728784115,311.97998046875,0.0,0.0,True,too_empty,,False,
positive,/mnt/MammoDiffusion/MammoDiffusion/experiments/diffusers/04_sd21_lora/generated_images/final/positive/gen_1170.png,gen_1170.png,49.5824,9.0,4.0,0.5407638549804688,0.9804102766686889,0.6163558959960938,108.57512347283597,58.12076548288638,7.457155312530356,2222.610107421875,0.0,0.0,False,,-18.757789225615795,True,759.0
positive,/mnt/MammoDiffusion/MammoDiffusion/experiments/diffusers/04_sd21_lora/generated_images/final/positive/gen_1171.png,gen_1171.png,179.0,168.0,6.0,0.042789459228515625,0.3144334492288491,0.01361846923828125,200.15882352941176,16.742145171585666,6.7164115015622325,1360.1639404296875,0.0,0.0,True,too_empty,,False,
positive,/mnt/MammoDiffusion/MammoDiffusion/experiments/diffusers/04_sd21_lora/generated_images/final/positive/gen_1172.png,gen_1172.png,70.7912,48.0,2.0,0.336822509765625,0.9577670562652895,0.3663902282714844,121.62317407102772,56.24061099806805,6.253995125609397,1168.7847900390625,0.0,0.0,False,,-27.91495591672941,True,1038.0
positive,/mnt/MammoDiffusion/MammoDiffusion/experiments/diffusers/04_sd21_lora/generated_images/final/positive/gen_1173.png,gen_1173.png,196.8956,183.0,1.0,0.0529632568359375,0.699438202247191,0.040615081787109375,207.58852258852258,9.597724037624092,7.04816367106325,638.8270263671875,0.0,0.0,True,too_empty,,False,
positive,/mnt/MammoDiffusion/MammoDiffusion/experiments/diffusers/04_sd21_lora/generated_images/final/positive/gen_1174.png,gen_1174.png,220.0,200.0,33.0,0.31955718994140625,0.9511758386057061,0.3012504577636719,233.4504691595649,19.971063709144573,7.058656883035177,1559.6063232421875,0.0,0.0,False,,-37.01919868708847,True,1270.0
positive,/mnt/MammoDiffusion/MammoDiffusion/experiments/diffusers/04_sd21_lora/generated_images/final/positive/gen_1175.png,gen_1175.png,79.6868,48.0,3.0,0.3376312255859375,0.9897071451168256,0.363311767578125,134.93441831163378,48.04447186233398,6.295337241446795,990.7255249023438,0.0,0.0,False,,-9.850831087557083,True,320.0
positive,/mnt/MammoDiffusion/MammoDiffusion/experiments/diffusers/04_sd21_lora/generated_images/final/positive/gen_1176.png,gen_1176.png,104.7912,82.0,2.0,0.23838043212890625,0.9701072171547448,0.2932853698730469,146.93033570490226,49.98052023254936,5.7757494332189,879.129150390625,0.0,0.0,False,,-21.05941674114461,True,850.0
positive,/mnt/MammoDiffusion/MammoDiffusion/experiments/diffusers/04_sd21_lora/generated_images/final/positive/gen_1177.png,gen_1177.png,220.0,232.0,18.0,0.284820556640625,0.9432792242580093,0.2656059265136719,247.6968417424275,22.362547160946903,6.516569301306246,1511.6009521484375,0.0,0.0,False,,-41.317195392440595,True,1357.0
positive,/mnt/MammoDiffusion/MammoDiffusion/experiments/diffusers/04_sd21_lora/generated_images/final/positive/gen_1178.png,gen_1178.png,158.3736,100.0,6.0,0.11875534057617188,0.7637403231505573,0.09581375122070312,195.2377672492734,25.70223281793513,6.148992999660375,1258.0687255859375,0.0,0.0,True,too_empty,,False,
positive,/mnt/MammoDiffusion/MammoDiffusion/experiments/diffusers/04_sd21_lora/generated_images/final/positive/gen_1179.png,gen_1179.png,152.6868,121.0,3.0,0.07843017578125,0.9832684824902723,0.07409286499023438,177.5642279771405,14.812333439829251,4.894987036019477,706.8319702148438,0.0,0.0,True,too_empty,,False,
positive,/mnt/MammoDiffusion/MammoDiffusion/experiments/diffusers/04_sd21_lora/generated_images/final/positive/gen_1180.png,gen_1180.png,187.0,184.0,1.0,0.0400238037109375,0.5769157453297751,0.022212982177734375,199.7332989867766,9.62148846289055,5.661275923480766,706.268798828125,0.0,0.0,True,too_empty,,False,
positive,/mnt/MammoDiffusion/MammoDiffusion/experiments/diffusers/04_sd21_lora/generated_images/final/positive/gen_1181.png,gen_1181.png,82.6868,51.0,3.0,0.33280181884765625,0.9823594140436945,0.38474273681640625,136.23447817723928,54.45031422503533,6.559753234654829,1451.2406005859375,0.0,0.0,False,,-15.105825156969587,True,619.0
positive,/mnt/MammoDiffusion/MammoDiffusion/experiments/diffusers/04_sd21_lora/generated_images/final/positive/gen_1182.png,gen_1182.png,69.5824,29.0,4.0,0.3842887878417969,0.9958506635960254,0.3870429992675781,142.62265303909876,46.17624114087191,6.7025116324260665,1461.74267578125,0.0,0.0,False,,-7.364033154591198,True,61.0
positive,/mnt/MammoDiffusion/MammoDiffusion/experiments/diffusers/04_sd21_lora/generated_images/final/positive/gen_1183.png,gen_1183.png,110.7912,88.0,2.0,0.18036651611328125,0.85275580559198,0.18366241455078125,163.67937107963277,46.28032309531155,5.365336376649596,754.6995239257812,0.0,0.0,False,,-86.90223005211615,False,
positive,/mnt/MammoDiffusion/MammoDiffusion/experiments/diffusers/04_sd21_lora/generated_images/final/positive/gen_1184.png,gen_1184.png,112.7912,90.0,2.0,0.26988983154296875,0.9202402826855124,0.2880516052246094,155.09344333938103,44.149358757109944,5.978089631699858,719.7520141601562,0.0,0.0,False,,-48.96253939684335,False,
positive,/mnt/MammoDiffusion/MammoDiffusion/experiments/diffusers/04_sd21_lora/generated_images/final/positive/gen_1185.png,gen_1185.png,90.5824,50.0,4.0,0.2665672302246094,0.8846291446643484,0.2875480651855469,145.83840326881491,56.70118778653353,6.52199201509438,1751.88916015625,0.0,0.0,False,,-70.81000678175526,False,
positive,/mnt/MammoDiffusion/MammoDiffusion/experiments/diffusers/04_sd21_lora/generated_images/final/positive/gen_1186.png,gen_1186.png,110.5824,70.0,4.0,0.2525291442871094,0.8584570763908821,0.2616424560546875,157.4817752376509,49.21097184661328,6.541516769052227,1322.96875,0.0,0.0,False,,-84.83415265040968,False,
positive,/mnt/MammoDiffusion/MammoDiffusion/experiments/diffusers/04_sd21_lora/generated_images/final/positive/gen_1187.png,gen_1187.png,91.7912,69.0,2.0,0.1966705322265625,0.9609744743579797,0.23388671875,129.05710138308976,40.832345262367184,5.225261479632173,682.66943359375,0.0,0.0,False,,-24.98489676307579,True,966.0
positive,/mnt/MammoDiffusion/MammoDiffusion/experiments/diffusers/04_sd21_lora/generated_images/final/positive/gen_1188.png,gen_1188.png,122.7912,100.0,2.0,0.23412322998046875,0.9153061557011112,0.27693939208984375,154.7755585553321,42.61708283155486,5.867923016067632,732.3026123046875,0.0,0.0,False,,-51.535159560663814,False,
positive,/mnt/MammoDiffusion/MammoDiffusion/experiments/diffusers/04_sd21_lora/generated_images/final/positive/gen_1189.png,gen_1189.png,120.6868,89.0,3.0,0.15248489379882812,0.41833237435268805,0.10692977905273438,174.25543148656845,32.9648514039064,5.867779171266008,470.93292236328125,0.0,0.0,True,too_empty,,False,
positive,/mnt/MammoDiffusion/MammoDiffusion/experiments/diffusers/04_sd21_lora/generated_images/final/positive/gen_1190.png,gen_1190.png,133.5824,93.0,4.0,0.16146469116210938,0.5171167339995747,0.08303070068359375,183.3311127446476,24.90412256443255,6.0838840062813855,1138.415283203125,0.0,0.0,True,too_empty,,False,
positive,/mnt/MammoDiffusion/MammoDiffusion/experiments/diffusers/04_sd21_lora/generated_images/final/positive/gen_1191.png,gen_1191.png,99.5824,59.0,4.0,0.1951904296875,0.8250273608505316,0.15854263305664062,163.95916845119223,49.72565133881901,6.44800640676669,1997.400634765625,0.0,0.0,False,,-105.06353065733434,False,
positive,/mnt/MammoDiffusion/MammoDiffusion/experiments/diffusers/04_sd21_lora/generated_images/final/positive/gen_1192.png,gen_1192.png,185.8956,172.0,1.0,0.07217788696289062,0.6097986364357063,0.0396881103515625,210.21587850826606,15.976798395589814,6.565633725919129,1022.67919921875,0.0,0.0,True,too_empty,,False,
positive,/mnt/MammoDiffusion/MammoDiffusion/experiments/diffusers/04_sd21_lora/generated_images/final/positive/gen_1193.png,gen_1193.png,61.7912,39.0,2.0,0.5303001403808594,0.9941589037154264,0.5717887878417969,123.28360608708995,53.08635351617018,6.830002821912853,1106.9898681640625,0.0,0.0,False,,-8.925422098607033,True,238.0
positive,/mnt/MammoDiffusion/MammoDiffusion/experiments/diffusers/04_sd21_lora/generated_images/final/positive/gen_1194.png,gen_1194.png,117.5824,77.0,4.0,0.15269851684570312,0.8885807789352719,0.10150909423828125,147.85295001878993,54.98931452806944,6.059237633863243,1540.7921142578125,0.0,0.0,True,too_empty,,False,
positive,/mnt/MammoDiffusion/MammoDiffusion/experiments/diffusers/04_sd21_lora/generated_images/final/positive/gen_1195.png,gen_1195.png,111.7912,89.0,2.0,0.14616775512695312,0.9015319570947621,0.12773895263671875,168.16577076987397,40.91501324379189,4.853654527640291,540.8004760742188,0.0,0.0,True,too_empty,,False,
positive,/mnt/MammoDiffusion/MammoDiffusion/experiments/diffusers/04_sd21_lora/generated_images/final/positive/gen_1196.png,gen_1196.png,220.0,243.0,11.0,0.3442344665527344,0.9274703842019526,0.31653594970703125,252.78820892284702,17.30809704257508,6.272137495867396,2235.627685546875,0.0,0.0,False,,-50.914795406201506,False,
positive,/mnt/MammoDiffusion/MammoDiffusion/experiments/diffusers/04_sd21_lora/generated_images/final/positive/gen_1197.png,gen_1197.png,94.6868,63.0,3.0,0.25756072998046875,0.8888592671583874,0.27983856201171875,146.4365849668748,52.73500402577742,6.165860790316175,1299.389404296875,0.0,0.0,False,,-67.34326348544462,False,
positive,/mnt/MammoDiffusion/MammoDiffusion/experiments/diffusers/04_sd21_lora/generated_images/final/positive/gen_1198.png,gen_1198.png,132.0,126.0,2.0,0.042652130126953125,0.7405419908773813,0.027828216552734375,185.34461960246745,18.245795806392042,3.7979633064380054,237.04135131835938,0.0,0.0,True,too_empty,,False,
positive,/mnt/MammoDiffusion/MammoDiffusion/experiments/diffusers/04_sd21_lora/generated_images/final/positive/gen_1199.png,gen_1199.png,54.0,49.0,0.0,0.5972900390625,0.9944308195381156,0.6190071105957031,113.89964195256026,54.1316181901682,6.398042701860412,937.2406616210938,0.0,0.0,False,,-8.245243812990608,True,145.0
positive,/mnt/MammoDiffusion/MammoDiffusion/experiments/diffusers/04_sd21_lora/generated_images/final/positive/gen_1200.png,gen_1200.png,118.8956,105.0,1.0,0.135772705078125,0.45218026522814114,0.059604644775390625,170.312064,24.568262292231903,5.794288557904826,378.7478942871094,0.0,0.0,True,too_empty,,False,
positive,/mnt/MammoDiffusion/MammoDiffusion/experiments/diffusers/04_sd21_lora/generated_images/final/positive/gen_1201.png,gen_1201.png,69.5824,29.0,4.0,0.2634468078613281,0.9531428736913743,0.2783088684082031,138.82460901626985,65.83126887497598,6.572062510755107,2148.676025390625,0.0,0.0,False,,-33.79947963208608,True,1191.0
positive,/mnt/MammoDiffusion/MammoDiffusion/experiments/diffusers/04_sd21_lora/generated_images/final/positive/gen_1202.png,gen_1202.png,100.6868,69.0,3.0,0.20264816284179688,0.9135779229335692,0.19521331787109375,158.09217571422988,44.72702740230924,6.013502945670356,1086.720947265625,0.0,0.0,False,,-53.56782783145279,False,
positive,/mnt/MammoDiffusion/MammoDiffusion/experiments/diffusers/04_sd21_lora/generated_images/final/positive/gen_1203.png,gen_1203.png,154.5824,114.0,4.0,0.11376953125,0.8552843347639485,0.09395980834960938,192.03970606146726,16.86597680602962,5.533281553054694,1025.87548828125,0.0,0.0,True,too_empty,,False,
positive,/mnt/MammoDiffusion/MammoDiffusion/experiments/diffusers/04_sd21_lora/generated_images/final/positive/gen_1204.png,gen_1204.png,78.8956,65.0,1.0,0.41361236572265625,0.9872355339125302,0.441497802734375,133.12395451717703,49.20063227916695,6.1080190618885695,910.6411743164062,0.0,0.0,False,,-10.964036415637029,True,411.0
positive,/mnt/MammoDiffusion/MammoDiffusion/experiments/diffusers/04_sd21_lora/generated_images/final/positive/gen_1205.png,gen_1205.png,109.7912,87.0,2.0,0.2744026184082031,0.9853196724729957,0.29117584228515625,159.342486571466,41.63211592421307,5.766955581838436,843.8153686523438,0.0,0.0,False,,-12.398317227819525,True,492.0
positive,/mnt/MammoDiffusion/MammoDiffusion/experiments/diffusers/04_sd21_lora/generated_images/final/positive/gen_1206.png,gen_1206.png,58.5824,18.0,4.0,0.6214179992675781,0.995966875587013,0.6145401000976562,143.54741834163056,31.799361563427478,7.085183665928298,928.5291748046875,0.0,0.0,False,,-8.562533438494755,True,180.0
positive,/mnt/MammoDiffusion/MammoDiffusion/experiments/diffusers/04_sd21_lora/generated_images/final/positive/gen_1207.png,gen_1207.png,89.0,84.0,0.0,0.317138671875,0.981259622786759,0.35646820068359375,136.2957429959549,49.72288087882948,5.014014516563006,655.8541259765625,0.0,0.0,False,,-13.569102348917234,True,550.0
positive,/mnt/MammoDiffusion/MammoDiffusion/experiments/diffusers/04_sd21_lora/generated_images/final/positive/gen_1208.png,gen_1208.png,105.8956,92.0,1.0,0.2590370178222656,0.9279876297768942,0.25608062744140625,142.50440935498287,34.73040498984558,4.828750393863006,305.8669738769531,0.0,0.0,False,,-43.99522957729604,False,
positive,/mnt/MammoDiffusion/MammoDiffusion/experiments/diffusers/04_sd21_lora/generated_images/final/positive/gen_1209.png,gen_1209.png,26.7912,4.0,2.0,0.8276100158691406,0.9999262513078869,0.8232612609863281,127.90255916001352,39.8544842125987,7.256705548111335,716.5573120117188,0.0,0.0,False,,-8.53571843439353,True,177.0
positive,/mnt/MammoDiffusion/MammoDiffusion/experiments/diffusers/04_sd21_lora/generated_images/final/positive/gen_1210.png,gen_1210.png,69.6868,38.0,3.0,0.3626670837402344,0.9147058514163099,0.3826255798339844,136.23963390925496,57.38574558625344,6.483808333519504,1379.0928955078125,0.0,0.0,False,,-52.72750633943296,False,
positive,/mnt/MammoDiffusion/MammoDiffusion/experiments/diffusers/04_sd21_lora/generated_images/final/positive/gen_1211.png,gen_1211.png,159.5824,119.0,4.0,0.051513671875,0.707864336492891,0.03668975830078125,174.14722395508423,10.440443593683973,5.216830929736763,858.3063354492188,0.0,0.0,True,too_empty,,False,
positive,/mnt/MammoDiffusion/MammoDiffusion/experiments/diffusers/04_sd21_lora/generated_images/final/positive/gen_1212.png,gen_1212.png,159.7912,137.0,2.0,0.05786895751953125,0.5794990112063283,0.032958984375,187.99594907407408,16.99514111600613,6.491981765345773,582.2759399414062,0.0,0.0,True,too_empty,,False,
positive,/mnt/MammoDiffusion/MammoDiffusion/experiments/diffusers/04_sd21_lora/generated_images/final/positive/gen_1213.png,gen_1213.png,99.5824,59.0,4.0,0.18358230590820312,0.8951272727272728,0.1818084716796875,165.7845992446496,55.74760479638473,6.1984384121638225,1483.07470703125,0.0,0.0,False,,-65.58627425752624,False,
positive,/mnt/MammoDiffusion/MammoDiffusion/experiments/diffusers/04_sd21_lora/generated_images/final/positive/gen_1214.png,gen_1214.png,124.6868,93.0,3.0,0.20984649658203125,0.9540992546809671,0.23283004760742188,163.75238797411322,40.785612523278814,5.86502933565038,782.0361328125,0.0,0.0,False,,-30.37412422573259,True,1090.0
positive,/mnt/MammoDiffusion/MammoDiffusion/experiments/diffusers/04_sd21_lora/generated_images/final/positive/gen_1215.png,gen_1215.png,108.8956,95.0,1.0,0.3030433654785156,0.9512846011505394,0.3521003723144531,140.72917953218274,39.88648958814723,5.853143563721055,582.0733642578125,0.0,0.0,False,,-30.66328225891686,True,1096.0
positive,/mnt/MammoDiffusion/MammoDiffusion/experiments/diffusers/04_sd21_lora/generated_images/final/positive/gen_1216.png,gen_1216.png,85.7912,63.0,2.0,0.3907623291015625,0.999384981842321,0.3867149353027344,160.28365967940815,33.952060651940336,5.9621676390495395,371.1666259765625,0.0,0.0,False,,-6.061395723891524,True,13.0
positive,/mnt/MammoDiffusion/MammoDiffusion/experiments/diffusers/04_sd21_lora/generated_images/final/positive/gen_1217.png,gen_1217.png,52.6868,21.0,3.0,0.3941612243652344,0.9584619702497895,0.4061317443847656,138.74690273798902,57.86295207923538,6.620536804943114,1612.4556884765625,0.0,0.0,False,,-28.854522505675753,True,1061.0
positive,/mnt/MammoDiffusion/MammoDiffusion/experiments/diffusers/04_sd21_lora/generated_images/final/positive/gen_1218.png,gen_1218.png,129.0,124.0,0.0,0.15683746337890625,0.9143600719949408,0.152618408203125,161.68113877224556,29.178661780867778,3.2069953218964375,139.19168090820312,0.0,0.0,False,,-53.103589552875995,False,
positive,/mnt/MammoDiffusion/MammoDiffusion/experiments/diffusers/04_sd21_lora/generated_images/final/positive/gen_1219.png,gen_1219.png,54.5824,14.0,4.0,0.5128707885742188,0.9949273314193059,0.5232887268066406,128.14751015111864,49.68401139942154,7.244300517331906,2067.1806640625,0.0,0.0,False,,-9.670960997151395,True,303.0
positive,/mnt/MammoDiffusion/MammoDiffusion/experiments/diffusers/04_sd21_lora/generated_images/final/positive/gen_1220.png,gen_1220.png,220.0,197.0,51.0,0.16268539428710938,0.42211644429854384,0.06862258911132812,239.85541164044693,44.01877320594585,7.123393921110227,1552.8653564453125,0.0,0.0,True,too_empty,,False,
positive,/mnt/MammoDiffusion/MammoDiffusion/experiments/diffusers/04_sd21_lora/generated_images/final/positive/gen_1221.png,gen_1221.png,106.7912,84.0,2.0,0.22436904907226562,0.9398813268272779,0.23955917358398438,148.4026019522604,43.51908797214953,5.806933343515137,700.1980590820312,0.0,0.0,False,,-37.990630188131945,True,1293.0
positive,/mnt/MammoDiffusion/MammoDiffusion/experiments/diffusers/04_sd21_lora/generated_images/final/positive/gen_1222.png,gen_1222.png,141.5824,101.0,4.0,0.17345809936523438,0.9059180576631259,0.16672134399414062,176.12742249170574,26.911045243879858,6.131904031562616,1489.1573486328125,0.0,0.0,False,,-59.813714046461925,False,
positive,/mnt/MammoDiffusion/MammoDiffusion/experiments/diffusers/04_sd21_lora/generated_images/final/positive/gen_1223.png,gen_1223.png,79.5824,39.0,4.0,0.4186553955078125,0.9326730327659729,0.3901824951171875,135.3784658402096,47.271229960435214,6.9513577499377925,804.890869140625,0.0,0.0,False,,-41.84293851453669,False,
positive,/mnt/MammoDiffusion/MammoDiffusion/experiments/diffusers/04_sd21_lora/generated_images/final/positive/gen_1224.png,gen_1224.png,76.5824,36.0,4.0,0.2984275817871094,0.9491378098196367,0.3576850891113281,127.73228816722657,58.67973753393862,6.676628866909001,2018.6517333984375,0.0,0.0,False,,-34.586997161829316,True,1215.0
positive,/mnt/MammoDiffusion/MammoDiffusion/experiments/diffusers/04_sd21_lora/generated_images/final/positive/gen_1225.png,gen_1225.png,220.0,225.0,29.0,0.19786453247070312,0.9350093504790915,0.17565155029296875,253.49470095122268,4.673996706460919,7.030452499312156,1308.4930419921875,0.0,0.0,True,low_contrast,,False,
positive,/mnt/MammoDiffusion/MammoDiffusion/experiments/diffusers/04_sd21_lora/generated_images/final/positive/gen_1226.png,gen_1226.png,220.0,204.0,11.0,0.052875518798828125,0.10309501478969771,0.0036773681640625,231.77385892116183,8.862404933668543,6.840950646582279,1346.439453125,0.0,0.0,True,too_empty,,False,
positive,/mnt/MammoDiffusion/MammoDiffusion/experiments/diffusers/04_sd21_lora/generated_images/final/positive/gen_1227.png,gen_1227.png,117.7912,95.0,2.0,0.2105560302734375,0.8820204362634974,0.22005081176757812,159.3164947560024,50.053195375094084,5.9592894265167295,1050.4613037109375,0.0,0.0,False,,-71.23760064072347,False,
positive,/mnt/MammoDiffusion/MammoDiffusion/experiments/diffusers/04_sd21_lora/generated_images/final/positive/gen_1228.png,gen_1228.png,85.47800000000001,36.0,5.0,0.4662437438964844,0.9909346031434345,0.4944610595703125,140.4372859126678,45.96577901645193,7.233608911048013,1668.2354736328125,0.0,0.0,False,,-11.304517244832333,True,435.0
positive,/mnt/MammoDiffusion/MammoDiffusion/experiments/diffusers/04_sd21_lora/generated_images/final/positive/gen_1229.png,gen_1229.png,102.5824,62.0,4.0,0.17975616455078125,0.949768685539663,0.21625518798828125,146.85762921150115,53.246172076566246,6.113477560179946,1748.2464599609375,0.0,0.0,False,,-34.50312691856805,True,1212.0
positive,/mnt/MammoDiffusion/MammoDiffusion/experiments/diffusers/04_sd21_lora/generated_images/final/positive/gen_1230.png,gen_1230.png,61.8956,48.0,1.0,0.2631874084472656,0.9676343976925196,0.26833343505859375,136.64049927497086,59.16268089458667,5.127684632836225,1041.6661376953125,0.0,0.0,False,,-22.496286376464937,True,891.0
positive,/mnt/MammoDiffusion/MammoDiffusion/experiments/diffusers/04_sd21_lora/generated_images/final/positive/gen_1231.png,gen_1231.png,108.6868,77.0,3.0,0.25728607177734375,0.9513685022091748,0.3002586364746094,151.11185221887666,45.19662326317617,6.264246062932217,1066.5478515625,0.0,0.0,False,,-31.91892434609471,True,1138.0
positive,/mnt/MammoDiffusion/MammoDiffusion/experiments/diffusers/04_sd21_lora/generated_images/final/positive/gen_1232.png,gen_1232.png,97.47800000000001,48.0,5.0,0.249847412109375,0.9661353365090998,0.29302978515625,143.608896584045,52.12250730797705,6.654149741230749,1994.5289306640625,0.0,0.0,False,,-25.555553296320934,True,983.0
positive,/mnt/MammoDiffusion/MammoDiffusion/experiments/diffusers/04_sd21_lora/generated_images/final/positive/gen_1233.png,gen_1233.png,56.5824,16.0,4.0,0.3757820129394531,0.9270726532601082,0.39907073974609375,123.75774752901141,56.954147867672184,6.774096565669864,1940.1378173828125,0.0,0.0,False,,-46.31534362109093,False,
positive,/mnt/MammoDiffusion/MammoDiffusion/experiments/diffusers/04_sd21_lora/generated_images/final/positive/gen_1234.png,gen_1234.png,127.6868,96.0,3.0,0.15215301513671875,0.8270821842250413,0.136322021484375,170.8037553167674,38.83735909673009,5.952411828937856,1131.0225830078125,0.0,0.0,False,,-102.16844116559629,False,
positive,/mnt/MammoDiffusion/MammoDiffusion/experiments/diffusers/04_sd21_lora/generated_images/final/positive/gen_1235.png,gen_1235.png,115.6868,84.0,3.0,0.23987579345703125,0.9677332145924111,0.26055908203125,157.06402260482548,46.55033474244658,6.024938371322283,1003.6040649414062,0.0,0.0,False,,-23.064475441722475,True,912.0
positive,/mnt/MammoDiffusion/MammoDiffusion/experiments/diffusers/04_sd21_lora/generated_images/final/positive/gen_1236.png,gen_1236.png,72.7912,50.0,2.0,0.3014945983886719,0.9896375023723667,0.3185920715332031,133.75345139312955,52.480817858830754,5.829605910469537,1127.5897216796875,0.0,0.0,False,,-10.177902413675827,True,351.0
positive,/mnt/MammoDiffusion/MammoDiffusion/experiments/diffusers/04_sd21_lora/generated_images/final/positive/gen_1237.png,gen_1237.png,59.7912,37.0,2.0,0.5311775207519531,0.9934360300190312,0.5848312377929688,121.89302067705955,57.14672769532396,6.883533203616835,1269.1898193359375,0.0,0.0,False,,-9.911474058423282,True,324.0
positive,/mnt/MammoDiffusion/MammoDiffusion/experiments/diffusers/04_sd21_lora/generated_images/final/positive/gen_1238.png,gen_1238.png,84.7912,62.0,2.0,0.2243804931640625,0.9164059843590615,0.243133544921875,140.43779025982175,56.65087297849209,5.4716799859254355,1063.3841552734375,0.0,0.0,False,,-51.41440078374804,False,
positive,/mnt/MammoDiffusion/MammoDiffusion/experiments/diffusers/04_sd21_lora/generated_images/final/positive/gen_1239.png,gen_1239.png,220.0,238.0,11.0,0.19631576538085938,0.9235372986417426,0.1651611328125,247.09735310421286,18.47362751440213,7.284904485371336,1719.3187255859375,0.0,0.0,False,,-54.22508792259115,False,
positive,/mnt/MammoDiffusion/MammoDiffusion/experiments/diffusers/04_sd21_lora/generated_images/final/positive/gen_1240.png,gen_1240.png,67.7912,45.0,2.0,0.3849372863769531,0.9383206651537523,0.4531059265136719,120.58812584716154,60.72944385317547,6.510663917849799,1324.212890625,0.0,0.0,False,,-39.53874913167991,True,1322.0
positive,/mnt/MammoDiffusion/MammoDiffusion/experiments/diffusers/04_sd21_lora/generated_images/final/positive/gen_1241.png,gen_1241.png,81.8956,68.0,1.0,0.3791656494140625,0.9726145921365045,0.4025230407714844,130.58295662392555,46.526529755276684,5.727927842204252,478.88275146484375,0.0,0.0,False,,-18.579737100927264,True,747.0
positive,/mnt/MammoDiffusion/MammoDiffusion/experiments/diffusers/04_sd21_lora/generated_images/final/positive/gen_1242.png,gen_1242.png,49.6868,18.0,3.0,0.5468788146972656,0.9942383214402801,0.5486717224121094,125.7538430519151,49.95379304337403,7.099631149401956,1449.2847900390625,0.0,0.0,False,,-9.266997499130913,True,270.0
positive,/mnt/MammoDiffusion/MammoDiffusion/experiments/diffusers/04_sd21_lora/generated_images/final/positive/gen_1243.png,gen_1243.png,82.5824,42.0,4.0,0.4123954772949219,0.9834885807579528,0.45709991455078125,138.44572129587903,50.48628956267821,7.003903983768294,1562.73291015625,0.0,0.0,False,,-15.088956551098349,True,616.0
positive,/mnt/MammoDiffusion/MammoDiffusion/experiments/diffusers/04_sd21_lora/generated_images/final/positive/gen_1244.png,gen_1244.png,122.6868,91.0,3.0,0.15231704711914062,0.8622805479726514,0.12903976440429688,178.10036361486385,36.768508336556174,5.704902628545063,1145.5191650390625,0.0,0.0,True,too_empty,,False,
positive,/mnt/MammoDiffusion/MammoDiffusion/experiments/diffusers/04_sd21_lora/generated_images/final/positive/gen_1245.png,gen_1245.png,220.0,254.0,0.0,0.2551116943359375,0.9220796698367127,0.2192535400390625,251.75642007098614,20.271572882929416,6.740992839951122,1656.8804931640625,0.0,0.0,False,,-54.07224215625754,False,
positive,/mnt/MammoDiffusion/MammoDiffusion/experiments/diffusers/04_sd21_lora/generated_images/final/positive/gen_1246.png,gen_1246.png,120.8956,107.0,1.0,0.12665557861328125,0.38690440334919585,0.046268463134765625,178.6943688680023,27.55300249862492,5.251357892864603,490.5343933105469,0.0,0.0,True,too_empty,,False,
positive,/mnt/MammoDiffusion/MammoDiffusion/experiments/diffusers/04_sd21_lora/generated_images/final/positive/gen_1247.png,gen_1247.png,35.6868,4.0,3.0,0.7367744445800781,0.995184864943228,0.7754287719726562,99.08445743184076,54.81946951494181,7.485217629751358,2282.641845703125,0.0,0.0,False,,-11.205558670771893,True,427.0
positive,/mnt/MammoDiffusion/MammoDiffusion/experiments/diffusers/04_sd21_lora/generated_images/final/positive/gen_1248.png,gen_1248.png,110.6868,79.0,3.0,0.24652099609375,0.733520054468928,0.19744110107421875,168.2899648363538,44.39484214974389,6.243126756245511,1205.0185546875,0.0,0.0,True,fragmented_mask,,False,
positive,/mnt/MammoDiffusion/MammoDiffusion/experiments/diffusers/04_sd21_lora/generated_images/final/positive/gen_1249.png,gen_1249.png,137.0,125.0,4.0,0.045742034912109375,0.5979484613460095,0.024784088134765625,193.43712482684316,24.98145399667869,4.743938017685828,667.4406127929688,0.0,0.0,True,too_empty,,False,
positive,/mnt/MammoDiffusion/MammoDiffusion/experiments/diffusers/04_sd21_lora/generated_images/final/positive/gen_1250.png,gen_1250.png,160.5824,120.0,4.0,0.10436248779296875,0.41344396520213467,0.041351318359375,202.17490774907748,17.492055062374543,5.921095305657637,1054.7216796875,0.0,0.0,True,too_empty,,False,
positive,/mnt/MammoDiffusion/MammoDiffusion/experiments/diffusers/04_sd21_lora/generated_images/final/positive/gen_1251.png,gen_1251.png,85.8956,72.0,1.0,0.3841819763183594,0.9625760840424581,0.42449188232421875,130.30860547457718,49.66655716606177,5.842596772954788,680.0146484375,0.0,0.0,False,,-24.379555621917,True,948.0
positive,/mnt/MammoDiffusion/MammoDiffusion/experiments/diffusers/04_sd21_lora/generated_images/final/positive/gen_1252.png,gen_1252.png,148.478,99.0,5.0,0.12359237670898438,0.8818173400413593,0.10810089111328125,190.19366222034017,23.04030319633148,5.821153687725248,1451.7408447265625,0.0,0.0,True,too_empty,,False,
positive,/mnt/MammoDiffusion/MammoDiffusion/experiments/diffusers/04_sd21_lora/generated_images/final/positive/gen_1253.png,gen_1253.png,148.3736,90.0,6.0,0.09874343872070312,0.4523855514776898,0.042240142822265625,190.48667931003342,19.6880950320948,6.2177191146910245,1861.5960693359375,0.0,0.0,True,too_empty,,False,
positive,/mnt/MammoDiffusion/MammoDiffusion/experiments/diffusers/04_sd21_lora/generated_images/final/positive/gen_1254.png,gen_1254.png,94.7912,72.0,2.0,0.23284912109375,0.9840760157273919,0.2604255676269531,156.10883417070707,52.95127962354353,5.887032918310398,1192.7069091796875,0.0,0.0,False,,-14.511096125439074,True,592.0
positive,/mnt/MammoDiffusion/MammoDiffusion/experiments/diffusers/04_sd21_lora/generated_images/final/positive/gen_1255.png,gen_1255.png,115.5824,75.0,4.0,0.22447586059570312,0.9262469198742459,0.2520904541015625,162.69263361781975,49.120816575034674,6.451664858831421,1696.4541015625,0.0,0.0,False,,-47.78355614903961,False,
positive,/mnt/MammoDiffusion/MammoDiffusion/experiments/diffusers/04_sd21_lora/generated_images/final/positive/gen_1256.png,gen_1256.png,104.8956,91.0,1.0,0.2561378479003906,0.754709956065232,0.20441055297851562,153.74285714285713,35.472995517753304,5.4938505656500425,415.8666076660156,0.0,0.0,False,,-141.3643591006218,False,
positive,/mnt/MammoDiffusion/MammoDiffusion/experiments/diffusers/04_sd21_lora/generated_images/final/positive/gen_1257.png,gen_1257.png,84.5824,44.0,4.0,0.43233489990234375,0.980632466867842,0.4803810119628906,143.3698592063782,52.8684721504043,7.101624818911681,1821.2772216796875,0.0,0.0,False,,-17.56514500689345,True,710.0
positive,/mnt/MammoDiffusion/MammoDiffusion/experiments/diffusers/04_sd21_lora/generated_images/final/positive/gen_1258.png,gen_1258.png,112.7912,90.0,2.0,0.13895034790039062,0.48889498970487305,0.06641006469726562,179.46269171118388,29.14328853246779,5.241706466208717,702.154296875,0.0,0.0,True,too_empty,,False,
positive,/mnt/MammoDiffusion/MammoDiffusion/experiments/diffusers/04_sd21_lora/generated_images/final/positive/gen_1259.png,gen_1259.png,31.8956,18.0,1.0,0.6283645629882812,0.9979419871055475,0.628631591796875,117.34350575270645,54.3941538054744,6.763293370996497,1260.063232421875,0.0,0.0,False,,-7.241876470859587,True,51.0
positive,/mnt/MammoDiffusion/MammoDiffusion/experiments/diffusers/04_sd21_lora/generated_images/final/positive/gen_1260.png,gen_1260.png,72.7912,50.0,2.0,0.3288078308105469,0.9539532455478856,0.3898353576660156,122.39566310804067,59.26866086090295,6.161625033494083,1255.2880859375,0.0,0.0,False,,-30.127374477824446,True,1085.0
positive,/mnt/MammoDiffusion/MammoDiffusion/experiments/diffusers/04_sd21_lora/generated_images/final/positive/gen_1261.png,gen_1261.png,35.8956,22.0,1.0,0.5255088806152344,0.9923634753446235,0.5568389892578125,100.7609952593648,59.78420255826988,6.412073307794988,1305.9263916015625,0.0,0.0,False,,-9.439536690403752,True,286.0
positive,/mnt/MammoDiffusion/MammoDiffusion/experiments/diffusers/04_sd21_lora/generated_images/final/positive/gen_1262.png,gen_1262.png,88.8956,75.0,1.0,0.4788932800292969,0.9543329164642064,0.5441360473632812,119.74684174366597,38.29315812975631,6.487160579094333,425.73077392578125,0.0,0.0,False,,-29.873695127524666,True,1081.0
positive,/mnt/MammoDiffusion/MammoDiffusion/experiments/diffusers/04_sd21_lora/generated_images/final/positive/gen_1263.png,gen_1263.png,131.8956,118.0,1.0,0.17847061157226562,0.9414983434861601,0.20009231567382812,162.2572779440642,36.09988458298114,4.69914776564706,315.1498718261719,0.0,0.0,False,,-37.23881717640256,True,1276.0
positive,/mnt/MammoDiffusion/MammoDiffusion/experiments/diffusers/04_sd21_lora/generated_images/final/positive/gen_1264.png,gen_1264.png,119.47800000000001,70.0,5.0,0.25620269775390625,0.8044876567106399,0.21918869018554688,169.70020362345323,39.234822583371496,6.973581399172734,734.6036987304688,0.0,0.0,False,,-114.91368315115194,False,
positive,/mnt/MammoDiffusion/MammoDiffusion/experiments/diffusers/04_sd21_lora/generated_images/final/positive/gen_1265.png,gen_1265.png,42.7912,20.0,2.0,0.4568290710449219,0.992843722600309,0.45243072509765625,130.23963339572688,50.00362125630031,6.411778617934835,1217.99072265625,0.0,0.0,False,,-8.570319820533506,True,183.0
positive,/mnt/MammoDiffusion/MammoDiffusion/experiments/diffusers/04_sd21_lora/generated_images/final/positive/gen_1266.png,gen_1266.png,119.0,113.0,1.0,0.039520263671875,0.7403474903474904,0.02640533447265625,185.97861889627276,24.14326531915502,3.749819516501514,184.46682739257812,0.0,0.0,True,too_empty,,False,
positive,/mnt/MammoDiffusion/MammoDiffusion/experiments/diffusers/04_sd21_lora/generated_images/final/positive/gen_1267.png,gen_1267.png,67.6868,36.0,3.0,0.432220458984375,0.9981730565558145,0.430938720703125,143.53335457828766,40.221825159689864,6.489185841290653,722.9230346679688,0.0,0.0,False,,-4.995314998665898,True,3.0
positive,/mnt/MammoDiffusion/MammoDiffusion/experiments/diffusers/04_sd21_lora/generated_images/final/positive/gen_1268.png,gen_1268.png,90.8956,77.0,1.0,0.25803375244140625,0.9764199757547086,0.2851219177246094,139.9686124453126,47.72444199951595,5.26673591974794,650.372802734375,0.0,0.0,False,,-16.964204326467144,True,691.0
positive,/mnt/MammoDiffusion/MammoDiffusion/experiments/diffusers/04_sd21_lora/generated_images/final/positive/gen_1269.png,gen_1269.png,129.8956,116.0,1.0,0.10669326782226562,0.9239515177517966,0.09583282470703125,163.7288830507125,13.789803571030351,3.860326750536056,149.62013244628906,0.0,0.0,True,too_empty,,False,
positive,/mnt/MammoDiffusion/MammoDiffusion/experiments/diffusers/04_sd21_lora/generated_images/final/positive/gen_1270.png,gen_1270.png,93.6868,62.0,3.0,0.2572135925292969,0.8941966867871921,0.2528839111328125,159.10031376335002,52.355956828548535,6.294519454340095,1489.51904296875,0.0,0.0,False,,-65.28259798501016,False,
positive,/mnt/MammoDiffusion/MammoDiffusion/experiments/diffusers/04_sd21_lora/generated_images/final/positive/gen_1271.png,gen_1271.png,155.5824,115.0,4.0,0.083740234375,0.9858327259475219,0.08042526245117188,192.06882322250155,18.561868327775635,5.247396250855912,979.9537963867188,0.0,0.0,True,too_empty,,False,
positive,/mnt/MammoDiffusion/MammoDiffusion/experiments/diffusers/04_sd21_lora/generated_images/final/positive/gen_1272.png,gen_1272.png,101.7912,79.0,2.0,0.22273635864257812,0.8642210005309219,0.2586174011230469,141.80594439117928,50.33112789663959,5.744090289156311,984.940185546875,0.0,0.0,False,,-80.0523056280231,False,
positive,/mnt/MammoDiffusion/MammoDiffusion/experiments/diffusers/04_sd21_lora/generated_images/final/positive/gen_1273.png,gen_1273.png,104.7912,82.0,2.0,0.11859893798828125,0.9967835316822129,0.11496734619140625,156.2430486429093,29.0650622604931,4.824258723773278,490.42071533203125,0.0,0.0,True,too_empty,,False,
positive,/mnt/MammoDiffusion/MammoDiffusion/experiments/diffusers/04_sd21_lora/generated_images/final/positive/gen_1274.png,gen_1274.png,74.7912,52.0,2.0,0.32721710205078125,0.981149012567325,0.3600921630859375,130.4645853637866,55.46120823199209,5.953189283921976,1115.239990234375,0.0,0.0,False,,-14.827694180894916,True,605.0
positive,/mnt/MammoDiffusion/MammoDiffusion/experiments/diffusers/04_sd21_lora/generated_images/final/positive/gen_1275.png,gen_1275.png,122.6868,91.0,3.0,0.05745697021484375,0.9818749170096933,0.052402496337890625,159.81502511465385,17.251706754740013,4.927932163488602,782.8035888671875,0.0,0.0,True,too_empty,,False,
positive,/mnt/MammoDiffusion/MammoDiffusion/experiments/diffusers/04_sd21_lora/generated_images/final/positive/gen_1276.png,gen_1276.png,220.0,198.0,16.0,0.13373947143554688,0.026868992270173135,0.00164794921875,230.58796296296296,5.405042528913996,7.1257788427542526,2759.651611328125,0.0,0.0,True,too_empty,,False,
positive,/mnt/MammoDiffusion/MammoDiffusion/experiments/diffusers/04_sd21_lora/generated_images/final/positive/gen_1277.png,gen_1277.png,113.47800000000001,64.0,5.0,0.2754173278808594,0.8905802019418552,0.2745513916015625,166.0497276718724,41.70118915197771,6.814796982512157,1575.6632080078125,0.0,0.0,False,,-67.2232206284123,False,
positive,/mnt/MammoDiffusion/MammoDiffusion/experiments/diffusers/04_sd21_lora/generated_images/final/positive/gen_1278.png,gen_1278.png,113.6868,82.0,3.0,0.256561279296875,0.9942904722255264,0.2633552551269531,164.7771484855947,36.48820318346764,5.925688887180845,684.0254516601562,0.0,0.0,False,,-8.303908761918867,True,153.0
positive,/mnt/MammoDiffusion/MammoDiffusion/experiments/diffusers/04_sd21_lora/generated_images/final/positive/gen_1279.png,gen_1279.png,84.5824,44.0,4.0,0.19518661499023438,0.9563585904977818,0.22006988525390625,144.44276304385508,57.25738925012366,6.245061367250028,2089.02734375,0.0,0.0,False,,-31.577291768055694,True,1126.0
positive,/mnt/MammoDiffusion/MammoDiffusion/experiments/diffusers/04_sd21_lora/generated_images/final/positive/gen_1280.png,gen_1280.png,108.6868,77.0,3.0,0.2765922546386719,0.9079399230419132,0.2631568908691406,159.57476262955714,45.55579452444041,6.397318816809031,1058.380615234375,0.0,0.0,False,,-56.687186543301,False,
positive,/mnt/MammoDiffusion/MammoDiffusion/experiments/diffusers/04_sd21_lora/generated_images/final/positive/gen_1281.png,gen_1281.png,91.6868,60.0,3.0,0.24866485595703125,0.9707759334826497,0.31804656982421875,128.44273994290785,52.945885576574305,6.246467270123461,1427.269775390625,0.0,0.0,False,,-21.304622310316557,True,857.0
positive,/mnt/MammoDiffusion/MammoDiffusion/experiments/diffusers/04_sd21_lora/generated_images/final/positive/gen_1282.png,gen_1282.png,98.5824,58.0,4.0,0.2629241943359375,0.9512216354245255,0.27010345458984375,161.73520605598395,47.61619753679948,6.524166239966916,1542.65771484375,0.0,0.0,False,,-33.541754076381324,True,1186.0
positive,/mnt/MammoDiffusion/MammoDiffusion/experiments/diffusers/04_sd21_lora/generated_images/final/positive/gen_1283.png,gen_1283.png,53.6868,22.0,3.0,0.4357643127441406,0.9823255976819308,0.4459381103515625,129.4450384944397,53.300067637851505,6.869537357294401,1715.7454833984375,0.0,0.0,False,,-15.639174297118199,True,639.0
positive,/mnt/MammoDiffusion/MammoDiffusion/experiments/diffusers/04_sd21_lora/generated_images/final/positive/gen_1284.png,gen_1284.png,72.5824,32.0,4.0,0.41379547119140625,0.9827055331231447,0.43862152099609375,138.8296950827086,52.894393209250545,6.9000776369054435,1896.437255859375,0.0,0.0,False,,-15.88962052487485,True,648.0
positive,/mnt/MammoDiffusion/MammoDiffusion/experiments/diffusers/04_sd21_lora/generated_images/final/positive/gen_1285.png,gen_1285.png,86.7912,64.0,2.0,0.4925079345703125,0.9913250921708957,0.4984130859375,143.1010133480284,40.976594211314996,6.475143380826902,601.0277709960938,0.0,0.0,False,,-9.413323842702898,True,284.0
positive,/mnt/MammoDiffusion/MammoDiffusion/experiments/diffusers/04_sd21_lora/generated_images/final/positive/gen_1286.png,gen_1286.png,10.0,3.0,0.0,0.7060890197753906,0.9938356645434556,0.7026634216308594,122.17552212552728,55.45603180394234,6.61677791056431,1170.3204345703125,0.0,0.0,False,,-9.988768832866043,True,334.0
positive,/mnt/MammoDiffusion/MammoDiffusion/experiments/diffusers/04_sd21_lora/generated_images/final/positive/gen_1287.png,gen_1287.png,115.47800000000001,66.0,5.0,0.3188514709472656,0.955865286833762,0.3448944091796875,165.0914480378711,48.14669539201444,7.030557802166285,1946.658447265625,0.0,0.0,False,,-31.595671719394932,True,1129.0
positive,/mnt/MammoDiffusion/MammoDiffusion/experiments/diffusers/04_sd21_lora/generated_images/final/positive/gen_1288.png,gen_1288.png,105.7912,83.0,2.0,0.23160934448242188,0.9883389607181092,0.2635917663574219,146.6731501179467,44.606450642720155,5.355766770165119,537.5631103515625,0.0,0.0,False,,-10.70289084333845,True,389.0
positive,/mnt/MammoDiffusion/MammoDiffusion/experiments/diffusers/04_sd21_lora/generated_images/final/positive/gen_1289.png,gen_1289.png,128.7912,106.0,2.0,0.06420135498046875,0.9614973262032086,0.05646514892578125,169.9882448317795,23.19744818124149,4.395981838557875,418.81268310546875,0.0,0.0,True,too_empty,,False,
positive,/mnt/MammoDiffusion/MammoDiffusion/experiments/diffusers/04_sd21_lora/generated_images/final/positive/gen_1290.png,gen_1290.png,74.8956,61.0,1.0,0.4249992370605469,0.9812496073098707,0.4649200439453125,125.14399881847123,49.67339213454838,5.873979826299463,830.1265869140625,0.0,0.0,False,,-13.972675667431751,True,563.0
positive,/mnt/MammoDiffusion/MammoDiffusion/experiments/diffusers/04_sd21_lora/generated_images/final/positive/gen_1291.png,gen_1291.png,155.6868,124.0,3.0,0.15775299072265625,0.5437926198191227,0.08430862426757812,185.90588661146555,19.55813439401232,5.885252275598955,591.9320068359375,0.0,0.0,True,too_empty,,False,
positive,/mnt/MammoDiffusion/MammoDiffusion/experiments/diffusers/04_sd21_lora/generated_images/final/positive/gen_1292.png,gen_1292.png,104.5824,64.0,4.0,0.14931488037109375,0.8871544632364212,0.1272430419921875,176.1140724307471,42.33075644766883,6.052867698925498,1740.009033203125,0.0,0.0,True,too_empty,,False,
positive,/mnt/MammoDiffusion/MammoDiffusion/experiments/diffusers/04_sd21_lora/generated_images/final/positive/gen_1293.png,gen_1293.png,111.7912,89.0,2.0,0.2971458435058594,0.9613068874767315,0.3382911682128906,139.02426675387062,34.25653542797067,6.062355202118826,735.6485595703125,0.0,0.0,False,,-25.55408977664094,True,982.0
positive,/mnt/MammoDiffusion/MammoDiffusion/experiments/diffusers/04_sd21_lora/generated_images/final/positive/gen_1294.png,gen_1294.png,133.0,128.0,0.0,0.18265533447265625,0.44214945073305206,0.09051513671875,167.64708361429535,27.955091350686743,5.146859486345871,249.9636688232422,0.0,0.0,True,too_empty,,False,
positive,/mnt/MammoDiffusion/MammoDiffusion/experiments/diffusers/04_sd21_lora/generated_images/final/positive/gen_1295.png,gen_1295.png,127.7912,105.0,2.0,0.05086517333984375,0.9822258887055647,0.0460052490234375,177.41641791044776,15.714826868922541,4.230526264512421,343.3271789550781,0.0,0.0,True,too_empty,,False,
positive,/mnt/MammoDiffusion/MammoDiffusion/experiments/diffusers/04_sd21_lora/generated_images/final/positive/gen_1296.png,gen_1296.png,56.6868,25.0,3.0,0.397003173828125,0.9647647782304558,0.4345664978027344,121.30309254821408,60.9188573418991,6.652516760000222,1524.2666015625,0.0,0.0,False,,-25.15241492508645,True,969.0
positive,/mnt/MammoDiffusion/MammoDiffusion/experiments/diffusers/04_sd21_lora/generated_images/final/positive/gen_1297.png,gen_1297.png,112.6868,81.0,3.0,0.16053390502929688,0.9261697122353444,0.17253494262695312,156.02701806363174,46.45721389512499,5.580000226358686,1072.5159912109375,0.0,0.0,False,,-46.34378233220977,False,
positive,/mnt/MammoDiffusion/MammoDiffusion/experiments/diffusers/04_sd21_lora/generated_images/final/positive/gen_1298.png,gen_1298.png,124.5824,84.0,4.0,0.16187286376953125,0.8858462553612669,0.162445068359375,167.80412831110277,39.423826547160324,5.917185580993772,1047.9088134765625,0.0,0.0,False,,-69.09424820011156,False,
positive,/mnt/MammoDiffusion/MammoDiffusion/experiments/diffusers/04_sd21_lora/generated_images/final/positive/gen_1299.png,gen_1299.png,91.2692,24.0,7.0,0.3001441955566406,0.8851565180920425,0.26889801025390625,144.38782806071782,53.276320664483244,7.291942630837676,3262.66259765625,0.0,0.0,False,,-72.97623762247605,False,
positive,/mnt/MammoDiffusion/MammoDiffusion/experiments/diffusers/04_sd21_lora/generated_images/final/positive/gen_1300.png,gen_1300.png,219.0,204.0,12.0,0.047817230224609375,0.12915835660151576,0.002803802490234375,222.5061224489796,2.4505233229730377,7.001445797451938,1536.2852783203125,0.0,0.0,True,too_empty,,False,
positive,/mnt/MammoDiffusion/MammoDiffusion/experiments/diffusers/04_sd21_lora/generated_images/final/positive/gen_1301.png,gen_1301.png,48.6868,17.0,3.0,0.5227012634277344,0.9956357691774373,0.5468101501464844,118.92904432026677,55.12712519620792,7.144015698771323,1673.7681884765625,0.0,0.0,False,,-8.955528282470802,True,242.0
positive,/mnt/MammoDiffusion/MammoDiffusion/experiments/diffusers/04_sd21_lora/generated_images/final/positive/gen_1302.png,gen_1302.png,141.6868,110.0,3.0,0.11675262451171875,0.904691890478991,0.11637115478515625,176.38294106077493,24.003664629394926,5.383016356301015,887.9043579101562,0.0,0.0,True,too_empty,,False,
positive,/mnt/MammoDiffusion/MammoDiffusion/experiments/diffusers/04_sd21_lora/generated_images/final/positive/gen_1303.png,gen_1303.png,130.5824,90.0,4.0,0.10754776000976562,0.984854396481396,0.1026611328125,180.935790725327,23.345918713337444,5.353651136625125,1025.25927734375,0.0,0.0,True,too_empty,,False,
positive,/mnt/MammoDiffusion/MammoDiffusion/experiments/diffusers/04_sd21_lora/generated_images/final/positive/gen_1304.png,gen_1304.png,179.478,130.0,5.0,0.06978225708007812,0.6677417591428415,0.04412841796875,206.24394882434302,17.70828816140452,5.934091261725122,1433.68212890625,0.0,0.0,True,too_empty,,False,
positive,/mnt/MammoDiffusion/MammoDiffusion/experiments/diffusers/04_sd21_lora/generated_images/final/positive/gen_1305.png,gen_1305.png,97.47800000000001,48.0,5.0,0.2082977294921875,0.8977364295655996,0.19182968139648438,166.44987770199057,49.436174200684775,6.535173541450204,1940.1612548828125,0.0,0.0,False,,-64.53945392785762,False,
positive,/mnt/MammoDiffusion/MammoDiffusion/experiments/diffusers/04_sd21_lora/generated_images/final/positive/gen_1306.png,gen_1306.png,194.0,184.0,5.0,0.048137664794921875,0.6036928441239401,0.02802276611328125,205.3777566022325,12.701148923147986,7.283435493102889,969.9111938476562,0.0,0.0,True,too_empty,,False,
positive,/mnt/MammoDiffusion/MammoDiffusion/experiments/diffusers/04_sd21_lora/generated_images/final/positive/gen_1307.png,gen_1307.png,75.6868,44.0,3.0,0.5462760925292969,0.9919764250748937,0.5919914245605469,131.84812516512338,51.25599265694408,7.244212000926346,900.3170166015625,0.0,0.0,False,,-10.559436817896932,True,380.0
positive,/mnt/MammoDiffusion/MammoDiffusion/experiments/diffusers/04_sd21_lora/generated_images/final/positive/gen_1308.png,gen_1308.png,55.5824,15.0,4.0,0.4385261535644531,0.9906921718555634,0.4685020446777344,123.2786711720881,55.7630239791016,7.041294645869517,2119.843505859375,0.0,0.0,False,,-11.798367148797428,True,461.0
positive,/mnt/MammoDiffusion/MammoDiffusion/experiments/diffusers/04_sd21_lora/generated_images/final/positive/gen_1309.png,gen_1309.png,76.6868,45.0,3.0,0.4362831115722656,0.9931799700967919,0.4758033752441406,140.4782688869469,54.320202268644714,6.871265400889278,1441.54443359375,0.0,0.0,False,,-9.886929048581505,True,321.0
positive,/mnt/MammoDiffusion/MammoDiffusion/experiments/diffusers/04_sd21_lora/generated_images/final/positive/gen_1310.png,gen_1310.png,60.5824,20.0,4.0,0.30182647705078125,0.9563332575010743,0.346466064453125,123.87450453624592,63.79537386812772,6.776830756002463,2300.155029296875,0.0,0.0,False,,-31.356281085287804,True,1117.0
positive,/mnt/MammoDiffusion/MammoDiffusion/experiments/diffusers/04_sd21_lora/generated_images/final/positive/gen_1311.png,gen_1311.png,114.8956,101.0,1.0,0.18636703491210938,0.9376317674751816,0.19304275512695312,161.86319533642921,45.33546574296213,4.914919447568244,496.1664123535156,0.0,0.0,False,,-39.46524824922796,True,1320.0
positive,/mnt/MammoDiffusion/MammoDiffusion/experiments/diffusers/04_sd21_lora/generated_images/final/positive/gen_1312.png,gen_1312.png,151.5824,111.0,4.0,0.08153533935546875,0.29825956769907364,0.021732330322265625,194.9343514130244,25.43810768711292,5.871849943251871,963.5760498046875,0.0,0.0,True,too_empty,,False,
positive,/mnt/MammoDiffusion/MammoDiffusion/experiments/diffusers/04_sd21_lora/generated_images/final/positive/gen_1313.png,gen_1313.png,64.6868,33.0,3.0,0.2939910888671875,0.9820937354025017,0.3145637512207031,130.55107262827275,56.18255556504187,6.45386160068589,1829.9658203125,0.0,0.0,False,,-16.037362458871545,True,658.0
positive,/mnt/MammoDiffusion/MammoDiffusion/experiments/diffusers/04_sd21_lora/generated_images/final/positive/gen_1314.png,gen_1314.png,105.8956,92.0,1.0,0.21451950073242188,0.9750511247443763,0.23543548583984375,146.84899057001198,41.6466876137568,5.190584696638535,541.9440307617188,0.0,0.0,False,,-17.89886186411324,True,723.0
positive,/mnt/MammoDiffusion/MammoDiffusion/experiments/diffusers/04_sd21_lora/generated_images/final/positive/gen_1315.png,gen_1315.png,220.0,222.0,24.0,0.4930610656738281,0.9755672982445281,0.4718284606933594,245.33256526554933,16.050436187781056,5.875901256814491,1444.5028076171875,0.0,0.0,False,,-22.592721744823518,True,895.0
positive,/mnt/MammoDiffusion/MammoDiffusion/experiments/diffusers/04_sd21_lora/generated_images/final/positive/gen_1316.png,gen_1316.png,44.7912,22.0,2.0,0.6317367553710938,0.9987077762882988,0.6314239501953125,127.83968487953409,45.754488827382545,6.923548555678071,803.582763671875,0.0,0.0,False,,-6.477373089760136,True,21.0
positive,/mnt/MammoDiffusion/MammoDiffusion/experiments/diffusers/04_sd21_lora/generated_images/final/positive/gen_1317.png,gen_1317.png,66.7912,44.0,2.0,0.48780059814453125,0.983264776264135,0.5164947509765625,132.75201630771957,53.972097504870206,6.878235765043991,1394.232666015625,0.0,0.0,False,,-15.354532922594846,True,631.0
positive,/mnt/MammoDiffusion/MammoDiffusion/experiments/diffusers/04_sd21_lora/generated_images/final/positive/gen_1318.png,gen_1318.png,154.3736,96.0,6.0,0.1334075927734375,0.7451961569255404,0.09863662719726562,188.68859496461306,17.600980284272847,6.3069014185776116,1837.3516845703125,0.0,0.0,True,too_empty,,False,
positive,/mnt/MammoDiffusion/MammoDiffusion/experiments/diffusers/04_sd21_lora/generated_images/final/positive/gen_1319.png,gen_1319.png,110.8956,97.0,1.0,0.14764022827148438,0.8433971526755032,0.11179351806640625,158.97638708796833,37.51939449783398,4.827628252029612,437.0086975097656,0.0,0.0,True,too_empty,,False,
positive,/mnt/MammoDiffusion/MammoDiffusion/experiments/diffusers/04_sd21_lora/generated_images/final/positive/gen_1320.png,gen_1320.png,110.7912,88.0,2.0,0.2820396423339844,0.7726787042672618,0.23053359985351562,163.18534575480285,41.13421823519685,6.380701648955309,1123.9210205078125,0.0,0.0,False,,-131.87147342360507,False,
positive,/mnt/MammoDiffusion/MammoDiffusion/experiments/diffusers/04_sd21_lora/generated_images/final/positive/gen_1321.png,gen_1321.png,72.8956,59.0,1.0,0.37152862548828125,0.9119247592254143,0.4292259216308594,126.10138732125242,58.14618289031568,6.102873246575027,1206.8358154296875,0.0,0.0,False,,-53.47334671364142,False,
positive,/mnt/MammoDiffusion/MammoDiffusion/experiments/diffusers/04_sd21_lora/generated_images/final/positive/gen_1322.png,gen_1322.png,132.6868,101.0,3.0,0.14017105102539062,0.8722819431215131,0.12289810180664062,162.9216562684297,25.852158853846674,5.602395885586656,747.3082275390625,0.0,0.0,True,too_empty,,False,
positive,/mnt/MammoDiffusion/MammoDiffusion/experiments/diffusers/04_sd21_lora/generated_images/final/positive/gen_1323.png,gen_1323.png,79.6868,48.0,3.0,0.260467529296875,0.9838898652606912,0.29132843017578125,142.26742176247217,56.9306442192228,6.109375312742884,1242.836669921875,0.0,0.0,False,,-14.54497574052337,True,594.0
positive,/mnt/MammoDiffusion/MammoDiffusion/experiments/diffusers/04_sd21_lora/generated_images/final/positive/gen_1324.png,gen_1324.png,99.7912,77.0,2.0,0.21189117431640625,0.8782630612465344,0.23449325561523438,142.23196303948203,50.53269737420258,5.653208268701997,830.9674682617188,0.0,0.0,False,,-72.23161215874109,False,
positive,/mnt/MammoDiffusion/MammoDiffusion/experiments/diffusers/04_sd21_lora/generated_images/final/positive/gen_1325.png,gen_1325.png,37.6868,6.0,3.0,0.633636474609375,0.9963697442566103,0.6731185913085938,103.25584571616399,55.93523041836869,7.345187235640243,1726.7135009765625,0.0,0.0,False,,-9.241320350360214,True,269.0
positive,/mnt/MammoDiffusion/MammoDiffusion/experiments/diffusers/04_sd21_lora/generated_images/final/positive/gen_1326.png,gen_1326.png,85.7912,63.0,2.0,0.23805618286132812,0.9139972758593061,0.2596626281738281,138.75510144118468,55.44399598976959,5.860131156029526,1040.871337890625,0.0,0.0,False,,-52.85872919783982,False,
positive,/mnt/MammoDiffusion/MammoDiffusion/experiments/diffusers/04_sd21_lora/generated_images/final/positive/gen_1327.png,gen_1327.png,70.7912,48.0,2.0,0.32666015625,0.9880652092675636,0.33779144287109375,144.795505364201,54.266756787899844,6.111482939423153,1383.0068359375,0.0,0.0,False,,-11.977240618883009,True,469.0
positive,/mnt/MammoDiffusion/MammoDiffusion/experiments/diffusers/04_sd21_lora/generated_images/final/positive/gen_1328.png,gen_1328.png,136.7912,114.0,2.0,0.14746856689453125,0.49741321330643073,0.07185745239257812,193.9786590221373,26.118883449953127,5.980894809755948,771.4064331054688,0.0,0.0,True,too_empty,,False,
positive,/mnt/MammoDiffusion/MammoDiffusion/experiments/diffusers/04_sd21_lora/generated_images/final/positive/gen_1329.png,gen_1329.png,124.7912,102.0,2.0,0.18584823608398438,0.9107329789199285,0.199859619140625,161.56693770041227,39.62677007309908,5.476710759818318,565.0775756835938,0.0,0.0,False,,-54.51058842369446,False,
positive,/mnt/MammoDiffusion/MammoDiffusion/experiments/diffusers/04_sd21_lora/generated_images/final/positive/gen_1330.png,gen_1330.png,55.7912,33.0,2.0,0.28453826904296875,0.9521651695937793,0.3309135437011719,118.17044969854865,63.067872903034946,5.802483380425955,1393.6590576171875,0.0,0.0,False,,-31.47322540924994,True,1123.0
positive,/mnt/MammoDiffusion/MammoDiffusion/experiments/diffusers/04_sd21_lora/generated_images/final/positive/gen_1331.png,gen_1331.png,72.7912,50.0,2.0,0.3518638610839844,0.9902861045761554,0.3897552490234375,129.04895666131623,54.023230795603816,6.118692982610641,931.4556274414062,0.0,0.0,False,,-9.346353637406292,True,276.0
positive,/mnt/MammoDiffusion/MammoDiffusion/experiments/diffusers/04_sd21_lora/generated_images/final/positive/gen_1332.png,gen_1332.png,108.6868,77.0,3.0,0.27246856689453125,0.9163469884915857,0.28656005859375,158.15580404685835,45.34595605369674,6.148663313939099,966.3655395507812,0.0,0.0,False,,-51.44496978466149,False,
positive,/mnt/MammoDiffusion/MammoDiffusion/experiments/diffusers/04_sd21_lora/generated_images/final/positive/gen_1333.png,gen_1333.png,64.5824,24.0,4.0,0.5387840270996094,0.994873937085366,0.5555038452148438,133.5304486959388,48.195529856490026,7.333687977011388,1884.4283447265625,0.0,0.0,False,,-9.840179580872258,True,319.0
positive,/mnt/MammoDiffusion/MammoDiffusion/experiments/diffusers/04_sd21_lora/generated_images/final/positive/gen_1334.png,gen_1334.png,83.6868,52.0,3.0,0.34351348876953125,0.9900721821210439,0.3703956604003906,145.84786347672946,50.078670988173506,6.436091058666325,1180.30126953125,0.0,0.0,False,,-10.44964458130773,True,372.0
positive,/mnt/MammoDiffusion/MammoDiffusion/experiments/diffusers/04_sd21_lora/generated_images/final/positive/gen_1335.png,gen_1335.png,98.5824,58.0,4.0,0.21509552001953125,0.8858404568509913,0.194793701171875,165.9112682124393,50.75552497002254,6.439511139329941,2033.6517333984375,0.0,0.0,False,,-71.2221335014964,False,
positive,/mnt/MammoDiffusion/MammoDiffusion/experiments/diffusers/04_sd21_lora/generated_images/final/positive/gen_1336.png,gen_1336.png,111.6868,80.0,3.0,0.21090316772460938,0.9080253947582614,0.18585205078125,161.99332922824303,43.57593235707253,6.057737189933108,1156.005615234375,0.0,0.0,False,,-56.880748346243394,False,
positive,/mnt/MammoDiffusion/MammoDiffusion/experiments/diffusers/04_sd21_lora/generated_images/final/positive/gen_1337.png,gen_1337.png,220.0,254.0,0.0,0.42136383056640625,0.9705227326223542,0.3834228515625,253.00131327602674,13.051881779360619,5.6725968696810405,1468.4117431640625,0.0,0.0,False,,-25.3309184798724,True,976.0
positive,/mnt/MammoDiffusion/MammoDiffusion/experiments/diffusers/04_sd21_lora/generated_images/final/positive/gen_1338.png,gen_1338.png,135.478,86.0,5.0,0.14897918701171875,0.7637629948276745,0.11555862426757812,176.53550325157627,31.940088434565027,6.371463277479804,1565.879638671875,0.0,0.0,True,too_empty,,False,
positive,/mnt/MammoDiffusion/MammoDiffusion/experiments/diffusers/04_sd21_lora/generated_images/final/positive/gen_1339.png,gen_1339.png,92.7912,70.0,2.0,0.39862060546875,0.9788987138263665,0.4404296875,143.40094061807096,48.49713731367383,6.592463508173107,965.5345458984375,0.0,0.0,False,,-16.394992960982535,True,672.0
positive,/mnt/MammoDiffusion/MammoDiffusion/experiments/diffusers/04_sd21_lora/generated_images/final/positive/gen_1340.png,gen_1340.png,112.8956,99.0,1.0,0.3532066345214844,0.926666738667905,0.4160919189453125,147.3683853459973,42.85920177718863,5.693386181075298,491.25970458984375,0.0,0.0,False,,-44.387096570928314,False,
positive,/mnt/MammoDiffusion/MammoDiffusion/experiments/diffusers/04_sd21_lora/generated_images/final/positive/gen_1341.png,gen_1341.png,101.8956,88.0,1.0,0.17277908325195312,0.9688472832446515,0.19225311279296875,144.82086590737728,44.96799898730402,4.8164192481151105,509.3642272949219,0.0,0.0,False,,-21.478650337039056,True,862.0
positive,/mnt/MammoDiffusion/MammoDiffusion/experiments/diffusers/04_sd21_lora/generated_images/final/positive/gen_1342.png,gen_1342.png,121.8956,108.0,1.0,0.17628860473632812,0.8825871508017225,0.18137359619140625,168.4442014049552,42.73443522043682,5.219032853720849,518.98291015625,0.0,0.0,False,,-70.39561979706586,False,
positive,/mnt/MammoDiffusion/MammoDiffusion/experiments/diffusers/04_sd21_lora/generated_images/final/positive/gen_1343.png,gen_1343.png,105.7912,83.0,2.0,0.274383544921875,0.982982982982983,0.3071327209472656,149.07859600312992,44.59847271087807,5.798414821475237,683.9613037109375,0.0,0.0,False,,-13.711879068411934,True,555.0
positive,/mnt/MammoDiffusion/MammoDiffusion/experiments/diffusers/04_sd21_lora/generated_images/final/positive/gen_1344.png,gen_1344.png,77.6868,46.0,3.0,0.4539756774902344,0.9880259144420076,0.5132293701171875,132.4703433922997,53.43126040762885,7.048305003552639,1703.49853515625,0.0,0.0,False,,-13.190655699323688,True,538.0
positive,/mnt/MammoDiffusion/MammoDiffusion/experiments/diffusers/04_sd21_lora/generated_images/final/positive/gen_1345.png,gen_1345.png,74.6868,43.0,3.0,0.3691444396972656,0.9755500211844702,0.42108917236328125,123.35393075208813,52.99150146080865,6.598274565539196,1312.371826171875,0.0,0.0,False,,-18.261658853893316,True,737.0
positive,/mnt/MammoDiffusion/MammoDiffusion/experiments/diffusers/04_sd21_lora/generated_images/final/positive/gen_1346.png,gen_1346.png,138.6868,107.0,3.0,0.0751495361328125,0.9777664974619289,0.07073974609375,183.1454378774806,17.6950561023129,4.699332693180016,528.7265625,0.0,0.0,True,too_empty,,False,
positive,/mnt/MammoDiffusion/MammoDiffusion/experiments/diffusers/04_sd21_lora/generated_images/final/positive/gen_1347.png,gen_1347.png,87.7912,65.0,2.0,0.2566680908203125,0.9265204209024434,0.296539306640625,135.50015436863228,54.29004157067714,5.765139833865051,786.0208129882812,0.0,0.0,False,,-45.244302665688934,False,
positive,/mnt/MammoDiffusion/MammoDiffusion/experiments/diffusers/04_sd21_lora/generated_images/final/positive/gen_1348.png,gen_1348.png,94.5824,54.0,4.0,0.2991752624511719,0.9604600456475448,0.325958251953125,155.42524108229566,51.22330123819806,6.625358880797557,1891.4930419921875,0.0,0.0,False,,-28.626899129969814,True,1056.0
positive,/mnt/MammoDiffusion/MammoDiffusion/experiments/diffusers/04_sd21_lora/generated_images/final/positive/gen_1349.png,gen_1349.png,86.6868,55.0,3.0,0.22200775146484375,0.976476854874738,0.2563629150390625,145.4589458960776,58.41474233506477,5.912198668310813,1284.146240234375,0.0,0.0,False,,-18.955623140589935,True,770.0
positive,/mnt/MammoDiffusion/MammoDiffusion/experiments/diffusers/04_sd21_lora/generated_images/final/positive/gen_1350.png,gen_1350.png,85.6868,54.0,3.0,0.4871978759765625,0.9794935638447806,0.57421875,128.10146949404762,49.62512959604157,6.996463693248333,885.4974365234375,0.0,0.0,False,,-16.87853501564479,True,688.0
positive,/mnt/MammoDiffusion/MammoDiffusion/experiments/diffusers/04_sd21_lora/generated_images/final/positive/gen_1351.png,gen_1351.png,130.478,81.0,5.0,0.2931938171386719,0.8112517727266814,0.25881195068359375,177.6615128378976,37.2975417226476,6.805702389150416,703.8456420898438,0.0,0.0,False,,-111.14333331565003,False,
positive,/mnt/MammoDiffusion/MammoDiffusion/experiments/diffusers/04_sd21_lora/generated_images/final/positive/gen_1352.png,gen_1352.png,133.6868,102.0,3.0,0.15820693969726562,0.9189110987871627,0.14471435546875,177.66717629692113,22.86834820992553,5.5036145751475045,721.336181640625,0.0,0.0,False,,-51.85093191868413,False,
positive,/mnt/MammoDiffusion/MammoDiffusion/experiments/diffusers/04_sd21_lora/generated_images/final/positive/gen_1353.png,gen_1353.png,144.8956,131.0,1.0,0.10155487060546875,0.42010367365336937,0.05570220947265625,165.95473222846186,31.483240474308165,4.196227339787795,228.4774169921875,0.0,0.0,True,too_empty,,False,
positive,/mnt/MammoDiffusion/MammoDiffusion/experiments/diffusers/04_sd21_lora/generated_images/final/positive/gen_1354.png,gen_1354.png,220.0,229.0,24.0,0.190887451171875,0.8585531574740208,0.15987396240234375,250.32653304700548,24.99023068259588,7.08620315373344,1581.3994140625,0.0,0.0,False,,-89.6151177892344,False,
positive,/mnt/MammoDiffusion/MammoDiffusion/experiments/diffusers/04_sd21_lora/generated_images/final/positive/gen_1355.png,gen_1355.png,132.0,126.0,1.0,0.034275054931640625,0.384974958263773,0.011753082275390625,194.48977604673806,24.968606890852676,3.5645298373506935,145.97650146484375,0.0,0.0,True,too_empty,,False,
positive,/mnt/MammoDiffusion/MammoDiffusion/experiments/diffusers/04_sd21_lora/generated_images/final/positive/gen_1356.png,gen_1356.png,103.8956,90.0,1.0,0.2044677734375,0.8964925373134328,0.22992706298828125,149.13073630421076,50.51553939047983,5.310899474461658,761.7413940429688,0.0,0.0,False,,-62.098303779980895,False,
positive,/mnt/MammoDiffusion/MammoDiffusion/experiments/diffusers/04_sd21_lora/generated_images/final/positive/gen_1357.png,gen_1357.png,43.6868,12.0,3.0,0.5757217407226562,0.9963027259113979,0.5852241516113281,126.69497369844798,49.91146008755573,7.248661631419924,1609.57080078125,0.0,0.0,False,,-8.737269596750723,True,208.0
positive,/mnt/MammoDiffusion/MammoDiffusion/experiments/diffusers/04_sd21_lora/generated_images/final/positive/gen_1358.png,gen_1358.png,94.5824,54.0,4.0,0.326141357421875,0.9688874333302143,0.3444404602050781,155.27430697839256,47.42178753442368,6.7213057226127395,1492.771728515625,0.0,0.0,False,,-23.15348505678551,True,913.0
positive,/mnt/MammoDiffusion/MammoDiffusion/experiments/diffusers/04_sd21_lora/generated_images/final/positive/gen_1359.png,gen_1359.png,116.7912,94.0,2.0,0.163970947265625,0.8274706867671692,0.13488006591796875,174.8749646473217,38.96501896066457,5.560473632147751,758.427734375,0.0,0.0,False,,-101.47665507804713,False,
positive,/mnt/MammoDiffusion/MammoDiffusion/experiments/diffusers/04_sd21_lora/generated_images/final/positive/gen_1360.png,gen_1360.png,75.6868,44.0,3.0,0.3371009826660156,0.9516685715578993,0.3744087219238281,134.9031676328847,56.95044964092548,6.6641384867007005,1631.13671875,0.0,0.0,False,,-32.676443788866386,True,1155.0
positive,/mnt/MammoDiffusion/MammoDiffusion/experiments/diffusers/04_sd21_lora/generated_images/final/positive/gen_1361.png,gen_1361.png,159.8956,146.0,1.0,0.08631515502929688,0.5398417819419278,0.043994903564453125,199.4155900459551,18.989323000285403,4.983596741868095,323.4511413574219,0.0,0.0,True,too_empty,,False,
positive,/mnt/MammoDiffusion/MammoDiffusion/experiments/diffusers/04_sd21_lora/generated_images/final/positive/gen_1362.png,gen_1362.png,27.7912,5.0,2.0,0.6085777282714844,0.9969411101012317,0.6101646423339844,116.72699764302818,58.68918588699614,7.101545709278416,1742.8436279296875,0.0,0.0,False,,-8.885430140882658,True,230.0
positive,/mnt/MammoDiffusion/MammoDiffusion/experiments/diffusers/04_sd21_lora/generated_images/final/positive/gen_1363.png,gen_1363.png,114.7912,92.0,2.0,0.19551849365234375,0.9456432668669762,0.21496963500976562,160.225063439391,46.244020211943,5.601857390914259,837.317138671875,0.0,0.0,False,,-35.13987810616518,True,1231.0
positive,/mnt/MammoDiffusion/MammoDiffusion/experiments/diffusers/04_sd21_lora/generated_images/final/positive/gen_1364.png,gen_1364.png,10.0,0.0,0.0,0.8285484313964844,0.9978683143108393,0.834197998046875,88.35354399122005,55.49681138551332,7.163510617771836,1890.040771484375,0.0,0.0,False,,-9.031314570614782,True,247.0
positive,/mnt/MammoDiffusion/MammoDiffusion/experiments/diffusers/04_sd21_lora/generated_images/final/positive/gen_1365.png,gen_1365.png,70.8956,57.0,1.0,0.4236907958984375,0.9256581553642813,0.46030426025390625,133.45929259277676,54.03522631582845,6.336689308779004,1035.993408203125,0.0,0.0,False,,-46.012126214493335,False,
positive,/mnt/MammoDiffusion/MammoDiffusion/experiments/diffusers/04_sd21_lora/generated_images/final/positive/gen_1366.png,gen_1366.png,69.6868,38.0,3.0,0.23846054077148438,0.903856921181872,0.22974395751953125,150.25621824461197,60.49440302541148,6.128478885251484,1960.91552734375,0.0,0.0,False,,-60.796380472686586,False,
positive,/mnt/MammoDiffusion/MammoDiffusion/experiments/diffusers/04_sd21_lora/generated_images/final/positive/gen_1367.png,gen_1367.png,118.7912,96.0,2.0,0.17304229736328125,0.9090428111635289,0.13063430786132812,169.6120017520806,38.52154168911963,5.404676699631555,569.3834838867188,0.0,0.0,True,too_empty,,False,
positive,/mnt/MammoDiffusion/MammoDiffusion/experiments/diffusers/04_sd21_lora/generated_images/final/positive/gen_1368.png,gen_1368.png,115.6868,84.0,3.0,0.20809173583984375,0.780916590284143,0.17345809936523438,161.39416331288075,37.63519052033667,6.077487057068414,946.5994873046875,0.0,0.0,False,,-127.24428935626113,False,
positive,/mnt/MammoDiffusion/MammoDiffusion/experiments/diffusers/04_sd21_lora/generated_images/final/positive/gen_1369.png,gen_1369.png,83.7912,61.0,2.0,0.3198280334472656,0.9739984017366206,0.3305816650390625,144.0629240710824,46.809672510231486,5.833915596652538,1007.8244018554688,0.0,0.0,False,,-18.551722474264714,True,745.0
positive,/mnt/MammoDiffusion/MammoDiffusion/experiments/diffusers/04_sd21_lora/generated_images/final/positive/gen_1370.png,gen_1370.png,41.7912,19.0,2.0,0.4654808044433594,0.9818312941002926,0.4822578430175781,113.31588106406372,60.64409113368306,6.646243671462432,1699.8853759765625,0.0,0.0,False,,-15.944751162620907,True,651.0
positive,/mnt/MammoDiffusion/MammoDiffusion/experiments/diffusers/04_sd21_lora/generated_images/final/positive/gen_1371.png,gen_1371.png,83.47800000000001,34.0,5.0,0.4986381530761719,0.992678728531538,0.5461311340332031,140.408032689554,48.775225829471424,7.375175594793815,1950.482421875,0.0,0.0,False,,-11.369139087484616,True,440.0
positive,/mnt/MammoDiffusion/MammoDiffusion/experiments/diffusers/04_sd21_lora/generated_images/final/positive/gen_1372.png,gen_1372.png,40.6868,9.0,3.0,0.5745391845703125,0.9974105648952275,0.5832862854003906,119.8432490762238,51.012458476454874,7.176808275262872,1394.5323486328125,0.0,0.0,False,,-7.641831140988964,True,82.0
positive,/mnt/MammoDiffusion/MammoDiffusion/experiments/diffusers/04_sd21_lora/generated_images/final/positive/gen_1373.png,gen_1373.png,82.8956,69.0,1.0,0.44670867919921875,0.9924254069102151,0.48825836181640625,130.01876650467992,45.45824832649506,5.849130275242143,755.09619140625,0.0,0.0,False,,-7.844082563834075,True,105.0
positive,/mnt/MammoDiffusion/MammoDiffusion/experiments/diffusers/04_sd21_lora/generated_images/final/positive/gen_1374.png,gen_1374.png,160.5824,120.0,4.0,0.06713104248046875,0.7897488350948971,0.05054473876953125,179.6890566037736,17.82068527409385,5.141159385123499,720.5,0.0,0.0,True,too_empty,,False,
positive,/mnt/MammoDiffusion/MammoDiffusion/experiments/diffusers/04_sd21_lora/generated_images/final/positive/gen_1375.png,gen_1375.png,85.5824,45.0,4.0,0.27918243408203125,0.9424890006285355,0.3057594299316406,135.0292814991329,54.589997926778416,6.454710694923454,1479.7813720703125,0.0,0.0,False,,-37.680581372875366,True,1285.0
positive,/mnt/MammoDiffusion/MammoDiffusion/experiments/diffusers/04_sd21_lora/generated_images/final/positive/gen_1376.png,gen_1376.png,104.6868,73.0,3.0,0.1918487548828125,0.9536307961504812,0.21166610717773438,148.61872150233387,44.78838686089622,5.892922027537049,1135.259521484375,0.0,0.0,False,,-30.87396603850352,True,1105.0
positive,/mnt/MammoDiffusion/MammoDiffusion/experiments/diffusers/04_sd21_lora/generated_images/final/positive/gen_1377.png,gen_1377.png,93.6868,62.0,3.0,0.3539695739746094,0.9320408229246371,0.4633331298828125,129.2519347933476,51.67148766841324,6.792578935123573,1398.6602783203125,0.0,0.0,False,,-43.08909531920027,False,
positive,/mnt/MammoDiffusion/MammoDiffusion/experiments/diffusers/04_sd21_lora/generated_images/final/positive/gen_1378.png,gen_1378.png,92.7912,70.0,2.0,0.2724761962890625,0.9725177801422411,0.29034423828125,144.9691375867143,45.95812593205767,5.810899809675364,744.7144165039062,0.0,0.0,False,,-19.543658076198902,True,792.0
positive,/mnt/MammoDiffusion/MammoDiffusion/experiments/diffusers/04_sd21_lora/generated_images/final/positive/gen_1379.png,gen_1379.png,131.6868,100.0,3.0,0.12651443481445312,0.8655510327152118,0.11298751831054688,177.55282082447079,38.72737427115979,5.55197012495554,793.0084838867188,0.0,0.0,True,too_empty,,False,
positive,/mnt/MammoDiffusion/MammoDiffusion/experiments/diffusers/04_sd21_lora/generated_images/final/positive/gen_1380.png,gen_1380.png,66.47800000000001,17.0,5.0,0.5109672546386719,0.9939080382539363,0.5428886413574219,128.86295892913608,51.329552380691126,7.406137093678998,2083.884033203125,0.0,0.0,False,,-10.687154975889701,True,388.0
positive,/mnt/MammoDiffusion/MammoDiffusion/experiments/diffusers/04_sd21_lora/generated_images/final/positive/gen_1381.png,gen_1381.png,155.6868,124.0,3.0,0.061305999755859375,0.9840084624478875,0.05619049072265625,182.66612355736592,16.8257351372645,4.6472922726441785,506.64251708984375,0.0,0.0,True,too_empty,,False,
positive,/mnt/MammoDiffusion/MammoDiffusion/experiments/diffusers/04_sd21_lora/generated_images/final/positive/gen_1382.png,gen_1382.png,95.7912,73.0,2.0,0.24971771240234375,0.9729003085759678,0.2910575866699219,145.36873353517083,53.32490554816284,5.817406288585872,1036.7947998046875,0.0,0.0,False,,-19.947290675047743,True,808.0
positive,/mnt/MammoDiffusion/MammoDiffusion/experiments/diffusers/04_sd21_lora/generated_images/final/positive/gen_1383.png,gen_1383.png,176.0,171.0,2.0,0.049755096435546875,0.45472667331135475,0.023250579833984375,183.28777686628385,10.327176404913471,6.63092297779931,896.448974609375,0.0,0.0,True,too_empty,,False,
positive,/mnt/MammoDiffusion/MammoDiffusion/experiments/diffusers/04_sd21_lora/generated_images/final/positive/gen_1384.png,gen_1384.png,43.7912,21.0,2.0,0.5195083618164062,0.9824431292497026,0.5114021301269531,129.17126531951874,50.962221866669964,6.716686992869087,1271.9925537109375,0.0,0.0,False,,-15.144731964676637,True,621.0
positive,/mnt/MammoDiffusion/MammoDiffusion/experiments/diffusers/04_sd21_lora/generated_images/final/positive/gen_1385.png,gen_1385.png,168.7912,146.0,2.0,0.05594635009765625,0.7258284467475794,0.03934478759765625,195.23686251696722,14.524798907101747,5.861203914489695,653.33154296875,0.0,0.0,True,too_empty,,False,
positive,/mnt/MammoDiffusion/MammoDiffusion/experiments/diffusers/04_sd21_lora/generated_images/final/positive/gen_1386.png,gen_1386.png,98.8956,85.0,1.0,0.22485733032226562,0.9146322843328527,0.24646377563476562,143.71519447754957,48.91598049313266,5.51361918572117,776.8570556640625,0.0,0.0,False,,-51.81767653678389,False,
positive,/mnt/MammoDiffusion/MammoDiffusion/experiments/diffusers/04_sd21_lora/generated_images/final/positive/gen_1387.png,gen_1387.png,96.8956,83.0,1.0,0.24983596801757812,0.9213809109370467,0.29726409912109375,136.48394630803583,47.39745284031309,5.500937719109818,574.0855712890625,0.0,0.0,False,,-47.637143883810786,False,
positive,/mnt/MammoDiffusion/MammoDiffusion/experiments/diffusers/04_sd21_lora/generated_images/final/positive/gen_1388.png,gen_1388.png,220.0,253.0,0.0,0.31209564208984375,0.9528198107903293,0.28992462158203125,250.8284255677482,18.939187751346786,6.248137910713705,1744.85693359375,0.0,0.0,False,,-36.21615754213391,True,1256.0
positive,/mnt/MammoDiffusion/MammoDiffusion/experiments/diffusers/04_sd21_lora/generated_images/final/positive/gen_1389.png,gen_1389.png,34.6868,3.0,3.0,0.9064712524414062,0.9872320368983192,0.906097412109375,119.80499141153885,49.34595981060947,7.531213784153211,1375.6826171875,0.0,0.0,False,,-15.677179183115143,True,643.0
positive,/mnt/MammoDiffusion/MammoDiffusion/experiments/diffusers/04_sd21_lora/generated_images/final/positive/gen_1390.png,gen_1390.png,95.5824,55.0,4.0,0.23739242553710938,0.8380228503478974,0.2047271728515625,159.81331519713797,52.00362268244479,6.629392515039899,1763.601318359375,0.0,0.0,False,,-97.46147837645736,False,
positive,/mnt/MammoDiffusion/MammoDiffusion/experiments/diffusers/04_sd21_lora/generated_images/final/positive/gen_1391.png,gen_1391.png,220.0,207.0,45.0,0.4162025451660156,0.9534301819348334,0.3957176208496094,251.27548079240373,16.890373634284007,6.124298249210659,2237.608642578125,0.0,0.0,False,,-35.80711581950361,True,1249.0
positive,/mnt/MammoDiffusion/MammoDiffusion/experiments/diffusers/04_sd21_lora/generated_images/final/positive/gen_1392.png,gen_1392.png,220.0,195.0,42.0,0.34967041015625,0.956864199685809,0.3299751281738281,237.42673495104103,19.348229767349252,7.142865533745636,1726.9522705078125,0.0,0.0,False,,-34.121682789953496,True,1200.0
positive,/mnt/MammoDiffusion/MammoDiffusion/experiments/diffusers/04_sd21_lora/generated_images/final/positive/gen_1393.png,gen_1393.png,138.5824,98.0,4.0,0.07085418701171875,0.9470765586303435,0.06463623046875,184.66772898961284,21.5514669830184,5.110066536484112,929.6973266601562,0.0,0.0,True,too_empty,,False,
positive,/mnt/MammoDiffusion/MammoDiffusion/experiments/diffusers/04_sd21_lora/generated_images/final/positive/gen_1394.png,gen_1394.png,14.0,9.0,0.0,0.8192024230957031,0.998356220517907,0.8169136047363281,97.44394323578443,57.96663312146377,7.216432368089942,1665.5006103515625,0.0,0.0,False,,-8.871579784611923,True,228.0
positive,/mnt/MammoDiffusion/MammoDiffusion/experiments/diffusers/04_sd21_lora/generated_images/final/positive/gen_1395.png,gen_1395.png,104.7912,82.0,2.0,0.18654632568359375,0.949306776818944,0.21125411987304688,153.32972787518736,51.188101799282805,5.523760219902774,960.0743408203125,0.0,0.0,False,,-33.29390627340567,True,1180.0
positive,/mnt/MammoDiffusion/MammoDiffusion/experiments/diffusers/04_sd21_lora/generated_images/final/positive/gen_1396.png,gen_1396.png,63.7912,41.0,2.0,0.3944892883300781,0.9879222148085831,0.4092903137207031,130.03406559607802,50.022256190426674,6.308759465752817,1132.194091796875,0.0,0.0,False,,-10.79987386409743,True,398.0
positive,/mnt/MammoDiffusion/MammoDiffusion/experiments/diffusers/04_sd21_lora/generated_images/final/positive/gen_1397.png,gen_1397.png,126.7912,104.0,2.0,0.2291107177734375,0.8691475191475192,0.2709541320800781,163.53031860226105,44.96727297343218,5.853550935468116,739.609375,0.0,0.0,False,,-77.614712584579,False,
positive,/mnt/MammoDiffusion/MammoDiffusion/experiments/diffusers/04_sd21_lora/generated_images/final/positive/gen_1398.png,gen_1398.png,119.47800000000001,70.0,5.0,0.17278671264648438,0.8695661772822607,0.167236328125,170.19461678832116,42.41242359734461,6.501895324453725,2015.3414306640625,0.0,0.0,False,,-80.0246902544872,False,
positive,/mnt/MammoDiffusion/MammoDiffusion/experiments/diffusers/04_sd21_lora/generated_images/final/positive/gen_1399.png,gen_1399.png,98.8956,85.0,1.0,0.35332489013671875,0.9446891667206495,0.3778228759765625,154.93793667460926,43.140207649251586,5.749629456798827,515.3079223632812,0.0,0.0,False,,-34.7330182514372,True,1218.0
positive,/mnt/MammoDiffusion/MammoDiffusion/experiments/diffusers/04_sd21_lora/generated_images/final/positive/gen_1400.png,gen_1400.png,140.6868,109.0,3.0,0.12500381469726562,0.8319753425493607,0.11220550537109375,162.47338002311824,24.998284197976453,5.670314519490703,850.76171875,0.0,0.0,True,too_empty,,False,
positive,/mnt/MammoDiffusion/MammoDiffusion/experiments/diffusers/04_sd21_lora/generated_images/final/positive/gen_1401.png,gen_1401.png,220.0,242.0,1.0,0.3844566345214844,0.9242530982407747,0.3548774719238281,240.06155069924432,23.970619209958695,6.14251377997876,1838.1214599609375,0.0,0.0,False,,-50.966000338350874,False,
positive,/mnt/MammoDiffusion/MammoDiffusion/experiments/diffusers/04_sd21_lora/generated_images/final/positive/gen_1402.png,gen_1402.png,124.7912,102.0,2.0,0.18725967407226562,0.9060074558455051,0.192626953125,160.7260773130545,35.091234041267576,5.489059592268052,579.6382446289062,0.0,0.0,False,,-57.4719349487857,False,
positive,/mnt/MammoDiffusion/MammoDiffusion/experiments/diffusers/04_sd21_lora/generated_images/final/positive/gen_1403.png,gen_1403.png,101.7912,79.0,2.0,0.3489837646484375,0.9365681430632679,0.38486480712890625,148.47154326494203,46.987650064730275,6.380274062919336,1142.81640625,0.0,0.0,False,,-39.8201651647317,True,1326.0
positive,/mnt/MammoDiffusion/MammoDiffusion/experiments/diffusers/04_sd21_lora/generated_images/final/positive/gen_1404.png,gen_1404.png,54.5824,14.0,4.0,0.4696769714355469,0.9853885951446927,0.5437431335449219,109.58473119637432,55.845114317019906,7.207449540141688,2302.510986328125,0.0,0.0,False,,-15.226558412251293,True,624.0
positive,/mnt/MammoDiffusion/MammoDiffusion/experiments/diffusers/04_sd21_lora/generated_images/final/positive/gen_1405.png,gen_1405.png,115.7912,93.0,2.0,0.21148300170898438,0.913887335630152,0.24017715454101562,160.4635726878544,50.48240384227713,5.453586800879999,750.7282104492188,0.0,0.0,False,,-52.869047272233075,False,
positive,/mnt/MammoDiffusion/MammoDiffusion/experiments/diffusers/04_sd21_lora/generated_images/final/positive/gen_1406.png,gen_1406.png,93.6868,62.0,3.0,0.2976646423339844,0.8827645422972921,0.28356170654296875,153.28506470793985,51.608072927171044,6.5038582095247195,1390.90673828125,0.0,0.0,False,,-71.27758903331902,False,
positive,/mnt/MammoDiffusion/MammoDiffusion/experiments/diffusers/04_sd21_lora/generated_images/final/positive/gen_1407.png,gen_1407.png,49.6868,18.0,3.0,0.4002494812011719,0.9939670043746366,0.4138755798339844,124.49656666205816,57.1513595405431,6.710949194205961,1629.4337158203125,0.0,0.0,False,,-8.817433186523559,True,219.0
positive,/mnt/MammoDiffusion/MammoDiffusion/experiments/diffusers/04_sd21_lora/generated_images/final/positive/gen_1408.png,gen_1408.png,130.0,119.0,3.0,0.046298980712890625,0.8902529455384361,0.03675079345703125,189.97301224828732,21.63106437851481,4.4864892469111295,486.5472717285156,0.0,0.0,True,too_empty,,False,
positive,/mnt/MammoDiffusion/MammoDiffusion/experiments/diffusers/04_sd21_lora/generated_images/final/positive/gen_1409.png,gen_1409.png,85.5824,45.0,4.0,0.2898101806640625,0.9443742431422103,0.3298835754394531,141.47838153497463,58.35934848373242,6.716245867680446,1795.6287841796875,0.0,0.0,False,,-37.58107221990396,True,1280.0
positive,/mnt/MammoDiffusion/MammoDiffusion/experiments/diffusers/04_sd21_lora/generated_images/final/positive/gen_1410.png,gen_1410.png,83.7912,61.0,2.0,0.2257537841796875,0.9590571138898276,0.25444793701171875,136.61872207729903,56.48392222888526,5.660288226187182,1011.785888671875,0.0,0.0,False,,-27.650490222848887,True,1032.0
positive,/mnt/MammoDiffusion/MammoDiffusion/experiments/diffusers/04_sd21_lora/generated_images/final/positive/gen_1411.png,gen_1411.png,35.7912,13.0,2.0,0.4938163757324219,0.993642382059621,0.5118255615234375,107.38611632829502,58.92638627916797,6.805357740655258,1904.6112060546875,0.0,0.0,False,,-9.692663028506239,True,305.0
positive,/mnt/MammoDiffusion/MammoDiffusion/experiments/diffusers/04_sd21_lora/generated_images/final/positive/gen_1412.png,gen_1412.png,86.5824,46.0,4.0,0.3160858154296875,0.9864711561670287,0.33873748779296875,149.26121083808195,53.94103381780993,6.6496032305415,1868.789306640625,0.0,0.0,False,,-14.097925062276499,True,567.0
positive,/mnt/MammoDiffusion/MammoDiffusion/experiments/diffusers/04_sd21_lora/generated_images/final/positive/gen_1413.png,gen_1413.png,122.7912,100.0,2.0,0.18079376220703125,0.8871376123559944,0.157501220703125,168.82224859523348,32.42294103364584,5.780149037272794,766.9695434570312,0.0,0.0,False,,-68.67785034629975,False,
positive,/mnt/MammoDiffusion/MammoDiffusion/experiments/diffusers/04_sd21_lora/generated_images/final/positive/gen_1414.png,gen_1414.png,58.5824,18.0,4.0,0.4126625061035156,0.9868826090573782,0.4474296569824219,120.97636647313094,54.087190613427076,7.037980027831582,1961.5469970703125,0.0,0.0,False,,-13.384567757065732,True,544.0
positive,/mnt/MammoDiffusion/MammoDiffusion/experiments/diffusers/04_sd21_lora/generated_images/final/positive/gen_1415.png,gen_1415.png,118.6868,87.0,3.0,0.2531242370605469,0.9155150327782383,0.28028106689453125,159.62235620763806,45.35010068167857,6.143863119531799,971.1052856445312,0.0,0.0,False,,-51.995449743261396,False,
positive,/mnt/MammoDiffusion/MammoDiffusion/experiments/diffusers/04_sd21_lora/generated_images/final/positive/gen_1416.png,gen_1416.png,40.7912,18.0,2.0,0.5703277587890625,0.9934719212349841,0.5640907287597656,126.42677838415398,45.1254138201025,6.758265251161411,947.5035400390625,0.0,0.0,False,,-8.521739968529037,True,176.0
positive,/mnt/MammoDiffusion/MammoDiffusion/experiments/diffusers/04_sd21_lora/generated_images/final/positive/gen_1417.png,gen_1417.png,132.0,111.0,5.0,0.049716949462890625,0.7537021407197115,0.03424835205078125,179.48897304522166,26.49717304056036,5.385347417890629,1630.776611328125,0.0,0.0,True,too_empty,,False,
positive,/mnt/MammoDiffusion/MammoDiffusion/experiments/diffusers/04_sd21_lora/generated_images/final/positive/gen_1418.png,gen_1418.png,110.7912,88.0,2.0,0.22426986694335938,0.9494480447687571,0.247528076171875,158.64255332264827,47.78507712092943,5.494111779976068,583.2661743164062,0.0,0.0,False,,-33.0750004682686,True,1167.0
positive,/mnt/MammoDiffusion/MammoDiffusion/experiments/diffusers/04_sd21_lora/generated_images/final/positive/gen_1419.png,gen_1419.png,56.6868,25.0,3.0,0.39139556884765625,0.9784702052591567,0.40770721435546875,131.73036546342558,56.73249245422359,6.558848953312608,1422.25537109375,0.0,0.0,False,,-17.16661082294291,True,695.0
positive,/mnt/MammoDiffusion/MammoDiffusion/experiments/diffusers/04_sd21_lora/generated_images/final/positive/gen_1420.png,gen_1420.png,57.7912,35.0,2.0,0.417938232421875,0.9731836436655714,0.4724311828613281,114.27273608139207,57.46899030196278,6.556776364430711,1358.4560546875,0.0,0.0,False,,-19.97632587941557,True,810.0
positive,/mnt/MammoDiffusion/MammoDiffusion/experiments/diffusers/04_sd21_lora/generated_images/final/positive/gen_1421.png,gen_1421.png,59.5824,19.0,4.0,0.3612403869628906,0.9822169656905709,0.4041557312011719,115.75215909841714,56.67980472992771,6.8309598502525,1875.3148193359375,0.0,0.0,False,,-15.39656044669156,True,632.0
positive,/mnt/MammoDiffusion/MammoDiffusion/experiments/diffusers/04_sd21_lora/generated_images/final/positive/gen_1422.png,gen_1422.png,14.8956,1.0,1.0,0.9084663391113281,0.9997858483554414,0.9033393859863281,106.2757543126201,49.66328128258072,7.4604533514564775,993.3847045898438,0.0,0.0,False,,-9.156742903392068,True,260.0
positive,/mnt/MammoDiffusion/MammoDiffusion/experiments/diffusers/04_sd21_lora/generated_images/final/positive/gen_1423.png,gen_1423.png,45.7912,23.0,2.0,0.7420463562011719,0.9941909182975792,0.7503700256347656,124.36300043211916,50.41409725351443,7.423356892246527,1377.4407958984375,0.0,0.0,False,,-10.873862567541584,True,402.0
positive,/mnt/MammoDiffusion/MammoDiffusion/experiments/diffusers/04_sd21_lora/generated_images/final/positive/gen_1424.png,gen_1424.png,58.5824,18.0,4.0,0.3766975402832031,0.9820048810620867,0.40865325927734375,123.16767171368295,57.576731913873935,6.89280407655035,2147.37841796875,0.0,0.0,False,,-16.230579131298306,True,663.0
positive,/mnt/MammoDiffusion/MammoDiffusion/experiments/diffusers/04_sd21_lora/generated_images/final/positive/gen_1425.png,gen_1425.png,48.7912,26.0,2.0,0.4632568359375,0.9850543478260869,0.5180549621582031,109.91102683995435,61.625940182272046,6.803825499783995,1659.63134765625,0.0,0.0,False,,-14.467562575103887,True,587.0
positive,/mnt/MammoDiffusion/MammoDiffusion/experiments/diffusers/04_sd21_lora/generated_images/final/positive/gen_1426.png,gen_1426.png,107.7912,85.0,2.0,0.24271774291992188,0.930674084901064,0.2618293762207031,151.69468362544984,46.55092093003469,5.741180862744624,763.2623291015625,0.0,0.0,False,,-43.12485121872624,False,
positive,/mnt/MammoDiffusion/MammoDiffusion/experiments/diffusers/04_sd21_lora/generated_images/final/positive/gen_1427.png,gen_1427.png,81.7912,59.0,2.0,0.30519866943359375,0.9747393945454091,0.3417396545410156,141.91391415973655,56.915367786885625,6.043725122420531,1094.6119384765625,0.0,0.0,False,,-19.02658645530651,True,774.0
positive,/mnt/MammoDiffusion/MammoDiffusion/experiments/diffusers/04_sd21_lora/generated_images/final/positive/gen_1428.png,gen_1428.png,220.0,214.0,38.0,0.3260993957519531,0.93587179037258,0.3011970520019531,251.1249034284484,15.653605045402296,6.59131867120783,1255.3087158203125,0.0,0.0,False,,-45.52651191889272,False,
positive,/mnt/MammoDiffusion/MammoDiffusion/experiments/diffusers/04_sd21_lora/generated_images/final/positive/gen_1429.png,gen_1429.png,95.6868,64.0,3.0,0.18610000610351562,0.9361484062724198,0.1815032958984375,152.02080706179066,44.44646462610664,5.919960136466484,1201.5521240234375,0.0,0.0,False,,-40.97229540166305,True,1351.0
positive,/mnt/MammoDiffusion/MammoDiffusion/experiments/diffusers/04_sd21_lora/generated_images/final/positive/gen_1430.png,gen_1430.png,103.7912,81.0,2.0,0.21438217163085938,0.8723286891225822,0.2032318115234375,151.00715143779564,41.763935380094765,5.765311682219073,880.831787109375,0.0,0.0,False,,-75.49297122053159,False,
positive,/mnt/MammoDiffusion/MammoDiffusion/experiments/diffusers/04_sd21_lora/generated_images/final/positive/gen_1431.png,gen_1431.png,132.8956,119.0,1.0,0.15434646606445312,0.8911297298633252,0.18104171752929688,153.97669567416085,33.360988690270744,4.664161033204464,325.5513000488281,0.0,0.0,False,,-65.22683545209841,False,
positive,/mnt/MammoDiffusion/MammoDiffusion/experiments/diffusers/04_sd21_lora/generated_images/final/positive/gen_1432.png,gen_1432.png,92.7912,70.0,2.0,0.2572021484375,0.9226833175130518,0.2823982238769531,142.18005106107066,50.78161359955232,5.9519944913360785,993.8262329101562,0.0,0.0,False,,-47.69062226253916,False,
positive,/mnt/MammoDiffusion/MammoDiffusion/experiments/diffusers/04_sd21_lora/generated_images/final/positive/gen_1433.png,gen_1433.png,60.5824,20.0,4.0,0.4015312194824219,0.985454925469556,0.45613861083984375,115.82715306002977,56.665629268517925,7.036533296890836,2012.4736328125,0.0,0.0,False,,-14.322032196538387,True,579.0
positive,/mnt/MammoDiffusion/MammoDiffusion/experiments/diffusers/04_sd21_lora/generated_images/final/positive/gen_1434.png,gen_1434.png,67.8956,54.0,1.0,0.3978538513183594,0.9804976269236301,0.4163665771484375,121.7266005790303,49.648058333277355,6.01810064412974,684.930908203125,0.0,0.0,False,,-14.277441143212972,True,575.0
positive,/mnt/MammoDiffusion/MammoDiffusion/experiments/diffusers/04_sd21_lora/generated_images/final/positive/gen_1435.png,gen_1435.png,192.0,181.0,1.0,0.049495697021484375,0.4823121387283237,0.027347564697265625,204.2559631747803,18.69958114488984,5.681645965621817,1301.4990234375,0.0,0.0,True,too_empty,,False,
positive,/mnt/MammoDiffusion/MammoDiffusion/experiments/diffusers/04_sd21_lora/generated_images/final/positive/gen_1436.png,gen_1436.png,54.6868,23.0,3.0,0.3089485168457031,0.9906653990048031,0.32482147216796875,133.88655314151498,59.53503299642541,6.45993022006996,1934.5106201171875,0.0,0.0,False,,-11.682277191341626,True,457.0
positive,/mnt/MammoDiffusion/MammoDiffusion/experiments/diffusers/04_sd21_lora/generated_images/final/positive/gen_1437.png,gen_1437.png,10.0,1.0,0.0,0.8229255676269531,1.0,0.816162109375,128.0939836972779,38.08812604928064,6.664836507745819,427.997802734375,0.0,0.0,False,,-8.431613277705322,True,172.0
positive,/mnt/MammoDiffusion/MammoDiffusion/experiments/diffusers/04_sd21_lora/generated_images/final/positive/gen_1438.png,gen_1438.png,115.8956,102.0,1.0,0.2995452880859375,0.9147139727981254,0.3248176574707031,152.7511303714665,41.92887432151839,5.490516813740191,390.3452453613281,0.0,0.0,False,,-51.479993648494464,False,
positive,/mnt/MammoDiffusion/MammoDiffusion/experiments/diffusers/04_sd21_lora/generated_images/final/positive/gen_1439.png,gen_1439.png,181.0,168.0,6.0,0.04306793212890625,0.13055801594331268,0.005283355712890625,196.414440433213,9.57463975781539,6.718131285444629,755.57861328125,0.0,0.0,True,too_empty,,False,
positive,/mnt/MammoDiffusion/MammoDiffusion/experiments/diffusers/04_sd21_lora/generated_images/final/positive/gen_1440.png,gen_1440.png,28.7912,6.0,2.0,0.6163177490234375,0.9976789383773613,0.6145973205566406,123.07363775735043,50.04741740973393,6.980516596306034,1163.3564453125,0.0,0.0,False,,-7.256365475088063,True,54.0
positive,/mnt/MammoDiffusion/MammoDiffusion/experiments/diffusers/04_sd21_lora/generated_images/final/positive/gen_1441.png,gen_1441.png,90.7912,68.0,2.0,0.4208526611328125,0.9879989848083826,0.43199920654296875,145.74398212740405,41.70890575729675,6.298685493914035,864.0310668945312,0.0,0.0,False,,-10.463138433470057,True,373.0
positive,/mnt/MammoDiffusion/MammoDiffusion/experiments/diffusers/04_sd21_lora/generated_images/final/positive/gen_1442.png,gen_1442.png,75.5824,35.0,4.0,0.32578277587890625,0.9275660991545865,0.35584259033203125,138.42350078257329,57.473615783601225,6.809077849532608,2230.623291015625,0.0,0.0,False,,-47.209877383588875,False,
positive,/mnt/MammoDiffusion/MammoDiffusion/experiments/diffusers/04_sd21_lora/generated_images/final/positive/gen_1443.png,gen_1443.png,78.8956,65.0,1.0,0.4339408874511719,0.9440903696540811,0.48473358154296875,128.28097111828126,50.180905084818214,6.2043946844565365,627.7947387695312,0.0,0.0,False,,-35.44486171741121,True,1242.0
positive,/mnt/MammoDiffusion/MammoDiffusion/experiments/diffusers/04_sd21_lora/generated_images/final/positive/gen_1444.png,gen_1444.png,99.8956,86.0,1.0,0.3781929016113281,0.9765788119950374,0.44147491455078125,136.6654972781474,44.17409556719184,5.875878858714097,542.5404052734375,0.0,0.0,False,,-16.727778156367066,True,686.0
positive,/mnt/MammoDiffusion/MammoDiffusion/experiments/diffusers/04_sd21_lora/generated_images/final/positive/gen_1445.png,gen_1445.png,154.0,149.0,0.0,0.09471511840820312,0.6017560111160337,0.049579620361328125,183.45418173424636,17.311368020445546,5.025140738605674,275.0897216796875,0.0,0.0,True,too_empty,,False,
positive,/mnt/MammoDiffusion/MammoDiffusion/experiments/diffusers/04_sd21_lora/generated_images/final/positive/gen_1446.png,gen_1446.png,105.8956,92.0,1.0,0.22312164306640625,0.9479569157120875,0.23501968383789062,161.17675988897727,48.55167646222515,5.22551325296383,661.07373046875,0.0,0.0,False,,-33.758345404157666,True,1189.0
positive,/mnt/MammoDiffusion/MammoDiffusion/experiments/diffusers/04_sd21_lora/generated_images/final/positive/gen_1447.png,gen_1447.png,85.47800000000001,36.0,5.0,0.3402862548828125,0.8899152504372001,0.362762451171875,137.80085387397997,52.97477683622095,7.191211706014852,2265.142578125,0.0,0.0,False,,-68.1506557818399,False,
positive,/mnt/MammoDiffusion/MammoDiffusion/experiments/diffusers/04_sd21_lora/generated_images/final/positive/gen_1448.png,gen_1448.png,63.6868,32.0,3.0,0.4254951477050781,0.9502873382881631,0.4735565185546875,122.83824714032544,54.322431080242346,6.813170917975221,1688.0665283203125,0.0,0.0,False,,-33.39488891032074,True,1183.0
positive,/mnt/MammoDiffusion/MammoDiffusion/experiments/diffusers/04_sd21_lora/generated_images/final/positive/gen_1449.png,gen_1449.png,60.5824,20.0,4.0,0.4617118835449219,0.9923741066633618,0.4829139709472656,123.87528536332972,49.27518043463095,7.003096477944694,1422.5224609375,0.0,0.0,False,,-9.625276759229669,True,296.0
positive,/mnt/MammoDiffusion/MammoDiffusion/experiments/diffusers/04_sd21_lora/generated_images/final/positive/gen_1450.png,gen_1450.png,115.0,99.0,4.0,0.047893524169921875,0.8703305455993628,0.037532806396484375,169.66785242402682,27.468598231099364,4.99668591689159,932.8785400390625,0.0,0.0,True,too_empty,,False,
positive,/mnt/MammoDiffusion/MammoDiffusion/experiments/diffusers/04_sd21_lora/generated_images/final/positive/gen_1451.png,gen_1451.png,94.7912,72.0,2.0,0.2521553039550781,0.9740699838126503,0.263397216796875,150.46330089213302,43.05136212139162,5.459654383025714,550.8617553710938,0.0,0.0,False,,-18.71882474586483,True,756.0
positive,/mnt/MammoDiffusion/MammoDiffusion/experiments/diffusers/04_sd21_lora/generated_images/final/positive/gen_1452.png,gen_1452.png,95.5824,55.0,4.0,0.2552986145019531,0.9528576765035488,0.30387115478515625,140.7421351276708,54.09871737799827,6.515780374729437,1740.8145751953125,0.0,0.0,False,,-32.457797599719584,True,1151.0
positive,/mnt/MammoDiffusion/MammoDiffusion/experiments/diffusers/04_sd21_lora/generated_images/final/positive/gen_1453.png,gen_1453.png,60.5824,20.0,4.0,0.5834808349609375,0.9972279609822433,0.5863761901855469,144.49382948963992,52.02688240556423,7.368266681304675,1712.021240234375,0.0,0.0,False,,-9.168534788897144,True,261.0
positive,/mnt/MammoDiffusion/MammoDiffusion/experiments/diffusers/04_sd21_lora/generated_images/final/positive/gen_1454.png,gen_1454.png,122.8956,109.0,1.0,0.13626861572265625,0.5266502435473938,0.06882858276367188,180.87917752036802,26.95043042522686,5.409676098964808,311.68438720703125,0.0,0.0,True,too_empty,,False,
positive,/mnt/MammoDiffusion/MammoDiffusion/experiments/diffusers/04_sd21_lora/generated_images/final/positive/gen_1455.png,gen_1455.png,102.7912,80.0,2.0,0.19623565673828125,0.9265386260254267,0.21450424194335938,145.66641176575197,44.874869953785634,5.659293980180366,975.5186767578125,0.0,0.0,False,,-45.386324136460686,False,
positive,/mnt/MammoDiffusion/MammoDiffusion/experiments/diffusers/04_sd21_lora/generated_images/final/positive/gen_1456.png,gen_1456.png,177.5824,137.0,4.0,0.07732391357421875,0.8724716329551061,0.067718505859375,200.04636097341145,13.257772225643656,5.2175168286059685,1114.025390625,0.0,0.0,True,too_empty,,False,
positive,/mnt/MammoDiffusion/MammoDiffusion/experiments/diffusers/04_sd21_lora/generated_images/final/positive/gen_1457.png,gen_1457.png,145.7912,123.0,2.0,0.08926010131835938,0.6016496431471431,0.053737640380859375,186.62390856818342,26.11827925190956,6.322938634263449,818.4745483398438,0.0,0.0,True,too_empty,,False,
positive,/mnt/MammoDiffusion/MammoDiffusion/experiments/diffusers/04_sd21_lora/generated_images/final/positive/gen_1458.png,gen_1458.png,110.6868,79.0,3.0,0.21891021728515625,0.9563830899522532,0.24978256225585938,146.89503504940515,41.984856751670875,6.065078716466793,1163.66650390625,0.0,0.0,False,,-29.042766462359857,True,1064.0
positive,/mnt/MammoDiffusion/MammoDiffusion/experiments/diffusers/04_sd21_lora/generated_images/final/positive/gen_1459.png,gen_1459.png,80.6868,49.0,3.0,0.32779693603515625,0.9834516466891656,0.35845184326171875,138.0625013302684,50.86272602782328,6.424856171260069,1269.0985107421875,0.0,0.0,False,,-14.121933466293598,True,569.0
positive,/mnt/MammoDiffusion/MammoDiffusion/experiments/diffusers/04_sd21_lora/generated_images/final/positive/gen_1460.png,gen_1460.png,83.8956,70.0,1.0,0.4020729064941406,0.9842885741122,0.4327049255371094,132.41802505487917,45.07366015462833,5.8090531871670175,582.1892700195312,0.0,0.0,False,,-12.206972363524534,True,481.0
positive,/mnt/MammoDiffusion/MammoDiffusion/experiments/diffusers/04_sd21_lora/generated_images/final/positive/gen_1461.png,gen_1461.png,92.5824,52.0,4.0,0.3160743713378906,0.92184124455387,0.3483619689941406,144.276530042378,49.62092654062388,6.657883522359359,1545.93994140625,0.0,0.0,False,,-49.07102154982358,False,
positive,/mnt/MammoDiffusion/MammoDiffusion/experiments/diffusers/04_sd21_lora/generated_images/final/positive/gen_1462.png,gen_1462.png,149.478,100.0,5.0,0.0891876220703125,0.6902908468776732,0.059307098388671875,177.08786261014987,20.58249325836385,5.932758614063586,1323.365966796875,0.0,0.0,True,too_empty,,False,
positive,/mnt/MammoDiffusion/MammoDiffusion/experiments/diffusers/04_sd21_lora/generated_images/final/positive/gen_1463.png,gen_1463.png,108.7912,86.0,2.0,0.3076057434082031,0.9611344668080409,0.3567619323730469,147.21091068507212,44.291379526273715,6.003285078434528,740.1223754882812,0.0,0.0,False,,-25.562240418568738,True,984.0
positive,/mnt/MammoDiffusion/MammoDiffusion/experiments/diffusers/04_sd21_lora/generated_images/final/positive/gen_1464.png,gen_1464.png,127.0,115.0,3.0,0.0416259765625,0.49560117302052786,0.012989044189453125,185.9812041116006,26.357860269049606,4.597460318756354,685.8887329101562,0.0,0.0,True,too_empty,,False,
positive,/mnt/MammoDiffusion/MammoDiffusion/experiments/diffusers/04_sd21_lora/generated_images/final/positive/gen_1465.png,gen_1465.png,115.8956,102.0,1.0,0.2249755859375,0.9473853771025502,0.2552947998046875,147.75167354013507,39.5000898548104,5.167959970035847,460.9898376464844,0.0,0.0,False,,-33.1969019827576,True,1176.0
positive,/mnt/MammoDiffusion/MammoDiffusion/experiments/diffusers/04_sd21_lora/generated_images/final/positive/gen_1466.png,gen_1466.png,72.6868,41.0,3.0,0.34942626953125,0.9151200873362445,0.3838005065917969,128.23201240421028,58.07925824156995,6.70965496451969,1538.4205322265625,0.0,0.0,False,,-52.71266431938109,False,
positive,/mnt/MammoDiffusion/MammoDiffusion/experiments/diffusers/04_sd21_lora/generated_images/final/positive/gen_1467.png,gen_1467.png,161.8956,148.0,1.0,0.07586669921875,0.6251508447304908,0.044094085693359375,193.82065922657668,15.459485566086935,6.178588311794597,631.225341796875,0.0,0.0,True,too_empty,,False,
positive,/mnt/MammoDiffusion/MammoDiffusion/experiments/diffusers/04_sd21_lora/generated_images/final/positive/gen_1468.png,gen_1468.png,201.0,198.0,0.0,0.048992156982421875,0.15673907965428638,0.006420135498046875,219.0736779560309,12.06126330240994,6.123281126254223,1083.4688720703125,0.0,0.0,True,too_empty,,False,
positive,/mnt/MammoDiffusion/MammoDiffusion/experiments/diffusers/04_sd21_lora/generated_images/final/positive/gen_1469.png,gen_1469.png,106.8956,93.0,1.0,0.3208427429199219,0.9363311020485809,0.30245208740234375,144.83365285170143,36.242137198759565,5.814582335966213,383.3880920410156,0.0,0.0,False,,-39.890236539384205,True,1329.0
positive,/mnt/MammoDiffusion/MammoDiffusion/experiments/diffusers/04_sd21_lora/generated_images/final/positive/gen_1470.png,gen_1470.png,103.7912,81.0,2.0,0.24814224243164062,0.931497793970699,0.2868614196777344,145.14923070785517,45.425165074615826,5.630390372078726,786.7738647460938,0.0,0.0,False,,-42.08110965236098,False,
positive,/mnt/MammoDiffusion/MammoDiffusion/experiments/diffusers/04_sd21_lora/generated_images/final/positive/gen_1471.png,gen_1471.png,203.0,180.0,18.0,0.041721343994140625,0.0809179848221633,0.001560211181640625,247.4205378973105,14.001018779004292,6.947309556053349,1894.5030517578125,0.0,0.0,True,too_empty,,False,
positive,/mnt/MammoDiffusion/MammoDiffusion/experiments/diffusers/04_sd21_lora/generated_images/final/positive/gen_1472.png,gen_1472.png,49.7912,27.0,2.0,0.3361396789550781,0.9932022197759797,0.3675346374511719,121.7743261336627,64.7313816145885,6.173986864275046,1618.016357421875,0.0,0.0,False,,-9.311009748887576,True,273.0
positive,/mnt/MammoDiffusion/MammoDiffusion/experiments/diffusers/04_sd21_lora/generated_images/final/positive/gen_1473.png,gen_1473.png,100.7912,78.0,2.0,0.2688407897949219,0.9707413976587442,0.2827568054199219,158.49496107820784,48.685101702405866,5.976650934601602,834.21826171875,0.0,0.0,False,,-21.240017774568987,True,855.0
positive,/mnt/MammoDiffusion/MammoDiffusion/experiments/diffusers/04_sd21_lora/generated_images/final/positive/gen_1474.png,gen_1474.png,210.0,198.0,9.0,0.03964996337890625,0.23523186453723302,0.010898590087890625,220.99089954497725,9.58483232176709,6.498272524992354,1293.459228515625,0.0,0.0,True,too_empty,,False,
positive,/mnt/MammoDiffusion/MammoDiffusion/experiments/diffusers/04_sd21_lora/generated_images/final/positive/gen_1475.png,gen_1475.png,96.5824,56.0,4.0,0.22617721557617188,0.9326879290280143,0.21540451049804688,162.3168930525794,49.28403926977909,6.377301196840773,1626.2913818359375,0.0,0.0,False,,-44.29500858635942,False,
positive,/mnt/MammoDiffusion/MammoDiffusion/experiments/diffusers/04_sd21_lora/generated_images/final/positive/gen_1476.png,gen_1476.png,108.5824,68.0,4.0,0.24486160278320312,0.9135989032388727,0.2678871154785156,156.98644357422572,47.026358937821726,6.383346754707118,1468.140869140625,0.0,0.0,False,,-54.0289091266567,False,
positive,/mnt/MammoDiffusion/MammoDiffusion/experiments/diffusers/04_sd21_lora/generated_images/final/positive/gen_1477.png,gen_1477.png,64.47800000000001,15.0,5.0,0.5359687805175781,0.9777866349705696,0.6295890808105469,116.12110177347722,54.65694018152505,7.54226855824515,2286.316162109375,0.0,0.0,False,,-20.45206233856641,True,827.0
positive,/mnt/MammoDiffusion/MammoDiffusion/experiments/diffusers/04_sd21_lora/generated_images/final/positive/gen_1478.png,gen_1478.png,103.8956,90.0,1.0,0.2123565673828125,0.8562908672846159,0.24552536010742188,142.45195220856704,50.23138669420512,5.55495173420729,939.654296875,0.0,0.0,False,,-84.3142360670778,False,
positive,/mnt/MammoDiffusion/MammoDiffusion/experiments/diffusers/04_sd21_lora/generated_images/final/positive/gen_1479.png,gen_1479.png,93.5824,53.0,4.0,0.24285888671875,0.9560348077406383,0.28870391845703125,147.32932533495415,58.66649978817863,6.536879831457349,2013.900146484375,0.0,0.0,False,,-31.67695409043845,True,1134.0
positive,/mnt/MammoDiffusion/MammoDiffusion/experiments/diffusers/04_sd21_lora/generated_images/final/positive/gen_1480.png,gen_1480.png,137.478,88.0,5.0,0.059947967529296875,0.9365574292077633,0.05390167236328125,171.13934890304316,24.687032709630436,5.502020647913755,1599.0765380859375,0.0,0.0,True,too_empty,,False,
positive,/mnt/MammoDiffusion/MammoDiffusion/experiments/diffusers/04_sd21_lora/generated_images/final/positive/gen_1481.png,gen_1481.png,76.6868,45.0,3.0,0.3212165832519531,0.8999109316548899,0.3492279052734375,139.87761611395115,59.3072925393108,6.421703450854141,1410.1639404296875,0.0,0.0,False,,-61.39128607175412,False,
positive,/mnt/MammoDiffusion/MammoDiffusion/experiments/diffusers/04_sd21_lora/generated_images/final/positive/gen_1482.png,gen_1482.png,64.6868,33.0,3.0,0.46433258056640625,0.9938466341335174,0.464508056640625,137.01970961172066,47.00053525766869,6.876442856775682,1295.84619140625,0.0,0.0,False,,-8.64374025615997,True,195.0
positive,/mnt/MammoDiffusion/MammoDiffusion/experiments/diffusers/04_sd21_lora/generated_images/final/positive/gen_1483.png,gen_1483.png,26.7912,4.0,2.0,0.6702461242675781,0.9872624515512148,0.6876945495605469,104.38077936485924,58.7331887932103,7.2149197102289815,1560.071044921875,0.0,0.0,False,,-14.294630216157586,True,578.0
positive,/mnt/MammoDiffusion/MammoDiffusion/experiments/diffusers/04_sd21_lora/generated_images/final/positive/gen_1484.png,gen_1484.png,113.7912,91.0,2.0,0.2999687194824219,0.9037960195841547,0.3266792297363281,149.2343963473732,40.855040639963754,6.093481574244638,561.195556640625,0.0,0.0,False,,-57.729874658032244,False,
positive,/mnt/MammoDiffusion/MammoDiffusion/experiments/diffusers/04_sd21_lora/generated_images/final/positive/gen_1485.png,gen_1485.png,33.8956,20.0,1.0,0.6178703308105469,0.9949497132202678,0.614471435546875,118.47683138813012,53.8422135075558,6.723659854956472,1411.7333984375,0.0,0.0,False,,-8.951224931985319,True,240.0
positive,/mnt/MammoDiffusion/MammoDiffusion/experiments/diffusers/04_sd21_lora/generated_images/final/positive/gen_1486.png,gen_1486.png,101.8956,88.0,1.0,0.22499847412109375,0.858194025295853,0.25679779052734375,144.69061766540895,52.2022677902282,5.541233892160355,844.4342041015625,0.0,0.0,False,,-83.29034908245315,False,
positive,/mnt/MammoDiffusion/MammoDiffusion/experiments/diffusers/04_sd21_lora/generated_images/final/positive/gen_1487.png,gen_1487.png,115.7912,93.0,2.0,0.21142196655273438,0.8012557963300435,0.19604110717773438,169.36942266155552,42.02984766820086,5.811569033291359,985.5874633789062,0.0,0.0,False,,-115.75807037556018,False,
positive,/mnt/MammoDiffusion/MammoDiffusion/experiments/diffusers/04_sd21_lora/generated_images/final/positive/gen_1488.png,gen_1488.png,95.0,90.0,0.0,0.3250885009765625,0.9916099507157944,0.33263397216796875,138.1659212367256,41.24263672976483,4.761787353234078,293.1203308105469,0.0,0.0,False,,-7.639549419151697,True,80.0
positive,/mnt/MammoDiffusion/MammoDiffusion/experiments/diffusers/04_sd21_lora/generated_images/final/positive/gen_1489.png,gen_1489.png,108.6868,77.0,3.0,0.177490234375,0.8827587689133425,0.15076065063476562,159.38493459173603,37.37966446552418,5.977137723968277,1237.2626953125,0.0,0.0,False,,-71.0667196275496,False,
positive,/mnt/MammoDiffusion/MammoDiffusion/experiments/diffusers/04_sd21_lora/generated_images/final/positive/gen_1490.png,gen_1490.png,121.6868,90.0,3.0,0.07321929931640625,0.9545691361883922,0.068359375,175.0744419642857,25.4074351709373,4.966103068657248,818.5606689453125,0.0,0.0,True,too_empty,,False,
positive,/mnt/MammoDiffusion/MammoDiffusion/experiments/diffusers/04_sd21_lora/generated_images/final/positive/gen_1491.png,gen_1491.png,98.7912,76.0,2.0,0.20691680908203125,0.8873750967884665,0.21993255615234375,146.8786901169043,47.75909513358983,5.530843125086109,671.7968139648438,0.0,0.0,False,,-67.29207910568745,False,
positive,/mnt/MammoDiffusion/MammoDiffusion/experiments/diffusers/04_sd21_lora/generated_images/final/positive/gen_1492.png,gen_1492.png,62.8956,49.0,1.0,0.438568115234375,0.971687773989284,0.45389556884765625,123.88933992234381,49.09344599062599,6.127210795530338,817.3213500976562,0.0,0.0,False,,-19.393405054892067,True,789.0
positive,/mnt/MammoDiffusion/MammoDiffusion/experiments/diffusers/04_sd21_lora/generated_images/final/positive/gen_1493.png,gen_1493.png,61.0,56.0,0.0,0.5398139953613281,0.9935763803008996,0.5343093872070312,137.04145188696756,38.40324185881379,5.8109738310582895,379.55572509765625,0.0,0.0,False,,-7.92932399645682,True,111.0
positive,/mnt/MammoDiffusion/MammoDiffusion/experiments/diffusers/04_sd21_lora/generated_images/final/positive/gen_1494.png,gen_1494.png,45.7912,23.0,2.0,0.4300880432128906,0.9940839948556477,0.43204498291015625,139.165480584153,53.48190740657785,6.572803503384737,1356.3580322265625,0.0,0.0,False,,-8.591616488743277,True,187.0
positive,/mnt/MammoDiffusion/MammoDiffusion/experiments/diffusers/04_sd21_lora/generated_images/final/positive/gen_1495.png,gen_1495.png,106.6868,75.0,3.0,0.2537994384765625,0.9702248542054951,0.28772735595703125,143.6474160103943,42.631760373778725,6.061859435887181,941.6705322265625,0.0,0.0,False,,-20.77131273050498,True,837.0
positive,/mnt/MammoDiffusion/MammoDiffusion/experiments/diffusers/04_sd21_lora/generated_images/final/positive/gen_1496.png,gen_1496.png,50.6868,19.0,3.0,0.3774871826171875,0.9931080480213428,0.40697479248046875,121.42004574170932,61.12895214832399,6.60900861904123,1869.861572265625,0.0,0.0,False,,-9.630375223708056,True,297.0
positive,/mnt/MammoDiffusion/MammoDiffusion/experiments/diffusers/04_sd21_lora/generated_images/final/positive/gen_1497.png,gen_1497.png,84.7912,62.0,2.0,0.3163909912109375,0.9278635157945503,0.3607139587402344,136.65518882390887,53.89636127383039,5.930993904525648,999.7445678710938,0.0,0.0,False,,-44.32403338388679,False,
positive,/mnt/MammoDiffusion/MammoDiffusion/experiments/diffusers/04_sd21_lora/generated_images/final/positive/gen_1498.png,gen_1498.png,84.8956,71.0,1.0,0.399627685546875,0.9532073310423826,0.4613685607910156,125.40927694406548,45.453266050901384,6.0082681184008875,912.9951171875,0.0,0.0,False,,-29.395998364850357,True,1074.0
positive,/mnt/MammoDiffusion/MammoDiffusion/experiments/diffusers/04_sd21_lora/generated_images/final/positive/gen_1499.png,gen_1499.png,68.8956,55.0,1.0,0.4933738708496094,0.987420265202768,0.5093345642089844,126.99373871883402,47.12296956987334,6.227308216136013,827.6085205078125,0.0,0.0,False,,-11.073662336040883,True,418.0
positive,/mnt/MammoDiffusion/MammoDiffusion/experiments/diffusers/04_sd21_lora/generated_images/final/positive/gen_1500.png,gen_1500.png,147.5824,107.0,4.0,0.13890838623046875,0.7115395177678915,0.0545654296875,197.7611157718121,24.629731078629597,6.0092697287672605,1176.1202392578125,0.0,0.0,True,too_empty,,False,
positive,/mnt/MammoDiffusion/MammoDiffusion/experiments/diffusers/04_sd21_lora/generated_images/final/positive/gen_1501.png,gen_1501.png,38.7912,16.0,2.0,0.8833122253417969,0.9985964457688238,0.8794212341308594,118.27588435595463,46.105702553166246,7.3619469118252105,962.128173828125,0.0,0.0,False,,-8.314948887103757,True,156.0
positive,/mnt/MammoDiffusion/MammoDiffusion/experiments/diffusers/04_sd21_lora/generated_images/final/positive/gen_1502.png,gen_1502.png,183.7912,161.0,2.0,0.054721832275390625,0.5333565702335309,0.027496337890625,196.20990566037736,10.139806644726114,6.05383552487858,496.10455322265625,0.0,0.0,True,too_empty,,False,
positive,/mnt/MammoDiffusion/MammoDiffusion/experiments/diffusers/04_sd21_lora/generated_images/final/positive/gen_1503.png,gen_1503.png,83.7912,61.0,2.0,0.24327468872070312,0.8854374108164897,0.2730064392089844,133.62727234619308,55.748794876135854,5.7812047041178385,1041.41162109375,0.0,0.0,False,,-68.41395430365895,False,
positive,/mnt/MammoDiffusion/MammoDiffusion/experiments/diffusers/04_sd21_lora/generated_images/final/positive/gen_1504.png,gen_1504.png,73.47800000000001,24.0,5.0,0.37067413330078125,0.9908510857260472,0.3913230895996094,141.43706072156206,50.972341278315675,6.919998372407759,2001.615234375,0.0,0.0,False,,-11.292792688789898,True,433.0
positive,/mnt/MammoDiffusion/MammoDiffusion/experiments/diffusers/04_sd21_lora/generated_images/final/positive/gen_1505.png,gen_1505.png,85.6868,54.0,3.0,0.301177978515625,0.9877267200324248,0.3449592590332031,137.26416304504087,51.89378550881571,6.448124960384442,1316.0595703125,0.0,0.0,False,,-11.96842124179161,True,467.0
positive,/mnt/MammoDiffusion/MammoDiffusion/experiments/diffusers/04_sd21_lora/generated_images/final/positive/gen_1506.png,gen_1506.png,93.8956,80.0,1.0,0.41637420654296875,0.9204764086120019,0.418609619140625,141.43688488736603,41.9941008904024,5.899563841376411,636.7933959960938,0.0,0.0,False,,-47.62274810057224,False,
positive,/mnt/MammoDiffusion/MammoDiffusion/experiments/diffusers/04_sd21_lora/generated_images/final/positive/gen_1507.png,gen_1507.png,120.6868,89.0,3.0,0.1865234375,0.9084792212041884,0.19803619384765625,159.3676464922757,39.35110322493173,5.909942619878355,1018.7596435546875,0.0,0.0,False,,-55.99195961883415,False,
positive,/mnt/MammoDiffusion/MammoDiffusion/experiments/diffusers/04_sd21_lora/generated_images/final/positive/gen_1508.png,gen_1508.png,95.6868,64.0,3.0,0.37583160400390625,0.9409573496274943,0.4132652282714844,148.2811279826464,48.521423286116,6.549375869022279,1222.94384765625,0.0,0.0,False,,-37.70363432849469,True,1287.0
positive,/mnt/MammoDiffusion/MammoDiffusion/experiments/diffusers/04_sd21_lora/generated_images/final/positive/gen_1509.png,gen_1509.png,51.5824,11.0,4.0,0.3648223876953125,0.9687147099418629,0.42205047607421875,111.0721000018077,62.61816493611152,7.013399215457561,2727.21826171875,0.0,0.0,False,,-24.51951603945176,True,951.0
positive,/mnt/MammoDiffusion/MammoDiffusion/experiments/diffusers/04_sd21_lora/generated_images/final/positive/gen_1510.png,gen_1510.png,76.6868,45.0,3.0,0.2867469787597656,0.9184238183293645,0.32038116455078125,133.09592074869622,59.67584880393359,6.499554379401598,1457.510009765625,0.0,0.0,False,,-51.260629128541495,False,
positive,/mnt/MammoDiffusion/MammoDiffusion/experiments/diffusers/04_sd21_lora/generated_images/final/positive/gen_1511.png,gen_1511.png,84.8956,71.0,1.0,0.24969863891601562,0.9109033411247078,0.28725433349609375,138.2266872061831,59.79046132077981,5.637281582192403,1024.088623046875,0.0,0.0,False,,-54.4410548655418,False,
positive,/mnt/MammoDiffusion/MammoDiffusion/experiments/diffusers/04_sd21_lora/generated_images/final/positive/gen_1512.png,gen_1512.png,70.7912,48.0,2.0,0.2725334167480469,0.9565947678568929,0.3051567077636719,133.14963435214702,57.50560269970593,5.931700827204217,1262.725830078125,0.0,0.0,False,,-29.218394339793818,True,1070.0
positive,/mnt/MammoDiffusion/MammoDiffusion/experiments/diffusers/04_sd21_lora/generated_images/final/positive/gen_1513.png,gen_1513.png,89.8956,76.0,1.0,0.2945289611816406,0.8381276794156122,0.27121734619140625,134.26850263017243,47.16910776797157,6.375147215852746,806.3157348632812,0.0,0.0,False,,-94.52945199272689,False,
positive,/mnt/MammoDiffusion/MammoDiffusion/experiments/diffusers/04_sd21_lora/generated_images/final/positive/gen_1514.png,gen_1514.png,126.0,122.0,1.0,0.030853271484375,0.4521513353115727,0.013240814208984375,167.22702391241717,23.176344159424417,3.0021995094587717,81.94132995605469,0.0,0.0,True,too_empty,,False,
positive,/mnt/MammoDiffusion/MammoDiffusion/experiments/diffusers/04_sd21_lora/generated_images/final/positive/gen_1515.png,gen_1515.png,129.478,80.0,5.0,0.13063430786132812,0.5295955613958242,0.0671844482421875,196.56342266636383,26.83362632930113,6.113714477677709,1340.0543212890625,0.0,0.0,True,too_empty,,False,
positive,/mnt/MammoDiffusion/MammoDiffusion/experiments/diffusers/04_sd21_lora/generated_images/final/positive/gen_1516.png,gen_1516.png,120.7912,98.0,2.0,0.2158660888671875,0.9304976320067859,0.2598533630371094,149.99377559858482,38.70751011478847,5.481714617466226,491.0614318847656,0.0,0.0,False,,-42.939414083798006,False,
positive,/mnt/MammoDiffusion/MammoDiffusion/experiments/diffusers/04_sd21_lora/generated_images/final/positive/gen_1517.png,gen_1517.png,209.0,192.0,13.0,0.047458648681640625,0.10256410256410256,0.004512786865234375,233.1090448013525,12.327557224970924,7.033514789111139,1628.05810546875,0.0,0.0,True,too_empty,,False,
positive,/mnt/MammoDiffusion/MammoDiffusion/experiments/diffusers/04_sd21_lora/generated_images/final/positive/gen_1518.png,gen_1518.png,113.8956,100.0,1.0,0.13124465942382812,0.9608487138497311,0.13797760009765625,158.83079900470003,38.487362783101034,4.544425247675834,335.0539855957031,0.0,0.0,False,,-26.46340846016394,True,1003.0
positive,/mnt/MammoDiffusion/MammoDiffusion/experiments/diffusers/04_sd21_lora/generated_images/final/positive/gen_1519.png,gen_1519.png,79.5824,39.0,4.0,0.4628791809082031,0.9900198613823852,0.4790000915527344,143.80967929471916,48.430863851446546,7.008453376605609,1393.197265625,0.0,0.0,False,,-11.42465050822947,True,444.0
positive,/mnt/MammoDiffusion/MammoDiffusion/experiments/diffusers/04_sd21_lora/generated_images/final/positive/gen_1520.png,gen_1520.png,103.6868,72.0,3.0,0.21826553344726562,0.9576174913050317,0.22893905639648438,158.1018911938682,50.00115968585138,6.039642441503382,984.109375,0.0,0.0,False,,-29.160151210414526,True,1067.0
positive,/mnt/MammoDiffusion/MammoDiffusion/experiments/diffusers/04_sd21_lora/generated_images/final/positive/gen_1521.png,gen_1521.png,109.7912,87.0,2.0,0.2642784118652344,0.9881782358290391,0.2768669128417969,152.25689248956309,36.112608118797986,5.650671610949659,606.9542846679688,0.0,0.0,False,,-11.074467460952551,True,419.0
positive,/mnt/MammoDiffusion/MammoDiffusion/experiments/diffusers/04_sd21_lora/generated_images/final/positive/gen_1522.png,gen_1522.png,95.6868,64.0,3.0,0.20374298095703125,0.8513574237034264,0.23012161254882812,148.10554496477414,54.48296752599487,6.012858101233235,1557.450927734375,0.0,0.0,False,,-88.842380630362,False,
positive,/mnt/MammoDiffusion/MammoDiffusion/experiments/diffusers/04_sd21_lora/generated_images/final/positive/gen_1523.png,gen_1523.png,15.8956,2.0,1.0,0.7662773132324219,0.9885550715619166,0.7634658813476562,115.42069472064276,53.94619399419178,7.287715744819224,1644.8560791015625,0.0,0.0,False,,-14.263301110875965,True,573.0
positive,/mnt/MammoDiffusion/MammoDiffusion/experiments/diffusers/04_sd21_lora/generated_images/final/positive/gen_1524.png,gen_1524.png,115.7912,93.0,2.0,0.2239837646484375,0.8936405749710471,0.2631263732910156,151.89058671731158,45.11405620693097,5.865293006900901,786.976318359375,0.0,0.0,False,,-63.67603757023236,False,
positive,/mnt/MammoDiffusion/MammoDiffusion/experiments/diffusers/04_sd21_lora/generated_images/final/positive/gen_1525.png,gen_1525.png,111.47800000000001,62.0,5.0,0.15871047973632812,0.9040740295637544,0.16594314575195312,160.75959173352337,46.41876184022225,6.038908101219784,1247.9349365234375,0.0,0.0,False,,-59.4666478688492,False,
positive,/mnt/MammoDiffusion/MammoDiffusion/experiments/diffusers/04_sd21_lora/generated_images/final/positive/gen_1526.png,gen_1526.png,80.8956,67.0,1.0,0.4073944091796875,0.9837915277725757,0.4254570007324219,133.4374927150299,45.81410675076056,5.835807146039209,665.1890258789062,0.0,0.0,False,,-12.441639320682341,True,494.0
positive,/mnt/MammoDiffusion/MammoDiffusion/experiments/diffusers/04_sd21_lora/generated_images/final/positive/gen_1527.png,gen_1527.png,86.6868,55.0,3.0,0.28731536865234375,0.9355665312408721,0.2901039123535156,141.4364028455338,51.57833857052673,6.433139285625316,1429.9888916015625,0.0,0.0,False,,-41.53027045226071,False,
positive,/mnt/MammoDiffusion/MammoDiffusion/experiments/diffusers/04_sd21_lora/generated_images/final/positive/gen_1528.png,gen_1528.png,76.7912,54.0,2.0,0.38394927978515625,0.940039741679086,0.45301055908203125,124.50833656129478,55.20820232456987,6.652679479760694,1212.9710693359375,0.0,0.0,False,,-38.316445659342136,True,1302.0
positive,/mnt/MammoDiffusion/MammoDiffusion/experiments/diffusers/04_sd21_lora/generated_images/final/positive/gen_1529.png,gen_1529.png,117.7912,95.0,2.0,0.15091705322265625,0.9684293008442445,0.16444778442382812,159.40559975875107,37.91333819903462,5.296195196976617,627.7975463867188,0.0,0.0,False,,-22.514153744755802,True,892.0
positive,/mnt/MammoDiffusion/MammoDiffusion/experiments/diffusers/04_sd21_lora/generated_images/final/positive/gen_1530.png,gen_1530.png,82.7912,60.0,2.0,0.2895317077636719,0.9514486356868997,0.3319740295410156,129.71835679402471,50.99332195999973,6.156047739668856,1293.1112060546875,0.0,0.0,False,,-31.588684005667034,True,1127.0
positive,/mnt/MammoDiffusion/MammoDiffusion/experiments/diffusers/04_sd21_lora/generated_images/final/positive/gen_1531.png,gen_1531.png,117.6868,86.0,3.0,0.213775634765625,0.8858315488936473,0.2555122375488281,155.37849539421626,51.053372551468364,6.154882238703003,1169.4423828125,0.0,0.0,False,,-69.1719872447385,False,
positive,/mnt/MammoDiffusion/MammoDiffusion/experiments/diffusers/04_sd21_lora/generated_images/final/positive/gen_1532.png,gen_1532.png,80.7912,58.0,2.0,0.3355369567871094,0.9906888436657988,0.35613250732421875,137.08449195569742,48.88286966223903,5.8491210888465,1037.889892578125,0.0,0.0,False,,-9.097491997206507,True,253.0
positive,/mnt/MammoDiffusion/MammoDiffusion/experiments/diffusers/04_sd21_lora/generated_images/final/positive/gen_1533.png,gen_1533.png,113.7912,91.0,2.0,0.2592277526855469,0.911397248178942,0.2935752868652344,151.24782026793488,40.15683425793648,5.845734489798159,708.3704223632812,0.0,0.0,False,,-53.34423043348072,False,
positive,/mnt/MammoDiffusion/MammoDiffusion/experiments/diffusers/04_sd21_lora/generated_images/final/positive/gen_1534.png,gen_1534.png,58.6868,27.0,3.0,0.5993804931640625,0.9971360199587587,0.6102294921875,129.42678535707142,49.5740651275926,7.293132693258156,1416.2322998046875,0.0,0.0,False,,-8.30853389085413,True,155.0
positive,/mnt/MammoDiffusion/MammoDiffusion/experiments/diffusers/04_sd21_lora/generated_images/final/positive/gen_1535.png,gen_1535.png,77.7912,55.0,2.0,0.3568229675292969,0.9922492222495429,0.3822593688964844,133.10820601355195,47.47485989673867,5.9834087960138405,809.5347290039062,0.0,0.0,False,,-7.803112016808004,True,96.0
positive,/mnt/MammoDiffusion/MammoDiffusion/experiments/diffusers/04_sd21_lora/generated_images/final/positive/gen_1536.png,gen_1536.png,138.7912,116.0,2.0,0.11487960815429688,0.9078532292877304,0.11550521850585938,171.82033752765943,31.945355187059057,4.982266867759342,600.0614624023438,0.0,0.0,True,too_empty,,False,
positive,/mnt/MammoDiffusion/MammoDiffusion/experiments/diffusers/04_sd21_lora/generated_images/final/positive/gen_1537.png,gen_1537.png,111.5824,71.0,4.0,0.25988006591796875,0.8379179755159557,0.20966339111328125,163.549161238674,39.72247518554842,6.594172617956328,1603.270751953125,0.0,0.0,False,,-96.58732239460915,False,
positive,/mnt/MammoDiffusion/MammoDiffusion/experiments/diffusers/04_sd21_lora/generated_images/final/positive/gen_1538.png,gen_1538.png,178.0,166.0,4.0,0.049282073974609375,0.4976391361560492,0.023502349853515625,198.00470702807985,12.68208950340616,6.8606438235456855,1441.643798828125,0.0,0.0,True,too_empty,,False,
positive,/mnt/MammoDiffusion/MammoDiffusion/experiments/diffusers/04_sd21_lora/generated_images/final/positive/gen_1539.png,gen_1539.png,97.6868,66.0,3.0,0.3501548767089844,0.9731237267270212,0.3928985595703125,148.42138529651638,50.33544304025484,6.599494105398721,1336.687744140625,0.0,0.0,False,,-20.15867487451348,True,816.0
positive,/mnt/MammoDiffusion/MammoDiffusion/experiments/diffusers/04_sd21_lora/generated_images/final/positive/gen_1540.png,gen_1540.png,99.5824,59.0,4.0,0.20056533813476562,0.8701523479848603,0.16778945922851562,155.90719563487554,43.36231699052116,6.250169391953414,1498.72265625,0.0,0.0,False,,-78.44169998202432,False,
positive,/mnt/MammoDiffusion/MammoDiffusion/experiments/diffusers/04_sd21_lora/generated_images/final/positive/gen_1541.png,gen_1541.png,220.0,253.0,1.0,0.184967041015625,0.9283740306880053,0.15069198608398438,252.6090676657469,10.373563038547976,6.978384956566485,1496.7586669921875,0.0,0.0,False,,-51.80133764078299,False,
positive,/mnt/MammoDiffusion/MammoDiffusion/experiments/diffusers/04_sd21_lora/generated_images/final/positive/gen_1542.png,gen_1542.png,113.6868,82.0,3.0,0.24267959594726562,0.9843752456104501,0.23738479614257812,169.47254495492456,46.697600933819544,6.072866768990284,1279.9371337890625,0.0,0.0,False,,-14.75759360669465,True,603.0
positive,/mnt/MammoDiffusion/MammoDiffusion/experiments/diffusers/04_sd21_lora/generated_images/final/positive/gen_1543.png,gen_1543.png,46.7912,24.0,2.0,0.37635040283203125,0.9408664274564658,0.45508575439453125,96.57957384029908,61.41124261148039,6.413044079494515,2078.85205078125,0.0,0.0,False,,-38.28649725924957,True,1300.0
positive,/mnt/MammoDiffusion/MammoDiffusion/experiments/diffusers/04_sd21_lora/generated_images/final/positive/gen_1544.png,gen_1544.png,83.47800000000001,34.0,5.0,0.4015769958496094,0.9309591435438059,0.3736991882324219,135.02739809928238,49.08093785867753,7.348442674991274,2031.3104248046875,0.0,0.0,False,,-44.79510508397448,False,
positive,/mnt/MammoDiffusion/MammoDiffusion/experiments/diffusers/04_sd21_lora/generated_images/final/positive/gen_1545.png,gen_1545.png,101.7912,79.0,2.0,0.17187118530273438,0.8923759849073355,0.19816207885742188,142.3516276204593,53.250724457262535,5.225654667871284,836.193115234375,0.0,0.0,False,,-64.40846688089084,False,
positive,/mnt/MammoDiffusion/MammoDiffusion/experiments/diffusers/04_sd21_lora/generated_images/final/positive/gen_1546.png,gen_1546.png,17.8956,4.0,1.0,0.5503578186035156,0.9960838133261247,0.5625572204589844,97.8230499555845,62.925692585128715,6.598046505550755,1852.020263671875,0.0,0.0,False,,-8.400346789359416,True,169.0
positive,/mnt/MammoDiffusion/MammoDiffusion/experiments/diffusers/04_sd21_lora/generated_images/final/positive/gen_1547.png,gen_1547.png,200.0,192.0,4.0,0.048076629638671875,0.1325081329842101,0.0056610107421875,221.21293800539084,12.850810739060131,6.294580347497279,1315.2994384765625,0.0,0.0,True,too_empty,,False,
positive,/mnt/MammoDiffusion/MammoDiffusion/experiments/diffusers/04_sd21_lora/generated_images/final/positive/gen_1548.png,gen_1548.png,71.7912,49.0,2.0,0.47457122802734375,0.9690529395688311,0.5706253051757812,116.65821667803137,53.055835970690865,6.843953786344167,1334.6029052734375,0.0,0.0,False,,-22.946814225834753,True,904.0
positive,/mnt/MammoDiffusion/MammoDiffusion/experiments/diffusers/04_sd21_lora/generated_images/final/positive/gen_1549.png,gen_1549.png,175.8956,162.0,1.0,0.05045318603515625,0.48223196733706336,0.02338409423828125,198.21549755301794,16.31076830692622,5.795371868083254,873.7807006835938,0.0,0.0,True,too_empty,,False,
positive,/mnt/MammoDiffusion/MammoDiffusion/experiments/diffusers/04_sd21_lora/generated_images/final/positive/gen_1550.png,gen_1550.png,87.7912,65.0,2.0,0.2667388916015625,0.9436245066071735,0.2757530212402344,135.72885857761423,46.86396584892612,5.894890599314318,1023.0708618164062,0.0,0.0,False,,-35.614160380978916,True,1245.0
positive,/mnt/MammoDiffusion/MammoDiffusion/experiments/diffusers/04_sd21_lora/generated_images/final/positive/gen_1551.png,gen_1551.png,181.0,166.0,2.0,0.049434661865234375,0.3655374643105178,0.01924896240234375,192.0965120887832,9.560247645337585,6.020622959077663,837.7462158203125,0.0,0.0,True,too_empty,,False,
positive,/mnt/MammoDiffusion/MammoDiffusion/experiments/diffusers/04_sd21_lora/generated_images/final/positive/gen_1552.png,gen_1552.png,37.7912,15.0,2.0,0.66973876953125,0.9968274400801969,0.6806106567382812,120.02486856707283,54.6601498479849,7.3218281972661945,1595.646484375,0.0,0.0,False,,-9.275577417350192,True,272.0
positive,/mnt/MammoDiffusion/MammoDiffusion/experiments/diffusers/04_sd21_lora/generated_images/final/positive/gen_1553.png,gen_1553.png,132.6868,101.0,3.0,0.13436126708984375,0.9047186417579922,0.1170501708984375,176.42122930517533,31.993399081292083,5.465671394758629,811.4739990234375,0.0,0.0,True,too_empty,,False,
positive,/mnt/MammoDiffusion/MammoDiffusion/experiments/diffusers/04_sd21_lora/generated_images/final/positive/gen_1554.png,gen_1554.png,121.7912,99.0,2.0,0.13969039916992188,0.3954777574483192,0.05322265625,183.13833142201835,27.1607818736223,5.549908276781711,711.925537109375,0.0,0.0,True,too_empty,,False,
positive,/mnt/MammoDiffusion/MammoDiffusion/experiments/diffusers/04_sd21_lora/generated_images/final/positive/gen_1555.png,gen_1555.png,95.7912,73.0,2.0,0.5148811340332031,0.9753876701266179,0.5488471984863281,137.04485081006692,38.66472155155349,6.51561160347692,507.71307373046875,0.0,0.0,False,,-18.64444582980851,True,755.0
positive,/mnt/MammoDiffusion/MammoDiffusion/experiments/diffusers/04_sd21_lora/generated_images/final/positive/gen_1556.png,gen_1556.png,112.7912,90.0,2.0,0.21729660034179688,0.9555676491757807,0.23394012451171875,148.2488504060268,45.28446026852757,5.436474796601264,709.6808471679688,0.0,0.0,False,,-29.06217634492327,True,1065.0
positive,/mnt/MammoDiffusion/MammoDiffusion/experiments/diffusers/04_sd21_lora/generated_images/final/positive/gen_1557.png,gen_1557.png,83.6868,52.0,3.0,0.24162673950195312,0.9032853917683649,0.26049041748046875,137.74773745716544,59.00370346514311,6.297196141403928,1591.329833984375,0.0,0.0,False,,-60.129976970023485,False,
positive,/mnt/MammoDiffusion/MammoDiffusion/experiments/diffusers/04_sd21_lora/generated_images/final/positive/gen_1558.png,gen_1558.png,106.6868,75.0,3.0,0.220306396484375,0.9176478736667129,0.264617919921875,148.6198247030331,53.58339453391018,6.179198239608786,1415.3646240234375,0.0,0.0,False,,-51.744034311858115,False,
positive,/mnt/MammoDiffusion/MammoDiffusion/experiments/diffusers/04_sd21_lora/generated_images/final/positive/gen_1559.png,gen_1559.png,220.0,253.0,0.0,0.41919708251953125,0.9334334334334334,0.3876991271972656,251.3602471638149,17.321044121718646,5.6881340800648434,1885.96923828125,0.0,0.0,False,,-46.073407037460896,False,
positive,/mnt/MammoDiffusion/MammoDiffusion/experiments/diffusers/04_sd21_lora/generated_images/final/positive/gen_1560.png,gen_1560.png,114.5824,74.0,4.0,0.13360595703125,0.39918341708542715,0.09833145141601562,172.63816580672693,41.03005226453321,5.999800875064977,1276.3983154296875,0.0,0.0,True,too_empty,,False,
positive,/mnt/MammoDiffusion/MammoDiffusion/experiments/diffusers/04_sd21_lora/generated_images/final/positive/gen_1561.png,gen_1561.png,119.47800000000001,70.0,5.0,0.1768798828125,0.8471790890269151,0.1447906494140625,161.43761197175678,39.20502947593597,6.508735266630968,2112.212646484375,0.0,0.0,False,,-92.39736056011387,False,
positive,/mnt/MammoDiffusion/MammoDiffusion/experiments/diffusers/04_sd21_lora/generated_images/final/positive/gen_1562.png,gen_1562.png,134.6868,103.0,3.0,0.2077789306640625,0.9001248439450686,0.1858673095703125,174.71757244889582,30.90045101294358,6.086674836510791,298.7986755371094,0.0,0.0,False,,-62.441891229250274,False,
positive,/mnt/MammoDiffusion/MammoDiffusion/experiments/diffusers/04_sd21_lora/generated_images/final/positive/gen_1563.png,gen_1563.png,30.7912,8.0,2.0,0.6195945739746094,0.9960719848789888,0.6439933776855469,99.39085647942471,56.59412151121298,7.154174950352663,1630.716064453125,0.0,0.0,False,,-8.832246311109685,True,222.0
positive,/mnt/MammoDiffusion/MammoDiffusion/experiments/diffusers/04_sd21_lora/generated_images/final/positive/gen_1564.png,gen_1564.png,104.5824,64.0,4.0,0.28989410400390625,0.9108613837934574,0.32940673828125,144.75859273670557,49.292350533389154,6.7373287102096935,1580.7171630859375,0.0,0.0,False,,-55.40788746710507,False,
positive,/mnt/MammoDiffusion/MammoDiffusion/experiments/diffusers/04_sd21_lora/generated_images/final/positive/gen_1565.png,gen_1565.png,61.7912,39.0,2.0,0.4915504455566406,0.9940787074043319,0.5411338806152344,121.70528356420289,53.767460318957525,6.90118843767757,1364.193603515625,0.0,0.0,False,,-9.150047637476948,True,258.0
positive,/mnt/MammoDiffusion/MammoDiffusion/experiments/diffusers/04_sd21_lora/generated_images/final/positive/gen_1566.png,gen_1566.png,65.7912,43.0,2.0,0.3838386535644531,0.9499209906480754,0.37400054931640625,142.53025234083353,53.52716268033432,6.233474975534897,1155.0821533203125,0.0,0.0,False,,-32.630142941750904,True,1153.0
positive,/mnt/MammoDiffusion/MammoDiffusion/experiments/diffusers/04_sd21_lora/generated_images/final/positive/gen_1567.png,gen_1567.png,220.0,208.0,40.0,0.452239990234375,0.9555216276401917,0.42629241943359375,247.5503087248322,16.334191822669624,6.333336240453402,1679.52734375,0.0,0.0,False,,-34.20365443773686,True,1204.0
positive,/mnt/MammoDiffusion/MammoDiffusion/experiments/diffusers/04_sd21_lora/generated_images/final/positive/gen_1568.png,gen_1568.png,138.6868,107.0,3.0,0.12993240356445312,0.798948944540677,0.12417984008789062,160.9308819463644,26.2967853406276,5.534977276787476,564.010986328125,0.0,0.0,True,too_empty,,False,
positive,/mnt/MammoDiffusion/MammoDiffusion/experiments/diffusers/04_sd21_lora/generated_images/final/positive/gen_1569.png,gen_1569.png,220.0,250.0,0.0,0.3378257751464844,0.9282060547205817,0.30817413330078125,248.71777288143986,15.169961610767555,6.076600214152097,1732.411865234375,0.0,0.0,False,,-49.77684812379256,False,
positive,/mnt/MammoDiffusion/MammoDiffusion/experiments/diffusers/04_sd21_lora/generated_images/final/positive/gen_1570.png,gen_1570.png,220.0,209.0,40.0,0.3053741455078125,0.9388897216809075,0.2858848571777344,247.30268337269658,21.299779568538526,6.682388325004318,1944.72802734375,0.0,0.0,False,,-44.377522035114026,False,
positive,/mnt/MammoDiffusion/MammoDiffusion/experiments/diffusers/04_sd21_lora/generated_images/final/positive/gen_1571.png,gen_1571.png,82.6868,51.0,3.0,0.29628753662109375,0.9253508433114459,0.320037841796875,142.1695194049776,58.107071941047806,6.534069314546582,1542.4178466796875,0.0,0.0,False,,-47.72185826502642,False,
positive,/mnt/MammoDiffusion/MammoDiffusion/experiments/diffusers/04_sd21_lora/generated_images/final/positive/gen_1572.png,gen_1572.png,83.6868,52.0,3.0,0.22086334228515625,0.8931396594010156,0.2211151123046875,146.59612863156443,58.73158225268192,6.244018230877671,1791.62939453125,0.0,0.0,False,,-66.47420251696829,False,
positive,/mnt/MammoDiffusion/MammoDiffusion/experiments/diffusers/04_sd21_lora/generated_images/final/positive/gen_1573.png,gen_1573.png,40.6868,9.0,3.0,0.6242294311523438,0.9840868257984087,0.6202392578125,120.94890892540839,49.72678901976844,7.2529572108704325,1420.015380859375,0.0,0.0,False,,-15.338238218406627,True,630.0
positive,/mnt/MammoDiffusion/MammoDiffusion/experiments/diffusers/04_sd21_lora/generated_images/final/positive/gen_1574.png,gen_1574.png,220.0,244.0,9.0,0.2552757263183594,0.8577384599291681,0.21527862548828125,250.73120813693873,22.59177519868079,6.733907197353458,1940.17626953125,0.0,0.0,False,,-89.97037441910375,False,
positive,/mnt/MammoDiffusion/MammoDiffusion/experiments/diffusers/04_sd21_lora/generated_images/final/positive/gen_1575.png,gen_1575.png,92.7912,70.0,2.0,0.3591728210449219,0.9742021135361904,0.4216728210449219,138.47727046562753,51.19023684386438,6.415338116341818,1003.1893920898438,0.0,0.0,False,,-18.78781710321381,True,761.0
positive,/mnt/MammoDiffusion/MammoDiffusion/experiments/diffusers/04_sd21_lora/generated_images/final/positive/gen_1576.png,gen_1576.png,97.5824,57.0,4.0,0.4029083251953125,0.9240768793789055,0.3849639892578125,154.92116215466328,46.22912650357465,7.133546270816006,1303.1639404296875,0.0,0.0,False,,-47.83828967900554,False,
positive,/mnt/MammoDiffusion/MammoDiffusion/experiments/diffusers/04_sd21_lora/generated_images/final/positive/gen_1577.png,gen_1577.png,104.7912,82.0,2.0,0.32678985595703125,0.9739920155020662,0.3430213928222656,158.42561804250397,42.976400689028786,6.217357392394716,849.0094604492188,0.0,0.0,False,,-18.842531592606935,True,764.0
positive,/mnt/MammoDiffusion/MammoDiffusion/experiments/diffusers/04_sd21_lora/generated_images/final/positive/gen_1578.png,gen_1578.png,149.8956,136.0,1.0,0.08089828491210938,0.5699061630593671,0.04344940185546875,186.0379280070237,19.88404404660037,5.407627977496739,374.0008239746094,0.0,0.0,True,too_empty,,False,
positive,/mnt/MammoDiffusion/MammoDiffusion/experiments/diffusers/04_sd21_lora/generated_images/final/positive/gen_1579.png,gen_1579.png,51.7912,29.0,2.0,0.37590789794921875,0.9930385013496783,0.39481353759765625,123.27346422153084,57.2701621046128,6.345871347859102,1578.16650390625,0.0,0.0,False,,-8.857209880175821,True,226.0
positive,/mnt/MammoDiffusion/MammoDiffusion/experiments/diffusers/04_sd21_lora/generated_images/final/positive/gen_1580.png,gen_1580.png,125.5824,85.0,4.0,0.18101882934570312,0.7479189935304407,0.15325927734375,173.83734070091597,36.59949860347405,6.169922196918533,1394.06591796875,0.0,0.0,True,fragmented_mask,,False,
positive,/mnt/MammoDiffusion/MammoDiffusion/experiments/diffusers/04_sd21_lora/generated_images/final/positive/gen_1581.png,gen_1581.png,220.0,226.0,14.0,0.4857063293457031,0.9658590221873159,0.4686164855957031,238.72265863486507,17.438963753406444,5.807783917163807,2102.963623046875,0.0,0.0,False,,-28.405348110460743,True,1051.0
positive,/mnt/MammoDiffusion/MammoDiffusion/experiments/diffusers/04_sd21_lora/generated_images/final/positive/gen_1582.png,gen_1582.png,144.7912,122.0,2.0,0.05658721923828125,0.9918430632331131,0.037311553955078125,172.68939781208465,11.847497329884002,4.033036203677687,226.93125915527344,0.0,0.0,True,too_empty,,False,
positive,/mnt/MammoDiffusion/MammoDiffusion/experiments/diffusers/04_sd21_lora/generated_images/final/positive/gen_1583.png,gen_1583.png,86.3736,28.0,6.0,0.38967132568359375,0.9688105726872247,0.5007858276367188,129.5358095034964,55.602323887283866,7.34630544718888,2468.69873046875,0.0,0.0,False,,-25.07554092256838,True,968.0
positive,/mnt/MammoDiffusion/MammoDiffusion/experiments/diffusers/04_sd21_lora/generated_images/final/positive/gen_1584.png,gen_1584.png,131.478,82.0,5.0,0.12723541259765625,0.8673622354140433,0.1049041748046875,170.9308,33.407531710624234,6.061593663684803,1501.46923828125,0.0,0.0,True,too_empty,,False,
positive,/mnt/MammoDiffusion/MammoDiffusion/experiments/diffusers/04_sd21_lora/generated_images/final/positive/gen_1585.png,gen_1585.png,95.6868,64.0,3.0,0.1619415283203125,0.8867897861113728,0.14606857299804688,148.29495181635372,38.085629592846914,5.747034258779595,1349.4844970703125,0.0,0.0,False,,-68.38300984656816,False,
positive,/mnt/MammoDiffusion/MammoDiffusion/experiments/diffusers/04_sd21_lora/generated_images/final/positive/gen_1586.png,gen_1586.png,115.7912,93.0,2.0,0.18088531494140625,0.8419376608039141,0.182098388671875,167.01256913021618,51.78089281727822,5.510670465655648,840.3496704101562,0.0,0.0,False,,-93.4473369911601,False,
positive,/mnt/MammoDiffusion/MammoDiffusion/experiments/diffusers/04_sd21_lora/generated_images/final/positive/gen_1587.png,gen_1587.png,64.7912,42.0,2.0,0.370208740234375,0.9930240705630203,0.3964729309082031,129.88138512310815,54.02294257673781,6.397767391718693,1219.123779296875,0.0,0.0,False,,-8.43554412349729,True,173.0
positive,/mnt/MammoDiffusion/MammoDiffusion/experiments/diffusers/04_sd21_lora/generated_images/final/positive/gen_1588.png,gen_1588.png,113.8956,100.0,1.0,0.30629730224609375,0.9759259720527063,0.3585929870605469,144.57498164952182,39.66217059576005,5.501362544973885,404.8966979980469,0.0,0.0,False,,-16.9426923163329,True,689.0
positive,/mnt/MammoDiffusion/MammoDiffusion/experiments/diffusers/04_sd21_lora/generated_images/final/positive/gen_1589.png,gen_1589.png,172.0,162.0,3.0,0.0498504638671875,0.5911386593204775,0.026973724365234375,198.9633715174657,15.294448952114509,5.945864296393756,940.6712036132812,0.0,0.0,True,too_empty,,False,
positive,/mnt/MammoDiffusion/MammoDiffusion/experiments/diffusers/04_sd21_lora/generated_images/final/positive/gen_1590.png,gen_1590.png,64.6868,33.0,3.0,0.3820037841796875,0.9914419812262832,0.40372467041015625,133.83664984787498,53.296345149746784,6.682824046715514,1805.0804443359375,0.0,0.0,False,,-10.352765933459956,True,365.0
positive,/mnt/MammoDiffusion/MammoDiffusion/experiments/diffusers/04_sd21_lora/generated_images/final/positive/gen_1591.png,gen_1591.png,220.0,243.0,11.0,0.20314788818359375,0.8702069328125587,0.17615127563476562,250.836758559456,23.225878721952622,6.706584146851986,1565.5433349609375,0.0,0.0,False,,-82.7813686707715,False,
positive,/mnt/MammoDiffusion/MammoDiffusion/experiments/diffusers/04_sd21_lora/generated_images/final/positive/gen_1592.png,gen_1592.png,10.0,2.0,0.0,0.7398300170898438,0.9983397098101494,0.7373886108398438,106.69527475142523,60.285470130774165,6.845908826789176,1468.9677734375,0.0,0.0,False,,-8.183754522399006,True,132.0
positive,/mnt/MammoDiffusion/MammoDiffusion/experiments/diffusers/04_sd21_lora/generated_images/final/positive/gen_1593.png,gen_1593.png,220.0,162.0,81.0,0.11801528930664062,0.6889485082587193,0.07683563232421875,254.65946777877073,2.204193580972051,7.0332047638164505,1308.8785400390625,0.0,0.0,True,too_empty,,False,
positive,/mnt/MammoDiffusion/MammoDiffusion/experiments/diffusers/04_sd21_lora/generated_images/final/positive/gen_1594.png,gen_1594.png,72.5824,32.0,4.0,0.3365745544433594,0.9795310038421869,0.3704338073730469,134.2391485680744,54.864514751036005,6.793328678353686,2010.0020751953125,0.0,0.0,False,,-17.659391530419335,True,714.0
positive,/mnt/MammoDiffusion/MammoDiffusion/experiments/diffusers/04_sd21_lora/generated_images/final/positive/gen_1595.png,gen_1595.png,139.7912,117.0,2.0,0.05973052978515625,0.9745178183676076,0.0555572509765625,173.95722329030485,21.67318354077091,4.023512825575102,321.8108215332031,0.0,0.0,True,too_empty,,False,
positive,/mnt/MammoDiffusion/MammoDiffusion/experiments/diffusers/04_sd21_lora/generated_images/final/positive/gen_1596.png,gen_1596.png,87.7912,65.0,2.0,0.3013763427734375,0.9360665282770493,0.35175323486328125,130.62971478147708,52.4126973812556,6.245534290543375,1258.7503662109375,0.0,0.0,False,,-40.16992330559931,True,1338.0
positive,/mnt/MammoDiffusion/MammoDiffusion/experiments/diffusers/04_sd21_lora/generated_images/final/positive/gen_1597.png,gen_1597.png,65.7912,43.0,2.0,0.42032623291015625,0.9724465903109288,0.4647636413574219,120.78751590265523,53.28451361395294,6.63941253574321,1398.6566162109375,0.0,0.0,False,,-20.368379373746535,True,824.0
positive,/mnt/MammoDiffusion/MammoDiffusion/experiments/diffusers/04_sd21_lora/generated_images/final/positive/gen_1598.png,gen_1598.png,82.7912,60.0,2.0,0.44319915771484375,0.9934671463737929,0.4939079284667969,133.89289051940528,47.30068154533506,6.5900303635858535,1054.489013671875,0.0,0.0,False,,-8.398867690502957,True,168.0
positive,/mnt/MammoDiffusion/MammoDiffusion/experiments/diffusers/04_sd21_lora/generated_images/final/positive/gen_1599.png,gen_1599.png,85.8956,72.0,1.0,0.43631744384765625,0.9565388448827572,0.49703216552734375,130.89883647750472,48.60009501481595,6.3725108138889395,761.0978393554688,0.0,0.0,False,,-28.58577508232311,True,1054.0
positive,/mnt/MammoDiffusion/MammoDiffusion/experiments/diffusers/04_sd21_lora/generated_images/final/positive/gen_1600.png,gen_1600.png,165.0,151.0,6.0,0.047313690185546875,0.4808514069176812,0.026214599609375,181.51178696158323,17.956409210393343,6.543090980816873,798.4555053710938,0.0,0.0,True,too_empty,,False,
positive,/mnt/MammoDiffusion/MammoDiffusion/experiments/diffusers/04_sd21_lora/generated_images/final/positive/gen_1601.png,gen_1601.png,100.7912,78.0,2.0,0.20001220703125,0.9879462923405554,0.22562789916992188,154.48702385581686,49.480406519078585,5.624182416080355,743.8756713867188,0.0,0.0,False,,-11.770155759896664,True,460.0
positive,/mnt/MammoDiffusion/MammoDiffusion/experiments/diffusers/04_sd21_lora/generated_images/final/positive/gen_1602.png,gen_1602.png,220.0,254.0,1.0,0.3771400451660156,0.9663379355687048,0.3607635498046875,250.77709047075246,26.31292904232332,6.009481222456441,1244.178466796875,0.0,0.0,False,,-26.85868270813832,True,1012.0
positive,/mnt/MammoDiffusion/MammoDiffusion/experiments/diffusers/04_sd21_lora/generated_images/final/positive/gen_1603.png,gen_1603.png,56.7912,34.0,2.0,0.28682708740234375,0.9483175954249236,0.3570518493652344,110.22611352685392,64.99578150223957,5.838736544862062,1237.6959228515625,0.0,0.0,False,,-33.17031010714202,True,1175.0
positive,/mnt/MammoDiffusion/MammoDiffusion/experiments/diffusers/04_sd21_lora/generated_images/final/positive/gen_1604.png,gen_1604.png,105.47800000000001,56.0,5.0,0.21631622314453125,0.9435156773533665,0.23769760131835938,157.30859719792653,50.74762382056682,6.455773010131017,2129.189453125,0.0,0.0,False,,-38.779790823246344,True,1312.0
positive,/mnt/MammoDiffusion/MammoDiffusion/experiments/diffusers/04_sd21_lora/generated_images/final/positive/gen_1605.png,gen_1605.png,86.6868,55.0,3.0,0.26329803466796875,0.9871780012170033,0.27581787109375,150.3200514494357,50.89624965823849,6.015189014768799,1027.723388671875,0.0,0.0,False,,-12.286063303605621,True,485.0
positive,/mnt/MammoDiffusion/MammoDiffusion/experiments/diffusers/04_sd21_lora/generated_images/final/positive/gen_1606.png,gen_1606.png,30.0,25.0,0.0,0.6021614074707031,0.9904658131299373,0.6032867431640625,105.57718086855351,54.727861969949984,6.23698001293435,1044.7650146484375,0.0,0.0,False,,-10.102316219899592,True,346.0
positive,/mnt/MammoDiffusion/MammoDiffusion/experiments/diffusers/04_sd21_lora/generated_images/final/positive/gen_1607.png,gen_1607.png,49.7912,27.0,2.0,0.3633537292480469,0.9860788863109049,0.4008598327636719,116.77009601933709,62.567053246068866,6.2450149609197805,1630.408447265625,0.0,0.0,False,,-12.820952656785826,True,522.0
positive,/mnt/MammoDiffusion/MammoDiffusion/experiments/diffusers/04_sd21_lora/generated_images/final/positive/gen_1608.png,gen_1608.png,84.7912,62.0,2.0,0.2540473937988281,0.9728966770274937,0.28215789794921875,145.79943487548334,58.5776695405013,5.813431191809654,1329.8333740234375,0.0,0.0,False,,-20.750392745241506,True,836.0
positive,/mnt/MammoDiffusion/MammoDiffusion/experiments/diffusers/04_sd21_lora/generated_images/final/positive/gen_1609.png,gen_1609.png,111.6868,80.0,3.0,0.1677398681640625,0.7365823705994724,0.13470840454101562,171.15473055248776,46.74844322807867,5.921936929893011,1187.9176025390625,0.0,0.0,True,fragmented_mask,,False,
positive,/mnt/MammoDiffusion/MammoDiffusion/experiments/diffusers/04_sd21_lora/generated_images/final/positive/gen_1610.png,gen_1610.png,10.0,2.0,0.0,0.8496055603027344,0.998828119738325,0.8435440063476562,113.5765477321033,54.33365388792825,7.2475896106798805,980.9921875,0.0,0.0,False,,-8.549616572792207,True,178.0
positive,/mnt/MammoDiffusion/MammoDiffusion/experiments/diffusers/04_sd21_lora/generated_images/final/positive/gen_1611.png,gen_1611.png,220.0,228.0,11.0,0.5392532348632812,0.9830223115122876,0.5247154235839844,238.71829357838183,13.296438511185151,6.21926013479841,1747.67919921875,0.0,0.0,False,,-19.514156065794616,True,791.0
positive,/mnt/MammoDiffusion/MammoDiffusion/experiments/diffusers/04_sd21_lora/generated_images/final/positive/gen_1612.png,gen_1612.png,125.6868,94.0,3.0,0.18335723876953125,0.7912453709482794,0.15814590454101562,167.3620136527004,34.80349382681304,5.922611154801395,785.69189453125,0.0,0.0,False,,-121.82089369139025,False,
positive,/mnt/MammoDiffusion/MammoDiffusion/experiments/diffusers/04_sd21_lora/generated_images/final/positive/gen_1613.png,gen_1613.png,151.6868,120.0,3.0,0.11253738403320312,0.8019728144808651,0.055820465087890625,174.88443928107702,21.787386086863954,5.321821451502587,516.1488037109375,0.0,0.0,True,too_empty,,False,
positive,/mnt/MammoDiffusion/MammoDiffusion/experiments/diffusers/04_sd21_lora/generated_images/final/positive/gen_1614.png,gen_1614.png,122.7912,100.0,2.0,0.16238784790039062,0.9745824426225658,0.17164230346679688,162.61149016557394,37.481686148353994,5.045334383911646,511.96258544921875,0.0,0.0,False,,-19.073125817972887,True,777.0
positive,/mnt/MammoDiffusion/MammoDiffusion/experiments/diffusers/04_sd21_lora/generated_images/final/positive/gen_1615.png,gen_1615.png,77.5824,37.0,4.0,0.368377685546875,0.9897274459448264,0.4077033996582031,139.94754718040363,56.05133406932462,6.907120310781602,1699.59228515625,0.0,0.0,False,,-11.803876213012359,True,462.0
positive,/mnt/MammoDiffusion/MammoDiffusion/experiments/diffusers/04_sd21_lora/generated_images/final/positive/gen_1616.png,gen_1616.png,26.7912,4.0,2.0,0.5851516723632812,0.9649595160175757,0.6068763732910156,99.55854898830215,60.606134602386405,6.949463170215319,1811.1199951171875,0.0,0.0,False,,-26.16562764846016,True,995.0
positive,/mnt/MammoDiffusion/MammoDiffusion/experiments/diffusers/04_sd21_lora/generated_images/final/positive/gen_1617.png,gen_1617.png,91.7912,69.0,2.0,0.4522972106933594,0.975558123255206,0.5079231262207031,138.34177500394296,46.02141771599602,6.548085290319225,949.6723022460938,0.0,0.0,False,,-18.31226926045144,True,738.0
positive,/mnt/MammoDiffusion/MammoDiffusion/experiments/diffusers/04_sd21_lora/generated_images/final/positive/gen_1618.png,gen_1618.png,155.6868,124.0,3.0,0.09212112426757812,0.725578698910928,0.06708908081054688,194.8964576107352,22.039090824763296,6.564950409231402,840.0294189453125,0.0,0.0,True,too_empty,,False,
positive,/mnt/MammoDiffusion/MammoDiffusion/experiments/diffusers/04_sd21_lora/generated_images/final/positive/gen_1619.png,gen_1619.png,136.6868,105.0,3.0,0.08005905151367188,0.9683137180159146,0.0760650634765625,162.61308926780342,19.129786862934964,4.950269800077688,668.48876953125,0.0,0.0,True,too_empty,,False,
positive,/mnt/MammoDiffusion/MammoDiffusion/experiments/diffusers/04_sd21_lora/generated_images/final/positive/gen_1620.png,gen_1620.png,28.7912,6.0,2.0,0.6092796325683594,0.9960993995704956,0.60858154296875,108.9240422224451,52.913745061709086,7.065973496473305,1396.26513671875,0.0,0.0,False,,-8.233963753427181,True,142.0
positive,/mnt/MammoDiffusion/MammoDiffusion/experiments/diffusers/04_sd21_lora/generated_images/final/positive/gen_1621.png,gen_1621.png,10.0,0.0,0.0,0.8768692016601562,0.99851652702009,0.8745765686035156,99.21599459141169,58.679586069881786,7.332974440567019,1506.7698974609375,0.0,0.0,False,,-9.195201709428853,True,263.0
positive,/mnt/MammoDiffusion/MammoDiffusion/experiments/diffusers/04_sd21_lora/generated_images/final/positive/gen_1622.png,gen_1622.png,69.5824,29.0,4.0,0.3582916259765625,0.9352668114645883,0.40465545654296875,125.85309866324779,58.435325338906445,6.892576564882057,2019.632080078125,0.0,0.0,False,,-42.139369541495945,False,
positive,/mnt/MammoDiffusion/MammoDiffusion/experiments/diffusers/04_sd21_lora/generated_images/final/positive/gen_1623.png,gen_1623.png,87.7912,65.0,2.0,0.26837921142578125,0.9609546010177105,0.3023223876953125,137.42059506384697,48.2088852775444,6.004088784478279,968.2352905273438,0.0,0.0,False,,-25.99942273770565,True,993.0
positive,/mnt/MammoDiffusion/MammoDiffusion/experiments/diffusers/04_sd21_lora/generated_images/final/positive/gen_1624.png,gen_1624.png,47.6868,16.0,3.0,0.5079841613769531,0.9962152217174183,0.5189437866210938,122.24440229935753,50.84697980567943,6.9366424599719,1609.324951171875,0.0,0.0,False,,-7.96126486736925,True,113.0
positive,/mnt/MammoDiffusion/MammoDiffusion/experiments/diffusers/04_sd21_lora/generated_images/final/positive/gen_1625.png,gen_1625.png,58.8956,45.0,1.0,0.5425949096679688,0.9973916956087684,0.549530029296875,127.92863886266451,49.587254063798945,6.635560724658936,1134.7252197265625,0.0,0.0,False,,-6.717794966888367,True,31.0
positive,/mnt/MammoDiffusion/MammoDiffusion/experiments/diffusers/04_sd21_lora/generated_images/final/positive/gen_1626.png,gen_1626.png,130.0,125.0,1.0,0.03237152099609375,0.7373320763610652,0.01239776611328125,170.18738461538462,13.777002942688233,3.426038416264047,132.51402282714844,0.0,0.0,True,too_empty,,False,
positive,/mnt/MammoDiffusion/MammoDiffusion/experiments/diffusers/04_sd21_lora/generated_images/final/positive/gen_1627.png,gen_1627.png,88.7912,66.0,2.0,0.3013114929199219,0.9493334346158229,0.3320884704589844,142.40798345873299,53.15180810742653,6.035812820585175,1092.6163330078125,0.0,0.0,False,,-32.937054212097365,True,1164.0
positive,/mnt/MammoDiffusion/MammoDiffusion/experiments/diffusers/04_sd21_lora/generated_images/final/positive/gen_1628.png,gen_1628.png,52.5824,12.0,4.0,0.45171356201171875,0.9890384582904048,0.4532928466796875,134.59427071060693,48.923605537704034,7.0490876831819556,1798.1256103515625,0.0,0.0,False,,-12.088229726617286,True,474.0
positive,/mnt/MammoDiffusion/MammoDiffusion/experiments/diffusers/04_sd21_lora/generated_images/final/positive/gen_1629.png,gen_1629.png,93.7912,71.0,2.0,0.15684890747070312,0.9781355643651044,0.16720199584960938,148.9716638908535,50.062521383161,4.766460791779106,692.9910278320312,0.0,0.0,False,,-16.701537508077823,True,681.0
positive,/mnt/MammoDiffusion/MammoDiffusion/experiments/diffusers/04_sd21_lora/generated_images/final/positive/gen_1630.png,gen_1630.png,74.6868,43.0,3.0,0.21157455444335938,0.941204045940537,0.23590469360351562,133.6615513979399,60.55668807174086,6.219155787112648,1830.969970703125,0.0,0.0,False,,-39.44505054969602,True,1319.0
positive,/mnt/MammoDiffusion/MammoDiffusion/experiments/diffusers/04_sd21_lora/generated_images/final/positive/gen_1631.png,gen_1631.png,139.5824,99.0,4.0,0.16546630859375,0.3621357432681667,0.06554412841796875,176.9321964846933,34.777581200644526,6.237654312062855,1528.520263671875,0.0,0.0,True,too_empty,,False,
positive,/mnt/MammoDiffusion/MammoDiffusion/experiments/diffusers/04_sd21_lora/generated_images/final/positive/gen_1632.png,gen_1632.png,136.7912,114.0,2.0,0.14802169799804688,0.4572326881942118,0.0691986083984375,177.29928335170894,26.097411225920368,5.951948158181551,467.4340515136719,0.0,0.0,True,too_empty,,False,
positive,/mnt/MammoDiffusion/MammoDiffusion/experiments/diffusers/04_sd21_lora/generated_images/final/positive/gen_1633.png,gen_1633.png,220.0,221.0,26.0,0.36959075927734375,0.9693970233057407,0.3447608947753906,245.97823561304315,16.917302983625458,6.664489833180683,1534.2489013671875,0.0,0.0,False,,-26.7875410786668,True,1010.0
positive,/mnt/MammoDiffusion/MammoDiffusion/experiments/diffusers/04_sd21_lora/generated_images/final/positive/gen_1634.png,gen_1634.png,62.7912,40.0,2.0,0.47714996337890625,0.9771190099294863,0.5870704650878906,104.87064725108351,53.85458418110703,6.854993953345069,1524.205078125,0.0,0.0,False,,-18.51979371730863,True,744.0
positive,/mnt/MammoDiffusion/MammoDiffusion/experiments/diffusers/04_sd21_lora/generated_images/final/positive/gen_1635.png,gen_1635.png,98.5824,58.0,4.0,0.2224884033203125,0.8143474384472944,0.1890106201171875,164.2869540647453,48.34071803275419,6.462535093261256,1719.04638671875,0.0,0.0,False,,-110.3716506517726,False,
positive,/mnt/MammoDiffusion/MammoDiffusion/experiments/diffusers/04_sd21_lora/generated_images/final/positive/gen_1636.png,gen_1636.png,100.7912,78.0,2.0,0.23172760009765625,0.9076811641918809,0.18827056884765625,154.77071767232647,47.78828447372013,5.927129666532462,969.7582397460938,0.0,0.0,False,,-56.77424237562005,False,
positive,/mnt/MammoDiffusion/MammoDiffusion/experiments/diffusers/04_sd21_lora/generated_images/final/positive/gen_1637.png,gen_1637.png,60.478,11.0,5.0,0.4870109558105469,0.9546946352620489,0.5323524475097656,114.27617464332548,57.284229932454494,7.498294956826785,2604.95947265625,0.0,0.0,False,,-33.096180527570205,True,1170.0
positive,/mnt/MammoDiffusion/MammoDiffusion/experiments/diffusers/04_sd21_lora/generated_images/final/positive/gen_1638.png,gen_1638.png,86.5824,46.0,4.0,0.35588836669921875,0.9122237228546316,0.32801055908203125,142.40905496243573,49.47934784024872,6.973223523529427,1156.804443359375,0.0,0.0,False,,-54.312599327383076,False,
positive,/mnt/MammoDiffusion/MammoDiffusion/experiments/diffusers/04_sd21_lora/generated_images/final/positive/gen_1639.png,gen_1639.png,115.47800000000001,66.0,5.0,0.14739227294921875,0.9019876805217661,0.11613082885742188,189.86903393226686,40.593359153368084,6.276016549320028,2479.9775390625,0.0,0.0,True,too_empty,,False,
positive,/mnt/MammoDiffusion/MammoDiffusion/experiments/diffusers/04_sd21_lora/generated_images/final/positive/gen_1640.png,gen_1640.png,88.7912,66.0,2.0,0.2824211120605469,0.9683663132302289,0.3023223876953125,146.74404431433908,47.94357458568722,5.9129607712429415,881.1951293945312,0.0,0.0,False,,-21.953309992058095,True,878.0
positive,/mnt/MammoDiffusion/MammoDiffusion/experiments/diffusers/04_sd21_lora/generated_images/final/positive/gen_1641.png,gen_1641.png,97.0,92.0,0.0,0.5486183166503906,0.9948545721298595,0.5697250366210938,142.3780582524272,38.40849391824568,5.8984850167043845,534.0602416992188,0.0,0.0,False,,-7.517039340154765,True,68.0
positive,/mnt/MammoDiffusion/MammoDiffusion/experiments/diffusers/04_sd21_lora/generated_images/final/positive/gen_1642.png,gen_1642.png,147.7912,125.0,2.0,0.16609573364257812,0.41048666773845344,0.06616592407226562,194.89927933121936,20.635586869058947,5.63798692935752,726.3617553710938,0.0,0.0,True,too_empty,,False,
positive,/mnt/MammoDiffusion/MammoDiffusion/experiments/diffusers/04_sd21_lora/generated_images/final/positive/gen_1643.png,gen_1643.png,77.47800000000001,28.0,5.0,0.403076171875,0.9304777407631738,0.4257392883300781,131.44549079342323,51.548490187228424,7.009720796497078,1953.212646484375,0.0,0.0,False,,-44.65880068492364,False,
positive,/mnt/MammoDiffusion/MammoDiffusion/experiments/diffusers/04_sd21_lora/generated_images/final/positive/gen_1644.png,gen_1644.png,220.0,253.0,1.0,0.36850738525390625,0.9277654706941886,0.33792877197265625,251.57112862077528,21.976609235065293,6.078188993085457,1693.93505859375,0.0,0.0,False,,-49.38157349558923,False,
positive,/mnt/MammoDiffusion/MammoDiffusion/experiments/diffusers/04_sd21_lora/generated_images/final/positive/gen_1645.png,gen_1645.png,97.7912,75.0,2.0,0.29456329345703125,0.9854697091351757,0.3400726318359375,148.27638309328307,50.79022482370622,5.961174670068605,1010.2814331054688,0.0,0.0,False,,-12.656664624173308,True,512.0
positive,/mnt/MammoDiffusion/MammoDiffusion/experiments/diffusers/04_sd21_lora/generated_images/final/positive/gen_1646.png,gen_1646.png,220.0,222.0,25.0,0.43860626220703125,0.9730644123223573,0.4086761474609375,246.45877048874286,15.918665225507493,6.460204470472673,1589.7344970703125,0.0,0.0,False,,-24.35488527902313,True,947.0
positive,/mnt/MammoDiffusion/MammoDiffusion/experiments/diffusers/04_sd21_lora/generated_images/final/positive/gen_1647.png,gen_1647.png,95.7912,73.0,2.0,0.24460220336914062,0.9388811777732724,0.270599365234375,140.3015817074546,48.8275238988084,5.6069486894608245,821.56982421875,0.0,0.0,False,,-38.11742207993287,True,1296.0
positive,/mnt/MammoDiffusion/MammoDiffusion/experiments/diffusers/04_sd21_lora/generated_images/final/positive/gen_1648.png,gen_1648.png,37.6868,6.0,3.0,0.42180633544921875,0.9268182393691102,0.4812355041503906,102.93918495794789,66.84142888890705,6.892187938414142,2523.544189453125,0.0,0.0,False,,-47.86044062553772,False,
positive,/mnt/MammoDiffusion/MammoDiffusion/experiments/diffusers/04_sd21_lora/generated_images/final/positive/gen_1649.png,gen_1649.png,220.0,229.0,4.0,0.5072441101074219,0.974851659384377,0.49283599853515625,231.47240583928047,14.5201309845455,6.132525691087645,1740.544921875,0.0,0.0,False,,-23.433790371812485,True,919.0
positive,/mnt/MammoDiffusion/MammoDiffusion/experiments/diffusers/04_sd21_lora/generated_images/final/positive/gen_1650.png,gen_1650.png,120.5824,80.0,4.0,0.18929290771484375,0.8457337471282899,0.07421875,194.0078125,33.923994729477734,6.379110527694413,1502.1468505859375,0.0,0.0,True,too_empty,,False,
positive,/mnt/MammoDiffusion/MammoDiffusion/experiments/diffusers/04_sd21_lora/generated_images/final/positive/gen_1651.png,gen_1651.png,87.7912,65.0,2.0,0.3480682373046875,0.9447525316733155,0.375152587890625,138.9472667371675,48.93116421568849,6.246779990910037,922.0706176757812,0.0,0.0,False,,-34.78420148653177,True,1219.0
positive,/mnt/MammoDiffusion/MammoDiffusion/experiments/diffusers/04_sd21_lora/generated_images/final/positive/gen_1652.png,gen_1652.png,153.7912,131.0,2.0,0.095001220703125,0.624879537423707,0.06012725830078125,188.0876792285243,23.024538014904515,5.685745709224681,625.2321166992188,0.0,0.0,True,too_empty,,False,
positive,/mnt/MammoDiffusion/MammoDiffusion/experiments/diffusers/04_sd21_lora/generated_images/final/positive/gen_1653.png,gen_1653.png,107.5824,67.0,4.0,0.1477813720703125,0.7148941662364481,0.10940170288085938,149.84309076327625,38.16381886845597,6.148977616838255,1421.666015625,0.0,0.0,True,too_empty,,False,
positive,/mnt/MammoDiffusion/MammoDiffusion/experiments/diffusers/04_sd21_lora/generated_images/final/positive/gen_1654.png,gen_1654.png,149.7912,127.0,2.0,0.085723876953125,0.9526076895692417,0.07970428466796875,171.72863022877382,12.394027356318734,4.529073174435349,411.57916259765625,0.0,0.0,True,too_empty,,False,
positive,/mnt/MammoDiffusion/MammoDiffusion/experiments/diffusers/04_sd21_lora/generated_images/final/positive/gen_1655.png,gen_1655.png,74.7912,52.0,2.0,0.3149909973144531,0.9504801811730227,0.34769439697265625,129.64509687753713,57.12719490574586,6.308785763616697,1356.15966796875,0.0,0.0,False,,-32.67942735293561,True,1156.0
positive,/mnt/MammoDiffusion/MammoDiffusion/experiments/diffusers/04_sd21_lora/generated_images/final/positive/gen_1656.png,gen_1656.png,98.8956,85.0,1.0,0.253662109375,0.9369886910490857,0.240692138671875,149.68590718904525,47.60893185357528,5.415469560416248,694.1627197265625,0.0,0.0,False,,-39.53880233498574,True,1323.0
positive,/mnt/MammoDiffusion/MammoDiffusion/experiments/diffusers/04_sd21_lora/generated_images/final/positive/gen_1657.png,gen_1657.png,207.0,202.0,2.0,0.049076080322265625,0.11776136805285659,0.00441741943359375,217.81778929188255,17.001080772832527,6.486299157605544,1260.212646484375,0.0,0.0,True,too_empty,,False,
positive,/mnt/MammoDiffusion/MammoDiffusion/experiments/diffusers/04_sd21_lora/generated_images/final/positive/gen_1658.png,gen_1658.png,84.5824,44.0,4.0,0.26364898681640625,0.9541771565818792,0.2853431701660156,145.2807315410222,58.40955394920555,6.536908367317965,1893.321533203125,0.0,0.0,False,,-32.5018279679282,True,1152.0
positive,/mnt/MammoDiffusion/MammoDiffusion/experiments/diffusers/04_sd21_lora/generated_images/final/positive/gen_1659.png,gen_1659.png,61.7912,39.0,2.0,0.336578369140625,0.9200063469036177,0.4185523986816406,106.22660201784527,58.66565107360241,6.281017140956092,1419.47021484375,0.0,0.0,False,,-48.78105283027828,False,
positive,/mnt/MammoDiffusion/MammoDiffusion/experiments/diffusers/04_sd21_lora/generated_images/final/positive/gen_1660.png,gen_1660.png,79.6868,48.0,3.0,0.3267974853515625,0.9736891254610823,0.3618621826171875,137.73478810879192,55.51743849658052,6.5240405776796875,1270.4013671875,0.0,0.0,False,,-19.937426492732378,True,806.0
positive,/mnt/MammoDiffusion/MammoDiffusion/experiments/diffusers/04_sd21_lora/generated_images/final/positive/gen_1661.png,gen_1661.png,81.6868,50.0,3.0,0.48645782470703125,0.9827323912736626,0.5344696044921875,131.86061466868415,47.90621718779443,6.990538947604705,1225.389404296875,0.0,0.0,False,,-15.218478262087011,True,622.0
positive,/mnt/MammoDiffusion/MammoDiffusion/experiments/diffusers/04_sd21_lora/generated_images/final/positive/gen_1662.png,gen_1662.png,81.6868,50.0,3.0,0.309906005859375,0.9331733136386017,0.3942756652832031,127.0734638195768,57.315630047074606,6.530664575972311,1467.3760986328125,0.0,0.0,False,,-42.26505322152086,False,
positive,/mnt/MammoDiffusion/MammoDiffusion/experiments/diffusers/04_sd21_lora/generated_images/final/positive/gen_1663.png,gen_1663.png,32.8956,19.0,1.0,0.4541816711425781,0.993305952410949,0.4831428527832031,100.53142839095797,64.0439206824155,6.14823919681995,1629.4608154296875,0.0,0.0,False,,-8.851607440582853,True,225.0
positive,/mnt/MammoDiffusion/MammoDiffusion/experiments/diffusers/04_sd21_lora/generated_images/final/positive/gen_1664.png,gen_1664.png,158.5824,118.0,4.0,0.052051544189453125,0.9855624770978381,0.0457763671875,190.25575,17.85100394760754,5.0936002829149185,850.3084106445312,0.0,0.0,True,too_empty,,False,
positive,/mnt/MammoDiffusion/MammoDiffusion/experiments/diffusers/04_sd21_lora/generated_images/final/positive/gen_1665.png,gen_1665.png,220.0,230.0,7.0,0.3848419189453125,0.9335375282502676,0.35437774658203125,236.21274946715752,16.75628467342537,6.211545762357629,1573.427490234375,0.0,0.0,False,,-45.94813273421661,False,
positive,/mnt/MammoDiffusion/MammoDiffusion/experiments/diffusers/04_sd21_lora/generated_images/final/positive/gen_1666.png,gen_1666.png,104.6868,73.0,3.0,0.21421432495117188,0.9359807675184757,0.21430206298828125,157.49065470468867,44.38675374680732,6.0917418948258355,1348.4085693359375,0.0,0.0,False,,-41.3572561454314,True,1358.0
positive,/mnt/MammoDiffusion/MammoDiffusion/experiments/diffusers/04_sd21_lora/generated_images/final/positive/gen_1667.png,gen_1667.png,15.8956,2.0,1.0,0.767852783203125,0.9981121577043838,0.7682037353515625,107.15254245704638,58.36077188783096,7.333707902714783,1864.4560546875,0.0,0.0,False,,-9.363704030064463,True,278.0
positive,/mnt/MammoDiffusion/MammoDiffusion/experiments/diffusers/04_sd21_lora/generated_images/final/positive/gen_1668.png,gen_1668.png,152.6868,121.0,3.0,0.15166091918945312,0.8741605251905324,0.1413421630859375,177.75628845946238,20.94024420065629,5.51843241613526,613.9738159179688,0.0,0.0,False,,-77.0064875081436,False,
positive,/mnt/MammoDiffusion/MammoDiffusion/experiments/diffusers/04_sd21_lora/generated_images/final/positive/gen_1669.png,gen_1669.png,137.5824,97.0,4.0,0.1285247802734375,0.8873026237682536,0.10832977294921875,180.13789703500245,28.311610549281372,5.8397923440752955,1318.0067138671875,0.0,0.0,True,too_empty,,False,
positive,/mnt/MammoDiffusion/MammoDiffusion/experiments/diffusers/04_sd21_lora/generated_images/final/positive/gen_1670.png,gen_1670.png,55.6868,24.0,3.0,0.6335220336914062,0.9980791695268374,0.6321449279785156,128.97193340293157,39.1195516895029,7.168452441871846,1005.7369995117188,0.0,0.0,False,,-6.723352469695237,True,32.0
positive,/mnt/MammoDiffusion/MammoDiffusion/experiments/diffusers/04_sd21_lora/generated_images/final/positive/gen_1671.png,gen_1671.png,220.0,219.0,21.0,0.22613906860351562,0.5688331843255006,0.12413406372070312,240.67530192680005,4.2518413596779325,6.830383819941899,1701.8763427734375,0.0,0.0,True,too_empty,,False,
positive,/mnt/MammoDiffusion/MammoDiffusion/experiments/diffusers/04_sd21_lora/generated_images/final/positive/gen_1672.png,gen_1672.png,118.0,109.0,3.0,0.04219818115234375,0.6656120050623757,0.02602386474609375,178.29580768103196,28.356561072586636,4.356571644776719,492.16754150390625,0.0,0.0,True,too_empty,,False,
positive,/mnt/MammoDiffusion/MammoDiffusion/experiments/diffusers/04_sd21_lora/generated_images/final/positive/gen_1673.png,gen_1673.png,220.0,240.0,12.0,0.274566650390625,0.8848505057241303,0.24311065673828125,249.86700141220774,19.792189118476006,6.621125834183195,1591.283935546875,0.0,0.0,False,,-74.35955225582738,False,
positive,/mnt/MammoDiffusion/MammoDiffusion/experiments/diffusers/04_sd21_lora/generated_images/final/positive/gen_1674.png,gen_1674.png,125.6868,94.0,3.0,0.14466094970703125,0.8318917778598175,0.12575149536132812,164.63242833308053,30.04138766726212,5.602077333247986,651.05615234375,0.0,0.0,True,too_empty,,False,
positive,/mnt/MammoDiffusion/MammoDiffusion/experiments/diffusers/04_sd21_lora/generated_images/final/positive/gen_1675.png,gen_1675.png,220.0,229.0,9.0,0.2898902893066406,0.9393101996236496,0.2679786682128906,236.77208216487068,17.79294529976661,7.045101143057751,1668.2822265625,0.0,0.0,False,,-44.2075597712594,False,
positive,/mnt/MammoDiffusion/MammoDiffusion/experiments/diffusers/04_sd21_lora/generated_images/final/positive/gen_1676.png,gen_1676.png,147.6868,116.0,3.0,0.11271286010742188,0.7361153416590517,0.08172225952148438,190.2798861037203,21.228477713177234,6.971140363727551,622.0077514648438,0.0,0.0,True,too_empty,,False,
positive,/mnt/MammoDiffusion/MammoDiffusion/experiments/diffusers/04_sd21_lora/generated_images/final/positive/gen_1677.png,gen_1677.png,42.7912,20.0,2.0,0.549163818359375,0.9959502639622118,0.5756988525390625,106.6650189509396,52.27091059176587,6.913082649770962,1563.6512451171875,0.0,0.0,False,,-8.036152278930107,True,117.0
positive,/mnt/MammoDiffusion/MammoDiffusion/experiments/diffusers/04_sd21_lora/generated_images/final/positive/gen_1678.png,gen_1678.png,120.5824,80.0,4.0,0.24867630004882812,0.9249873444906349,0.2498626708984375,166.20473282442748,41.46391874573657,6.537287414833954,1377.619140625,0.0,0.0,False,,-47.756248184306465,False,
positive,/mnt/MammoDiffusion/MammoDiffusion/experiments/diffusers/04_sd21_lora/generated_images/final/positive/gen_1679.png,gen_1679.png,161.0,151.0,2.0,0.048976898193359375,0.6299556040190046,0.03106689453125,182.2536836935167,18.149022558507752,5.762791269710066,553.4835815429688,0.0,0.0,True,too_empty,,False,
positive,/mnt/MammoDiffusion/MammoDiffusion/experiments/diffusers/04_sd21_lora/generated_images/final/positive/gen_1680.png,gen_1680.png,220.0,226.0,26.0,0.4560890197753906,0.9617182860631811,0.43833160400390625,250.50958174507858,21.199107806215096,5.652426939544676,1898.333984375,0.0,0.0,False,,-30.189731492775017,True,1087.0
positive,/mnt/MammoDiffusion/MammoDiffusion/experiments/diffusers/04_sd21_lora/generated_images/final/positive/gen_1681.png,gen_1681.png,80.7912,58.0,2.0,0.47580718994140625,0.9485047703038564,0.4968719482421875,138.39131836747228,46.692204397196065,6.626471196943521,944.3875122070312,0.0,0.0,False,,-33.37833905232752,True,1182.0
positive,/mnt/MammoDiffusion/MammoDiffusion/experiments/diffusers/04_sd21_lora/generated_images/final/positive/gen_1682.png,gen_1682.png,124.2692,57.0,7.0,0.173126220703125,0.7028908866560902,0.13523101806640625,180.28031029619183,41.50352120483502,6.790137596074982,2508.622802734375,0.0,0.0,True,fragmented_mask,,False,
positive,/mnt/MammoDiffusion/MammoDiffusion/experiments/diffusers/04_sd21_lora/generated_images/final/positive/gen_1683.png,gen_1683.png,122.47800000000001,73.0,5.0,0.1973876953125,0.880604514533086,0.1734161376953125,170.8540695116586,39.25244307329954,6.547439045487509,1926.8486328125,0.0,0.0,False,,-73.73953141348301,False,
positive,/mnt/MammoDiffusion/MammoDiffusion/experiments/diffusers/04_sd21_lora/generated_images/final/positive/gen_1684.png,gen_1684.png,118.47800000000001,69.0,5.0,0.20654678344726562,0.8645488964816695,0.1833343505859375,160.97696629213482,39.69007101841262,6.654076921024469,1791.589599609375,0.0,0.0,False,,-82.1930972263767,False,
positive,/mnt/MammoDiffusion/MammoDiffusion/experiments/diffusers/04_sd21_lora/generated_images/final/positive/gen_1685.png,gen_1685.png,110.6868,79.0,3.0,0.20120620727539062,0.9193478054791924,0.19361114501953125,168.97675060093786,43.25544618034053,6.150824432583227,1415.1055908203125,0.0,0.0,False,,-51.14341031846572,False,
positive,/mnt/MammoDiffusion/MammoDiffusion/experiments/diffusers/04_sd21_lora/generated_images/final/positive/gen_1686.png,gen_1686.png,147.7912,125.0,2.0,0.06631851196289062,0.9847569744032212,0.0616912841796875,178.41448182043038,17.485357869351603,4.055064997292816,198.58560180664062,0.0,0.0,True,too_empty,,False,
positive,/mnt/MammoDiffusion/MammoDiffusion/experiments/diffusers/04_sd21_lora/generated_images/final/positive/gen_1687.png,gen_1687.png,53.7912,31.0,2.0,0.40206146240234375,0.989658247784588,0.4668159484863281,110.96113521773594,59.97191664328045,6.383441855101758,1488.828857421875,0.0,0.0,False,,-10.85651852645862,True,401.0
positive,/mnt/MammoDiffusion/MammoDiffusion/experiments/diffusers/04_sd21_lora/generated_images/final/positive/gen_1688.png,gen_1688.png,151.478,102.0,5.0,0.16068649291992188,0.424328751513425,0.06575393676757812,201.05012473168185,22.379431030267245,6.456932833104772,1353.103759765625,0.0,0.0,True,too_empty,,False,
positive,/mnt/MammoDiffusion/MammoDiffusion/experiments/diffusers/04_sd21_lora/generated_images/final/positive/gen_1689.png,gen_1689.png,47.7912,25.0,2.0,0.48584747314453125,0.9951476892636736,0.5136795043945312,121.84145761855962,62.298532467298465,6.752389455938362,1678.7210693359375,0.0,0.0,False,,-9.21871539358257,True,266.0
positive,/mnt/MammoDiffusion/MammoDiffusion/experiments/diffusers/04_sd21_lora/generated_images/final/positive/gen_1690.png,gen_1690.png,86.7912,64.0,2.0,0.28524017333984375,0.9552919463984808,0.3111000061035156,142.00761468002403,54.61846582058316,6.082011159013167,1222.7811279296875,0.0,0.0,False,,-30.067372834602892,True,1083.0
positive,/mnt/MammoDiffusion/MammoDiffusion/experiments/diffusers/04_sd21_lora/generated_images/final/positive/gen_1691.png,gen_1691.png,55.8956,42.0,1.0,0.6541252136230469,0.9954745589736114,0.6666450500488281,123.28522462619523,50.29945120022859,7.02201474538057,754.8352661132812,0.0,0.0,False,,-8.646028261537223,True,196.0
positive,/mnt/MammoDiffusion/MammoDiffusion/experiments/diffusers/04_sd21_lora/generated_images/final/positive/gen_1692.png,gen_1692.png,99.5824,59.0,4.0,0.24527359008789062,0.8945207396923651,0.2595252990722656,154.04613937353932,53.117572345012064,6.462591626631722,1488.0677490234375,0.0,0.0,False,,-65.12105956131344,False,
positive,/mnt/MammoDiffusion/MammoDiffusion/experiments/diffusers/04_sd21_lora/generated_images/final/positive/gen_1693.png,gen_1693.png,50.5824,10.0,4.0,0.6342391967773438,0.9954890474071044,0.6686134338378906,115.22810701020694,53.28204385567828,7.507579295881168,1669.6591796875,0.0,0.0,False,,-9.96811920931187,True,331.0
positive,/mnt/MammoDiffusion/MammoDiffusion/experiments/diffusers/04_sd21_lora/generated_images/final/positive/gen_1694.png,gen_1694.png,113.5824,73.0,4.0,0.14312362670898438,0.9550627681974466,0.17064285278320312,154.77195806228065,52.7370275914868,5.9211859907153475,1454.9786376953125,0.0,0.0,False,,-31.5264071968935,True,1124.0
positive,/mnt/MammoDiffusion/MammoDiffusion/experiments/diffusers/04_sd21_lora/generated_images/final/positive/gen_1695.png,gen_1695.png,98.3736,40.0,6.0,0.498046875,0.9705805759803922,0.5531158447265625,143.34513365885957,42.97661942029738,7.385377059742098,1650.703857421875,0.0,0.0,False,,-23.00703300797494,True,907.0
positive,/mnt/MammoDiffusion/MammoDiffusion/experiments/diffusers/04_sd21_lora/generated_images/final/positive/gen_1696.png,gen_1696.png,94.6868,63.0,3.0,0.4683723449707031,0.9761119391436786,0.5318756103515625,137.66008262328944,47.10073689001672,6.913236455363832,976.7255859375,0.0,0.0,False,,-18.614772656050206,True,750.0
positive,/mnt/MammoDiffusion/MammoDiffusion/experiments/diffusers/04_sd21_lora/generated_images/final/positive/gen_1697.png,gen_1697.png,144.6868,113.0,3.0,0.05438232421875,0.8557098765432098,0.043994903564453125,178.15815485996706,14.968563044241026,4.757195711271256,586.976318359375,0.0,0.0,True,too_empty,,False,
positive,/mnt/MammoDiffusion/MammoDiffusion/experiments/diffusers/04_sd21_lora/generated_images/final/positive/gen_1698.png,gen_1698.png,101.7912,79.0,2.0,0.3284759521484375,0.9930436196404515,0.3458442687988281,153.3390432490266,41.24134650289208,5.997490212633851,775.8619384765625,0.0,0.0,False,,-7.8409017504071725,True,104.0
positive,/mnt/MammoDiffusion/MammoDiffusion/experiments/diffusers/04_sd21_lora/generated_images/final/positive/gen_1699.png,gen_1699.png,97.6868,66.0,3.0,0.2591400146484375,0.9042424777718895,0.25547027587890625,146.17533223831566,48.40658632515247,6.259499272728222,1166.7083740234375,0.0,0.0,False,,-58.58150049641309,False,
positive,/mnt/MammoDiffusion/MammoDiffusion/experiments/diffusers/04_sd21_lora/generated_images/final/positive/gen_1700.png,gen_1700.png,147.6868,116.0,3.0,0.08415985107421875,0.973393164717614,0.07799911499023438,180.70836797574216,19.529114566586134,4.921196993487966,627.752685546875,0.0,0.0,True,too_empty,,False,
positive,/mnt/MammoDiffusion/MammoDiffusion/experiments/diffusers/04_sd21_lora/generated_images/final/positive/gen_1701.png,gen_1701.png,220.0,228.0,15.0,0.4949836730957031,0.9437024592122197,0.46651458740234375,242.03165322910363,17.549732261334363,5.787857247018881,1983.137451171875,0.0,0.0,False,,-40.61934510509491,True,1345.0
positive,/mnt/MammoDiffusion/MammoDiffusion/experiments/diffusers/04_sd21_lora/generated_images/final/positive/gen_1702.png,gen_1702.png,114.7912,92.0,2.0,0.17110443115234375,0.9236634413876131,0.18528366088867188,144.8036482674847,40.04196250519656,5.51155770129289,780.4323120117188,0.0,0.0,False,,-46.65701364902575,False,
positive,/mnt/MammoDiffusion/MammoDiffusion/experiments/diffusers/04_sd21_lora/generated_images/final/positive/gen_1703.png,gen_1703.png,64.6868,33.0,3.0,0.3233299255371094,0.9478639436520016,0.34232330322265625,131.18067039604182,60.054125611600305,6.475744042750598,1752.4329833984375,0.0,0.0,False,,-35.074452208408715,True,1229.0
positive,/mnt/MammoDiffusion/MammoDiffusion/experiments/diffusers/04_sd21_lora/generated_images/final/positive/gen_1704.png,gen_1704.png,66.5824,26.0,4.0,0.38677978515625,0.9594741202461733,0.4871253967285156,112.91323993515901,57.81639938232106,7.071716371389854,1817.076171875,0.0,0.0,False,,-28.742669152774138,True,1058.0
positive,/mnt/MammoDiffusion/MammoDiffusion/experiments/diffusers/04_sd21_lora/generated_images/final/positive/gen_1705.png,gen_1705.png,92.8956,79.0,1.0,0.31280517578125,0.92,0.33031463623046875,145.00189398313893,46.45953223958303,5.734213187759427,850.841796875,0.0,0.0,False,,-48.26400838870186,False,
positive,/mnt/MammoDiffusion/MammoDiffusion/experiments/diffusers/04_sd21_lora/generated_images/final/positive/gen_1706.png,gen_1706.png,27.7912,5.0,2.0,0.6537055969238281,0.9981443118489773,0.6502876281738281,128.827458364864,50.78066023971198,7.086286025242921,1083.56494140625,0.0,0.0,False,,-7.472144430206113,True,66.0
positive,/mnt/MammoDiffusion/MammoDiffusion/experiments/diffusers/04_sd21_lora/generated_images/final/positive/gen_1707.png,gen_1707.png,130.0,117.0,4.0,0.049152374267578125,0.5364377182770663,0.02317047119140625,187.3574250905499,23.289904733962008,4.838737770689406,844.9795532226562,0.0,0.0,True,too_empty,,False,
positive,/mnt/MammoDiffusion/MammoDiffusion/experiments/diffusers/04_sd21_lora/generated_images/final/positive/gen_1708.png,gen_1708.png,113.7912,91.0,2.0,0.20507431030273438,0.9687308171654979,0.22843551635742188,153.04585608603443,41.26656572910963,5.606631406653475,645.0033569335938,0.0,0.0,False,,-21.900812851881557,True,874.0
positive,/mnt/MammoDiffusion/MammoDiffusion/experiments/diffusers/04_sd21_lora/generated_images/final/positive/gen_1709.png,gen_1709.png,108.47800000000001,59.0,5.0,0.29250335693359375,0.9285583870210491,0.33618927001953125,150.17276750255306,47.058831177179044,6.83046290176571,1768.0054931640625,0.0,0.0,False,,-45.86630445559484,False,
positive,/mnt/MammoDiffusion/MammoDiffusion/experiments/diffusers/04_sd21_lora/generated_images/final/positive/gen_1710.png,gen_1710.png,107.6868,76.0,3.0,0.1759033203125,0.4364590562109646,0.12945938110351562,183.2827002976103,40.86483158080349,5.9681422458598234,1125.734130859375,0.0,0.0,True,too_empty,,False,
positive,/mnt/MammoDiffusion/MammoDiffusion/experiments/diffusers/04_sd21_lora/generated_images/final/positive/gen_1711.png,gen_1711.png,95.5824,55.0,4.0,0.24777603149414062,0.9536741951872892,0.2629127502441406,150.5861493594115,48.55373334126723,6.314768455724327,1447.8038330078125,0.0,0.0,False,,-31.63089993833841,True,1131.0
positive,/mnt/MammoDiffusion/MammoDiffusion/experiments/diffusers/04_sd21_lora/generated_images/final/positive/gen_1712.png,gen_1712.png,85.8956,72.0,1.0,0.297698974609375,0.9729113275243465,0.3165550231933594,132.4500198835906,47.04430881118315,5.494651810094901,723.7390747070312,0.0,0.0,False,,-18.556835283692564,True,746.0
positive,/mnt/MammoDiffusion/MammoDiffusion/experiments/diffusers/04_sd21_lora/generated_images/final/positive/gen_1713.png,gen_1713.png,95.6868,64.0,3.0,0.22415924072265625,0.9682958374459685,0.24036026000976562,147.19395641892427,53.14184017490134,6.110842031553632,1466.03173828125,0.0,0.0,False,,-23.706361824014394,True,923.0
positive,/mnt/MammoDiffusion/MammoDiffusion/experiments/diffusers/04_sd21_lora/generated_images/final/positive/gen_1714.png,gen_1714.png,60.7912,38.0,2.0,0.337005615234375,0.9721429865072897,0.3630523681640625,125.74004959441852,59.74781730778317,6.252461874130825,1441.9189453125,0.0,0.0,False,,-20.66376995187739,True,833.0
positive,/mnt/MammoDiffusion/MammoDiffusion/experiments/diffusers/04_sd21_lora/generated_images/final/positive/gen_1715.png,gen_1715.png,165.6868,134.0,3.0,0.10041427612304688,0.9105725031341413,0.0691070556640625,191.59836608522852,11.652280978427681,5.334731144270848,902.2819213867188,0.0,0.0,True,too_empty,,False,
positive,/mnt/MammoDiffusion/MammoDiffusion/experiments/diffusers/04_sd21_lora/generated_images/final/positive/gen_1716.png,gen_1716.png,45.6868,14.0,3.0,0.3119659423828125,0.9850574712643678,0.3624267578125,105.45841402829235,61.57124666822088,6.503812657908572,2077.6123046875,0.0,0.0,False,,-14.03712098438502,True,565.0
positive,/mnt/MammoDiffusion/MammoDiffusion/experiments/diffusers/04_sd21_lora/generated_images/final/positive/gen_1717.png,gen_1717.png,90.5824,50.0,4.0,0.3451690673828125,0.9359223730162238,0.3617439270019531,144.51253308587036,52.204759105474075,6.968110016650877,1676.0501708984375,0.0,0.0,False,,-41.818021130383315,False,
positive,/mnt/MammoDiffusion/MammoDiffusion/experiments/diffusers/04_sd21_lora/generated_images/final/positive/gen_1718.png,gen_1718.png,51.7912,29.0,2.0,0.4242706298828125,0.9933465204099982,0.45944976806640625,125.76581259029243,61.477288794274074,6.580377397346492,1498.3516845703125,0.0,0.0,False,,-9.523386056152255,True,291.0
positive,/mnt/MammoDiffusion/MammoDiffusion/experiments/diffusers/04_sd21_lora/generated_images/final/positive/gen_1719.png,gen_1719.png,175.1648,99.0,8.0,0.055511474609375,0.6228009895547004,0.04010009765625,189.4556697108067,15.653257833178834,6.185939405268776,749.3638305664062,0.0,0.0,True,too_empty,,False,
positive,/mnt/MammoDiffusion/MammoDiffusion/experiments/diffusers/04_sd21_lora/generated_images/final/positive/gen_1720.png,gen_1720.png,43.0,38.0,0.0,0.560577392578125,0.9977883934890305,0.562469482421875,128.8236327383213,55.560610947500656,6.058615224163452,1144.8218994140625,0.0,0.0,False,,-6.477880377794777,True,22.0
positive,/mnt/MammoDiffusion/MammoDiffusion/experiments/diffusers/04_sd21_lora/generated_images/final/positive/gen_1721.png,gen_1721.png,99.7912,77.0,2.0,0.231292724609375,0.8974303997888904,0.275726318359375,142.87331211953514,48.73093981530956,5.5518523772340265,779.95849609375,0.0,0.0,False,,-61.16652044648714,False,
positive,/mnt/MammoDiffusion/MammoDiffusion/experiments/diffusers/04_sd21_lora/generated_images/final/positive/gen_1722.png,gen_1722.png,57.7912,35.0,2.0,0.3499336242675781,0.9893822288598433,0.3837394714355469,124.02203886873104,61.36052131153484,6.345323134562711,1514.3994140625,0.0,0.0,False,,-11.1945870535306,True,426.0
positive,/mnt/MammoDiffusion/MammoDiffusion/experiments/diffusers/04_sd21_lora/generated_images/final/positive/gen_1723.png,gen_1723.png,142.6868,111.0,3.0,0.08898544311523438,0.8231662879924551,0.06915664672851562,162.1914611947708,17.396192890018813,5.446825557948252,760.9871826171875,0.0,0.0,True,too_empty,,False,
positive,/mnt/MammoDiffusion/MammoDiffusion/experiments/diffusers/04_sd21_lora/generated_images/final/positive/gen_1724.png,gen_1724.png,56.8956,43.0,1.0,0.6769905090332031,0.9790893057379035,0.6740531921386719,128.49570738940233,50.576203127984115,6.748226652573444,835.5133056640625,0.0,0.0,False,,-17.60326256820562,True,712.0
positive,/mnt/MammoDiffusion/MammoDiffusion/experiments/diffusers/04_sd21_lora/generated_images/final/positive/gen_1725.png,gen_1725.png,47.5824,7.0,4.0,0.704437255859375,0.9728479833643807,0.7510833740234375,109.74303679174369,52.42621385112604,7.536887770715348,1657.847900390625,0.0,0.0,False,,-22.881654524727125,True,902.0
positive,/mnt/MammoDiffusion/MammoDiffusion/experiments/diffusers/04_sd21_lora/generated_images/final/positive/gen_1726.png,gen_1726.png,15.0,10.0,0.0,0.7603836059570312,0.9982290673757086,0.7530288696289062,124.29561503936131,42.89364752791661,6.6657501702997575,672.2189331054688,0.0,0.0,False,,-6.957789911857915,True,36.0
positive,/mnt/MammoDiffusion/MammoDiffusion/experiments/diffusers/04_sd21_lora/generated_images/final/positive/gen_1727.png,gen_1727.png,130.6868,99.0,3.0,0.14750289916992188,0.5494090568184757,0.12685394287109375,172.278432669754,29.91161022566149,5.8940504861161465,1227.5562744140625,0.0,0.0,True,too_empty,,False,
positive,/mnt/MammoDiffusion/MammoDiffusion/experiments/diffusers/04_sd21_lora/generated_images/final/positive/gen_1728.png,gen_1728.png,125.5824,85.0,4.0,0.17996597290039062,0.7798079572673124,0.15367507934570312,179.00109221794713,41.9674140722382,6.1959901577732746,1308.86962890625,0.0,0.0,False,,-129.01917722991377,False,
positive,/mnt/MammoDiffusion/MammoDiffusion/experiments/diffusers/04_sd21_lora/generated_images/final/positive/gen_1729.png,gen_1729.png,150.478,101.0,5.0,0.08869171142578125,0.8166451612903226,0.06943130493164062,197.69545629361025,28.090059114102285,5.754225256395757,1687.298095703125,0.0,0.0,True,too_empty,,False,
positive,/mnt/MammoDiffusion/MammoDiffusion/experiments/diffusers/04_sd21_lora/generated_images/final/positive/gen_1730.png,gen_1730.png,125.8956,112.0,1.0,0.2361602783203125,0.8631679266007625,0.21570968627929688,154.94399349213927,26.89952368620837,5.203921872579535,351.7437744140625,0.0,0.0,False,,-81.50382521173397,False,
positive,/mnt/MammoDiffusion/MammoDiffusion/experiments/diffusers/04_sd21_lora/generated_images/final/positive/gen_1731.png,gen_1731.png,99.7912,77.0,2.0,0.20167922973632812,0.9625300270479865,0.22743988037109375,148.9785314145785,51.429078621036034,5.7006827133628954,909.8026733398438,0.0,0.0,False,,-25.839220442807033,True,990.0
positive,/mnt/MammoDiffusion/MammoDiffusion/experiments/diffusers/04_sd21_lora/generated_images/final/positive/gen_1732.png,gen_1732.png,106.7912,84.0,2.0,0.29229736328125,0.9685607642514095,0.33290863037109375,148.3614987968374,45.82309527862468,5.733447215002673,581.0975952148438,0.0,0.0,False,,-21.67304544166713,True,868.0
positive,/mnt/MammoDiffusion/MammoDiffusion/experiments/diffusers/04_sd21_lora/generated_images/final/positive/gen_1733.png,gen_1733.png,79.5824,39.0,4.0,0.28226470947265625,0.9703354326026434,0.31154632568359375,135.98906575241827,56.57635277523487,6.633751800985013,2130.20703125,0.0,0.0,False,,-23.327343627386576,True,918.0
positive,/mnt/MammoDiffusion/MammoDiffusion/experiments/diffusers/04_sd21_lora/generated_images/final/positive/gen_1734.png,gen_1734.png,75.6868,44.0,3.0,0.4509468078613281,0.9967939228342061,0.4571075439453125,148.35645258203425,47.216852570659945,6.743394724751916,1384.3128662109375,0.0,0.0,False,,-7.296919401233071,True,58.0
positive,/mnt/MammoDiffusion/MammoDiffusion/experiments/diffusers/04_sd21_lora/generated_images/final/positive/gen_1735.png,gen_1735.png,220.0,240.0,7.0,0.5024681091308594,0.9792057334173506,0.4877471923828125,245.92520725793838,13.016672146513027,5.68826820712681,1711.28564453125,0.0,0.0,False,,-21.055913985370452,True,849.0
positive,/mnt/MammoDiffusion/MammoDiffusion/experiments/diffusers/04_sd21_lora/generated_images/final/positive/gen_1736.png,gen_1736.png,62.5824,22.0,4.0,0.3809356689453125,0.9841177648708191,0.3963813781738281,136.02437709919255,56.12505227071536,6.810795308600294,1948.700927734375,0.0,0.0,False,,-15.022950596602467,True,609.0
positive,/mnt/MammoDiffusion/MammoDiffusion/experiments/diffusers/04_sd21_lora/generated_images/final/positive/gen_1737.png,gen_1737.png,220.0,247.0,5.0,0.4132270812988281,0.9579506115855065,0.4000587463378906,248.73893185090537,24.05328814673212,6.2700843300504765,1799.218017578125,0.0,0.0,False,,-32.28834620977067,True,1148.0
positive,/mnt/MammoDiffusion/MammoDiffusion/experiments/diffusers/04_sd21_lora/generated_images/final/positive/gen_1738.png,gen_1738.png,55.5824,15.0,4.0,0.44463348388671875,0.9863415638566208,0.49906158447265625,116.48189197865868,56.94500502513988,7.188333923038243,2166.681640625,0.0,0.0,False,,-14.498407737598423,True,591.0
positive,/mnt/MammoDiffusion/MammoDiffusion/experiments/diffusers/04_sd21_lora/generated_images/final/positive/gen_1739.png,gen_1739.png,59.8956,46.0,1.0,0.2880134582519531,0.9801062237586257,0.3205108642578125,124.85627231611521,61.45923616030668,5.280461794782258,1238.89794921875,0.0,0.0,False,,-15.415222790778412,True,633.0
positive,/mnt/MammoDiffusion/MammoDiffusion/experiments/diffusers/04_sd21_lora/generated_images/final/positive/gen_1740.png,gen_1740.png,98.7912,76.0,2.0,0.33331298828125,0.8855978758469145,0.386566162109375,138.00891094971186,45.28542749157154,6.120295857543567,911.5712890625,0.0,0.0,False,,-67.1283579692397,False,
positive,/mnt/MammoDiffusion/MammoDiffusion/experiments/diffusers/04_sd21_lora/generated_images/final/positive/gen_1741.png,gen_1741.png,92.5824,52.0,4.0,0.2807502746582031,0.9905974428305502,0.28778076171875,147.58358960763522,41.924489145175805,6.298156431601831,1375.7374267578125,0.0,0.0,False,,-10.297148679173459,True,362.0
positive,/mnt/MammoDiffusion/MammoDiffusion/experiments/diffusers/04_sd21_lora/generated_images/final/positive/gen_1742.png,gen_1742.png,92.6868,61.0,3.0,0.33115386962890625,0.9823061859232808,0.34857177734375,144.3479469444931,42.119627343041735,6.368606019240813,1101.2493896484375,0.0,0.0,False,,-14.137082797316971,True,570.0
positive,/mnt/MammoDiffusion/MammoDiffusion/experiments/diffusers/04_sd21_lora/generated_images/final/positive/gen_1743.png,gen_1743.png,99.47800000000001,50.0,5.0,0.24060440063476562,0.9633916255767127,0.26146697998046875,142.31853462110823,44.4343303238014,6.5419716179228935,1839.1685791015625,0.0,0.0,False,,-26.40761362613324,True,1000.0
positive,/mnt/MammoDiffusion/MammoDiffusion/experiments/diffusers/04_sd21_lora/generated_images/final/positive/gen_1744.png,gen_1744.png,220.0,249.0,1.0,0.4533805847167969,0.9369041909617924,0.4232177734375,248.6047916065763,16.625123666287845,5.599365220954994,1773.34765625,0.0,0.0,False,,-43.9240343524681,False,
positive,/mnt/MammoDiffusion/MammoDiffusion/experiments/diffusers/04_sd21_lora/generated_images/final/positive/gen_1745.png,gen_1745.png,118.7912,96.0,2.0,0.19244766235351562,0.8712362980435687,0.2266693115234375,151.21413665432513,44.08397736521469,5.3428992132437765,589.4644775390625,0.0,0.0,False,,-75.99667634501199,False,
positive,/mnt/MammoDiffusion/MammoDiffusion/experiments/diffusers/04_sd21_lora/generated_images/final/positive/gen_1746.png,gen_1746.png,125.47800000000001,76.0,5.0,0.20113754272460938,0.8434009141426594,0.16979598999023438,170.47621936150614,41.894348141975215,6.481211308756242,1520.31103515625,0.0,0.0,False,,-93.87723495354531,False,
positive,/mnt/MammoDiffusion/MammoDiffusion/experiments/diffusers/04_sd21_lora/generated_images/final/positive/gen_1747.png,gen_1747.png,113.7912,91.0,2.0,0.18633270263671875,0.8051017483519634,0.15386199951171875,159.04975950810731,33.13610517358603,5.539248276593648,594.2099609375,0.0,0.0,False,,-113.87811063594621,False,
positive,/mnt/MammoDiffusion/MammoDiffusion/experiments/diffusers/04_sd21_lora/generated_images/final/positive/gen_1748.png,gen_1748.png,84.6868,53.0,3.0,0.23386383056640625,0.8288258897987146,0.23811721801757812,139.7528395892408,57.82187973720868,6.194067459738808,1601.5654296875,0.0,0.0,False,,-101.51221626835515,False,
positive,/mnt/MammoDiffusion/MammoDiffusion/experiments/diffusers/04_sd21_lora/generated_images/final/positive/gen_1749.png,gen_1749.png,95.6868,64.0,3.0,0.24747848510742188,0.901009633911368,0.2774238586425781,141.12415262976967,50.559490538832726,6.123374733397972,1023.6710815429688,0.0,0.0,False,,-59.91584169741534,False,
positive,/mnt/MammoDiffusion/MammoDiffusion/experiments/diffusers/04_sd21_lora/generated_images/final/positive/gen_1750.png,gen_1750.png,116.7912,94.0,2.0,0.3898658752441406,0.8837291220242464,0.31525421142578125,158.7945717673822,37.31997217171384,6.492125664776049,856.2648315429688,0.0,0.0,False,,-69.44600023044032,False,
positive,/mnt/MammoDiffusion/MammoDiffusion/experiments/diffusers/04_sd21_lora/generated_images/final/positive/gen_1751.png,gen_1751.png,138.7912,116.0,2.0,0.23229598999023438,0.9665161343295837,0.2599296569824219,167.14956192488884,32.69496616711152,5.74676214179663,748.9435424804688,0.0,0.0,False,,-23.83238033248898,True,926.0
positive,/mnt/MammoDiffusion/MammoDiffusion/experiments/diffusers/04_sd21_lora/generated_images/final/positive/gen_1752.png,gen_1752.png,186.0,174.0,3.0,0.049594879150390625,0.39227751711406816,0.01824951171875,203.60890468227424,17.18526861867254,6.557672041709751,1267.17529296875,0.0,0.0,True,too_empty,,False,
positive,/mnt/MammoDiffusion/MammoDiffusion/experiments/diffusers/04_sd21_lora/generated_images/final/positive/gen_1753.png,gen_1753.png,97.5824,57.0,4.0,0.1482696533203125,0.8962385509931049,0.15621185302734375,155.2210989010989,58.06850238085865,5.958206504497631,1529.176025390625,0.0,0.0,False,,-64.8030616545237,False,
positive,/mnt/MammoDiffusion/MammoDiffusion/experiments/diffusers/04_sd21_lora/generated_images/final/positive/gen_1754.png,gen_1754.png,80.5824,40.0,4.0,0.35691070556640625,0.9651781706248264,0.4162864685058594,130.7871195946008,53.7803090331192,6.865583677371706,1665.03173828125,0.0,0.0,False,,-24.968650506796266,True,964.0
positive,/mnt/MammoDiffusion/MammoDiffusion/experiments/diffusers/04_sd21_lora/generated_images/final/positive/gen_1755.png,gen_1755.png,88.6868,57.0,3.0,0.352142333984375,0.9236827281393535,0.3922996520996094,136.6058596446873,52.033978296435336,6.65453830001406,1377.515869140625,0.0,0.0,False,,-47.477569895866914,False,
positive,/mnt/MammoDiffusion/MammoDiffusion/experiments/diffusers/04_sd21_lora/generated_images/final/positive/gen_1756.png,gen_1756.png,84.7912,62.0,2.0,0.3664131164550781,0.9706932630943333,0.4036407470703125,137.07673042755076,54.29729648138213,6.3990891655149715,896.2297973632812,0.0,0.0,False,,-20.643312916011773,True,832.0
positive,/mnt/MammoDiffusion/MammoDiffusion/experiments/diffusers/04_sd21_lora/generated_images/final/positive/gen_1757.png,gen_1757.png,108.7912,86.0,2.0,0.2680244445800781,0.8570615277323124,0.25376129150390625,150.95400018039146,43.96986520377545,5.887022556899495,548.9859008789062,0.0,0.0,False,,-84.25431001556662,False,
positive,/mnt/MammoDiffusion/MammoDiffusion/experiments/diffusers/04_sd21_lora/generated_images/final/positive/gen_1758.png,gen_1758.png,69.7912,47.0,2.0,0.25318145751953125,0.9275274973632666,0.26903533935546875,133.04996738791368,60.34258202779527,5.880909324330608,1329.640380859375,0.0,0.0,False,,-45.83079401035413,False,
positive,/mnt/MammoDiffusion/MammoDiffusion/experiments/diffusers/04_sd21_lora/generated_images/final/positive/gen_1759.png,gen_1759.png,140.7912,118.0,2.0,0.125091552734375,0.9577640888021469,0.12933349609375,164.42003893345918,24.10345776174248,4.622269047522339,282.0741271972656,0.0,0.0,True,too_empty,,False,
positive,/mnt/MammoDiffusion/MammoDiffusion/experiments/diffusers/04_sd21_lora/generated_images/final/positive/gen_1760.png,gen_1760.png,77.8956,64.0,1.0,0.245147705078125,0.9812181003361136,0.2699699401855469,130.52602054513855,50.26371944096503,5.036564269889415,570.2468872070312,0.0,0.0,False,,-14.164982283820159,True,571.0
positive,/mnt/MammoDiffusion/MammoDiffusion/experiments/diffusers/04_sd21_lora/generated_images/final/positive/gen_1761.png,gen_1761.png,67.6868,36.0,3.0,0.2986488342285156,0.9539909821303121,0.3366279602050781,128.50962660773982,60.31870058943364,6.299752712679713,1655.466796875,0.0,0.0,False,,-31.355141103698976,True,1116.0
positive,/mnt/MammoDiffusion/MammoDiffusion/experiments/diffusers/04_sd21_lora/generated_images/final/positive/gen_1762.png,gen_1762.png,87.7912,65.0,2.0,0.2292327880859375,0.9640551154895827,0.2685050964355469,136.92178953499936,55.289193996775005,5.800850910248496,987.8649291992188,0.0,0.0,False,,-24.814567077524693,True,954.0
positive,/mnt/MammoDiffusion/MammoDiffusion/experiments/diffusers/04_sd21_lora/generated_images/final/positive/gen_1763.png,gen_1763.png,27.7912,5.0,2.0,0.7461128234863281,0.9961143009064927,0.7421798706054688,124.99047584781916,43.92787645579669,7.196080593600058,945.360107421875,0.0,0.0,False,,-8.55575710001552,True,179.0
positive,/mnt/MammoDiffusion/MammoDiffusion/experiments/diffusers/04_sd21_lora/generated_images/final/positive/gen_1764.png,gen_1764.png,82.7912,60.0,2.0,0.3316459655761719,0.9622493932527404,0.3843879699707031,131.76575199722126,53.51749816773856,6.216882330303633,1117.56396484375,0.0,0.0,False,,-25.32279792275193,True,975.0
positive,/mnt/MammoDiffusion/MammoDiffusion/experiments/diffusers/04_sd21_lora/generated_images/final/positive/gen_1765.png,gen_1765.png,117.5824,77.0,4.0,0.14801025390625,0.8127319587628866,0.12640762329101562,172.6823792135679,40.37208793883007,6.0293670111281115,1322.106689453125,0.0,0.0,True,too_empty,,False,
positive,/mnt/MammoDiffusion/MammoDiffusion/experiments/diffusers/04_sd21_lora/generated_images/final/positive/gen_1766.png,gen_1766.png,127.5824,87.0,4.0,0.15125656127929688,0.7468411893773171,0.11903762817382812,163.9093734978369,33.61775750814862,6.190066946880791,1294.0123291015625,0.0,0.0,True,too_empty,,False,
positive,/mnt/MammoDiffusion/MammoDiffusion/experiments/diffusers/04_sd21_lora/generated_images/final/positive/gen_1767.png,gen_1767.png,59.7912,37.0,2.0,0.4013557434082031,0.9757919648712612,0.44695281982421875,116.06542000238977,57.83807261131827,6.501833388802037,1356.650634765625,0.0,0.0,False,,-18.380765795013986,True,741.0
positive,/mnt/MammoDiffusion/MammoDiffusion/experiments/diffusers/04_sd21_lora/generated_images/final/positive/gen_1768.png,gen_1768.png,77.8956,64.0,1.0,0.4637908935546875,0.9924658660963974,0.5173988342285156,127.96164650195749,51.00488372748003,6.216881911693504,938.88427734375,0.0,0.0,False,,-8.683495665226895,True,203.0
positive,/mnt/MammoDiffusion/MammoDiffusion/experiments/diffusers/04_sd21_lora/generated_images/final/positive/gen_1769.png,gen_1769.png,32.7912,10.0,2.0,0.5759544372558594,0.9973639416358133,0.5750541687011719,115.92516600662036,53.508964697415436,7.023539407127464,1508.777587890625,0.0,0.0,False,,-7.658475285756371,True,83.0
positive,/mnt/MammoDiffusion/MammoDiffusion/experiments/diffusers/04_sd21_lora/generated_images/final/positive/gen_1770.png,gen_1770.png,92.6868,61.0,3.0,0.23506927490234375,0.8883515627535621,0.19253921508789062,159.08887920274205,53.53676006911001,6.183625300591261,1327.6241455078125,0.0,0.0,False,,-68.70928433778924,False,
positive,/mnt/MammoDiffusion/MammoDiffusion/experiments/diffusers/04_sd21_lora/generated_images/final/positive/gen_1771.png,gen_1771.png,133.6868,102.0,3.0,0.1381988525390625,0.8186761620845755,0.11706161499023438,178.34464105321473,37.78237299760795,5.863973333160444,1161.84228515625,0.0,0.0,True,too_empty,,False,
positive,/mnt/MammoDiffusion/MammoDiffusion/experiments/diffusers/04_sd21_lora/generated_images/final/positive/gen_1772.png,gen_1772.png,80.7912,58.0,2.0,0.3606529235839844,0.9685963000962525,0.39986419677734375,133.68332983533992,50.22563715059062,6.355188756456757,1203.3177490234375,0.0,0.0,False,,-21.762457460124352,True,869.0
positive,/mnt/MammoDiffusion/MammoDiffusion/experiments/diffusers/04_sd21_lora/generated_images/final/positive/gen_1773.png,gen_1773.png,50.7912,28.0,2.0,0.3783683776855469,0.9460413158982528,0.4011993408203125,115.91602327615715,64.66298216065957,6.442723518794979,1643.2420654296875,0.0,0.0,False,,-35.38145832748899,True,1240.0
positive,/mnt/MammoDiffusion/MammoDiffusion/experiments/diffusers/04_sd21_lora/generated_images/final/positive/gen_1774.png,gen_1774.png,89.6868,58.0,3.0,0.3297309875488281,0.9914851278966184,0.3419761657714844,141.13705980122035,45.01651508387624,6.341549788150672,1130.542236328125,0.0,0.0,False,,-9.200949439663866,True,265.0
positive,/mnt/MammoDiffusion/MammoDiffusion/experiments/diffusers/04_sd21_lora/generated_images/final/positive/gen_1775.png,gen_1775.png,60.5824,20.0,4.0,0.33452606201171875,0.9892124888817935,0.3588714599609375,130.63397678472725,55.81639531094352,6.636219498933457,1527.9169921875,0.0,0.0,False,,-11.570334060306404,True,451.0
positive,/mnt/MammoDiffusion/MammoDiffusion/experiments/diffusers/04_sd21_lora/generated_images/final/positive/gen_1776.png,gen_1776.png,147.0,140.0,2.0,0.037990570068359375,0.41359574254443215,0.01378631591796875,180.72246817930272,18.66825575648248,3.923994384571948,315.3063659667969,0.0,0.0,True,too_empty,,False,
positive,/mnt/MammoDiffusion/MammoDiffusion/experiments/diffusers/04_sd21_lora/generated_images/final/positive/gen_1777.png,gen_1777.png,54.5824,14.0,4.0,0.2675628662109375,0.9900627316794981,0.2782135009765625,136.87787253880327,58.021782761893945,6.3981074003282155,2217.072265625,0.0,0.0,False,,-12.602836842504164,True,509.0
positive,/mnt/MammoDiffusion/MammoDiffusion/experiments/diffusers/04_sd21_lora/generated_images/final/positive/gen_1778.png,gen_1778.png,75.7912,53.0,2.0,0.3492393493652344,0.9900055706655307,0.3751945495605469,141.37859793604798,54.71889864043407,6.149120722722181,1377.7607421875,0.0,0.0,False,,-10.605823193561378,True,384.0
positive,/mnt/MammoDiffusion/MammoDiffusion/experiments/diffusers/04_sd21_lora/generated_images/final/positive/gen_1779.png,gen_1779.png,147.478,98.0,5.0,0.055545806884765625,0.5702218254240781,0.02965545654296875,184.94918960638023,21.24160249606388,5.6886445163021895,1453.1986083984375,0.0,0.0,True,too_empty,,False,
positive,/mnt/MammoDiffusion/MammoDiffusion/experiments/diffusers/04_sd21_lora/generated_images/final/positive/gen_1780.png,gen_1780.png,80.7912,58.0,2.0,0.42087554931640625,0.980068884256322,0.4454994201660156,140.00250032110287,50.175137142733206,6.588155167391687,967.9138793945312,0.0,0.0,False,,-15.792793870047817,True,646.0
positive,/mnt/MammoDiffusion/MammoDiffusion/experiments/diffusers/04_sd21_lora/generated_images/final/positive/gen_1781.png,gen_1781.png,60.478,11.0,5.0,0.6143569946289062,0.9904191244954983,0.6868019104003906,116.16587332885287,52.64402610542915,7.56445535033634,2253.61767578125,0.0,0.0,False,,-13.664664083247706,True,553.0
positive,/mnt/MammoDiffusion/MammoDiffusion/experiments/diffusers/04_sd21_lora/generated_images/final/positive/gen_1782.png,gen_1782.png,92.7912,70.0,2.0,0.2151947021484375,0.8624406154718854,0.2032318115234375,160.52580899466926,52.05305995800508,5.803366440774658,1109.71044921875,0.0,0.0,False,,-82.31993063270441,False,
positive,/mnt/MammoDiffusion/MammoDiffusion/experiments/diffusers/04_sd21_lora/generated_images/final/positive/gen_1783.png,gen_1783.png,96.6868,65.0,3.0,0.30353546142578125,0.9700892296091492,0.3337860107421875,150.27713142857144,51.941600045764424,6.316939943552518,1036.5396728515625,0.0,0.0,False,,-21.76415329411482,True,870.0
positive,/mnt/MammoDiffusion/MammoDiffusion/experiments/diffusers/04_sd21_lora/generated_images/final/positive/gen_1784.png,gen_1784.png,220.0,243.0,8.0,0.29073333740234375,0.9121552470674679,0.2620506286621094,248.20823931872772,24.712687228620446,6.352501522148444,1751.8758544921875,0.0,0.0,False,,-58.60627830893996,False,
positive,/mnt/MammoDiffusion/MammoDiffusion/experiments/diffusers/04_sd21_lora/generated_images/final/positive/gen_1785.png,gen_1785.png,96.5824,56.0,4.0,0.3126716613769531,0.9297017019459526,0.35665130615234375,142.9901704922241,51.43632979634005,6.792410951895453,1849.286376953125,0.0,0.0,False,,-45.24578305888855,False,
positive,/mnt/MammoDiffusion/MammoDiffusion/experiments/diffusers/04_sd21_lora/generated_images/final/positive/gen_1786.png,gen_1786.png,125.7912,103.0,2.0,0.13921737670898438,0.8770516509110837,0.058429718017578125,187.82248482078737,28.295577452157247,5.0125730434931715,546.7688598632812,0.0,0.0,True,too_empty,,False,
positive,/mnt/MammoDiffusion/MammoDiffusion/experiments/diffusers/04_sd21_lora/generated_images/final/positive/gen_1787.png,gen_1787.png,42.8956,29.0,1.0,0.43827056884765625,0.9943075985725477,0.45896148681640625,113.52957261831541,57.74799004794356,6.284300122186821,1372.1668701171875,0.0,0.0,False,,-7.902136518578596,True,108.0
positive,/mnt/MammoDiffusion/MammoDiffusion/experiments/diffusers/04_sd21_lora/generated_images/final/positive/gen_1788.png,gen_1788.png,54.7912,32.0,2.0,0.3803367614746094,0.9780949419776737,0.4198951721191406,119.31877027063858,61.769856313052856,6.346371773660351,1368.4029541015625,0.0,0.0,False,,-17.157943745211806,True,694.0
positive,/mnt/MammoDiffusion/MammoDiffusion/experiments/diffusers/04_sd21_lora/generated_images/final/positive/gen_1789.png,gen_1789.png,141.6868,110.0,3.0,0.13080978393554688,0.4454521594587501,0.053791046142578125,188.3162896248493,21.81959112818448,5.44380174050389,760.8882446289062,0.0,0.0,True,too_empty,,False,
positive,/mnt/MammoDiffusion/MammoDiffusion/experiments/diffusers/04_sd21_lora/generated_images/final/positive/gen_1790.png,gen_1790.png,108.7912,86.0,2.0,0.24865341186523438,0.82720954850191,0.1782684326171875,180.0950526405889,50.135938586313024,6.083763200291929,1203.244873046875,0.0,0.0,False,,-102.90382272320952,False,
positive,/mnt/MammoDiffusion/MammoDiffusion/experiments/diffusers/04_sd21_lora/generated_images/final/positive/gen_1791.png,gen_1791.png,198.0,129.0,8.0,0.049289703369140625,0.4709387818280319,0.014614105224609375,212.8355520751762,15.184778522424608,7.371347780347715,3129.47705078125,0.0,0.0,True,too_empty,,False,
positive,/mnt/MammoDiffusion/MammoDiffusion/experiments/diffusers/04_sd21_lora/generated_images/final/positive/gen_1792.png,gen_1792.png,220.0,245.0,1.0,0.3801116943359375,0.9418128537593834,0.3517570495605469,244.69423387665245,15.22848432433015,6.02617708659821,1514.352783203125,0.0,0.0,False,,-41.48265891488943,False,
positive,/mnt/MammoDiffusion/MammoDiffusion/experiments/diffusers/04_sd21_lora/generated_images/final/positive/gen_1793.png,gen_1793.png,52.5824,12.0,4.0,0.3528480529785156,0.976864114511822,0.3980216979980469,117.67784816799087,64.61925779254261,6.892141452953654,2498.125244140625,0.0,0.0,False,,-19.83547621155809,True,800.0
positive,/mnt/MammoDiffusion/MammoDiffusion/experiments/diffusers/04_sd21_lora/generated_images/final/positive/gen_1794.png,gen_1794.png,82.3736,24.0,6.0,0.5761070251464844,0.9799699383537607,0.6089859008789062,131.78546372508487,41.84950475830695,7.450395683838267,1626.671875,0.0,0.0,False,,-17.77214857408177,True,717.0
positive,/mnt/MammoDiffusion/MammoDiffusion/experiments/diffusers/04_sd21_lora/generated_images/final/positive/gen_1795.png,gen_1795.png,77.5824,37.0,4.0,0.3987159729003906,0.9810947082404493,0.4758720397949219,129.76474784964768,55.196067856293034,7.072498565025828,1784.387939453125,0.0,0.0,False,,-16.952623669516186,True,690.0
positive,/mnt/MammoDiffusion/MammoDiffusion/experiments/diffusers/04_sd21_lora/generated_images/final/positive/gen_1796.png,gen_1796.png,53.6868,22.0,3.0,0.5571136474609375,0.993590972583605,0.5897026062011719,119.58033340449067,55.59944914506643,7.166278968880631,1540.3731689453125,0.0,0.0,False,,-10.290982403811501,True,361.0
positive,/mnt/MammoDiffusion/MammoDiffusion/experiments/diffusers/04_sd21_lora/generated_images/final/positive/gen_1797.png,gen_1797.png,144.7912,122.0,2.0,0.117431640625,0.999837577962578,0.10972213745117188,175.61985884643465,10.33754876796324,4.174440081738025,247.94778442382812,0.0,0.0,True,too_empty,,False,
positive,/mnt/MammoDiffusion/MammoDiffusion/experiments/diffusers/04_sd21_lora/generated_images/final/positive/gen_1798.png,gen_1798.png,129.478,80.0,5.0,0.08524322509765625,0.8437304215519557,0.06578445434570312,177.55720498695274,23.006858958468086,5.820820182949093,2023.970458984375,0.0,0.0,True,too_empty,,False,
positive,/mnt/MammoDiffusion/MammoDiffusion/experiments/diffusers/04_sd21_lora/generated_images/final/positive/gen_1799.png,gen_1799.png,44.7912,22.0,2.0,0.5134811401367188,0.9904090456591831,0.5095100402832031,123.29068243926179,49.414520950848285,6.767770226354262,1075.6727294921875,0.0,0.0,False,,-10.2285848916836,True,357.0
positive,/mnt/MammoDiffusion/MammoDiffusion/experiments/diffusers/04_sd21_lora/generated_images/final/positive/gen_1800.png,gen_1800.png,107.7912,85.0,2.0,0.19305038452148438,0.9542751002825696,0.22263717651367188,150.07045559686787,47.89451165466553,5.546511696445313,790.0594482421875,0.0,0.0,False,,-30.105432748897975,True,1084.0
positive,/mnt/MammoDiffusion/MammoDiffusion/experiments/diffusers/04_sd21_lora/generated_images/final/positive/gen_1801.png,gen_1801.png,87.5824,47.0,4.0,0.3339424133300781,0.942335591322923,0.3485832214355469,146.7977653509012,53.56834625219304,6.761246112067713,1755.94970703125,0.0,0.0,False,,-38.40660951345365,True,1303.0
positive,/mnt/MammoDiffusion/MammoDiffusion/experiments/diffusers/04_sd21_lora/generated_images/final/positive/gen_1802.png,gen_1802.png,115.5824,75.0,4.0,0.14566802978515625,0.8447860472424449,0.14429092407226562,169.59682749504296,47.91195262917423,6.003414992677532,1436.0408935546875,0.0,0.0,False,,-93.1036085538223,False,
positive,/mnt/MammoDiffusion/MammoDiffusion/experiments/diffusers/04_sd21_lora/generated_images/final/positive/gen_1803.png,gen_1803.png,21.8956,8.0,1.0,0.7510986328125,0.9940120672842516,0.7588577270507812,103.81825767858041,59.401125644929834,7.248967296560661,1874.667236328125,0.0,0.0,False,,-11.477867609445438,True,448.0
positive,/mnt/MammoDiffusion/MammoDiffusion/experiments/diffusers/04_sd21_lora/generated_images/final/positive/gen_1804.png,gen_1804.png,220.0,225.0,23.0,0.2500038146972656,0.93695164563529,0.23121261596679688,245.71769150814208,20.715589355970017,6.584293801230869,1670.87109375,0.0,0.0,False,,-45.381131021194456,False,
positive,/mnt/MammoDiffusion/MammoDiffusion/experiments/diffusers/04_sd21_lora/generated_images/final/positive/gen_1805.png,gen_1805.png,109.6868,78.0,3.0,0.1810455322265625,0.9284239359460599,0.20951080322265625,144.54111285095226,43.33355488250425,5.944622996226785,1304.650390625,0.0,0.0,False,,-44.916513537162295,False,
positive,/mnt/MammoDiffusion/MammoDiffusion/experiments/diffusers/04_sd21_lora/generated_images/final/positive/gen_1806.png,gen_1806.png,81.7912,59.0,2.0,0.24432754516601562,0.8986401036706272,0.2569694519042969,137.76444041981503,56.18609876640969,5.919506769591527,1076.785888671875,0.0,0.0,False,,-61.52860921506854,False,
positive,/mnt/MammoDiffusion/MammoDiffusion/experiments/diffusers/04_sd21_lora/generated_images/final/positive/gen_1807.png,gen_1807.png,130.7912,108.0,2.0,0.11148834228515625,0.8889002942585369,0.09769821166992188,172.34059583772597,21.566439638288884,4.376800843090816,307.9200439453125,0.0,0.0,True,too_empty,,False,
positive,/mnt/MammoDiffusion/MammoDiffusion/experiments/diffusers/04_sd21_lora/generated_images/final/positive/gen_1808.png,gen_1808.png,194.0,184.0,1.0,0.04876708984375,0.6254693366708386,0.030048370361328125,211.77085184714994,11.501380588341144,6.03470383793138,612.4420776367188,0.0,0.0,True,too_empty,,False,
positive,/mnt/MammoDiffusion/MammoDiffusion/experiments/diffusers/04_sd21_lora/generated_images/final/positive/gen_1809.png,gen_1809.png,143.5824,103.0,4.0,0.13074111938476562,0.8221632188603274,0.11111831665039062,177.43530502248618,25.63256259211686,5.956496245371669,904.6532592773438,0.0,0.0,True,too_empty,,False,
positive,/mnt/MammoDiffusion/MammoDiffusion/experiments/diffusers/04_sd21_lora/generated_images/final/positive/gen_1810.png,gen_1810.png,115.6868,84.0,3.0,0.13088226318359375,0.8876712328767123,0.11177825927734375,165.4120537847246,27.391338091638662,5.391683271187677,830.4158935546875,0.0,0.0,True,too_empty,,False,
positive,/mnt/MammoDiffusion/MammoDiffusion/experiments/diffusers/04_sd21_lora/generated_images/final/positive/gen_1811.png,gen_1811.png,220.0,186.0,63.0,0.22411346435546875,0.9043574468085106,0.2015533447265625,247.92866606101902,27.264959243384485,7.150475263035284,2098.003662109375,0.0,0.0,False,,-64.36764055451938,False,
positive,/mnt/MammoDiffusion/MammoDiffusion/experiments/diffusers/04_sd21_lora/generated_images/final/positive/gen_1812.png,gen_1812.png,90.5824,50.0,4.0,0.29442596435546875,0.9788422170972506,0.31490325927734375,149.9940157480315,51.79748023540804,6.495716626258299,1750.031005859375,0.0,0.0,False,,-18.067633077151676,True,730.0
positive,/mnt/MammoDiffusion/MammoDiffusion/experiments/diffusers/04_sd21_lora/generated_images/final/positive/gen_1813.png,gen_1813.png,46.6868,15.0,3.0,0.5983657836914062,0.9967167756824644,0.6053886413574219,130.70433966187562,51.96510781603465,7.226888696777022,1550.723876953125,0.0,0.0,False,,-8.816918584389112,True,218.0
positive,/mnt/MammoDiffusion/MammoDiffusion/experiments/diffusers/04_sd21_lora/generated_images/final/positive/gen_1814.png,gen_1814.png,77.5824,37.0,4.0,0.23264312744140625,0.9503656576919293,0.26509857177734375,134.63057242351857,60.67550698625515,6.400805396266062,1942.41796875,0.0,0.0,False,,-34.515588096401906,True,1213.0
positive,/mnt/MammoDiffusion/MammoDiffusion/experiments/diffusers/04_sd21_lora/generated_images/final/positive/gen_1815.png,gen_1815.png,143.8956,130.0,1.0,0.2813568115234375,0.9163322305981886,0.24654769897460938,174.414027324349,29.654370513699682,5.546252531218709,453.4665832519531,0.0,0.0,False,,-52.38953122363213,False,
positive,/mnt/MammoDiffusion/MammoDiffusion/experiments/diffusers/04_sd21_lora/generated_images/final/positive/gen_1816.png,gen_1816.png,98.7912,76.0,2.0,0.325164794921875,0.9669638667292351,0.36843109130859375,152.48530782133318,51.02166596573314,6.240777981712258,917.5192260742188,0.0,0.0,False,,-23.04672446589723,True,909.0
positive,/mnt/MammoDiffusion/MammoDiffusion/experiments/diffusers/04_sd21_lora/generated_images/final/positive/gen_1817.png,gen_1817.png,77.6868,46.0,3.0,0.41048431396484375,0.9734959017155177,0.4208106994628906,140.1876660049133,46.01305062689028,6.6320056821553335,1217.057861328125,0.0,0.0,False,,-19.33771648229497,True,784.0
positive,/mnt/MammoDiffusion/MammoDiffusion/experiments/diffusers/04_sd21_lora/generated_images/final/positive/gen_1818.png,gen_1818.png,81.5824,41.0,4.0,0.24329757690429688,0.9508302105708776,0.27933502197265625,138.01552727173407,55.96303656013934,6.437765527345089,1827.3240966796875,0.0,0.0,False,,-33.82698463964689,True,1192.0
positive,/mnt/MammoDiffusion/MammoDiffusion/experiments/diffusers/04_sd21_lora/generated_images/final/positive/gen_1819.png,gen_1819.png,220.0,218.0,2.0,0.11577606201171875,0.15443163097199342,0.014820098876953125,210.11711711711712,47.52314537826743,6.336678529410667,1223.41748046875,0.0,0.0,True,too_empty,,False,
positive,/mnt/MammoDiffusion/MammoDiffusion/experiments/diffusers/04_sd21_lora/generated_images/final/positive/gen_1820.png,gen_1820.png,76.47800000000001,27.0,5.0,0.3611946105957031,0.9745366214289486,0.4569969177246094,123.04040100501673,57.79825016391498,7.1484786273901015,2125.703125,0.0,0.0,False,,-20.94017886780665,True,843.0
positive,/mnt/MammoDiffusion/MammoDiffusion/experiments/diffusers/04_sd21_lora/generated_images/final/positive/gen_1821.png,gen_1821.png,114.6868,83.0,3.0,0.2841148376464844,0.9604183729641913,0.32581329345703125,157.560660344222,44.33366849805784,6.32603285470698,1264.8763427734375,0.0,0.0,False,,-27.16305510749509,True,1021.0
positive,/mnt/MammoDiffusion/MammoDiffusion/experiments/diffusers/04_sd21_lora/generated_images/final/positive/gen_1822.png,gen_1822.png,101.7912,79.0,2.0,0.18794631958007812,0.9196655097525828,0.19824600219726562,151.9368277242202,48.68932827647519,5.172100726088017,563.1372680664062,0.0,0.0,False,,-49.51011650613834,False,
positive,/mnt/MammoDiffusion/MammoDiffusion/experiments/diffusers/04_sd21_lora/generated_images/final/positive/gen_1823.png,gen_1823.png,157.0,120.0,4.0,0.049854278564453125,0.9895171780549392,0.046245574951171875,196.65833539552915,22.23900904907791,5.18908738097641,1044.6602783203125,0.0,0.0,True,too_empty,,False,
positive,/mnt/MammoDiffusion/MammoDiffusion/experiments/diffusers/04_sd21_lora/generated_images/final/positive/gen_1824.png,gen_1824.png,82.7912,60.0,2.0,0.23234176635742188,0.9531580934867914,0.2788543701171875,132.44116279069766,57.5758881766657,5.828948615633939,1118.0272216796875,0.0,0.0,False,,-31.007766684695092,True,1110.0
positive,/mnt/MammoDiffusion/MammoDiffusion/experiments/diffusers/04_sd21_lora/generated_images/final/positive/gen_1825.png,gen_1825.png,117.7912,95.0,2.0,0.23717498779296875,0.9718692701129089,0.275787353515625,156.33304747150603,44.6900729882994,5.845890474705179,1032.6693115234375,0.0,0.0,False,,-20.371000603285584,True,825.0
positive,/mnt/MammoDiffusion/MammoDiffusion/experiments/diffusers/04_sd21_lora/generated_images/final/positive/gen_1826.png,gen_1826.png,105.7912,83.0,2.0,0.2692680358886719,0.9312337965914403,0.308868408203125,149.2430095840332,48.07447893572036,5.998048961016721,967.1561279296875,0.0,0.0,False,,-42.8017761974976,False,
positive,/mnt/MammoDiffusion/MammoDiffusion/experiments/diffusers/04_sd21_lora/generated_images/final/positive/gen_1827.png,gen_1827.png,166.5824,126.0,4.0,0.08757400512695312,0.9711199198501547,0.08184814453125,193.77675242356452,15.532057495222672,5.29205486120954,1265.6993408203125,0.0,0.0,True,too_empty,,False,
positive,/mnt/MammoDiffusion/MammoDiffusion/experiments/diffusers/04_sd21_lora/generated_images/final/positive/gen_1828.png,gen_1828.png,155.6868,124.0,3.0,0.15138626098632812,0.4804586115660829,0.07135391235351562,200.545041432772,19.516711326159953,5.853005074504878,787.598388671875,0.0,0.0,True,too_empty,,False,
positive,/mnt/MammoDiffusion/MammoDiffusion/experiments/diffusers/04_sd21_lora/generated_images/final/positive/gen_1829.png,gen_1829.png,58.5824,18.0,4.0,0.4505500793457031,0.9838200306496542,0.538330078125,109.97305130385487,57.02278459376333,7.192595853509093,2217.6591796875,0.0,0.0,False,,-16.03685449520586,True,657.0
positive,/mnt/MammoDiffusion/MammoDiffusion/experiments/diffusers/04_sd21_lora/generated_images/final/positive/gen_1830.png,gen_1830.png,53.6868,22.0,3.0,0.3623466491699219,0.992630570499121,0.35956573486328125,137.90511150247193,49.16024568437205,6.444416941456885,1161.3680419921875,0.0,0.0,False,,-8.779518207300672,True,216.0
positive,/mnt/MammoDiffusion/MammoDiffusion/experiments/diffusers/04_sd21_lora/generated_images/final/positive/gen_1831.png,gen_1831.png,220.0,230.0,17.0,0.4002685546875,0.9770318694724002,0.3755455017089844,245.8731093888082,17.984413205121665,6.4304719240053725,1399.2506103515625,0.0,0.0,False,,-21.865404926504304,True,872.0
positive,/mnt/MammoDiffusion/MammoDiffusion/experiments/diffusers/04_sd21_lora/generated_images/final/positive/gen_1832.png,gen_1832.png,53.6868,22.0,3.0,0.42238616943359375,0.9933168361541101,0.4411354064941406,123.71208308471908,55.5812980652474,6.828286395757958,1630.2879638671875,0.0,0.0,False,,-9.344077588071716,True,275.0
positive,/mnt/MammoDiffusion/MammoDiffusion/experiments/diffusers/04_sd21_lora/generated_images/final/positive/gen_1833.png,gen_1833.png,220.0,252.0,1.0,0.4666252136230469,0.9450961797863034,0.4356536865234375,250.90403138243843,17.45849493590602,5.683669841371965,1208.962890625,0.0,0.0,False,,-38.8587295471108,True,1314.0
positive,/mnt/MammoDiffusion/MammoDiffusion/experiments/diffusers/04_sd21_lora/generated_images/final/positive/gen_1834.png,gen_1834.png,109.47800000000001,60.0,5.0,0.3612213134765625,0.9297089511257551,0.30902099609375,163.06858581868457,40.622523312461425,6.8178595190233,504.1424865722656,0.0,0.0,False,,-44.65142932172891,False,
positive,/mnt/MammoDiffusion/MammoDiffusion/experiments/diffusers/04_sd21_lora/generated_images/final/positive/gen_1835.png,gen_1835.png,59.8956,46.0,1.0,0.6244888305664062,0.9987844061915874,0.6282539367675781,129.11246986817898,46.358378615453255,6.725727182203019,672.1174926757812,0.0,0.0,False,,-6.5470842635515165,True,24.0
positive,/mnt/MammoDiffusion/MammoDiffusion/experiments/diffusers/04_sd21_lora/generated_images/final/positive/gen_1836.png,gen_1836.png,110.6868,79.0,3.0,0.22934341430664062,0.8655211989155204,0.20680999755859375,173.84976205408196,44.22090480790649,6.275816677130861,1229.0469970703125,0.0,0.0,False,,-81.05190675731397,False,
positive,/mnt/MammoDiffusion/MammoDiffusion/experiments/diffusers/04_sd21_lora/generated_images/final/positive/gen_1837.png,gen_1837.png,110.6868,79.0,3.0,0.22464752197265625,0.86529122092036,0.19610977172851562,156.52953762959794,42.368901322532786,6.189311890765046,1179.771240234375,0.0,0.0,False,,-80.44586277832143,False,
positive,/mnt/MammoDiffusion/MammoDiffusion/experiments/diffusers/04_sd21_lora/generated_images/final/positive/gen_1838.png,gen_1838.png,56.5824,16.0,4.0,0.6142768859863281,0.9716759093082612,0.672698974609375,112.04949417048496,53.95727827014971,7.468626668543291,1405.10107421875,0.0,0.0,False,,-22.803898164694232,True,901.0
positive,/mnt/MammoDiffusion/MammoDiffusion/experiments/diffusers/04_sd21_lora/generated_images/final/positive/gen_1839.png,gen_1839.png,54.8956,41.0,1.0,0.612548828125,0.9949930251096054,0.6301231384277344,115.05835346252339,51.18563187483833,6.438720852562978,816.1261596679688,0.0,0.0,False,,-7.828125979648387,True,101.0
positive,/mnt/MammoDiffusion/MammoDiffusion/experiments/diffusers/04_sd21_lora/generated_images/final/positive/gen_1840.png,gen_1840.png,78.3736,20.0,6.0,0.3778877258300781,0.9293162798679602,0.3595008850097656,138.77711399497034,54.31052909055942,7.4272008771575955,2903.70166015625,0.0,0.0,False,,-47.438967330275894,False,
positive,/mnt/MammoDiffusion/MammoDiffusion/experiments/diffusers/04_sd21_lora/generated_images/final/positive/gen_1841.png,gen_1841.png,10.0,0.0,0.0,0.8762855529785156,0.9960603013325323,0.8734855651855469,111.99899990828854,53.66073075352405,7.2985764053408495,1031.224609375,0.0,0.0,False,,-9.968193140589163,True,332.0
positive,/mnt/MammoDiffusion/MammoDiffusion/experiments/diffusers/04_sd21_lora/generated_images/final/positive/gen_1842.png,gen_1842.png,92.8956,79.0,1.0,0.2988319396972656,0.9919578232508266,0.3394660949707031,139.1835283012507,47.78493604213371,5.593094253840076,593.3827514648438,0.0,0.0,False,,-8.342633792821026,True,162.0
positive,/mnt/MammoDiffusion/MammoDiffusion/experiments/diffusers/04_sd21_lora/generated_images/final/positive/gen_1843.png,gen_1843.png,19.8956,6.0,1.0,0.5013542175292969,0.9960206045941854,0.5159263610839844,91.87782353767551,60.00383071783897,6.443128129652994,1590.4263916015625,0.0,0.0,False,,-7.258204237487066,True,55.0
positive,/mnt/MammoDiffusion/MammoDiffusion/experiments/diffusers/04_sd21_lora/generated_images/final/positive/gen_1844.png,gen_1844.png,124.8956,111.0,1.0,0.06093597412109375,0.9955552773256542,0.056987762451171875,166.11486712631367,19.547873146078906,3.750040918391744,181.37539672851562,0.0,0.0,True,too_empty,,False,
positive,/mnt/MammoDiffusion/MammoDiffusion/experiments/diffusers/04_sd21_lora/generated_images/final/positive/gen_1845.png,gen_1845.png,220.0,253.0,0.0,0.4708366394042969,0.9713433851588388,0.44474029541015625,250.4423858782358,21.40621306334074,5.376491112520849,1487.9163818359375,0.0,0.0,False,,-24.09468275972791,True,936.0
positive,/mnt/MammoDiffusion/MammoDiffusion/experiments/diffusers/04_sd21_lora/generated_images/final/positive/gen_1846.png,gen_1846.png,211.0,203.0,6.0,0.038623809814453125,0.137679012345679,0.002696990966796875,214.45261669024046,10.630954952183977,6.469327941459387,1162.1392822265625,0.0,0.0,True,too_empty,,False,
positive,/mnt/MammoDiffusion/MammoDiffusion/experiments/diffusers/04_sd21_lora/generated_images/final/positive/gen_1847.png,gen_1847.png,211.0,203.0,5.0,0.0463409423828125,0.429700362199539,0.02230072021484375,219.04926445432775,9.22341963129898,6.258525010634166,1449.1453857421875,0.0,0.0,True,too_empty,,False,
positive,/mnt/MammoDiffusion/MammoDiffusion/experiments/diffusers/04_sd21_lora/generated_images/final/positive/gen_1848.png,gen_1848.png,220.0,208.0,34.0,0.4414024353027344,0.9540579547320479,0.41828155517578125,241.85184678522572,16.416526059758628,6.638196584954217,2068.649169921875,0.0,0.0,False,,-35.56205694776271,True,1244.0
positive,/mnt/MammoDiffusion/MammoDiffusion/experiments/diffusers/04_sd21_lora/generated_images/final/positive/gen_1849.png,gen_1849.png,128.7912,106.0,2.0,0.21805953979492188,0.9611986774661931,0.2429962158203125,155.7768759811617,32.52688050022122,5.471948408250959,591.4861450195312,0.0,0.0,False,,-26.48656288188301,True,1004.0
positive,/mnt/MammoDiffusion/MammoDiffusion/experiments/diffusers/04_sd21_lora/generated_images/final/positive/gen_1850.png,gen_1850.png,157.0,148.0,2.0,0.04973602294921875,0.5047553305721737,0.027400970458984375,185.49672838646805,17.362990339797385,5.814646069259679,587.389892578125,0.0,0.0,True,too_empty,,False,
positive,/mnt/MammoDiffusion/MammoDiffusion/experiments/diffusers/04_sd21_lora/generated_images/final/positive/gen_1851.png,gen_1851.png,135.5824,95.0,4.0,0.20172500610351562,0.8576237211853028,0.16981124877929688,182.4158822868696,33.43749788272708,6.392760603697219,1180.3092041015625,0.0,0.0,False,,-86.21553153438948,False,
positive,/mnt/MammoDiffusion/MammoDiffusion/experiments/diffusers/04_sd21_lora/generated_images/final/positive/gen_1852.png,gen_1852.png,62.6868,31.0,3.0,0.3632469177246094,0.9837224200035706,0.3867683410644531,132.6981723855645,58.237144816331885,6.734582301921477,1798.0965576171875,0.0,0.0,False,,-15.094199025104409,True,617.0
positive,/mnt/MammoDiffusion/MammoDiffusion/experiments/diffusers/04_sd21_lora/generated_images/final/positive/gen_1853.png,gen_1853.png,63.6868,32.0,3.0,0.41114044189453125,0.9871123977063965,0.4652137756347656,122.24752158618485,56.521223549200414,6.911954605393026,1696.896728515625,0.0,0.0,False,,-13.137465310859856,True,534.0
positive,/mnt/MammoDiffusion/MammoDiffusion/experiments/diffusers/04_sd21_lora/generated_images/final/positive/gen_1854.png,gen_1854.png,93.6868,62.0,3.0,0.22638702392578125,0.8514642941394533,0.2422637939453125,149.97775083454053,58.36960479049667,6.082273237100559,1093.37744140625,0.0,0.0,False,,-88.52960631477333,False,
positive,/mnt/MammoDiffusion/MammoDiffusion/experiments/diffusers/04_sd21_lora/generated_images/final/positive/gen_1855.png,gen_1855.png,58.478,9.0,5.0,0.5976524353027344,0.9793644005591334,0.6835365295410156,113.09076094539164,56.38575261978974,7.644646762401333,2620.852294921875,0.0,0.0,False,,-20.482203688488482,True,828.0
positive,/mnt/MammoDiffusion/MammoDiffusion/experiments/diffusers/04_sd21_lora/generated_images/final/positive/gen_1856.png,gen_1856.png,220.0,218.0,6.0,0.4163360595703125,0.9779732453729155,0.3970756530761719,223.52474277315042,15.812662087736708,6.351989761878585,1632.1676025390625,0.0,0.0,False,,-20.877623500973677,True,840.0
positive,/mnt/MammoDiffusion/MammoDiffusion/experiments/diffusers/04_sd21_lora/generated_images/final/positive/gen_1857.png,gen_1857.png,46.6868,15.0,3.0,0.4430694580078125,0.9918121706787891,0.4701499938964844,115.07937718565158,57.59063342933856,6.955385073413295,1920.84326171875,0.0,0.0,False,,-10.736394295489436,True,390.0
positive,/mnt/MammoDiffusion/MammoDiffusion/experiments/diffusers/04_sd21_lora/generated_images/final/positive/gen_1858.png,gen_1858.png,128.7912,106.0,2.0,0.15240859985351562,0.888519009836558,0.14400482177734375,165.78458278145695,34.2069232089347,5.443841293248584,476.9425048828125,0.0,0.0,False,,-67.80893557138133,False,
positive,/mnt/MammoDiffusion/MammoDiffusion/experiments/diffusers/04_sd21_lora/generated_images/final/positive/gen_1859.png,gen_1859.png,169.8956,156.0,1.0,0.06540679931640625,0.4744546833080602,0.030315399169921875,192.96086573549766,15.042186510442605,4.970277370805221,585.3838500976562,0.0,0.0,True,too_empty,,False,
positive,/mnt/MammoDiffusion/MammoDiffusion/experiments/diffusers/04_sd21_lora/generated_images/final/positive/gen_1860.png,gen_1860.png,220.0,234.0,20.0,0.2253265380859375,0.709690526173224,0.15563201904296875,254.03416834158537,2.0633050050336714,6.837679486892376,1380.361328125,0.0,0.0,True,low_contrast,,False,
positive,/mnt/MammoDiffusion/MammoDiffusion/experiments/diffusers/04_sd21_lora/generated_images/final/positive/gen_1861.png,gen_1861.png,77.6868,46.0,3.0,0.3877220153808594,0.9792697684943772,0.404205322265625,138.56466591166478,49.291069198477324,6.726872218942632,1506.5223388671875,0.0,0.0,False,,-16.65176598649233,True,677.0
positive,/mnt/MammoDiffusion/MammoDiffusion/experiments/diffusers/04_sd21_lora/generated_images/final/positive/gen_1862.png,gen_1862.png,99.47800000000001,50.0,5.0,0.3007469177246094,0.7746166237522039,0.2519340515136719,147.80762533500902,44.51830982589038,6.997126307282786,866.8197021484375,0.0,0.0,False,,-130.71097431778762,False,
positive,/mnt/MammoDiffusion/MammoDiffusion/experiments/diffusers/04_sd21_lora/generated_images/final/positive/gen_1863.png,gen_1863.png,125.6868,94.0,3.0,0.18250274658203125,0.888967852514527,0.16613388061523438,182.4668319900806,38.5708009381268,5.874424027336874,955.0740966796875,0.0,0.0,False,,-67.68790331359604,False,
positive,/mnt/MammoDiffusion/MammoDiffusion/experiments/diffusers/04_sd21_lora/generated_images/final/positive/gen_1864.png,gen_1864.png,109.5824,69.0,4.0,0.2570991516113281,0.8653500897666068,0.2306060791015625,165.94111030238867,42.02614018939279,6.544502496703595,1285.4808349609375,0.0,0.0,False,,-80.92409191378877,False,
positive,/mnt/MammoDiffusion/MammoDiffusion/experiments/diffusers/04_sd21_lora/generated_images/final/positive/gen_1865.png,gen_1865.png,78.8956,65.0,1.0,0.4068412780761719,0.9721427834713223,0.5172576904296875,113.19061034248799,48.64765755936776,6.266232438105162,1108.41796875,0.0,0.0,False,,-19.606332112116846,True,793.0
positive,/mnt/MammoDiffusion/MammoDiffusion/experiments/diffusers/04_sd21_lora/generated_images/final/positive/gen_1866.png,gen_1866.png,38.8956,25.0,1.0,0.6733360290527344,0.9927596580383092,0.700225830078125,116.14614839834387,58.59053365053567,7.007027469359461,1356.42333984375,0.0,0.0,False,,-11.220615177212107,True,429.0
positive,/mnt/MammoDiffusion/MammoDiffusion/experiments/diffusers/04_sd21_lora/generated_images/final/positive/gen_1867.png,gen_1867.png,61.8956,48.0,1.0,0.3630409240722656,0.9824312538746861,0.39966583251953125,121.94193948649422,58.9584606665093,5.971371770859356,1221.63134765625,0.0,0.0,False,,-13.98440430459506,True,564.0
positive,/mnt/MammoDiffusion/MammoDiffusion/experiments/diffusers/04_sd21_lora/generated_images/final/positive/gen_1868.png,gen_1868.png,102.7912,80.0,2.0,0.3108177185058594,0.9905619852968249,0.341522216796875,150.88957644535787,43.88267458952186,5.862249181806998,642.6300659179688,0.0,0.0,False,,-9.390449691779455,True,280.0
positive,/mnt/MammoDiffusion/MammoDiffusion/experiments/diffusers/04_sd21_lora/generated_images/final/positive/gen_1869.png,gen_1869.png,102.8956,89.0,1.0,0.2922782897949219,0.8932249181012543,0.32288360595703125,145.16855698116774,48.543135248402386,5.842612745900528,963.972900390625,0.0,0.0,False,,-63.56268568203247,False,
positive,/mnt/MammoDiffusion/MammoDiffusion/experiments/diffusers/04_sd21_lora/generated_images/final/positive/gen_1870.png,gen_1870.png,82.5824,42.0,4.0,0.203033447265625,0.9193596873590861,0.21145248413085938,143.51516299543576,57.71762301517331,6.339467118909125,2051.654541015625,0.0,0.0,False,,-52.22965099929386,False,
positive,/mnt/MammoDiffusion/MammoDiffusion/experiments/diffusers/04_sd21_lora/generated_images/final/positive/gen_1871.png,gen_1871.png,179.7912,157.0,2.0,0.055477142333984375,0.6121157945403287,0.034801483154296875,197.10972267894334,15.00369046493256,6.038151620234348,681.3258056640625,0.0,0.0,True,too_empty,,False,
positive,/mnt/MammoDiffusion/MammoDiffusion/experiments/diffusers/04_sd21_lora/generated_images/final/positive/gen_1872.png,gen_1872.png,85.7912,63.0,2.0,0.3793983459472656,0.9866273867098344,0.3824920654296875,149.43811584952329,39.419966104732154,6.04769722536053,737.313720703125,0.0,0.0,False,,-11.134291530113632,True,421.0
positive,/mnt/MammoDiffusion/MammoDiffusion/experiments/diffusers/04_sd21_lora/generated_images/final/positive/gen_1873.png,gen_1873.png,152.5824,112.0,4.0,0.053234100341796875,0.9874596918667145,0.049167633056640625,190.73644192722477,23.896484050481632,5.06354642767052,881.2507934570312,0.0,0.0,True,too_empty,,False,
positive,/mnt/MammoDiffusion/MammoDiffusion/experiments/diffusers/04_sd21_lora/generated_images/final/positive/gen_1874.png,gen_1874.png,152.8956,139.0,1.0,0.15576934814453125,0.48885732477837096,0.07446670532226562,199.19307412530097,20.74317365538754,5.375359245192579,465.62664794921875,0.0,0.0,True,too_empty,,False,
positive,/mnt/MammoDiffusion/MammoDiffusion/experiments/diffusers/04_sd21_lora/generated_images/final/positive/gen_1875.png,gen_1875.png,80.6868,49.0,3.0,0.30417633056640625,0.9424364794702651,0.3358039855957031,139.78468459257743,54.19077877122015,6.331889295370063,1408.8883056640625,0.0,0.0,False,,-37.41592138643493,True,1279.0
positive,/mnt/MammoDiffusion/MammoDiffusion/experiments/diffusers/04_sd21_lora/generated_images/final/positive/gen_1876.png,gen_1876.png,220.0,206.0,39.0,0.3676643371582031,0.944937280169328,0.3460540771484375,244.16847083204726,19.170357440453387,6.618938690009939,1542.0164794921875,0.0,0.0,False,,-40.11004413379425,True,1337.0
positive,/mnt/MammoDiffusion/MammoDiffusion/experiments/diffusers/04_sd21_lora/generated_images/final/positive/gen_1877.png,gen_1877.png,58.7912,36.0,2.0,0.4111137390136719,0.9358176132725873,0.448486328125,120.9545539602613,59.557200832311466,6.346268452225651,1530.028076171875,0.0,0.0,False,,-40.91732680546295,True,1349.0
positive,/mnt/MammoDiffusion/MammoDiffusion/experiments/diffusers/04_sd21_lora/generated_images/final/positive/gen_1878.png,gen_1878.png,84.8956,71.0,1.0,0.2694892883300781,0.8661051737561045,0.217742919921875,138.96825508058865,52.4431494638419,5.944809146679187,986.9024047851562,0.0,0.0,False,,-79.54437910668672,False,
positive,/mnt/MammoDiffusion/MammoDiffusion/experiments/diffusers/04_sd21_lora/generated_images/final/positive/gen_1879.png,gen_1879.png,119.6868,88.0,3.0,0.18513107299804688,0.8964991448764708,0.18994140625,157.77839813624678,39.574019323328585,5.909514578856106,1052.1239013671875,0.0,0.0,False,,-62.67468385879617,False,
positive,/mnt/MammoDiffusion/MammoDiffusion/experiments/diffusers/04_sd21_lora/generated_images/final/positive/gen_1880.png,gen_1880.png,120.5824,80.0,4.0,0.10107421875,0.8969278381642513,0.09883880615234375,163.7003087610961,41.810425618159734,5.659358796762415,1568.68017578125,0.0,0.0,True,too_empty,,False,
positive,/mnt/MammoDiffusion/MammoDiffusion/experiments/diffusers/04_sd21_lora/generated_images/final/positive/gen_1881.png,gen_1881.png,65.7912,43.0,2.0,0.24242401123046875,0.9718489378442171,0.26276397705078125,133.18817688220435,60.96840856681636,5.835340951661647,1795.103271484375,0.0,0.0,False,,-21.841059197239154,True,871.0
positive,/mnt/MammoDiffusion/MammoDiffusion/experiments/diffusers/04_sd21_lora/generated_images/final/positive/gen_1882.png,gen_1882.png,137.478,88.0,5.0,0.07891082763671875,0.9066518418253892,0.07244110107421875,176.80494997367035,26.201326432645367,5.629043570592099,1594.51806640625,0.0,0.0,True,too_empty,,False,
positive,/mnt/MammoDiffusion/MammoDiffusion/experiments/diffusers/04_sd21_lora/generated_images/final/positive/gen_1883.png,gen_1883.png,89.5824,49.0,4.0,0.3014335632324219,0.9031878408990243,0.32862091064453125,147.63597845518075,58.346211561662365,6.7793922096667405,1903.429931640625,0.0,0.0,False,,-60.83994808000536,False,
positive,/mnt/MammoDiffusion/MammoDiffusion/experiments/diffusers/04_sd21_lora/generated_images/final/positive/gen_1884.png,gen_1884.png,99.8956,86.0,1.0,0.2677879333496094,0.9736321030214106,0.27776336669921875,146.18333012882138,39.688526177538634,5.033399339091273,427.82781982421875,0.0,0.0,False,,-18.319316732208037,True,739.0
positive,/mnt/MammoDiffusion/MammoDiffusion/experiments/diffusers/04_sd21_lora/generated_images/final/positive/gen_1885.png,gen_1885.png,79.6868,48.0,3.0,0.3020172119140625,0.9306067801748092,0.33850860595703125,134.40867497577136,57.930625619641305,6.504717534932838,1517.3485107421875,0.0,0.0,False,,-44.369648750471534,False,
positive,/mnt/MammoDiffusion/MammoDiffusion/experiments/diffusers/04_sd21_lora/generated_images/final/positive/gen_1886.png,gen_1886.png,78.6868,47.0,3.0,0.22802352905273438,0.9300376411543287,0.26076507568359375,136.6346733374294,60.8528561128853,6.093446602788515,1418.703369140625,0.0,0.0,False,,-44.95750678684582,False,
positive,/mnt/MammoDiffusion/MammoDiffusion/experiments/diffusers/04_sd21_lora/generated_images/final/positive/gen_1887.png,gen_1887.png,220.0,228.0,24.0,0.3070106506347656,0.9345187062785005,0.2863121032714844,249.51650123242956,24.565475738745963,6.587933012207692,2141.494873046875,0.0,0.0,False,,-46.78792097181773,False,
positive,/mnt/MammoDiffusion/MammoDiffusion/experiments/diffusers/04_sd21_lora/generated_images/final/positive/gen_1888.png,gen_1888.png,188.0,177.0,3.0,0.04860687255859375,0.20216606498194944,0.00682830810546875,198.07206703910614,11.334766395779951,6.462331823172937,1309.498046875,0.0,0.0,True,too_empty,,False,
positive,/mnt/MammoDiffusion/MammoDiffusion/experiments/diffusers/04_sd21_lora/generated_images/final/positive/gen_1889.png,gen_1889.png,122.8956,109.0,1.0,0.09782791137695312,0.8550204718268668,0.045803070068359375,185.80827850420587,26.126676078126934,4.491344619835027,526.0707397460938,0.0,0.0,True,too_empty,,False,
positive,/mnt/MammoDiffusion/MammoDiffusion/experiments/diffusers/04_sd21_lora/generated_images/final/positive/gen_1890.png,gen_1890.png,14.8956,1.0,1.0,0.9093513488769531,0.9999706352435807,0.9023971557617188,106.7521326693665,43.28375890987214,7.185872168589307,1130.9620361328125,0.0,0.0,False,,-8.715991282266423,True,206.0
positive,/mnt/MammoDiffusion/MammoDiffusion/experiments/diffusers/04_sd21_lora/generated_images/final/positive/gen_1891.png,gen_1891.png,88.6868,57.0,3.0,0.33159637451171875,0.9455743966132112,0.3570137023925781,142.57053713577452,50.71318353180743,6.574125165990594,1496.0452880859375,0.0,0.0,False,,-35.71620957446289,True,1247.0
positive,/mnt/MammoDiffusion/MammoDiffusion/experiments/diffusers/04_sd21_lora/generated_images/final/positive/gen_1892.png,gen_1892.png,99.8956,86.0,1.0,0.363037109375,0.9423440652320108,0.4082984924316406,136.34409948333692,40.15733620102537,5.9183005445173364,829.2003784179688,0.0,0.0,False,,-34.93239732907508,True,1223.0
positive,/mnt/MammoDiffusion/MammoDiffusion/experiments/diffusers/04_sd21_lora/generated_images/final/positive/gen_1893.png,gen_1893.png,46.6868,15.0,3.0,0.3551063537597656,0.9916853763602574,0.37680816650390625,120.74898256696835,60.56411492852967,6.510162471725972,1611.0360107421875,0.0,0.0,False,,-10.087741309413218,True,344.0
positive,/mnt/MammoDiffusion/MammoDiffusion/experiments/diffusers/04_sd21_lora/generated_images/final/positive/gen_1894.png,gen_1894.png,103.6868,72.0,3.0,0.25492095947265625,0.9527579085984497,0.3022270202636719,147.97961553510797,52.53612716494839,6.096863528396961,1240.808837890625,0.0,0.0,False,,-31.606460668260667,True,1130.0
positive,/mnt/MammoDiffusion/MammoDiffusion/experiments/diffusers/04_sd21_lora/generated_images/final/positive/gen_1895.png,gen_1895.png,127.47800000000001,78.0,5.0,0.10962677001953125,0.9105017746537686,0.09557723999023438,178.68728796647375,23.168680217355107,5.906273824923784,1630.73828125,0.0,0.0,True,too_empty,,False,
positive,/mnt/MammoDiffusion/MammoDiffusion/experiments/diffusers/04_sd21_lora/generated_images/final/positive/gen_1896.png,gen_1896.png,91.7912,69.0,2.0,0.5067176818847656,0.9987427822905453,0.5145950317382812,147.59542765645153,37.445168645147206,6.466012081125218,368.9507141113281,0.0,0.0,False,,-6.2181429252892135,True,17.0
positive,/mnt/MammoDiffusion/MammoDiffusion/experiments/diffusers/04_sd21_lora/generated_images/final/positive/gen_1897.png,gen_1897.png,69.6868,38.0,3.0,0.53173828125,0.9945979683195593,0.5659828186035156,133.75087113884976,52.13555781355618,7.18815895944807,1468.4593505859375,0.0,0.0,False,,-9.693273385158383,True,306.0
positive,/mnt/MammoDiffusion/MammoDiffusion/experiments/diffusers/04_sd21_lora/generated_images/final/positive/gen_1898.png,gen_1898.png,62.8956,49.0,1.0,0.4157676696777344,0.9453074107036361,0.4366645812988281,127.60594571456028,60.06264717525127,6.366095611744062,1271.029541015625,0.0,0.0,False,,-35.507980756720315,True,1243.0
positive,/mnt/MammoDiffusion/MammoDiffusion/experiments/diffusers/04_sd21_lora/generated_images/final/positive/gen_1899.png,gen_1899.png,106.8956,93.0,1.0,0.25841522216796875,0.8986596203241711,0.2607994079589844,152.3899980984978,46.11221654193666,5.5805335505879485,693.8655395507812,0.0,0.0,False,,-60.82482372486821,False,
positive,/mnt/MammoDiffusion/MammoDiffusion/experiments/diffusers/04_sd21_lora/generated_images/final/positive/gen_1900.png,gen_1900.png,94.5824,54.0,4.0,0.30322265625,0.9742980072463768,0.3450469970703125,140.78892672356608,49.83385833787606,6.723118749594359,1635.6842041015625,0.0,0.0,False,,-20.050801745428885,True,815.0
positive,/mnt/MammoDiffusion/MammoDiffusion/experiments/diffusers/04_sd21_lora/generated_images/final/positive/gen_1901.png,gen_1901.png,139.6868,108.0,3.0,0.18495941162109375,0.9012292208060059,0.18610000610351562,173.22513067541252,39.14200969579046,5.956538017462741,1109.0635986328125,0.0,0.0,False,,-60.6931986056111,False,
positive,/mnt/MammoDiffusion/MammoDiffusion/experiments/diffusers/04_sd21_lora/generated_images/final/positive/gen_1902.png,gen_1902.png,104.47800000000001,55.0,5.0,0.16481399536132812,0.8053003124638352,0.12638473510742188,161.71528176028494,51.96505387477519,6.36482435126086,2268.22900390625,0.0,0.0,True,too_empty,,False,
positive,/mnt/MammoDiffusion/MammoDiffusion/experiments/diffusers/04_sd21_lora/generated_images/final/positive/gen_1903.png,gen_1903.png,154.0,138.0,4.0,0.04914093017578125,0.9101071262226362,0.0406494140625,195.03237612612614,19.7921534559303,4.987583069213716,954.215576171875,0.0,0.0,True,too_empty,,False,
positive,/mnt/MammoDiffusion/MammoDiffusion/experiments/diffusers/04_sd21_lora/generated_images/final/positive/gen_1904.png,gen_1904.png,220.0,241.0,8.0,0.24402236938476562,0.873282371148525,0.20856094360351562,246.7975234576482,22.64772484732375,6.798364803278077,1995.38818359375,0.0,0.0,False,,-81.39251501314436,False,
positive,/mnt/MammoDiffusion/MammoDiffusion/experiments/diffusers/04_sd21_lora/generated_images/final/positive/gen_1905.png,gen_1905.png,40.6868,9.0,3.0,0.6752052307128906,0.9893842407670013,0.6786613464355469,124.37702282653296,49.24605199154071,7.407367782140431,1639.6822509765625,0.0,0.0,False,,-13.28436538024183,True,542.0
positive,/mnt/MammoDiffusion/MammoDiffusion/experiments/diffusers/04_sd21_lora/generated_images/final/positive/gen_1906.png,gen_1906.png,90.6868,59.0,3.0,0.23368453979492188,0.9206647186535856,0.2704277038574219,143.16612828144616,54.75973191342023,6.088159865316298,1189.0770263671875,0.0,0.0,False,,-49.57781488879823,False,
positive,/mnt/MammoDiffusion/MammoDiffusion/experiments/diffusers/04_sd21_lora/generated_images/final/positive/gen_1907.png,gen_1907.png,105.5824,65.0,4.0,0.19620513916015625,0.9317766457984991,0.20993423461914062,149.37168607926154,44.998880892136484,6.09869133558641,1337.986572265625,0.0,0.0,False,,-43.5101579086555,False,
positive,/mnt/MammoDiffusion/MammoDiffusion/experiments/diffusers/04_sd21_lora/generated_images/final/positive/gen_1908.png,gen_1908.png,145.7912,123.0,2.0,0.08738327026367188,0.9550355786440826,0.0819091796875,180.70277570789867,23.973451841352205,4.504780025765339,399.78753662109375,0.0,0.0,True,too_empty,,False,
positive,/mnt/MammoDiffusion/MammoDiffusion/experiments/diffusers/04_sd21_lora/generated_images/final/positive/gen_1909.png,gen_1909.png,84.7912,62.0,2.0,0.2968330383300781,0.9886651330754501,0.3142967224121094,145.98246167663945,52.62733775764047,5.734977605927504,824.7330932617188,0.0,0.0,False,,-10.745070906559897,True,392.0
positive,/mnt/MammoDiffusion/MammoDiffusion/experiments/diffusers/04_sd21_lora/generated_images/final/positive/gen_1910.png,gen_1910.png,117.7912,95.0,2.0,0.21842575073242188,0.8571228977104036,0.18535232543945312,160.92027001996337,39.44338462649136,5.683134175247666,843.222412109375,0.0,0.0,False,,-84.22863127365524,False,
positive,/mnt/MammoDiffusion/MammoDiffusion/experiments/diffusers/04_sd21_lora/generated_images/final/positive/gen_1911.png,gen_1911.png,119.7912,97.0,2.0,0.19522476196289062,0.8784219473591652,0.19572830200195312,165.08140871971779,43.215185987151166,5.493800706433739,777.3255004882812,0.0,0.0,False,,-72.49522791247522,False,
positive,/mnt/MammoDiffusion/MammoDiffusion/experiments/diffusers/04_sd21_lora/generated_images/final/positive/gen_1912.png,gen_1912.png,103.7912,81.0,2.0,0.20690155029296875,0.8977285298130462,0.19145965576171875,168.9204223948994,43.0873474375706,5.654151219863056,840.9087524414062,0.0,0.0,False,,-61.99225639349564,False,
positive,/mnt/MammoDiffusion/MammoDiffusion/experiments/diffusers/04_sd21_lora/generated_images/final/positive/gen_1913.png,gen_1913.png,71.5824,31.0,4.0,0.40410614013671875,0.9920894141635358,0.4442710876464844,131.76219915337919,53.64518176989382,6.952752593291486,1726.02685546875,0.0,0.0,False,,-10.396536213493967,True,368.0
positive,/mnt/MammoDiffusion/MammoDiffusion/experiments/diffusers/04_sd21_lora/generated_images/final/positive/gen_1914.png,gen_1914.png,185.0,176.0,3.0,0.049846649169921875,0.5776383255529196,0.02762603759765625,202.58036454018227,11.251227972121205,6.92982969088272,1057.0419921875,0.0,0.0,True,too_empty,,False,
positive,/mnt/MammoDiffusion/MammoDiffusion/experiments/diffusers/04_sd21_lora/generated_images/final/positive/gen_1915.png,gen_1915.png,137.5824,97.0,4.0,0.06528854370117188,0.7328074788197487,0.042240142822265625,189.221620157139,26.828470571577586,5.232560117475246,766.833251953125,0.0,0.0,True,too_empty,,False,
positive,/mnt/MammoDiffusion/MammoDiffusion/experiments/diffusers/04_sd21_lora/generated_images/final/positive/gen_1916.png,gen_1916.png,69.6868,38.0,3.0,0.3271369934082031,0.99165082733771,0.3462409973144531,136.5391946234782,55.12571489248563,6.490667513061498,1605.4256591796875,0.0,0.0,False,,-10.385358294908771,True,367.0
positive,/mnt/MammoDiffusion/MammoDiffusion/experiments/diffusers/04_sd21_lora/generated_images/final/positive/gen_1917.png,gen_1917.png,80.7912,58.0,2.0,0.39679718017578125,0.9284162356515219,0.44196319580078125,132.13028880180912,52.453875829089014,6.446433998714141,980.732421875,0.0,0.0,False,,-44.24486953973679,False,
positive,/mnt/MammoDiffusion/MammoDiffusion/experiments/diffusers/04_sd21_lora/generated_images/final/positive/gen_1918.png,gen_1918.png,40.7912,18.0,2.0,0.433990478515625,0.9948755361788904,0.4416961669921875,118.4639772688016,57.94958119130747,6.356056730096877,1397.0836181640625,0.0,0.0,False,,-7.736765585999672,True,91.0
positive,/mnt/MammoDiffusion/MammoDiffusion/experiments/diffusers/04_sd21_lora/generated_images/final/positive/gen_1919.png,gen_1919.png,113.6868,82.0,3.0,0.212371826171875,0.900650237103032,0.20510482788085938,170.5719493369539,44.2425424162172,6.146309680010857,1283.895263671875,0.0,0.0,False,,-61.399843108922454,False,
positive,/mnt/MammoDiffusion/MammoDiffusion/experiments/diffusers/04_sd21_lora/generated_images/final/positive/gen_1920.png,gen_1920.png,196.0,179.0,12.0,0.04711151123046875,0.1497165991902834,0.006008148193359375,214.5873015873016,14.643439313931381,7.280949997461745,1488.0738525390625,0.0,0.0,True,too_empty,,False,
positive,/mnt/MammoDiffusion/MammoDiffusion/experiments/diffusers/04_sd21_lora/generated_images/final/positive/gen_1921.png,gen_1921.png,138.7912,116.0,2.0,0.1169281005859375,0.7865718387054679,0.09611892700195312,173.20415128785172,24.725205516293826,4.849763639543828,343.66473388671875,0.0,0.0,True,too_empty,,False,
positive,/mnt/MammoDiffusion/MammoDiffusion/experiments/diffusers/04_sd21_lora/generated_images/final/positive/gen_1922.png,gen_1922.png,140.8956,127.0,1.0,0.08774185180664062,0.6228859614799357,0.051788330078125,182.87978786093106,21.22037574879931,6.088638388505926,575.1712036132812,0.0,0.0,True,too_empty,,False,
positive,/mnt/MammoDiffusion/MammoDiffusion/experiments/diffusers/04_sd21_lora/generated_images/final/positive/gen_1923.png,gen_1923.png,67.7912,45.0,2.0,0.45751190185546875,0.9515900411893208,0.5017433166503906,129.05189730021516,58.38757209293475,6.867548334723168,1641.11083984375,0.0,0.0,False,,-33.33427881940007,True,1181.0
positive,/mnt/MammoDiffusion/MammoDiffusion/experiments/diffusers/04_sd21_lora/generated_images/final/positive/gen_1924.png,gen_1924.png,110.7912,88.0,2.0,0.3087615966796875,0.9398072646404744,0.36517333984375,148.1795921778372,47.141395145387214,6.251632877554881,1060.238037109375,0.0,0.0,False,,-37.927944014879294,True,1291.0
positive,/mnt/MammoDiffusion/MammoDiffusion/experiments/diffusers/04_sd21_lora/generated_images/final/positive/gen_1925.png,gen_1925.png,59.5824,19.0,4.0,0.3692626953125,0.9641012396694215,0.3843193054199219,132.70465621805116,60.447457300574015,6.859830790417613,1924.4466552734375,0.0,0.0,False,,-26.440392313859668,True,1001.0
positive,/mnt/MammoDiffusion/MammoDiffusion/experiments/diffusers/04_sd21_lora/generated_images/final/positive/gen_1926.png,gen_1926.png,46.7912,24.0,2.0,0.7110252380371094,0.9948924572538373,0.72320556640625,123.78472339437927,52.24541084984455,7.441656470125459,1436.5723876953125,0.0,0.0,False,,-10.5036759468497,True,377.0
positive,/mnt/MammoDiffusion/MammoDiffusion/experiments/diffusers/04_sd21_lora/generated_images/final/positive/gen_1927.png,gen_1927.png,100.7912,78.0,2.0,0.2960548400878906,0.9538842144596632,0.35385894775390625,142.7153683620448,51.99515734388417,6.266745110286941,1116.09814453125,0.0,0.0,False,,-30.44768096501385,True,1092.0
positive,/mnt/MammoDiffusion/MammoDiffusion/experiments/diffusers/04_sd21_lora/generated_images/final/positive/gen_1928.png,gen_1928.png,195.0,182.0,2.0,0.049701690673828125,0.6360426740348454,0.032184600830078125,206.00071115325352,10.200084337157932,6.613458331039151,871.1715087890625,0.0,0.0,True,too_empty,,False,
positive,/mnt/MammoDiffusion/MammoDiffusion/experiments/diffusers/04_sd21_lora/generated_images/final/positive/gen_1929.png,gen_1929.png,80.7912,58.0,2.0,0.2433013916015625,0.9647381624333647,0.2796478271484375,131.95884487368363,53.69586767647835,5.69947701497671,1447.93212890625,0.0,0.0,False,,-24.56281537918456,True,952.0
positive,/mnt/MammoDiffusion/MammoDiffusion/experiments/diffusers/04_sd21_lora/generated_images/final/positive/gen_1930.png,gen_1930.png,68.6868,37.0,3.0,0.3395957946777344,0.9724228570144794,0.384735107421875,130.39420560006346,60.281643216007396,6.549187500927358,1613.535400390625,0.0,0.0,False,,-21.045805431776937,True,848.0
positive,/mnt/MammoDiffusion/MammoDiffusion/experiments/diffusers/04_sd21_lora/generated_images/final/positive/gen_1931.png,gen_1931.png,41.7912,19.0,2.0,0.4906501770019531,0.9952340597569603,0.4979743957519531,123.29453581633356,55.77792338149943,6.6266993740017925,1371.24951171875,0.0,0.0,False,,-8.146280829597401,True,127.0
positive,/mnt/MammoDiffusion/MammoDiffusion/experiments/diffusers/04_sd21_lora/generated_images/final/positive/gen_1932.png,gen_1932.png,54.7912,32.0,2.0,0.5321846008300781,0.9771986036743149,0.5764732360839844,117.6215366697768,56.201844288625736,6.941951801700853,1380.8360595703125,0.0,0.0,False,,-18.868560203000992,True,766.0
positive,/mnt/MammoDiffusion/MammoDiffusion/experiments/diffusers/04_sd21_lora/generated_images/final/positive/gen_1933.png,gen_1933.png,152.8956,139.0,1.0,0.08683013916015625,0.62806431772252,0.051967620849609375,195.3210746531601,22.410764294643403,6.329432955598239,588.8330078125,0.0,0.0,True,too_empty,,False,
positive,/mnt/MammoDiffusion/MammoDiffusion/experiments/diffusers/04_sd21_lora/generated_images/final/positive/gen_1934.png,gen_1934.png,72.8956,59.0,1.0,0.44292449951171875,0.9338902764619758,0.5067214965820312,117.26257584654532,50.988682291820545,6.477827431605225,1124.1273193359375,0.0,0.0,False,,-41.29198814994761,True,1356.0
positive,/mnt/MammoDiffusion/MammoDiffusion/experiments/diffusers/04_sd21_lora/generated_images/final/positive/gen_1935.png,gen_1935.png,40.7912,18.0,2.0,0.29396820068359375,0.9757727544055436,0.3149833679199219,114.59141829455862,64.14243815801609,5.982078300315594,1894.23876953125,0.0,0.0,False,,-19.23290961198207,True,781.0
positive,/mnt/MammoDiffusion/MammoDiffusion/experiments/diffusers/04_sd21_lora/generated_images/final/positive/gen_1936.png,gen_1936.png,220.0,254.0,0.0,0.4830207824707031,0.9595801644277016,0.45674896240234375,252.97783419914143,13.144207228795274,5.1101807010344995,1565.5823974609375,0.0,0.0,False,,-31.20113001796355,True,1112.0
positive,/mnt/MammoDiffusion/MammoDiffusion/experiments/diffusers/04_sd21_lora/generated_images/final/positive/gen_1937.png,gen_1937.png,70.5824,30.0,4.0,0.4747657775878906,0.9899965449914429,0.4913749694824219,133.951914044608,47.49079144374646,7.089287178460816,1620.0350341796875,0.0,0.0,False,,-11.512513703513878,True,449.0
positive,/mnt/MammoDiffusion/MammoDiffusion/experiments/diffusers/04_sd21_lora/generated_images/final/positive/gen_1938.png,gen_1938.png,218.0,193.0,21.0,0.036548614501953125,0.07337438680722262,0.00148773193359375,223.04358974358973,3.703172227920056,7.009843390105324,2133.660888671875,0.0,0.0,True,too_empty,,False,
positive,/mnt/MammoDiffusion/MammoDiffusion/experiments/diffusers/04_sd21_lora/generated_images/final/positive/gen_1939.png,gen_1939.png,80.7912,58.0,2.0,0.27013397216796875,0.9487530714265541,0.29984283447265625,135.46852497391924,51.6574671662533,5.784763708184025,956.071044921875,0.0,0.0,False,,-32.7436450540219,True,1158.0
positive,/mnt/MammoDiffusion/MammoDiffusion/experiments/diffusers/04_sd21_lora/generated_images/final/positive/gen_1940.png,gen_1940.png,34.8956,21.0,1.0,0.5966758728027344,0.9968737013713519,0.6070976257324219,115.12388546438198,56.72598859331007,6.926975812755278,1567.351806640625,0.0,0.0,False,,-8.326418409593959,True,157.0
positive,/mnt/MammoDiffusion/MammoDiffusion/experiments/diffusers/04_sd21_lora/generated_images/final/positive/gen_1941.png,gen_1941.png,79.7912,57.0,2.0,0.31011962890625,0.9299104506986814,0.36199951171875,139.08253245658406,58.40019883357241,6.241626077496647,1392.998291015625,0.0,0.0,False,,-44.36144849533441,False,
positive,/mnt/MammoDiffusion/MammoDiffusion/experiments/diffusers/04_sd21_lora/generated_images/final/positive/gen_1942.png,gen_1942.png,83.8956,70.0,1.0,0.4066505432128906,0.9968574403617226,0.40364837646484375,150.13449071011397,33.977994380617126,5.76191298913824,328.1869812011719,0.0,0.0,False,,-5.953945784635643,True,10.0
positive,/mnt/MammoDiffusion/MammoDiffusion/experiments/diffusers/04_sd21_lora/generated_images/final/positive/gen_1943.png,gen_1943.png,46.8956,33.0,1.0,0.4875373840332031,0.9928563045264269,0.4937019348144531,120.27786062540082,54.699792420888244,6.17526876663528,1169.580078125,0.0,0.0,False,,-8.576198445437848,True,185.0
positive,/mnt/MammoDiffusion/MammoDiffusion/experiments/diffusers/04_sd21_lora/generated_images/final/positive/gen_1944.png,gen_1944.png,38.6868,7.0,3.0,0.5886077880859375,0.9898833441348023,0.6380691528320312,102.59720445278778,57.53582010934439,7.341119861494839,2056.319091796875,0.0,0.0,False,,-13.101319931713922,True,533.0
positive,/mnt/MammoDiffusion/MammoDiffusion/experiments/diffusers/04_sd21_lora/generated_images/final/positive/gen_1945.png,gen_1945.png,119.0,113.0,1.0,0.040599822998046875,0.5431739171286292,0.020511627197265625,179.15212944020828,26.822734681613717,3.5098623501575426,160.85934448242188,0.0,0.0,True,too_empty,,False,
positive,/mnt/MammoDiffusion/MammoDiffusion/experiments/diffusers/04_sd21_lora/generated_images/final/positive/gen_1946.png,gen_1946.png,80.47800000000001,31.0,5.0,0.3428535461425781,0.9307498025078719,0.3691978454589844,137.8195137575814,55.29566852073357,7.012832249675172,2077.110595703125,0.0,0.0,False,,-45.191557416189966,False,
positive,/mnt/MammoDiffusion/MammoDiffusion/experiments/diffusers/04_sd21_lora/generated_images/final/positive/gen_1947.png,gen_1947.png,132.8956,119.0,1.0,0.18118667602539062,0.5431922016127334,0.09470748901367188,187.7788697788698,24.583374228112802,6.274728330303262,523.0582275390625,0.0,0.0,True,too_empty,,False,
positive,/mnt/MammoDiffusion/MammoDiffusion/experiments/diffusers/04_sd21_lora/generated_images/final/positive/gen_1948.png,gen_1948.png,117.8956,104.0,1.0,0.17036056518554688,0.5207013144047112,0.08414077758789062,161.85093167701862,36.14794816033541,5.103280070248566,412.6322021484375,0.0,0.0,True,too_empty,,False,
positive,/mnt/MammoDiffusion/MammoDiffusion/experiments/diffusers/04_sd21_lora/generated_images/final/positive/gen_1949.png,gen_1949.png,147.0,138.0,3.0,0.04611968994140625,0.3817204301075269,0.0137939453125,185.7129424778761,19.49849689501303,4.315587453816583,467.1220703125,0.0,0.0,True,too_empty,,False,
positive,/mnt/MammoDiffusion/MammoDiffusion/experiments/diffusers/04_sd21_lora/generated_images/final/positive/gen_1950.png,gen_1950.png,45.8956,32.0,1.0,0.7657012939453125,0.9935682828162054,0.8046531677246094,102.43049280584066,49.674673614547245,7.173935478096855,1032.0889892578125,0.0,0.0,False,,-10.192159623219453,True,355.0
positive,/mnt/MammoDiffusion/MammoDiffusion/experiments/diffusers/04_sd21_lora/generated_images/final/positive/gen_1951.png,gen_1951.png,111.6868,80.0,3.0,0.16328811645507812,0.8830977689522252,0.18736648559570312,147.5313028075819,48.11518277005897,5.7353771674173135,1065.4368896484375,0.0,0.0,False,,-70.16072125833682,False,
positive,/mnt/MammoDiffusion/MammoDiffusion/experiments/diffusers/04_sd21_lora/generated_images/final/positive/gen_1952.png,gen_1952.png,125.6868,94.0,3.0,0.17202377319335938,0.904623572458144,0.19001007080078125,157.5605701666332,36.47459417282693,5.515498628438682,671.087890625,0.0,0.0,False,,-57.9769784498637,False,
positive,/mnt/MammoDiffusion/MammoDiffusion/experiments/diffusers/04_sd21_lora/generated_images/final/positive/gen_1953.png,gen_1953.png,100.5824,60.0,4.0,0.3896369934082031,0.9738400838057195,0.40654754638671875,158.9452868429448,43.51445654560014,6.776650050354812,1292.36181640625,0.0,0.0,False,,-19.68238942293329,True,796.0
positive,/mnt/MammoDiffusion/MammoDiffusion/experiments/diffusers/04_sd21_lora/generated_images/final/positive/gen_1954.png,gen_1954.png,131.7912,109.0,2.0,0.16286849975585938,0.9467384939688488,0.17921829223632812,151.7748238649667,23.61091295227058,4.82370557732085,317.863525390625,0.0,0.0,False,,-35.15101396968373,True,1232.0
positive,/mnt/MammoDiffusion/MammoDiffusion/experiments/diffusers/04_sd21_lora/generated_images/final/positive/gen_1955.png,gen_1955.png,114.7912,92.0,2.0,0.3100090026855469,0.9006484797027083,0.3102989196777344,153.13899167721868,35.370377809312025,6.296595198348351,465.2454528808594,0.0,0.0,False,,-60.33900594091993,False,
positive,/mnt/MammoDiffusion/MammoDiffusion/experiments/diffusers/04_sd21_lora/generated_images/final/positive/gen_1956.png,gen_1956.png,108.0,100.0,2.0,0.048564910888671875,0.6730814547168329,0.03022003173828125,186.27379449633932,28.264558618304726,4.143417175969118,397.8941955566406,0.0,0.0,True,too_empty,,False,
positive,/mnt/MammoDiffusion/MammoDiffusion/experiments/diffusers/04_sd21_lora/generated_images/final/positive/gen_1957.png,gen_1957.png,68.5824,28.0,4.0,0.42856597900390625,0.9745785341712211,0.462005615234375,127.40482363432194,56.62163239510561,7.154694867229887,2107.85986328125,0.0,0.0,False,,-20.98509529254662,True,845.0
positive,/mnt/MammoDiffusion/MammoDiffusion/experiments/diffusers/04_sd21_lora/generated_images/final/positive/gen_1958.png,gen_1958.png,72.8956,59.0,1.0,0.3695487976074219,0.9805832258064516,0.4196815490722656,124.54756083150785,54.49959014836728,6.158357887364716,1208.4842529296875,0.0,0.0,False,,-15.039099768747661,True,610.0
positive,/mnt/MammoDiffusion/MammoDiffusion/experiments/diffusers/04_sd21_lora/generated_images/final/positive/gen_1959.png,gen_1959.png,172.0,141.0,3.0,0.049587249755859375,0.4682667897530579,0.02094268798828125,187.53624772313296,14.52544583869804,6.672451585145903,732.1765747070312,0.0,0.0,True,too_empty,,False,
positive,/mnt/MammoDiffusion/MammoDiffusion/experiments/diffusers/04_sd21_lora/generated_images/final/positive/gen_1960.png,gen_1960.png,124.5824,84.0,4.0,0.11860275268554688,0.8585442732623589,0.09474945068359375,183.79962154762865,41.98351650496102,5.75186905585627,1370.08837890625,0.0,0.0,True,too_empty,,False,
positive,/mnt/MammoDiffusion/MammoDiffusion/experiments/diffusers/04_sd21_lora/generated_images/final/positive/gen_1961.png,gen_1961.png,103.5824,63.0,4.0,0.1970062255859375,0.8756293083417241,0.21547698974609375,148.86789646992176,53.75892279070726,6.384425942971772,1816.1697998046875,0.0,0.0,False,,-76.1214509366138,False,
positive,/mnt/MammoDiffusion/MammoDiffusion/experiments/diffusers/04_sd21_lora/generated_images/final/positive/gen_1962.png,gen_1962.png,113.6868,82.0,3.0,0.15357589721679688,0.8799026304677215,0.15146636962890625,169.09096861935222,50.69487267846158,5.920014209505743,1324.8516845703125,0.0,0.0,False,,-73.51916751666154,False,
positive,/mnt/MammoDiffusion/MammoDiffusion/experiments/diffusers/04_sd21_lora/generated_images/final/positive/gen_1963.png,gen_1963.png,132.6868,101.0,3.0,0.15941238403320312,0.4799588408432841,0.16662216186523438,167.67632042858125,38.638263436789316,5.666236742062227,688.6526489257812,0.0,0.0,True,fragmented_mask,,False,
positive,/mnt/MammoDiffusion/MammoDiffusion/experiments/diffusers/04_sd21_lora/generated_images/final/positive/gen_1964.png,gen_1964.png,123.7912,101.0,2.0,0.14916610717773438,0.7687389714344168,0.12403106689453125,173.6611921018638,38.11234888761461,5.424362523160635,686.6353759765625,0.0,0.0,True,too_empty,,False,
positive,/mnt/MammoDiffusion/MammoDiffusion/experiments/diffusers/04_sd21_lora/generated_images/final/positive/gen_1965.png,gen_1965.png,129.6868,98.0,3.0,0.17055511474609375,0.9161485126369939,0.19722366333007812,161.66522891240015,43.779642762409175,5.842998016062588,989.7344970703125,0.0,0.0,False,,-51.88180629840957,False,
positive,/mnt/MammoDiffusion/MammoDiffusion/experiments/diffusers/04_sd21_lora/generated_images/final/positive/gen_1966.png,gen_1966.png,220.0,252.0,1.0,0.4107475280761719,0.9650058045042953,0.3878593444824219,249.80305876567493,22.341700814094803,5.631195959345943,1590.4361572265625,0.0,0.0,False,,-27.720027338224632,True,1035.0
positive,/mnt/MammoDiffusion/MammoDiffusion/experiments/diffusers/04_sd21_lora/generated_images/final/positive/gen_1967.png,gen_1967.png,220.0,230.0,11.0,0.41765594482421875,0.9600222859543686,0.40009307861328125,239.03435289182127,21.953143218964705,6.679495857509959,1934.90576171875,0.0,0.0,False,,-31.5601515377586,True,1125.0
positive,/mnt/MammoDiffusion/MammoDiffusion/experiments/diffusers/04_sd21_lora/generated_images/final/positive/gen_1968.png,gen_1968.png,111.8956,98.0,1.0,0.16928863525390625,0.9415701473703186,0.17929840087890625,149.93327943491767,34.47997662126259,4.752604139696928,339.6270751953125,0.0,0.0,False,,-37.0995280548686,True,1272.0
positive,/mnt/MammoDiffusion/MammoDiffusion/experiments/diffusers/04_sd21_lora/generated_images/final/positive/gen_1969.png,gen_1969.png,43.6868,12.0,3.0,0.39935302734375,0.9953003209536909,0.4135780334472656,121.2848354040418,58.31605451668851,6.670625145791894,1622.348876953125,0.0,0.0,False,,-8.010774405780708,True,116.0
positive,/mnt/MammoDiffusion/MammoDiffusion/experiments/diffusers/04_sd21_lora/generated_images/final/positive/gen_1970.png,gen_1970.png,103.6868,72.0,3.0,0.14852523803710938,0.8200077051496083,0.13704299926757812,167.81241475295755,51.36276778048028,5.708723308355186,1274.717041015625,0.0,0.0,False,,-106.61038130001026,False,
positive,/mnt/MammoDiffusion/MammoDiffusion/experiments/diffusers/04_sd21_lora/generated_images/final/positive/gen_1971.png,gen_1971.png,74.6868,43.0,3.0,0.4793205261230469,0.9853960573334076,0.494964599609375,137.1258785991738,47.7048457139054,7.009256608961001,1361.11328125,0.0,0.0,False,,-13.805397328640185,True,560.0
positive,/mnt/MammoDiffusion/MammoDiffusion/experiments/diffusers/04_sd21_lora/generated_images/final/positive/gen_1972.png,gen_1972.png,144.0,129.0,4.0,0.044643402099609375,0.5861744851747415,0.0248565673828125,200.43462246777165,24.28654508417639,4.956857650583359,936.0267333984375,0.0,0.0,True,too_empty,,False,
positive,/mnt/MammoDiffusion/MammoDiffusion/experiments/diffusers/04_sd21_lora/generated_images/final/positive/gen_1973.png,gen_1973.png,123.8956,110.0,1.0,0.1827239990234375,0.9084968684759916,0.18032073974609375,155.090755235879,29.59556191322532,4.820050275640554,414.8338623046875,0.0,0.0,False,,-55.93238901943497,False,
positive,/mnt/MammoDiffusion/MammoDiffusion/experiments/diffusers/04_sd21_lora/generated_images/final/positive/gen_1974.png,gen_1974.png,120.7912,98.0,2.0,0.14088058471679688,0.9836180986163385,0.14849090576171875,160.75751425782252,32.19023095510674,4.982475435984457,534.05517578125,0.0,0.0,False,,-14.44015811495631,True,586.0
positive,/mnt/MammoDiffusion/MammoDiffusion/experiments/diffusers/04_sd21_lora/generated_images/final/positive/gen_1975.png,gen_1975.png,220.0,217.0,27.0,0.3556556701660156,0.9456415646820332,0.3363037109375,242.42072368421051,19.47107595255918,6.761130142281362,2105.361572265625,0.0,0.0,False,,-40.54408239094771,True,1342.0
positive,/mnt/MammoDiffusion/MammoDiffusion/experiments/diffusers/04_sd21_lora/generated_images/final/positive/gen_1976.png,gen_1976.png,111.8956,98.0,1.0,0.2276153564453125,0.9481464101360864,0.24517822265625,155.0017425939756,37.94589763169913,5.135477126399454,452.15179443359375,0.0,0.0,False,,-33.152702180475714,True,1172.0
positive,/mnt/MammoDiffusion/MammoDiffusion/experiments/diffusers/04_sd21_lora/generated_images/final/positive/gen_1977.png,gen_1977.png,98.6868,67.0,3.0,0.26609039306640625,0.9687473119821085,0.2947120666503906,153.61981438575145,53.7425804116334,6.175957634152322,1156.61376953125,0.0,0.0,False,,-23.010992553944167,True,908.0
positive,/mnt/MammoDiffusion/MammoDiffusion/experiments/diffusers/04_sd21_lora/generated_images/final/positive/gen_1978.png,gen_1978.png,90.6868,59.0,3.0,0.3188667297363281,0.9834667240904904,0.3456306457519531,144.34340268197118,47.833573133444446,6.338014919835571,1280.7154541015625,0.0,0.0,False,,-14.106772556387872,True,568.0
positive,/mnt/MammoDiffusion/MammoDiffusion/experiments/diffusers/04_sd21_lora/generated_images/final/positive/gen_1979.png,gen_1979.png,35.6868,4.0,3.0,0.6833648681640625,0.9964273752372446,0.7056198120117188,103.27406554434677,51.48258824666192,7.314268687203727,1734.4654541015625,0.0,0.0,False,,-9.093716562873908,True,252.0
positive,/mnt/MammoDiffusion/MammoDiffusion/experiments/diffusers/04_sd21_lora/generated_images/final/positive/gen_1980.png,gen_1980.png,123.7912,101.0,2.0,0.19922256469726562,0.9345332695069412,0.20208740234375,159.79998489882212,33.89707365296813,5.418767882803582,639.080078125,0.0,0.0,False,,-41.48314690261037,False,
positive,/mnt/MammoDiffusion/MammoDiffusion/experiments/diffusers/04_sd21_lora/generated_images/final/positive/gen_1981.png,gen_1981.png,45.8956,32.0,1.0,0.41815185546875,0.9952105532039118,0.43701934814453125,115.76232083937082,59.60350883414682,5.82105612739488,1054.3609619140625,0.0,0.0,False,,-6.604189481121969,True,27.0
positive,/mnt/MammoDiffusion/MammoDiffusion/experiments/diffusers/04_sd21_lora/generated_images/final/positive/gen_1982.png,gen_1982.png,220.0,226.0,16.0,0.3793144226074219,0.9156735555890783,0.3499794006347656,239.4097661997929,24.340999751281256,6.939913337280538,1756.756591796875,0.0,0.0,False,,-56.40209369056473,False,
positive,/mnt/MammoDiffusion/MammoDiffusion/experiments/diffusers/04_sd21_lora/generated_images/final/positive/gen_1983.png,gen_1983.png,54.5824,14.0,4.0,0.6093025207519531,0.9966630145562686,0.6166114807128906,129.85308182948634,50.45009599778747,7.321682771192766,1461.941162109375,0.0,0.0,False,,-8.773508607565951,True,214.0
positive,/mnt/MammoDiffusion/MammoDiffusion/experiments/diffusers/04_sd21_lora/generated_images/final/positive/gen_1984.png,gen_1984.png,92.8956,79.0,1.0,0.3752555847167969,0.9981600268371776,0.384674072265625,150.39911741372472,42.56004202216324,5.772797937250191,493.1925964355469,0.0,0.0,False,,-4.8683190819245805,True,2.0
positive,/mnt/MammoDiffusion/MammoDiffusion/experiments/diffusers/04_sd21_lora/generated_images/final/positive/gen_1985.png,gen_1985.png,75.7912,53.0,2.0,0.37668609619140625,0.9881919267615903,0.3778800964355469,147.87138977780918,48.81325827812112,6.005048279972233,981.9688720703125,0.0,0.0,False,,-10.74664366254726,True,393.0
positive,/mnt/MammoDiffusion/MammoDiffusion/experiments/diffusers/04_sd21_lora/generated_images/final/positive/gen_1986.png,gen_1986.png,124.6868,93.0,3.0,0.18402099609375,0.875787728026534,0.20051193237304688,162.23923672545325,42.811273965078094,5.971026798231258,1266.3590087890625,0.0,0.0,False,,-74.68540297112884,False,
positive,/mnt/MammoDiffusion/MammoDiffusion/experiments/diffusers/04_sd21_lora/generated_images/final/positive/gen_1987.png,gen_1987.png,74.8956,61.0,1.0,0.43636322021484375,0.9871317422851648,0.48419952392578125,130.02648704010085,51.95444972643359,6.196707242738571,853.20947265625,0.0,0.0,False,,-11.436503382634283,True,445.0
positive,/mnt/MammoDiffusion/MammoDiffusion/experiments/diffusers/04_sd21_lora/generated_images/final/positive/gen_1988.png,gen_1988.png,115.7912,93.0,2.0,0.18206405639648438,0.9275253001445722,0.2067413330078125,158.82467340763156,48.79038568516742,5.503470928278747,738.3099975585938,0.0,0.0,False,,-45.417121044474854,False,
positive,/mnt/MammoDiffusion/MammoDiffusion/experiments/diffusers/04_sd21_lora/generated_images/final/positive/gen_1989.png,gen_1989.png,66.6868,35.0,3.0,0.43827056884765625,0.9966489685786405,0.4350852966308594,149.93589934680637,38.23866161748441,6.726831856351152,1019.550537109375,0.0,0.0,False,,-6.473274053079127,True,20.0
positive,/mnt/MammoDiffusion/MammoDiffusion/experiments/diffusers/04_sd21_lora/generated_images/final/positive/gen_1990.png,gen_1990.png,122.7912,100.0,2.0,0.16777801513671875,0.9316538583966169,0.19077301025390625,153.91607678464308,37.02042453995739,5.185961106740825,464.8032531738281,0.0,0.0,False,,-42.743147435832626,False,
positive,/mnt/MammoDiffusion/MammoDiffusion/experiments/diffusers/04_sd21_lora/generated_images/final/positive/gen_1991.png,gen_1991.png,101.6868,70.0,3.0,0.24467849731445312,0.8982398154066822,0.2804374694824219,141.0190573352377,48.999733956206356,6.281862790014663,986.6077880859375,0.0,0.0,False,,-61.43058521683355,False,
positive,/mnt/MammoDiffusion/MammoDiffusion/experiments/diffusers/04_sd21_lora/generated_images/final/positive/gen_1992.png,gen_1992.png,184.3434,166.0,1.5,0.05987548828125,0.5414755351681957,0.03911590576171875,198.07304466549638,13.131264383341087,6.610747877195367,1099.031982421875,0.0,0.0,True,too_empty,,False,
positive,/mnt/MammoDiffusion/MammoDiffusion/experiments/diffusers/04_sd21_lora/generated_images/final/positive/gen_1993.png,gen_1993.png,74.5824,34.0,4.0,0.5384407043457031,0.9577042699558622,0.5924911499023438,131.83844757207794,52.29910145372492,7.351156632705996,1725.511962890625,0.0,0.0,False,,-30.78704410921131,True,1099.0
positive,/mnt/MammoDiffusion/MammoDiffusion/experiments/diffusers/04_sd21_lora/generated_images/final/positive/gen_1994.png,gen_1994.png,144.5824,104.0,4.0,0.13891983032226562,0.7692561166488179,0.10379791259765625,175.84755604557148,27.330053986064218,6.009199594656353,1014.24951171875,0.0,0.0,True,too_empty,,False,
positive,/mnt/MammoDiffusion/MammoDiffusion/experiments/diffusers/04_sd21_lora/generated_images/final/positive/gen_1995.png,gen_1995.png,90.5824,50.0,4.0,0.4063606262207031,0.8458014550574983,0.3559150695800781,147.12559350917996,45.830065427729785,7.169261441903841,1264.1414794921875,0.0,0.0,False,,-91.21623985136472,False,
positive,/mnt/MammoDiffusion/MammoDiffusion/experiments/diffusers/04_sd21_lora/generated_images/final/positive/gen_1996.png,gen_1996.png,67.6868,36.0,3.0,0.4394111633300781,0.991978400715346,0.48624420166015625,128.0500447178071,54.08299654958665,6.917361839166156,1372.1224365234375,0.0,0.0,False,,-10.187925204973443,True,354.0
positive,/mnt/MammoDiffusion/MammoDiffusion/experiments/diffusers/04_sd21_lora/generated_images/final/positive/gen_1997.png,gen_1997.png,132.5824,92.0,4.0,0.17948150634765625,0.8568331562167907,0.14870834350585938,179.39358181771541,34.84454807709877,6.196869688952454,1164.5206298828125,0.0,0.0,False,,-86.39262655617867,False,
positive,/mnt/MammoDiffusion/MammoDiffusion/experiments/diffusers/04_sd21_lora/generated_images/final/positive/gen_1998.png,gen_1998.png,52.7912,30.0,2.0,0.2929725646972656,0.9890366010859234,0.3200645446777344,129.75465716362942,63.0955806212388,5.9755549280568845,1703.6474609375,0.0,0.0,False,,-11.982279161452194,True,470.0
positive,/mnt/MammoDiffusion/MammoDiffusion/experiments/diffusers/04_sd21_lora/generated_images/final/positive/gen_1999.png,gen_1999.png,81.8956,68.0,1.0,0.3298530578613281,0.975077773537337,0.3597450256347656,131.03377339483592,53.55379386766005,5.9573588696496715,964.3319702148438,0.0,0.0,False,,-17.901947020182256,True,724.0
positive,/mnt/MammoDiffusion/MammoDiffusion/experiments/diffusers/04_sd21_lora/generated_images/final/positive/gen_2000.png,gen_2000.png,78.5824,38.0,4.0,0.4922027587890625,0.9902501782558825,0.5603561401367188,131.1817160673683,51.21323095983009,7.320949854438229,1578.15966796875,0.0,0.0,False,,-12.191714462376444,True,479.0
positive,/mnt/MammoDiffusion/MammoDiffusion/experiments/diffusers/04_sd21_lora/generated_images/final/positive/gen_2001.png,gen_2001.png,122.47800000000001,73.0,5.0,0.22185134887695312,0.898842787626597,0.24738693237304688,170.48932167584155,49.891084803468516,6.589895499319329,1771.499755859375,0.0,0.0,False,,-63.552259008191406,False,
positive,/mnt/MammoDiffusion/MammoDiffusion/experiments/diffusers/04_sd21_lora/generated_images/final/positive/gen_2002.png,gen_2002.png,103.8956,90.0,1.0,0.2710113525390625,0.9785203535836946,0.293060302734375,147.23827189419973,42.66281751167127,5.404363631567232,675.0839233398438,0.0,0.0,False,,-15.714349372049327,True,644.0
positive,/mnt/MammoDiffusion/MammoDiffusion/experiments/diffusers/04_sd21_lora/generated_images/final/positive/gen_2003.png,gen_2003.png,10.0,0.0,0.0,0.8795166015625,0.9952463566967383,0.8788719177246094,94.9272497623605,58.4802863688788,7.453196863931472,1827.1912841796875,0.0,0.0,False,,-11.407887721960792,True,443.0
positive,/mnt/MammoDiffusion/MammoDiffusion/experiments/diffusers/04_sd21_lora/generated_images/final/positive/gen_2004.png,gen_2004.png,113.7912,91.0,2.0,0.17005157470703125,0.967001660011665,0.1952362060546875,153.7831965611567,41.2041705694246,5.294869803978929,563.8701782226562,0.0,0.0,False,,-22.89564019571588,True,903.0
positive,/mnt/MammoDiffusion/MammoDiffusion/experiments/diffusers/04_sd21_lora/generated_images/final/positive/gen_2005.png,gen_2005.png,96.7912,74.0,2.0,0.26959228515625,0.7592681684401177,0.23577117919921875,148.55070705109537,47.96015193446565,6.0710217643483,905.3631591796875,0.0,0.0,False,,-138.74268271534885,False,
positive,/mnt/MammoDiffusion/MammoDiffusion/experiments/diffusers/04_sd21_lora/generated_images/final/positive/gen_2006.png,gen_2006.png,68.7912,46.0,2.0,0.4159431457519531,0.9946348487210763,0.45316314697265625,128.1183561459333,54.887856590714605,6.3480393866868745,1062.5909423828125,0.0,0.0,False,,-7.606619826641762,True,78.0
positive,/mnt/MammoDiffusion/MammoDiffusion/experiments/diffusers/04_sd21_lora/generated_images/final/positive/gen_2007.png,gen_2007.png,102.8956,89.0,1.0,0.2918357849121094,0.9436754114217744,0.3364410400390625,138.47755000226766,41.329654640775765,5.419918055578114,454.5335693359375,0.0,0.0,False,,-34.694155578358384,True,1216.0
positive,/mnt/MammoDiffusion/MammoDiffusion/experiments/diffusers/04_sd21_lora/generated_images/final/positive/gen_2008.png,gen_2008.png,220.0,254.0,1.0,0.19770050048828125,0.4696098483386717,0.08545303344726562,254.1207535377885,10.563584628081832,6.844243783821249,1366.8272705078125,0.0,0.0,True,too_empty,,False,
positive,/mnt/MammoDiffusion/MammoDiffusion/experiments/diffusers/04_sd21_lora/generated_images/final/positive/gen_2009.png,gen_2009.png,100.7912,78.0,2.0,0.22032546997070312,0.9647661755285074,0.25104522705078125,148.35971736818112,46.284497339592804,5.423975334580442,573.5863647460938,0.0,0.0,False,,-24.06879721915563,True,934.0
positive,/mnt/MammoDiffusion/MammoDiffusion/experiments/diffusers/04_sd21_lora/generated_images/final/positive/gen_2010.png,gen_2010.png,60.6868,29.0,3.0,0.6290206909179688,0.9761483134619816,0.7257499694824219,119.8012152367136,56.79743572945837,7.501422226378779,1519.9158935546875,0.0,0.0,False,,-21.289500469903544,True,856.0
positive,/mnt/MammoDiffusion/MammoDiffusion/experiments/diffusers/04_sd21_lora/generated_images/final/positive/gen_2011.png,gen_2011.png,129.5824,89.0,4.0,0.14386749267578125,0.5312085697618921,0.07479095458984375,173.10160155054575,26.11987682597345,6.04738562300493,544.9598388671875,0.0,0.0,True,too_empty,,False,
positive,/mnt/MammoDiffusion/MammoDiffusion/experiments/diffusers/04_sd21_lora/generated_images/final/positive/gen_2012.png,gen_2012.png,117.8956,104.0,1.0,0.184112548828125,0.891492623901873,0.17664718627929688,152.89399010948668,32.26758405835285,4.579008936610409,234.08004760742188,0.0,0.0,False,,-65.12786511728977,False,
positive,/mnt/MammoDiffusion/MammoDiffusion/experiments/diffusers/04_sd21_lora/generated_images/final/positive/gen_2013.png,gen_2013.png,82.7912,60.0,2.0,0.21713638305664062,0.9146887791851865,0.2556114196777344,130.65878191830706,58.680340819573736,5.883875696127804,1325.5244140625,0.0,0.0,False,,-52.85724874332426,False,
positive,/mnt/MammoDiffusion/MammoDiffusion/experiments/diffusers/04_sd21_lora/generated_images/final/positive/gen_2014.png,gen_2014.png,135.6868,104.0,3.0,0.15016937255859375,0.5139968500736676,0.08971405029296875,164.74500382685602,35.00303328244942,5.724927388223202,835.48095703125,0.0,0.0,True,too_empty,,False,
positive,/mnt/MammoDiffusion/MammoDiffusion/experiments/diffusers/04_sd21_lora/generated_images/final/positive/gen_2015.png,gen_2015.png,71.6868,40.0,3.0,0.3463134765625,0.9914081776524498,0.3817253112792969,131.9666823228437,52.50240101912564,6.431063133975117,1471.1754150390625,0.0,0.0,False,,-9.731792112598562,True,308.0
positive,/mnt/MammoDiffusion/MammoDiffusion/experiments/diffusers/04_sd21_lora/generated_images/final/positive/gen_2016.png,gen_2016.png,59.6868,28.0,3.0,0.39099884033203125,0.9916778863977834,0.4384307861328125,122.10041589809626,59.25581998565848,6.573499115748598,1390.409423828125,0.0,0.0,False,,-9.899561824632633,True,323.0
positive,/mnt/MammoDiffusion/MammoDiffusion/experiments/diffusers/04_sd21_lora/generated_images/final/positive/gen_2017.png,gen_2017.png,60.7912,38.0,2.0,0.31249237060546875,0.9632071095485729,0.31940460205078125,127.2160157649588,55.285544114778425,6.012740560383512,1273.8427734375,0.0,0.0,False,,-25.206402814661097,True,971.0
positive,/mnt/MammoDiffusion/MammoDiffusion/experiments/diffusers/04_sd21_lora/generated_images/final/positive/gen_2018.png,gen_2018.png,33.7912,11.0,2.0,0.6614151000976562,0.9983389662371818,0.6610984802246094,114.80325210758036,50.6028152178992,7.092653749786167,1139.721435546875,0.0,0.0,False,,-7.07136026866049,True,43.0
positive,/mnt/MammoDiffusion/MammoDiffusion/experiments/diffusers/04_sd21_lora/generated_images/final/positive/gen_2019.png,gen_2019.png,112.6868,81.0,3.0,0.20523452758789062,0.8492035464024832,0.19572830200195312,165.25112553353213,45.01503280828345,6.202926062057455,1288.50732421875,0.0,0.0,False,,-89.98154655896667,False,
positive,/mnt/MammoDiffusion/MammoDiffusion/experiments/diffusers/04_sd21_lora/generated_images/final/positive/gen_2020.png,gen_2020.png,65.47800000000001,16.0,5.0,0.5628662109375,0.991399642160052,0.6243057250976562,121.36389299637048,52.17358931717455,7.517983741199366,2105.557861328125,0.0,0.0,False,,-12.59627854865386,True,506.0
positive,/mnt/MammoDiffusion/MammoDiffusion/experiments/diffusers/04_sd21_lora/generated_images/final/positive/gen_2021.png,gen_2021.png,48.8956,35.0,1.0,0.3981285095214844,0.9915969607251334,0.4067878723144531,123.51845982163789,57.10255700313947,5.575980891498835,1170.523681640625,0.0,0.0,False,,-8.368718972135559,True,164.0
positive,/mnt/MammoDiffusion/MammoDiffusion/experiments/diffusers/04_sd21_lora/generated_images/final/positive/gen_2022.png,gen_2022.png,93.47800000000001,44.0,5.0,0.3415031433105469,0.9757045675413022,0.3774375915527344,144.01407881305397,50.061517938884386,7.026412151837605,1968.1103515625,0.0,0.0,False,,-19.874315025754797,True,801.0
positive,/mnt/MammoDiffusion/MammoDiffusion/experiments/diffusers/04_sd21_lora/generated_images/final/positive/gen_2023.png,gen_2023.png,120.5824,80.0,4.0,0.17938232421875,0.8402517863218781,0.165069580078125,168.51777130708078,40.37400955305418,6.261986523707144,1523.543701171875,0.0,0.0,False,,-95.27840306440304,False,
positive,/mnt/MammoDiffusion/MammoDiffusion/experiments/diffusers/04_sd21_lora/generated_images/final/positive/gen_2024.png,gen_2024.png,100.5824,60.0,4.0,0.2646751403808594,0.9246213049306026,0.2947196960449219,151.47226860301066,53.32678029636555,6.671828256373072,1661.4393310546875,0.0,0.0,False,,-48.52666975298739,False,
positive,/mnt/MammoDiffusion/MammoDiffusion/experiments/diffusers/04_sd21_lora/generated_images/final/positive/gen_2025.png,gen_2025.png,140.7912,118.0,2.0,0.11578369140625,0.47631128096995257,0.054965972900390625,184.69185925463253,26.061642967500948,5.335295410285738,553.7286376953125,0.0,0.0,True,too_empty,,False,
positive,/mnt/MammoDiffusion/MammoDiffusion/experiments/diffusers/04_sd21_lora/generated_images/final/positive/gen_2026.png,gen_2026.png,140.8956,127.0,1.0,0.13486862182617188,0.6812332060528921,0.09328842163085938,180.00928235534656,23.319552943725334,6.225329402158136,722.8701782226562,0.0,0.0,True,too_empty,,False,
positive,/mnt/MammoDiffusion/MammoDiffusion/experiments/diffusers/04_sd21_lora/generated_images/final/positive/gen_2027.png,gen_2027.png,82.7912,60.0,2.0,0.25385284423828125,0.9087247918732907,0.2250213623046875,144.46867159422254,55.58491127010739,6.069766304204123,1375.5179443359375,0.0,0.0,False,,-56.823041762071526,False,
positive,/mnt/MammoDiffusion/MammoDiffusion/experiments/diffusers/04_sd21_lora/generated_images/final/positive/gen_2028.png,gen_2028.png,94.7912,72.0,2.0,0.38240814208984375,0.9683378887935679,0.4119071960449219,142.84050602431955,47.84134949128395,6.182356569573944,845.8814086914062,0.0,0.0,False,,-21.480021014278773,True,863.0
positive,/mnt/MammoDiffusion/MammoDiffusion/experiments/diffusers/04_sd21_lora/generated_images/final/positive/gen_2029.png,gen_2029.png,59.6868,28.0,3.0,0.41085052490234375,0.9865740654769642,0.44336700439453125,123.23235764803056,57.21425089348888,6.828037047259395,1679.667724609375,0.0,0.0,False,,-13.264172806619321,True,541.0
positive,/mnt/MammoDiffusion/MammoDiffusion/experiments/diffusers/04_sd21_lora/generated_images/final/positive/gen_2030.png,gen_2030.png,129.0,122.0,2.0,0.0409088134765625,0.7305110033569564,0.02770233154296875,166.8976865877169,14.416670888082074,3.793526786323163,173.45913696289062,0.0,0.0,True,too_empty,,False,
positive,/mnt/MammoDiffusion/MammoDiffusion/experiments/diffusers/04_sd21_lora/generated_images/final/positive/gen_2031.png,gen_2031.png,220.0,221.0,22.0,0.4214973449707031,0.9557800041631597,0.3990020751953125,241.80577651153007,19.419694879588985,6.647970958371996,1591.5045166015625,0.0,0.0,False,,-33.732512595147846,True,1188.0
positive,/mnt/MammoDiffusion/MammoDiffusion/experiments/diffusers/04_sd21_lora/generated_images/final/positive/gen_2032.png,gen_2032.png,58.6868,27.0,3.0,0.4693756103515625,0.9834124378271187,0.5515022277832031,112.67224862180352,59.12283826188598,6.828467047962542,1322.0263671875,0.0,0.0,False,,-15.120820172014218,True,620.0
positive,/mnt/MammoDiffusion/MammoDiffusion/experiments/diffusers/04_sd21_lora/generated_images/final/positive/gen_2033.png,gen_2033.png,100.47800000000001,51.0,5.0,0.3211212158203125,0.9398550724637681,0.35457611083984375,153.78958579881657,51.803250152880025,6.965425600069839,1806.0418701171875,0.0,0.0,False,,-40.09533834498484,True,1336.0
positive,/mnt/MammoDiffusion/MammoDiffusion/experiments/diffusers/04_sd21_lora/generated_images/final/positive/gen_2034.png,gen_2034.png,43.7912,21.0,2.0,0.6092758178710938,0.9964687762180844,0.611419677734375,115.49450336910407,47.351783728231894,6.8777192402222385,1290.88330078125,0.0,0.0,False,,-7.540742855730902,True,70.0
positive,/mnt/MammoDiffusion/MammoDiffusion/experiments/diffusers/04_sd21_lora/generated_images/final/positive/gen_2035.png,gen_2035.png,114.5824,74.0,4.0,0.1874847412109375,0.9243712867258078,0.20306015014648438,160.64973417745298,42.04356914448115,6.151810530411428,1727.4681396484375,0.0,0.0,False,,-48.33619552627087,False,
positive,/mnt/MammoDiffusion/MammoDiffusion/experiments/diffusers/04_sd21_lora/generated_images/final/positive/gen_2036.png,gen_2036.png,84.5824,44.0,4.0,0.24845504760742188,0.891434186485698,0.2763175964355469,141.73025471112032,56.89879681133902,6.498921525405748,1725.2261962890625,0.0,0.0,False,,-66.94019602790635,False,
positive,/mnt/MammoDiffusion/MammoDiffusion/experiments/diffusers/04_sd21_lora/generated_images/final/positive/gen_2037.png,gen_2037.png,120.6868,89.0,3.0,0.12986373901367188,0.8713685632876068,0.15087127685546875,149.5587610619469,41.6268192927608,5.427110796192874,738.1835327148438,0.0,0.0,False,,-76.1100671069314,False,
positive,/mnt/MammoDiffusion/MammoDiffusion/experiments/diffusers/04_sd21_lora/generated_images/final/positive/gen_2038.png,gen_2038.png,148.6868,117.0,3.0,0.0573577880859375,0.8924581005586593,0.048313140869140625,184.2500592183182,14.894038324509873,4.88450621178528,779.8472900390625,0.0,0.0,True,too_empty,,False,
positive,/mnt/MammoDiffusion/MammoDiffusion/experiments/diffusers/04_sd21_lora/generated_images/final/positive/gen_2039.png,gen_2039.png,115.6868,84.0,3.0,0.2831077575683594,0.9651013945967796,0.2984428405761719,158.51594554866747,38.36679858373148,6.122467683114474,868.6022338867188,0.0,0.0,False,,-23.944199988044087,True,929.0
positive,/mnt/MammoDiffusion/MammoDiffusion/experiments/diffusers/04_sd21_lora/generated_images/final/positive/gen_2040.png,gen_2040.png,89.7912,67.0,2.0,0.3611564636230469,0.9251333509374174,0.39670562744140625,133.7901225070677,50.950526621308114,6.343252972386579,1074.271728515625,0.0,0.0,False,,-45.79967610939686,False,
positive,/mnt/MammoDiffusion/MammoDiffusion/experiments/diffusers/04_sd21_lora/generated_images/final/positive/gen_2041.png,gen_2041.png,79.6868,48.0,3.0,0.3094482421875,0.9215483234714004,0.3908729553222656,126.65394036988239,60.5497431120013,6.514764729187625,1473.063720703125,0.0,0.0,False,,-48.94948961935616,False,
positive,/mnt/MammoDiffusion/MammoDiffusion/experiments/diffusers/04_sd21_lora/generated_images/final/positive/gen_2042.png,gen_2042.png,126.47800000000001,77.0,5.0,0.14181137084960938,0.8613046402151984,0.1207427978515625,175.19787059269555,35.71909628997438,6.236388028931429,1677.0411376953125,0.0,0.0,True,too_empty,,False,
positive,/mnt/MammoDiffusion/MammoDiffusion/experiments/diffusers/04_sd21_lora/generated_images/final/positive/gen_2043.png,gen_2043.png,104.6868,73.0,3.0,0.22101211547851562,0.9448021126395912,0.21602630615234375,148.00912943669434,48.0609849872637,5.962423583416076,779.1928100585938,0.0,0.0,False,,-35.78170854316085,True,1248.0
positive,/mnt/MammoDiffusion/MammoDiffusion/experiments/diffusers/04_sd21_lora/generated_images/final/positive/gen_2044.png,gen_2044.png,123.5824,83.0,4.0,0.23163986206054688,0.9338800783887489,0.2668647766113281,159.93906256700544,43.98952433551287,6.401067951799363,1279.3724365234375,0.0,0.0,False,,-42.43570896992672,False,
positive,/mnt/MammoDiffusion/MammoDiffusion/experiments/diffusers/04_sd21_lora/generated_images/final/positive/gen_2045.png,gen_2045.png,64.8956,51.0,1.0,0.519561767578125,0.9941997063142438,0.5441093444824219,116.86835629403723,46.164800795817335,6.267431424997834,598.2828979492188,0.0,0.0,False,,-7.488933132730514,True,67.0
positive,/mnt/MammoDiffusion/MammoDiffusion/experiments/diffusers/04_sd21_lora/generated_images/final/positive/gen_2046.png,gen_2046.png,34.8956,21.0,1.0,0.5128860473632812,0.9958200074377092,0.510345458984375,119.41340519045626,53.1407452228503,6.029660686674718,995.2860717773438,0.0,0.0,False,,-6.5482316078642535,True,25.0
positive,/mnt/MammoDiffusion/MammoDiffusion/experiments/diffusers/04_sd21_lora/generated_images/final/positive/gen_2047.png,gen_2047.png,105.47800000000001,56.0,5.0,0.19145965576171875,0.9094839609483961,0.1624298095703125,161.41838891498355,46.667342437717025,6.483473317635357,2041.4183349609375,0.0,0.0,False,,-57.9395902320564,False,
positive,/mnt/MammoDiffusion/MammoDiffusion/experiments/diffusers/04_sd21_lora/generated_images/final/positive/gen_2048.png,gen_2048.png,190.0,185.0,3.0,0.04792022705078125,0.2920713262219392,0.017032623291015625,196.25509518477043,18.07631233255642,6.278415234816865,1005.670166015625,0.0,0.0,True,too_empty,,False,
positive,/mnt/MammoDiffusion/MammoDiffusion/experiments/diffusers/04_sd21_lora/generated_images/final/positive/gen_2049.png,gen_2049.png,220.0,213.0,40.0,0.21259689331054688,0.5070248156322334,0.09598922729492188,253.50160950602074,1.495913505372162,6.859854277500021,1530.115478515625,0.0,0.0,True,too_empty,,False,
positive,/mnt/MammoDiffusion/MammoDiffusion/experiments/diffusers/04_sd21_lora/generated_images/final/positive/gen_2050.png,gen_2050.png,106.6868,75.0,3.0,0.25611114501953125,0.9164407637999344,0.2822723388671875,153.61224931077356,49.28948882958623,6.200801254921775,1130.3782958984375,0.0,0.0,False,,-51.814832399984525,False,
positive,/mnt/MammoDiffusion/MammoDiffusion/experiments/diffusers/04_sd21_lora/generated_images/final/positive/gen_2051.png,gen_2051.png,61.5824,21.0,4.0,0.43914031982421875,0.9948661373547143,0.464599609375,134.45670487388335,56.5030875608431,7.166990977551896,2219.924072265625,0.0,0.0,False,,-10.09541874613874,True,345.0
positive,/mnt/MammoDiffusion/MammoDiffusion/experiments/diffusers/04_sd21_lora/generated_images/final/positive/gen_2052.png,gen_2052.png,66.6868,35.0,3.0,0.26892852783203125,0.9920706970410508,0.27603912353515625,137.87902490257318,54.33790025587705,6.012475284372796,1352.486572265625,0.0,0.0,False,,-9.828206729434804,True,315.0
positive,/mnt/MammoDiffusion/MammoDiffusion/experiments/diffusers/04_sd21_lora/generated_images/final/positive/gen_2053.png,gen_2053.png,220.0,200.0,45.0,0.516693115234375,0.981911877620932,0.5049514770507812,243.9127143612601,21.715296327622017,6.116847905869649,1407.443115234375,0.0,0.0,False,,-19.04171578560039,True,776.0
positive,/mnt/MammoDiffusion/MammoDiffusion/experiments/diffusers/04_sd21_lora/generated_images/final/positive/gen_2054.png,gen_2054.png,116.6868,85.0,3.0,0.23239898681640625,0.9337185253274679,0.2532463073730469,156.04276439664392,42.755422387696775,6.165282681527601,1186.947021484375,0.0,0.0,False,,-42.06489376955503,False,
positive,/mnt/MammoDiffusion/MammoDiffusion/experiments/diffusers/04_sd21_lora/generated_images/final/positive/gen_2055.png,gen_2055.png,220.0,199.0,54.0,0.132049560546875,0.6143690778830598,0.06304168701171875,247.0641413530195,35.97733497443732,7.230663436754764,1490.7274169921875,0.0,0.0,True,too_empty,,False,
positive,/mnt/MammoDiffusion/MammoDiffusion/experiments/diffusers/04_sd21_lora/generated_images/final/positive/gen_2056.png,gen_2056.png,99.6868,68.0,3.0,0.23351287841796875,0.909759205410527,0.22235488891601562,163.30901199197103,45.92193449316176,6.354782432932964,1519.5531005859375,0.0,0.0,False,,-56.618243155604816,False,
positive,/mnt/MammoDiffusion/MammoDiffusion/experiments/diffusers/04_sd21_lora/generated_images/final/positive/gen_2057.png,gen_2057.png,79.7912,57.0,2.0,0.28005218505859375,0.916786988857711,0.3101081848144531,136.5120613090918,55.91428582089724,6.061032089451801,1252.2841796875,0.0,0.0,False,,-51.39264335250064,False,
positive,/mnt/MammoDiffusion/MammoDiffusion/experiments/diffusers/04_sd21_lora/generated_images/final/positive/gen_2058.png,gen_2058.png,138.7912,116.0,2.0,0.22596359252929688,0.842609943445598,0.2192230224609375,171.5549175193151,29.7097217414624,5.815045783473257,478.1468811035156,0.0,0.0,False,,-93.65020362622226,False,
positive,/mnt/MammoDiffusion/MammoDiffusion/experiments/diffusers/04_sd21_lora/generated_images/final/positive/gen_2059.png,gen_2059.png,104.6868,73.0,3.0,0.16746902465820312,0.7817589576547231,0.14435577392578125,162.32326515511866,39.88847504940845,5.828642283260708,1329.03955078125,0.0,0.0,False,,-127.06795706055145,False,
positive,/mnt/MammoDiffusion/MammoDiffusion/experiments/diffusers/04_sd21_lora/generated_images/final/positive/gen_2060.png,gen_2060.png,104.6868,73.0,3.0,0.3071746826171875,0.8021459440663653,0.2550048828125,155.99198180947823,43.63024876529852,6.666628354701349,579.4675903320312,0.0,0.0,False,,-115.59756462970499,False,
positive,/mnt/MammoDiffusion/MammoDiffusion/experiments/diffusers/04_sd21_lora/generated_images/final/positive/gen_2061.png,gen_2061.png,139.5824,99.0,4.0,0.06811141967773438,0.9514421730607673,0.0588531494140625,181.45987814363494,17.829908491109236,5.037695673008862,840.7622680664062,0.0,0.0,True,too_empty,,False,
positive,/mnt/MammoDiffusion/MammoDiffusion/experiments/diffusers/04_sd21_lora/generated_images/final/positive/gen_2062.png,gen_2062.png,77.7912,55.0,2.0,0.34671783447265625,0.9902739575310815,0.3646965026855469,133.5219501480079,47.60462185372641,6.221707592024717,1093.7310791015625,0.0,0.0,False,,-9.506889040453348,True,289.0
positive,/mnt/MammoDiffusion/MammoDiffusion/experiments/diffusers/04_sd21_lora/generated_images/final/positive/gen_2063.png,gen_2063.png,81.7912,59.0,2.0,0.2894248962402344,0.9882036614780351,0.3040771484375,140.25805399437976,49.36521575118328,5.840872532865615,829.2484741210938,0.0,0.0,False,,-10.76374500401044,True,394.0
positive,/mnt/MammoDiffusion/MammoDiffusion/experiments/diffusers/04_sd21_lora/generated_images/final/positive/gen_2064.png,gen_2064.png,149.6868,118.0,3.0,0.16404342651367188,0.4941980792037765,0.07818603515625,189.55191256830602,20.221580375718737,6.097411872994879,778.5147705078125,0.0,0.0,True,too_empty,,False,
positive,/mnt/MammoDiffusion/MammoDiffusion/experiments/diffusers/04_sd21_lora/generated_images/final/positive/gen_2065.png,gen_2065.png,108.8956,95.0,1.0,0.2608528137207031,0.788991094017344,0.2235260009765625,148.64171615809954,35.60797210555309,6.432130110743465,582.7152709960938,0.0,0.0,False,,-122.75495062507639,False,
positive,/mnt/MammoDiffusion/MammoDiffusion/experiments/diffusers/04_sd21_lora/generated_images/final/positive/gen_2066.png,gen_2066.png,109.6868,78.0,3.0,0.19610595703125,0.873521630874572,0.17873001098632812,169.78899963716304,46.457305357305174,5.942549425275221,1039.8038330078125,0.0,0.0,False,,-76.27151071114909,False,
positive,/mnt/MammoDiffusion/MammoDiffusion/experiments/diffusers/04_sd21_lora/generated_images/final/positive/gen_2067.png,gen_2067.png,86.6868,55.0,3.0,0.21732711791992188,0.9342999069702129,0.23786163330078125,145.9057478269237,55.44743530515207,6.146359410007356,1598.93212890625,0.0,0.0,False,,-42.92108913777768,False,
positive,/mnt/MammoDiffusion/MammoDiffusion/experiments/diffusers/04_sd21_lora/generated_images/final/positive/gen_2068.png,gen_2068.png,57.8956,44.0,1.0,0.34336090087890625,0.9301188756804799,0.3779335021972656,119.00802438605876,64.36115981821327,6.016040571074575,1275.47900390625,0.0,0.0,False,,-43.57882358051435,False,
positive,/mnt/MammoDiffusion/MammoDiffusion/experiments/diffusers/04_sd21_lora/generated_images/final/positive/gen_2069.png,gen_2069.png,113.8956,100.0,1.0,0.1878204345703125,0.8708465350556504,0.17034149169921875,162.59490751108524,38.53991691152532,4.917260259647491,342.90985107421875,0.0,0.0,False,,-76.68656895375473,False,
positive,/mnt/MammoDiffusion/MammoDiffusion/experiments/diffusers/04_sd21_lora/generated_images/final/positive/gen_2070.png,gen_2070.png,220.0,237.0,11.0,0.24146652221679688,0.8760485947645302,0.20696640014648438,246.28764169200994,20.73254565277482,6.90718399877487,1757.541748046875,0.0,0.0,False,,-79.80128082422463,False,
positive,/mnt/MammoDiffusion/MammoDiffusion/experiments/diffusers/04_sd21_lora/generated_images/final/positive/gen_2071.png,gen_2071.png,74.5824,34.0,4.0,0.3559455871582031,0.9706566354799644,0.36444854736328125,143.14955305742217,50.44217543601402,6.636714534135462,1335.227783203125,0.0,0.0,False,,-21.601670637273454,True,865.0
positive,/mnt/MammoDiffusion/MammoDiffusion/experiments/diffusers/04_sd21_lora/generated_images/final/positive/gen_2072.png,gen_2072.png,219.0,196.0,18.0,0.037952423095703125,0.08593828525479948,0.001369476318359375,241.45125348189416,8.396327778011209,6.6605752017079585,1771.6514892578125,0.0,0.0,True,too_empty,,False,
positive,/mnt/MammoDiffusion/MammoDiffusion/experiments/diffusers/04_sd21_lora/generated_images/final/positive/gen_2073.png,gen_2073.png,137.5824,97.0,4.0,0.11523818969726562,0.4903505577807938,0.06692123413085938,150.37108818332098,48.37387420768986,5.922352263050589,1507.1968994140625,0.0,0.0,True,too_empty,,False,
positive,/mnt/MammoDiffusion/MammoDiffusion/experiments/diffusers/04_sd21_lora/generated_images/final/positive/gen_2074.png,gen_2074.png,96.7912,74.0,2.0,0.23728179931640625,0.8816436770521848,0.24607086181640625,144.82395436083465,50.46217191553899,5.948260974004939,828.2108764648438,0.0,0.0,False,,-70.64483173900038,False,
positive,/mnt/MammoDiffusion/MammoDiffusion/experiments/diffusers/04_sd21_lora/generated_images/final/positive/gen_2075.png,gen_2075.png,66.5824,26.0,4.0,0.3882904052734375,0.9813042794828467,0.4568367004394531,120.06938216555191,58.76557914527932,7.001386603889396,1814.297119140625,0.0,0.0,False,,-16.63049629201673,True,676.0
positive,/mnt/MammoDiffusion/MammoDiffusion/experiments/diffusers/04_sd21_lora/generated_images/final/positive/gen_2076.png,gen_2076.png,63.8956,50.0,1.0,0.31754302978515625,0.9888157420532904,0.33167266845703125,130.11914291629287,53.977708342758,5.6241624182836665,736.8365478515625,0.0,0.0,False,,-10.154027497595445,True,348.0
positive,/mnt/MammoDiffusion/MammoDiffusion/experiments/diffusers/04_sd21_lora/generated_images/final/positive/gen_2077.png,gen_2077.png,140.5824,100.0,4.0,0.13720703125,0.7683496441281139,0.11326980590820312,181.23520695113325,29.089422491359116,5.896775281984688,1290.9659423828125,0.0,0.0,True,too_empty,,False,
positive,/mnt/MammoDiffusion/MammoDiffusion/experiments/diffusers/04_sd21_lora/generated_images/final/positive/gen_2078.png,gen_2078.png,72.5824,32.0,4.0,0.4199104309082031,0.9755807298527395,0.47420501708984375,128.09358860912235,54.05595643212078,7.054717571314285,1585.6168212890625,0.0,0.0,False,,-19.6090328010743,True,794.0
positive,/mnt/MammoDiffusion/MammoDiffusion/experiments/diffusers/04_sd21_lora/generated_images/final/positive/gen_2079.png,gen_2079.png,46.7912,24.0,2.0,0.5030937194824219,0.9965727197591805,0.5098724365234375,123.30172826574892,52.73630391879764,6.668064527953874,1323.7576904296875,0.0,0.0,False,,-7.25095011765889,True,53.0
positive,/mnt/MammoDiffusion/MammoDiffusion/experiments/diffusers/04_sd21_lora/generated_images/final/positive/gen_2080.png,gen_2080.png,74.8956,61.0,1.0,0.4623222351074219,0.9889929452535171,0.5105400085449219,118.4292374939291,46.37761541271681,6.221755661962028,725.1494140625,0.0,0.0,False,,-10.015005445957545,True,337.0
positive,/mnt/MammoDiffusion/MammoDiffusion/experiments/diffusers/04_sd21_lora/generated_images/final/positive/gen_2081.png,gen_2081.png,41.8956,28.0,1.0,0.4715003967285156,0.9874191956375757,0.46209716796875,134.39090774006075,49.00648733214333,6.198503228363613,933.7297973632812,0.0,0.0,False,,-11.143556679289674,True,423.0
positive,/mnt/MammoDiffusion/MammoDiffusion/experiments/diffusers/04_sd21_lora/generated_images/final/positive/gen_2082.png,gen_2082.png,108.5824,68.0,4.0,0.2866401672363281,0.8616334624239762,0.22586822509765625,157.3044587062996,40.28082525232029,6.704967767076289,684.2523193359375,0.0,0.0,False,,-82.48401621540515,False,
positive,/mnt/MammoDiffusion/MammoDiffusion/experiments/diffusers/04_sd21_lora/generated_images/final/positive/gen_2083.png,gen_2083.png,44.6868,13.0,3.0,0.5429649353027344,0.9929462184283556,0.5974655151367188,107.78976133621074,57.903279325264684,7.161945302520864,1871.1849365234375,0.0,0.0,False,,-10.906938418909354,True,406.0
positive,/mnt/MammoDiffusion/MammoDiffusion/experiments/diffusers/04_sd21_lora/generated_images/final/positive/gen_2084.png,gen_2084.png,144.6868,113.0,3.0,0.07810211181640625,0.9903291980072286,0.07430648803710938,179.33636223625442,19.08515500511544,4.645582106670798,449.4300842285156,0.0,0.0,True,too_empty,,False,
positive,/mnt/MammoDiffusion/MammoDiffusion/experiments/diffusers/04_sd21_lora/generated_images/final/positive/gen_2085.png,gen_2085.png,41.0,36.0,0.0,0.6706809997558594,0.9975826863464438,0.6669120788574219,116.1339038020443,55.19800737475599,6.662572277622604,1104.7501220703125,0.0,0.0,False,,-7.428764191451972,True,63.0
positive,/mnt/MammoDiffusion/MammoDiffusion/experiments/diffusers/04_sd21_lora/generated_images/final/positive/gen_2086.png,gen_2086.png,52.7912,30.0,2.0,0.3100395202636719,0.9424300215318363,0.34674835205078125,122.4737838016238,65.24805462194172,6.308337985111351,1864.95263671875,0.0,0.0,False,,-38.136084726088995,True,1297.0
positive,/mnt/MammoDiffusion/MammoDiffusion/experiments/diffusers/04_sd21_lora/generated_images/final/positive/gen_2087.png,gen_2087.png,68.7912,46.0,2.0,0.264404296875,0.981677054478301,0.2837371826171875,130.24751277225062,57.53091237875801,5.937227275819011,1313.31005859375,0.0,0.0,False,,-15.417114670092062,True,634.0
positive,/mnt/MammoDiffusion/MammoDiffusion/experiments/diffusers/04_sd21_lora/generated_images/final/positive/gen_2088.png,gen_2088.png,104.7912,82.0,2.0,0.28101348876953125,0.9673119213748541,0.29373931884765625,156.98463676268148,42.92783210449349,5.897791330054545,917.0828247070312,0.0,0.0,False,,-22.58459946473385,True,893.0
positive,/mnt/MammoDiffusion/MammoDiffusion/experiments/diffusers/04_sd21_lora/generated_images/final/positive/gen_2089.png,gen_2089.png,145.6868,114.0,3.0,0.08248519897460938,0.9439485732784535,0.07664108276367188,184.3829077696481,25.25212401138096,4.891239440586851,767.7343139648438,0.0,0.0,True,too_empty,,False,
positive,/mnt/MammoDiffusion/MammoDiffusion/experiments/diffusers/04_sd21_lora/generated_images/final/positive/gen_2090.png,gen_2090.png,220.0,205.0,49.0,0.17712020874023438,0.48874674247808575,0.083465576171875,254.57225776965265,4.586871020827638,6.994250746887026,1427.621826171875,0.0,0.0,True,too_empty,,False,
positive,/mnt/MammoDiffusion/MammoDiffusion/experiments/diffusers/04_sd21_lora/generated_images/final/positive/gen_2091.png,gen_2091.png,202.0,196.0,2.0,0.031047821044921875,0.09718638653397223,0.00269317626953125,213.22946175637395,7.061729758993001,6.214902885179031,857.3775634765625,0.0,0.0,True,too_empty,,False,
positive,/mnt/MammoDiffusion/MammoDiffusion/experiments/diffusers/04_sd21_lora/generated_images/final/positive/gen_2092.png,gen_2092.png,58.8956,45.0,1.0,0.5233650207519531,0.9915960261521753,0.5984649658203125,113.62649473496342,58.44670928823448,6.519711855180165,1195.49951171875,0.0,0.0,False,,-10.415026022690952,True,370.0
positive,/mnt/MammoDiffusion/MammoDiffusion/experiments/diffusers/04_sd21_lora/generated_images/final/positive/gen_2093.png,gen_2093.png,64.6868,33.0,3.0,0.5479888916015625,0.9917021691309553,0.5958480834960938,116.16011728703313,50.966280471850695,7.151998854334238,1305.6788330078125,0.0,0.0,False,,-10.646362909744058,True,386.0
positive,/mnt/MammoDiffusion/MammoDiffusion/experiments/diffusers/04_sd21_lora/generated_images/final/positive/gen_2094.png,gen_2094.png,220.0,230.0,10.0,0.4347381591796875,0.9536520304657611,0.4097404479980469,238.6907299997207,18.507681600847853,6.725499732510467,1908.3831787109375,0.0,0.0,False,,-35.37422967869253,True,1239.0
positive,/mnt/MammoDiffusion/MammoDiffusion/experiments/diffusers/04_sd21_lora/generated_images/final/positive/gen_2095.png,gen_2095.png,83.3736,25.0,6.0,0.39129638671875,0.9590352519107783,0.4548225402832031,129.83371495189928,52.11434398441874,7.391733738836601,2663.748291015625,0.0,0.0,False,,-30.241031101441894,True,1089.0
positive,/mnt/MammoDiffusion/MammoDiffusion/experiments/diffusers/04_sd21_lora/generated_images/final/positive/gen_2096.png,gen_2096.png,67.5824,27.0,4.0,0.5547256469726562,0.9953994691166156,0.551422119140625,144.26561375837068,39.81251432268817,7.063611043247987,883.0036010742188,0.0,0.0,False,,-7.830773893968564,True,102.0
positive,/mnt/MammoDiffusion/MammoDiffusion/experiments/diffusers/04_sd21_lora/generated_images/final/positive/gen_2097.png,gen_2097.png,99.8956,86.0,1.0,0.3433341979980469,0.9773451996044576,0.4032325744628906,137.83848446147297,44.574333978861176,5.907165571915766,644.3294067382812,0.0,0.0,False,,-16.013937021191616,True,656.0
positive,/mnt/MammoDiffusion/MammoDiffusion/experiments/diffusers/04_sd21_lora/generated_images/final/positive/gen_2098.png,gen_2098.png,220.0,254.0,0.0,0.4370002746582031,0.9577415609696482,0.39886474609375,252.05103289977046,18.501121186596265,5.779698906815389,1429.4935302734375,0.0,0.0,False,,-31.967141158879258,True,1139.0
positive,/mnt/MammoDiffusion/MammoDiffusion/experiments/diffusers/04_sd21_lora/generated_images/final/positive/gen_2099.png,gen_2099.png,90.7912,68.0,2.0,0.2817344665527344,0.9118407690745379,0.3094902038574219,140.92880649813264,46.786529992307834,5.75916639616436,551.453125,0.0,0.0,False,,-53.22670742093318,False,
positive,/mnt/MammoDiffusion/MammoDiffusion/experiments/diffusers/04_sd21_lora/generated_images/final/positive/gen_2100.png,gen_2100.png,153.478,104.0,5.0,0.12614059448242188,0.38013729700305443,0.0453948974609375,201.45142857142858,22.004038830404294,6.257283718005883,1594.1859130859375,0.0,0.0,True,too_empty,,False,
positive,/mnt/MammoDiffusion/MammoDiffusion/experiments/diffusers/04_sd21_lora/generated_images/final/positive/gen_2101.png,gen_2101.png,141.478,92.0,5.0,0.1394500732421875,0.8053123974176606,0.108856201171875,191.87370339220632,30.860389496234788,6.291703502850849,1416.7137451171875,0.0,0.0,True,too_empty,,False,
positive,/mnt/MammoDiffusion/MammoDiffusion/experiments/diffusers/04_sd21_lora/generated_images/final/positive/gen_2102.png,gen_2102.png,51.6868,20.0,3.0,0.613922119140625,0.9979619227519014,0.6188545227050781,128.38110941940096,50.52180817388685,7.223145151825834,1244.2896728515625,0.0,0.0,False,,-7.662354580148163,True,84.0
positive,/mnt/MammoDiffusion/MammoDiffusion/experiments/diffusers/04_sd21_lora/generated_images/final/positive/gen_2103.png,gen_2103.png,50.8956,37.0,1.0,0.3336372375488281,0.981042979156424,0.36437225341796875,122.32390753575243,64.14572312924776,5.556298815863514,1488.9501953125,0.0,0.0,False,,-15.291435440710387,True,627.0
positive,/mnt/MammoDiffusion/MammoDiffusion/experiments/diffusers/04_sd21_lora/generated_images/final/positive/gen_2104.png,gen_2104.png,126.7912,104.0,2.0,0.17562484741210938,0.9427659158539499,0.21123886108398438,154.79084424379232,38.03863060962104,5.446910911054424,627.6495361328125,0.0,0.0,False,,-36.446705205423896,True,1264.0
positive,/mnt/MammoDiffusion/MammoDiffusion/experiments/diffusers/04_sd21_lora/generated_images/final/positive/gen_2105.png,gen_2105.png,109.8956,96.0,1.0,0.09508514404296875,0.991414587178047,0.09028244018554688,154.1868001859129,20.687794416200873,3.733501720197427,174.22349548339844,0.0,0.0,True,too_empty,,False,
positive,/mnt/MammoDiffusion/MammoDiffusion/experiments/diffusers/04_sd21_lora/generated_images/final/positive/gen_2106.png,gen_2106.png,77.6868,46.0,3.0,0.38291168212890625,0.9775149933252306,0.4017066955566406,138.21181330421157,47.32955204106678,6.548235652155519,1043.5537109375,0.0,0.0,False,,-16.725354267398416,True,685.0
positive,/mnt/MammoDiffusion/MammoDiffusion/experiments/diffusers/04_sd21_lora/generated_images/final/positive/gen_2107.png,gen_2107.png,124.6868,93.0,3.0,0.37068939208984375,0.9094099244653919,0.3712043762207031,165.25645109907614,39.75479794415433,6.826121438578301,983.2431030273438,0.0,0.0,False,,-55.31790765563676,False,
positive,/mnt/MammoDiffusion/MammoDiffusion/experiments/diffusers/04_sd21_lora/generated_images/final/positive/gen_2108.png,gen_2108.png,75.6868,44.0,3.0,0.5195198059082031,0.9969968205949086,0.518402099609375,153.00466533231295,41.1942532005234,6.855995498288971,1028.8265380859375,0.0,0.0,False,,-6.987432742645609,True,38.0
positive,/mnt/MammoDiffusion/MammoDiffusion/experiments/diffusers/04_sd21_lora/generated_images/final/positive/gen_2109.png,gen_2109.png,114.6868,83.0,3.0,0.1858367919921875,0.7373142294112817,0.14693450927734375,170.22895788981774,44.6496448368698,5.988057991455014,1120.6597900390625,0.0,0.0,True,fragmented_mask,,False,
positive,/mnt/MammoDiffusion/MammoDiffusion/experiments/diffusers/04_sd21_lora/generated_images/final/positive/gen_2110.png,gen_2110.png,220.0,254.0,1.0,0.20184326171875,0.8181130934381615,0.160247802734375,253.14161588268902,15.730960390712815,7.0304539735870755,1576.1812744140625,0.0,0.0,False,,-112.74481457540539,False,
positive,/mnt/MammoDiffusion/MammoDiffusion/experiments/diffusers/04_sd21_lora/generated_images/final/positive/gen_2111.png,gen_2111.png,220.0,250.0,1.0,0.4292106628417969,0.9574190107985602,0.4044342041015625,249.95991322392,13.738849513601284,5.47207580053875,1532.698486328125,0.0,0.0,False,,-32.23019745963507,True,1147.0
positive,/mnt/MammoDiffusion/MammoDiffusion/experiments/diffusers/04_sd21_lora/generated_images/final/positive/gen_2112.png,gen_2112.png,95.6868,64.0,3.0,0.22961807250976562,0.9102553453059326,0.2658958435058594,142.7789047817167,54.11389375465234,6.09435791393314,1455.204833984375,0.0,0.0,False,,-55.66448848978233,False,
positive,/mnt/MammoDiffusion/MammoDiffusion/experiments/diffusers/04_sd21_lora/generated_images/final/positive/gen_2113.png,gen_2113.png,141.5824,101.0,4.0,0.1411285400390625,0.8722024002594875,0.137481689453125,181.76992230854606,34.91972012171763,5.754876657295456,1200.3780517578125,0.0,0.0,False,,-77.61074151002255,False,
positive,/mnt/MammoDiffusion/MammoDiffusion/experiments/diffusers/04_sd21_lora/generated_images/final/positive/gen_2114.png,gen_2114.png,88.7912,66.0,2.0,0.26752471923828125,0.9708683872807643,0.3019905090332031,137.38650918966715,50.62809109132498,5.8265750395323375,1154.2164306640625,0.0,0.0,False,,-20.721118873276467,True,834.0
positive,/mnt/MammoDiffusion/MammoDiffusion/experiments/diffusers/04_sd21_lora/generated_images/final/positive/gen_2115.png,gen_2115.png,128.8956,115.0,1.0,0.138824462890625,0.9416904814244889,0.139434814453125,159.08489275552637,30.510754653635676,3.9207932714725215,274.6103515625,0.0,0.0,False,,-37.12189062022247,True,1273.0
positive,/mnt/MammoDiffusion/MammoDiffusion/experiments/diffusers/04_sd21_lora/generated_images/final/positive/gen_2116.png,gen_2116.png,146.6868,115.0,3.0,0.12075042724609375,0.6519871106337272,0.04540252685546875,173.31129221979498,26.957664024653138,5.572933112867655,763.9840698242188,0.0,0.0,True,too_empty,,False,
positive,/mnt/MammoDiffusion/MammoDiffusion/experiments/diffusers/04_sd21_lora/generated_images/final/positive/gen_2117.png,gen_2117.png,218.0,202.0,12.0,0.037899017333984375,0.13548062405636638,0.002483367919921875,225.7726574500768,4.769390578087119,6.817317577236329,1751.9774169921875,0.0,0.0,True,too_empty,,False,
positive,/mnt/MammoDiffusion/MammoDiffusion/experiments/diffusers/04_sd21_lora/generated_images/final/positive/gen_2118.png,gen_2118.png,117.5824,77.0,4.0,0.2844276428222656,0.9102613967087352,0.2602729797363281,166.5631769482185,41.81264038691844,6.7358366227357,1294.0765380859375,0.0,0.0,False,,-55.99072968171225,False,
positive,/mnt/MammoDiffusion/MammoDiffusion/experiments/diffusers/04_sd21_lora/generated_images/final/positive/gen_2119.png,gen_2119.png,116.7912,94.0,2.0,0.24139404296875,0.8902654867256637,0.27094268798828125,152.9419930729592,43.23098965601439,5.932137959082965,907.2909545898438,0.0,0.0,False,,-65.43691440418401,False,
positive,/mnt/MammoDiffusion/MammoDiffusion/experiments/diffusers/04_sd21_lora/generated_images/final/positive/gen_2120.png,gen_2120.png,94.5824,54.0,4.0,0.3068275451660156,0.7676326880757898,0.24172210693359375,158.63755010573493,48.82756097415886,6.813333975026325,1135.9520263671875,0.0,0.0,False,,-135.44312850553413,False,
positive,/mnt/MammoDiffusion/MammoDiffusion/experiments/diffusers/04_sd21_lora/generated_images/final/positive/gen_2121.png,gen_2121.png,103.7912,81.0,2.0,0.4317970275878906,0.9843718251128604,0.48932647705078125,148.85414815161295,45.905529115718195,6.539992754178805,829.7266845703125,0.0,0.0,False,,-13.518775605962363,True,548.0
positive,/mnt/MammoDiffusion/MammoDiffusion/experiments/diffusers/04_sd21_lora/generated_images/final/positive/gen_2122.png,gen_2122.png,188.0,160.0,5.0,0.049365997314453125,0.5291708523298045,0.027141571044921875,208.52803935347856,16.407423187383568,6.769033708481967,1433.751708984375,0.0,0.0,True,too_empty,,False,
positive,/mnt/MammoDiffusion/MammoDiffusion/experiments/diffusers/04_sd21_lora/generated_images/final/positive/gen_2123.png,gen_2123.png,95.8956,82.0,1.0,0.35434722900390625,0.9927548713532135,0.37432098388671875,144.3720216864032,42.70211497054454,5.82840726566342,619.6890869140625,0.0,0.0,False,,-7.6641364919179615,True,86.0
positive,/mnt/MammoDiffusion/MammoDiffusion/experiments/diffusers/04_sd21_lora/generated_images/final/positive/gen_2124.png,gen_2124.png,101.5824,61.0,4.0,0.20999908447265625,0.9347138964577657,0.24347686767578125,151.87863879923543,53.76407812391624,6.3042925403149885,1724.626220703125,0.0,0.0,False,,-43.027421658307176,False,
positive,/mnt/MammoDiffusion/MammoDiffusion/experiments/diffusers/04_sd21_lora/generated_images/final/positive/gen_2125.png,gen_2125.png,52.0,47.0,0.0,0.6163711547851562,0.993984329549815,0.6142463684082031,128.86321659907713,41.6109918423013,6.102797186366851,420.6145324707031,0.0,0.0,False,,-8.183009840553998,True,131.0
positive,/mnt/MammoDiffusion/MammoDiffusion/experiments/diffusers/04_sd21_lora/generated_images/final/positive/gen_2126.png,gen_2126.png,140.5824,100.0,4.0,0.16989898681640625,0.4211459876959001,0.069000244140625,195.7986510393631,25.57562509108038,6.191505727132182,1405.7960205078125,0.0,0.0,True,too_empty,,False,
positive,/mnt/MammoDiffusion/MammoDiffusion/experiments/diffusers/04_sd21_lora/generated_images/final/positive/gen_2127.png,gen_2127.png,78.6868,47.0,3.0,0.3392143249511719,0.8888026719746297,0.2893714904785156,137.45328710600208,53.939937800996304,6.487682383982811,916.2285766601562,0.0,0.0,False,,-66.96617351967619,False,
positive,/mnt/MammoDiffusion/MammoDiffusion/experiments/diffusers/04_sd21_lora/generated_images/final/positive/gen_2128.png,gen_2128.png,170.7912,148.0,2.0,0.09869766235351562,0.7418544428554864,0.07317352294921875,196.93295798144092,15.652492135747782,7.229165489959614,976.856689453125,0.0,0.0,True,too_empty,,False,
positive,/mnt/MammoDiffusion/MammoDiffusion/experiments/diffusers/04_sd21_lora/generated_images/final/positive/gen_2129.png,gen_2129.png,59.5824,19.0,4.0,0.350189208984375,0.9737581699346405,0.3832740783691406,126.61514038597434,61.78108427548213,6.810569807220943,2257.942138671875,0.0,0.0,False,,-21.35590718052846,True,859.0
positive,/mnt/MammoDiffusion/MammoDiffusion/experiments/diffusers/04_sd21_lora/generated_images/final/positive/gen_2130.png,gen_2130.png,84.7912,62.0,2.0,0.3204689025878906,0.9342332369150924,0.36661529541015625,138.5522860175223,56.90041210048283,6.377309993883793,1280.0355224609375,0.0,0.0,False,,-41.802612704468004,False,
positive,/mnt/MammoDiffusion/MammoDiffusion/experiments/diffusers/04_sd21_lora/generated_images/final/positive/gen_2131.png,gen_2131.png,40.6868,9.0,3.0,0.5790977478027344,0.9888345069726693,0.5835800170898438,116.66674510726752,52.19097837092382,7.114817698994532,1440.736328125,0.0,0.0,False,,-12.387536834092014,True,489.0
positive,/mnt/MammoDiffusion/MammoDiffusion/experiments/diffusers/04_sd21_lora/generated_images/final/positive/gen_2132.png,gen_2132.png,138.8956,125.0,1.0,0.12249374389648438,0.9681106162997104,0.11927032470703125,163.59172903473421,16.60513629675391,3.9444868764897447,181.55386352539062,0.0,0.0,True,too_empty,,False,
positive,/mnt/MammoDiffusion/MammoDiffusion/experiments/diffusers/04_sd21_lora/generated_images/final/positive/gen_2133.png,gen_2133.png,143.6868,112.0,3.0,0.0764312744140625,0.980335396286684,0.06952285766601562,187.6476817558299,19.870235772633336,4.721623440308561,525.6679077148438,0.0,0.0,True,too_empty,,False,
positive,/mnt/MammoDiffusion/MammoDiffusion/experiments/diffusers/04_sd21_lora/generated_images/final/positive/gen_2134.png,gen_2134.png,71.6868,40.0,3.0,0.3977394104003906,0.9797918764686137,0.4350738525390625,130.3388015992705,55.30887730752375,6.690588979746279,1510.4847412109375,0.0,0.0,False,,-16.71274246462452,True,683.0
positive,/mnt/MammoDiffusion/MammoDiffusion/experiments/diffusers/04_sd21_lora/generated_images/final/positive/gen_2135.png,gen_2135.png,33.8956,20.0,1.0,0.4593925476074219,0.9853355144610428,0.467254638671875,111.16403239501012,57.377266213339084,6.301922484843107,1416.0892333984375,0.0,0.0,False,,-12.912688246902597,True,525.0
positive,/mnt/MammoDiffusion/MammoDiffusion/experiments/diffusers/04_sd21_lora/generated_images/final/positive/gen_2136.png,gen_2136.png,113.0,107.0,1.0,0.045623779296875,0.8872909698996656,0.0363616943359375,168.90421737305917,17.372790302469543,3.6545773784541837,160.447509765625,0.0,0.0,True,too_empty,,False,
positive,/mnt/MammoDiffusion/MammoDiffusion/experiments/diffusers/04_sd21_lora/generated_images/final/positive/gen_2137.png,gen_2137.png,86.8956,73.0,1.0,0.2556495666503906,0.9385976692481012,0.2860260009765625,134.5126300346759,48.45167631611439,5.361076954684428,771.7056884765625,0.0,0.0,False,,-37.78656173383668,True,1288.0
positive,/mnt/MammoDiffusion/MammoDiffusion/experiments/diffusers/04_sd21_lora/generated_images/final/positive/gen_2138.png,gen_2138.png,31.8956,18.0,1.0,0.6999626159667969,0.9973459188734053,0.7013206481933594,112.99118832507466,48.75311909297972,7.015189596588327,1086.24658203125,0.0,0.0,False,,-7.565792622508217,True,71.0
positive,/mnt/MammoDiffusion/MammoDiffusion/experiments/diffusers/04_sd21_lora/generated_images/final/positive/gen_2139.png,gen_2139.png,102.6868,71.0,3.0,0.18015670776367188,0.9202363055032079,0.20669937133789062,152.69353142013472,55.927200400428994,5.830213130876945,1107.759033203125,0.0,0.0,False,,-50.2646228457976,False,
positive,/mnt/MammoDiffusion/MammoDiffusion/experiments/diffusers/04_sd21_lora/generated_images/final/positive/gen_2140.png,gen_2140.png,113.5824,73.0,4.0,0.21920394897460938,0.8866052938412544,0.24164199829101562,155.36053358591838,47.70277151815497,6.385519440350087,1440.5633544921875,0.0,0.0,False,,-69.15995303337957,False,
positive,/mnt/MammoDiffusion/MammoDiffusion/experiments/diffusers/04_sd21_lora/generated_images/final/positive/gen_2141.png,gen_2141.png,100.6868,69.0,3.0,0.29564666748046875,0.9821682021109133,0.34761810302734375,147.87328534117594,49.24500186380888,6.448773030984398,1246.255126953125,0.0,0.0,False,,-15.088553966838703,True,615.0
positive,/mnt/MammoDiffusion/MammoDiffusion/experiments/diffusers/04_sd21_lora/generated_images/final/positive/gen_2142.png,gen_2142.png,98.8956,85.0,1.0,0.2718467712402344,0.9174466413145672,0.2963829040527344,150.93045884548556,48.287732599734134,5.319732269506955,542.2599487304688,0.0,0.0,False,,-50.19244210017532,False,
positive,/mnt/MammoDiffusion/MammoDiffusion/experiments/diffusers/04_sd21_lora/generated_images/final/positive/gen_2143.png,gen_2143.png,215.0,192.0,12.0,0.0480804443359375,0.16058394160583941,0.0047607421875,225.08092948717947,9.917804265246714,7.441423441087849,2582.643798828125,0.0,0.0,True,too_empty,,False,
positive,/mnt/MammoDiffusion/MammoDiffusion/experiments/diffusers/04_sd21_lora/generated_images/final/positive/gen_2144.png,gen_2144.png,82.5824,42.0,4.0,0.257415771484375,0.9760373443983402,0.3156089782714844,138.0216474285369,60.92029872905772,6.496488624062538,2033.6085205078125,0.0,0.0,False,,-20.24864868219236,True,819.0
positive,/mnt/MammoDiffusion/MammoDiffusion/experiments/diffusers/04_sd21_lora/generated_images/final/positive/gen_2145.png,gen_2145.png,72.0,67.0,0.0,0.6667098999023438,0.9877441724741667,0.6996650695800781,123.16624775779252,46.31541571721032,6.597303499396045,650.433837890625,0.0,0.0,False,,-12.58604087379016,True,505.0
positive,/mnt/MammoDiffusion/MammoDiffusion/experiments/diffusers/04_sd21_lora/generated_images/final/positive/gen_2146.png,gen_2146.png,109.7912,87.0,2.0,0.207977294921875,0.9712032281731474,0.23583221435546875,145.27158616673677,40.3668872810256,5.437311867323638,631.765869140625,0.0,0.0,False,,-20.026582410600472,True,814.0
positive,/mnt/MammoDiffusion/MammoDiffusion/experiments/diffusers/04_sd21_lora/generated_images/final/positive/gen_2147.png,gen_2147.png,135.7912,113.0,2.0,0.12862396240234375,0.8780176760187437,0.14380264282226562,163.8705732551662,35.99697632226199,5.085464230928852,610.2281494140625,0.0,0.0,False,,-72.93886089430065,False,
positive,/mnt/MammoDiffusion/MammoDiffusion/experiments/diffusers/04_sd21_lora/generated_images/final/positive/gen_2148.png,gen_2148.png,220.0,219.0,35.0,0.32421112060546875,0.960430638898694,0.2892265319824219,252.21287540062517,21.034516057178248,6.405274792596642,1718.9088134765625,0.0,0.0,False,,-32.01227724765911,True,1140.0
positive,/mnt/MammoDiffusion/MammoDiffusion/experiments/diffusers/04_sd21_lora/generated_images/final/positive/gen_2149.png,gen_2149.png,73.6868,42.0,3.0,0.3017616271972656,0.9650085329625182,0.3437690734863281,132.42161856253537,57.35125273827073,6.469171674467227,1776.3564453125,0.0,0.0,False,,-25.4154714957412,True,980.0
positive,/mnt/MammoDiffusion/MammoDiffusion/experiments/diffusers/04_sd21_lora/generated_images/final/positive/gen_2150.png,gen_2150.png,89.6868,58.0,3.0,0.22772979736328125,0.9794130456631713,0.24972152709960938,153.4747261812016,54.04369176701041,5.972305137529447,1061.2330322265625,0.0,0.0,False,,-17.091059601249217,True,693.0
positive,/mnt/MammoDiffusion/MammoDiffusion/experiments/diffusers/04_sd21_lora/generated_images/final/positive/gen_2151.png,gen_2151.png,158.0,113.0,5.0,0.049556732177734375,0.9145562312370102,0.039638519287109375,193.4355692426138,19.93784638733344,5.502581756140609,1513.0364990234375,0.0,0.0,True,too_empty,,False,
positive,/mnt/MammoDiffusion/MammoDiffusion/experiments/diffusers/04_sd21_lora/generated_images/final/positive/gen_2152.png,gen_2152.png,93.6868,62.0,3.0,0.29647064208984375,0.9156952057438431,0.335113525390625,143.04903924961297,52.67055188627112,6.445398897889768,1274.19580078125,0.0,0.0,False,,-52.20662047861754,False,
positive,/mnt/MammoDiffusion/MammoDiffusion/experiments/diffusers/04_sd21_lora/generated_images/final/positive/gen_2153.png,gen_2153.png,138.7912,116.0,2.0,0.15765762329101562,0.9437682982893368,0.18418121337890625,169.72250528147134,37.11792674167638,5.351181948024733,562.87939453125,0.0,0.0,False,,-36.57927606047951,True,1266.0
positive,/mnt/MammoDiffusion/MammoDiffusion/experiments/diffusers/04_sd21_lora/generated_images/final/positive/gen_2154.png,gen_2154.png,126.8956,113.0,1.0,0.16703414916992188,0.86537100052527,0.16154861450195312,170.05305910411107,41.82933658950527,4.754233952587828,592.5707397460938,0.0,0.0,False,,-79.52496151910472,False,
positive,/mnt/MammoDiffusion/MammoDiffusion/experiments/diffusers/04_sd21_lora/generated_images/final/positive/gen_2155.png,gen_2155.png,136.0,130.0,2.0,0.033084869384765625,0.40689496137438025,0.010532379150390625,180.22890257153205,17.07122660575355,3.6676504430356203,220.8451690673828,0.0,0.0,True,too_empty,,False,
positive,/mnt/MammoDiffusion/MammoDiffusion/experiments/diffusers/04_sd21_lora/generated_images/final/positive/gen_2156.png,gen_2156.png,46.6868,15.0,3.0,0.6179733276367188,0.995086359090853,0.6359062194824219,115.7981931505288,53.72082157153425,7.336396151296614,1726.5111083984375,0.0,0.0,False,,-9.920916971938619,True,326.0
positive,/mnt/MammoDiffusion/MammoDiffusion/experiments/diffusers/04_sd21_lora/generated_images/final/positive/gen_2157.png,gen_2157.png,198.8956,185.0,1.0,0.05258941650390625,0.6112723052371971,0.029918670654296875,217.87224276424837,12.856250652115143,6.6510098240858175,1184.94287109375,0.0,0.0,True,too_empty,,False,
positive,/mnt/MammoDiffusion/MammoDiffusion/experiments/diffusers/04_sd21_lora/generated_images/final/positive/gen_2158.png,gen_2158.png,220.0,247.0,7.0,0.3476905822753906,0.9564540018651599,0.3302955627441406,251.75015302881562,21.465993809487024,6.088491555793503,2049.03515625,0.0,0.0,False,,-33.99319889759054,True,1197.0
positive,/mnt/MammoDiffusion/MammoDiffusion/experiments/diffusers/04_sd21_lora/generated_images/final/positive/gen_2159.png,gen_2159.png,63.7912,41.0,2.0,0.3558197021484375,0.9973305030232857,0.3656044006347656,135.46984067361566,51.328065722397504,6.13373069041236,944.1053466796875,0.0,0.0,False,,-5.6341732359644165,True,6.0
positive,/mnt/MammoDiffusion/MammoDiffusion/experiments/diffusers/04_sd21_lora/generated_images/final/positive/gen_2160.png,gen_2160.png,80.7912,58.0,2.0,0.18408966064453125,0.9725226905383564,0.2046966552734375,145.47664927320164,58.139534198797435,5.450846751080192,1036.911865234375,0.0,0.0,False,,-20.7215238953047,True,835.0
positive,/mnt/MammoDiffusion/MammoDiffusion/experiments/diffusers/04_sd21_lora/generated_images/final/positive/gen_2161.png,gen_2161.png,89.6868,58.0,3.0,0.21088027954101562,0.9481557858938876,0.23394012451171875,150.20413853830348,54.957240331379424,5.879821344807922,1099.1484375,0.0,0.0,False,,-34.472772245961195,True,1211.0
positive,/mnt/MammoDiffusion/MammoDiffusion/experiments/diffusers/04_sd21_lora/generated_images/final/positive/gen_2162.png,gen_2162.png,39.0,34.0,0.0,0.4880180358886719,0.9952318046446913,0.5096054077148438,112.52589265663597,60.91841594896754,5.814024285183662,1220.1297607421875,0.0,0.0,False,,-7.273049907259779,True,57.0
positive,/mnt/MammoDiffusion/MammoDiffusion/experiments/diffusers/04_sd21_lora/generated_images/final/positive/gen_2163.png,gen_2163.png,61.7912,39.0,2.0,0.33446502685546875,0.9868267980565251,0.3628578186035156,123.12093018366082,55.17483486150434,6.280707155742947,1524.224365234375,0.0,0.0,False,,-12.23838876707958,True,483.0
positive,/mnt/MammoDiffusion/MammoDiffusion/experiments/diffusers/04_sd21_lora/generated_images/final/positive/gen_2164.png,gen_2164.png,53.7912,31.0,2.0,0.5159034729003906,0.9952159478264727,0.5149154663085938,127.91534426812464,49.484624978083986,6.706030783444303,995.3864135742188,0.0,0.0,False,,-7.582599682428961,True,72.0
positive,/mnt/MammoDiffusion/MammoDiffusion/experiments/diffusers/04_sd21_lora/generated_images/final/positive/gen_2165.png,gen_2165.png,42.7912,20.0,2.0,0.6199913024902344,0.9907523057707335,0.6641349792480469,100.89450255314505,55.74103824971738,7.062450596775268,1832.1781005859375,0.0,0.0,False,,-12.065204693522137,True,471.0
positive,/mnt/MammoDiffusion/MammoDiffusion/experiments/diffusers/04_sd21_lora/generated_images/final/positive/gen_2166.png,gen_2166.png,95.6868,64.0,3.0,0.2588615417480469,0.9620978794264577,0.2959556579589844,148.60018302978744,56.12390485846832,6.196660796999784,1223.129638671875,0.0,0.0,False,,-26.81171403377376,True,1011.0
positive,/mnt/MammoDiffusion/MammoDiffusion/experiments/diffusers/04_sd21_lora/generated_images/final/positive/gen_2167.png,gen_2167.png,97.47800000000001,48.0,5.0,0.244171142578125,0.9076677915260593,0.2884521484375,142.30113997037665,53.206294032608454,6.687265104934449,2036.8616943359375,0.0,0.0,False,,-58.17102417582824,False,
positive,/mnt/MammoDiffusion/MammoDiffusion/experiments/diffusers/04_sd21_lora/generated_images/final/positive/gen_2168.png,gen_2168.png,61.5824,21.0,4.0,0.48308563232421875,0.9967624251804356,0.4936714172363281,135.9105576719495,49.1126056118963,7.069668182103952,1631.91552734375,0.0,0.0,False,,-7.941003415409726,True,112.0
positive,/mnt/MammoDiffusion/MammoDiffusion/experiments/diffusers/04_sd21_lora/generated_images/final/positive/gen_2169.png,gen_2169.png,91.47800000000001,42.0,5.0,0.22322845458984375,0.9363614614306709,0.24209213256835938,148.67037486409404,55.64151522725005,6.5796584352469125,2156.649658203125,0.0,0.0,False,,-42.95995346998957,False,
positive,/mnt/MammoDiffusion/MammoDiffusion/experiments/diffusers/04_sd21_lora/generated_images/final/positive/gen_2170.png,gen_2170.png,117.6868,86.0,3.0,0.15046310424804688,0.754379737849555,0.12177658081054688,167.32835259844,39.4323980802417,5.663239059959622,816.1806030273438,0.0,0.0,True,too_empty,,False,
positive,/mnt/MammoDiffusion/MammoDiffusion/experiments/diffusers/04_sd21_lora/generated_images/final/positive/gen_2171.png,gen_2171.png,10.0,0.0,0.0,0.6224899291992188,0.9961147675601476,0.64056396484375,93.5113149118628,66.19766040864508,6.260091459239053,2206.929443359375,0.0,0.0,False,,-9.112608581070415,True,255.0
positive,/mnt/MammoDiffusion/MammoDiffusion/experiments/diffusers/04_sd21_lora/generated_images/final/positive/gen_2172.png,gen_2172.png,71.6868,40.0,3.0,0.357879638671875,0.9937750490321481,0.3734092712402344,142.80740036981416,51.88409899236601,6.5872119885807505,1438.576416015625,0.0,0.0,False,,-8.874960490785012,True,229.0
positive,/mnt/MammoDiffusion/MammoDiffusion/experiments/diffusers/04_sd21_lora/generated_images/final/positive/gen_2173.png,gen_2173.png,72.6868,41.0,3.0,0.2890663146972656,0.9661506789659131,0.3090171813964844,134.25821225326206,53.047542813401016,6.277289354928451,1418.5098876953125,0.0,0.0,False,,-24.138053962128694,True,938.0
positive,/mnt/MammoDiffusion/MammoDiffusion/experiments/diffusers/04_sd21_lora/generated_images/final/positive/gen_2174.png,gen_2174.png,60.7912,38.0,2.0,0.449920654296875,0.9933782133894051,0.462921142578125,137.79263629771245,54.917919045197735,6.712789040580739,1305.37548828125,0.0,0.0,False,,-9.32627639928946,True,274.0
positive,/mnt/MammoDiffusion/MammoDiffusion/experiments/diffusers/04_sd21_lora/generated_images/final/positive/gen_2175.png,gen_2175.png,119.7912,97.0,2.0,0.16683578491210938,0.9599176860637934,0.18070602416992188,162.06674969918305,40.21710280823068,5.149656544357579,496.83349609375,0.0,0.0,False,,-27.066035213759115,True,1019.0
positive,/mnt/MammoDiffusion/MammoDiffusion/experiments/diffusers/04_sd21_lora/generated_images/final/positive/gen_2176.png,gen_2176.png,114.8956,101.0,1.0,0.2536659240722656,0.7826819255003985,0.21294784545898438,162.74677104419325,41.261759505763116,5.963218940122305,682.3421630859375,0.0,0.0,False,,-125.90763355173056,False,
positive,/mnt/MammoDiffusion/MammoDiffusion/experiments/diffusers/04_sd21_lora/generated_images/final/positive/gen_2177.png,gen_2177.png,129.478,80.0,5.0,0.13497543334960938,0.8455472967244156,0.10768508911132812,181.63335576889014,37.28080588044088,6.257360809386257,1559.82861328125,0.0,0.0,True,too_empty,,False,
positive,/mnt/MammoDiffusion/MammoDiffusion/experiments/diffusers/04_sd21_lora/generated_images/final/positive/gen_2178.png,gen_2178.png,27.8956,14.0,1.0,0.5667610168457031,0.9970721463522982,0.5623626708984375,127.23332654999322,48.52536447676796,6.668604275683009,1229.4351806640625,0.0,0.0,False,,-7.0347378514459376,True,39.0
positive,/mnt/MammoDiffusion/MammoDiffusion/experiments/diffusers/04_sd21_lora/generated_images/final/positive/gen_2179.png,gen_2179.png,100.6868,69.0,3.0,0.3200798034667969,0.9686796095677357,0.34653472900390625,147.99698377402524,45.85458246725436,6.508487816938565,1288.419921875,0.0,0.0,False,,-22.460358345642575,True,890.0
positive,/mnt/MammoDiffusion/MammoDiffusion/experiments/diffusers/04_sd21_lora/generated_images/final/positive/gen_2180.png,gen_2180.png,75.5824,35.0,4.0,0.4154930114746094,0.9822895913476988,0.4792327880859375,131.3926672397873,58.61888654969669,7.077756769122122,1867.5010986328125,0.0,0.0,False,,-16.71081899521986,True,682.0
positive,/mnt/MammoDiffusion/MammoDiffusion/experiments/diffusers/04_sd21_lora/generated_images/final/positive/gen_2181.png,gen_2181.png,80.6868,49.0,3.0,0.20883941650390625,0.9694406897307566,0.23635482788085938,133.95948933972466,55.11093887042651,5.803527319660027,1027.8126220703125,0.0,0.0,False,,-21.98984015849161,True,879.0
positive,/mnt/MammoDiffusion/MammoDiffusion/experiments/diffusers/04_sd21_lora/generated_images/final/positive/gen_2182.png,gen_2182.png,89.8956,76.0,1.0,0.3260078430175781,0.9173307122547126,0.37735748291015625,141.69800448838478,56.35535614233647,5.895155462791963,909.8534545898438,0.0,0.0,False,,-50.24166897961562,False,
positive,/mnt/MammoDiffusion/MammoDiffusion/experiments/diffusers/04_sd21_lora/generated_images/final/positive/gen_2183.png,gen_2183.png,83.7912,61.0,2.0,0.1905670166015625,0.8890823925054048,0.18062210083007812,159.63836617457602,59.37693605838891,5.65372853184449,1131.54638671875,0.0,0.0,False,,-68.04940807276841,False,
positive,/mnt/MammoDiffusion/MammoDiffusion/experiments/diffusers/04_sd21_lora/generated_images/final/positive/gen_2184.png,gen_2184.png,113.6868,82.0,3.0,0.097564697265625,0.9670785111041601,0.09099197387695312,188.8553221816962,27.72165804519313,5.111805788783806,895.05126953125,0.0,0.0,True,too_empty,,False,
positive,/mnt/MammoDiffusion/MammoDiffusion/experiments/diffusers/04_sd21_lora/generated_images/final/positive/gen_2185.png,gen_2185.png,37.6868,6.0,3.0,0.7262802124023438,0.997137454698251,0.7415657043457031,110.62834302998503,53.394579999745716,7.455625107974317,1718.0614013671875,0.0,0.0,False,,-9.420618364856047,True,285.0
positive,/mnt/MammoDiffusion/MammoDiffusion/experiments/diffusers/04_sd21_lora/generated_images/final/positive/gen_2186.png,gen_2186.png,69.7912,47.0,2.0,0.24335098266601562,0.9474393742260122,0.3144645690917969,110.56975799114454,57.23483409675862,5.668317133554812,1104.031005859375,0.0,0.0,False,,-33.07504528413059,True,1168.0
positive,/mnt/MammoDiffusion/MammoDiffusion/experiments/diffusers/04_sd21_lora/generated_images/final/positive/gen_2187.png,gen_2187.png,104.7912,82.0,2.0,0.29103851318359375,0.9316066794243322,0.3103218078613281,143.91436895352126,41.50365540251419,6.13723042521323,745.3349609375,0.0,0.0,False,,-42.098261469311424,False,
positive,/mnt/MammoDiffusion/MammoDiffusion/experiments/diffusers/04_sd21_lora/generated_images/final/positive/gen_2188.png,gen_2188.png,80.5824,40.0,4.0,0.3333282470703125,0.9480315861753261,0.3755378723144531,138.76892681192544,53.867242519174965,6.79309844576378,1706.7015380859375,0.0,0.0,False,,-34.80875674850565,True,1220.0
positive,/mnt/MammoDiffusion/MammoDiffusion/experiments/diffusers/04_sd21_lora/generated_images/final/positive/gen_2189.png,gen_2189.png,220.0,230.0,2.0,0.4094123840332031,0.9600093174935942,0.38835906982421875,230.66336954599925,16.335728437723706,6.297888852936442,1479.9713134765625,0.0,0.0,False,,-30.851023308343606,True,1101.0
positive,/mnt/MammoDiffusion/MammoDiffusion/experiments/diffusers/04_sd21_lora/generated_images/final/positive/gen_2190.png,gen_2190.png,78.47800000000001,29.0,5.0,0.4150428771972656,0.9273536088822713,0.3619537353515625,141.8865983727499,50.92761363790039,7.1492480048050275,1178.407470703125,0.0,0.0,False,,-45.96941301231716,False,
positive,/mnt/MammoDiffusion/MammoDiffusion/experiments/diffusers/04_sd21_lora/generated_images/final/positive/gen_2191.png,gen_2191.png,220.0,178.0,71.0,0.11832809448242188,0.454624584931816,0.050487518310546875,252.18005289006422,5.832933697910029,7.420485801649823,1884.885986328125,0.0,0.0,True,too_empty,,False,
positive,/mnt/MammoDiffusion/MammoDiffusion/experiments/diffusers/04_sd21_lora/generated_images/final/positive/gen_2192.png,gen_2192.png,102.7912,80.0,2.0,0.20528030395507812,0.9300354932822924,0.23653411865234375,138.66951585330452,45.34568378162611,5.740294794844763,973.838134765625,0.0,0.0,False,,-43.19339656298713,False,
positive,/mnt/MammoDiffusion/MammoDiffusion/experiments/diffusers/04_sd21_lora/generated_images/final/positive/gen_2193.png,gen_2193.png,136.8956,123.0,1.0,0.11995697021484375,0.59075876105069,0.06897735595703125,186.6821148103086,24.571069623542108,6.281051539922869,535.282958984375,0.0,0.0,True,too_empty,,False,
positive,/mnt/MammoDiffusion/MammoDiffusion/experiments/diffusers/04_sd21_lora/generated_images/final/positive/gen_2194.png,gen_2194.png,71.7912,49.0,2.0,0.4115867614746094,0.9865424718476297,0.4385108947753906,126.3572242568702,46.550822246373784,6.182976076925799,661.8015747070312,0.0,0.0,False,,-11.184172830809889,True,425.0
positive,/mnt/MammoDiffusion/MammoDiffusion/experiments/diffusers/04_sd21_lora/generated_images/final/positive/gen_2195.png,gen_2195.png,220.0,74.0,19.0,0.08079147338867188,0.6109353604986071,0.04734039306640625,254.413698630137,2.187284166543447,6.9804766574966575,1211.1346435546875,0.0,0.0,True,too_empty,,False,
positive,/mnt/MammoDiffusion/MammoDiffusion/experiments/diffusers/04_sd21_lora/generated_images/final/positive/gen_2196.png,gen_2196.png,212.0,205.0,2.0,0.0481109619140625,0.6084681255946718,0.028270721435546875,224.10983672918636,7.210303435442132,6.483135855405084,1512.3643798828125,0.0,0.0,True,too_empty,,False,
positive,/mnt/MammoDiffusion/MammoDiffusion/experiments/diffusers/04_sd21_lora/generated_images/final/positive/gen_2197.png,gen_2197.png,37.6868,6.0,3.0,0.6216392517089844,0.9799151933922029,0.6631851196289062,104.36284153005464,57.794427670420085,7.379450272323272,2420.31787109375,0.0,0.0,False,,-19.363657652258386,True,786.0
positive,/mnt/MammoDiffusion/MammoDiffusion/experiments/diffusers/04_sd21_lora/generated_images/final/positive/gen_2198.png,gen_2198.png,62.6868,31.0,3.0,0.4438362121582031,0.9803436213461224,0.4907684326171875,120.60322420172248,53.62449763922027,6.860160850684929,1548.4111328125,0.0,0.0,False,,-16.579348676511007,True,674.0
positive,/mnt/MammoDiffusion/MammoDiffusion/experiments/diffusers/04_sd21_lora/generated_images/final/positive/gen_2199.png,gen_2199.png,77.7912,55.0,2.0,0.3152732849121094,0.9817053250571709,0.35345458984375,137.65829519944742,56.608163745952254,6.15585755260064,1267.94775390625,0.0,0.0,False,,-15.252124640588912,True,626.0
positive,/mnt/MammoDiffusion/MammoDiffusion/experiments/diffusers/04_sd21_lora/generated_images/final/positive/gen_2200.png,gen_2200.png,153.6868,122.0,3.0,0.05611419677734375,0.973011556764106,0.051311492919921875,189.35737119916735,20.334437300306476,4.9875018315011035,822.6567993164062,0.0,0.0,True,too_empty,,False,
positive,/mnt/MammoDiffusion/MammoDiffusion/experiments/diffusers/04_sd21_lora/generated_images/final/positive/gen_2201.png,gen_2201.png,109.7912,87.0,2.0,0.23579788208007812,0.9114587546309029,0.3032951354980469,142.43511892034664,44.87914380203707,5.7111983818084315,891.7515869140625,0.0,0.0,False,,-53.01002705037486,False,
positive,/mnt/MammoDiffusion/MammoDiffusion/experiments/diffusers/04_sd21_lora/generated_images/final/positive/gen_2202.png,gen_2202.png,129.5824,89.0,4.0,0.12610626220703125,0.8927642325609535,0.11905288696289062,166.32317600692107,31.444059957691586,5.555512752539983,1095.1939697265625,0.0,0.0,True,too_empty,,False,
positive,/mnt/MammoDiffusion/MammoDiffusion/experiments/diffusers/04_sd21_lora/generated_images/final/positive/gen_2203.png,gen_2203.png,63.5824,23.0,4.0,0.36995697021484375,0.9751087830731476,0.4118614196777344,124.6337492011448,59.782738864888536,6.908725857748641,2132.977783203125,0.0,0.0,False,,-20.279682316123413,True,821.0
positive,/mnt/MammoDiffusion/MammoDiffusion/experiments/diffusers/04_sd21_lora/generated_images/final/positive/gen_2204.png,gen_2204.png,114.5824,74.0,4.0,0.24017333984375,0.9147554002541296,0.26366424560546875,162.6889956306606,49.10808213092631,6.518371798728287,1528.2086181640625,0.0,0.0,False,,-53.9435047081361,False,
positive,/mnt/MammoDiffusion/MammoDiffusion/experiments/diffusers/04_sd21_lora/generated_images/final/positive/gen_2205.png,gen_2205.png,66.6868,35.0,3.0,0.5335006713867188,0.9915054270882492,0.5464553833007812,139.04133333333334,50.658348237781475,7.157945258937347,1602.2764892578125,0.0,0.0,False,,-11.47107509874383,True,447.0
positive,/mnt/MammoDiffusion/MammoDiffusion/experiments/diffusers/04_sd21_lora/generated_images/final/positive/gen_2206.png,gen_2206.png,121.7912,99.0,2.0,0.21200180053710938,0.91323436797121,0.23509979248046875,156.7164854778517,43.173290797729116,5.564643462521721,864.60546875,0.0,0.0,False,,-52.62204348851329,False,
positive,/mnt/MammoDiffusion/MammoDiffusion/experiments/diffusers/04_sd21_lora/generated_images/final/positive/gen_2207.png,gen_2207.png,114.5824,74.0,4.0,0.20488357543945312,0.8737827924556406,0.2222137451171875,156.3463228730344,49.271684036628855,6.434180813634716,1720.2362060546875,0.0,0.0,False,,-76.94378523513664,False,
positive,/mnt/MammoDiffusion/MammoDiffusion/experiments/diffusers/04_sd21_lora/generated_images/final/positive/gen_2208.png,gen_2208.png,114.5824,74.0,4.0,0.22745895385742188,0.7307595552350445,0.19983291625976562,160.5365658108237,46.74199617595628,6.478479793995364,615.7373657226562,0.0,0.0,True,fragmented_mask,,False,
positive,/mnt/MammoDiffusion/MammoDiffusion/experiments/diffusers/04_sd21_lora/generated_images/final/positive/gen_2209.png,gen_2209.png,52.5824,12.0,4.0,0.4097709655761719,0.9717740809354025,0.4528236389160156,111.64088286087359,56.28389697076371,6.9568524149467,1800.302490234375,0.0,0.0,False,,-21.40107355028192,True,860.0
positive,/mnt/MammoDiffusion/MammoDiffusion/experiments/diffusers/04_sd21_lora/generated_images/final/positive/gen_2210.png,gen_2210.png,96.6868,65.0,3.0,0.21725845336914062,0.9353853177181185,0.24161529541015625,149.34132748113296,53.548199821709964,6.071351105840682,1257.67529296875,0.0,0.0,False,,-41.76975361313138,False,
positive,/mnt/MammoDiffusion/MammoDiffusion/experiments/diffusers/04_sd21_lora/generated_images/final/positive/gen_2211.png,gen_2211.png,112.5824,72.0,4.0,0.354888916015625,0.9229834895519821,0.3920555114746094,154.7750814886889,47.65699802036668,6.987490450091727,1271.9315185546875,0.0,0.0,False,,-48.311541418362594,False,
positive,/mnt/MammoDiffusion/MammoDiffusion/experiments/diffusers/04_sd21_lora/generated_images/final/positive/gen_2212.png,gen_2212.png,85.6868,54.0,3.0,0.16039657592773438,0.9245368278355174,0.18017959594726562,131.75874917959902,54.362795454887774,5.84110318408806,1554.553955078125,0.0,0.0,False,,-47.866594867679105,False,
positive,/mnt/MammoDiffusion/MammoDiffusion/experiments/diffusers/04_sd21_lora/generated_images/final/positive/gen_2213.png,gen_2213.png,115.7912,93.0,2.0,0.11811447143554688,0.9692213286826212,0.11722564697265625,154.473413602343,31.925547325676852,4.88695171699581,546.2261962890625,0.0,0.0,True,too_empty,,False,
positive,/mnt/MammoDiffusion/MammoDiffusion/experiments/diffusers/04_sd21_lora/generated_images/final/positive/gen_2214.png,gen_2214.png,220.0,253.0,1.0,0.31856536865234375,0.9009220452640402,0.28076171875,252.3419293478261,16.879540856862388,6.340557998209527,1365.2119140625,0.0,0.0,False,,-64.9085635365508,False,
positive,/mnt/MammoDiffusion/MammoDiffusion/experiments/diffusers/04_sd21_lora/generated_images/final/positive/gen_2215.png,gen_2215.png,64.5824,24.0,4.0,0.47840118408203125,0.9757196395821705,0.49581146240234375,130.2928662655608,54.087671098084,7.150921350553385,1667.5767822265625,0.0,0.0,False,,-19.942772237863498,True,807.0
positive,/mnt/MammoDiffusion/MammoDiffusion/experiments/diffusers/04_sd21_lora/generated_images/final/positive/gen_2216.png,gen_2216.png,47.8956,34.0,1.0,0.3456840515136719,0.9828292080027368,0.3413505554199219,149.94891767151302,45.9778818476645,5.281803793570461,903.9329833984375,0.0,0.0,False,,-13.025073207988754,True,530.0
positive,/mnt/MammoDiffusion/MammoDiffusion/experiments/diffusers/04_sd21_lora/generated_images/final/positive/gen_2217.png,gen_2217.png,57.5824,17.0,4.0,0.5575714111328125,0.9973386059494814,0.5606307983398438,136.67380210388797,46.4896709994159,7.269952750109637,1430.8994140625,0.0,0.0,False,,-7.8604619802299345,True,106.0
positive,/mnt/MammoDiffusion/MammoDiffusion/experiments/diffusers/04_sd21_lora/generated_images/final/positive/gen_2218.png,gen_2218.png,220.0,233.0,13.0,0.5979232788085938,0.9816705158795983,0.5758094787597656,245.46198946636193,14.996838065838807,5.971287749862919,1181.9697265625,0.0,0.0,False,,-19.754120249154205,True,799.0
positive,/mnt/MammoDiffusion/MammoDiffusion/experiments/diffusers/04_sd21_lora/generated_images/final/positive/gen_2219.png,gen_2219.png,36.6868,5.0,3.0,0.7536048889160156,0.9972311227873026,0.7577095031738281,123.46376913743713,52.554116854512266,7.544158369058013,1775.31103515625,0.0,0.0,False,,-9.968035049403886,True,330.0
positive,/mnt/MammoDiffusion/MammoDiffusion/experiments/diffusers/04_sd21_lora/generated_images/final/positive/gen_2220.png,gen_2220.png,100.47800000000001,51.0,5.0,0.22625732421875,0.7746998920960345,0.199920654296875,161.8992711036483,51.59077569835147,6.67112601594959,2213.083740234375,0.0,0.0,False,,-133.28237640520618,False,
positive,/mnt/MammoDiffusion/MammoDiffusion/experiments/diffusers/04_sd21_lora/generated_images/final/positive/gen_2221.png,gen_2221.png,58.6868,27.0,3.0,0.5382804870605469,0.9937635978371023,0.5715293884277344,125.82192320271254,54.36698545030057,7.049036944463451,1641.80908203125,0.0,0.0,False,,-10.185687652592883,True,353.0
positive,/mnt/MammoDiffusion/MammoDiffusion/experiments/diffusers/04_sd21_lora/generated_images/final/positive/gen_2222.png,gen_2222.png,54.7912,32.0,2.0,0.35228729248046875,0.9911748781808338,0.3647041320800781,133.3516447884525,58.067215421102325,6.15531954840583,1368.188720703125,0.0,0.0,False,,-10.012812369960109,True,336.0
positive,/mnt/MammoDiffusion/MammoDiffusion/experiments/diffusers/04_sd21_lora/generated_images/final/positive/gen_2223.png,gen_2223.png,68.8956,55.0,1.0,0.4550018310546875,0.9706395251349811,0.4667778015136719,133.0840940480374,48.621087561067,6.205209787593327,817.45703125,0.0,0.0,False,,-20.386558604483692,True,826.0
positive,/mnt/MammoDiffusion/MammoDiffusion/experiments/diffusers/04_sd21_lora/generated_images/final/positive/gen_2224.png,gen_2224.png,32.7912,10.0,2.0,0.42931365966796875,0.9757157327930905,0.4591026306152344,110.77806582413109,65.33017914145337,6.527865520895794,1756.0130615234375,0.0,0.0,False,,-19.390032994241494,True,788.0
positive,/mnt/MammoDiffusion/MammoDiffusion/experiments/diffusers/04_sd21_lora/generated_images/final/positive/gen_2225.png,gen_2225.png,115.6868,84.0,3.0,0.16479873657226562,0.9350709474317724,0.17737579345703125,163.01322637532797,48.04689417952069,5.5785340661054,831.0616455078125,0.0,0.0,False,,-41.460716767263776,True,1360.0
positive,/mnt/MammoDiffusion/MammoDiffusion/experiments/diffusers/04_sd21_lora/generated_images/final/positive/gen_2226.png,gen_2226.png,132.7912,110.0,2.0,0.15080642700195312,0.867958414489161,0.13142013549804688,176.59681866999506,34.141065764305495,5.641024661886377,900.7713623046875,0.0,0.0,False,,-79.42375065602536,False,
positive,/mnt/MammoDiffusion/MammoDiffusion/experiments/diffusers/04_sd21_lora/generated_images/final/positive/gen_2227.png,gen_2227.png,142.6868,111.0,3.0,0.1065521240234375,0.7126951167120149,0.07143020629882812,180.2350333778371,26.250713378930442,5.545452608968381,945.076171875,0.0,0.0,True,too_empty,,False,
positive,/mnt/MammoDiffusion/MammoDiffusion/experiments/diffusers/04_sd21_lora/generated_images/final/positive/gen_2228.png,gen_2228.png,116.7912,94.0,2.0,0.15139389038085938,0.9044019452213571,0.16775131225585938,149.84500284252417,39.77480713096267,5.195802552801851,619.8656005859375,0.0,0.0,False,,-57.52945184564755,False,
positive,/mnt/MammoDiffusion/MammoDiffusion/experiments/diffusers/04_sd21_lora/generated_images/final/positive/gen_2229.png,gen_2229.png,220.0,200.0,25.0,0.15909194946289062,0.8718858650041962,0.13812255859375,223.9552032699956,26.42795264177374,7.490865925324027,1719.706787109375,0.0,0.0,False,,-82.02081042098965,False,
positive,/mnt/MammoDiffusion/MammoDiffusion/experiments/diffusers/04_sd21_lora/generated_images/final/positive/gen_2230.png,gen_2230.png,58.5824,18.0,4.0,0.4797401428222656,0.9926209238158094,0.5212364196777344,120.89183176106383,54.0812115688222,7.22315137409246,1925.937255859375,0.0,0.0,False,,-10.831717597370243,True,399.0
positive,/mnt/MammoDiffusion/MammoDiffusion/experiments/diffusers/04_sd21_lora/generated_images/final/positive/gen_2231.png,gen_2231.png,64.7912,42.0,2.0,0.3573799133300781,0.9875860596680365,0.4119987487792969,121.13126487227207,58.406205768331475,6.385872765981591,1376.2994384765625,0.0,0.0,False,,-11.701407106497149,True,458.0
positive,/mnt/MammoDiffusion/MammoDiffusion/experiments/diffusers/04_sd21_lora/generated_images/final/positive/gen_2232.png,gen_2232.png,162.7912,140.0,2.0,0.09426498413085938,0.9509934846829348,0.08642578125,186.3929643361582,14.448339748012936,4.413814640076178,291.5361022949219,0.0,0.0,True,too_empty,,False,
positive,/mnt/MammoDiffusion/MammoDiffusion/experiments/diffusers/04_sd21_lora/generated_images/final/positive/gen_2233.png,gen_2233.png,151.7912,129.0,2.0,0.057331085205078125,0.9794397498170204,0.04985809326171875,182.7697781178271,22.03595910499152,4.501298185812485,395.3133544921875,0.0,0.0,True,too_empty,,False,
positive,/mnt/MammoDiffusion/MammoDiffusion/experiments/diffusers/04_sd21_lora/generated_images/final/positive/gen_2234.png,gen_2234.png,174.7912,152.0,2.0,0.0592498779296875,0.742080865310327,0.04433441162109375,196.86938564790913,16.0197663552848,6.6533599557514425,667.6727905273438,0.0,0.0,True,too_empty,,False,
positive,/mnt/MammoDiffusion/MammoDiffusion/experiments/diffusers/04_sd21_lora/generated_images/final/positive/gen_2235.png,gen_2235.png,141.0,107.0,4.0,0.049732208251953125,0.9875738283347396,0.041393280029296875,182.0661690166805,22.0960664483044,4.955881995501567,792.0563354492188,0.0,0.0,True,too_empty,,False,
positive,/mnt/MammoDiffusion/MammoDiffusion/experiments/diffusers/04_sd21_lora/generated_images/final/positive/gen_2236.png,gen_2236.png,144.478,95.0,5.0,0.06847381591796875,0.94991643454039,0.059291839599609375,178.25008042205494,22.279209635275624,5.323939851097661,1062.941650390625,0.0,0.0,True,too_empty,,False,
positive,/mnt/MammoDiffusion/MammoDiffusion/experiments/diffusers/04_sd21_lora/generated_images/final/positive/gen_2237.png,gen_2237.png,129.0,116.0,3.0,0.04669952392578125,0.7584545008985459,0.03206634521484375,181.7311444206519,24.8662622854034,4.850230100928593,704.9915161132812,0.0,0.0,True,too_empty,,False,
positive,/mnt/MammoDiffusion/MammoDiffusion/experiments/diffusers/04_sd21_lora/generated_images/final/positive/gen_2238.png,gen_2238.png,81.5824,41.0,4.0,0.3026695251464844,0.9598956429678737,0.3493499755859375,135.73232146756934,58.08367725373236,6.640856148965661,1800.6629638671875,0.0,0.0,False,,-28.56866734424764,True,1053.0
positive,/mnt/MammoDiffusion/MammoDiffusion/experiments/diffusers/04_sd21_lora/generated_images/final/positive/gen_2239.png,gen_2239.png,133.6868,102.0,3.0,0.1172637939453125,0.9567013662979831,0.10606765747070312,170.83312353893186,20.700171347213896,5.294649532509968,892.8168334960938,0.0,0.0,True,too_empty,,False,
positive,/mnt/MammoDiffusion/MammoDiffusion/experiments/diffusers/04_sd21_lora/generated_images/final/positive/gen_2240.png,gen_2240.png,65.7912,43.0,2.0,0.3751411437988281,0.9534476972981768,0.3778114318847656,150.90522107006188,50.18196020945163,6.066770048417981,928.743896484375,0.0,0.0,False,,-30.222937019988336,True,1088.0
positive,/mnt/MammoDiffusion/MammoDiffusion/experiments/diffusers/04_sd21_lora/generated_images/final/positive/gen_2241.png,gen_2241.png,45.7912,23.0,2.0,0.4756431579589844,0.9961503605026988,0.5036697387695312,114.81652453156005,57.54136878096308,6.64803862510141,1428.975341796875,0.0,0.0,False,,-7.633533420007119,True,79.0
positive,/mnt/MammoDiffusion/MammoDiffusion/experiments/diffusers/04_sd21_lora/generated_images/final/positive/gen_2242.png,gen_2242.png,17.8956,4.0,1.0,0.6327552795410156,0.9974679423414299,0.6294212341308594,113.1123582567167,54.71478508831522,6.967029653057054,1522.1578369140625,0.0,0.0,False,,-7.927333136163149,True,110.0
positive,/mnt/MammoDiffusion/MammoDiffusion/experiments/diffusers/04_sd21_lora/generated_images/final/positive/gen_2243.png,gen_2243.png,117.47800000000001,68.0,5.0,0.1716156005859375,0.8908597848315106,0.104339599609375,158.3286414156186,47.47612076696732,6.429821438261394,1636.9935302734375,0.0,0.0,True,too_empty,,False,
positive,/mnt/MammoDiffusion/MammoDiffusion/experiments/diffusers/04_sd21_lora/generated_images/final/positive/gen_2244.png,gen_2244.png,113.6868,82.0,3.0,0.0758056640625,0.9959239130434783,0.07141876220703125,174.33901292596946,28.163923087279844,4.958433842174047,721.5160522460938,0.0,0.0,True,too_empty,,False,
positive,/mnt/MammoDiffusion/MammoDiffusion/experiments/diffusers/04_sd21_lora/generated_images/final/positive/gen_2245.png,gen_2245.png,93.8956,80.0,1.0,0.37060546875,0.9225028820816864,0.4172782897949219,135.91158912850705,46.91814579014177,5.920529841759358,623.5596923828125,0.0,0.0,False,,-46.704430221825646,False,
positive,/mnt/MammoDiffusion/MammoDiffusion/experiments/diffusers/04_sd21_lora/generated_images/final/positive/gen_2246.png,gen_2246.png,127.7912,105.0,2.0,0.1513214111328125,0.6419784208934154,0.09640884399414062,178.6443239821153,26.96944714569742,6.871075064960204,910.57080078125,0.0,0.0,True,too_empty,,False,
positive,/mnt/MammoDiffusion/MammoDiffusion/experiments/diffusers/04_sd21_lora/generated_images/final/positive/gen_2247.png,gen_2247.png,143.6868,112.0,3.0,0.1988372802734375,0.7713912976747755,0.11000442504882812,189.87921767174117,24.815847271385735,6.093357465041991,875.3085327148438,0.0,0.0,True,too_empty,,False,
positive,/mnt/MammoDiffusion/MammoDiffusion/experiments/diffusers/04_sd21_lora/generated_images/final/positive/gen_2248.png,gen_2248.png,47.5824,7.0,4.0,0.5431404113769531,0.9708388057395299,0.6386795043945312,100.12218532366538,58.761512289094995,7.384942609216758,2228.062255859375,0.0,0.0,False,,-23.945281186695045,True,930.0
positive,/mnt/MammoDiffusion/MammoDiffusion/experiments/diffusers/04_sd21_lora/generated_images/final/positive/gen_2249.png,gen_2249.png,117.6868,86.0,3.0,0.20996475219726562,0.9066877418651551,0.22278213500976562,157.77996952106986,40.95707306873956,6.001566771545715,983.3174438476562,0.0,0.0,False,,-56.79274581666361,False,
positive,/mnt/MammoDiffusion/MammoDiffusion/experiments/diffusers/04_sd21_lora/generated_images/final/positive/gen_2250.png,gen_2250.png,78.7912,56.0,2.0,0.23162460327148438,0.9629769923747097,0.26674652099609375,134.97687555415726,58.838180818289295,5.943177792068724,1212.3431396484375,0.0,0.0,False,,-26.03293181690684,True,994.0
positive,/mnt/MammoDiffusion/MammoDiffusion/experiments/diffusers/04_sd21_lora/generated_images/final/positive/gen_2251.png,gen_2251.png,58.6868,27.0,3.0,0.4594764709472656,0.9946450364884722,0.4816932678222656,126.93645514084562,55.039028481162056,6.834331908925568,1455.770263671875,0.0,0.0,False,,-8.731327180699687,True,207.0
positive,/mnt/MammoDiffusion/MammoDiffusion/experiments/diffusers/04_sd21_lora/generated_images/final/positive/gen_2252.png,gen_2252.png,24.7912,2.0,2.0,0.7432708740234375,0.9965151608466261,0.7854042053222656,95.15969284420245,60.08407851597647,7.42022227705145,2008.4803466796875,0.0,0.0,False,,-10.38429435804941,True,366.0
positive,/mnt/MammoDiffusion/MammoDiffusion/experiments/diffusers/04_sd21_lora/generated_images/final/positive/gen_2253.png,gen_2253.png,92.6868,61.0,3.0,0.261322021484375,0.9897816185916151,0.2623023986816406,148.75538459301058,43.55608482464906,6.0437766565755275,1058.679443359375,0.0,0.0,False,,-10.431776078120278,True,371.0
positive,/mnt/MammoDiffusion/MammoDiffusion/experiments/diffusers/04_sd21_lora/generated_images/final/positive/gen_2254.png,gen_2254.png,32.7912,10.0,2.0,0.6250152587890625,0.9973389321549767,0.6236763000488281,125.95583908791203,51.91555185435098,6.9918179579196895,1548.6065673828125,0.0,0.0,False,,-8.211983587953235,True,134.0
positive,/mnt/MammoDiffusion/MammoDiffusion/experiments/diffusers/04_sd21_lora/generated_images/final/positive/gen_2255.png,gen_2255.png,208.0,206.0,0.0,0.04727935791015625,0.3045828626754881,0.011058807373046875,212.48361503966885,5.656609467756159,6.541460122004317,1035.58984375,0.0,0.0,True,too_empty,,False,
positive,/mnt/MammoDiffusion/MammoDiffusion/experiments/diffusers/04_sd21_lora/generated_images/final/positive/gen_2256.png,gen_2256.png,193.0,176.0,3.0,0.0492095947265625,0.5783720930232558,0.0303497314453125,206.00113122171945,13.591065727130122,6.597946478831416,932.9739990234375,0.0,0.0,True,too_empty,,False,
positive,/mnt/MammoDiffusion/MammoDiffusion/experiments/diffusers/04_sd21_lora/generated_images/final/positive/gen_2257.png,gen_2257.png,65.8956,52.0,1.0,0.5346412658691406,0.9955191826075789,0.5694007873535156,127.60979466050313,52.4541515242356,6.440345610131897,1051.5518798828125,0.0,0.0,False,,-7.789370906683539,True,95.0
positive,/mnt/MammoDiffusion/MammoDiffusion/experiments/diffusers/04_sd21_lora/generated_images/final/positive/gen_2258.png,gen_2258.png,103.3736,45.0,6.0,0.312835693359375,0.8854258121158911,0.3287544250488281,153.82110906116196,50.145165748602714,7.205875271386368,2360.64892578125,0.0,0.0,False,,-71.29442483365575,False,
positive,/mnt/MammoDiffusion/MammoDiffusion/experiments/diffusers/04_sd21_lora/generated_images/final/positive/gen_2259.png,gen_2259.png,36.8956,23.0,1.0,0.5369415283203125,0.9974210690840888,0.5377120971679688,126.31017749968076,54.40826838794692,6.615091530249672,1104.29638671875,0.0,0.0,False,,-6.8551136082358015,True,34.0
positive,/mnt/MammoDiffusion/MammoDiffusion/experiments/diffusers/04_sd21_lora/generated_images/final/positive/gen_2260.png,gen_2260.png,118.7912,96.0,2.0,0.13736724853515625,0.8455984448764232,0.14138412475585938,156.00215848690067,43.215142575324876,5.025226671851786,521.994873046875,0.0,0.0,False,,-90.66184622232065,False,
positive,/mnt/MammoDiffusion/MammoDiffusion/experiments/diffusers/04_sd21_lora/generated_images/final/positive/gen_2261.png,gen_2261.png,69.8956,56.0,1.0,0.3625068664550781,0.9861621189321155,0.3718681335449219,137.16843962537058,50.195646094817704,5.770738466268328,580.12451171875,0.0,0.0,False,,-11.642143977932882,True,454.0
positive,/mnt/MammoDiffusion/MammoDiffusion/experiments/diffusers/04_sd21_lora/generated_images/final/positive/gen_2262.png,gen_2262.png,36.0,31.0,0.0,0.40009307861328125,0.9450430007055548,0.3981781005859375,118.43855144663729,68.66771578631688,5.340478597907993,1402.76123046875,0.0,0.0,False,,-34.933733909195645,True,1224.0
positive,/mnt/MammoDiffusion/MammoDiffusion/experiments/diffusers/04_sd21_lora/generated_images/final/positive/gen_2263.png,gen_2263.png,83.7912,61.0,2.0,0.354583740234375,0.9941044840347706,0.37398529052734375,146.27396519716845,47.79320007027266,6.169565611879004,1041.3717041015625,0.0,0.0,False,,-7.604476147641707,True,77.0
positive,/mnt/MammoDiffusion/MammoDiffusion/experiments/diffusers/04_sd21_lora/generated_images/final/positive/gen_2264.png,gen_2264.png,86.47800000000001,37.0,5.0,0.2583198547363281,0.9719272856151335,0.27915191650390625,150.93733089179807,57.90021354891251,6.582965180277541,1740.81982421875,0.0,0.0,False,,-22.68248044803503,True,897.0
positive,/mnt/MammoDiffusion/MammoDiffusion/experiments/diffusers/04_sd21_lora/generated_images/final/positive/gen_2265.png,gen_2265.png,92.7912,70.0,2.0,0.3844718933105469,0.974967009634179,0.4078483581542969,142.60544357667305,43.07782334195881,6.365476784293296,670.400146484375,0.0,0.0,False,,-17.82495964331258,True,721.0
positive,/mnt/MammoDiffusion/MammoDiffusion/experiments/diffusers/04_sd21_lora/generated_images/final/positive/gen_2266.png,gen_2266.png,108.6868,77.0,3.0,0.298797607421875,0.9448217750995812,0.37792205810546875,142.898940143333,47.511898515447605,6.4859989667052265,1122.29541015625,0.0,0.0,False,,-35.22992094636,True,1236.0
positive,/mnt/MammoDiffusion/MammoDiffusion/experiments/diffusers/04_sd21_lora/generated_images/final/positive/gen_2267.png,gen_2267.png,121.8956,108.0,1.0,0.21456146240234375,0.8879564769050243,0.21931076049804688,154.21709484962864,38.672870562200146,5.158776581378026,360.2270812988281,0.0,0.0,False,,-66.80759716520855,False,
positive,/mnt/MammoDiffusion/MammoDiffusion/experiments/diffusers/04_sd21_lora/generated_images/final/positive/gen_2268.png,gen_2268.png,220.0,237.0,1.0,0.3259010314941406,0.936944740322826,0.3000984191894531,236.34764646811323,20.95263145975831,6.3285575100590545,1711.968017578125,0.0,0.0,False,,-44.416082067676676,False,
positive,/mnt/MammoDiffusion/MammoDiffusion/experiments/diffusers/04_sd21_lora/generated_images/final/positive/gen_2269.png,gen_2269.png,106.6868,75.0,3.0,0.33856201171875,0.9748625383089958,0.3875617980957031,151.489207358485,47.542991777611604,6.661049249296323,1169.230712890625,0.0,0.0,False,,-18.980162533479906,True,771.0
positive,/mnt/MammoDiffusion/MammoDiffusion/experiments/diffusers/04_sd21_lora/generated_images/final/positive/gen_2270.png,gen_2270.png,220.0,221.0,18.0,0.3645668029785156,0.9434440038087665,0.3483467102050781,235.45262108917288,30.018372161871483,6.216907430699426,2261.87255859375,0.0,0.0,False,,-40.38194132458286,True,1341.0
positive,/mnt/MammoDiffusion/MammoDiffusion/experiments/diffusers/04_sd21_lora/generated_images/final/positive/gen_2271.png,gen_2271.png,136.7912,114.0,2.0,0.14252853393554688,0.6044482509434467,0.08562850952148438,191.94373412928232,28.14917711315841,5.85586534480299,599.0537719726562,0.0,0.0,True,too_empty,,False,
positive,/mnt/MammoDiffusion/MammoDiffusion/experiments/diffusers/04_sd21_lora/generated_images/final/positive/gen_2272.png,gen_2272.png,220.0,240.0,14.0,0.169708251953125,0.5089911886351376,0.07898712158203125,253.3515406162465,4.3203715967279335,7.150840289386117,1423.4796142578125,0.0,0.0,True,too_empty,,False,
positive,/mnt/MammoDiffusion/MammoDiffusion/experiments/diffusers/04_sd21_lora/generated_images/final/positive/gen_2273.png,gen_2273.png,220.0,255.0,0.0,0.3245506286621094,0.9232830663265906,0.2941780090332031,252.59902485833214,19.918020921627964,6.321913381098346,1404.3399658203125,0.0,0.0,False,,-52.22559155891881,False,
positive,/mnt/MammoDiffusion/MammoDiffusion/experiments/diffusers/04_sd21_lora/generated_images/final/positive/gen_2274.png,gen_2274.png,70.6868,39.0,3.0,0.23081207275390625,0.9658876805606056,0.2547149658203125,139.24510273767447,63.6292498232117,6.141537174033673,1635.6845703125,0.0,0.0,False,,-25.6835207201949,True,988.0
positive,/mnt/MammoDiffusion/MammoDiffusion/experiments/diffusers/04_sd21_lora/generated_images/final/positive/gen_2275.png,gen_2275.png,73.5824,33.0,4.0,0.27082061767578125,0.9090204806039947,0.28636932373046875,136.42255228453445,60.63483030225861,6.478220005549106,1923.884521484375,0.0,0.0,False,,-57.433802274029496,False,
positive,/mnt/MammoDiffusion/MammoDiffusion/experiments/diffusers/04_sd21_lora/generated_images/final/positive/gen_2276.png,gen_2276.png,73.6868,42.0,3.0,0.23294448852539062,0.9733726357160403,0.2650642395019531,136.34880909548824,60.76931502268472,6.155256956489227,1459.732666015625,0.0,0.0,False,,-20.964188860203087,True,844.0
positive,/mnt/MammoDiffusion/MammoDiffusion/experiments/diffusers/04_sd21_lora/generated_images/final/positive/gen_2277.png,gen_2277.png,77.5824,37.0,4.0,0.2654914855957031,0.9265341896920845,0.3038368225097656,128.29764341046342,57.772670545946056,6.642497796342307,1995.2606201171875,0.0,0.0,False,,-47.39121837386944,False,
positive,/mnt/MammoDiffusion/MammoDiffusion/experiments/diffusers/04_sd21_lora/generated_images/final/positive/gen_2278.png,gen_2278.png,220.0,253.0,0.0,0.40570831298828125,0.9316809899016492,0.3747711181640625,250.72077684133382,20.48933024044769,5.5392223771992715,1748.6146240234375,0.0,0.0,False,,-46.57444687622348,False,
positive,/mnt/MammoDiffusion/MammoDiffusion/experiments/diffusers/04_sd21_lora/generated_images/final/positive/gen_2279.png,gen_2279.png,113.8956,100.0,1.0,0.19325637817382812,0.978129132863544,0.21596908569335938,144.4380641172834,33.82101105889336,4.665743985675361,372.85260009765625,0.0,0.0,False,,-16.30553015560785,True,668.0
positive,/mnt/MammoDiffusion/MammoDiffusion/experiments/diffusers/04_sd21_lora/generated_images/final/positive/gen_2280.png,gen_2280.png,57.8956,44.0,1.0,0.5848960876464844,0.9818883823462273,0.5807876586914062,121.5048932676519,44.300512131020675,6.665408945564157,902.6636962890625,0.0,0.0,False,,-14.710574177885267,True,601.0
positive,/mnt/MammoDiffusion/MammoDiffusion/experiments/diffusers/04_sd21_lora/generated_images/final/positive/gen_2281.png,gen_2281.png,107.8956,94.0,1.0,0.13641357421875,0.8215044742729306,0.13599014282226562,150.3170355409689,50.37670399196994,4.479787350551877,476.9495849609375,0.0,0.0,False,,-103.92608761168103,False,
positive,/mnt/MammoDiffusion/MammoDiffusion/experiments/diffusers/04_sd21_lora/generated_images/final/positive/gen_2282.png,gen_2282.png,69.5824,29.0,4.0,0.2676239013671875,0.9694110268544387,0.301055908203125,131.6636087176888,61.82109152938344,6.58903129177029,2082.6591796875,0.0,0.0,False,,-24.046891701433353,True,933.0
positive,/mnt/MammoDiffusion/MammoDiffusion/experiments/diffusers/04_sd21_lora/generated_images/final/positive/gen_2283.png,gen_2283.png,104.6868,73.0,3.0,0.17403030395507812,0.9231932662589597,0.1919097900390625,157.58098115607856,52.812006552986624,5.732192090298143,1074.30810546875,0.0,0.0,False,,-48.51412118458651,False,
positive,/mnt/MammoDiffusion/MammoDiffusion/experiments/diffusers/04_sd21_lora/generated_images/final/positive/gen_2284.png,gen_2284.png,18.8956,5.0,1.0,0.6248664855957031,0.9948414273068588,0.629913330078125,109.8908604234291,59.52322405270688,6.963820653339081,1676.87841796875,0.0,0.0,False,,-9.817489802021417,True,313.0
positive,/mnt/MammoDiffusion/MammoDiffusion/experiments/diffusers/04_sd21_lora/generated_images/final/positive/gen_2285.png,gen_2285.png,55.8956,42.0,1.0,0.3755950927734375,0.989142799106236,0.3968048095703125,121.58195539319361,56.42741655500485,5.520411235334604,721.0048828125,0.0,0.0,False,,-9.36265328373935,True,277.0
positive,/mnt/MammoDiffusion/MammoDiffusion/experiments/diffusers/04_sd21_lora/generated_images/final/positive/gen_2286.png,gen_2286.png,92.7912,70.0,2.0,0.2531700134277344,0.9745958081576688,0.2850685119628906,145.7891715398306,51.47591709770496,5.567401540298732,972.2745971679688,0.0,0.0,False,,-18.60276202675615,True,749.0
positive,/mnt/MammoDiffusion/MammoDiffusion/experiments/diffusers/04_sd21_lora/generated_images/final/positive/gen_2287.png,gen_2287.png,42.7912,20.0,2.0,0.4736175537109375,0.9887077547601405,0.4911956787109375,117.03231493274518,59.17596976220253,6.68639254200453,1722.5341796875,0.0,0.0,False,,-12.264303638152535,True,484.0
positive,/mnt/MammoDiffusion/MammoDiffusion/experiments/diffusers/04_sd21_lora/generated_images/final/positive/gen_2288.png,gen_2288.png,114.6868,83.0,3.0,0.17829513549804688,0.8852778193799611,0.20904541015625,154.32611313868614,47.7750410191489,5.876968284829655,1251.3487548828125,0.0,0.0,False,,-69.35618083881205,False,
positive,/mnt/MammoDiffusion/MammoDiffusion/experiments/diffusers/04_sd21_lora/generated_images/final/positive/gen_2289.png,gen_2289.png,49.5824,9.0,4.0,0.6955108642578125,0.9965062196968035,0.7220077514648438,121.4694668991388,51.47898435310276,7.601060954215844,1954.9136962890625,0.0,0.0,False,,-10.270221891577485,True,360.0
positive,/mnt/MammoDiffusion/MammoDiffusion/experiments/diffusers/04_sd21_lora/generated_images/final/positive/gen_2290.png,gen_2290.png,128.5824,88.0,4.0,0.14625930786132812,0.5855350668996635,0.1167755126953125,179.03041290996995,31.844942694227626,6.092973802088949,1372.050048828125,0.0,0.0,True,too_empty,,False,
positive,/mnt/MammoDiffusion/MammoDiffusion/experiments/diffusers/04_sd21_lora/generated_images/final/positive/gen_2291.png,gen_2291.png,137.478,88.0,5.0,0.16299819946289062,0.8734349036953826,0.12401962280273438,180.1195287748762,27.891464500518108,6.4406623264591225,1867.5860595703125,0.0,0.0,True,too_empty,,False,
positive,/mnt/MammoDiffusion/MammoDiffusion/experiments/diffusers/04_sd21_lora/generated_images/final/positive/gen_2292.png,gen_2292.png,99.5824,59.0,4.0,0.22339630126953125,0.9081144769645846,0.2675743103027344,142.46194203270463,55.29231989330539,6.417624838306118,1819.257568359375,0.0,0.0,False,,-57.68229803670901,False,
positive,/mnt/MammoDiffusion/MammoDiffusion/experiments/diffusers/04_sd21_lora/generated_images/final/positive/gen_2293.png,gen_2293.png,121.6868,90.0,3.0,0.20867538452148438,0.9103522658720729,0.20687103271484375,170.42494929006085,43.537548899569224,6.0548827324255114,992.6654052734375,0.0,0.0,False,,-55.49796202672328,False,
positive,/mnt/MammoDiffusion/MammoDiffusion/experiments/diffusers/04_sd21_lora/generated_images/final/positive/gen_2294.png,gen_2294.png,71.6868,40.0,3.0,0.3874320983886719,0.9594340458631588,0.3979339599609375,138.91148050155297,52.37509619866111,6.560937278510451,1298.0078125,0.0,0.0,False,,-27.493548427465996,True,1027.0
positive,/mnt/MammoDiffusion/MammoDiffusion/experiments/diffusers/04_sd21_lora/generated_images/final/positive/gen_2295.png,gen_2295.png,117.5824,77.0,4.0,0.143096923828125,0.9602793772659416,0.167236328125,154.07100821167884,45.813307269611734,5.830472269267732,1174.210205078125,0.0,0.0,False,,-27.707427522835548,True,1033.0
positive,/mnt/MammoDiffusion/MammoDiffusion/experiments/diffusers/04_sd21_lora/generated_images/final/positive/gen_2296.png,gen_2296.png,10.0,2.0,0.0,0.6863365173339844,0.9976878484206781,0.6834564208984375,114.82663928021255,59.30118598435042,6.436526015754806,1370.17822265625,0.0,0.0,False,,-7.835919874255406,True,103.0
positive,/mnt/MammoDiffusion/MammoDiffusion/experiments/diffusers/04_sd21_lora/generated_images/final/positive/gen_2297.png,gen_2297.png,78.7912,56.0,2.0,0.3759918212890625,0.962258025242482,0.39824676513671875,133.7996417555892,48.957274332985,6.120904280835317,1149.4014892578125,0.0,0.0,False,,-24.90934454712613,True,961.0
positive,/mnt/MammoDiffusion/MammoDiffusion/experiments/diffusers/04_sd21_lora/generated_images/final/positive/gen_2298.png,gen_2298.png,96.6868,65.0,3.0,0.19594573974609375,0.9121792625472103,0.21686172485351562,154.9893225914264,53.842345110025185,6.003904391967855,1446.51171875,0.0,0.0,False,,-55.18096397553246,False,
positive,/mnt/MammoDiffusion/MammoDiffusion/experiments/diffusers/04_sd21_lora/generated_images/final/positive/gen_2299.png,gen_2299.png,145.5824,105.0,4.0,0.14439773559570312,0.42723165931366075,0.13288116455078125,183.3624045472814,35.06100499776123,5.842778553254478,1050.000244140625,0.0,0.0,True,fragmented_mask,,False,
positive,/mnt/MammoDiffusion/MammoDiffusion/experiments/diffusers/04_sd21_lora/generated_images/final/positive/gen_2300.png,gen_2300.png,98.6868,67.0,3.0,0.2663002014160156,0.9084788494320216,0.2924461364746094,153.03949754118676,55.937108464132656,6.30400471724791,1373.0498046875,0.0,0.0,False,,-57.01944254385858,False,
positive,/mnt/MammoDiffusion/MammoDiffusion/experiments/diffusers/04_sd21_lora/generated_images/final/positive/gen_2301.png,gen_2301.png,58.7912,36.0,2.0,0.3217010498046875,0.9852724944267893,0.3528251647949219,118.8696521823745,56.88783336003999,6.182157477700073,1319.366943359375,0.0,0.0,False,,-12.810686242951501,True,520.0
positive,/mnt/MammoDiffusion/MammoDiffusion/experiments/diffusers/04_sd21_lora/generated_images/final/positive/gen_2302.png,gen_2302.png,61.478,12.0,5.0,0.5867958068847656,0.9770258410531448,0.6726264953613281,113.99018857223876,53.23658407150677,7.625540165251881,2363.24560546875,0.0,0.0,False,,-21.17608780235245,True,854.0
positive,/mnt/MammoDiffusion/MammoDiffusion/experiments/diffusers/04_sd21_lora/generated_images/final/positive/gen_2303.png,gen_2303.png,128.6868,97.0,3.0,0.15778732299804688,0.8704397650073737,0.14609909057617188,166.59155591529804,26.923974102104044,5.633326777549373,833.3250122070312,0.0,0.0,False,,-78.11970972665492,False,
positive,/mnt/MammoDiffusion/MammoDiffusion/experiments/diffusers/04_sd21_lora/generated_images/final/positive/gen_2304.png,gen_2304.png,125.47800000000001,76.0,5.0,0.15779495239257812,0.5005681131391273,0.07737350463867188,203.14909037124687,29.828047651465386,6.231977287350194,1574.999755859375,0.0,0.0,True,too_empty,,False,
positive,/mnt/MammoDiffusion/MammoDiffusion/experiments/diffusers/04_sd21_lora/generated_images/final/positive/gen_2305.png,gen_2305.png,220.0,240.0,7.0,0.4024505615234375,0.9721421800947867,0.383636474609375,245.70783947180018,17.795155678467037,6.595933416281904,1504.3194580078125,0.0,0.0,False,,-24.826533060662065,True,957.0
positive,/mnt/MammoDiffusion/MammoDiffusion/experiments/diffusers/04_sd21_lora/generated_images/final/positive/gen_2306.png,gen_2306.png,120.7912,98.0,2.0,0.254364013671875,0.7550689862027594,0.23062515258789062,154.19701606100205,35.24335806273584,5.790780812087066,474.75469970703125,0.0,0.0,False,,-141.23837228431896,False,
positive,/mnt/MammoDiffusion/MammoDiffusion/experiments/diffusers/04_sd21_lora/generated_images/final/positive/gen_2307.png,gen_2307.png,136.6868,105.0,3.0,0.1646728515625,0.8465993328391401,0.14623641967773438,179.27157949654364,37.90621749516774,5.7746233722905265,926.4005126953125,0.0,0.0,False,,-91.16223395536502,False,
positive,/mnt/MammoDiffusion/MammoDiffusion/experiments/diffusers/04_sd21_lora/generated_images/final/positive/gen_2308.png,gen_2308.png,99.7912,77.0,2.0,0.18030548095703125,0.9247873735877798,0.19001388549804688,153.0911244504226,54.984960810044754,5.381760946387148,882.7979736328125,0.0,0.0,False,,-47.0768904766942,False,
positive,/mnt/MammoDiffusion/MammoDiffusion/experiments/diffusers/04_sd21_lora/generated_images/final/positive/gen_2309.png,gen_2309.png,138.8956,125.0,1.0,0.137054443359375,0.5415831663326653,0.07385635375976562,195.3133619131243,28.839046560916206,5.714067335200421,674.6826171875,0.0,0.0,True,too_empty,,False,
positive,/mnt/MammoDiffusion/MammoDiffusion/experiments/diffusers/04_sd21_lora/generated_images/final/positive/gen_2310.png,gen_2310.png,220.0,245.0,8.0,0.25302886962890625,0.8846524951002563,0.22309494018554688,248.90925568113812,27.99803947762345,6.767762735226321,2087.31103515625,0.0,0.0,False,,-74.75121512606282,False,
positive,/mnt/MammoDiffusion/MammoDiffusion/experiments/diffusers/04_sd21_lora/generated_images/final/positive/gen_2311.png,gen_2311.png,103.7912,81.0,2.0,0.3093528747558594,0.962093840557371,0.3378791809082031,150.38268998453253,44.97422471300459,6.081807506762492,987.7681274414062,0.0,0.0,False,,-25.395385994468988,True,979.0
positive,/mnt/MammoDiffusion/MammoDiffusion/experiments/diffusers/04_sd21_lora/generated_images/final/positive/gen_2312.png,gen_2312.png,220.0,233.0,16.0,0.2855567932128906,0.951467464632566,0.2547187805175781,247.48595989396912,16.12315110295238,6.911258794902547,1511.1451416015625,0.0,0.0,False,,-37.666655318048,True,1284.0
positive,/mnt/MammoDiffusion/MammoDiffusion/experiments/diffusers/04_sd21_lora/generated_images/final/positive/gen_2313.png,gen_2313.png,130.5824,90.0,4.0,0.1707305908203125,0.6589507552060059,0.0829925537109375,180.8562235705093,34.239434302288245,6.588306669070882,1217.50048828125,0.0,0.0,True,too_empty,,False,
positive,/mnt/MammoDiffusion/MammoDiffusion/experiments/diffusers/04_sd21_lora/generated_images/final/positive/gen_2314.png,gen_2314.png,141.0,102.0,4.0,0.049407958984375,0.778875849289685,0.033145904541015625,185.3189089653585,27.504760159390493,5.451860585984559,811.5962524414062,0.0,0.0,True,too_empty,,False,
positive,/mnt/MammoDiffusion/MammoDiffusion/experiments/diffusers/04_sd21_lora/generated_images/final/positive/gen_2315.png,gen_2315.png,122.7912,100.0,2.0,0.15707778930664062,0.8479248123952692,0.1472930908203125,161.10589972029422,34.04717066835572,5.2817645940014115,566.3710327148438,0.0,0.0,False,,-89.92459485927638,False,
positive,/mnt/MammoDiffusion/MammoDiffusion/experiments/diffusers/04_sd21_lora/generated_images/final/positive/gen_2316.png,gen_2316.png,220.0,207.0,23.0,0.3997230529785156,0.9643842152979911,0.3805198669433594,229.60097643131397,14.919503332295113,6.157859479780329,1455.7337646484375,0.0,0.0,False,,-28.37449996632383,True,1049.0
positive,/mnt/MammoDiffusion/MammoDiffusion/experiments/diffusers/04_sd21_lora/generated_images/final/positive/gen_2317.png,gen_2317.png,62.6868,31.0,3.0,0.4568634033203125,0.9743662536321432,0.4921150207519531,123.72546025347854,53.0822203416268,6.976668049963872,1676.0916748046875,0.0,0.0,False,,-20.236438666965704,True,818.0
positive,/mnt/MammoDiffusion/MammoDiffusion/experiments/diffusers/04_sd21_lora/generated_images/final/positive/gen_2318.png,gen_2318.png,101.5824,61.0,4.0,0.22323226928710938,0.7640766246859995,0.18950271606445312,165.75093101435272,52.64712771801281,6.511522399934582,1760.8604736328125,0.0,0.0,False,,-138.7290550325251,False,
positive,/mnt/MammoDiffusion/MammoDiffusion/experiments/diffusers/04_sd21_lora/generated_images/final/positive/gen_2319.png,gen_2319.png,79.5824,39.0,4.0,0.4853668212890625,0.9827092961111635,0.5800590515136719,123.9384778276853,49.427785056497356,7.267758956784403,1212.50390625,0.0,0.0,False,,-15.661378196610142,True,642.0
positive,/mnt/MammoDiffusion/MammoDiffusion/experiments/diffusers/04_sd21_lora/generated_images/final/positive/gen_2320.png,gen_2320.png,106.7912,84.0,2.0,0.2617340087890625,0.8573281641695331,0.2744712829589844,155.65705827577102,49.36720400248794,5.957051338422321,727.0523071289062,0.0,0.0,False,,-84.34109483747392,False,
positive,/mnt/MammoDiffusion/MammoDiffusion/experiments/diffusers/04_sd21_lora/generated_images/final/positive/gen_2321.png,gen_2321.png,82.47800000000001,33.0,5.0,0.40761566162109375,0.9832481704007338,0.46360015869140625,133.644071422694,50.29620286192082,7.211561323289739,2213.731201171875,0.0,0.0,False,,-16.11257743662337,True,659.0
positive,/mnt/MammoDiffusion/MammoDiffusion/experiments/diffusers/04_sd21_lora/generated_images/final/positive/gen_2322.png,gen_2322.png,220.0,234.0,6.0,0.3877220153808594,0.9772134712069186,0.3590812683105469,238.67102229871136,18.06318609501189,6.831558004276964,1549.51904296875,0.0,0.0,False,,-22.23025767490133,True,883.0
positive,/mnt/MammoDiffusion/MammoDiffusion/experiments/diffusers/04_sd21_lora/generated_images/final/positive/gen_2323.png,gen_2323.png,106.7912,84.0,2.0,0.2850532531738281,0.9735965205754433,0.304718017578125,142.07875563345019,33.60841423833171,5.767959296565904,548.09033203125,0.0,0.0,False,,-19.03686582695917,True,775.0
positive,/mnt/MammoDiffusion/MammoDiffusion/experiments/diffusers/04_sd21_lora/generated_images/final/positive/gen_2324.png,gen_2324.png,47.7912,25.0,2.0,0.48175048828125,0.989864436842772,0.5270004272460938,111.66038364096995,58.510484404344425,6.650810096820059,1551.5399169921875,0.0,0.0,False,,-11.406712997016655,True,442.0
positive,/mnt/MammoDiffusion/MammoDiffusion/experiments/diffusers/04_sd21_lora/generated_images/final/positive/gen_2325.png,gen_2325.png,105.6868,74.0,3.0,0.21020126342773438,0.9243416873854418,0.20861434936523438,166.2259037796917,48.477300105681806,6.235699477439777,1386.977294921875,0.0,0.0,False,,-48.60311344775772,False,
positive,/mnt/MammoDiffusion/MammoDiffusion/experiments/diffusers/04_sd21_lora/generated_images/final/positive/gen_2326.png,gen_2326.png,113.6868,82.0,3.0,0.15731048583984375,0.890174111256608,0.1780853271484375,155.91639533887414,49.5324936452854,5.626602943942276,941.7308349609375,0.0,0.0,False,,-66.39099359443279,False,
positive,/mnt/MammoDiffusion/MammoDiffusion/experiments/diffusers/04_sd21_lora/generated_images/final/positive/gen_2327.png,gen_2327.png,108.6868,77.0,3.0,0.18503952026367188,0.8806151689446884,0.19541168212890625,163.25832585015422,50.56780293267064,5.737463251507742,1082.481201171875,0.0,0.0,False,,-72.16164295041641,False,
positive,/mnt/MammoDiffusion/MammoDiffusion/experiments/diffusers/04_sd21_lora/generated_images/final/positive/gen_2328.png,gen_2328.png,90.5824,50.0,4.0,0.3079872131347656,0.9537510682834388,0.3482246398925781,139.14460207043874,54.6622955798765,6.7634567143580675,1535.365234375,0.0,0.0,False,,-31.644648385832816,True,1132.0
positive,/mnt/MammoDiffusion/MammoDiffusion/experiments/diffusers/04_sd21_lora/generated_images/final/positive/gen_2329.png,gen_2329.png,138.0,121.0,4.0,0.04956817626953125,0.9515160843466215,0.040584564208984375,187.77629476454555,24.638450745732456,5.0641765933399085,856.11865234375,0.0,0.0,True,too_empty,,False,
positive,/mnt/MammoDiffusion/MammoDiffusion/experiments/diffusers/04_sd21_lora/generated_images/final/positive/gen_2330.png,gen_2330.png,109.8956,96.0,1.0,0.1698150634765625,0.8950489711564381,0.18677139282226562,150.08380139294542,45.93888398427025,4.8936676395419205,498.5564880371094,0.0,0.0,False,,-62.809845803676836,False,
positive,/mnt/MammoDiffusion/MammoDiffusion/experiments/diffusers/04_sd21_lora/generated_images/final/positive/gen_2331.png,gen_2331.png,75.7912,53.0,2.0,0.30159759521484375,0.974981659963067,0.35054779052734375,128.90900385226456,58.40342295939719,6.057826929586682,1145.249755859375,0.0,0.0,False,,-18.616671187361842,True,752.0
positive,/mnt/MammoDiffusion/MammoDiffusion/experiments/diffusers/04_sd21_lora/generated_images/final/positive/gen_2332.png,gen_2332.png,55.7912,33.0,2.0,0.35540771484375,0.9795315988322171,0.40480804443359375,111.68894061327956,57.37294723929767,6.362285001999069,1526.2835693359375,0.0,0.0,False,,-15.925082745942316,True,650.0
positive,/mnt/MammoDiffusion/MammoDiffusion/experiments/diffusers/04_sd21_lora/generated_images/final/positive/gen_2333.png,gen_2333.png,104.8956,91.0,1.0,0.23022842407226562,0.8576872732092854,0.2425537109375,142.75934197282336,48.47839399534815,5.6161198295206916,600.9616088867188,0.0,0.0,False,,-83.71948157143946,False,
positive,/mnt/MammoDiffusion/MammoDiffusion/experiments/diffusers/04_sd21_lora/generated_images/final/positive/gen_2334.png,gen_2334.png,100.7912,78.0,2.0,0.22046279907226562,0.9662242832176907,0.2611503601074219,149.19757811244688,51.00084242634806,5.7987675324429295,855.8663940429688,0.0,0.0,False,,-23.571289375569464,True,921.0
positive,/mnt/MammoDiffusion/MammoDiffusion/experiments/diffusers/04_sd21_lora/generated_images/final/positive/gen_2335.png,gen_2335.png,124.8956,111.0,1.0,0.19413375854492188,0.8674028806665226,0.19137191772460938,160.30229035023024,38.00177213614186,5.078586042742776,482.33575439453125,0.0,0.0,False,,-78.41197638885347,False,
positive,/mnt/MammoDiffusion/MammoDiffusion/experiments/diffusers/04_sd21_lora/generated_images/final/positive/gen_2336.png,gen_2336.png,80.7912,58.0,2.0,0.5776443481445312,0.9948819885620699,0.6119537353515625,136.78663508290737,48.49751431837076,6.9534283006057365,1165.81201171875,0.0,0.0,False,,-9.077379471060215,True,250.0
positive,/mnt/MammoDiffusion/MammoDiffusion/experiments/diffusers/04_sd21_lora/generated_images/final/positive/gen_2337.png,gen_2337.png,87.7912,65.0,2.0,0.31215667724609375,0.9599291213491384,0.3244132995605469,149.37262326117377,50.37123953971769,6.059701775789824,1015.4495849609375,0.0,0.0,False,,-27.050654240595787,True,1018.0
positive,/mnt/MammoDiffusion/MammoDiffusion/experiments/diffusers/04_sd21_lora/generated_images/final/positive/gen_2338.png,gen_2338.png,148.0,130.0,2.0,0.049808502197265625,0.9443210538408516,0.043544769287109375,182.17766097240474,14.65136890911233,3.7539366388698783,205.02911376953125,0.0,0.0,True,too_empty,,False,
positive,/mnt/MammoDiffusion/MammoDiffusion/experiments/diffusers/04_sd21_lora/generated_images/final/positive/gen_2339.png,gen_2339.png,99.6868,68.0,3.0,0.2969818115234375,0.9514463340697734,0.3250923156738281,156.74128442520035,52.6774072453961,6.463919521876054,1300.26123046875,0.0,0.0,False,,-32.89307515059393,True,1163.0
positive,/mnt/MammoDiffusion/MammoDiffusion/experiments/diffusers/04_sd21_lora/generated_images/final/positive/gen_2340.png,gen_2340.png,10.0,0.0,0.0,0.7956161499023438,0.9971184181506094,0.79803466796875,102.76965583173997,61.61037943082348,7.031541616046185,1799.528076171875,0.0,0.0,False,,-9.834461725055826,True,317.0
positive,/mnt/MammoDiffusion/MammoDiffusion/experiments/diffusers/04_sd21_lora/generated_images/final/positive/gen_2341.png,gen_2341.png,106.7912,84.0,2.0,0.30759429931640625,0.9297814817570752,0.3841552734375,137.16425365427392,42.95031900103792,5.897848372293549,751.785400390625,0.0,0.0,False,,-42.26591592140862,False,
positive,/mnt/MammoDiffusion/MammoDiffusion/experiments/diffusers/04_sd21_lora/generated_images/final/positive/gen_2342.png,gen_2342.png,99.8956,86.0,1.0,0.3406105041503906,0.9570383809875797,0.40305328369140625,139.0125688542278,44.938396876113515,5.786374657945388,623.9950561523438,0.0,0.0,False,,-27.255405931641082,True,1024.0
positive,/mnt/MammoDiffusion/MammoDiffusion/experiments/diffusers/04_sd21_lora/generated_images/final/positive/gen_2343.png,gen_2343.png,42.7912,20.0,2.0,0.5669288635253906,0.9902702920930984,0.5893058776855469,115.6248260326379,55.646252923863955,6.995859181666342,1775.1160888671875,0.0,0.0,False,,-12.13573332891736,True,476.0
positive,/mnt/MammoDiffusion/MammoDiffusion/experiments/diffusers/04_sd21_lora/generated_images/final/positive/gen_2344.png,gen_2344.png,10.0,0.0,0.0,0.8148307800292969,0.9982022724399938,0.8088912963867188,116.32841458928723,53.836508949765104,7.067047092053055,1436.5457763671875,0.0,0.0,False,,-8.759126296726201,True,213.0
positive,/mnt/MammoDiffusion/MammoDiffusion/experiments/diffusers/04_sd21_lora/generated_images/final/positive/gen_2345.png,gen_2345.png,55.8956,42.0,1.0,0.4259185791015625,0.959499158098377,0.4232292175292969,130.26318872975384,54.19259459286647,6.2511332345657715,1169.90771484375,0.0,0.0,False,,-26.966499678769097,True,1016.0
positive,/mnt/MammoDiffusion/MammoDiffusion/experiments/diffusers/04_sd21_lora/generated_images/final/positive/gen_2346.png,gen_2346.png,24.8956,11.0,1.0,0.6644134521484375,0.9973302252945364,0.6749916076660156,98.26698691683856,58.96177925240095,6.6445445728735955,1417.4332275390625,0.0,0.0,False,,-7.7106524463029,True,89.0
positive,/mnt/MammoDiffusion/MammoDiffusion/experiments/diffusers/04_sd21_lora/generated_images/final/positive/gen_2347.png,gen_2347.png,114.0,106.0,1.0,0.04988861083984375,0.9727787123413366,0.04571533203125,166.4957443257677,15.436305298713311,3.6055885678195,153.73245239257812,0.0,0.0,True,too_empty,,False,
positive,/mnt/MammoDiffusion/MammoDiffusion/experiments/diffusers/04_sd21_lora/generated_images/final/positive/gen_2348.png,gen_2348.png,152.8956,139.0,1.0,0.09949111938476562,0.5040450902956175,0.048702239990234375,188.28550168402913,20.703731575831267,5.860574065392399,701.8749389648438,0.0,0.0,True,too_empty,,False,
positive,/mnt/MammoDiffusion/MammoDiffusion/experiments/diffusers/04_sd21_lora/generated_images/final/positive/gen_2349.png,gen_2349.png,154.5824,114.0,4.0,0.09795379638671875,0.9766336942129449,0.09429168701171875,187.3157213366777,20.36767001854473,5.394401621096745,902.3428344726562,0.0,0.0,True,too_empty,,False,
positive,/mnt/MammoDiffusion/MammoDiffusion/experiments/diffusers/04_sd21_lora/generated_images/final/positive/gen_2350.png,gen_2350.png,107.5824,67.0,4.0,0.2761688232421875,0.8963478645229018,0.29116058349609375,153.4657128632445,45.15671886132122,6.6471035396549345,1505.8336181640625,0.0,0.0,False,,-63.5170868593517,False,
positive,/mnt/MammoDiffusion/MammoDiffusion/experiments/diffusers/04_sd21_lora/generated_images/final/positive/gen_2351.png,gen_2351.png,113.8956,100.0,1.0,0.2690391540527344,0.9120478681923235,0.3077239990234375,154.26497495909157,47.34241647594302,5.788862942614408,541.1665649414062,0.0,0.0,False,,-53.61227455916192,False,
positive,/mnt/MammoDiffusion/MammoDiffusion/experiments/diffusers/04_sd21_lora/generated_images/final/positive/gen_2352.png,gen_2352.png,63.7912,41.0,2.0,0.4560432434082031,0.9952571748822658,0.4714012145996094,137.98459235282218,52.559538384270745,6.404028925464093,1175.961181640625,0.0,0.0,False,,-7.715909478525088,True,90.0
positive,/mnt/MammoDiffusion/MammoDiffusion/experiments/diffusers/04_sd21_lora/generated_images/final/positive/gen_2353.png,gen_2353.png,56.6868,25.0,3.0,0.23976516723632812,0.9698980160056003,0.2747650146484375,127.35537568723274,64.7038052870339,6.069510564287973,1468.43212890625,0.0,0.0,False,,-22.757273393857986,True,899.0
positive,/mnt/MammoDiffusion/MammoDiffusion/experiments/diffusers/04_sd21_lora/generated_images/final/positive/gen_2354.png,gen_2354.png,220.0,214.0,12.0,0.4170074462890625,0.9541970068425482,0.4369659423828125,224.8805740824807,16.961374362126264,6.826351010536075,2572.696044921875,0.0,0.0,False,,-35.86005698639693,True,1251.0
positive,/mnt/MammoDiffusion/MammoDiffusion/experiments/diffusers/04_sd21_lora/generated_images/final/positive/gen_2355.png,gen_2355.png,61.5824,21.0,4.0,0.3067359924316406,0.944570881369001,0.3339576721191406,121.35601119424297,57.43547293036904,6.6007837342730555,1720.0130615234375,0.0,0.0,False,,-36.55747781041779,True,1265.0
positive,/mnt/MammoDiffusion/MammoDiffusion/experiments/diffusers/04_sd21_lora/generated_images/final/positive/gen_2356.png,gen_2356.png,70.8956,57.0,1.0,0.5390396118164062,0.9464637028859355,0.5661163330078125,118.22830920999434,48.51540766239538,6.447501309848665,1007.163330078125,0.0,0.0,False,,-34.39219930220413,True,1208.0
positive,/mnt/MammoDiffusion/MammoDiffusion/experiments/diffusers/04_sd21_lora/generated_images/final/positive/gen_2357.png,gen_2357.png,43.7912,21.0,2.0,0.3554115295410156,0.9780291727935257,0.39599609375,109.58427096177559,65.75822722229185,6.435822954036892,1736.5015869140625,0.0,0.0,False,,-17.647693057159007,True,713.0
positive,/mnt/MammoDiffusion/MammoDiffusion/experiments/diffusers/04_sd21_lora/generated_images/final/positive/gen_2358.png,gen_2358.png,76.8956,63.0,1.0,0.3214111328125,0.9918700151917964,0.34952545166015625,130.13347739724531,49.77266740113356,5.697991508510407,684.1735229492188,0.0,0.0,False,,-8.17893158255569,True,130.0
positive,/mnt/MammoDiffusion/MammoDiffusion/experiments/diffusers/04_sd21_lora/generated_images/final/positive/gen_2359.png,gen_2359.png,112.7912,90.0,2.0,0.2134552001953125,0.919347344341983,0.2541046142578125,151.22254248483756,49.26424877883983,5.7966898896242895,1056.8289794921875,0.0,0.0,False,,-49.827373002169004,False,
positive,/mnt/MammoDiffusion/MammoDiffusion/experiments/diffusers/04_sd21_lora/generated_images/final/positive/gen_2360.png,gen_2360.png,13.0,8.0,0.0,0.8525466918945312,1.0,0.845672607421875,151.48122586698423,31.428777589932125,6.67401588105838,321.5777893066406,0.0,0.0,False,,-9.955502686636198,True,328.0
positive,/mnt/MammoDiffusion/MammoDiffusion/experiments/diffusers/04_sd21_lora/generated_images/final/positive/gen_2361.png,gen_2361.png,71.8956,58.0,1.0,0.4924125671386719,0.9849476693290363,0.527923583984375,121.51372911729001,48.32278605461566,6.332846437243159,577.087158203125,0.0,0.0,False,,-12.901720638540251,True,524.0
positive,/mnt/MammoDiffusion/MammoDiffusion/experiments/diffusers/04_sd21_lora/generated_images/final/positive/gen_2362.png,gen_2362.png,220.0,255.0,0.0,0.19993972778320312,0.8784843454868068,0.16144561767578125,252.58111620433817,19.854758304860304,7.026929880664252,1492.62744140625,0.0,0.0,False,,-78.80177508285465,False,
positive,/mnt/MammoDiffusion/MammoDiffusion/experiments/diffusers/04_sd21_lora/generated_images/final/positive/gen_2363.png,gen_2363.png,220.0,208.0,41.0,0.30611419677734375,0.9283827231263864,0.2807807922363281,247.89906935670132,19.806614533995813,6.873612330211419,1689.3114013671875,0.0,0.0,False,,-50.24327294304419,False,
positive,/mnt/MammoDiffusion/MammoDiffusion/experiments/diffusers/04_sd21_lora/generated_images/final/positive/gen_2364.png,gen_2364.png,150.5824,110.0,4.0,0.08166885375976562,0.9590359194731188,0.07387161254882812,186.54619158275239,19.45904878147824,5.261796186889355,919.146484375,0.0,0.0,True,too_empty,,False,
positive,/mnt/MammoDiffusion/MammoDiffusion/experiments/diffusers/04_sd21_lora/generated_images/final/positive/gen_2365.png,gen_2365.png,80.6868,49.0,3.0,0.18471145629882812,0.9222444807005225,0.1927642822265625,153.72522362067602,60.758144474977286,5.949994787273922,1455.1954345703125,0.0,0.0,False,,-50.1621687859281,False,
positive,/mnt/MammoDiffusion/MammoDiffusion/experiments/diffusers/04_sd21_lora/generated_images/final/positive/gen_2366.png,gen_2366.png,127.6868,96.0,3.0,0.0819549560546875,0.977657791845094,0.08052444458007812,164.34407124923018,30.765304421652324,4.931254756507456,672.6485595703125,0.0,0.0,True,too_empty,,False,
positive,/mnt/MammoDiffusion/MammoDiffusion/experiments/diffusers/04_sd21_lora/generated_images/final/positive/gen_2367.png,gen_2367.png,127.5824,87.0,4.0,0.20643997192382812,0.5322541899957499,0.1143951416015625,166.80495531545952,35.70257146058572,6.139182390076446,994.9375,0.0,0.0,True,too_empty,,False,
positive,/mnt/MammoDiffusion/MammoDiffusion/experiments/diffusers/04_sd21_lora/generated_images/final/positive/gen_2368.png,gen_2368.png,103.7912,81.0,2.0,0.23445892333984375,0.9467475838729622,0.2734527587890625,143.35465375816082,46.596117395316256,5.5013224614956915,556.8363647460938,0.0,0.0,False,,-33.88818964946792,True,1195.0
positive,/mnt/MammoDiffusion/MammoDiffusion/experiments/diffusers/04_sd21_lora/generated_images/final/positive/gen_2369.png,gen_2369.png,220.0,254.0,0.0,0.336181640625,0.9222608024691358,0.3015899658203125,253.73337971161143,4.0911214062282575,6.183964419186215,1819.35009765625,0.0,0.0,True,low_contrast,,False,
positive,/mnt/MammoDiffusion/MammoDiffusion/experiments/diffusers/04_sd21_lora/generated_images/final/positive/gen_2370.png,gen_2370.png,200.0,183.0,10.0,0.044231414794921875,0.11660198361362656,0.003406524658203125,214.46024636058232,9.801606396771072,6.995742593854902,1273.6715087890625,0.0,0.0,True,too_empty,,False,
positive,/mnt/MammoDiffusion/MammoDiffusion/experiments/diffusers/04_sd21_lora/generated_images/final/positive/gen_2371.png,gen_2371.png,91.7912,69.0,2.0,0.1462554931640625,0.9081637976004173,0.07935714721679688,147.9927895015142,48.58263385790765,4.948938253280105,770.8688354492188,0.0,0.0,True,too_empty,,False,
positive,/mnt/MammoDiffusion/MammoDiffusion/experiments/diffusers/04_sd21_lora/generated_images/final/positive/gen_2372.png,gen_2372.png,72.8956,59.0,1.0,0.43117523193359375,0.9904273201804831,0.48273468017578125,117.12065177879981,47.54089029424573,5.883230376638427,552.325439453125,0.0,0.0,False,,-8.952569798012657,True,241.0
positive,/mnt/MammoDiffusion/MammoDiffusion/experiments/diffusers/04_sd21_lora/generated_images/final/positive/gen_2373.png,gen_2373.png,80.5824,40.0,4.0,0.32916259765625,0.9835087150009272,0.3560676574707031,134.4981733643308,49.63504641543703,6.653455314585222,1543.243408203125,0.0,0.0,False,,-14.4736358713511,True,588.0
positive,/mnt/MammoDiffusion/MammoDiffusion/experiments/diffusers/04_sd21_lora/generated_images/final/positive/gen_2374.png,gen_2374.png,189.0,181.0,2.0,0.0495147705078125,0.30924499229583974,0.015300750732421875,197.89204687110447,7.78171174742851,6.182827434631137,1261.4951171875,0.0,0.0,True,too_empty,,False,
positive,/mnt/MammoDiffusion/MammoDiffusion/experiments/diffusers/04_sd21_lora/generated_images/final/positive/gen_2375.png,gen_2375.png,156.8956,143.0,1.0,0.0532073974609375,0.6024519644393461,0.028606414794921875,183.9053207094279,15.855481382342447,5.489273006222839,659.77490234375,0.0,0.0,True,too_empty,,False,
positive,/mnt/MammoDiffusion/MammoDiffusion/experiments/diffusers/04_sd21_lora/generated_images/final/positive/gen_2376.png,gen_2376.png,108.5824,68.0,4.0,0.22003173828125,0.8399445214979195,0.1741943359375,162.67786440084092,45.94299500438781,6.418267870555988,1420.0867919921875,0.0,0.0,False,,-95.62883554841527,False,
positive,/mnt/MammoDiffusion/MammoDiffusion/experiments/diffusers/04_sd21_lora/generated_images/final/positive/gen_2377.png,gen_2377.png,50.7912,28.0,2.0,0.3839378356933594,0.9908492056395124,0.41999053955078125,116.112817671529,60.39654196513768,6.224567332076891,1352.394287109375,0.0,0.0,False,,-9.742310250261598,True,309.0
positive,/mnt/MammoDiffusion/MammoDiffusion/experiments/diffusers/04_sd21_lora/generated_images/final/positive/gen_2378.png,gen_2378.png,111.6868,80.0,3.0,0.17506027221679688,0.6380553921248175,0.159210205078125,168.07813398504888,44.9569785099081,5.877492323104175,1202.406494140625,0.0,0.0,True,fragmented_mask,,False,
positive,/mnt/MammoDiffusion/MammoDiffusion/experiments/diffusers/04_sd21_lora/generated_images/final/positive/gen_2379.png,gen_2379.png,96.7912,74.0,2.0,0.2628173828125,0.799756154203437,0.21640777587890625,156.68295434514366,49.72109974507698,6.008085456738145,927.76416015625,0.0,0.0,False,,-116.73126713307522,False,
positive,/mnt/MammoDiffusion/MammoDiffusion/experiments/diffusers/04_sd21_lora/generated_images/final/positive/gen_2380.png,gen_2380.png,220.0,217.0,2.0,0.04933929443359375,0.1770527292407608,0.006603240966796875,191.85037550548816,80.62624701924905,6.667797014564198,1646.4468994140625,0.0,0.0,True,too_empty,,False,
positive,/mnt/MammoDiffusion/MammoDiffusion/experiments/diffusers/04_sd21_lora/generated_images/final/positive/gen_2381.png,gen_2381.png,105.6868,74.0,3.0,0.3275032043457031,0.9138760439355643,0.31891632080078125,153.4503121934882,41.51438259000468,6.53092560795944,1108.6590576171875,0.0,0.0,False,,-52.73633554151753,False,
positive,/mnt/MammoDiffusion/MammoDiffusion/experiments/diffusers/04_sd21_lora/generated_images/final/positive/gen_2382.png,gen_2382.png,92.47800000000001,43.0,5.0,0.18033981323242188,0.8648757271285035,0.20054244995117188,145.65357326282552,61.1410825030605,6.471831544193409,2307.029541015625,0.0,0.0,False,,-83.30668291289942,False,
positive,/mnt/MammoDiffusion/MammoDiffusion/experiments/diffusers/04_sd21_lora/generated_images/final/positive/gen_2383.png,gen_2383.png,91.8956,78.0,1.0,0.4549713134765625,0.9940218667203273,0.4633140563964844,141.23118850603103,36.83833162873396,6.097298349783296,447.78533935546875,0.0,0.0,False,,-7.639838276220644,True,81.0
positive,/mnt/MammoDiffusion/MammoDiffusion/experiments/diffusers/04_sd21_lora/generated_images/final/positive/gen_2384.png,gen_2384.png,92.7912,70.0,2.0,0.3077392578125,0.8734009321697739,0.2989349365234375,150.66076259506917,51.16499128729491,6.178942844087468,1014.00830078125,0.0,0.0,False,,-75.4771067540485,False,
positive,/mnt/MammoDiffusion/MammoDiffusion/experiments/diffusers/04_sd21_lora/generated_images/final/positive/gen_2385.png,gen_2385.png,116.8956,103.0,1.0,0.23809814453125,0.9492117405793387,0.2462158203125,151.27588931581556,37.66735303106032,4.6122201113710535,254.32437133789062,0.0,0.0,False,,-32.188121792859725,True,1146.0
positive,/mnt/MammoDiffusion/MammoDiffusion/experiments/diffusers/04_sd21_lora/generated_images/final/positive/gen_2386.png,gen_2386.png,14.8956,1.0,1.0,0.784393310546875,0.9989106330000389,0.7830696105957031,98.10079063899025,56.79547939785994,7.120419303732936,1375.0150146484375,0.0,0.0,False,,-8.248655973967315,True,146.0
positive,/mnt/MammoDiffusion/MammoDiffusion/experiments/diffusers/04_sd21_lora/generated_images/final/positive/gen_2387.png,gen_2387.png,97.6868,66.0,3.0,0.1937713623046875,0.9312938026616269,0.19712448120117188,152.73466860183842,47.80560034259696,5.700771800394914,1047.9371337890625,0.0,0.0,False,,-43.41623734763533,False,
positive,/mnt/MammoDiffusion/MammoDiffusion/experiments/diffusers/04_sd21_lora/generated_images/final/positive/gen_2388.png,gen_2388.png,56.5824,16.0,4.0,0.3155403137207031,0.9483298475524983,0.357025146484375,120.98383408838362,61.54913495725166,6.795462218544937,2652.181396484375,0.0,0.0,False,,-35.93387683611725,True,1253.0
positive,/mnt/MammoDiffusion/MammoDiffusion/experiments/diffusers/04_sd21_lora/generated_images/final/positive/gen_2389.png,gen_2389.png,121.5824,81.0,4.0,0.196197509765625,0.8929265826722663,0.20931625366210938,168.64489438865704,48.09201680027237,6.241750182626679,1415.2525634765625,0.0,0.0,False,,-66.12865738218332,False,
positive,/mnt/MammoDiffusion/MammoDiffusion/experiments/diffusers/04_sd21_lora/generated_images/final/positive/gen_2390.png,gen_2390.png,72.5824,32.0,4.0,0.475189208984375,0.9949906878170959,0.4890098571777344,146.11617820283794,48.37325659930215,6.993084383865294,1260.1697998046875,0.0,0.0,False,,-8.619578715609718,True,190.0
positive,/mnt/MammoDiffusion/MammoDiffusion/experiments/diffusers/04_sd21_lora/generated_images/final/positive/gen_2391.png,gen_2391.png,55.6868,24.0,3.0,0.4616203308105469,0.9961904289692672,0.4672737121582031,137.9209832398586,52.22732884219928,6.719120651547128,1290.1292724609375,0.0,0.0,False,,-7.595581613096451,True,74.0
positive,/mnt/MammoDiffusion/MammoDiffusion/experiments/diffusers/04_sd21_lora/generated_images/final/positive/gen_2392.png,gen_2392.png,220.0,227.0,27.0,0.20263290405273438,0.5102693951316855,0.09902572631835938,254.07407835432798,4.918710312052246,6.765847214066369,1610.4696044921875,0.0,0.0,True,too_empty,,False,
positive,/mnt/MammoDiffusion/MammoDiffusion/experiments/diffusers/04_sd21_lora/generated_images/final/positive/gen_2393.png,gen_2393.png,130.6868,99.0,3.0,0.23709487915039062,0.9285312052515566,0.23752212524414062,174.2991889504537,39.94103286476673,6.083164752722967,1041.3426513671875,0.0,0.0,False,,-45.20517431277874,False,
positive,/mnt/MammoDiffusion/MammoDiffusion/experiments/diffusers/04_sd21_lora/generated_images/final/positive/gen_2394.png,gen_2394.png,33.8956,20.0,1.0,0.49750518798828125,0.9963655323651643,0.5099220275878906,116.52580551046209,62.278477049313054,6.290787568932535,1376.20703125,0.0,0.0,False,,-7.525939680963592,True,69.0
positive,/mnt/MammoDiffusion/MammoDiffusion/experiments/diffusers/04_sd21_lora/generated_images/final/positive/gen_2395.png,gen_2395.png,117.7912,95.0,2.0,0.2053985595703125,0.8545056087957804,0.24122238159179688,151.0198940460188,47.31766124232084,5.756632375874877,869.2103881835938,0.0,0.0,False,,-85.50248252632358,False,
positive,/mnt/MammoDiffusion/MammoDiffusion/experiments/diffusers/04_sd21_lora/generated_images/final/positive/gen_2396.png,gen_2396.png,60.7912,38.0,2.0,0.46100616455078125,0.969813818783616,0.4825897216796875,123.64935814335853,51.87951342385033,6.590054779534448,1171.168212890625,0.0,0.0,False,,-21.609793667304984,True,866.0
positive,/mnt/MammoDiffusion/MammoDiffusion/experiments/diffusers/04_sd21_lora/generated_images/final/positive/gen_2397.png,gen_2397.png,86.8956,73.0,1.0,0.2907524108886719,0.9324184258518218,0.2949485778808594,134.5444457377876,42.13756825437537,5.106205700182322,400.2022705078125,0.0,0.0,False,,-40.9189149346102,True,1350.0
positive,/mnt/MammoDiffusion/MammoDiffusion/experiments/diffusers/04_sd21_lora/generated_images/final/positive/gen_2398.png,gen_2398.png,150.478,101.0,5.0,0.17031478881835938,0.7748336954330638,0.09449386596679688,201.3239271729038,27.873355298286913,6.448966848348846,1756.2752685546875,0.0,0.0,True,too_empty,,False,
positive,/mnt/MammoDiffusion/MammoDiffusion/experiments/diffusers/04_sd21_lora/generated_images/final/positive/gen_2399.png,gen_2399.png,133.7912,111.0,2.0,0.1309051513671875,0.9279344911994405,0.1459503173828125,167.98165185572398,37.99639537736226,4.727933174361732,359.9921875,0.0,0.0,False,,-45.1491490177404,False,
positive,/mnt/MammoDiffusion/MammoDiffusion/experiments/diffusers/04_sd21_lora/generated_images/final/positive/gen_2400.png,gen_2400.png,110.5824,70.0,4.0,0.18981170654296875,0.38562643193054386,0.07933807373046875,166.63405135109144,46.438707988239095,6.245757617031013,1304.4903564453125,0.0,0.0,True,too_empty,,False,
positive,/mnt/MammoDiffusion/MammoDiffusion/experiments/diffusers/04_sd21_lora/generated_images/final/positive/gen_2401.png,gen_2401.png,59.6868,28.0,3.0,0.4626808166503906,0.9861735194452919,0.5205879211425781,118.79414372494853,57.653964930068106,7.013847234174052,1901.1209716796875,0.0,0.0,False,,-14.358560959503249,True,582.0
positive,/mnt/MammoDiffusion/MammoDiffusion/experiments/diffusers/04_sd21_lora/generated_images/final/positive/gen_2402.png,gen_2402.png,37.7912,15.0,2.0,0.5656318664550781,0.9969381630327023,0.5659408569335938,126.63470793620836,52.08476801167456,6.921724383643105,1388.137451171875,0.0,0.0,False,,-7.811171069868326,True,97.0
positive,/mnt/MammoDiffusion/MammoDiffusion/experiments/diffusers/04_sd21_lora/generated_images/final/positive/gen_2403.png,gen_2403.png,56.7912,34.0,2.0,0.5305252075195312,0.9902497950731265,0.5580558776855469,119.13923617994271,51.24608238010833,6.800170225555627,1058.72021484375,0.0,0.0,False,,-10.657882882519571,True,387.0
positive,/mnt/MammoDiffusion/MammoDiffusion/experiments/diffusers/04_sd21_lora/generated_images/final/positive/gen_2404.png,gen_2404.png,111.7912,89.0,2.0,0.14799118041992188,0.9453022296687718,0.1529541015625,150.00409018355947,37.234525637793695,5.184698937698325,708.7249755859375,0.0,0.0,False,,-34.98377796657809,True,1225.0
positive,/mnt/MammoDiffusion/MammoDiffusion/experiments/diffusers/04_sd21_lora/generated_images/final/positive/gen_2405.png,gen_2405.png,69.7912,47.0,2.0,0.26467132568359375,0.969920152200859,0.311767578125,128.23176879404855,58.632738805645154,5.780522066686666,1157.4437255859375,0.0,0.0,False,,-21.425786893404965,True,861.0
positive,/mnt/MammoDiffusion/MammoDiffusion/experiments/diffusers/04_sd21_lora/generated_images/final/positive/gen_2406.png,gen_2406.png,83.5824,43.0,4.0,0.2371978759765625,0.9703119974268254,0.24340438842773438,146.0117855407714,61.832558593323895,6.438249662685079,1956.9609375,0.0,0.0,False,,-24.071195082848575,True,935.0
positive,/mnt/MammoDiffusion/MammoDiffusion/experiments/diffusers/04_sd21_lora/generated_images/final/positive/gen_2407.png,gen_2407.png,111.5824,71.0,4.0,0.18292236328125,0.8583583583583584,0.16489028930664062,166.71546558704455,40.83913780508751,6.063149056414137,1306.583251953125,0.0,0.0,False,,-84.74083105013347,False,
positive,/mnt/MammoDiffusion/MammoDiffusion/experiments/diffusers/04_sd21_lora/generated_images/final/positive/gen_2408.png,gen_2408.png,220.0,216.0,38.0,0.254608154296875,0.8876453314155579,0.21942138671875,252.63609179415855,19.750106368190934,6.718159564504598,1388.7667236328125,0.0,0.0,False,,-72.9012488934533,False,
positive,/mnt/MammoDiffusion/MammoDiffusion/experiments/diffusers/04_sd21_lora/generated_images/final/positive/gen_2409.png,gen_2409.png,116.7912,94.0,2.0,0.13019180297851562,0.9527381405842539,0.12744522094726562,160.97449788979017,33.84215325347156,5.034581380583578,801.2352294921875,0.0,0.0,True,too_empty,,False,
positive,/mnt/MammoDiffusion/MammoDiffusion/experiments/diffusers/04_sd21_lora/generated_images/final/positive/gen_2410.png,gen_2410.png,61.6868,30.0,3.0,0.54296875,0.9922718075539568,0.5879096984863281,124.08605150632312,54.73135967699552,7.181080602196798,1539.140625,0.0,0.0,False,,-11.10077503833812,True,420.0
positive,/mnt/MammoDiffusion/MammoDiffusion/experiments/diffusers/04_sd21_lora/generated_images/final/positive/gen_2411.png,gen_2411.png,93.8956,80.0,1.0,0.3518218994140625,0.9507091122001995,0.40683746337890625,133.0396905766526,46.61321240230239,6.101801190454703,778.2662963867188,0.0,0.0,False,,-30.851702573863705,True,1102.0
positive,/mnt/MammoDiffusion/MammoDiffusion/experiments/diffusers/04_sd21_lora/generated_images/final/positive/gen_2412.png,gen_2412.png,220.0,236.0,13.0,0.5357551574707031,0.9741820641532273,0.5231285095214844,247.5211142305028,18.318883224176115,5.732319675533424,2044.9378662109375,0.0,0.0,False,,-24.21254150526549,True,941.0
positive,/mnt/MammoDiffusion/MammoDiffusion/experiments/diffusers/04_sd21_lora/generated_images/final/positive/gen_2413.png,gen_2413.png,124.8956,111.0,1.0,0.304595947265625,0.951320008015229,0.3146209716796875,152.78085746156458,28.40343242960976,5.101690170097093,212.80447387695312,0.0,0.0,False,,-31.789804786525664,True,1137.0
positive,/mnt/MammoDiffusion/MammoDiffusion/experiments/diffusers/04_sd21_lora/generated_images/final/positive/gen_2414.png,gen_2414.png,124.5824,84.0,4.0,0.22510910034179688,0.7118503329887648,0.16853713989257812,174.8332314795953,39.53295534753577,6.51527360680211,1465.465576171875,0.0,0.0,True,fragmented_mask,,False,
positive,/mnt/MammoDiffusion/MammoDiffusion/experiments/diffusers/04_sd21_lora/generated_images/final/positive/gen_2415.png,gen_2415.png,10.0,5.0,0.0,0.6458778381347656,0.9971059516989245,0.6555862426757812,99.0449673567713,67.10675603982969,6.482502510959682,1763.30908203125,0.0,0.0,False,,-8.569566573898442,True,182.0
positive,/mnt/MammoDiffusion/MammoDiffusion/experiments/diffusers/04_sd21_lora/generated_images/final/positive/gen_2416.png,gen_2416.png,40.6868,9.0,3.0,0.6678314208984375,0.9972353599744099,0.6767044067382812,125.10967676471583,54.48561254300666,7.398977519352423,1439.950439453125,0.0,0.0,False,,-9.05002596467236,True,249.0
positive,/mnt/MammoDiffusion/MammoDiffusion/experiments/diffusers/04_sd21_lora/generated_images/final/positive/gen_2417.png,gen_2417.png,197.0,161.0,4.0,0.04897308349609375,0.6606169185231344,0.0317840576171875,213.2695631301008,12.720492014537406,7.021950097933204,952.1817016601562,0.0,0.0,True,too_empty,,False,
positive,/mnt/MammoDiffusion/MammoDiffusion/experiments/diffusers/04_sd21_lora/generated_images/final/positive/gen_2418.png,gen_2418.png,166.3736,108.0,6.0,0.0798187255859375,0.622060791435672,0.0467681884765625,200.9110929853181,15.352564311619544,6.283515112410563,1795.3455810546875,0.0,0.0,True,too_empty,,False,
positive,/mnt/MammoDiffusion/MammoDiffusion/experiments/diffusers/04_sd21_lora/generated_images/final/positive/gen_2419.png,gen_2419.png,75.7912,53.0,2.0,0.46672821044921875,0.978185533306089,0.5187568664550781,125.30897351991705,50.14649658177465,6.613428183181314,1269.16796875,0.0,0.0,False,,-17.277469151665514,True,699.0
positive,/mnt/MammoDiffusion/MammoDiffusion/experiments/diffusers/04_sd21_lora/generated_images/final/positive/gen_2420.png,gen_2420.png,123.7912,101.0,2.0,0.16027069091796875,0.44328081115818535,0.06768798828125,162.49881650135256,39.32758192582203,5.262349185921031,663.2813720703125,0.0,0.0,True,too_empty,,False,
positive,/mnt/MammoDiffusion/MammoDiffusion/experiments/diffusers/04_sd21_lora/generated_images/final/positive/gen_2421.png,gen_2421.png,109.5824,69.0,4.0,0.16501617431640625,0.9066299875167599,0.16296005249023438,172.05896673611272,49.05058260697287,6.180001535807947,1542.366455078125,0.0,0.0,False,,-59.10034022920602,False,
positive,/mnt/MammoDiffusion/MammoDiffusion/experiments/diffusers/04_sd21_lora/generated_images/final/positive/gen_2422.png,gen_2422.png,107.6868,76.0,3.0,0.26320648193359375,0.9266645410011884,0.2899894714355469,153.26393401649588,47.9674478138625,6.387891730775748,1220.451171875,0.0,0.0,False,,-46.277481064993665,False,
positive,/mnt/MammoDiffusion/MammoDiffusion/experiments/diffusers/04_sd21_lora/generated_images/final/positive/gen_2423.png,gen_2423.png,142.478,93.0,5.0,0.10470962524414062,0.9103063863893038,0.0880126953125,180.48920769764217,26.012372456881025,5.919938179326026,1909.916748046875,0.0,0.0,True,too_empty,,False,
positive,/mnt/MammoDiffusion/MammoDiffusion/experiments/diffusers/04_sd21_lora/generated_images/final/positive/gen_2424.png,gen_2424.png,109.8956,96.0,1.0,0.09314346313476562,0.9895564565671459,0.08705520629882812,173.83729897901057,34.5791216178278,4.014669122728915,283.38623046875,0.0,0.0,True,too_empty,,False,
positive,/mnt/MammoDiffusion/MammoDiffusion/experiments/diffusers/04_sd21_lora/generated_images/final/positive/gen_2425.png,gen_2425.png,89.7912,67.0,2.0,0.37451934814453125,0.9320316160443276,0.36940765380859375,146.2972490138169,44.49306968780746,6.219402268225897,982.3265380859375,0.0,0.0,False,,-41.84447817890606,False,
positive,/mnt/MammoDiffusion/MammoDiffusion/experiments/diffusers/04_sd21_lora/generated_images/final/positive/gen_2426.png,gen_2426.png,140.8956,127.0,1.0,0.08784866333007812,0.7675105302010509,0.0736083984375,161.0195895522388,23.51624358683123,4.157289399939842,259.1094970703125,0.0,0.0,True,too_empty,,False,
positive,/mnt/MammoDiffusion/MammoDiffusion/experiments/diffusers/04_sd21_lora/generated_images/final/positive/gen_2427.png,gen_2427.png,220.0,208.0,8.0,0.09387588500976562,0.030557925962046407,0.0014190673828125,227.58064516129033,3.9968336409787417,6.958240753831596,1323.56005859375,0.0,0.0,True,too_empty,,False,
positive,/mnt/MammoDiffusion/MammoDiffusion/experiments/diffusers/04_sd21_lora/generated_images/final/positive/gen_2428.png,gen_2428.png,53.6868,22.0,3.0,0.41370391845703125,0.9902720147533426,0.4473686218261719,117.20046045619272,56.70033277818933,6.785281735280073,1740.0989990234375,0.0,0.0,False,,-11.049645521804358,True,416.0
positive,/mnt/MammoDiffusion/MammoDiffusion/experiments/diffusers/04_sd21_lora/generated_images/final/positive/gen_2429.png,gen_2429.png,129.0,122.0,2.0,0.04494476318359375,0.9113902563232049,0.036663055419921875,180.40588908542296,21.379039408990455,3.946017513982724,225.83290100097656,0.0,0.0,True,too_empty,,False,
positive,/mnt/MammoDiffusion/MammoDiffusion/experiments/diffusers/04_sd21_lora/generated_images/final/positive/gen_2430.png,gen_2430.png,86.6868,55.0,3.0,0.20219802856445312,0.9542495990944251,0.23361587524414062,137.5354909292794,52.01646403776155,5.914879102172125,1432.3980712890625,0.0,0.0,False,,-30.941740155671045,True,1106.0
positive,/mnt/MammoDiffusion/MammoDiffusion/experiments/diffusers/04_sd21_lora/generated_images/final/positive/gen_2431.png,gen_2431.png,31.7912,9.0,2.0,0.62408447265625,0.996002444987775,0.6323013305664062,110.69782931331974,55.44296528808656,7.0840842231926135,1442.1270751953125,0.0,0.0,False,,-8.754856308242353,True,211.0
positive,/mnt/MammoDiffusion/MammoDiffusion/experiments/diffusers/04_sd21_lora/generated_images/final/positive/gen_2432.png,gen_2432.png,116.47800000000001,67.0,5.0,0.2754478454589844,0.9582034982757904,0.3190116882324219,153.4597558204886,44.433982679345156,6.876462501504356,1843.5224609375,0.0,0.0,False,,-29.57553591367128,True,1077.0
positive,/mnt/MammoDiffusion/MammoDiffusion/experiments/diffusers/04_sd21_lora/generated_images/final/positive/gen_2433.png,gen_2433.png,59.7912,37.0,2.0,0.4979743957519531,0.9458024681900705,0.5277862548828125,122.75197317066119,56.39840481144822,6.681753335414686,1333.34716796875,0.0,0.0,False,,-35.828280266927294,True,1250.0
positive,/mnt/MammoDiffusion/MammoDiffusion/experiments/diffusers/04_sd21_lora/generated_images/final/positive/gen_2434.png,gen_2434.png,108.6868,77.0,3.0,0.17258834838867188,0.9253144132794023,0.17625045776367188,156.8959807804688,42.04868179718755,5.767380560999852,1043.0494384765625,0.0,0.0,False,,-46.657215759472834,False,
positive,/mnt/MammoDiffusion/MammoDiffusion/experiments/diffusers/04_sd21_lora/generated_images/final/positive/gen_2435.png,gen_2435.png,73.5824,33.0,4.0,0.3999176025390625,0.9751421267503529,0.4445152282714844,130.36339217520404,54.27900798550365,7.023320205472906,1986.003173828125,0.0,0.0,False,,-20.19967744381768,True,817.0
positive,/mnt/MammoDiffusion/MammoDiffusion/experiments/diffusers/04_sd21_lora/generated_images/final/positive/gen_2436.png,gen_2436.png,125.5824,85.0,4.0,0.2827339172363281,0.9176437254610953,0.31021881103515625,166.64320847987014,43.43618118387383,6.591889775388321,1488.843017578125,0.0,0.0,False,,-51.77015567686763,False,
positive,/mnt/MammoDiffusion/MammoDiffusion/experiments/diffusers/04_sd21_lora/generated_images/final/positive/gen_2437.png,gen_2437.png,220.0,255.0,0.0,0.20304107666015625,0.91419606959005,0.16604232788085938,253.1851264732235,15.221062894658038,6.785176802356814,1167.2354736328125,0.0,0.0,False,,-58.6490166354792,False,
positive,/mnt/MammoDiffusion/MammoDiffusion/experiments/diffusers/04_sd21_lora/generated_images/final/positive/gen_2438.png,gen_2438.png,119.8956,106.0,1.0,0.23730850219726562,0.9486087222106127,0.2672767639160156,151.19023763648042,33.50029164104206,5.159894193168982,400.84918212890625,0.0,0.0,False,,-33.031697189168284,True,1166.0
positive,/mnt/MammoDiffusion/MammoDiffusion/experiments/diffusers/04_sd21_lora/generated_images/final/positive/gen_2439.png,gen_2439.png,55.5824,15.0,4.0,0.4174079895019531,0.9894901344348891,0.4514808654785156,115.38800875347478,53.75191648710501,7.036801348170884,2126.940185546875,0.0,0.0,False,,-11.972228988144899,True,468.0
positive,/mnt/MammoDiffusion/MammoDiffusion/experiments/diffusers/04_sd21_lora/generated_images/final/positive/gen_2440.png,gen_2440.png,94.7912,72.0,2.0,0.20675277709960938,0.8354766693112419,0.18240737915039062,141.50465315682706,49.208973167806384,5.935590208492844,1089.9498291015625,0.0,0.0,False,,-96.75565323618841,False,
positive,/mnt/MammoDiffusion/MammoDiffusion/experiments/diffusers/04_sd21_lora/generated_images/final/positive/gen_2441.png,gen_2441.png,220.0,254.0,1.0,0.3046607971191406,0.923746321918237,0.2770805358886719,251.79391477937634,24.12422763655096,6.380462009207748,2009.3480224609375,0.0,0.0,False,,-52.56493473197096,False,
positive,/mnt/MammoDiffusion/MammoDiffusion/experiments/diffusers/04_sd21_lora/generated_images/final/positive/gen_2442.png,gen_2442.png,66.6868,35.0,3.0,0.4763641357421875,0.9540023703513886,0.5124397277832031,129.39000096774433,52.6385796296708,7.045501497860659,1482.658203125,0.0,0.0,False,,-31.651559456554974,True,1133.0
positive,/mnt/MammoDiffusion/MammoDiffusion/experiments/diffusers/04_sd21_lora/generated_images/final/positive/gen_2443.png,gen_2443.png,132.5824,92.0,4.0,0.15884780883789062,0.9274753248000769,0.16497421264648438,177.04793396073717,39.64057877687298,5.884270051253734,1119.5582275390625,0.0,0.0,False,,-46.2861942694756,False,
positive,/mnt/MammoDiffusion/MammoDiffusion/experiments/diffusers/04_sd21_lora/generated_images/final/positive/gen_2444.png,gen_2444.png,63.7912,41.0,2.0,0.22316741943359375,0.975693138696113,0.228363037109375,139.71943070960845,53.86078030988144,5.557273281463486,1349.0975341796875,0.0,0.0,False,,-18.812946684550564,True,763.0
positive,/mnt/MammoDiffusion/MammoDiffusion/experiments/diffusers/04_sd21_lora/generated_images/final/positive/gen_2445.png,gen_2445.png,84.8956,71.0,1.0,0.30316925048828125,0.9384956086267207,0.332183837890625,135.6038125861277,49.26678653576515,5.320951190722473,705.8640747070312,0.0,0.0,False,,-37.66444032090516,True,1283.0
positive,/mnt/MammoDiffusion/MammoDiffusion/experiments/diffusers/04_sd21_lora/generated_images/final/positive/gen_2446.png,gen_2446.png,37.6868,6.0,3.0,0.6313209533691406,0.9967914826250627,0.6473884582519531,115.03228467553282,54.477057194240906,7.301246364470583,1870.3369140625,0.0,0.0,False,,-9.224109354824316,True,267.0
positive,/mnt/MammoDiffusion/MammoDiffusion/experiments/diffusers/04_sd21_lora/generated_images/final/positive/gen_2447.png,gen_2447.png,80.8956,67.0,1.0,0.37012481689453125,0.9627110259105807,0.41094970703125,136.11103891281746,53.53357472079712,6.095965625836674,985.9359130859375,0.0,0.0,False,,-24.853009517388756,True,958.0
positive,/mnt/MammoDiffusion/MammoDiffusion/experiments/diffusers/04_sd21_lora/generated_images/final/positive/gen_2448.png,gen_2448.png,56.5824,16.0,4.0,0.57293701171875,0.9898862788963461,0.6701812744140625,109.15033810705584,56.238748524703595,7.312865686012586,1328.7840576171875,0.0,0.0,False,,-12.500920706620875,True,501.0
positive,/mnt/MammoDiffusion/MammoDiffusion/experiments/diffusers/04_sd21_lora/generated_images/final/positive/gen_2449.png,gen_2449.png,81.6868,50.0,3.0,0.3182945251464844,0.9847433454379846,0.36530303955078125,139.72743885883753,57.602897533372804,6.530734138246332,1595.564208984375,0.0,0.0,False,,-14.391760128648018,True,584.0
positive,/mnt/MammoDiffusion/MammoDiffusion/experiments/diffusers/04_sd21_lora/generated_images/final/positive/gen_2450.png,gen_2450.png,130.7912,108.0,2.0,0.14742660522460938,0.8081092969700107,0.06408309936523438,162.3328769569617,34.048596099784376,5.397889452817319,568.2717895507812,0.0,0.0,True,too_empty,,False,
positive,/mnt/MammoDiffusion/MammoDiffusion/experiments/diffusers/04_sd21_lora/generated_images/final/positive/gen_2451.png,gen_2451.png,81.7912,59.0,2.0,0.25064849853515625,0.9867896386935744,0.27420806884765625,141.94822069502797,52.4143768407608,5.854623884461885,1346.3658447265625,0.0,0.0,False,,-12.598221995205417,True,507.0
positive,/mnt/MammoDiffusion/MammoDiffusion/experiments/diffusers/04_sd21_lora/generated_images/final/positive/gen_2452.png,gen_2452.png,67.8956,54.0,1.0,0.29758453369140625,0.9774387898987309,0.3228759765625,138.41580812854443,60.40237088801433,5.635586246843241,1205.3033447265625,0.0,0.0,False,,-17.528520549208043,True,706.0
positive,/mnt/MammoDiffusion/MammoDiffusion/experiments/diffusers/04_sd21_lora/generated_images/final/positive/gen_2453.png,gen_2453.png,62.7912,40.0,2.0,0.4127197265625,0.9877162821650399,0.4335441589355469,125.55482133901154,50.15783213763558,6.328768085847829,1124.15380859375,0.0,0.0,False,,-10.960288015266144,True,410.0
positive,/mnt/MammoDiffusion/MammoDiffusion/experiments/diffusers/04_sd21_lora/generated_images/final/positive/gen_2454.png,gen_2454.png,103.8956,90.0,1.0,0.2598304748535156,0.9540616328747816,0.29451751708984375,143.45809911146802,44.981297502100624,5.438202519178992,566.1732177734375,0.0,0.0,False,,-29.500573837630323,True,1076.0
positive,/mnt/MammoDiffusion/MammoDiffusion/experiments/diffusers/04_sd21_lora/generated_images/final/positive/gen_2455.png,gen_2455.png,37.6868,6.0,3.0,0.5015640258789062,0.991496934941665,0.5475540161132812,105.52577017932533,60.65927359420438,7.155632216169424,2784.791259765625,0.0,0.0,False,,-12.619565852593713,True,510.0
positive,/mnt/MammoDiffusion/MammoDiffusion/experiments/diffusers/04_sd21_lora/generated_images/final/positive/gen_2456.png,gen_2456.png,64.6868,33.0,3.0,0.4120979309082031,0.993825731979376,0.4206504821777344,142.4275013376137,51.827846682942756,6.730547006269629,1606.7744140625,0.0,0.0,False,,-9.104912425068125,True,254.0
positive,/mnt/MammoDiffusion/MammoDiffusion/experiments/diffusers/04_sd21_lora/generated_images/final/positive/gen_2457.png,gen_2457.png,78.47800000000001,29.0,5.0,0.5205001831054688,0.9884056696422028,0.5890846252441406,135.3254848632022,54.11372402712338,7.508347990793421,2024.8067626953125,0.0,0.0,False,,-14.475754475558826,True,590.0
positive,/mnt/MammoDiffusion/MammoDiffusion/experiments/diffusers/04_sd21_lora/generated_images/final/positive/gen_2458.png,gen_2458.png,31.7912,9.0,2.0,0.5361480712890625,0.9962930813672197,0.5482101440429688,108.91615753948925,56.884105694261876,7.024636312806438,1677.652587890625,0.0,0.0,False,,-8.305298124429497,True,154.0
positive,/mnt/MammoDiffusion/MammoDiffusion/experiments/diffusers/04_sd21_lora/generated_images/final/positive/gen_2459.png,gen_2459.png,72.5824,32.0,4.0,0.5213661193847656,0.9882200580948688,0.6028366088867188,122.00106941719926,53.2565565580674,7.263194619002022,999.396484375,0.0,0.0,False,,-12.699373519954811,True,515.0
positive,/mnt/MammoDiffusion/MammoDiffusion/experiments/diffusers/04_sd21_lora/generated_images/final/positive/gen_2460.png,gen_2460.png,169.5824,129.0,4.0,0.08271408081054688,0.8934188073606051,0.07204818725585938,198.93614655583207,22.538793078889004,5.516990174533494,1139.87890625,0.0,0.0,True,too_empty,,False,
positive,/mnt/MammoDiffusion/MammoDiffusion/experiments/diffusers/04_sd21_lora/generated_images/final/positive/gen_2461.png,gen_2461.png,124.6868,93.0,3.0,0.12281036376953125,0.6595949555817854,0.07986068725585938,175.6776212085025,40.75850884483698,5.670749406715011,982.8596801757812,0.0,0.0,True,too_empty,,False,
positive,/mnt/MammoDiffusion/MammoDiffusion/experiments/diffusers/04_sd21_lora/generated_images/final/positive/gen_2462.png,gen_2462.png,195.0,185.0,5.0,0.04726409912109375,0.49564164648910414,0.021862030029296875,211.5321933344966,11.811073197058285,7.041113612709771,1155.58935546875,0.0,0.0,True,too_empty,,False,
positive,/mnt/MammoDiffusion/MammoDiffusion/experiments/diffusers/04_sd21_lora/generated_images/final/positive/gen_2463.png,gen_2463.png,95.6868,64.0,3.0,0.21181106567382812,0.9569383160738406,0.23955535888671875,146.11764705882354,49.43367334625243,5.882700822317168,1219.0611572265625,0.0,0.0,False,,-29.194190396700762,True,1068.0
positive,/mnt/MammoDiffusion/MammoDiffusion/experiments/diffusers/04_sd21_lora/generated_images/final/positive/gen_2464.png,gen_2464.png,59.478,10.0,5.0,0.4291801452636719,0.9338618930377666,0.4889411926269531,116.93241946431776,59.509098047298366,7.344009767197166,2895.56396484375,0.0,0.0,False,,-44.814710326264624,False,
positive,/mnt/MammoDiffusion/MammoDiffusion/experiments/diffusers/04_sd21_lora/generated_images/final/positive/gen_2465.png,gen_2465.png,69.8956,56.0,1.0,0.65106201171875,0.994814615168276,0.7047462463378906,116.92206013694552,48.288748875748745,6.8592692736484775,837.2810668945312,0.0,0.0,False,,-8.671076385961985,True,201.0
positive,/mnt/MammoDiffusion/MammoDiffusion/experiments/diffusers/04_sd21_lora/generated_images/final/positive/gen_2466.png,gen_2466.png,73.3736,15.0,6.0,0.5263481140136719,0.9652410874118525,0.5685539245605469,129.62555772495185,50.29996540255096,7.570519785314659,2637.42822265625,0.0,0.0,False,,-27.571491767847778,True,1029.0
positive,/mnt/MammoDiffusion/MammoDiffusion/experiments/diffusers/04_sd21_lora/generated_images/final/positive/gen_2467.png,gen_2467.png,141.6868,110.0,3.0,0.10300827026367188,0.8271303188534608,0.0828094482421875,177.2745531601253,26.47530988482644,5.020742766133465,523.432373046875,0.0,0.0,True,too_empty,,False,
positive,/mnt/MammoDiffusion/MammoDiffusion/experiments/diffusers/04_sd21_lora/generated_images/final/positive/gen_2468.png,gen_2468.png,197.0,191.0,3.0,0.043704986572265625,0.25713537575281487,0.011077880859375,211.91838842975207,12.176724088360277,6.572237250081631,1568.0439453125,0.0,0.0,True,too_empty,,False,
positive,/mnt/MammoDiffusion/MammoDiffusion/experiments/diffusers/04_sd21_lora/generated_images/final/positive/gen_2469.png,gen_2469.png,220.0,170.0,71.0,0.167938232421875,0.8637561330183536,0.14121627807617188,250.92395796753019,26.449151290324227,6.874112473351492,1851.03466796875,0.0,0.0,False,,-86.89042168291161,False,
positive,/mnt/MammoDiffusion/MammoDiffusion/experiments/diffusers/04_sd21_lora/generated_images/final/positive/gen_2470.png,gen_2470.png,220.0,202.0,47.0,0.2797698974609375,0.9091491682574312,0.25390625,247.01765324519232,22.084428202060668,6.799404810354323,1902.9857177734375,0.0,0.0,False,,-61.10594010283382,False,
positive,/mnt/MammoDiffusion/MammoDiffusion/experiments/diffusers/04_sd21_lora/generated_images/final/positive/gen_2471.png,gen_2471.png,220.0,253.0,0.0,0.3294715881347656,0.9278792159223795,0.30743408203125,247.23014691284496,32.422594025976615,6.319390829215773,1591.988525390625,0.0,0.0,False,,-48.76590954317797,False,
positive,/mnt/MammoDiffusion/MammoDiffusion/experiments/diffusers/04_sd21_lora/generated_images/final/positive/gen_2472.png,gen_2472.png,220.0,236.0,16.0,0.2814750671386719,0.949462642470896,0.2442626953125,251.29892866066967,12.598401545073592,6.6310815442675315,1939.23046875,0.0,0.0,False,,-39.466901307499825,True,1321.0
positive,/mnt/MammoDiffusion/MammoDiffusion/experiments/diffusers/04_sd21_lora/generated_images/final/positive/gen_2473.png,gen_2473.png,138.6868,107.0,3.0,0.15967178344726562,0.7933201137205247,0.130767822265625,168.67640023337222,26.61612417604911,5.7412529904757985,879.3440551757812,0.0,0.0,True,too_empty,,False,
positive,/mnt/MammoDiffusion/MammoDiffusion/experiments/diffusers/04_sd21_lora/generated_images/final/positive/gen_2474.png,gen_2474.png,81.5824,41.0,4.0,0.3615913391113281,0.973921024591461,0.441864013671875,127.11257683541682,55.30530058245717,7.007085413831349,2064.371826171875,0.0,0.0,False,,-20.9134727647217,True,842.0
positive,/mnt/MammoDiffusion/MammoDiffusion/experiments/diffusers/04_sd21_lora/generated_images/final/positive/gen_2475.png,gen_2475.png,130.478,81.0,5.0,0.10306930541992188,0.9749065472445316,0.10963821411132812,169.35005740927593,34.38266630128473,5.690064903216296,1346.7567138671875,0.0,0.0,True,too_empty,,False,
positive,/mnt/MammoDiffusion/MammoDiffusion/experiments/diffusers/04_sd21_lora/generated_images/final/positive/gen_2476.png,gen_2476.png,145.6868,114.0,3.0,0.1181793212890625,0.4306972240154939,0.049732208251953125,198.76405614788678,26.25434540233762,5.58636826103285,778.8956298828125,0.0,0.0,True,too_empty,,False,
positive,/mnt/MammoDiffusion/MammoDiffusion/experiments/diffusers/04_sd21_lora/generated_images/final/positive/gen_2477.png,gen_2477.png,76.7912,54.0,2.0,0.5024452209472656,0.9879282986493361,0.5578765869140625,132.00196247367413,49.983140564282415,6.8219090628535906,1213.9989013671875,0.0,0.0,False,,-12.462149125972267,True,497.0
positive,/mnt/MammoDiffusion/MammoDiffusion/experiments/diffusers/04_sd21_lora/generated_images/final/positive/gen_2478.png,gen_2478.png,79.6868,48.0,3.0,0.254302978515625,0.9015360614424577,0.2909812927246094,128.1097943077387,58.38016689949057,6.199933705546405,1390.6226806640625,0.0,0.0,False,,-60.214124401468474,False,
positive,/mnt/MammoDiffusion/MammoDiffusion/experiments/diffusers/04_sd21_lora/generated_images/final/positive/gen_2479.png,gen_2479.png,131.6868,100.0,3.0,0.06383514404296875,0.9683279550615513,0.060199737548828125,185.80026614283,31.58920071969224,4.895819425366604,790.9189453125,0.0,0.0,True,too_empty,,False,
positive,/mnt/MammoDiffusion/MammoDiffusion/experiments/diffusers/04_sd21_lora/generated_images/final/positive/gen_2480.png,gen_2480.png,94.7912,72.0,2.0,0.27362060546875,0.9076650680347981,0.29428863525390625,147.17618541466828,51.6855481682678,5.992563084566032,982.0137939453125,0.0,0.0,False,,-56.191010988895336,False,
positive,/mnt/MammoDiffusion/MammoDiffusion/experiments/diffusers/04_sd21_lora/generated_images/final/positive/gen_2481.png,gen_2481.png,79.6868,48.0,3.0,0.22246551513671875,0.9547652525806783,0.23818588256835938,139.58027835167124,57.96744259229719,6.1246032643777895,1519.24951171875,0.0,0.0,False,,-31.420907004250818,True,1120.0
positive,/mnt/MammoDiffusion/MammoDiffusion/experiments/diffusers/04_sd21_lora/generated_images/final/positive/gen_2482.png,gen_2482.png,120.6868,89.0,3.0,0.17696380615234375,0.8126320327656823,0.15202713012695312,160.86073821293252,31.132591894974926,5.95372534362998,1080.175537109375,0.0,0.0,False,,-110.26468958005843,False,
positive,/mnt/MammoDiffusion/MammoDiffusion/experiments/diffusers/04_sd21_lora/generated_images/final/positive/gen_2483.png,gen_2483.png,96.7912,74.0,2.0,0.5343055725097656,0.9941741334380466,0.5877304077148438,144.7769844875706,44.581938479313905,6.736687927778032,989.428466796875,0.0,0.0,False,,-8.84391417828433,True,224.0
positive,/mnt/MammoDiffusion/MammoDiffusion/experiments/diffusers/04_sd21_lora/generated_images/final/positive/gen_2484.png,gen_2484.png,70.6868,39.0,3.0,0.2716178894042969,0.9452551156552392,0.32132720947265625,130.73533252605836,62.8118579947502,6.289858272724604,1431.917236328125,0.0,0.0,False,,-36.26773157493138,True,1258.0
positive,/mnt/MammoDiffusion/MammoDiffusion/experiments/diffusers/04_sd21_lora/generated_images/final/positive/gen_2485.png,gen_2485.png,78.47800000000001,29.0,5.0,0.4366455078125,0.9633771316745876,0.4774818420410156,131.30561081417923,49.7072567215583,7.228603881262602,1769.466796875,0.0,0.0,False,,-26.595853219747262,True,1005.0
positive,/mnt/MammoDiffusion/MammoDiffusion/experiments/diffusers/04_sd21_lora/generated_images/final/positive/gen_2486.png,gen_2486.png,108.7912,86.0,2.0,0.3365020751953125,0.8395796490273432,0.28887939453125,156.06203781956475,40.63250882130337,6.5769827628387585,523.2755126953125,0.0,0.0,False,,-94.35597303794286,False,
positive,/mnt/MammoDiffusion/MammoDiffusion/experiments/diffusers/04_sd21_lora/generated_images/final/positive/gen_2487.png,gen_2487.png,196.0,187.0,3.0,0.048442840576171875,0.3766438302228522,0.014217376708984375,211.51811108129863,9.999550935744974,6.570256244972308,1167.0338134765625,0.0,0.0,True,too_empty,,False,
positive,/mnt/MammoDiffusion/MammoDiffusion/experiments/diffusers/04_sd21_lora/generated_images/final/positive/gen_2488.png,gen_2488.png,125.6868,94.0,3.0,0.19709014892578125,0.7718035071420276,0.17287826538085938,162.09962708797636,35.96004154004079,6.1645177607668495,1123.5140380859375,0.0,0.0,False,,-132.75160035711602,False,
positive,/mnt/MammoDiffusion/MammoDiffusion/experiments/diffusers/04_sd21_lora/generated_images/final/positive/gen_2489.png,gen_2489.png,81.47800000000001,32.0,5.0,0.5100898742675781,0.9946828002423028,0.5263710021972656,144.72422364749792,44.288117983463884,7.3076877106453155,1860.4820556640625,0.0,0.0,False,,-9.760853253560143,True,311.0
positive,/mnt/MammoDiffusion/MammoDiffusion/experiments/diffusers/04_sd21_lora/generated_images/final/positive/gen_2490.png,gen_2490.png,103.8956,90.0,1.0,0.19948577880859375,0.9701686617967644,0.22840499877929688,149.1187974947808,49.60685116556313,5.021668745592061,616.876708984375,0.0,0.0,False,,-21.029878612246545,True,846.0
positive,/mnt/MammoDiffusion/MammoDiffusion/experiments/diffusers/04_sd21_lora/generated_images/final/positive/gen_2491.png,gen_2491.png,220.0,254.0,0.0,0.34796905517578125,0.9098423556754149,0.3093376159667969,253.24140780111233,11.464419356634915,6.170273073110033,1654.6336669921875,0.0,0.0,False,,-60.36154212777421,False,
positive,/mnt/MammoDiffusion/MammoDiffusion/experiments/diffusers/04_sd21_lora/generated_images/final/positive/gen_2492.png,gen_2492.png,116.6868,85.0,3.0,0.1341552734375,0.8657870791628753,0.15319061279296875,150.72496140246028,48.46141989824448,5.683510237383972,1171.127197265625,0.0,0.0,False,,-80.20378015895926,False,
positive,/mnt/MammoDiffusion/MammoDiffusion/experiments/diffusers/04_sd21_lora/generated_images/final/positive/gen_2493.png,gen_2493.png,56.7912,34.0,2.0,0.3025169372558594,0.9896094725294126,0.3201446533203125,122.36705829083456,55.36011373336641,5.976273291506338,1626.758056640625,0.0,0.0,False,,-10.797744336055732,True,397.0
positive,/mnt/MammoDiffusion/MammoDiffusion/experiments/diffusers/04_sd21_lora/generated_images/final/positive/gen_2494.png,gen_2494.png,220.0,216.0,29.0,0.36960601806640625,0.9485499019506657,0.35228729248046875,242.88937736870602,24.040631523342594,6.314415654796518,2100.314697265625,0.0,0.0,False,,-38.066787489257194,True,1294.0
positive,/mnt/MammoDiffusion/MammoDiffusion/experiments/diffusers/04_sd21_lora/generated_images/final/positive/gen_2495.png,gen_2495.png,109.5824,69.0,4.0,0.206512451171875,0.8873023496379489,0.21295928955078125,168.3831906280228,52.82981824980954,6.283562518228962,1555.562255859375,0.0,0.0,False,,-69.76742446871705,False,
positive,/mnt/MammoDiffusion/MammoDiffusion/experiments/diffusers/04_sd21_lora/generated_images/final/positive/gen_2496.png,gen_2496.png,52.8956,39.0,1.0,0.5543556213378906,0.9981214002105683,0.5543174743652344,129.53370357371432,48.16858831050488,6.1765746754830495,681.566650390625,0.0,0.0,False,,-5.716658735124303,True,8.0
positive,/mnt/MammoDiffusion/MammoDiffusion/experiments/diffusers/04_sd21_lora/generated_images/final/positive/gen_2497.png,gen_2497.png,75.6868,44.0,3.0,0.2606048583984375,0.9280695591076761,0.2788505554199219,139.9922570760202,58.098291757889214,6.310870011667357,1639.7763671875,0.0,0.0,False,,-46.32291147602302,False,
positive,/mnt/MammoDiffusion/MammoDiffusion/experiments/diffusers/04_sd21_lora/generated_images/final/positive/gen_2498.png,gen_2498.png,60.5824,20.0,4.0,0.3198432922363281,0.9875484525016399,0.3442192077636719,135.39452540588462,59.67883818311073,6.673933823871832,1743.485107421875,0.0,0.0,False,,-13.313919413463452,True,543.0
positive,/mnt/MammoDiffusion/MammoDiffusion/experiments/diffusers/04_sd21_lora/generated_images/final/positive/gen_2499.png,gen_2499.png,114.7912,92.0,2.0,0.2364501953125,0.9555691791430047,0.25702667236328125,153.92542076048562,40.04830267973539,5.615091271297804,697.5656127929688,0.0,0.0,False,,-28.94037700053337,True,1063.0
positive,/mnt/MammoDiffusion/MammoDiffusion/experiments/diffusers/04_sd21_lora/generated_images/final/positive/gen_2500.png,gen_2500.png,155.6868,124.0,3.0,0.05966949462890625,0.9808208668968162,0.05327606201171875,190.73671774309037,18.94629179363556,4.736041071652951,515.5849609375,0.0,0.0,True,too_empty,,False,
positive,/mnt/MammoDiffusion/MammoDiffusion/experiments/diffusers/04_sd21_lora/generated_images/final/positive/gen_2501.png,gen_2501.png,82.7912,60.0,2.0,0.4274864196777344,0.9928165406958586,0.4509124755859375,146.99761429393251,50.19912443527421,6.477728771347467,1003.0340576171875,0.0,0.0,False,,-8.901213042899977,True,237.0
positive,/mnt/MammoDiffusion/MammoDiffusion/experiments/diffusers/04_sd21_lora/generated_images/final/positive/gen_2502.png,gen_2502.png,220.0,234.0,19.0,0.17343521118164062,0.527658638513142,0.0921478271484375,250.3732406027488,19.175474620080443,6.779178408599022,1970.957275390625,0.0,0.0,True,too_empty,,False,
positive,/mnt/MammoDiffusion/MammoDiffusion/experiments/diffusers/04_sd21_lora/generated_images/final/positive/gen_2503.png,gen_2503.png,83.8956,70.0,1.0,0.4910736083984375,0.9685625951589348,0.5237274169921875,140.56426448737,46.14620608775603,6.150686621338993,818.7035522460938,0.0,0.0,False,,-21.922292629053352,True,876.0
positive,/mnt/MammoDiffusion/MammoDiffusion/experiments/diffusers/04_sd21_lora/generated_images/final/positive/gen_2504.png,gen_2504.png,220.0,218.0,14.0,0.4221229553222656,0.9692834615071798,0.4039573669433594,230.23223948250626,23.210004651454742,6.6314441662233286,1408.092041015625,0.0,0.0,False,,-25.356761688103933,True,978.0
positive,/mnt/MammoDiffusion/MammoDiffusion/experiments/diffusers/04_sd21_lora/generated_images/final/positive/gen_2505.png,gen_2505.png,99.6868,68.0,3.0,0.40245819091796875,0.9776402343083543,0.455841064453125,141.13721798219188,43.717008911320285,6.48457724189123,716.4907836914062,0.0,0.0,False,,-16.725161270441816,True,684.0
positive,/mnt/MammoDiffusion/MammoDiffusion/experiments/diffusers/04_sd21_lora/generated_images/final/positive/gen_2506.png,gen_2506.png,41.7912,19.0,2.0,0.3464012145996094,0.9756076073430462,0.37133026123046875,113.8230979433338,61.66682253670094,6.102504126503809,1567.677978515625,0.0,0.0,False,,-18.462811472675597,True,743.0
positive,/mnt/MammoDiffusion/MammoDiffusion/experiments/diffusers/04_sd21_lora/generated_images/final/positive/gen_2507.png,gen_2507.png,99.47800000000001,50.0,5.0,0.31693267822265625,0.8798897474783949,0.3091926574707031,156.5337371843115,52.53762981357746,7.009613450953003,1815.8314208984375,0.0,0.0,False,,-73.8875395455509,False,
positive,/mnt/MammoDiffusion/MammoDiffusion/experiments/diffusers/04_sd21_lora/generated_images/final/positive/gen_2508.png,gen_2508.png,98.6868,67.0,3.0,0.19216156005859375,0.9191249454083456,0.20726776123046875,147.23215666065448,47.86177613605944,5.949098859805703,1144.7747802734375,0.0,0.0,False,,-50.30422178066071,False,
positive,/mnt/MammoDiffusion/MammoDiffusion/experiments/diffusers/04_sd21_lora/generated_images/final/positive/gen_2509.png,gen_2509.png,55.8956,42.0,1.0,0.4621543884277344,0.994618286270852,0.4936866760253906,125.45344892865698,59.11373513696256,6.161227186786395,1097.737548828125,0.0,0.0,False,,-7.9652591685273855,True,114.0
positive,/mnt/MammoDiffusion/MammoDiffusion/experiments/diffusers/04_sd21_lora/generated_images/final/positive/gen_2510.png,gen_2510.png,78.6868,47.0,3.0,0.2572059631347656,0.8862143121987394,0.23998260498046875,151.37068828485138,55.00697453634967,6.416653695306888,1786.9493408203125,0.0,0.0,False,,-70.23939506662342,False,
positive,/mnt/MammoDiffusion/MammoDiffusion/experiments/diffusers/04_sd21_lora/generated_images/final/positive/gen_2511.png,gen_2511.png,60.8956,47.0,1.0,0.39861297607421875,0.9869083392347886,0.4196205139160156,124.20977991109172,56.92814787916676,5.837780053140418,1086.2965087890625,0.0,0.0,False,,-11.221556698704926,True,430.0
positive,/mnt/MammoDiffusion/MammoDiffusion/experiments/diffusers/04_sd21_lora/generated_images/final/positive/gen_2512.png,gen_2512.png,89.7912,67.0,2.0,0.22830581665039062,0.9492055005096158,0.24415206909179688,143.50657000453103,52.274295813840325,5.497799016733042,935.5745849609375,0.0,0.0,False,,-32.84911640496591,True,1160.0
positive,/mnt/MammoDiffusion/MammoDiffusion/experiments/diffusers/04_sd21_lora/generated_images/final/positive/gen_2513.png,gen_2513.png,98.8956,85.0,1.0,0.27130126953125,0.9092941507311586,0.2773475646972656,144.91014373151776,44.354353623501424,5.8239277668918925,648.2036743164062,0.0,0.0,False,,-54.75196917677134,False,
positive,/mnt/MammoDiffusion/MammoDiffusion/experiments/diffusers/04_sd21_lora/generated_images/final/positive/gen_2514.png,gen_2514.png,100.6868,69.0,3.0,0.22997665405273438,0.9084545590259924,0.24904251098632812,152.98293635597764,52.8267724437228,6.2545070240546305,1544.5869140625,0.0,0.0,False,,-57.26676206812737,False,
positive,/mnt/MammoDiffusion/MammoDiffusion/experiments/diffusers/04_sd21_lora/generated_images/final/positive/gen_2515.png,gen_2515.png,220.0,228.0,16.0,0.4712409973144531,0.9801753377639982,0.4544563293457031,243.22211310048434,16.07886320563155,6.3459056827627975,1676.265380859375,0.0,0.0,False,,-20.5991013315154,True,830.0
positive,/mnt/MammoDiffusion/MammoDiffusion/experiments/diffusers/04_sd21_lora/generated_images/final/positive/gen_2516.png,gen_2516.png,105.6868,74.0,3.0,0.2359619140625,0.9542809105018106,0.24776458740234375,161.61136258660508,51.330160467175695,6.191718013007871,1275.413818359375,0.0,0.0,False,,-31.595503376622837,True,1128.0
positive,/mnt/MammoDiffusion/MammoDiffusion/experiments/diffusers/04_sd21_lora/generated_images/final/positive/gen_2517.png,gen_2517.png,182.0,132.0,7.0,0.048793792724609375,0.3996560081307169,0.02295684814453125,195.4164174144234,12.862429141094621,6.7138788940538605,1290.244384765625,0.0,0.0,True,too_empty,,False,
positive,/mnt/MammoDiffusion/MammoDiffusion/experiments/diffusers/04_sd21_lora/generated_images/final/positive/gen_2518.png,gen_2518.png,70.5824,30.0,4.0,0.3997917175292969,0.9820043319370628,0.46915435791015625,124.11328118647651,55.33713660267577,6.984766968759017,1859.7498779296875,0.0,0.0,False,,-16.245940363240074,True,664.0
positive,/mnt/MammoDiffusion/MammoDiffusion/experiments/diffusers/04_sd21_lora/generated_images/final/positive/gen_2519.png,gen_2519.png,113.6868,82.0,3.0,0.2514686584472656,0.9167943447459839,0.25405120849609375,158.92857142857142,41.12474316089204,6.301022727125424,1168.452392578125,0.0,0.0,False,,-51.54036825952644,False,
positive,/mnt/MammoDiffusion/MammoDiffusion/experiments/diffusers/04_sd21_lora/generated_images/final/positive/gen_2520.png,gen_2520.png,117.7912,95.0,2.0,0.18915939331054688,0.9419807610865751,0.1999053955078125,164.94574841615145,40.51946178694957,5.533048583647035,680.7937622070312,0.0,0.0,False,,-37.14002126990749,True,1274.0
positive,/mnt/MammoDiffusion/MammoDiffusion/experiments/diffusers/04_sd21_lora/generated_images/final/positive/gen_2521.png,gen_2521.png,15.8956,2.0,1.0,0.790069580078125,0.9972044111398664,0.789276123046875,120.7541613501914,54.932580325044675,7.336370285092594,1713.9359130859375,0.0,0.0,False,,-10.000548009548906,True,335.0
positive,/mnt/MammoDiffusion/MammoDiffusion/experiments/diffusers/04_sd21_lora/generated_images/final/positive/gen_2522.png,gen_2522.png,104.6868,73.0,3.0,0.14144515991210938,0.8926076755036544,0.14515304565429688,162.96651861974718,54.59350220880517,5.507602655240757,942.157958984375,0.0,0.0,False,,-65.71789477654872,False,
positive,/mnt/MammoDiffusion/MammoDiffusion/experiments/diffusers/04_sd21_lora/generated_images/final/positive/gen_2523.png,gen_2523.png,194.0,189.0,2.0,0.046314239501953125,0.18202783955193147,0.006244659423828125,187.90409285277948,56.68224747960304,6.213657757197517,1088.9796142578125,0.0,0.0,True,too_empty,,False,
positive,/mnt/MammoDiffusion/MammoDiffusion/experiments/diffusers/04_sd21_lora/generated_images/final/positive/gen_2524.png,gen_2524.png,121.7912,99.0,2.0,0.260467529296875,0.68705330990041,0.19356155395507812,161.10868922567548,34.45538391305451,6.255911847835915,807.1528930664062,0.0,0.0,True,fragmented_mask,,False,
positive,/mnt/MammoDiffusion/MammoDiffusion/experiments/diffusers/04_sd21_lora/generated_images/final/positive/gen_2525.png,gen_2525.png,10.0,1.0,0.0,0.7763710021972656,0.9985161236432604,0.7688865661621094,114.78447501724061,49.36039781982736,6.89629165260101,971.5968017578125,0.0,0.0,False,,-7.210960229134344,True,49.0
positive,/mnt/MammoDiffusion/MammoDiffusion/experiments/diffusers/04_sd21_lora/generated_images/final/positive/gen_2526.png,gen_2526.png,220.0,225.0,29.0,0.16805648803710938,0.8558619906934514,0.13846206665039062,251.9318400969777,18.866916293156645,7.09915012579171,1490.292724609375,0.0,0.0,False,,-91.63568887994022,False,
positive,/mnt/MammoDiffusion/MammoDiffusion/experiments/diffusers/04_sd21_lora/generated_images/final/positive/gen_2527.png,gen_2527.png,120.8956,107.0,1.0,0.14883041381835938,0.6718697936691016,0.12263107299804688,163.91202911624723,39.790133346611036,5.135307725100775,615.179443359375,0.0,0.0,True,too_empty,,False,
positive,/mnt/MammoDiffusion/MammoDiffusion/experiments/diffusers/04_sd21_lora/generated_images/final/positive/gen_2528.png,gen_2528.png,122.47800000000001,73.0,5.0,0.21753311157226562,0.8167821131082859,0.19433212280273438,176.7921009756002,39.29933894314817,6.65203881346109,1524.3929443359375,0.0,0.0,False,,-108.82044269128963,False,
positive,/mnt/MammoDiffusion/MammoDiffusion/experiments/diffusers/04_sd21_lora/generated_images/final/positive/gen_2529.png,gen_2529.png,207.0,201.0,4.0,0.04648590087890625,0.2286230100114886,0.0074005126953125,212.62164948453608,5.073089032408869,6.97968239900279,1561.5380859375,0.0,0.0,True,too_empty,,False,
positive,/mnt/MammoDiffusion/MammoDiffusion/experiments/diffusers/04_sd21_lora/generated_images/final/positive/gen_2530.png,gen_2530.png,128.6868,97.0,3.0,0.18034744262695312,0.878312921716691,0.1749114990234375,172.626101369624,41.6813615930979,5.890901972526519,973.9017333984375,0.0,0.0,False,,-73.25435645102246,False,
positive,/mnt/MammoDiffusion/MammoDiffusion/experiments/diffusers/04_sd21_lora/generated_images/final/positive/gen_2531.png,gen_2531.png,78.5824,38.0,4.0,0.35890960693359375,0.9929532555321727,0.3981170654296875,138.04075160016865,55.596274039287174,6.743329830652909,1624.218505859375,0.0,0.0,False,,-9.663601627068942,True,302.0
positive,/mnt/MammoDiffusion/MammoDiffusion/experiments/diffusers/04_sd21_lora/generated_images/final/positive/gen_2532.png,gen_2532.png,53.6868,22.0,3.0,0.5909690856933594,0.9967983268675888,0.6023941040039062,132.52135339488584,50.16150761525206,7.150147798053734,1218.6309814453125,0.0,0.0,False,,-8.194960637016838,True,133.0
positive,/mnt/MammoDiffusion/MammoDiffusion/experiments/diffusers/04_sd21_lora/generated_images/final/positive/gen_2533.png,gen_2533.png,78.5824,38.0,4.0,0.31507110595703125,0.9892365062837494,0.3292808532714844,140.43956718683026,49.02819121817662,6.650666824679366,1792.608642578125,0.0,0.0,False,,-11.917059156588902,True,466.0
positive,/mnt/MammoDiffusion/MammoDiffusion/experiments/diffusers/04_sd21_lora/generated_images/final/positive/gen_2534.png,gen_2534.png,147.5824,107.0,4.0,0.1279449462890625,0.5310077519379846,0.06661224365234375,184.70495934028176,22.34764520144735,6.0596695538614505,1287.3624267578125,0.0,0.0,True,too_empty,,False,
positive,/mnt/MammoDiffusion/MammoDiffusion/experiments/diffusers/04_sd21_lora/generated_images/final/positive/gen_2535.png,gen_2535.png,77.7912,55.0,2.0,0.45374298095703125,0.9814958048189935,0.541046142578125,125.28205200518924,54.08388150707409,6.706182511988767,1260.813232421875,0.0,0.0,False,,-15.94808409862057,True,653.0
positive,/mnt/MammoDiffusion/MammoDiffusion/experiments/diffusers/04_sd21_lora/generated_images/final/positive/gen_2536.png,gen_2536.png,55.8956,42.0,1.0,0.5645256042480469,0.9974592362842682,0.5704269409179688,132.01657816951328,51.05191323207696,6.738667031798894,978.9754028320312,0.0,0.0,False,,-6.9592785777382264,True,37.0
positive,/mnt/MammoDiffusion/MammoDiffusion/experiments/diffusers/04_sd21_lora/generated_images/final/positive/gen_2537.png,gen_2537.png,133.6868,102.0,3.0,0.09242630004882812,0.8680506830657476,0.09656906127929688,159.2026466521825,35.33670464192431,5.130760573300385,712.8522338867188,0.0,0.0,True,too_empty,,False,
positive,/mnt/MammoDiffusion/MammoDiffusion/experiments/diffusers/04_sd21_lora/generated_images/final/positive/gen_2538.png,gen_2538.png,70.8956,57.0,1.0,0.49958038330078125,0.9844229623860357,0.49262237548828125,145.1245179575338,43.66627591344602,6.253953183711273,627.9595947265625,0.0,0.0,False,,-13.207218169213762,True,539.0
positive,/mnt/MammoDiffusion/MammoDiffusion/experiments/diffusers/04_sd21_lora/generated_images/final/positive/gen_2539.png,gen_2539.png,183.0,166.0,2.0,0.048564910888671875,0.5064802450710864,0.02260589599609375,200.40566992912588,10.963541962379098,6.02574224068465,1044.18505859375,0.0,0.0,True,too_empty,,False,
positive,/mnt/MammoDiffusion/MammoDiffusion/experiments/diffusers/04_sd21_lora/generated_images/final/positive/gen_2540.png,gen_2540.png,76.6868,45.0,3.0,0.27892303466796875,0.9324926830602588,0.30315399169921875,139.1411853529634,55.949830335203536,6.138599850620923,1529.37451171875,0.0,0.0,False,,-43.21973047998449,False,
positive,/mnt/MammoDiffusion/MammoDiffusion/experiments/diffusers/04_sd21_lora/generated_images/final/positive/gen_2541.png,gen_2541.png,130.478,81.0,5.0,0.22463226318359375,0.9461841524301192,0.21958160400390625,174.97227337479586,39.37626902489284,6.473465929545037,1289.310302734375,0.0,0.0,False,,-36.27503050251597,True,1259.0
positive,/mnt/MammoDiffusion/MammoDiffusion/experiments/diffusers/04_sd21_lora/generated_images/final/positive/gen_2542.png,gen_2542.png,141.5824,101.0,4.0,0.070831298828125,0.9678479103834554,0.06523895263671875,183.7738276225003,26.3099815792548,5.306313808534591,1021.1793823242188,0.0,0.0,True,too_empty,,False,
positive,/mnt/MammoDiffusion/MammoDiffusion/experiments/diffusers/04_sd21_lora/generated_images/final/positive/gen_2543.png,gen_2543.png,94.6868,63.0,3.0,0.3291130065917969,0.9916314111851637,0.3454017639160156,151.36569661494283,50.09288506978489,6.396291563894648,1324.6173095703125,0.0,0.0,False,,-10.06057001221835,True,342.0
positive,/mnt/MammoDiffusion/MammoDiffusion/experiments/diffusers/04_sd21_lora/generated_images/final/positive/gen_2544.png,gen_2544.png,54.7912,32.0,2.0,0.36742401123046875,0.9707531302560269,0.4095191955566406,117.12968431250175,61.2334512821464,6.401243591307436,1400.085693359375,0.0,0.0,False,,-21.152742616738486,True,853.0
positive,/mnt/MammoDiffusion/MammoDiffusion/experiments/diffusers/04_sd21_lora/generated_images/final/positive/gen_2545.png,gen_2545.png,59.5824,19.0,4.0,0.4168586730957031,0.9765824464434419,0.44844818115234375,130.73195358886676,60.88493032672316,7.086979152583144,2473.941650390625,0.0,0.0,False,,-20.567900204732283,True,829.0
positive,/mnt/MammoDiffusion/MammoDiffusion/experiments/diffusers/04_sd21_lora/generated_images/final/positive/gen_2546.png,gen_2546.png,118.47800000000001,69.0,5.0,0.2982978820800781,0.8998554931774876,0.2876853942871094,165.361466551747,40.41358097603119,6.981022917085249,1431.5103759765625,0.0,0.0,False,,-61.85896972578465,False,
positive,/mnt/MammoDiffusion/MammoDiffusion/experiments/diffusers/04_sd21_lora/generated_images/final/positive/gen_2547.png,gen_2547.png,65.8956,52.0,1.0,0.46942901611328125,0.9962456727721887,0.4846305847167969,129.60459844304685,48.45400236255866,6.187333005208654,785.4379272460938,0.0,0.0,False,,-6.193210390006556,True,14.0
positive,/mnt/MammoDiffusion/MammoDiffusion/experiments/diffusers/04_sd21_lora/generated_images/final/positive/gen_2548.png,gen_2548.png,99.7912,77.0,2.0,0.3391990661621094,0.9637310361115172,0.3461952209472656,144.32093704891298,42.003733462114454,6.086133974373096,594.555419921875,0.0,0.0,False,,-24.202879221430624,True,940.0
positive,/mnt/MammoDiffusion/MammoDiffusion/experiments/diffusers/04_sd21_lora/generated_images/final/positive/gen_2549.png,gen_2549.png,171.7912,149.0,2.0,0.09824752807617188,0.6890700834789362,0.07024765014648438,188.53011132229162,15.315260745087686,6.4650181425286855,713.0780029296875,0.0,0.0,True,too_empty,,False,
positive,/mnt/MammoDiffusion/MammoDiffusion/experiments/diffusers/04_sd21_lora/generated_images/final/positive/gen_2550.png,gen_2550.png,104.6868,73.0,3.0,0.22200393676757812,0.7749712184476863,0.177154541015625,164.06526701119725,46.24421773470834,6.228558580457725,1270.791748046875,0.0,0.0,False,,-131.37722017074685,False,
positive,/mnt/MammoDiffusion/MammoDiffusion/experiments/diffusers/04_sd21_lora/generated_images/final/positive/gen_2551.png,gen_2551.png,82.8956,69.0,1.0,0.346221923828125,0.910852798589687,0.3667869567871094,137.54441451466963,53.65581507372167,5.8534607254389055,768.3383178710938,0.0,0.0,False,,-53.59632066343001,False,
positive,/mnt/MammoDiffusion/MammoDiffusion/experiments/diffusers/04_sd21_lora/generated_images/final/positive/gen_2552.png,gen_2552.png,76.5824,36.0,4.0,0.42244720458984375,0.9924689819580647,0.4613914489746094,135.25217650122778,51.41209848562757,6.96784562918176,1599.465576171875,0.0,0.0,False,,-10.109168721550104,True,347.0
positive,/mnt/MammoDiffusion/MammoDiffusion/experiments/diffusers/04_sd21_lora/generated_images/final/positive/gen_2553.png,gen_2553.png,153.8956,140.0,1.0,0.077972412109375,0.438307240704501,0.03284454345703125,187.27305458768873,19.61154418576207,4.501758526699472,267.5416564941406,0.0,0.0,True,too_empty,,False,
positive,/mnt/MammoDiffusion/MammoDiffusion/experiments/diffusers/04_sd21_lora/generated_images/final/positive/gen_2554.png,gen_2554.png,87.7912,65.0,2.0,0.3949165344238281,0.9883602994445786,0.4507102966308594,140.18337551099864,53.86351631114996,6.572732497038117,1192.533447265625,0.0,0.0,False,,-11.75167156226423,True,459.0
positive,/mnt/MammoDiffusion/MammoDiffusion/experiments/diffusers/04_sd21_lora/generated_images/final/positive/gen_2555.png,gen_2555.png,122.6868,91.0,3.0,0.2234039306640625,0.9283860392049723,0.24208831787109375,159.48838675112665,38.88411573157262,5.960317385939188,860.6134033203125,0.0,0.0,False,,-44.533450362396046,False,
positive,/mnt/MammoDiffusion/MammoDiffusion/experiments/diffusers/04_sd21_lora/generated_images/final/positive/gen_2556.png,gen_2556.png,84.6868,53.0,3.0,0.28420257568359375,0.9491020375291939,0.3148994445800781,143.2009836581909,54.86576766922376,6.471476099318122,1614.1568603515625,0.0,0.0,False,,-34.39832954970691,True,1209.0
positive,/mnt/MammoDiffusion/MammoDiffusion/experiments/diffusers/04_sd21_lora/generated_images/final/positive/gen_2557.png,gen_2557.png,101.47800000000001,52.0,5.0,0.3352546691894531,0.9771178244296523,0.37822723388671875,148.15082198688856,48.25020294042622,6.888527965274782,1699.768310546875,0.0,0.0,False,,-18.616421733384684,True,751.0
positive,/mnt/MammoDiffusion/MammoDiffusion/experiments/diffusers/04_sd21_lora/generated_images/final/positive/gen_2558.png,gen_2558.png,142.5824,102.0,4.0,0.06700897216796875,0.8002960264146647,0.057468414306640625,176.3859940258878,24.96462341965516,5.375074761622514,1152.8734130859375,0.0,0.0,True,too_empty,,False,
positive,/mnt/MammoDiffusion/MammoDiffusion/experiments/diffusers/04_sd21_lora/generated_images/final/positive/gen_2559.png,gen_2559.png,105.5824,65.0,4.0,0.218048095703125,0.9571203638908328,0.22603988647460938,162.5876803645262,50.82611504179324,6.4347300608714075,1659.4918212890625,0.0,0.0,False,,-30.87217302012277,True,1104.0
positive,/mnt/MammoDiffusion/MammoDiffusion/experiments/diffusers/04_sd21_lora/generated_images/final/positive/gen_2560.png,gen_2560.png,216.0,206.0,7.0,0.026195526123046875,0.05358963157128295,0.0016021728515625,208.6642857142857,58.33568017630936,6.237939143660347,1018.6005249023438,0.0,0.0,True,too_empty,,False,
positive,/mnt/MammoDiffusion/MammoDiffusion/experiments/diffusers/04_sd21_lora/generated_images/final/positive/gen_2561.png,gen_2561.png,55.7912,33.0,2.0,0.4324913024902344,0.9741477398015436,0.4671134948730469,122.96647638647296,59.78687060909629,6.6443957937781395,1425.41455078125,0.0,0.0,False,,-20.003261320901316,True,812.0
positive,/mnt/MammoDiffusion/MammoDiffusion/experiments/diffusers/04_sd21_lora/generated_images/final/positive/gen_2562.png,gen_2562.png,25.0,20.0,0.0,0.65484619140625,0.9857395843042221,0.65130615234375,106.1829081154531,53.72856653042661,6.536893124131053,1193.3116455078125,0.0,0.0,False,,-13.47669897186367,True,547.0
positive,/mnt/MammoDiffusion/MammoDiffusion/experiments/diffusers/04_sd21_lora/generated_images/final/positive/gen_2563.png,gen_2563.png,115.6868,84.0,3.0,0.2746849060058594,0.86856833363423,0.26744842529296875,158.90253886749394,39.99282545985552,6.136394490942445,1076.2978515625,0.0,0.0,False,,-77.91832741453163,False,
positive,/mnt/MammoDiffusion/MammoDiffusion/experiments/diffusers/04_sd21_lora/generated_images/final/positive/gen_2564.png,gen_2564.png,163.5824,123.0,4.0,0.09561538696289062,0.8646319569120288,0.07737350463867188,195.08765961642754,20.812583730340062,5.56670496221564,1045.77880859375,0.0,0.0,True,too_empty,,False,
positive,/mnt/MammoDiffusion/MammoDiffusion/experiments/diffusers/04_sd21_lora/generated_images/final/positive/gen_2565.png,gen_2565.png,125.7912,103.0,2.0,0.2534675598144531,0.9565806305967341,0.30089569091796875,158.96957326504221,40.775533984316255,5.724672784053985,747.8901977539062,0.0,0.0,False,,-28.294327276301324,True,1046.0
positive,/mnt/MammoDiffusion/MammoDiffusion/experiments/diffusers/04_sd21_lora/generated_images/final/positive/gen_2566.png,gen_2566.png,83.7912,61.0,2.0,0.3335762023925781,0.9778489336154154,0.3515663146972656,143.27889237312962,51.29661680757499,6.116483321255128,993.9752197265625,0.0,0.0,False,,-16.82649664703335,True,687.0
positive,/mnt/MammoDiffusion/MammoDiffusion/experiments/diffusers/04_sd21_lora/generated_images/final/positive/gen_2567.png,gen_2567.png,135.0,131.0,1.0,0.03216552734375,0.523719165085389,0.01416015625,186.6953125,22.644676136736614,3.091058173586659,85.64453125,0.0,0.0,True,too_empty,,False,
positive,/mnt/MammoDiffusion/MammoDiffusion/experiments/diffusers/04_sd21_lora/generated_images/final/positive/gen_2568.png,gen_2568.png,126.7912,104.0,2.0,0.13943862915039062,0.3946050939731349,0.051513671875,189.42942831753555,27.365890065351678,5.393716432034329,573.166748046875,0.0,0.0,True,too_empty,,False,
positive,/mnt/MammoDiffusion/MammoDiffusion/experiments/diffusers/04_sd21_lora/generated_images/final/positive/gen_2569.png,gen_2569.png,120.7912,98.0,2.0,0.20704269409179688,0.9204237678489176,0.22182846069335938,156.8220494918402,38.26930458929678,5.540700213494545,684.5304565429688,0.0,0.0,False,,-48.84857923383739,False,
positive,/mnt/MammoDiffusion/MammoDiffusion/experiments/diffusers/04_sd21_lora/generated_images/final/positive/gen_2570.png,gen_2570.png,78.7912,56.0,2.0,0.3768310546875,0.951530612244898,0.3885765075683594,130.78090179947577,50.642490766220725,6.43061164635024,1203.7564697265625,0.0,0.0,False,,-31.32965868028153,True,1115.0
positive,/mnt/MammoDiffusion/MammoDiffusion/experiments/diffusers/04_sd21_lora/generated_images/final/positive/gen_2571.png,gen_2571.png,127.6868,96.0,3.0,0.2717247009277344,0.7896702278502338,0.23531341552734375,176.29562623609894,37.69888842872916,6.454553316811069,1153.257080078125,0.0,0.0,False,,-123.04372060445495,False,
positive,/mnt/MammoDiffusion/MammoDiffusion/experiments/diffusers/04_sd21_lora/generated_images/final/positive/gen_2572.png,gen_2572.png,58.6868,27.0,3.0,0.2797813415527344,0.9485567811515755,0.32421112060546875,120.0860101188375,64.56702712284125,6.357486832476398,2071.84521484375,0.0,0.0,False,,-35.06847088475868,True,1228.0
positive,/mnt/MammoDiffusion/MammoDiffusion/experiments/diffusers/04_sd21_lora/generated_images/final/positive/gen_2573.png,gen_2573.png,85.5824,45.0,4.0,0.24568557739257812,0.9732784721683099,0.2816352844238281,134.9536767394926,53.02226588011624,6.3790330366657475,1868.2073974609375,0.0,0.0,False,,-21.03868684138398,True,847.0
positive,/mnt/MammoDiffusion/MammoDiffusion/experiments/diffusers/04_sd21_lora/generated_images/final/positive/gen_2574.png,gen_2574.png,157.3736,99.0,6.0,0.09322738647460938,0.8456565325913499,0.0840301513671875,184.6769112039223,22.859114436318553,5.811856653219886,1716.680908203125,0.0,0.0,True,too_empty,,False,
positive,/mnt/MammoDiffusion/MammoDiffusion/experiments/diffusers/04_sd21_lora/generated_images/final/positive/gen_2575.png,gen_2575.png,70.8956,57.0,1.0,0.38256072998046875,0.9801368087270407,0.4015159606933594,128.18513134767946,47.95305949544535,5.76988756028365,586.3782958984375,0.0,0.0,False,,-14.34633313806923,True,580.0
positive,/mnt/MammoDiffusion/MammoDiffusion/experiments/diffusers/04_sd21_lora/generated_images/final/positive/gen_2576.png,gen_2576.png,128.7912,106.0,2.0,0.19848251342773438,0.9138206069458592,0.19643020629882812,166.900627269726,33.6425918438757,5.568871532295649,699.5210571289062,0.0,0.0,False,,-53.330072622823835,False,
positive,/mnt/MammoDiffusion/MammoDiffusion/experiments/diffusers/04_sd21_lora/generated_images/final/positive/gen_2577.png,gen_2577.png,114.7912,92.0,2.0,0.19928741455078125,0.7733241453236859,0.17756271362304688,164.2046318774572,45.73826435215116,5.8246952802378305,1056.14892578125,0.0,0.0,False,,-131.59521248882984,False,
positive,/mnt/MammoDiffusion/MammoDiffusion/experiments/diffusers/04_sd21_lora/generated_images/final/positive/gen_2578.png,gen_2578.png,129.5824,89.0,4.0,0.205322265625,0.8333642984542212,0.176239013671875,179.7148484848485,35.726388507650114,6.357588863343961,1160.478271484375,0.0,0.0,False,,-99.33865924679695,False,
positive,/mnt/MammoDiffusion/MammoDiffusion/experiments/diffusers/04_sd21_lora/generated_images/final/positive/gen_2579.png,gen_2579.png,52.6868,21.0,3.0,0.4388999938964844,0.988336013211073,0.4482688903808594,126.26901311366595,54.550438475819035,6.878581621671947,1779.6240234375,0.0,0.0,False,,-12.39653467875527,True,491.0
positive,/mnt/MammoDiffusion/MammoDiffusion/experiments/diffusers/04_sd21_lora/generated_images/final/positive/gen_2580.png,gen_2580.png,126.6868,95.0,3.0,0.13476181030273438,0.774167067681943,0.10529327392578125,176.28795014853995,34.29912139870727,5.477901900029422,640.9535522460938,0.0,0.0,True,too_empty,,False,
positive,/mnt/MammoDiffusion/MammoDiffusion/experiments/diffusers/04_sd21_lora/generated_images/final/positive/gen_2581.png,gen_2581.png,27.7912,5.0,2.0,0.6891746520996094,0.9901529366832168,0.6842460632324219,107.33469735910487,51.34036089261099,7.2859722969949425,1451.303955078125,0.0,0.0,False,,-12.170759931748103,True,478.0
positive,/mnt/MammoDiffusion/MammoDiffusion/experiments/diffusers/04_sd21_lora/generated_images/final/positive/gen_2582.png,gen_2582.png,134.8956,121.0,1.0,0.18877792358398438,0.8582860145088609,0.16920089721679688,160.85187690226581,23.72889985520522,4.816572512635419,168.05630493164062,0.0,0.0,False,,-84.77702100051748,False,
positive,/mnt/MammoDiffusion/MammoDiffusion/experiments/diffusers/04_sd21_lora/generated_images/final/positive/gen_2583.png,gen_2583.png,108.7912,86.0,2.0,0.3198356628417969,0.7982061710578104,0.2622222900390625,161.80308408495782,40.495876100881866,6.405795329206629,817.547119140625,0.0,0.0,False,,-117.14238946987493,False,
positive,/mnt/MammoDiffusion/MammoDiffusion/experiments/diffusers/04_sd21_lora/generated_images/final/positive/gen_2584.png,gen_2584.png,96.8956,83.0,1.0,0.22854232788085938,0.969304468294637,0.2521553039550781,142.10216184323988,44.71950795040677,5.22099493966042,681.2902221679688,0.0,0.0,False,,-20.9071410367439,True,841.0
positive,/mnt/MammoDiffusion/MammoDiffusion/experiments/diffusers/04_sd21_lora/generated_images/final/positive/gen_2585.png,gen_2585.png,68.5824,28.0,4.0,0.3649482727050781,0.9847599535899821,0.3986930847167969,134.3971391666268,56.25445628169101,6.729581240656256,1709.582763671875,0.0,0.0,False,,-14.235676203112277,True,572.0
positive,/mnt/MammoDiffusion/MammoDiffusion/experiments/diffusers/04_sd21_lora/generated_images/final/positive/gen_2586.png,gen_2586.png,25.7912,3.0,2.0,0.6459732055664062,0.9959075930978281,0.6644973754882812,104.86891626577264,57.97911092506945,7.180792653381905,1874.2578125,0.0,0.0,False,,-9.653144020645687,True,301.0
positive,/mnt/MammoDiffusion/MammoDiffusion/experiments/diffusers/04_sd21_lora/generated_images/final/positive/gen_2587.png,gen_2587.png,58.6868,27.0,3.0,0.3484916687011719,0.9776038531005419,0.4050102233886719,115.01078448917313,61.403671483302624,6.449644778035209,1467.060302734375,0.0,0.0,False,,-17.39603465041869,True,701.0
positive,/mnt/MammoDiffusion/MammoDiffusion/experiments/diffusers/04_sd21_lora/generated_images/final/positive/gen_2588.png,gen_2588.png,93.8956,80.0,1.0,0.3923797607421875,0.979126968695314,0.4394378662109375,139.3346557172124,48.503592013425646,6.01898149889394,1025.7667236328125,0.0,0.0,False,,-15.646920130752914,True,640.0
positive,/mnt/MammoDiffusion/MammoDiffusion/experiments/diffusers/04_sd21_lora/generated_images/final/positive/gen_2589.png,gen_2589.png,82.8956,69.0,1.0,0.5096244812011719,0.9995808226355777,0.5119972229003906,141.27163474075564,34.48662932026333,6.211270284752411,557.6460571289062,0.0,0.0,False,,-6.198213476465518,True,16.0
positive,/mnt/MammoDiffusion/MammoDiffusion/experiments/diffusers/04_sd21_lora/generated_images/final/positive/gen_2590.png,gen_2590.png,134.6868,103.0,3.0,0.20922088623046875,0.8968566531743427,0.18866348266601562,180.427239824494,35.1883043423638,5.950278856154847,886.9111328125,0.0,0.0,False,,-63.32314930379179,False,
positive,/mnt/MammoDiffusion/MammoDiffusion/experiments/diffusers/04_sd21_lora/generated_images/final/positive/gen_2591.png,gen_2591.png,121.5824,81.0,4.0,0.2585029602050781,0.9370176344720726,0.3353080749511719,152.7427160718552,48.920822679009476,6.589744208159868,1439.310302734375,0.0,0.0,False,,-40.74333551413678,True,1346.0
positive,/mnt/MammoDiffusion/MammoDiffusion/experiments/diffusers/04_sd21_lora/generated_images/final/positive/gen_2592.png,gen_2592.png,84.7912,62.0,2.0,0.24188613891601562,0.9869576873945339,0.2772979736328125,139.85272106971883,55.43487392139997,5.885256896613372,1194.6412353515625,0.0,0.0,False,,-12.476638785861947,True,499.0
positive,/mnt/MammoDiffusion/MammoDiffusion/experiments/diffusers/04_sd21_lora/generated_images/final/positive/gen_2593.png,gen_2593.png,80.8956,67.0,1.0,0.4206352233886719,0.9545557601095522,0.46529388427734375,121.88990276616327,48.22204192992634,6.072503148857431,817.636962890625,0.0,0.0,False,,-28.805656711656233,True,1059.0
positive,/mnt/MammoDiffusion/MammoDiffusion/experiments/diffusers/04_sd21_lora/generated_images/final/positive/gen_2594.png,gen_2594.png,220.0,215.0,20.0,0.449554443359375,0.9751798927431946,0.4361305236816406,234.55116374673094,16.15341202963882,6.988079135232615,2001.8648681640625,0.0,0.0,False,,-24.01276179757737,True,931.0
positive,/mnt/MammoDiffusion/MammoDiffusion/experiments/diffusers/04_sd21_lora/generated_images/final/positive/gen_2595.png,gen_2595.png,56.7912,34.0,2.0,0.558929443359375,0.9941168441168441,0.5679893493652344,131.06084153262367,50.72971249395471,7.0082776540961405,1303.8319091796875,0.0,0.0,False,,-9.412476335172105,True,283.0
positive,/mnt/MammoDiffusion/MammoDiffusion/experiments/diffusers/04_sd21_lora/generated_images/final/positive/gen_2596.png,gen_2596.png,97.8956,84.0,1.0,0.2966651916503906,0.9718268204554514,0.3425407409667969,138.4881674926221,46.54016371549862,5.764404520818426,742.7325439453125,0.0,0.0,False,,-19.375051922927383,True,787.0
positive,/mnt/MammoDiffusion/MammoDiffusion/experiments/diffusers/04_sd21_lora/generated_images/final/positive/gen_2597.png,gen_2597.png,123.47800000000001,74.0,5.0,0.36397552490234375,0.8988932441780032,0.4227027893066406,158.3585178099252,40.346587759695566,7.112024411347562,1670.6822509765625,0.0,0.0,False,,-61.959287625099336,False,
positive,/mnt/MammoDiffusion/MammoDiffusion/experiments/diffusers/04_sd21_lora/generated_images/final/positive/gen_2598.png,gen_2598.png,146.0,141.0,1.0,0.036754608154296875,0.40705760249091855,0.012516021728515625,191.34135934166412,22.731860498522156,3.283277204020724,113.63848876953125,0.0,0.0,True,too_empty,,False,
positive,/mnt/MammoDiffusion/MammoDiffusion/experiments/diffusers/04_sd21_lora/generated_images/final/positive/gen_2599.png,gen_2599.png,127.7912,105.0,2.0,0.08420181274414062,0.9828750056630272,0.07855224609375,186.07580613830615,23.31252054897231,4.719276456985362,548.0026245117188,0.0,0.0,True,too_empty,,False,
positive,/mnt/MammoDiffusion/MammoDiffusion/experiments/diffusers/04_sd21_lora/generated_images/final/positive/gen_2600.png,gen_2600.png,102.3736,44.0,6.0,0.3252677917480469,0.9787725614833406,0.3605690002441406,150.16558225156314,45.472369307737544,7.0423453238375116,2345.4306640625,0.0,0.0,False,,-18.62894978861132,True,754.0
positive,/mnt/MammoDiffusion/MammoDiffusion/experiments/diffusers/04_sd21_lora/generated_images/final/positive/gen_2601.png,gen_2601.png,91.5824,51.0,4.0,0.2847328186035156,0.962219155691912,0.3251457214355469,144.9183082067226,54.59290404918512,6.6797992867634,1794.98681640625,0.0,0.0,False,,-27.50733843171628,True,1028.0
positive,/mnt/MammoDiffusion/MammoDiffusion/experiments/diffusers/04_sd21_lora/generated_images/final/positive/gen_2602.png,gen_2602.png,10.0,0.0,0.0,0.774200439453125,0.9961961449012574,0.7793045043945312,97.82568897156004,64.97284449091615,6.908557100367043,1857.9376220703125,0.0,0.0,False,,-10.257377642276133,True,359.0
positive,/mnt/MammoDiffusion/MammoDiffusion/experiments/diffusers/04_sd21_lora/generated_images/final/positive/gen_2603.png,gen_2603.png,107.5824,67.0,4.0,0.15803909301757812,0.8326051799464144,0.13916397094726562,157.90836325758613,46.568349022494935,6.23520787356227,1379.7197265625,0.0,0.0,False,,-99.60845310189907,False,
positive,/mnt/MammoDiffusion/MammoDiffusion/experiments/diffusers/04_sd21_lora/generated_images/final/positive/gen_2604.png,gen_2604.png,102.6868,71.0,3.0,0.3818359375,0.9266604060102301,0.32186126708984375,150.57350605636807,38.48008444317171,6.725858078224345,685.1858520507812,0.0,0.0,False,,-45.67238672899073,False,
positive,/mnt/MammoDiffusion/MammoDiffusion/experiments/diffusers/04_sd21_lora/generated_images/final/positive/gen_2605.png,gen_2605.png,77.8956,64.0,1.0,0.362762451171875,0.9625746613948011,0.4150238037109375,130.4834001250046,54.90959341693802,6.1244096316001695,965.7753295898438,0.0,0.0,False,,-24.88460784986134,True,959.0
positive,/mnt/MammoDiffusion/MammoDiffusion/experiments/diffusers/04_sd21_lora/generated_images/final/positive/gen_2606.png,gen_2606.png,67.5824,27.0,4.0,0.51495361328125,0.9963701552684604,0.5147895812988281,146.46459773692283,45.839649266754826,7.081510486472151,1217.965576171875,0.0,0.0,False,,-7.894373521626299,True,107.0
positive,/mnt/MammoDiffusion/MammoDiffusion/experiments/diffusers/04_sd21_lora/generated_images/final/positive/gen_2607.png,gen_2607.png,25.7912,3.0,2.0,0.7043800354003906,0.9981640842896523,0.7080154418945312,113.00516697018351,53.38053820704204,7.136198890870457,1683.4998779296875,0.0,0.0,False,,-8.338693878082468,True,161.0
positive,/mnt/MammoDiffusion/MammoDiffusion/experiments/diffusers/04_sd21_lora/generated_images/final/positive/gen_2608.png,gen_2608.png,220.0,235.0,6.0,0.4690437316894531,0.9651829501370398,0.4520606994628906,239.07057086198895,20.65998081083772,6.08373433165289,1886.8201904296875,0.0,0.0,False,,-28.45795726917102,True,1052.0
positive,/mnt/MammoDiffusion/MammoDiffusion/experiments/diffusers/04_sd21_lora/generated_images/final/positive/gen_2609.png,gen_2609.png,45.6868,14.0,3.0,0.6143035888671875,0.996075411709183,0.6268196105957031,125.69979369146223,53.33975876944913,7.278064491349525,1409.9349365234375,0.0,0.0,False,,-9.138710615466051,True,257.0
positive,/mnt/MammoDiffusion/MammoDiffusion/experiments/diffusers/04_sd21_lora/generated_images/final/positive/gen_2610.png,gen_2610.png,91.7912,69.0,2.0,0.32178497314453125,0.9975223463024872,0.3309593200683594,141.66690487442224,37.11256105344289,6.019451746292697,849.5357666015625,0.0,0.0,False,,-5.1919456587449675,True,4.0
positive,/mnt/MammoDiffusion/MammoDiffusion/experiments/diffusers/04_sd21_lora/generated_images/final/positive/gen_2611.png,gen_2611.png,220.0,252.0,2.0,0.27332305908203125,0.8962875087229588,0.23946762084960938,250.72283552369575,26.537369521628694,6.647784785186537,1553.3648681640625,0.0,0.0,False,,-67.56331778456676,False,
positive,/mnt/MammoDiffusion/MammoDiffusion/experiments/diffusers/04_sd21_lora/generated_images/final/positive/gen_2612.png,gen_2612.png,78.7912,56.0,2.0,0.34531402587890625,0.9329555246238483,0.365509033203125,125.41564039408867,50.689357419434266,6.260791423260449,975.5255737304688,0.0,0.0,False,,-41.18970202716964,True,1353.0
positive,/mnt/MammoDiffusion/MammoDiffusion/experiments/diffusers/04_sd21_lora/generated_images/final/positive/gen_2613.png,gen_2613.png,88.6868,57.0,3.0,0.28437042236328125,0.9416870120462533,0.33997344970703125,133.9440317766657,54.72891926709114,6.455398711928846,1479.15185546875,0.0,0.0,False,,-37.87172136413608,True,1290.0
positive,/mnt/MammoDiffusion/MammoDiffusion/experiments/diffusers/04_sd21_lora/generated_images/final/positive/gen_2614.png,gen_2614.png,180.0,165.0,10.0,0.0452728271484375,0.6241152679474217,0.02851104736328125,193.54428686111854,12.303852216888393,6.878527244294114,547.4229736328125,0.0,0.0,True,too_empty,,False,
positive,/mnt/MammoDiffusion/MammoDiffusion/experiments/diffusers/04_sd21_lora/generated_images/final/positive/gen_2615.png,gen_2615.png,84.7912,62.0,2.0,0.17633438110351562,0.8858626284478096,0.18014144897460938,134.6202697837918,50.29107842180325,5.509232124473488,939.976318359375,0.0,0.0,False,,-68.0561062273164,False,
positive,/mnt/MammoDiffusion/MammoDiffusion/experiments/diffusers/04_sd21_lora/generated_images/final/positive/gen_2616.png,gen_2616.png,74.5824,34.0,4.0,0.2634773254394531,0.9766175853132375,0.32073211669921875,129.6559980018554,60.62722140771708,6.465164626325526,1750.4901123046875,0.0,0.0,False,,-19.236061733944908,True,782.0
positive,/mnt/MammoDiffusion/MammoDiffusion/experiments/diffusers/04_sd21_lora/generated_images/final/positive/gen_2617.png,gen_2617.png,100.6868,69.0,3.0,0.21939468383789062,0.8917809886460453,0.23734664916992188,150.4291936546714,57.483913198790944,6.066605885692094,1276.037841796875,0.0,0.0,False,,-66.3382957047466,False,
positive,/mnt/MammoDiffusion/MammoDiffusion/experiments/diffusers/04_sd21_lora/generated_images/final/positive/gen_2618.png,gen_2618.png,80.7912,58.0,2.0,0.2863044738769531,0.9799208559284772,0.3155364990234375,144.6810411528604,60.98076365790899,6.150101285683849,1306.3524169921875,0.0,0.0,False,,-17.063558854002213,True,692.0
positive,/mnt/MammoDiffusion/MammoDiffusion/experiments/diffusers/04_sd21_lora/generated_images/final/positive/gen_2619.png,gen_2619.png,101.6868,70.0,3.0,0.18769454956054688,0.8778936243724976,0.15966796875,162.33137423547402,48.67899828301499,5.927451148914658,1205.87451171875,0.0,0.0,False,,-74.09125021154505,False,
positive,/mnt/MammoDiffusion/MammoDiffusion/experiments/diffusers/04_sd21_lora/generated_images/final/positive/gen_2620.png,gen_2620.png,14.8956,1.0,1.0,0.8225059509277344,0.9967210073510655,0.8160324096679688,122.0970371824718,41.90229698980078,6.924874543913138,476.0292053222656,0.0,0.0,False,,-8.579741458309233,True,186.0
positive,/mnt/MammoDiffusion/MammoDiffusion/experiments/diffusers/04_sd21_lora/generated_images/final/positive/gen_2621.png,gen_2621.png,92.5824,52.0,4.0,0.23054122924804688,0.9280383883511211,0.2588081359863281,150.14340039796596,55.73405443358389,6.305886161975705,1359.6641845703125,0.0,0.0,False,,-46.26865555280112,False,
